License Number,Name,Pilgrims_count,Service_company,Service_center_name,Service_center_number,Tarwiyah_count,Taseed_count,,,
10007996,شركة ابراج دانيه الفندقية,2461,عبداللطيف جميل,عبداللطيف جميل - 1,1,2461,0,,,
10012445,مؤسسة الفنون ابعاد للتجارة,56,إثراء الجود,مركز - 10,10,,,,,
10011989,وقف اللبان,200,ضيوف البيت,مركز - 24,24,,,,,
10007071,فندق مسارات رويال الفندقية,337,إثراء الجود,مركز - 7,7,,,,,
10011379,نزل خالد بن محمد بن حمدان اللهيبي للنزل السياحيه,66,ضيوف البيت,مركز - 4,4,,,,,
10007959,مؤسسة ولاء السد الفندقية,210,إثراء الجود,مركز - 12,12,,,,,
10011379,نزل خالد بن محمد بن حمدان اللهيبي للنزل السياحيه,200,يسر المشاعر B2C,مركز - 1,1,,,,,
10011447,مؤسسة محمد احمد العمودي التجارية,200,ضيوف البيت,مركز - 48,48,,,,,
10011331,فندق كرة المشاعر الفندقية,200,ضيوف البيت,مركز - 5,5,,,,,
10009283,مؤسسة نوم و سكون الفندقية,699,إثراء الجود,مركز - 9,9,,,,,
10000983,شركة فندق ابراج شركة مكه الفندقية شركة شخص واحد,200,ضيوف البيت,مركز - 71,71,,,,,
10007435,شركة الصفوة اوركيد الذهبية الفندقية شركة شخص واحد,238,ابراج شركة مكه,مركز - 6,6,,,,,
10011972,مؤسسة نهى محمدفوزى يمانى,200,ضيوف البيت,مركز - 84,84,,,,,
10012248,شركة الخيمة لتشغيل الفنادق,1010,ابراج شركة مكه,مركز - 16,16,,,,,
10007336,شركة البرج العالمية لادارة الفنادق فندق ساعة مكة فيرمونت,707,ابراج شركة مكه,مركز - 7,7,,,,,
10007089,شركة واحد عشرون الفندقية,200,ضيوف البيت,مركز - 75,75,,,,,
10011618,مؤسسة دال للتجارة,200,ضيوف البيت,مركز - 68,68,,,,,
10007089,شركة واحد عشرون الفندقية,200,ضيوف البيت,مركز - 1,1,,,,,
10011096,مؤسسة ولاء جميل المطرفي,200,مجموعة سيرا,مركز - 3,3,,,,,
10011447,مؤسسة محمد احمد العمودي التجارية,200,ضيوف البيت,مركز - 47,47,,,,,
10002441,فندق مسارات الفضي الفندقية,109,إثراء الجود,مركز - 2,2,,,,,
10007336,شركة البرج العالمية لادارة الفنادق فندق ساعة مكة فيرمونت,200,ضيوف البيت,مركز - 222,222,,,,,
10011516,وقف إبراهيم حلواني بن منشي امير علي حلواني الهندي,200,ضيوف البيت,مركز - 46,46,,,,,
10011516,وقف إبراهيم حلواني بن منشي امير علي حلواني الهندي,200,مشارق المتميزة,مركز - 52,52,,,,,
10007337,شركة نيو ليفيل المحدودة,200,ضيوف البيت,مركز - 64,64,,,,,
10009260,شركة انوار الصلاح المحدودة شخص واحد,40,ابراج شركة مكه,مركز - 8,8,,,,,
10008879,شقق ديوان النزهة للشقق المخدومة,200,هوليدي ان بكة,مركز - 114,114,,,,,
10006834,فندق سنت العزيزية الفندقية,200,مكارم اجياد مكة,مركز - 3,3,,,,,
10011096,مؤسسة ولاء جميل المطرفي,200,ضيوف البيت,مركز - 63,63,,,,,
10007391,شركة ابراج ساره للاستثمار العقاري فندق سويس أوتيل المقام مكة,74,ابراج شركة مكه,مركز - 4,4,,,,,
10006224,فندق قصر السحاب الفندقية,200,ضيوف البيت,مركز - 22,22,,,,,
10007336,شركة البرج العالمية لادارة الفنادق فندق ساعة مكة فيرمونت,2,ابراج شركة مكه,مركز - 4,4,,,,,
10012466,مؤسسة ياسر مطير الفهمي للمقاولات عامة,516,إثراء الجود,مركز - 4,4,,,,,
10001330,شركة برج هاجر العقارية المحدودة,200,ضيوف البيت,مركز - 90,90,,,,,
10006224,فندق قصر السحاب الفندقية,200,ضيوف البيت,مركز - 62,62,,,,,
10007391,شركة ابراج ساره للاستثمار العقاري فندق سويس أوتيل المقام مكة,200,ضيوف البيت,مركز - 3,3,,,,,
10007774,شركة أبراج ساره للاستثمار العقاري فندق مكةسويس اوتيل,200,ضيوف البيت,مركز - 88,88,,,,,
10007337,شركة نيو ليفيل المحدودة,200,ضيوف البيت,مركز - 8,8,,,,,
10007961,شركة التطوير الحضري للاعمال شركة شخص واحد,200,دور الضيافة,مركز - 3,3,,,,,
10007435,شركة الصفوة اوركيد الذهبية الفندقية شركة شخص واحد,200,ابراج شركة مكه,مركز - 203,203,,,,,
10011989,وقف اللبان,200,ضيوف البيت,مركز - 69,69,,,,,
10011809,نزل أنوار الحميدية المؤقت,200,ضيوف البيت,مركز - 6,6,,,,,
10011764,شركة اكنان الصفا الفندقية,10,ابراج شركة مكه,مركز - 9,9,,,,,
10010805,فندق ملتقى الأخيار الفندقية,42,إثراء الجود,مركز - 2,2,,,,,
10007089,شركة واحد عشرون الفندقية,200,ضيوف البيت,مركز - 91,91,,,,,
10011380,مؤسسة بلال عبدالله عبدالعزيز التويجري للتجارة,4,إثراء الجود,مركز - 10,10,,,,,
10011096,مؤسسة ولاء جميل المطرفي,200,ضيوف البيت,مركز - 25,25,,,,,
10012377,مؤسسة رشاد محمد عبدالرحمن نقيب التجارية,200,ضيوف البيت,مركز - 82,82,,,,,
10011692,شركة دار رمزي للنزل السياحية المؤقتة,327,اثراء الخير,مركز ضيافة - 1,1,,,,,
10009885,شركة نجمة اسراء الذهبي للخدمات الفندقيه,200,ضيوف البيت,مركز - 60,60,,,,,
10012100,نزل بركات تبارك للنزل السياحيه,135,إثراء الجود,مركز - 12,12,,,,,
10012005,وقف الأميرة سلطانة بنت عبدالعزيز ال سعود الخيري,200,ضيوف البيت,مركز - 74,74,,,,,
10007336,شركة البرج العالمية لادارة الفنادق فندق ساعة مكة فيرمونت,200,رواف منى,مركز - 67,67,,,,,
10009283,مؤسسة نوم و سكون الفندقية,169,إثراء الجود,مركز - 7,7,,,,,
10011472,وقف امينة بيبي محمد حسين خان,200,ضيوف البيت,مركز - 66,66,,,,,
10012377,مؤسسة رشاد محمد عبدالرحمن نقيب التجارية,200,ضيوف البيت,مركز - 23,23,,,,,
10011498,وقف حسن بن محمد شيخ جمل الليل,200,ضيوف البيت,مركز - 77,77,,,,,
10010962,شركة الريان الضيافة لأدارة وتشغيل الفنادق,200,الراجحي B2C,مركز - 4,4,,,,,
10011809,نزل أنوار الحميدية المؤقت,200,ضيوف البيت,مركز - 67,67,,,,,
10007391,شركة ابراج ساره للاستثمار العقاري فندق سويس أوتيل المقام مكة,200,ضيوف البيت,مركز - 93,93,,,,,
10011379,نزل خالد بن محمد بن حمدان اللهيبي للنزل السياحيه,200,ضيوف البيت,مركز - 33,33,,,,,
10011516,وقف إبراهيم حلواني بن منشي امير علي حلواني الهندي,200,ضيوف البيت,مركز - 20,20,,,,,
10011972,مؤسسة نهى محمدفوزى يمانى,200,رواف منى,مركز - 66,66,,,,,
10012005,وقف الأميرة سلطانة بنت عبدالعزيز ال سعود الخيري,200,ضيوف البيت,مركز - 30,30,,,,,
10011500,مؤسسة ساحة الحجارة الفندقية,200,ضيوف البيت,مركز - 51,51,,,,,
10011764,شركة اكنان الصفا الفندقية,82,ابراج شركة مكه,مركز - 6,6,,,,,
10002441,فندق مسارات الفضي الفندقية,112,إثراء الجود,مركز - 1,1,,,,,
10011464,مؤسسة متروك مسفر العتيبي التجاريه,30,إثراء الجود,مركز - 12,12,,,,,
10007774,شركة أبراج ساره للاستثمار العقاري فندق مكةسويس اوتيل,200,ضيوف البيت,مركز - 2,2,,,,,
10011498,وقف حسن بن محمد شيخ جمل الليل,200,ضيوف البيت,مركز - 65,65,,,,,
10011356,مكتب قوافل النسيم للخدمات العامة,200,ضيوف البيت,مركز - 42,42,,,,,
10012454,مؤسسة إم إيه بي إتش,50,إثراء الجود,مركز - 12,12,,,,,
10007809,شركة التامور للخدمات الفندقيه شخص واحد,308,ابراج شركة مكه,مركز - 12,12,,,,,
10011498,وقف حسن بن محمد شيخ جمل الليل,82,ضيوف البيت,مركز - 4,4,,,,,
10011618,مؤسسة دال للتجارة,200,ضيوف البيت,مركز - 72,72,,,,,
10006701,شركة الدانه الماسية الفندقية شركة شخص واحد,200,ضيوف البيت,مركز - 44,44,,,,,
10011809,نزل أنوار الحميدية المؤقت,200,ضيوف البيت,مركز - 35,35,,,,,
10009885,شركة نجمة اسراء الذهبي للخدمات الفندقيه,200,مكارم اجياد مكة,مركز - 5,5,,,,,
10011293,مؤسسة ضيافة التميز للوحدات السكنية المفروشة,267,اثراء الخير,مركز ضيافة - 1,1,,,,,
10012521,وقف يعقوب عبدالله قاضي,200,الراجحي,مركز - 152,152,,,,,
10011498,وقف حسن بن محمد شيخ جمل الليل,200,ضيوف البيت,مركز - 99,99,,,,,
10007435,شركة الصفوة اوركيد الذهبية الفندقية شركة شخص واحد,200,ابراج شركة مكه,مركز - 202,202,,,,,
10009609,شركة الضيافة العصرية الفندقية,200,بشرى الضيافة,مركز - 5,5,,,,,
10011526,مؤسسة ضيافة النسيم المميز للوحدات السكنية,200,رواف منى,مركز - 65,65,,,,,
10008879,شقق ديوان النزهة للشقق المخدومة,200,ضيوف البيت,مركز - 87,87,,,,,
10011472,وقف امينة بيبي محمد حسين خان,200,ضيوف البيت,مركز - 41,41,,,,,
10001330,شركة برج هاجر العقارية المحدودة,200,ضيوف البيت,مركز - 81,81,,,,,
10011798,شركة ابراهيم بن علي العقل التجارية,729,ابراج شركة مكه,مركز - 14,14,,,,,
10011926,وكالة المنار لتنظيم الرحلات,233,إثراء الجود,مركز - 12,12,,,,,
10007157,فندق هبة الهجرة خمسة الفندقية,101,إثراء الجود,مركز - 3,3,,,,,
10011500,مؤسسة ساحة الحجارة الفندقية,200,ضيوف البيت,مركز - 89,89,,,,,
10012377,مؤسسة رشاد محمد عبدالرحمن نقيب التجارية,200,ضيوف البيت,مركز - 50,50,,,,,
10007774,شركة أبراج ساره للاستثمار العقاري فندق مكةسويس اوتيل,97,ابراج شركة مكه,مركز - 4,4,,,,,
10012445,مؤسسة الفنون ابعاد للتجارة,256,إثراء الجود,مركز - 11,11,,,,,
10011166,شركة أبراج الطلائع الفندقية,244,ابراج شركة مكه,مركز - 9,9,,,,,
10006834,فندق سنت العزيزية الفندقية,200,ضيوف البيت,مركز - 73,73,,,,,
10011356,مكتب قوافل النسيم للخدمات العامة,200,يسر المشاعر B2C,مركز - 2,2,,,,,
10011331,فندق كرة المشاعر الفندقية,200,ضيوف البيت,مركز - 31,31,,,,,
10007961,شركة التطوير الحضري للاعمال شركة شخص واحد,200,دور الضيافة,مركز - 2,2,,,,,
10009609,شركة الضيافة العصرية الفندقية,200,إكرام الضيف,مركز - 166,166,,,,,
10001330,شركة برج هاجر العقارية المحدودة,200,مجموعة سيرا,مركز - 4,4,,,,,
10011516,وقف إبراهيم حلواني بن منشي امير علي حلواني الهندي,200,ضيوف البيت,مركز - 85,85,,,,,
10011989,وقف اللبان,200,ضيوف البيت,مركز - 7,7,,,,,
10007336,شركة البرج العالمية لادارة الفنادق فندق ساعة مكة فيرمونت,3300,ابراج شركة مكه,مركز - 6,6,,,,,
10012699,نزل منازل الستين,1,إثراء الجود,مركز - 13,13,,,,,
10007435,شركة الصفوة اوركيد الذهبية الفندقية شركة شخص واحد,88,ابراج شركة مكه,مركز - 4,4,,,,,
10012005,وقف الأميرة سلطانة بنت عبدالعزيز ال سعود الخيري,200,ضيوف البيت,مركز - 45,45,,,,,
10008879,شقق ديوان النزهة للشقق المخدومة,200,ضيوف البيت,مركز - 80,80,,,,,
10006701,شركة الدانه الماسية الفندقية شركة شخص واحد,200,ضيوف البيت,مركز - 9992,9992,,,,,
10012445,مؤسسة الفنون ابعاد للتجارة,52,إثراء الجود,مركز - 4,4,,,,,
10007245,فندق هبة الهجرة الفندقية,211,إثراء الجود,مركز - 1,1,,,,,
10012026,شركة مسارات المملكة الدولية المحدودة,200,مجموعة سيرا,مركز - 1,1,,,,,
10009885,شركة نجمة اسراء الذهبي للخدمات الفندقيه,200,مكارم اجياد مكة,مركز - 2,2,,,,,
10000983,شركة فندق ابراج شركة مكه الفندقية شركة شخص واحد,200,ضيوف البيت,مركز - 70,70,,,,,
10007774,شركة أبراج ساره للاستثمار العقاري فندق مكةسويس اوتيل,200,عبداللطيف جميل,مركز - 2,2,,,,,
10000983,شركة فندق ابراج شركة مكه الفندقية شركة شخص واحد,200,يسر المشاعر B2C,مركز - 3,3,,,,,
10011500,مؤسسة ساحة الحجارة الفندقية,200,ضيوف البيت,مركز - 61,61,,,,,
10012102,مؤسسة الفضيلة لتشغيل الفنادق,494,اثراء الخير,مركز ضيافة - 1,1,,,,,
10012544,شركة القمة الفندقية المحدودة,200,إكرام الضيف,مركز - 165,165,,,,,
10008145,شركة العطلات الاقتصاديه لتنظيم الرحلات,200,إكرام الضيف,مركز - 167,167,,,,,
10012248,شركة الخيمة لتشغيل الفنادق,200,ابراج شركة مكه,مركز - 204,204,,,,,
10012026,شركة مسارات المملكة الدولية المحدودة,200,ضيوف البيت,مركز - 26,26,,,,,
10006834,فندق سنت العزيزية الفندقية,200,ضيوف البيت,مركز - 32,32,,,,,
10007391,شركة ابراج ساره للاستثمار العقاري فندق سويس أوتيل المقام مكة,200,ضيوف البيت,مركز - 43,43,,,,,
10011356,مكتب قوافل النسيم للخدمات العامة,200,ضيوف البيت,مركز - 49,49,,,,,
10009885,شركة نجمة اسراء الذهبي للخدمات الفندقيه,200,ضيوف البيت,مركز - 83,83,,,,,
10007336,شركة البرج العالمية لادارة الفنادق فندق ساعة مكة فيرمونت,200,دور الضيافة,مركز - 1,1,,,,,
10012005,وقف الأميرة سلطانة بنت عبدالعزيز ال سعود الخيري,200,ضيوف البيت,مركز - 34,34,,,,,
10011379,نزل خالد بن محمد بن حمدان اللهيبي للنزل السياحيه,200,ضيوف البيت,مركز - 86,86,,,,,
10007996,شركة ابراج دانيه الفندقية,200,عبداللطيف جميل,مركز - 2,2,,,,,
10012801,شركة عبدالله محمد القحطاني,200,ضيوف البيت,مركز - 79,79,,,,,
10012055,شركة البحري العالمية التجارية,269,اثراء الخير,مركز ضيافة - 1,1,,,,,
10012801,شركة عبدالله محمد القحطاني,200,ضيوف البيت,مركز - 76,76,,,,,
10006755,شركة اصيل الهيبة لتشغيل الفنادق,10,ابراج شركة مكه,مركز - 9,9,,,,,
10010907,مؤسسة هنا الشرق لخدمات الأعمال,168,إثراء الجود,مركز - 8,8,,,,,
10002441,فندق مسارات الفضي الفندقية,24,إثراء الجود,مركز - 12,12,,,,,
10007070,فندق مسارات الذهبي الفندقية,171,إثراء الجود,مركز - 2,2,,,,,
10010921,فندق وردة الصلاح للايواء السياحي,200,إثراء الجود,مركز - 12,12,,,,,
10007435,شركة الصفوة اوركيد الذهبية الفندقية شركة شخص واحد,11,ابراج شركة مكه,مركز - 8,8,,,,,
10006701,شركة الدانه الماسية الفندقية شركة شخص واحد,200,ضيوف البيت,مركز - 92,92,,,,,
10006224,فندق قصر السحاب الفندقية,200,مكارم اجياد مكة,مركز - 4,4,,,,,
10011989,وقف اللبان,200,ضيوف البيت,مركز - 40,40,,,,,
10011447,مؤسسة محمد احمد العمودي التجارية,200,ضيوف البيت,مركز - 78,78,,,,,
10012801,شركة عبدالله محمد القحطاني,200,هوليدي ان بكة,مركز - 115,115,,,,,
10011380,مؤسسة بلال عبدالله عبدالعزيز التويجري للتجارة,301,إثراء الجود,مركز - 4,4,,,,,
10011869,مؤسسة عابد عيضه الحارثي للخدمات العامة,291,اثراء الخير,مركز - 20,20,,,,,
10011950,شركة ضيافات العالم للاستثمار,330,اثراء الخير,مركز - 22,22,,,,,
10011568,مؤسسة عساف بن سالم القرشي,369,اثراء الخير,مركز - 20,20,,,,,
10012318,نزل متعب عواضه السلمى للنزل السياحيه,348,اثراء الخير,مركز - 22,22,,,,,
10012088,مؤسسة هاني مسفر حسن القرشي للمقاولات المعمارية العامة,435,اثراء الخير,مركز - 23,23,,,,,
10012035,مؤسسة هاك الوطنية للمقاولات,177,اثراء الخير,مركز - 23,23,,,,,
10011610,مؤسسة معان عادل بن محمد بن ياسين,383,اثراء الخير,مركز - 22,22,,,,,
10006530,شركة فندق اركان البيت جرول الفندقية,290,اثراء الخير,مركز - 24,24,,,,,
10011484,نزل على بن حسين القرشي للنزل السياحيه,221,اثراء الخير,مركز - 23,23,,,,,
10011781,مؤسسة رواء الأمل الفريد,314,اثراء الخير,مركز - 23,23,,,,,
10011630,مؤسسة خضر سعدي الزهراني,323,اثراء الخير,مركز - 24,24,,,,,
10007289,شركة منازل البيت المحدودة,729,اثراء الخير,مركز - 5,5,,,,,
10011746,فندق واحة الفارس للضيافة السياحي,341,اثراء الخير,مركز - 24,24,,,,,
10011993,مؤسسة شيخه عابد بن عبدربه القرشي للمقاولات,515,اثراء الخير,مركز - 23,23,,,,,
10011825,مؤسسة نزل غيم,337,اثراء الخير,مركز - 20,20,,,,,
10012131,وقف السيد حسين عبدالغفار,308,اثراء الخير,مركز - 24,24,,,,,
10011438,مؤسسة وقف عثمان ساب إبراهيم خطيب السرتي الوقفية,402,اثراء الخير,مركز - 24,24,,,,,
10012160,مؤسسة محمد عواض الشربي التجارية,236,اثراء الخير,مركز - 24,24,,,,,
10012160,مؤسسة محمد عواض الشربي التجارية,346,اثراء الخير,مركز - 25,25,,,,,
10011989,وقف اللبان,1224,اثراء الخير,مركز - 26,26,,,,,
10012088,مؤسسة هاني مسفر حسن القرشي للمقاولات المعمارية العامة,349,اثراء الخير,مركز - 26,26,,,,,
10011825,مؤسسة نزل غيم,236,اثراء الخير,مركز - 24,24,,,,,
10011514,شركة مقام الريادة,235,اثراء الخير,مركز - 27,27,,,,,
10012258,مؤسسة تلال النسيم,305,اثراء الخير,مركز - 28,28,,,,,
10011911,شركة هبات للمقاولات العامة والصيانة والنظافة والتسويق,235,اثراء الخير,مركز - 27,27,,,,,
10012014,شركة مشارف الإخاء المحدودة,474,اثراء الخير,مركز - 29,29,,,,,
10011850,مؤسسة خالد صالح المطرفي,222,اثراء الخير,مركز - 29,29,,,,,
10011776,شركة دار المشاعر الأولى المحدودة,216,اثراء الخير,مركز - 29,29,,,,,
10008976,فندق سدانة البركة الفندقية,320,اثراء الخير,مركز - 27,27,,,,,
10011411,شركة نجمة اسراء الذهبي للخدمات الفندقية,372,اثراء الخير,مركز - 25,25,,,,,
10011256,شركة المستحدث للمقاولات شركة ذات المسؤولية المحدودة من,374,اثراء الخير,مركز - 20,20,,,,,
10012697,شركة إنفيكتوس كونستراكشن,1400,الخطوط السعودية,مركز - 101,101,,,,,
10012654,مؤسسة سليمان بن عبدالله المخلف,18,الراجحي,مركز - 125,125,,,,,
10011409,مؤسسة زهرة خضيراء للمقاولات عامة,2,الراجحي,مركز - 110,110,,,,,
10012053,مؤسسة صالح حمزه قشلان,256,الراجحي,مركز - 139,139,,,,,
10012053,مؤسسة صالح حمزه قشلان,97,الراجحي,مركز - 135,135,,,,,
10011838,مؤسسة شادي نفادي,3,الراجحي,مركز - 135,135,,,,,
10011874,مؤسسة ساره محمد بن حسين السعدي للخدمات الطلابية,122,الراجحي,مركز - 102,102,,,,,
10011293,مؤسسة ضيافة التميز للوحدات السكنية المفروشة,340,الراجحي,مركز - 145,145,,,,,
10011381,مؤسسة مشاعل عدنان الكيشان التجارية,4,الراجحي,مركز - 108,108,,,,,
10011408,مؤسسة ضيف الله بن دخيل بن دخيل الله الرشيدي,23,الراجحي,مركز - 153,153,,,,,
10011393,نزل عمر بن سعيد بن عمر باحاذق للنزل السياحيه,493,الراجحي,مركز - 151,151,,,,,
10011677,نزل ضاحية النزهة للنزل السياحيه,149,الراجحي,مركز - 110,110,,,,,
10011286,مؤسسة محمد بن احمد بن علي العسيري للصيانة والنظافة,264,الراجحي,مركز - 123,123,,,,,
10011408,مؤسسة ضيف الله بن دخيل بن دخيل الله الرشيدي,7,الراجحي,مركز - 151,151,,,,,
10011409,مؤسسة زهرة خضيراء للمقاولات عامة,49,الراجحي,مركز - 112,112,,,,,
10009314,مؤسسة وقف عبدالقادر احمد نصير الوقفية,187,الراجحي,مركز - 131,131,,,,,
10011606,نزل منيب للنزل السياحيه,54,الراجحي,مركز - 112,112,,,,,
10011452,نزل الكفاءة المثاليه للنزل السياحيه,165,الراجحي,مركز - 150,150,,,,,
10012169,نزل عدنان سعيد الصاعدي للنزل السياحيه,1,الراجحي,مركز - 109,109,,,,,
10002588,شركة الماسة الخاصة المحدودة,2963,إكرام الضيف,مركز - 103,103,,,,,
10012353,شركة القوافل العالمية للمقاولات شخص واحد,83,إكرام الضيف,مركز - 162,162,,,,,
10006341,جوهرة مكة الفندقية,92,إكرام الضيف,مركز - 116,116,,,,,
10012169,نزل عدنان سعيد الصاعدي للنزل السياحيه,218,الراجحي,مركز - 113,113,,,,,
10012413,نزل الموسمين,113,الراجحي,مركز - 125,125,,,,,
10011606,نزل منيب للنزل السياحيه,59,الراجحي,مركز - 113,113,,,,,
10011606,نزل منيب للنزل السياحيه,188,الراجحي,مركز - 106,106,,,,,
10012169,نزل عدنان سعيد الصاعدي للنزل السياحيه,43,الراجحي,مركز - 112,112,,,,,
10011677,نزل ضاحية النزهة للنزل السياحيه,93,الراجحي,مركز - 113,113,,,,,
10011677,نزل ضاحية النزهة للنزل السياحيه,47,الراجحي,مركز - 109,109,,,,,
10009499,نزل روابي الوهج للنزل السياحيه,3,الراجحي,مركز - 102,102,,,,,
10010700,شركة برج الامل الفندقية شخص واحد,223,ابراج شركة مكه,مركز - 9,9,,,,,
10009499,نزل روابي الوهج للنزل السياحيه,30,الراجحي,مركز - 112,112,,,,,
10012015,نزل رباط المبرة للنزل السياحيه,382,الراجحي,مركز - 153,153,,,,,
10011286,مؤسسة محمد بن احمد بن علي العسيري للصيانة والنظافة,279,الراجحي,مركز - 129,129,,,,,
10011381,مؤسسة مشاعل عدنان الكيشان التجارية,89,الراجحي,مركز - 113,113,,,,,
10011381,مؤسسة مشاعل عدنان الكيشان التجارية,60,الراجحي,مركز - 112,112,,,,,
10012218,مؤسسة علي محمد عبدالله الراجحي الوقفية الأولى,26,الراجحي,مركز - 120,120,,,,,
10011286,مؤسسة محمد بن احمد بن علي العسيري للصيانة والنظافة,1,الراجحي,مركز - 126,126,,,,,
10012219,مؤسسة ضيء المشاعر,452,الراجحي,مركز - 144,144,,,,,
10011163,مؤسسة عبدالله بن فلحان العتيبي التجارية,144,الراجحي,مركز - 136,136,,,,,
10012053,مؤسسة صالح حمزه قشلان,1,الراجحي,مركز - 136,136,,,,,
10011838,مؤسسة شادي نفادي,51,الراجحي,مركز - 139,139,,,,,
10012654,مؤسسة سليمان بن عبدالله المخلف,590,الراجحي,مركز - 133,133,,,,,
10012651,مؤسسة سعادة الدارين,1,الراجحي,مركز - 126,126,,,,,
10011874,مؤسسة ساره محمد بن حسين السعدي للخدمات الطلابية,65,الراجحي,مركز - 106,106,,,,,
10011409,مؤسسة زهرة خضيراء للمقاولات عامة,29,الراجحي,مركز - 113,113,,,,,
10009644,شركة مهوى الفؤاد الفندقية,440,اثراء الخير,مركز - 5,5,,,,,
10011948,وقف أحمد بن أحمد بن ياسين الصيرفي,189,اثراء الخير,مركز - 29,29,,,,,
10011699,فندق كنانة العزيزية للخدمات الفندقية,455,اثراء الخير,مركز - 3,3,,,,,
10012133,شركة عاطف عبدالقادر عبدالله عبدالقادر للتطوير والاستثمار العقاري شخص واحد,282,اثراء الخير,مركز - 29,29,,,,,
10011472,وقف امينة بيبي محمد حسين خان,299,اثراء الخير,مركز - 28,28,,,,,
10012603,شركة عناية هوتيل مانجمينت المحدودة,884,اثراء الخير,مركز - 28,28,,,,,
10012108,مؤسسة ماهر غازى هندى,60,الراجحي,مركز - 151,151,,,,,
10011853,وقف عمر موسى رواس,246,اثراء الخير,مركز - 27,27,,,,,
10012133,شركة عاطف عبدالقادر عبدالله عبدالقادر للتطوير والاستثمار العقاري شخص واحد,496,اثراء الخير,مركز - 27,27,,,,,
10011797,مؤسسة تركي بن هزاع بن سعيد القرشى للعقارات,342,اثراء الخير,مركز - 27,27,,,,,
10011960,مؤسسة عثمان معيد بن محمد شاجرى للمقاولات,331,اثراء الخير,مركز - 26,26,,,,,
10011275,مؤسسة اسامه بن مصطفى مهندس,369,اثراء الخير,مركز - 25,25,,,,,
10007171,فندق ايلاف كنده فرع شركة ايلاف للفنادق المحدوده,62,ابراج شركة مكه,مركز - 9,9,,,,,
10012011,وقف عبدالرحمن بن علي بن ياسين,271,اثراء الخير,مركز - 25,25,,,,,
10011840,وقف عباس بن أحمد بن عباس بن ياسين الزمزمي,284,اثراء الخير,مركز - 24,24,,,,,
10012181,نزل الضيافة الذهبية المتميزة,308,اثراء الخير,مركز - 24,24,,,,,
10012165,مؤسسة فيصل بن حميدان الحربى,179,اثراء الخير,مركز - 31,31,,,,,
10007670,فندق منازل الزائرين الفندقية,1,ابراج شركة مكه,مركز - 12,12,,,,,
10011742,نزل نورآلفلاق,381,اثراء الخير,مركز - 24,24,,,,,
10011579,مؤسسة حزم الموانئ,301,اثراء الخير,مركز - 24,24,,,,,
10011453,مؤسسة ضيافة البيت العتيق,316,اثراء الخير,مركز - 31,31,,,,,
10011937,فندق الهداية الكبرى الفندقية,531,اثراء الخير,مركز - 24,24,,,,,
10011845,شركة سليمان محمد التميمي للمقاولات العامة,314,اثراء الخير,مركز - 24,24,,,,,
10011628,مؤسسة عبدالعزيز عويض الجعيد للوحدات السكنية,219,اثراء الخير,مركز - 24,24,,,,,
10009585,شركة لؤلؤة المسك الفندقية,658,اثراء الخير,مركز - 5,5,,,,,
10011017,فندق وحدات الخير للضيافة السياحي,948,اثراء الخير,مركز - 33,33,,,,,
10012031,شقق قطرات الندى للشقق المخدومة,261,اثراء الخير,مركز - 23,23,,,,,
10011825,مؤسسة نزل غيم,319,اثراء الخير,مركز - 22,22,,,,,
10011516,وقف إبراهيم حلواني بن منشي امير علي حلواني الهندي,579,اثراء الخير,مركز - 22,22,,,,,
10011537,أوقاف واربطة النظام حيدر آباد الوقفية,693,اثراء الخير,مركز - 22,22,,,,,
10011579,مؤسسة حزم الموانئ,308,اثراء الخير,مركز - 22,22,,,,,
10011704,نزل ريما الياسمين,446,اثراء الخير,مركز - 20,20,,,,,
10001398,شركة الفجر البديع خمسة للخدمات الفندقيه,1079,إكرام الضيف,مركز - 122,122,,,,,
10009980,شركة الوفاق الدولية للمقاولات,103,إكرام الضيف,مركز - 117,117,,,,,
10002588,شركة الماسة الخاصة المحدودة,23,إكرام الضيف,مركز - 100,100,,,,,
10010923,شركة القصواء للسفر و السياحة,70,إكرام الضيف,مركز - 150,150,,,,,
10007435,شركة الصفوة اوركيد الذهبية الفندقية شركة شخص واحد,47,إكرام الضيف,مركز - 100,100,,,,,
10010923,شركة القصواء للسفر و السياحة,402,إكرام الضيف,مركز - 100,100,,,,,
10002588,شركة الماسة الخاصة المحدودة,413,إكرام الضيف,مركز - 104,104,,,,,
10011720,شركة الجابر الخدمات الدولية المحدودة,70,إكرام الضيف,مركز - 160,160,,,,,
10007403,شركة تايم ربا لتشغيل الفنادق,540,ابراج شركة مكه,مركز - 12,12,,,,,
10007336,شركة البرج العالمية لادارة الفنادق فندق ساعة مكة فيرمونت,64,إكرام الضيف,مركز - 150,150,,,,,
10007810,شركة برهان الهدى للايواء السياحي,58,ابراج شركة مكه,مركز - 10,10,,,,,
10002344,مؤسسة أنوار البيت لتشغيل الفنادق,497,اثراء الخير,مركز - 5,5,,,,,
10010470,شركة برهان الضيافة للايواء السياحي,1,ابراج شركة مكه,مركز - 8,8,,,,,
10006701,شركة الدانه الماسية الفندقية شركة شخص واحد,122,إكرام الضيف,مركز - 119,119,,,,,
10002588,شركة الماسة الخاصة المحدودة,2591,إكرام الضيف,مركز - 106,106,,,,,
10009499,نزل روابي الوهج للنزل السياحيه,1,الراجحي,مركز - 103,103,,,,,
10012101,نزل عبدالله فيصل بن محمدحسين مهمده للضيافة السياحي,253,اثراء الخير,مركز - 29,29,,,,,
10011552,شركة أبراج الافق,224,اثراء الخير,مركز - 20,20,,,,,
10007846,شركة رزانه الفندقية,415,ابراج شركة مكه,مركز - 9,9,,,,,
10007848,شركة سنود المروة للضيافة السياحي,161,ابراج شركة مكه,مركز - 2,2,,,,,
10011109,شركة رتاج الطلائع للضيافة السياحي,444,ابراج شركة مكه,مركز - 2,2,,,,,
10007848,شركة سنود المروة للضيافة السياحي,221,ابراج شركة مكه,مركز - 4,4,,,,,
10007548,شركة فندق ابراج الكسوة الفندقية,2046,ابراج شركة مكه,مركز - 3,3,,,,,
10011210,شركة زوار المشاعر المحدودة,1,ابراج شركة مكه,مركز - 9,9,,,,,
10011161,شركة جايدن ماسار,355,ابراج شركة مكه,مركز - 12,12,,,,,
10007548,شركة فندق ابراج الكسوة الفندقية,5300,ابراج شركة مكه,مركز - 11,11,,,,,
10007548,شركة فندق ابراج الكسوة الفندقية,313,ابراج شركة مكه,مركز - 2,2,,,,,
10009788,شركة شيراتون مكة شركة شخص واحد,172,ابراج شركة مكه,مركز - 7,7,,,,,
10007296,شركة فندق العيسائي للضيافة,8,ابراج شركة مكه,مركز - 6,6,,,,,
10012235,شركة فيلفيت إن,906,ابراج شركة مكه,مركز - 15,15,,,,,
10007296,شركة فندق العيسائي للضيافة,115,ابراج شركة مكه,مركز - 12,12,,,,,
10009788,شركة شيراتون مكة شركة شخص واحد,310,ابراج شركة مكه,مركز - 1,1,,,,,
10006437,شركة جذور الفندقية شركة شخص واحد,150,ابراج شركة مكه,مركز - 12,12,,,,,
10001669,شركة مأثر الضيافة لخدمات المعتمرين,76,ابراج شركة مكه,مركز - 1,1,,,,,
10011698,شركة ميزاب الفندقية شركة شخص واحد,483,ابراج شركة مكه,مركز - 12,12,,,,,
10011698,شركة ميزاب الفندقية شركة شخص واحد,604,ابراج شركة مكه,مركز - 2,2,,,,,
10009392,فندق افاق المئوية للضيافة السياحي,747,ابراج شركة مكه,مركز - 6,6,,,,,
10007543,فندق اكابر الهجرة الفندقية,84,ابراج شركة مكه,مركز - 9,9,,,,,
10006698,شركة ميسان المشاعر الفندقية,41,ابراج شركة مكه,مركز - 9,9,,,,,
10006217,شركة معاد العالمية الفندقية المحدودة,208,ابراج شركة مكه,مركز - 8,8,,,,,
10007042,فندق الجاد كدي الفندقية,956,ابراج شركة مكه,مركز - 14,14,,,,,
10002226,فندق الجود,274,ابراج شركة مكه,مركز - 12,12,,,,,
10010209,مؤسسة يقين للادارة لتشغيل الفنادق,2611,ابراج شركة مكه,مركز - 15,15,,,,,
10007358,فندق أنوار المشاعر الفندقية,416,ابراج شركة مكه,مركز - 4,4,,,,,
10012088,مؤسسة هاني مسفر حسن القرشي للمقاولات المعمارية العامة,366,اثراء الخير,مركز - 27,27,,,,,
10000559,فندق بارك إن,653,ابراج شركة مكه,مركز - 12,12,,,,,
10002124,فندق الإباء الفندقية,631,ابراج شركة مكه,مركز - 8,8,,,,,
10008109,شركة فيفيان للخدمات الفندقية,2,ابراج شركة مكه,مركز - 1,1,,,,,
10011109,شركة رتاج الطلائع للضيافة السياحي,9,ابراج شركة مكه,مركز - 4,4,,,,,
10007293,فندق المروة ريحان فرع شركة جوار لإدارة وتسويق وتطوير العقار,13,ابراج شركة مكه,مركز - 4,4,,,,,
10002107,فندق نوفوتيل ذاخر الفندقية,521,ابراج شركة مكه,مركز - 7,7,,,,,
10002236,فندق ام من ميلينوم فرع شركة النبلاء العالمية لاستثمارالعقاري,2,ابراج شركة مكه,مركز - 9,9,,,,,
10007053,فندق ملينيوم كوبثورن النسيم,307,ابراج شركة مكه,مركز - 6,6,,,,,
10007053,فندق ملينيوم كوبثورن النسيم,394,ابراج شركة مكه,مركز - 12,12,,,,,
10009295,فندق مساكن الجود الفندقية,95,ابراج شركة مكه,مركز - 12,12,,,,,
10002236,فندق ام من ميلينوم فرع شركة النبلاء العالمية لاستثمارالعقاري,50,ابراج شركة مكه,مركز - 12,12,,,,,
10010209,مؤسسة يقين للادارة لتشغيل الفنادق,1368,اثراء الخير,مركز - 3,3,,,,,
10011933,شركة مخيم رفادة المحدودة شركة شخص واحد,243,اثراء الخير,مركز - 30,30,,,,,
10007172,فندق ورقان العزيزية للخدمات الفندقية,203,ابراج شركة مكه,مركز - 6,6,,,,,
10011510,مؤسسة منازل اسعد الاوقات,434,اثراء الخير,مركز - 30,30,,,,,
10012156,مؤسسة دانشكو,179,اثراء الخير,مركز - 31,31,,,,,
10011971,مؤسسة محمود نور جاسم,434,اثراء الخير,مركز - 30,30,,,,,
10007172,فندق ورقان العزيزية للخدمات الفندقية,372,ابراج شركة مكه,مركز - 7,7,,,,,
10006726,فندق ايلاف اجياد فرع شركة ايلاف للفنادق,332,ابراج شركة مكه,مركز - 8,8,,,,,
10011966,مؤسسة ليمة الماسي,477,اثراء الخير,مركز - 31,31,,,,,
10003532,فندق هوازن الأصيل الجديد الفندقية,475,اثراء الخير,مركز - 32,32,,,,,
10011617,مؤسسة عبدالاله بن علي الحازمي التجارية,93,اثراء الخير,مركز - 33,33,,,,,
10012318,نزل متعب عواضه السلمى للنزل السياحيه,265,إكرام الضيف,مركز - 160,160,,,,,
10010907,مؤسسة هنا الشرق لخدمات الأعمال,900,إكرام الضيف,مركز - 122,122,,,,,
10012252,نزل ريان راجح الكبكبي للايواء السياحي,120,إكرام الضيف,مركز - 161,161,,,,,
10006793,فندق الأصيل ألوان الفندقية,401,اثراء الخير,مركز - 11,11,,,,,
10010083,شركة الروح الحرة الفندقية,487,اثراء الخير,مركز - 34,34,,,,,
10010236,شركة واحة الطلائع الفندقية,384,اثراء الخير,مركز - 32,32,,,,,
10011227,مؤسسة هاني حمود الهذلى,16,إكرام الضيف,مركز - 161,161,,,,,
10011292,نزل نوره ضيف  الله غرسان الزهراني للنزل السياحيه,96,إكرام الضيف,مركز - 160,160,,,,,
10012624,وقف الماس اغا,91,إكرام الضيف,مركز - 161,161,,,,,
10011713,شركة الوقت الثمين للخدمات التجارية شركة شخص واحد,175,اثراء الخير,مركز - 33,33,,,,,
10011280,مؤسسة انوار السارية للوحدات السكنية,474,اثراء الخير,مركز - 32,32,,,,,
10011647,مؤسسة بنايات الصفا العقارية,426,اثراء الخير,مركز - 32,32,,,,,
10011185,نزل ضيف كريم,291,اثراء الخير,مركز - 31,31,,,,,
10012236,مؤسسة عبدالله عوض الصاملي,150,اثراء الخير,مركز - 16,16,,,,,
10011609,مؤسسة يوسف عبدالهادى حامد العصيمى الفندقية,383,اثراء الخير,مركز - 18,18,,,,,
10007851,شركة شتاء العزيزية للخدمات الفندقيه,350,اثراء الخير,مركز - 31,31,,,,,
10011672,شركة نور السلام المتحدة التجارية,257,اثراء الخير,مركز - 31,31,,,,,
10011643,شركة الشهباء الماسية,421,اثراء الخير,مركز - 31,31,,,,,
10011811,مؤسسة نزل الرخاء,324,اثراء الخير,مركز - 30,30,,,,,
10009524,شركة سواعد العالمية لتشغيل الفنادق,811,اثراء الخير,مركز - 30,30,,,,,
10011906,نزل علي حمود الطريفي للنزل السياحيه,412,اثراء الخير,مركز - 3,3,,,,,
10012151,نزل عبدالجليل عبدالهادي علي زمزمى للنزل السياحيه,265,اثراء الخير,مركز - 18,18,,,,,
10011425,مؤسسة كنوز الرحمة الفندقية,827,ابراج شركة مكه,مركز - 16,16,,,,,
10000643,فندق فور بوينتس باي شيراتون الفندقية,511,ابراج شركة مكه,مركز - 6,6,,,,,
10001702,فندق فيوليت اثنين الفندقية,787,ابراج شركة مكه,مركز - 1,1,,,,,
10008857,فندق نسمات مكة,628,ابراج شركة مكه,مركز - 8,8,,,,,
10000643,فندق فور بوينتس باي شيراتون الفندقية,471,ابراج شركة مكه,مركز - 12,12,,,,,
10007382,فندق نزل المختارة الفندقية,370,ابراج شركة مكه,مركز - 9,9,,,,,
10001875,فندق عبير الضيافة الفندقية,250,ابراج شركة مكه,مركز - 1,1,,,,,
10011369,مؤسسة خالد احمد الصايغ التجارية,210,اثراء الخير,مركز - 20,20,,,,,
10011472,وقف امينة بيبي محمد حسين خان,307,اثراء الخير,مركز - 23,23,,,,,
10012273,فندق منازل لؤلؤة الحجاز,35,ابراج شركة مكه,مركز - 8,8,,,,,
10002236,فندق ام من ميلينوم فرع شركة النبلاء العالمية لاستثمارالعقاري,392,ابراج شركة مكه,مركز - 10,10,,,,,
10002386,فندق بارك إن راديسون العزيزية الفندقية,149,ابراج شركة مكه,مركز - 7,7,,,,,
10000559,فندق بارك إن,418,ابراج شركة مكه,مركز - 7,7,,,,,
10007042,فندق الجاد كدي الفندقية,1,ابراج شركة مكه,مركز - 16,16,,,,,
10010798,فندق الصفوة رويال أوركيد الفندقية,133,ابراج شركة مكه,مركز - 7,7,,,,,
10011420,نزل سلمان بن محمد المحمادي للنزل السياحيه,311,اثراء الخير,مركز - 23,23,,,,,
10007543,فندق اكابر الهجرة الفندقية,1,ابراج شركة مكه,مركز - 8,8,,,,,
10009259,شركة واحة المسك للخدمات الفندقية,371,ابراج شركة مكه,مركز - 8,8,,,,,
10011107,شركة هدن الفندقية,116,ابراج شركة مكه,مركز - 12,12,,,,,
10007716,شركة مهد الرسالة الفندقية,262,ابراج شركة مكه,مركز - 2,2,,,,,
10006217,شركة معاد العالمية الفندقية المحدودة,39,ابراج شركة مكه,مركز - 1,1,,,,,
10006217,شركة معاد العالمية الفندقية المحدودة,5,ابراج شركة مكه,مركز - 10,10,,,,,
10008693,شركة كورت يارد باي ماريوت كدي الفندقية,290,ابراج شركة مكه,مركز - 7,7,,,,,
10011579,مؤسسة حزم الموانئ,306,اثراء الخير,مركز - 25,25,,,,,
10011839,مؤسسة قبة نجد لصاحبهانجيد صالح محمد النجيدي,311,اثراء الخير,مركز - 27,27,,,,,
10008693,شركة كورت يارد باي ماريوت كدي الفندقية,102,ابراج شركة مكه,مركز - 12,12,,,,,
10008109,شركة فيفيان للخدمات الفندقية,589,ابراج شركة مكه,مركز - 2,2,,,,,
10008693,شركة كورت يارد باي ماريوت كدي الفندقية,132,ابراج شركة مكه,مركز - 10,10,,,,,
10010286,شركة فندق رويال ماجستك,38,ابراج شركة مكه,مركز - 8,8,,,,,
10007548,شركة فندق ابراج الكسوة الفندقية,39,ابراج شركة مكه,مركز - 1,1,,,,,
10000983,شركة فندق ابراج شركة مكه الفندقية شركة شخص واحد,414,ابراج شركة مكه,مركز - 3,3,,,,,
10011823,مؤسسة خلف بن مصلح القرشى,159,اثراء الخير,مركز - 27,27,,,,,
10000983,شركة فندق ابراج شركة مكه الفندقية شركة شخص واحد,191,ابراج شركة مكه,مركز - 8,8,,,,,
10006883,شركة سفير المسك الفندقية,101,ابراج شركة مكه,مركز - 9,9,,,,,
10012431,شركة سنود الفندقية شركة مساهمة مقفلة,646,ابراج شركة مكه,مركز - 16,16,,,,,
10011279,شركة روتانا جبل عمر,287,ابراج شركة مكه,مركز - 1,1,,,,,
10007790,شركة رومانس ايليت الفندقية,768,ابراج شركة مكه,مركز - 2,2,,,,,
10011210,شركة زوار المشاعر المحدودة,116,ابراج شركة مكه,مركز - 8,8,,,,,
10007846,شركة رزانه الفندقية,46,ابراج شركة مكه,مركز - 8,8,,,,,
10011411,شركة نجمة اسراء الذهبي للخدمات الفندقية,390,اثراء الخير,مركز - 29,29,,,,,
10001330,شركة برج هاجر العقارية المحدودة,785,ابراج شركة مكه,مركز - 3,3,,,,,
10012192,مؤسسة اعمار ريادة المستقبل,427,اثراء الخير,مركز - 28,28,,,,,
10010470,شركة برهان الضيافة للايواء السياحي,1931,ابراج شركة مكه,مركز - 10,10,,,,,
10000983,شركة فندق ابراج شركة مكه الفندقية شركة شخص واحد,44,ابراج شركة مكه,مركز - 10,10,,,,,
10001330,شركة برج هاجر العقارية المحدودة,107,ابراج شركة مكه,مركز - 4,4,,,,,
10001330,شركة برج هاجر العقارية المحدودة,1,ابراج شركة مكه,مركز - 1,1,,,,,
10006701,شركة الدانه الماسية الفندقية شركة شخص واحد,18,إكرام الضيف,مركز - 109,109,,,,,
10012199,مؤسسة ساس ونماء للخدمات اللوجستية,299,الراجحي,مركز - 136,136,,,,,
10009609,شركة الضيافة العصرية الفندقية,387,إكرام الضيف,مركز - 118,118,,,,,
10010209,مؤسسة يقين للادارة لتشغيل الفنادق,4,ابراج شركة مكه,مركز - 16,16,2,2,,,
10012688,شركة السيوف الحجازية المحدودة,110,إكرام الضيف,مركز - 125,125,,,,,
10012544,شركة القمة الفندقية المحدودة,5,إكرام الضيف,مركز - 160,160,,,,,
10001398,شركة الفجر البديع خمسة للخدمات الفندقيه,1,إكرام الضيف,مركز - 121,121,,,,,
10009980,شركة الوفاق الدولية للمقاولات,73,إكرام الضيف,مركز - 116,116,,,,,
10008145,شركة العطلات الاقتصاديه لتنظيم الرحلات,138,إكرام الضيف,مركز - 100,100,,,,,
10012053,مؤسسة صالح حمزه قشلان,217,الراجحي,مركز - 127,127,,,,,
10012208,مؤسسة نعيمه خال محمد محمدعثمان بخاري للتجارة,134,الراجحي,مركز - 140,140,,,,,
10009712,درة أسماء الفندقية,1400,الخطوط السعودية,مركز - 101,101,,,,,
10006755,شركة اصيل الهيبة لتشغيل الفنادق,1400,الخطوط السعودية,مركز - 101,101,,,,,
10012169,نزل عدنان سعيد الصاعدي للنزل السياحيه,256,الراجحي,مركز - 108,108,,,,,
10011606,نزل منيب للنزل السياحيه,1,الراجحي,مركز - 108,108,,,,,
10012521,وقف يعقوب عبدالله قاضي,184,الراجحي,مركز - 144,144,,,,,
10011347,نزل محمد بن عبدالله بن عايض البقمي,228,الراجحي,مركز - 144,144,,,,,
10012208,مؤسسة نعيمه خال محمد محمدعثمان بخاري للتجارة,168,الراجحي,مركز - 132,132,,,,,
10011677,نزل ضاحية النزهة للنزل السياحيه,1,الراجحي,مركز - 106,106,,,,,
10012726,نزل الميزان السكنية للنزل السياحيه,508,الراجحي,مركز - 122,122,,,,,
10009499,نزل روابي الوهج للنزل السياحيه,3,الراجحي,مركز - 113,113,,,,,
10007882,نزل ندوة قريش للايواء السياحي,213,الراجحي,مركز - 151,151,,,,,
10011452,نزل الكفاءة المثاليه للنزل السياحيه,841,الراجحي,مركز - 153,153,,,,,
10012805,نزل عائشة بنت أحمد محمد رمضان المرزوقي ووالدتها محبوبة بنت محمد علي هنيدي,250,الراجحي,مركز - 144,144,,,,,
10011347,نزل محمد بن عبدالله بن عايض البقمي,300,الراجحي,مركز - 131,131,,,,,
10009314,مؤسسة وقف عبدالقادر احمد نصير الوقفية,163,الراجحي,مركز - 136,136,,,,,
10012169,نزل عدنان سعيد الصاعدي للنزل السياحيه,176,الراجحي,مركز - 110,110,,,,,
10011349,نزل عادل بن حسين القرشي للنزل السياحيه,42,الراجحي,مركز - 139,139,,,,,
10012169,نزل عدنان سعيد الصاعدي للنزل السياحيه,15,الراجحي,مركز - 102,102,,,,,
10012289,نزل جمعان بن جارالله الزهراني للنزل السياحيه,224,الراجحي,مركز - 144,144,,,,,
10012413,نزل الموسمين,184,الراجحي,مركز - 130,130,,,,,
10012466,مؤسسة ياسر مطير الفهمي للمقاولات عامة,2,الراجحي,مركز - 151,151,,,,,
10012575,مؤسسة محمد عثمان المجلد مليباري وبكر محي الدين علوي مليباري ومحمد احمد بكر مليباري,223,الراجحي,مركز - 144,144,,,,,
10011606,نزل منيب للنزل السياحيه,60,الراجحي,مركز - 107,107,,,,,
10011381,مؤسسة مشاعل عدنان الكيشان التجارية,233,الراجحي,مركز - 109,109,,,,,
10007769,نزل وردة قريش للايواء السياحي,173,الراجحي,مركز - 151,151,,,,,
10011381,مؤسسة مشاعل عدنان الكيشان التجارية,141,الراجحي,مركز - 110,110,,,,,
10011381,مؤسسة مشاعل عدنان الكيشان التجارية,4,الراجحي,مركز - 102,102,,,,,
10011547,مؤسسة نزل ديرتنا التجارية,245,الراجحي,مركز - 128,128,,,,,
10011425,مؤسسة كنوز الرحمة الفندقية,312,الراجحي,مركز - 122,122,,,,,
10011381,مؤسسة مشاعل عدنان الكيشان التجارية,5,الراجحي,مركز - 103,103,,,,,
10011115,شركة الهجرة واحد الفندقية,27,إكرام الضيف,مركز - 161,161,,,,,
10010700,شركة برج الامل الفندقية شخص واحد,249,ابراج شركة مكه,مركز - 8,8,,,,,
10012053,مؤسسة صالح حمزه قشلان,105,الراجحي,مركز - 124,124,,,,,
10012219,مؤسسة ضيء المشاعر,46,الراجحي,مركز - 133,133,,,,,
10011838,مؤسسة شادي نفادي,527,الراجحي,مركز - 130,130,,,,,
10011408,مؤسسة ضيف الله بن دخيل بن دخيل الله الرشيدي,665,الراجحي,مركز - 150,150,,,,,
10011838,مؤسسة شادي نفادي,301,الراجحي,مركز - 131,131,,,,,
10012715,مؤسسة سمير صالح حمزه صدقه للمقاولات عامة,4,الراجحي,مركز - 153,153,,,,,
10011387,شركة برادايس لاند الفندقية العالمية المحدودة,300,ابراج شركة مكه,مركز - 6,6,,,,,
10012654,مؤسسة سليمان بن عبدالله المخلف,18,الراجحي,مركز - 140,140,,,,,
10012715,مؤسسة سمير صالح حمزه صدقه للمقاولات عامة,124,الراجحي,مركز - 151,151,,,,,
10011163,مؤسسة عبدالله بن فلحان العتيبي التجارية,314,الراجحي,مركز - 130,130,,,,,
10012715,مؤسسة سمير صالح حمزه صدقه للمقاولات عامة,199,الراجحي,مركز - 150,150,,,,,
10012912,مؤسسة سلطان حميدان الساعدي التجارية,24,الراجحي,مركز - 137,137,,,,,
10011874,مؤسسة ساره محمد بن حسين السعدي للخدمات الطلابية,269,الراجحي,مركز - 109,109,,,,,
10011874,مؤسسة ساره محمد بن حسين السعدي للخدمات الطلابية,4,الراجحي,مركز - 113,113,,,,,
10011279,شركة روتانا جبل عمر,101,ابراج شركة مكه,مركز - 6,6,,,,,
10006726,فندق ايلاف اجياد فرع شركة ايلاف للفنادق,2,ابراج شركة مكه,مركز - 10,10,,,,,
10011499,شركة الضيافة الماسية المحدودة شركة شخص واحد,860,اثراء الخير,مركز - 3,3,,,,,
10008828,فندق منارة العزيزية للايواء السياحي,386,اثراء الخير,مركز - 3,3,,,,,
10007846,شركة رزانه الفندقية,9,ابراج شركة مكه,مركز - 10,10,,,,,
10011318,مؤسسة ياسر عبدالهادى حامد العصيمى لتشغيل الفنادق,317,اثراء الخير,مركز - 29,29,,,,,
10011809,نزل أنوار الحميدية المؤقت,319,اثراء الخير,مركز - 29,29,,,,,
10011929,شركة سدن الأعمال المحدودة,326,اثراء الخير,مركز - 29,29,,,,,
10000983,شركة فندق ابراج شركة مكه الفندقية شركة شخص واحد,75,ابراج شركة مكه,مركز - 9,9,,,,,
10011318,مؤسسة ياسر عبدالهادى حامد العصيمى لتشغيل الفنادق,325,اثراء الخير,مركز - 28,28,,,,,
10011323,شركة ملتقى الايمان للضيافة السياحي,359,اثراء الخير,مركز - 29,29,,,,,
10010037,شركة بيوتات التميز للخدمات الفندقيه,332,اثراء الخير,مركز - 29,29,,,,,
10011256,شركة المستحدث للمقاولات شركة ذات المسؤولية المحدودة من,224,اثراء الخير,مركز - 28,28,,,,,
10012801,شركة عبدالله محمد القحطاني,232,اثراء الخير,مركز - 28,28,,,,,
10012218,مؤسسة علي محمد عبدالله الراجحي الوقفية الأولى,43,الراجحي,مركز - 134,134,,,,,
10011971,مؤسسة محمود نور جاسم,419,اثراء الخير,مركز - 28,28,,,,,
10006698,شركة ميسان المشاعر الفندقية,154,ابراج شركة مكه,مركز - 8,8,,,,,
10007171,فندق ايلاف كنده فرع شركة ايلاف للفنادق المحدوده,2,ابراج شركة مكه,مركز - 8,8,,,,,
10011841,مؤسسة مانع بن حمد الصقور للعقارات,358,اثراء الخير,مركز - 26,26,,,,,
10011318,مؤسسة ياسر عبدالهادى حامد العصيمى لتشغيل الفنادق,428,اثراء الخير,مركز - 26,26,,,,,
10011411,شركة نجمة اسراء الذهبي للخدمات الفندقية,360,اثراء الخير,مركز - 26,26,,,,,
10011397,مؤسسة صالح بن محمد القرشي الفندقية,254,اثراء الخير,مركز - 26,26,,,,,
10011706,نزل صالح ابن عابد القرشى للنزل السياحيه,294,اثراء الخير,مركز - 25,25,,,,,
10007716,شركة مهد الرسالة الفندقية,1,ابراج شركة مكه,مركز - 1,1,,,,,
10007649,فندق البستان الماسي الفندقية,695,ابراج شركة مكه,مركز - 1,1,,,,,
10009985,شقق ملتزم الضيافة للشقق الفندقية,55,ابراج شركة مكه,مركز - 12,12,,,,,
10007649,فندق البستان الماسي الفندقية,1,ابراج شركة مكه,مركز - 2,2,,,,,
10002124,فندق الإباء الفندقية,180,ابراج شركة مكه,مركز - 9,9,,,,,
10007681,فندق أبراج الصفوة الفندقية,10,ابراج شركة مكه,مركز - 9,9,,,,,
10010798,فندق الصفوة رويال أوركيد الفندقية,44,ابراج شركة مكه,مركز - 4,4,,,,,
10000557,فندق أبراج المريديان فرع الشركةالمتحدةللإستثماروالتطويرالعقاري المتحد,77,ابراج شركة مكه,مركز - 8,8,,,,,
10000557,فندق أبراج المريديان فرع الشركةالمتحدةللإستثماروالتطويرالعقاري المتحد,50,ابراج شركة مكه,مركز - 12,12,,,,,
10007053,فندق ملينيوم كوبثورن النسيم,165,ابراج شركة مكه,مركز - 7,7,,,,,
10007915,فندق امار السادسة الفندقية,188,ابراج شركة مكه,مركز - 12,12,,,,,
10002236,فندق ام من ميلينوم فرع شركة النبلاء العالمية لاستثمارالعقاري,124,ابراج شركة مكه,مركز - 8,8,,,,,
10009578,فندق نزل النسيم الفندقية,1,ابراج شركة مكه,مركز - 12,12,,,,,
10010222,فندق ملتزم البيت الفندقية,91,ابراج شركة مكه,مركز - 12,12,,,,,
10008857,فندق نسمات مكة,30,ابراج شركة مكه,مركز - 10,10,,,,,
10000966,فندق فيوليت ثلاثة الفندقية,46,ابراج شركة مكه,مركز - 15,15,,,,,
10000643,فندق فور بوينتس باي شيراتون الفندقية,191,ابراج شركة مكه,مركز - 7,7,,,,,
10011805,مؤسسة عبدالعزيز محمد العليق التجارية,625,اثراء الخير,مركز - 30,30,,,,,
10012018,مؤسسة مبنى الدار البيضاء,147,ابراج شركة مكه,مركز - 12,12,,,,,
10012482,مؤسسة أحمد محمد بن محمد الواحدي التجارية,168,اثراء الخير,مركز - 30,30,,,,,
10007721,فندق ليمة الفضية الفندقية,359,اثراء الخير,مركز - 30,30,,,,,
10011716,مؤسسة شاكر فيصل حموه,307,اثراء الخير,مركز - 31,31,,,,,
10011318,مؤسسة ياسر عبدالهادى حامد العصيمى لتشغيل الفنادق,235,اثراء الخير,مركز - 30,30,,,,,
10011617,مؤسسة عبدالاله بن علي الحازمي التجارية,355,اثراء الخير,مركز - 31,31,,,,,
10011968,مؤسسة عبدالرحمن بن عبدالرحيم باوزير,307,اثراء الخير,مركز - 31,31,,,,,
10011270,نزل دار المزن,170,اثراء الخير,مركز - 34,34,,,,,
10012005,وقف الأميرة سلطانة بنت عبدالعزيز ال سعود الخيري,855,اثراء الخير,مركز - 31,31,,,,,
10011017,فندق وحدات الخير للضيافة السياحي,1148,اثراء الخير,مركز - 32,32,,,,,
10007988,شركة درة طيبة المحدودة شركة شخص واحد,950,اثراء الخير,مركز - 33,33,,,,,
10011617,مؤسسة عبدالاله بن علي الحازمي التجارية,367,اثراء الخير,مركز - 34,34,,,,,
10011174,مؤسسة نزهة العزيزية,563,اثراء الخير,مركز - 33,33,,,,,
10009129,فندق أبيات النسيم الفندقية,471,اثراء الخير,مركز - 34,34,,,,,
10011411,شركة نجمة اسراء الذهبي للخدمات الفندقية,435,اثراء الخير,مركز - 34,34,,,,,
10012005,وقف الأميرة سلطانة بنت عبدالعزيز ال سعود الخيري,200,اثراء الخير,مركز - 36,36,,,,,
10007473,شركة ضيوف المقام الفندقية,698,اثراء الخير,مركز - 5,5,,,,,
10010209,مؤسسة يقين للادارة لتشغيل الفنادق,1368,اثراء الخير,مركز - 35,35,,,,,
10011407,نزل ديوان بتال للنزل السياحيه,180,اثراء الخير,مركز - 34,34,,,,,
10011989,وقف اللبان,200,اثراء الخير,مركز - 37,37,,,,,
10011987,مؤسسة جارة المشاعر,340,اثراء الخير,مركز - 4,4,,,,,
10008828,فندق منارة العزيزية للايواء السياحي,637,اثراء الخير,مركز - 4,4,,,,,
10011472,وقف امينة بيبي محمد حسين خان,200,اثراء الخير,مركز - 38,38,,,,,
10011484,نزل على بن حسين القرشي للنزل السياحيه,225,اثراء الخير,مركز - 27,27,,,,,
10006893,فندق الأصيل رفادة الفندقية,503,اثراء الخير,مركز - 11,11,,,,,
10012511,مؤسسة نسائم الابداع للمقاولات العامة,192,إكرام الضيف,مركز - 160,160,,,,,
10011256,شركة المستحدث للمقاولات شركة ذات المسؤولية المحدودة من,300,اثراء الخير,مركز - 19,19,,,,,
10011940,مؤسسة سعد أحمد دمياطي للاسكان,171,اثراء الخير,مركز - 31,31,,,,,
10006726,فندق ايلاف اجياد فرع شركة ايلاف للفنادق,98,ابراج شركة مكه,مركز - 9,9,,,,,
10007403,شركة تايم ربا لتشغيل الفنادق,347,ابراج شركة مكه,مركز - 7,7,,,,,
10007321,فندق مآثر الجوار الفندقية,191,إثراء الجود,مركز - 3,3,,,,,
10007143,فندق مناسك الهجرة الفندقية,194,إثراء الجود,مركز - 3,3,,,,,
10007071,فندق مسارات رويال الفندقية,1928,إثراء الجود,مركز - 8,8,,,,,
10012273,فندق منازل لؤلؤة الحجاز,2,إثراء الجود,مركز - 10,10,,,,,
10006643,فندق سويس الخليل الفندقية,61,إثراء الجود,مركز - 10,10,,,,,
10006643,فندق سويس الخليل الفندقية,51,إثراء الجود,مركز - 12,12,,,,,
10011398,فندق عبدالله محمد باقبص الفندقية,26,إثراء الجود,مركز - 12,12,,,,,
10012273,فندق منازل لؤلؤة الحجاز,115,إثراء الجود,مركز - 11,11,,,,,
10007071,فندق مسارات رويال الفندقية,339,إثراء الجود,مركز - 9,9,,,,,
10011937,فندق الهداية الكبرى الفندقية,94,إثراء الجود,مركز - 10,10,,,,,
10002709,فندق الوافدين الفندقية,369,إثراء الجود,مركز - 3,3,,,,,
10011937,فندق الهداية الكبرى الفندقية,893,إثراء الجود,مركز - 11,11,,,,,
10009713,فندق انوار الوادي الفندقية,275,إثراء الجود,مركز - 4,4,,,,,
10006942,فندق أسيل أجياد للايواء السياحي,39,إثراء الجود,مركز - 12,12,,,,,
10007719,فندق امار السابعة الفندقية,48,إثراء الجود,مركز - 7,7,,,,,
10011937,فندق الهداية الكبرى الفندقية,4,إثراء الجود,مركز - 4,4,,,,,
10010629,فندق الاسد الابيض للضيافة السياحي,48,إثراء الجود,مركز - 10,10,,,,,
10007543,فندق اكابر الهجرة الفندقية,80,إثراء الجود,مركز - 10,10,,,,,
10011098,فندق البرج الماسي للشقق الفندقية,237,إثراء الجود,مركز - 11,11,,,,,
10008716,فندق اكابر المسار للايواء السياحي,296,إثراء الجود,مركز - 2,2,,,,,
10009091,فندق اعمار الخير الذهبي للضيافة السياحي,10,إثراء الجود,مركز - 10,10,,,,,
10008716,فندق اكابر المسار للايواء السياحي,76,إثراء الجود,مركز - 3,3,,,,,
10011098,فندق البرج الماسي للشقق الفندقية,48,إثراء الجود,مركز - 10,10,,,,,
10007869,فندق زوار المشاعر رفاه للضيافة السياحي,245,إثراء الجود,مركز - 12,12,,,,,
10009046,عبدالاحد تونياز عيد صالح,31,إثراء الجود,مركز - 2,2,,,,,
10001322,شقق شعيل بطحاء قريش للوحدات السكنية,49,إثراء الجود,مركز - 8,8,,,,,
10009046,عبدالاحد تونياز عيد صالح,45,إثراء الجود,مركز - 3,3,,,,,
10007151,شركة نواة النمو المستدام,42,إثراء الجود,مركز - 3,3,,,,,
10009180,شركة مشرب رواء,314,إثراء الجود,مركز - 11,11,,,,,
10009180,شركة مشرب رواء,163,إثراء الجود,مركز - 4,4,,,,,
10006217,شركة معاد العالمية الفندقية المحدودة,172,إثراء الجود,مركز - 2,2,,,,,
10011672,شركة نور السلام المتحدة التجارية,103,إثراء الجود,مركز - 12,12,,,,,
10009091,فندق اعمار الخير الذهبي للضيافة السياحي,1,إثراء الجود,مركز - 1,1,,,,,
10006880,شركة مسارات اجياد الماسي,935,إثراء الجود,مركز - 9,9,,,,,
10003830,شركة مزايا الفندقية,672,إثراء الجود,مركز - 7,7,,,,,
10009571,شركة منازل المقام للخدمات الفندقيه شخص واحد,2,إثراء الجود,مركز - 10,10,,,,,
10007151,شركة نواة النمو المستدام,56,إثراء الجود,مركز - 2,2,,,,,
10000682,شقق درة الصالحين للوحدات السكنية المفروشة لصاحبها طارق صالح ريس,421,إثراء الجود,مركز - 13,13,,,,,
10001322,شقق شعيل بطحاء قريش للوحدات السكنية,76,إثراء الجود,مركز - 9,9,,,,,
10001322,شقق شعيل بطحاء قريش للوحدات السكنية,799,إثراء الجود,مركز - 7,7,,,,,
10009046,عبدالاحد تونياز عيد صالح,65,إثراء الجود,مركز - 1,1,,,,,
10009091,فندق اعمار الخير الذهبي للضيافة السياحي,163,إثراء الجود,مركز - 3,3,,,,,
10009091,فندق اعمار الخير الذهبي للضيافة السياحي,27,إثراء الجود,مركز - 6,6,,,,,
10010845,فندق اعمار الخير الماسي للضيافة السياحي,138,إثراء الجود,مركز - 2,2,,,,,
10010845,فندق اعمار الخير الماسي للضيافة السياحي,50,إثراء الجود,مركز - 10,10,,,,,
10008716,فندق اكابر المسار للايواء السياحي,20,إثراء الجود,مركز - 10,10,,,,,
10007543,فندق اكابر الهجرة الفندقية,108,إثراء الجود,مركز - 2,2,,,,,
10010629,فندق الاسد الابيض للضيافة السياحي,25,إثراء الجود,مركز - 2,2,,,,,
10010629,فندق الاسد الابيض للضيافة السياحي,317,إثراء الجود,مركز - 3,3,,,,,
10007537,فندق أعمدة الذهب,7,إثراء الجود,مركز - 10,10,,,,,
10007537,فندق أعمدة الذهب,138,إثراء الجود,مركز - 3,3,,,,,
10006726,فندق ايلاف اجياد فرع شركة ايلاف للفنادق,32,إثراء الجود,مركز - 12,12,,,,,
10009713,فندق انوار الوادي الفندقية,76,إثراء الجود,مركز - 11,11,,,,,
10002709,فندق الوافدين الفندقية,105,إثراء الجود,مركز - 10,10,,,,,
10002709,فندق الوافدين الفندقية,6,إثراء الجود,مركز - 6,6,,,,,
10002709,فندق الوافدين الفندقية,102,إثراء الجود,مركز - 2,2,,,,,
10002709,فندق الوافدين الفندقية,47,إثراء الجود,مركز - 1,1,,,,,
10006880,شركة مسارات اجياد الماسي,169,إثراء الجود,مركز - 8,8,,,,,
10011933,شركة مخيم رفادة المحدودة شركة شخص واحد,250,إثراء الجود,مركز - 10,10,,,,,
10011258,فندق منازل العز الفندقية,2,إثراء الجود,مركز - 12,12,,,,,
10009876,فندق منازل المسافرين للخدمات الفندقيه,573,إثراء الجود,مركز - 11,11,,,,,
10012273,فندق منازل لؤلؤة الحجاز,955,إثراء الجود,مركز - 4,4,,,,,
10007143,فندق مناسك الهجرة الفندقية,1,إثراء الجود,مركز - 6,6,,,,,
10012566,فندق نجمة النزهة الأولى للشقق الفندقية,4,إثراء الجود,مركز - 5,5,,,,,
10002441,فندق مسارات الفضي الفندقية,31,إثراء الجود,مركز - 3,3,,,,,
10011933,شركة مخيم رفادة المحدودة شركة شخص واحد,44,إثراء الجود,مركز - 3,3,,,,,
10003830,شركة مزايا الفندقية,462,إثراء الجود,مركز - 9,9,,,,,
10002446,شركة مسارات الخليل,148,إثراء الجود,مركز - 1,1,,,,,
10007705,شركة كون كريت السحاب للخدمات الفندقيه شخص واحد,1468,إثراء الجود,مركز - 7,7,,,,,
10007705,شركة كون كريت السحاب للخدمات الفندقيه شخص واحد,2,إثراء الجود,مركز - 9,9,,,,,
10012486,شركة ليلى حاسن القشمري التجارية,140,إثراء الجود,مركز - 11,11,,,,,
10008176,شركة قمة الضيافة الفندقية,8,إثراء الجود,مركز - 6,6,,,,,
10008176,شركة قمة الضيافة الفندقية,43,إثراء الجود,مركز - 12,12,,,,,
10008176,شركة قمة الضيافة الفندقية,129,إثراء الجود,مركز - 10,10,,,,,
10001669,شركة مأثر الضيافة لخدمات المعتمرين,168,إثراء الجود,مركز - 7,7,,,,,
10011780,شركة مساكن الانوار الذهبية المحدودة,172,إثراء الجود,مركز - 12,12,,,,,
10009091,فندق اعمار الخير الذهبي للضيافة السياحي,437,إثراء الجود,مركز - 2,2,,,,,
10006477,فندق سويتس المقام الفندقية,102,إثراء الجود,مركز - 6,6,,,,,
10007180,شركة فندق بسمة الضيافة الفندقية,100,إثراء الجود,مركز - 12,12,,,,,
10007180,شركة فندق بسمة الضيافة الفندقية,58,إثراء الجود,مركز - 3,3,,,,,
10007180,شركة فندق بسمة الضيافة الفندقية,1,إثراء الجود,مركز - 6,6,,,,,
10007548,شركة فندق ابراج الكسوة الفندقية,4,إثراء الجود,مركز - 6,6,,,,,
10007548,شركة فندق ابراج الكسوة الفندقية,84,إثراء الجود,مركز - 2,2,,,,,
10006530,شركة فندق اركان البيت جرول الفندقية,366,إثراء الجود,مركز - 12,12,,,,,
10007180,شركة فندق بسمة الضيافة الفندقية,9,إثراء الجود,مركز - 10,10,,,,,
10012823,شركة سمران ريست المحدودة,7,إثراء الجود,مركز - 3,3,,,,,
10006883,شركة سفير المسك الفندقية,12,إثراء الجود,مركز - 3,3,,,,,
10012823,شركة سمران ريست المحدودة,19,إثراء الجود,مركز - 6,6,,,,,
10011321,شركة ساري المسك للخدمات الفندقية,73,إثراء الجود,مركز - 10,10,,,,,
10011321,شركة ساري المسك للخدمات الفندقية,111,إثراء الجود,مركز - 12,12,,,,,
10007212,شركة سرايا التاج للخدمات الفندقيه,219,إثراء الجود,مركز - 3,3,,,,,
10010114,شركة صعود القمم لتشغيل الفنادق شخص واحد,281,إثراء الجود,مركز - 12,12,,,,,
10008456,شركة فندق لؤلؤة الايمان الفندقية,270,إثراء الجود,مركز - 3,3,,,,,
10012268,شركة ثروات المشاعر للسياحة,318,إثراء الجود,مركز - 13,13,,,,,
10010209,مؤسسة يقين للادارة لتشغيل الفنادق,862,ابراج شركة مكه,مركز - 14,14,,,,,
10012268,شركة ثروات المشاعر للسياحة,30,إثراء الجود,مركز - 6,6,,,,,
10007961,شركة التطوير الحضري للاعمال شركة شخص واحد,100,إثراء الجود,مركز - 12,12,,,,,
10007961,شركة التطوير الحضري للاعمال شركة شخص واحد,102,إثراء الجود,مركز - 10,10,,,,,
10007336,شركة البرج العالمية لادارة الفنادق فندق ساعة مكة فيرمونت,391,إثراء الجود,مركز - 9,9,,,,,
10012268,شركة ثروات المشاعر للسياحة,87,إثراء الجود,مركز - 5,5,,,,,
10010962,شركة الريان الضيافة لأدارة وتشغيل الفنادق,27,إثراء الجود,مركز - 1,1,,,,,
10010962,شركة الريان الضيافة لأدارة وتشغيل الفنادق,190,إثراء الجود,مركز - 3,3,,,,,
10009346,شركة الرغائب الفندقية,2,إثراء الجود,مركز - 6,6,,,,,
10010962,شركة الريان الضيافة لأدارة وتشغيل الفنادق,142,إثراء الجود,مركز - 10,10,,,,,
10005693,شركة الطلائع الفندقية,500,إثراء الجود,مركز - 9,9,,,,,
10010962,شركة الريان الضيافة لأدارة وتشغيل الفنادق,7,إثراء الجود,مركز - 6,6,,,,,
10009346,شركة الرغائب الفندقية,286,إثراء الجود,مركز - 2,2,,,,,
10010356,شركة دريم زون لتشغيل الفنادق,26,إثراء الجود,مركز - 12,12,,,,,
10008456,شركة فندق لؤلؤة الايمان الفندقية,10,إثراء الجود,مركز - 6,6,,,,,
10009746,شركة الياسمين الرائدة لادارة الأملاك شركة شخص واحد,418,إثراء الجود,مركز - 4,4,,,,,
10011115,شركة الهجرة واحد الفندقية,65,إثراء الجود,مركز - 1,1,,,,,
10009260,شركة انوار الصلاح المحدودة شخص واحد,83,إثراء الجود,مركز - 2,2,,,,,
10007763,فندق مسارات السماح الفندقية,635,اثراء الخير,مركز - 9,9,,,,,
10010959,فندق بارك الياس للضيافة السياحي,249,اثراء الخير,مركز - 9,9,,,,,
10010812,شركة المعتكف للتطوير والاستثمار العقاري,2,إثراء الجود,مركز - 10,10,,,,,
10012337,شركة الطير الذهبي للخدمات الفندقية شركة شخص واحد,73,إثراء الجود,مركز - 10,10,,,,,
10011646,نزل مشاعر دار البركة,289,اثراء الخير,مركز - 8,8,,,,,
10009114,مؤسسة زاد أجياد لتشغيل الفنادق,1,اثراء الخير,مركز - 8,8,,,,,
10011413,شركة انوار الصلاح المحدودة,359,اثراء الخير,مركز - 9,9,,,,,
10006954,فندق مناسك الرشاد الفندقية,330,اثراء الخير,مركز - 8,8,,,,,
10007473,شركة ضيوف المقام الفندقية,1785,اثراء الخير,مركز - 8,8,,,,,
10012007,فندق ندى الجوهرة الفندقية,360,اثراء الخير,مركز - 8,8,,,,,
10007130,فندق البيرق الفندقية,670,اثراء الخير,مركز - 9,9,,,,,
10005693,شركة الطلائع الفندقية,2,إثراء الجود,مركز - 7,7,,,,,
10009572,فندق نجمة أسيل الفندقية,267,اثراء الخير,مركز - 7,7,,,,,
10009644,شركة مهوى الفؤاد الفندقية,670,اثراء الخير,مركز - 7,7,,,,,
10007338,فندق نجمة ذاخر للضيافة السياحي,669,اثراء الخير,مركز - 7,7,,,,,
10002036,شركة برج قصر الشرق للخدمات الفندقيه,2,اثراء الخير,مركز - 7,7,,,,,
10007781,فندق مسارات الماسة الفندقية,935,اثراء الخير,مركز - 6,6,,,,,
10008965,شركة درة الإجابة الفندقية شخص واحد,750,اثراء الخير,مركز - 7,7,,,,,
10010078,فندق كيان الاجابة للضيافة السياحي,534,اثراء الخير,مركز - 7,7,,,,,
10008067,شركة ضيوف التوحيد المحدودة,347,اثراء الخير,مركز - 6,6,,,,,
10009181,شركة جوهرة ذاخر الفندقية,361,اثراء الخير,مركز - 6,6,,,,,
10010051,شركة فندق الرسالة الفندقية,400,اثراء الخير,مركز - 6,6,,,,,
10011782,وقف عائشة عبدالحميد مسكي,180,اثراء الخير,مركز - 27,27,,,,,
10011773,وقف خليل زماني بيقم صاحب زاده,291,اثراء الخير,مركز - 5,5,,,,,
10009993,فندق منصور عبدالعزيز سعود الدغيثر الفندقية,1148,اثراء الخير,مركز - 6,6,,,,,
10009088,شركة رحاب البركة المحدودة,297,اثراء الخير,مركز - 8,8,,,,,
10011854,نزل ثبير الأخضر,192,إكرام الضيف,مركز - 118,118,,,,,
10005693,شركة الطلائع الفندقية,800,إثراء الجود,مركز - 8,8,,,,,
10011320,مؤسسة ملتزم لادارت الاملاك,360,إكرام الضيف,مركز - 121,121,,,,,
10009959,شركة فندق نسك الفضيلة للخدمات الفندقيه,563,إثراء الجود,مركز - 10,10,,,,,
10006643,فندق سويس الخليل الفندقية,114,إثراء الجود,مركز - 2,2,,,,,
10010470,شركة برهان الضيافة للايواء السياحي,31,ابراج شركة مكه,مركز - 9,9,,,,,
10012535,نزل مطهر عبدالله مطهر العمودي,109,إكرام الضيف,مركز - 163,163,,,,,
10007551,شركة فندق ساري البيت الفندقية,610,اثراء الخير,مركز - 10,10,,,,,
10008326,شركة مساكن اللؤلؤة لتشغيل الفنادق,339,اثراء الخير,مركز - 11,11,,,,,
10010923,شركة القصواء للسفر و السياحة,410,اثراء الخير,مركز - 10,10,,,,,
10012318,نزل متعب عواضه السلمى للنزل السياحيه,165,إكرام الضيف,مركز - 162,162,,,,,
10006674,فندق الأصيل سقاية الفندقية,425,اثراء الخير,مركز - 10,10,,,,,
10007695,شركة الابراج حفاوة الفندقية,349,اثراء الخير,مركز - 11,11,,,,,
10005693,شركة الطلائع الفندقية,312,اثراء الخير,مركز - 11,11,,,,,
10007745,فندق نجمة أجياد الفندقية,800,اثراء الخير,مركز - 10,10,,,,,
10008630,فندق سنت الخير الفندقية,709,اثراء الخير,مركز - 12,12,,,,,
10009498,فندق لؤلؤة اجياد للايواء السياحي,643,اثراء الخير,مركز - 13,13,,,,,
10009632,شركة الماسه ذاخر لتشغيل الفنادق شركة شخص واحد,1174,اثراء الخير,مركز - 12,12,,,,,
10007002,فندق قرى الأصيل الفندقية,944,اثراء الخير,مركز - 11,11,,,,,
10008034,فندق قيروان المشاعر للخدمات الفندقية,599,اثراء الخير,مركز - 12,12,,,,,
10007371,شركةفندق ساري مرمرة الفندقية,626,اثراء الخير,مركز - 13,13,,,,,
10002036,شركة برج قصر الشرق للخدمات الفندقيه,343,اثراء الخير,مركز - 13,13,,,,,
10012075,نزل خالد وليد علي عائق للنزل السياحيه,215,اثراء الخير,مركز - 12,12,,,,,
10011844,مؤسسة زهير بن عبدالحميد خياط,797,اثراء الخير,مركز - 14,14,,,,,
10007989,فندق قيروان المشاعر للخدمات الفندقيه,514,اثراء الخير,مركز - 16,16,,,,,
10007032,فندق مشرق كدي التجارية,514,اثراء الخير,مركز - 14,14,,,,,
10011937,فندق الهداية الكبرى الفندقية,1277,اثراء الخير,مركز - 14,14,,,,,
10011352,مؤسسة نوابغ الرؤية,397,اثراء الخير,مركز - 14,14,,,,,
10002036,شركة برج قصر الشرق للخدمات الفندقيه,267,اثراء الخير,مركز - 16,16,,,,,
10011767,شركة عبدالله محمد الزهراني التجارية شخص واحد,1017,اثراء الخير,مركز - 15,15,,,,,
10002036,شركة برج قصر الشرق للخدمات الفندقيه,1438,اثراء الخير,مركز - 15,15,,,,,
10011780,شركة مساكن الانوار الذهبية المحدودة,687,اثراء الخير,مركز - 17,17,,,,,
10009114,مؤسسة زاد أجياد لتشغيل الفنادق,841,اثراء الخير,مركز - 17,17,,,,,
10001864,شركة عملاق المشرق التجارية,528,اثراء الخير,مركز - 17,17,,,,,
10011767,شركة عبدالله محمد الزهراني التجارية شخص واحد,2,اثراء الخير,مركز - 17,17,,,,,
10011777,شركة منازل الشروق للخدمات الفندقيه,319,اثراء الخير,مركز - 17,17,,,,,
10011469,مؤسسة احمد عبدالله شمح,180,اثراء الخير,مركز - 17,17,,,,,
10006898,فندق مسارات مثمرة الفندقية,813,اثراء الخير,مركز - 17,17,,,,,
10001721,فندق الرحابه المكيه الفندقية,277,اثراء الخير,مركز - 17,17,,,,,
10009975,فندق منازل الحجاز للخدمات الفندقيه,209,اثراء الخير,مركز - 18,18,,,,,
10011472,وقف امينة بيبي محمد حسين خان,535,اثراء الخير,مركز - 18,18,,,,,
10012034,شركة عبق النيل المتحدة التجارية,166,اثراء الخير,مركز - 18,18,,,,,
10009587,شركة صروح المقام للتطوير والاستثمار العقاري,569,اثراء الخير,مركز - 18,18,,,,,
10011588,مؤسسة اسعد افندي بن عبد الله افندى العتاقي,359,اثراء الخير,مركز - 18,18,,,,,
10012160,مؤسسة محمد عواض الشربي التجارية,348,اثراء الخير,مركز - 18,18,,,,,
10011985,مؤسسة مصطفى سالم باخدلق,457,اثراء الخير,مركز - 18,18,,,,,
10012229,مؤسسة سعيد عبدالله الغامدي التجارية,196,اثراء الخير,مركز - 18,18,,,,,
10011617,مؤسسة عبدالاله بن علي الحازمي التجارية,634,اثراء الخير,مركز - 19,19,,,,,
10012080,وقف عبداللطيف الحاج يونس فنتيانه,344,اثراء الخير,مركز - 19,19,,,,,
10011746,فندق واحة الفارس للضيافة السياحي,297,اثراء الخير,مركز - 19,19,,,,,
10011933,شركة مخيم رفادة المحدودة شركة شخص واحد,203,اثراء الخير,مركز - 19,19,,,,,
10012140,مؤسسة عبدالعزيز عبدالهادي علي زمزمي للنزل السياحية,316,اثراء الخير,مركز - 19,19,,,,,
10011318,مؤسسة ياسر عبدالهادى حامد العصيمى لتشغيل الفنادق,228,اثراء الخير,مركز - 19,19,,,,,
10011825,مؤسسة نزل غيم,339,اثراء الخير,مركز - 19,19,,,,,
10011731,مؤسسة منازل السفراء للمقاولات,457,اثراء الخير,مركز - 19,19,,,,,
10011359,مؤسسة ضيافة صالح للوحدات السكنية المفروشة,286,اثراء الخير,مركز - 2,2,,,,,
10011837,فندق مشارف العزيزية للخدمات الفندقية,341,اثراء الخير,مركز - 20,20,,,,,
10012420,فندق هدوء الحجاز,364,اثراء الخير,مركز - 2,2,,,,,
10012697,شركة إنفيكتوس كونستراكشن,692,اثراء الخير,مركز - 2,2,,,,,
10011307,مؤسسة كرم الوفادة,350,اثراء الخير,مركز - 2,2,,,,,
10011411,شركة نجمة اسراء الذهبي للخدمات الفندقية,444,اثراء الخير,مركز - 20,20,,,,,
10007846,شركة رزانه الفندقية,577,إكرام الضيف,مركز - 120,120,,,,,
10009954,شركة ركن الزاوية لإدارة مرافق الضيافة السياحية شخص واحد,40,إكرام الضيف,مركز - 161,161,,,,,
10007846,شركة رزانه الفندقية,1,إكرام الضيف,مركز - 122,122,,,,,
10007328,شركة توحيد الأصالة للخدمات الفندقية شركة ذات المسؤ,28,إكرام الضيف,مركز - 164,164,,,,,
10009842,شركة ذات الثقة لإدارة مرافق الضيافة السياحية شخص واحد,98,إكرام الضيف,مركز - 161,161,,,,,
10007328,شركة توحيد الأصالة للخدمات الفندقية شركة ذات المسؤ,42,إكرام الضيف,مركز - 163,163,,,,,
10011279,شركة روتانا جبل عمر,2,إكرام الضيف,مركز - 109,109,,,,,
10007403,شركة تايم ربا لتشغيل الفنادق,65,إكرام الضيف,مركز - 150,150,,,,,
10009335,شركة تارا الذهبي,26,إكرام الضيف,مركز - 160,160,,,,,
10007403,شركة تايم ربا لتشغيل الفنادق,1,إكرام الضيف,مركز - 116,116,,,,,
10002074,شركة تداول الجزيره للمقاولات والتنمية المحدودة,2189,إكرام الضيف,مركز - 104,104,,,,,
10009335,شركة تارا الذهبي,88,إكرام الضيف,مركز - 161,161,,,,,
10012969,شركة ريادة الأماكن للاستثمار,25,إكرام الضيف,مركز - 160,160,,,,,
10001330,شركة برج هاجر العقارية المحدودة,299,إكرام الضيف,مركز - 101,101,,,,,
10011364,شركة بلورة الدرة للخدمات الفندقية,713,إكرام الضيف,مركز - 109,109,,,,,
10001330,شركة برج هاجر العقارية المحدودة,49,إكرام الضيف,مركز - 150,150,,,,,
10007774,شركة أبراج ساره للاستثمار العقاري فندق مكةسويس اوتيل,133,إكرام الضيف,مركز - 150,150,,,,,
10007018,شركة تارا,577,إكرام الضيف,مركز - 101,101,,,,,
10001395,شركة بتول اجياد الفندقية,41,إكرام الضيف,مركز - 117,117,,,,,
10007816,شركة اجنحة المشاعر المحدودة,325,إكرام الضيف,مركز - 104,104,,,,,
10007391,شركة ابراج ساره للاستثمار العقاري فندق سويس أوتيل المقام مكة,74,إكرام الضيف,مركز - 150,150,,,,,
10002536,شركة اجياد للخدمات الفندقية,232,إكرام الضيف,مركز - 109,109,,,,,
10009335,شركة تارا الذهبي,64,إكرام الضيف,مركز - 162,162,,,,,
10011133,شركة إيلاف للاستثمار الدولي,92,إكرام الضيف,مركز - 160,160,,,,,
10007771,شركة ريحانة المكان,151,إكرام الضيف,مركز - 116,116,,,,,
10007793,شركة اشرقت الفندقية,369,إكرام الضيف,مركز - 118,118,,,,,
10007793,شركة اشرقت الفندقية,66,إكرام الضيف,مركز - 115,115,,,,,
10007793,شركة اشرقت الفندقية,3,إكرام الضيف,مركز - 116,116,,,,,
10011789,مؤسسة بكر سعيد نشوان للمقاولات,20,الراجحي,مركز - 133,133,,,,,
10009852,شركة اسكنت الصفوة للخدمات العقارية,26,إكرام الضيف,مركز - 116,116,,,,,
10006755,شركة اصيل الهيبة لتشغيل الفنادق,96,إكرام الضيف,مركز - 101,101,,,,,
10011470,مؤسسة أسامه سعد بن حامد سنكى للمقاولات العامة,6,الراجحي,مركز - 102,102,,,,,
10011470,مؤسسة أسامه سعد بن حامد سنكى للمقاولات العامة,172,الراجحي,مركز - 109,109,,,,,
10011470,مؤسسة أسامه سعد بن حامد سنكى للمقاولات العامة,15,الراجحي,مركز - 107,107,,,,,
10011470,مؤسسة أسامه سعد بن حامد سنكى للمقاولات العامة,239,الراجحي,مركز - 108,108,,,,,
10012170,مؤسسة أصل الجوهرة الفندقية,80,الراجحي,مركز - 125,125,,,,,
10012584,مؤسسة بركة المكية لتنظيم الرحلات,404,الراجحي,مركز - 123,123,,,,,
10011743,مؤسسة المعيار المثالي للصيانة والنظافة,351,الراجحي,مركز - 127,127,,,,,
10012482,مؤسسة أحمد محمد بن محمد الواحدي التجارية,160,الراجحي,مركز - 139,139,,,,,
10012783,مؤسسة العلمية المتميزة التجارية,32,الراجحي,مركز - 126,126,,,,,
10009852,شركة اسكنت الصفوة للخدمات العقارية,41,إكرام الضيف,مركز - 117,117,,,,,
10012606,مؤسسة إيليت بريميوم كوليكشن,997,الراجحي,مركز - 145,145,,,,,
10012783,مؤسسة العلمية المتميزة التجارية,136,الراجحي,مركز - 144,144,,,,,
10011789,مؤسسة بكر سعيد نشوان للمقاولات,565,الراجحي,مركز - 132,132,,,,,
10007555,مؤسسة الرواد للسياحة,97,الراجحي,مركز - 108,108,,,,,
10007555,مؤسسة الرواد للسياحة,166,الراجحي,مركز - 112,112,,,,,
10012170,مؤسسة أصل الجوهرة الفندقية,521,الراجحي,مركز - 126,126,,,,,
10012881,مؤسسة زاد المشاعر لتشغيل الفنادق,17,الراجحي,مركز - 125,125,,,,,
10007603,فندق وردة تولين الفندقية,28,الراجحي,مركز - 151,151,,,,,
10012881,مؤسسة زاد المشاعر لتشغيل الفنادق,39,الراجحي,مركز - 127,127,,,,,
10007555,مؤسسة الرواد للسياحة,364,الراجحي,مركز - 130,130,,,,,
10012514,مؤسسة احمد محمد سعيدي للمقاولات,73,الراجحي,مركز - 144,144,,,,,
10012881,مؤسسة زاد المشاعر لتشغيل الفنادق,76,الراجحي,مركز - 130,130,,,,,
10012514,مؤسسة احمد محمد سعيدي للمقاولات,79,الراجحي,مركز - 123,123,,,,,
10012372,مؤسسة دوحة طيبة للمقاولات العامة,313,الراجحي,مركز - 129,129,,,,,
10012881,مؤسسة زاد المشاعر لتشغيل الفنادق,66,الراجحي,مركز - 140,140,,,,,
10012372,مؤسسة دوحة طيبة للمقاولات العامة,191,الراجحي,مركز - 144,144,,,,,
10012482,مؤسسة أحمد محمد بن محمد الواحدي التجارية,61,الراجحي,مركز - 123,123,,,,,
10011786,مؤسسة حامد بن محمد بن حامد الحامد للتجارة,135,الراجحي,مركز - 153,153,,,,,
10011564,مؤسسة خالد محمود صالح قطان,114,الراجحي,مركز - 125,125,,,,,
10012881,مؤسسة زاد المشاعر لتشغيل الفنادق,229,الراجحي,مركز - 133,133,,,,,
10012684,مؤسسة تأسيس فن الأعمار العقارية,279,الراجحي,مركز - 133,133,,,,,
10011564,مؤسسة خالد محمود صالح قطان,78,الراجحي,مركز - 135,135,,,,,
10012534,مؤسسة زايد الخير للمقاولات,463,الراجحي,مركز - 131,131,,,,,
10011789,مؤسسة بكر سعيد نشوان للمقاولات,2,الراجحي,مركز - 120,120,,,,,
10012671,مجموعة حاتم علي حسن احمد ابو العلا لخدمات الأعمال,194,الراجحي,مركز - 133,133,,,,,
10012697,شركة إنفيكتوس كونستراكشن,15,الراجحي,مركز - 113,113,,,,,
10007316,شركة زهرة المدائن الفندقية شركة شخص واحد,27,إكرام الضيف,مركز - 116,116,,,,,
10011908,شركة استقبال توديع للنقل,341,إكرام الضيف,مركز - 115,115,,,,,
10011564,مؤسسة خالد محمود صالح قطان,232,الراجحي,مركز - 128,128,,,,,
10012684,مؤسسة تأسيس فن الأعمار العقارية,40,الراجحي,مركز - 136,136,,,,,
10011743,مؤسسة المعيار المثالي للصيانة والنظافة,104,الراجحي,مركز - 135,135,,,,,
10011470,مؤسسة أسامه سعد بن حامد سنكى للمقاولات العامة,30,الراجحي,مركز - 113,113,,,,,
10007555,مؤسسة الرواد للسياحة,169,الراجحي,مركز - 136,136,,,,,
10012067,فندق منابر المحبة الفندقية,137,الراجحي,مركز - 151,151,,,,,
10001021,فندق مكارم اجياد مكة,85,الراجحي,مركز - 103,103,,,,,
10001021,فندق مكارم اجياد مكة,14,الراجحي,مركز - 107,107,,,,,
10010195,فندق مقام النخبة للايواء السياحي,4,الراجحي,مركز - 153,153,,,,,
10007555,مؤسسة الرواد للسياحة,495,الراجحي,مركز - 123,123,,,,,
10007534,فندق ليمة الذهبي للايواء السياحي,370,الراجحي,مركز - 151,151,,,,,
10007534,فندق ليمة الذهبي للايواء السياحي,10,الراجحي,مركز - 150,150,,,,,
10008149,فندق قصر العزيزية الفندقية,512,الراجحي,مركز - 107,107,,,,,
10001527,فندق قصر الازهر الفندقية,1,الراجحي,مركز - 120,120,,,,,
10010195,فندق مقام النخبة للايواء السياحي,68,الراجحي,مركز - 151,151,,,,,
10008149,فندق قصر العزيزية الفندقية,34,الراجحي,مركز - 103,103,,,,,
10007555,مؤسسة الرواد للسياحة,45,الراجحي,مركز - 107,107,,,,,
10001527,فندق قصر الازهر الفندقية,717,الراجحي,مركز - 137,137,,,,,
10001021,فندق مكارم اجياد مكة,57,الراجحي,مركز - 102,102,,,,,
10008149,فندق قصر العزيزية الفندقية,177,الراجحي,مركز - 109,109,,,,,
10009993,فندق منصور عبدالعزيز سعود الدغيثر الفندقية,154,الراجحي,مركز - 133,133,,,,,
10009993,فندق منصور عبدالعزيز سعود الدغيثر الفندقية,230,الراجحي,مركز - 136,136,,,,,
10010132,فندق مناسك البيت للايواء السياحي,2,الراجحي,مركز - 151,151,,,,,
10001021,فندق مكارم اجياد مكة,20,الراجحي,مركز - 109,109,,,,,
10010141,فندق سيف بلص الفندقية,184,الراجحي,مركز - 135,135,,,,,
10010132,فندق مناسك البيت للايواء السياحي,442,الراجحي,مركز - 150,150,,,,,
10007353,فندق سنود العزيزية فرع شركة سنود لادارت الاملاك,656,الراجحي,مركز - 127,127,,,,,
10007555,مؤسسة الرواد للسياحة,57,الراجحي,مركز - 110,110,,,,,
10010132,فندق مناسك البيت للايواء السياحي,56,الراجحي,مركز - 153,153,,,,,
10007286,فندق سناء الفضي الفندقية,332,الراجحي,مركز - 151,151,,,,,
10008815,فندق فيصل الصفوة الفندقية,362,الراجحي,مركز - 135,135,,,,,
10001652,فندق سدير كرم الفندقية,40,الراجحي,مركز - 102,102,,,,,
10008013,فندق سما المقام الفندقية,32,الراجحي,مركز - 110,110,,,,,
10001652,فندق سدير كرم الفندقية,69,الراجحي,مركز - 105,105,,,,,
10002104,فندق الكرام الفندقية,7,الراجحي,مركز - 106,106,,,,,
10002104,فندق الكرام الفندقية,1,الراجحي,مركز - 113,113,,,,,
10002104,فندق الكرام الفندقية,1,الراجحي,مركز - 101,101,,,,,
10008013,فندق سما المقام الفندقية,128,الراجحي,مركز - 103,103,,,,,
10002104,فندق الكرام الفندقية,1,الراجحي,مركز - 107,107,,,,,
10002104,فندق الكرام الفندقية,118,الراجحي,مركز - 112,112,,,,,
10002104,فندق الكرام الفندقية,1,الراجحي,مركز - 103,103,,,,,
10009279,فندق اللؤلؤة الزرقاء الفندقية,1114,الراجحي,مركز - 140,140,,,,,
10002104,فندق الكرام الفندقية,296,الراجحي,مركز - 108,108,,,,,
10002104,فندق الكرام الفندقية,50,الراجحي,مركز - 102,102,,,,,
10007286,فندق سناء الفضي الفندقية,3,الراجحي,مركز - 153,153,,,,,
10012491,فندق المها تاور للخدمات الفندقيه,453,الراجحي,مركز - 130,130,,,,,
10007293,فندق المروة ريحان فرع شركة جوار لإدارة وتسويق وتطوير العقار,136,الراجحي,مركز - 107,107,,,,,
10012491,فندق المها تاور للخدمات الفندقيه,11,الراجحي,مركز - 140,140,,,,,
10006490,فندق النخبة,288,الراجحي,مركز - 109,109,,,,,
10006490,فندق النخبة,53,الراجحي,مركز - 113,113,,,,,
10006490,فندق النخبة,20,الراجحي,مركز - 106,106,,,,,
10009279,فندق اللؤلؤة الزرقاء الفندقية,1,الراجحي,مركز - 138,138,,,,,
10006490,فندق النخبة,3,الراجحي,مركز - 112,112,,,,,
10006490,فندق النخبة,207,الراجحي,مركز - 108,108,,,,,
10006490,فندق النخبة,40,الراجحي,مركز - 107,107,,,,,
10007555,مؤسسة الرواد للسياحة,89,الراجحي,مركز - 113,113,,,,,
10009279,فندق اللؤلؤة الزرقاء الفندقية,1,الراجحي,مركز - 120,120,,,,,
10006490,فندق النخبة,119,الراجحي,مركز - 105,105,,,,,
10007286,فندق سناء الفضي الفندقية,10,الراجحي,مركز - 150,150,,,,,
10009759,فندق النسيم السهلة للخدمات الفندقيه,5,الراجحي,مركز - 112,112,,,,,
10009759,فندق النسيم السهلة للخدمات الفندقيه,1,الراجحي,مركز - 108,108,,,,,
10009759,فندق النسيم السهلة للخدمات الفندقيه,387,الراجحي,مركز - 110,110,,,,,
10009759,فندق النسيم السهلة للخدمات الفندقيه,26,الراجحي,مركز - 102,102,,,,,
10009759,فندق النسيم السهلة للخدمات الفندقيه,1,الراجحي,مركز - 103,103,,,,,
10011937,فندق الهداية الكبرى الفندقية,49,الراجحي,مركز - 113,113,,,,,
10009759,فندق النسيم السهلة للخدمات الفندقيه,2,الراجحي,مركز - 101,101,,,,,
10011937,فندق الهداية الكبرى الفندقية,1,الراجحي,مركز - 105,105,,,,,
10011937,فندق الهداية الكبرى الفندقية,111,الراجحي,مركز - 106,106,,,,,
10011937,فندق الهداية الكبرى الفندقية,80,الراجحي,مركز - 108,108,,,,,
10011937,فندق الهداية الكبرى الفندقية,106,الراجحي,مركز - 112,112,,,,,
10011937,فندق الهداية الكبرى الفندقية,86,الراجحي,مركز - 109,109,,,,,
10011937,فندق الهداية الكبرى الفندقية,319,الراجحي,مركز - 147,147,,,,,
10009759,فندق النسيم السهلة للخدمات الفندقيه,297,الراجحي,مركز - 113,113,,,,,
10011937,فندق الهداية الكبرى الفندقية,3,الراجحي,مركز - 126,126,,,,,
10011937,فندق الهداية الكبرى الفندقية,16,الراجحي,مركز - 102,102,,,,,
10006651,فندق اهداء الوسام الفندقية,1,الراجحي,مركز - 120,120,,,,,
10006651,فندق اهداء الوسام الفندقية,1,الراجحي,مركز - 137,137,,,,,
10006651,فندق اهداء الوسام الفندقية,691,الراجحي,مركز - 124,124,,,,,
10007010,فندق اوتاد المتحده للضيافة السياحي,19,الراجحي,مركز - 105,105,,,,,
10011937,فندق الهداية الكبرى الفندقية,210,الراجحي,مركز - 110,110,,,,,
10006726,فندق ايلاف اجياد فرع شركة ايلاف للفنادق,28,الراجحي,مركز - 112,112,,,,,
10006726,فندق ايلاف اجياد فرع شركة ايلاف للفنادق,34,الراجحي,مركز - 106,106,,,,,
10006726,فندق ايلاف اجياد فرع شركة ايلاف للفنادق,55,الراجحي,مركز - 107,107,,,,,
10006490,فندق النخبة,24,الراجحي,مركز - 103,103,,,,,
10007010,فندق اوتاد المتحده للضيافة السياحي,2,الراجحي,مركز - 102,102,,,,,
10006726,فندق ايلاف اجياد فرع شركة ايلاف للفنادق,30,الراجحي,مركز - 110,110,,,,,
10011937,فندق الهداية الكبرى الفندقية,351,الراجحي,مركز - 122,122,,,,,
10009500,فندق إيثار الوهج الفندقية,3,الراجحي,مركز - 102,102,,,,,
10009500,فندق إيثار الوهج الفندقية,5,الراجحي,مركز - 103,103,,,,,
10007681,فندق أبراج الصفوة الفندقية,118,الراجحي,مركز - 106,106,,,,,
10007681,فندق أبراج الصفوة الفندقية,74,الراجحي,مركز - 105,105,,,,,
10007681,فندق أبراج الصفوة الفندقية,251,الراجحي,مركز - 101,101,,,,,
10007681,فندق أبراج الصفوة الفندقية,3,الراجحي,مركز - 107,107,,,,,
10009500,فندق إيثار الوهج الفندقية,77,الراجحي,مركز - 107,107,,,,,
10007681,فندق أبراج الصفوة الفندقية,139,الراجحي,مركز - 102,102,,,,,
10007681,فندق أبراج الصفوة الفندقية,460,الراجحي,مركز - 103,103,,,,,
10008627,فندق أثير المشاعر المتميزة للضيافة السياحي,1,الراجحي,مركز - 132,132,,,,,
10012749,فندق أروقة الصفوة,160,الراجحي,مركز - 139,139,,,,,
10007681,فندق أبراج الصفوة الفندقية,154,الراجحي,مركز - 110,110,,,,,
10008627,فندق أثير المشاعر المتميزة للضيافة السياحي,1,الراجحي,مركز - 123,123,,,,,
10009500,فندق إيثار الوهج الفندقية,125,الراجحي,مركز - 106,106,,,,,
10009702,فندق أنوار المنارات الذهبية الفندقية,213,الراجحي,مركز - 112,112,,,,,
10009702,فندق أنوار المنارات الذهبية الفندقية,1,الراجحي,مركز - 108,108,,,,,
10009702,فندق أنوار المنارات الذهبية الفندقية,21,الراجحي,مركز - 107,107,,,,,
10010798,فندق الصفوة رويال أوركيد الفندقية,91,الراجحي,مركز - 102,102,,,,,
10009702,فندق أنوار المنارات الذهبية الفندقية,70,الراجحي,مركز - 103,103,,,,,
10010798,فندق الصفوة رويال أوركيد الفندقية,2,الراجحي,مركز - 103,103,,,,,
10009702,فندق أنوار المنارات الذهبية الفندقية,45,الراجحي,مركز - 105,105,,,,,
10012697,شركة إنفيكتوس كونستراكشن,5,الراجحي,مركز - 105,105,,,,,
10010798,فندق الصفوة رويال أوركيد الفندقية,12,الراجحي,مركز - 101,101,,,,,
10007555,مؤسسة الرواد للسياحة,248,الراجحي,مركز - 106,106,,,,,
10006490,فندق النخبة,262,الراجحي,مركز - 110,110,,,,,
10007813,شركة سدرة المحبس للخدمات الفندقيه غير ربحية خاصة,636,إكرام الضيف,مركز - 123,123,,,,,
10009702,فندق أنوار المنارات الذهبية الفندقية,2,الراجحي,مركز - 102,102,,,,,
10010798,فندق الصفوة رويال أوركيد الفندقية,101,الراجحي,مركز - 105,105,,,,,
10006726,فندق ايلاف اجياد فرع شركة ايلاف للفنادق,19,الراجحي,مركز - 102,102,,,,,
10011098,فندق البرج الماسي للشقق الفندقية,392,الراجحي,مركز - 153,153,,,,,
10011098,فندق البرج الماسي للشقق الفندقية,1,الراجحي,مركز - 150,150,,,,,
10007543,فندق اكابر الهجرة الفندقية,6,الراجحي,مركز - 102,102,,,,,
10002106,فندق اعمار جراند الفندقية,94,الراجحي,مركز - 102,102,,,,,
10007543,فندق اكابر الهجرة الفندقية,74,الراجحي,مركز - 106,106,,,,,
10002106,فندق اعمار جراند الفندقية,32,الراجحي,مركز - 103,103,,,,,
10011098,فندق البرج الماسي للشقق الفندقية,132,الراجحي,مركز - 151,151,,,,,
10006386,فندق اعمار اندلسية الفندقية,23,الراجحي,مركز - 101,101,,,,,
10012191,مؤسسة روائح المسك لتشغيل الفنادق,225,الراجحي,مركز - 144,144,,,,,
10006386,فندق اعمار اندلسية الفندقية,1,الراجحي,مركز - 102,102,,,,,
10012230,فندق اعمار النزهه المتميز,2,الراجحي,مركز - 102,102,,,,,
10012368,شقق عادل بن عبدالله الناصر للوحدات السكنية,1346,الراجحي,مركز - 145,145,,,,,
10005498,فندق الروحانية الفندقية,1,إكرام الضيف,مركز - 116,116,,,,,
10012230,فندق اعمار النزهه المتميز,20,الراجحي,مركز - 103,103,,,,,
10009177,فندق الرافدين اجياد الفندقية,86,الراجحي,مركز - 110,110,,,,,
10012558,شركة ودام للخدمات الفندقية,193,الراجحي,مركز - 120,120,,,,,
10010088,شقق درة الصالحين للشقق المخدومة,10,الراجحي,مركز - 150,150,,,,,
10011089,شركة نماء العصرية للفنادق,2,الراجحي,مركز - 151,151,,,,,
10011411,شركة نجمة اسراء الذهبي للخدمات الفندقية,430,الراجحي,مركز - 135,135,,,,,
10011411,شركة نجمة اسراء الذهبي للخدمات الفندقية,5,الراجحي,مركز - 124,124,,,,,
10011411,شركة نجمة اسراء الذهبي للخدمات الفندقية,74,الراجحي,مركز - 132,132,,,,,
10010088,شقق درة الصالحين للشقق المخدومة,80,الراجحي,مركز - 151,151,,,,,
10012487,شركة نبراس العنوان للتجارة,166,الراجحي,مركز - 139,139,,,,,
10012487,شركة نبراس العنوان للتجارة,31,الراجحي,مركز - 128,128,,,,,
10009792,شركة ميسان الصفوة الفندقية شخص واحد,29,الراجحي,مركز - 102,102,,,,,
10001780,فندق الرحابة المكية لصاحبها صالح وصل السلمي,30,الراجحي,مركز - 128,128,,,,,
10011411,شركة نجمة اسراء الذهبي للخدمات الفندقية,1,الراجحي,مركز - 133,133,,,,,
10009792,شركة ميسان الصفوة الفندقية شخص واحد,48,الراجحي,مركز - 107,107,,,,,
10012368,شقق عادل بن عبدالله الناصر للوحدات السكنية,147,الراجحي,مركز - 144,144,,,,,
10008584,شركة ميسان الجنوبية الفندقية شخص واحد,45,الراجحي,مركز - 103,103,,,,,
10008584,شركة ميسان الجنوبية الفندقية شخص واحد,1,الراجحي,مركز - 102,102,,,,,
10008584,شركة ميسان الجنوبية الفندقية شخص واحد,376,الراجحي,مركز - 110,110,,,,,
10008584,شركة ميسان الجنوبية الفندقية شخص واحد,1,الراجحي,مركز - 112,112,,,,,
10008584,شركة ميسان الجنوبية الفندقية شخص واحد,129,الراجحي,مركز - 107,107,,,,,
10008584,شركة ميسان الجنوبية الفندقية شخص واحد,213,الراجحي,مركز - 106,106,,,,,
10009670,شركة ميسان الصفا الفندقية شخص واحد,73,الراجحي,مركز - 127,127,,,,,
10010871,شركة منازل العين كوما التجارية  قابضة,3,الراجحي,مركز - 126,126,,,,,
10012185,شركة فندق اجواد السلام الفندقية,247,الراجحي,مركز - 113,113,,,,,
10010871,شركة منازل العين كوما التجارية  قابضة,2252,الراجحي,مركز - 124,124,,,,,
10010871,شركة منازل العين كوما التجارية  قابضة,1,الراجحي,مركز - 128,128,,,,,
10008584,شركة ميسان الجنوبية الفندقية شخص واحد,82,الراجحي,مركز - 113,113,,,,,
10010871,شركة منازل العين كوما التجارية  قابضة,5,الراجحي,مركز - 120,120,,,,,
10009792,شركة ميسان الصفوة الفندقية شخص واحد,251,الراجحي,مركز - 108,108,,,,,
10011780,شركة مساكن الانوار الذهبية المحدودة,157,الراجحي,مركز - 110,110,,,,,
10011780,شركة مساكن الانوار الذهبية المحدودة,2,الراجحي,مركز - 102,102,,,,,
10011780,شركة مساكن الانوار الذهبية المحدودة,1,الراجحي,مركز - 107,107,,,,,
10011780,شركة مساكن الانوار الذهبية المحدودة,2,الراجحي,مركز - 108,108,,,,,
10011780,شركة مساكن الانوار الذهبية المحدودة,105,الراجحي,مركز - 112,112,,,,,
10011780,شركة مساكن الانوار الذهبية المحدودة,441,الراجحي,مركز - 109,109,,,,,
10011842,شركة مكان التميز المحدودة,415,الراجحي,مركز - 127,127,,,,,
10011794,شركة مدى النسيم التجارية,391,الراجحي,مركز - 144,144,,,,,
10011651,شركة مزايا روفان,161,الراجحي,مركز - 139,139,,,,,
10012216,شركة محمد سيف اليماني للمقاولات العامة,50,الراجحي,مركز - 128,128,,,,,
10012831,فندق الرسالة الجوار للخدمات الفندقيه,147,الراجحي,مركز - 153,153,,,,,
10011842,شركة مكان التميز المحدودة,1,الراجحي,مركز - 124,124,,,,,
10011780,شركة مساكن الانوار الذهبية المحدودة,12,الراجحي,مركز - 113,113,,,,,
10009792,شركة ميسان الصفوة الفندقية شخص واحد,134,الراجحي,مركز - 112,112,,,,,
10009423,شركة محمد بن فالح الجابرى الفندقية,336,الراجحي,مركز - 106,106,,,,,
10009423,شركة محمد بن فالح الجابرى الفندقية,103,الراجحي,مركز - 108,108,,,,,
10009423,شركة محمد بن فالح الجابرى الفندقية,1,الراجحي,مركز - 109,109,,,,,
10009423,شركة محمد بن فالح الجابرى الفندقية,285,الراجحي,مركز - 113,113,,,,,
10009423,شركة محمد بن فالح الجابرى الفندقية,1,الراجحي,مركز - 153,153,,,,,
10001669,شركة مأثر الضيافة لخدمات المعتمرين,30,الراجحي,مركز - 102,102,,,,,
10009423,شركة محمد بن فالح الجابرى الفندقية,10,الراجحي,مركز - 112,112,,,,,
10001669,شركة مأثر الضيافة لخدمات المعتمرين,1,الراجحي,مركز - 101,101,,,,,
10001669,شركة مأثر الضيافة لخدمات المعتمرين,28,الراجحي,مركز - 108,108,,,,,
10001669,شركة مأثر الضيافة لخدمات المعتمرين,1,الراجحي,مركز - 106,106,,,,,
10012774,شركة كنت المتحدة العقارية,204,الراجحي,مركز - 120,120,,,,,
10001669,شركة مأثر الضيافة لخدمات المعتمرين,78,الراجحي,مركز - 103,103,,,,,
10001669,شركة مأثر الضيافة لخدمات المعتمرين,41,الراجحي,مركز - 109,109,,,,,
10009423,شركة محمد بن فالح الجابرى الفندقية,1,الراجحي,مركز - 110,110,,,,,
10007078,شركة فندق وفاق المشاعر للضيافة السياحي,1,الراجحي,مركز - 106,106,,,,,
10007078,شركة فندق وفاق المشاعر للضيافة السياحي,322,الراجحي,مركز - 108,108,,,,,
10010193,شركة فندق مكان التميز للضيافة السياحي شخص واحد,56,الراجحي,مركز - 125,125,,,,,
10007845,شركة فندق جوهرة البيان الفندقية,694,الراجحي,مركز - 151,151,,,,,
10010193,شركة فندق مكان التميز للضيافة السياحي شخص واحد,303,الراجحي,مركز - 130,130,,,,,
10007845,شركة فندق جوهرة البيان الفندقية,126,الراجحي,مركز - 150,150,,,,,
10007078,شركة فندق وفاق المشاعر للضيافة السياحي,16,الراجحي,مركز - 102,102,,,,,
10012532,شركة فندق أركان العزيزية للشقق المخدومة شخص واحد,290,الراجحي,مركز - 127,127,,,,,
10012509,شركة فندق بيسان المتميز للضيافة السياحي شخص واحد,332,الراجحي,مركز - 123,123,,,,,
10007296,شركة فندق العيسائي للضيافة,42,الراجحي,مركز - 101,101,,,,,
10009423,شركة محمد بن فالح الجابرى الفندقية,11,الراجحي,مركز - 102,102,,,,,
10007845,شركة فندق جوهرة البيان الفندقية,45,الراجحي,مركز - 153,153,,,,,
10010707,شركة فندق الراقي المميز الفندقية,71,الراجحي,مركز - 102,102,,,,,
10012774,شركة كنت المتحدة العقارية,268,الراجحي,مركز - 140,140,,,,,
10010707,شركة فندق الراقي المميز الفندقية,99,الراجحي,مركز - 113,113,,,,,
10010707,شركة فندق الراقي المميز الفندقية,136,الراجحي,مركز - 105,105,,,,,
10011686,شركة فندق الدار البيضاء,1,الراجحي,مركز - 126,126,,,,,
10012185,شركة فندق اجواد السلام الفندقية,2,الراجحي,مركز - 102,102,,,,,
10011686,شركة فندق الدار البيضاء,449,الراجحي,مركز - 132,132,,,,,
10012185,شركة فندق اجواد السلام الفندقية,153,الراجحي,مركز - 110,110,,,,,
10010707,شركة فندق الراقي المميز الفندقية,337,الراجحي,مركز - 108,108,,,,,
10012185,شركة فندق اجواد السلام الفندقية,382,الراجحي,مركز - 106,106,,,,,
10012185,شركة فندق اجواد السلام الفندقية,10,الراجحي,مركز - 105,105,,,,,
10000983,شركة فندق ابراج شركة مكه الفندقية شركة شخص واحد,359,الراجحي,مركز - 102,102,,,,,
10000983,شركة فندق ابراج شركة مكه الفندقية شركة شخص واحد,219,الراجحي,مركز - 107,107,,,,,
10012185,شركة فندق اجواد السلام الفندقية,50,الراجحي,مركز - 112,112,,,,,
10000983,شركة فندق ابراج شركة مكه الفندقية شركة شخص واحد,146,الراجحي,مركز - 103,103,,,,,
10010707,شركة فندق الراقي المميز الفندقية,188,الراجحي,مركز - 112,112,,,,,
10006651,فندق اهداء الوسام الفندقية,1,الراجحي,مركز - 120,120,,,,,
10006651,فندق اهداء الوسام الفندقية,691,الراجحي,مركز - 124,124,,,,,
10006651,فندق اهداء الوسام الفندقية,1,الراجحي,مركز - 137,137,,,,,
10007010,فندق اوتاد المتحده للضيافة السياحي,19,الراجحي,مركز - 105,105,,,,,
10007010,فندق اوتاد المتحده للضيافة السياحي,2,الراجحي,مركز - 102,102,,,,,
10006726,فندق ايلاف اجياد فرع شركة ايلاف للفنادق,34,الراجحي,مركز - 106,106,,,,,
10005498,فندق الروحانية الفندقية,277,إكرام الضيف,مركز - 117,117,,,,,
10007249,فندق المنارة إيواء الفندقية,474,إكرام الضيف,مركز - 108,108,,,,,
10006726,فندق ايلاف اجياد فرع شركة ايلاف للفنادق,30,الراجحي,مركز - 110,110,,,,,
10006726,فندق ايلاف اجياد فرع شركة ايلاف للفنادق,19,الراجحي,مركز - 102,102,,,,,
10009500,فندق إيثار الوهج الفندقية,77,الراجحي,مركز - 107,107,,,,,
10009500,فندق إيثار الوهج الفندقية,5,الراجحي,مركز - 103,103,,,,,
10009500,فندق إيثار الوهج الفندقية,3,الراجحي,مركز - 102,102,,,,,
10008747,فندق زهره الباديه الفندقية,166,إكرام الضيف,مركز - 160,160,,,,,
10007681,فندق أبراج الصفوة الفندقية,74,الراجحي,مركز - 105,105,,,,,
10007681,فندق أبراج الصفوة الفندقية,3,الراجحي,مركز - 107,107,,,,,
10007681,فندق أبراج الصفوة الفندقية,460,الراجحي,مركز - 103,103,,,,,
10007681,فندق أبراج الصفوة الفندقية,139,الراجحي,مركز - 102,102,,,,,
10008627,فندق أثير المشاعر المتميزة للضيافة السياحي,1,الراجحي,مركز - 132,132,,,,,
10002104,فندق الكرام الفندقية,56,إكرام الضيف,مركز - 150,150,,,,,
10007467,فندق سواعد الخير الفندقية,18,إكرام الضيف,مركز - 160,160,,,,,
10009702,فندق أنوار المنارات الذهبية الفندقية,45,الراجحي,مركز - 105,105,,,,,
10012042,فندق سما العزيزية الفندقية,281,إكرام الضيف,مركز - 118,118,,,,,
10009702,فندق أنوار المنارات الذهبية الفندقية,213,الراجحي,مركز - 112,112,,,,,
10009702,فندق أنوار المنارات الذهبية الفندقية,21,الراجحي,مركز - 107,107,,,,,
10009702,فندق أنوار المنارات الذهبية الفندقية,70,الراجحي,مركز - 103,103,,,,,
10002567,فندق سما السماح الفندقية,55,إكرام الضيف,مركز - 161,161,,,,,
10010798,فندق الصفوة رويال أوركيد الفندقية,2,الراجحي,مركز - 103,103,,,,,
10010798,فندق الصفوة رويال أوركيد الفندقية,101,الراجحي,مركز - 105,105,,,,,
10010798,فندق الصفوة رويال أوركيد الفندقية,12,الراجحي,مركز - 101,101,,,,,
10009603,فندق السنابل الذهبية اثنين للخدمات الفندقيه,447,الراجحي,مركز - 122,122,,,,,
10008136,فندق الرفاع العزيزية,2137,الراجحي,مركز - 125,125,,,,,
10012831,فندق الرسالة الجوار للخدمات الفندقيه,147,الراجحي,مركز - 153,153,,,,,
10001780,فندق الرحابة المكية لصاحبها صالح وصل السلمي,30,الراجحي,مركز - 128,128,,,,,
10002236,فندق ام من ميلينوم فرع شركة النبلاء العالمية لاستثمارالعقاري,221,إكرام الضيف,مركز - 116,116,,,,,
10011439,فندق عبدالله بن حامد بن سويلم القرشي للايواء السياحي,145,إكرام الضيف,مركز - 161,161,,,,,
10011098,فندق البرج الماسي للشقق الفندقية,392,الراجحي,مركز - 153,153,,,,,
10007465,فندق شباب دلما الفندقية,36,إكرام الضيف,مركز - 161,161,,,,,
10007543,فندق اكابر الهجرة الفندقية,74,الراجحي,مركز - 106,106,,,,,
10002106,فندق اعمار جراند الفندقية,94,الراجحي,مركز - 102,102,,,,,
10002106,فندق اعمار جراند الفندقية,32,الراجحي,مركز - 103,103,,,,,
10010141,فندق سيف بلص الفندقية,19,إكرام الضيف,مركز - 120,120,,,,,
10006386,فندق اعمار اندلسية الفندقية,1,الراجحي,مركز - 102,102,,,,,
10006386,فندق اعمار اندلسية الفندقية,23,الراجحي,مركز - 101,101,,,,,
10012230,فندق اعمار النزهه المتميز,2,الراجحي,مركز - 102,102,,,,,
10012230,فندق اعمار النزهه المتميز,20,الراجحي,مركز - 103,103,,,,,
10012368,شقق عادل بن عبدالله الناصر للوحدات السكنية,1346,الراجحي,مركز - 145,145,,,,,
10012368,شقق عادل بن عبدالله الناصر للوحدات السكنية,147,الراجحي,مركز - 144,144,,,,,
10010088,شقق درة الصالحين للشقق المخدومة,80,الراجحي,مركز - 151,151,,,,,
10012558,شركة ودام للخدمات الفندقية,193,الراجحي,مركز - 120,120,,,,,
10011089,شركة نماء العصرية للفنادق,2,الراجحي,مركز - 151,151,,,,,
10011411,شركة نجمة اسراء الذهبي للخدمات الفندقية,5,الراجحي,مركز - 124,124,,,,,
10011411,شركة نجمة اسراء الذهبي للخدمات الفندقية,74,الراجحي,مركز - 132,132,,,,,
10011411,شركة نجمة اسراء الذهبي للخدمات الفندقية,1,الراجحي,مركز - 133,133,,,,,
10012487,شركة نبراس العنوان للتجارة,31,الراجحي,مركز - 128,128,,,,,
10009792,شركة ميسان الصفوة الفندقية شخص واحد,29,الراجحي,مركز - 102,102,,,,,
10009792,شركة ميسان الصفوة الفندقية شخص واحد,48,الراجحي,مركز - 107,107,,,,,
10009792,شركة ميسان الصفوة الفندقية شخص واحد,134,الراجحي,مركز - 112,112,,,,,
10009792,شركة ميسان الصفوة الفندقية شخص واحد,251,الراجحي,مركز - 108,108,,,,,
10009670,شركة ميسان الصفا الفندقية شخص واحد,73,الراجحي,مركز - 127,127,,,,,
10008584,شركة ميسان الجنوبية الفندقية شخص واحد,1,الراجحي,مركز - 102,102,,,,,
10008584,شركة ميسان الجنوبية الفندقية شخص واحد,45,الراجحي,مركز - 103,103,,,,,
10010141,فندق سيف بلص الفندقية,579,إكرام الضيف,مركز - 121,121,,,,,
10008584,شركة ميسان الجنوبية الفندقية شخص واحد,129,الراجحي,مركز - 107,107,,,,,
10008584,شركة ميسان الجنوبية الفندقية شخص واحد,1,الراجحي,مركز - 112,112,,,,,
10008584,شركة ميسان الجنوبية الفندقية شخص واحد,213,الراجحي,مركز - 106,106,,,,,
10012185,شركة فندق اجواد السلام الفندقية,247,الراجحي,مركز - 113,113,,,,,
10010871,شركة منازل العين كوما التجارية  قابضة,3,الراجحي,مركز - 126,126,,,,,
10010871,شركة منازل العين كوما التجارية  قابضة,2252,الراجحي,مركز - 124,124,,,,,
10010871,شركة منازل العين كوما التجارية  قابضة,1,الراجحي,مركز - 128,128,,,,,
10011842,شركة مكان التميز المحدودة,1,الراجحي,مركز - 124,124,,,,,
10011842,شركة مكان التميز المحدودة,415,الراجحي,مركز - 127,127,,,,,
10011780,شركة مساكن الانوار الذهبية المحدودة,2,الراجحي,مركز - 102,102,,,,,
10011780,شركة مساكن الانوار الذهبية المحدودة,157,الراجحي,مركز - 110,110,,,,,
10011780,شركة مساكن الانوار الذهبية المحدودة,1,الراجحي,مركز - 107,107,,,,,
10011780,شركة مساكن الانوار الذهبية المحدودة,105,الراجحي,مركز - 112,112,,,,,
10011780,شركة مساكن الانوار الذهبية المحدودة,441,الراجحي,مركز - 109,109,,,,,
10011780,شركة مساكن الانوار الذهبية المحدودة,12,الراجحي,مركز - 113,113,,,,,
10011651,شركة مزايا روفان,161,الراجحي,مركز - 139,139,,,,,
10012216,شركة محمد سيف اليماني للمقاولات العامة,50,الراجحي,مركز - 128,128,,,,,
10009423,شركة محمد بن فالح الجابرى الفندقية,608,الراجحي,مركز - 151,151,,,,,
10009423,شركة محمد بن فالح الجابرى الفندقية,11,الراجحي,مركز - 102,102,,,,,
10009423,شركة محمد بن فالح الجابرى الفندقية,1,الراجحي,مركز - 110,110,,,,,
10009423,شركة محمد بن فالح الجابرى الفندقية,10,الراجحي,مركز - 112,112,,,,,
10009423,شركة محمد بن فالح الجابرى الفندقية,103,الراجحي,مركز - 108,108,,,,,
10009423,شركة محمد بن فالح الجابرى الفندقية,336,الراجحي,مركز - 106,106,,,,,
10009423,شركة محمد بن فالح الجابرى الفندقية,1,الراجحي,مركز - 109,109,,,,,
10009423,شركة محمد بن فالح الجابرى الفندقية,1,الراجحي,مركز - 153,153,,,,,
10009423,شركة محمد بن فالح الجابرى الفندقية,285,الراجحي,مركز - 113,113,,,,,
10001669,شركة مأثر الضيافة لخدمات المعتمرين,30,الراجحي,مركز - 102,102,,,,,
10001669,شركة مأثر الضيافة لخدمات المعتمرين,28,الراجحي,مركز - 108,108,,,,,
10001669,شركة مأثر الضيافة لخدمات المعتمرين,1,الراجحي,مركز - 101,101,,,,,
10001669,شركة مأثر الضيافة لخدمات المعتمرين,1,الراجحي,مركز - 106,106,,,,,
10012774,شركة كنت المتحدة العقارية,204,الراجحي,مركز - 120,120,,,,,
10012774,شركة كنت المتحدة العقارية,268,الراجحي,مركز - 140,140,,,,,
10007078,شركة فندق وفاق المشاعر للضيافة السياحي,16,الراجحي,مركز - 102,102,,,,,
10007078,شركة فندق وفاق المشاعر للضيافة السياحي,1,الراجحي,مركز - 106,106,,,,,
10010193,شركة فندق مكان التميز للضيافة السياحي شخص واحد,56,الراجحي,مركز - 125,125,,,,,
10010193,شركة فندق مكان التميز للضيافة السياحي شخص واحد,303,الراجحي,مركز - 130,130,,,,,
10007845,شركة فندق جوهرة البيان الفندقية,694,الراجحي,مركز - 151,151,,,,,
10007845,شركة فندق جوهرة البيان الفندقية,126,الراجحي,مركز - 150,150,,,,,
10007845,شركة فندق جوهرة البيان الفندقية,45,الراجحي,مركز - 153,153,,,,,
10012509,شركة فندق بيسان المتميز للضيافة السياحي شخص واحد,332,الراجحي,مركز - 123,123,,,,,
10007296,شركة فندق العيسائي للضيافة,42,الراجحي,مركز - 101,101,,,,,
10010707,شركة فندق الراقي المميز الفندقية,71,الراجحي,مركز - 102,102,,,,,
10010707,شركة فندق الراقي المميز الفندقية,203,الراجحي,مركز - 107,107,,,,,
10010707,شركة فندق الراقي المميز الفندقية,337,الراجحي,مركز - 108,108,,,,,
10010707,شركة فندق الراقي المميز الفندقية,136,الراجحي,مركز - 105,105,,,,,
10010707,شركة فندق الراقي المميز الفندقية,99,الراجحي,مركز - 113,113,,,,,
10011686,شركة فندق الدار البيضاء,449,الراجحي,مركز - 132,132,,,,,
10012185,شركة فندق اجواد السلام الفندقية,2,الراجحي,مركز - 102,102,,,,,
10012185,شركة فندق اجواد السلام الفندقية,153,الراجحي,مركز - 110,110,,,,,
10012185,شركة فندق اجواد السلام الفندقية,50,الراجحي,مركز - 112,112,,,,,
10012185,شركة فندق اجواد السلام الفندقية,10,الراجحي,مركز - 105,105,,,,,
10012185,شركة فندق اجواد السلام الفندقية,382,الراجحي,مركز - 106,106,,,,,
10000983,شركة فندق ابراج شركة مكه الفندقية شركة شخص واحد,359,الراجحي,مركز - 102,102,,,,,
10000983,شركة فندق ابراج شركة مكه الفندقية شركة شخص واحد,219,الراجحي,مركز - 107,107,,,,,
10000983,شركة فندق ابراج شركة مكه الفندقية شركة شخص واحد,21,الراجحي,مركز - 101,101,,,,,
10012257,شركة فلق الأصالة,30,الراجحي,مركز - 125,125,,,,,
10011774,شركة فضل الخير الفندقية,10,الراجحي,مركز - 128,128,,,,,
10011774,شركة فضل الخير الفندقية,253,الراجحي,مركز - 139,139,,,,,
10012467,شركة عيون التاج الدولية المحدودة,257,الراجحي,مركز - 139,139,,,,,
10012603,شركة عناية هوتيل مانجمينت المحدودة,253,الراجحي,مركز - 139,139,,,,,
10009581,شركة عرفات الذهبية,1515,الراجحي,مركز - 135,135,,,,,
10012801,شركة عبدالله محمد القحطاني,233,الراجحي,مركز - 128,128,,,,,
10011650,شركة عبدالعزيز سهيل الغامدي,395,الراجحي,مركز - 135,135,,,,,
10011650,شركة عبدالعزيز سهيل الغامدي,74,الراجحي,مركز - 140,140,,,,,
10011650,شركة عبدالعزيز سهيل الغامدي,617,الراجحي,مركز - 134,134,,,,,
10011650,شركة عبدالعزيز سهيل الغامدي,361,الراجحي,مركز - 136,136,,,,,
10012133,شركة عاطف عبدالقادر عبدالله عبدالقادر للتطوير والاستثمار العقاري شخص واحد,1,الراجحي,مركز - 106,106,,,,,
10012133,شركة عاطف عبدالقادر عبدالله عبدالقادر للتطوير والاستثمار العقاري شخص واحد,187,الراجحي,مركز - 113,113,,,,,
10011717,شركة ضيافة الوسام الماسي,421,الراجحي,مركز - 133,133,,,,,
10011950,شركة ضيافات العالم للاستثمار,399,الراجحي,مركز - 143,143,,,,,
10011950,شركة ضيافات العالم للاستثمار,50,الراجحي,مركز - 133,133,,,,,
10011950,شركة ضيافات العالم للاستثمار,775,الراجحي,مركز - 122,122,,,,,
10012431,شركة سنود الفندقية شركة مساهمة مقفلة,1009,الراجحي,مركز - 126,126,,,,,
10012431,شركة سنود الفندقية شركة مساهمة مقفلة,158,الراجحي,مركز - 129,129,,,,,
10012431,شركة سنود الفندقية شركة مساهمة مقفلة,1,الراجحي,مركز - 137,137,,,,,
10012431,شركة سنود الفندقية شركة مساهمة مقفلة,166,الراجحي,مركز - 138,138,,,,,
10012431,شركة سنود الفندقية شركة مساهمة مقفلة,658,الراجحي,مركز - 120,120,,,,,
10012431,شركة سنود الفندقية شركة مساهمة مقفلة,485,الراجحي,مركز - 143,143,,,,,
10012431,شركة سنود الفندقية شركة مساهمة مقفلة,282,الراجحي,مركز - 131,131,,,,,
10011439,فندق عبدالله بن حامد بن سويلم القرشي للايواء السياحي,318,إكرام الضيف,مركز - 117,117,,,,,
10006665,شركة سنود اجياد للخدمات الفندقيه شركة شخص واحد,5,الراجحي,مركز - 103,103,,,,,
10006665,شركة سنود اجياد للخدمات الفندقيه شركة شخص واحد,78,الراجحي,مركز - 110,110,,,,,
10006883,شركة سفير المسك الفندقية,78,الراجحي,مركز - 151,151,,,,,
10006883,شركة سفير المسك الفندقية,110,الراجحي,مركز - 150,150,,,,,
10006883,شركة سفير المسك الفندقية,46,الراجحي,مركز - 153,153,,,,,
10007631,فندق منازل الفضيلة الفندقية,47,إكرام الضيف,مركز - 164,164,,,,,
10010153,شركة سرايا العز لتشغيل الفنادق,60,الراجحي,مركز - 108,108,,,,,
10010153,شركة سرايا العز لتشغيل الفنادق,50,الراجحي,مركز - 109,109,,,,,
10008164,شركة سجى للخدمات الفندقيه,13,الراجحي,مركز - 106,106,,,,,
10008164,شركة سجى للخدمات الفندقيه,1,الراجحي,مركز - 113,113,,,,,
10012022,شركة زكريا زامل,312,الراجحي,مركز - 132,132,,,,,
10007631,فندق منازل الفضيلة الفندقية,1,إكرام الضيف,مركز - 163,163,,,,,
10009498,فندق لؤلؤة اجياد للايواء السياحي,179,إكرام الضيف,مركز - 122,122,,,,,
10011279,شركة روتانا جبل عمر,200,الراجحي,مركز - 101,101,,,,,
10009498,فندق لؤلؤة اجياد للايواء السياحي,786,إكرام الضيف,مركز - 120,120,,,,,
10007565,شركة رواد الهداية الفندقية,583,الراجحي,مركز - 133,133,,,,,
10008223,شركة رواء المكارم للضيافة السياحي,36,الراجحي,مركز - 101,101,,,,,
10012405,شركة ركن المشاعر الذهبية للعقارات,375,الراجحي,مركز - 126,126,,,,,
10007523,فندق لؤلؤة الجوار الفندقية,380,إكرام الضيف,مركز - 109,109,,,,,
10012405,شركة ركن المشاعر الذهبية للعقارات,462,الراجحي,مركز - 127,127,,,,,
10012405,شركة ركن المشاعر الذهبية للعقارات,1,الراجحي,مركز - 132,132,,,,,
10012405,شركة ركن المشاعر الذهبية للعقارات,1,الراجحي,مركز - 133,133,,,,,
10012405,شركة ركن المشاعر الذهبية للعقارات,494,الراجحي,مركز - 122,122,,,,,
10012405,شركة ركن المشاعر الذهبية للعقارات,555,الراجحي,مركز - 144,144,,,,,
10012405,شركة ركن المشاعر الذهبية للعقارات,461,الراجحي,مركز - 130,130,,,,,
10009088,شركة رحاب البركة المحدودة,447,الراجحي,مركز - 151,151,,,,,
10009441,فندق نزهة المشتاقين الفندقية,449,إكرام الضيف,مركز - 109,109,,,,,
10012746,شركة ديار التقوى لتشغيل الفنادق  ذات مسئولية محدودة,343,الراجحي,مركز - 140,140,,,,,
10012746,شركة ديار التقوى لتشغيل الفنادق  ذات مسئولية محدودة,396,الراجحي,مركز - 134,134,,,,,
10012746,شركة ديار التقوى لتشغيل الفنادق  ذات مسئولية محدودة,1,الراجحي,مركز - 132,132,,,,,
10012746,شركة ديار التقوى لتشغيل الفنادق  ذات مسئولية محدودة,274,الراجحي,مركز - 128,128,,,,,
10011776,شركة دار المشاعر الأولى المحدودة,1,الراجحي,مركز - 126,126,,,,,
10011776,شركة دار المشاعر الأولى المحدودة,463,الراجحي,مركز - 129,129,,,,,
10007134,فندق نسك كدي الفندقية,325,إكرام الضيف,مركز - 121,121,,,,,
10011776,شركة دار المشاعر الأولى المحدودة,408,الراجحي,مركز - 131,131,,,,,
10011776,شركة دار المشاعر الأولى المحدودة,433,الراجحي,مركز - 136,136,,,,,
10012536,فندق منار التوحيد اثنين الفندقية,111,إكرام الضيف,مركز - 161,161,,,,,
10009088,شركة رحاب البركة المحدودة,144,الراجحي,مركز - 153,153,,,,,
10009088,شركة رحاب البركة المحدودة,28,الراجحي,مركز - 150,150,,,,,
10011870,شركة حنان عيضة جابر المطرفي,257,الراجحي,مركز - 135,135,,,,,
10012024,شركة جسور المشاعر لتشغيل الفنادق,1,الراجحي,مركز - 126,126,,,,,
10012024,شركة جسور المشاعر لتشغيل الفنادق,7,الراجحي,مركز - 128,128,,,,,
10012024,شركة جسور المشاعر لتشغيل الفنادق,164,الراجحي,مركز - 139,139,,,,,
10012268,شركة ثروات المشاعر للسياحة,3,الراجحي,مركز - 102,102,,,,,
10012268,شركة ثروات المشاعر للسياحة,268,الراجحي,مركز - 110,110,,,,,
10002107,فندق نوفوتيل ذاخر الفندقية,233,إكرام الضيف,مركز - 119,119,,,,,
10012405,شركة ركن المشاعر الذهبية للعقارات,437,الراجحي,مركز - 131,131,,,,,
10012268,شركة ثروات المشاعر للسياحة,95,الراجحي,مركز - 112,112,,,,,
10012284,شركة تسنم للمقاولات العامة شركة شخص واحد,152,الراجحي,مركز - 151,151,,,,,
10000643,فندق فور بوينتس باي شيراتون الفندقية,157,إكرام الضيف,مركز - 119,119,,,,,
10007565,شركة رواد الهداية الفندقية,1,الراجحي,مركز - 126,126,,,,,
10012361,شركة تايم إن المحدودة شركة شخص واحد,533,الراجحي,مركز - 130,130,,,,,
10011279,شركة روتانا جبل عمر,68,الراجحي,مركز - 102,102,,,,,
10012837,شركة رؤية كانون المحدودة شخص واحد,479,الراجحي,مركز - 136,136,,,,,
10012837,شركة رؤية كانون المحدودة شخص واحد,1,الراجحي,مركز - 126,126,,,,,
10012361,شركة تايم إن المحدودة شركة شخص واحد,37,الراجحي,مركز - 136,136,,,,,
10008083,فندق لؤلؤة النوير الفندقية,26,إكرام الضيف,مركز - 160,160,,,,,
10007018,شركة تارا,56,الراجحي,مركز - 102,102,,,,,
10008164,شركة سجى للخدمات الفندقيه,150,الراجحي,مركز - 103,103,,,,,
10007018,شركة تارا,343,الراجحي,مركز - 108,108,,,,,
10007018,شركة تارا,1,الراجحي,مركز - 101,101,,,,,
10010153,شركة سرايا العز لتشغيل الفنادق,102,الراجحي,مركز - 112,112,,,,,
10010153,شركة سرايا العز لتشغيل الفنادق,2,الراجحي,مركز - 102,102,,,,,
10001309,شركة بياب العزيزية الفندقية,376,الراجحي,مركز - 131,131,,,,,
10002288,فندق عنوان المشاعر الفندقية,171,إكرام الضيف,مركز - 160,160,,,,,
10012200,شركة برهان التجارة المحدودة,3,الراجحي,مركز - 102,102,,,,,
10006665,شركة سنود اجياد للخدمات الفندقيه شركة شخص واحد,75,الراجحي,مركز - 108,108,,,,,
10012200,شركة برهان التجارة المحدودة,216,الراجحي,مركز - 110,110,,,,,
10012200,شركة برهان التجارة المحدودة,106,الراجحي,مركز - 113,113,,,,,
10012431,شركة سنود الفندقية شركة مساهمة مقفلة,1,الراجحي,مركز - 144,144,,,,,
10012431,شركة سنود الفندقية شركة مساهمة مقفلة,579,الراجحي,مركز - 134,134,,,,,
10001330,شركة برج هاجر العقارية المحدودة,730,الراجحي,مركز - 102,102,,,,,
10001330,شركة برج هاجر العقارية المحدودة,355,الراجحي,مركز - 103,103,,,,,
10001330,شركة برج هاجر العقارية المحدودة,5,الراجحي,مركز - 110,110,,,,,
10001330,شركة برج هاجر العقارية المحدودة,387,الراجحي,مركز - 101,101,,,,,
10012551,شركة برج الخير لادارة الأملاك,308,الراجحي,مركز - 126,126,,,,,
10001922,فندق نخبة الخير للايواء السياحي,3,إكرام الضيف,مركز - 121,121,,,,,
10012551,شركة برج الخير لادارة الأملاك,166,الراجحي,مركز - 138,138,,,,,
10011950,شركة ضيافات العالم للاستثمار,370,الراجحي,مركز - 139,139,,,,,
10012551,شركة برج الخير لادارة الأملاك,160,الراجحي,مركز - 143,143,,,,,
10008649,فندق لؤلؤه الزرقاء للايواء السياحي,63,إكرام الضيف,مركز - 162,162,,,,,
10012551,شركة برج الخير لادارة الأملاك,62,الراجحي,مركز - 131,131,,,,,
10011287,شركة ضيافة البيت,467,الراجحي,مركز - 129,129,,,,,
10009523,شركة برايد اند جوي العربية للمقاولات شركة شخص واحد,11,الراجحي,مركز - 102,102,,,,,
10001021,فندق مكارم اجياد مكة,156,إكرام الضيف,مركز - 100,100,,,,,
10009523,شركة برايد اند جوي العربية للمقاولات شركة شخص واحد,106,الراجحي,مركز - 103,103,,,,,
10012133,شركة عاطف عبدالقادر عبدالله عبدالقادر للتطوير والاستثمار العقاري شخص واحد,184,الراجحي,مركز - 108,108,,,,,
10009523,شركة برايد اند جوي العربية للمقاولات شركة شخص واحد,931,الراجحي,مركز - 107,107,,,,,
10009523,شركة برايد اند جوي العربية للمقاولات شركة شخص واحد,99,الراجحي,مركز - 108,108,,,,,
10009523,شركة برايد اند جوي العربية للمقاولات شركة شخص واحد,7,الراجحي,مركز - 101,101,,,,,
10009197,فندق لؤلؤة العنود الفندقية,2,إكرام الضيف,مركز - 123,123,,,,,
10009523,شركة برايد اند جوي العربية للمقاولات شركة شخص واحد,41,الراجحي,مركز - 109,109,,,,,
10001395,شركة بتول اجياد الفندقية,76,الراجحي,مركز - 102,102,,,,,
10009419,فندق مساكن الحجاز الذهبية الفندقية,35,إكرام الضيف,مركز - 115,115,,,,,
10012603,شركة عناية هوتيل مانجمينت المحدودة,20,الراجحي,مركز - 137,137,,,,,
10001395,شركة بتول اجياد الفندقية,22,الراجحي,مركز - 103,103,,,,,
10001395,شركة بتول اجياد الفندقية,176,الراجحي,مركز - 110,110,,,,,
10001395,شركة بتول اجياد الفندقية,198,الراجحي,مركز - 107,107,,,,,
10011774,شركة فضل الخير الفندقية,1,الراجحي,مركز - 137,137,,,,,
10001395,شركة بتول اجياد الفندقية,7,الراجحي,مركز - 112,112,,,,,
10001395,شركة بتول اجياد الفندقية,79,الراجحي,مركز - 108,108,,,,,
10001395,شركة بتول اجياد الفندقية,217,الراجحي,مركز - 105,105,,,,,
10000983,شركة فندق ابراج شركة مكه الفندقية شركة شخص واحد,146,الراجحي,مركز - 103,103,,,,,
10007554,فندق مسار العز الفندقية,7,إكرام الضيف,مركز - 164,164,,,,,
10001395,شركة بتول اجياد الفندقية,2,الراجحي,مركز - 101,101,,,,,
10001395,شركة بتول اجياد الفندقية,271,الراجحي,مركز - 106,106,,,,,
10012313,مؤسسة الراقي للمقاولات المعمارية,73,إكرام الضيف,مركز - 161,161,,,,,
10001395,شركة بتول اجياد الفندقية,10,الراجحي,مركز - 113,113,,,,,
10007774,شركة أبراج ساره للاستثمار العقاري فندق مكةسويس اوتيل,94,الراجحي,مركز - 102,102,,,,,
10011178,مؤسسة الضيافة الكبرى الفندقية,175,إكرام الضيف,مركز - 118,118,,,,,
10011686,شركة فندق الدار البيضاء,1,الراجحي,مركز - 126,126,,,,,
10007774,شركة أبراج ساره للاستثمار العقاري فندق مكةسويس اوتيل,142,الراجحي,مركز - 103,103,,,,,
10007774,شركة أبراج ساره للاستثمار العقاري فندق مكةسويس اوتيل,5,الراجحي,مركز - 110,110,,,,,
10007774,شركة أبراج ساره للاستثمار العقاري فندق مكةسويس اوتيل,2,الراجحي,مركز - 107,107,,,,,
10010707,شركة فندق الراقي المميز الفندقية,188,الراجحي,مركز - 112,112,,,,,
10007774,شركة أبراج ساره للاستثمار العقاري فندق مكةسويس اوتيل,240,الراجحي,مركز - 101,101,,,,,
10012536,فندق منار التوحيد اثنين الفندقية,81,إكرام الضيف,مركز - 160,160,,,,,
10012698,شركة إيفاه المحدودة,487,الراجحي,مركز - 125,125,,,,,
10012532,شركة فندق أركان العزيزية للشقق المخدومة شخص واحد,290,الراجحي,مركز - 127,127,,,,,
10012697,شركة إنفيكتوس كونستراكشن,4,الراجحي,مركز - 102,102,,,,,
10012387,مؤسسة راكان راجح ضيف الله الكبكبي لغسيل الملابس,238,إكرام الضيف,مركز - 164,164,,,,,
10012697,شركة إنفيكتوس كونستراكشن,15,الراجحي,مركز - 103,103,,,,,
10012697,شركة إنفيكتوس كونستراكشن,3,الراجحي,مركز - 112,112,,,,,
10012697,شركة إنفيكتوس كونستراكشن,5,الراجحي,مركز - 105,105,,,,,
10012697,شركة إنفيكتوس كونستراكشن,15,الراجحي,مركز - 113,113,,,,,
10009498,فندق لؤلؤة اجياد للايواء السياحي,128,إكرام الضيف,مركز - 121,121,,,,,
10007078,شركة فندق وفاق المشاعر للضيافة السياحي,322,الراجحي,مركز - 108,108,,,,,
10012126,مؤسسة الكمال للمقاولات المعمارية,357,إكرام الضيف,مركز - 121,121,,,,,
10012126,مؤسسة الكمال للمقاولات المعمارية,89,إكرام الضيف,مركز - 122,122,,,,,
10012454,مؤسسة إم إيه بي إتش,49,إكرام الضيف,مركز - 161,161,,,,,
10001669,شركة مأثر الضيافة لخدمات المعتمرين,41,الراجحي,مركز - 109,109,,,,,
10011213,مؤسسة سالم بن غازي ابوتاكي,38,إكرام الضيف,مركز - 162,162,,,,,
10012454,مؤسسة إم إيه بي إتش,6,إكرام الضيف,مركز - 160,160,,,,,
10006348,فندق ورقان النور للخدمات الفندقية,22,إكرام الضيف,مركز - 115,115,,,,,
10001669,شركة مأثر الضيافة لخدمات المعتمرين,78,الراجحي,مركز - 103,103,,,,,
10012312,مؤسسة معتوق محمدنور احمد سندى للمقاولات,72,إكرام الضيف,مركز - 162,162,,,,,
10011320,مؤسسة ملتزم لادارت الاملاك,1165,إكرام الضيف,مركز - 122,122,,,,,
10011319,مؤسسة مشعل بن حمود الهذلى,361,إكرام الضيف,مركز - 160,160,,,,,
10012222,مؤسسة عقاب بن مريزيق العتيبي,225,إكرام الضيف,مركز - 109,109,,,,,
10007403,شركة تايم ربا لتشغيل الفنادق,1,إكرام الضيف,مركز - 116,116,,,,,
10002213,مؤسسة رتاج الحياة لتشغيل الفنادق,88,الرفادة,مركز - 13,13,,,,,
10002213,مؤسسة رتاج الحياة لتشغيل الفنادق,281,الرفادة,مركز - 5,5,,,,,
10011933,شركة مخيم رفادة المحدودة شركة شخص واحد,17,دليل الزوار,مركز - 401,401,,,,,
10002213,مؤسسة رتاج الحياة لتشغيل الفنادق,128,الرفادة,مركز - 10,10,,,,,
10001845,فندق ملاك الصفوة,6,الرفادة,مركز - 5,5,,,,,
10011933,شركة مخيم رفادة المحدودة شركة شخص واحد,8,دليل الزوار,مركز - 407,407,,,,,
10001845,فندق ملاك الصفوة,35,الرفادة,مركز - 21,21,,,,,
10001021,فندق مكارم اجياد مكة,103,الرفادة,مركز - 21,21,,,,,
10011933,شركة مخيم رفادة المحدودة شركة شخص واحد,17,دليل الزوار,مركز - 303,303,,,,,
10010215,فندق لؤلؤة الازهر الفندقية,100,الرفادة,مركز - 29,29,,,,,
10007257,فندق لابا دارنا الفندقية,615,الرفادة,مركز - 4,4,,,,,
10011933,شركة مخيم رفادة المحدودة شركة شخص واحد,3,دليل الزوار,مركز - 308,308,,,,,
10007257,فندق لابا دارنا الفندقية,5,الرفادة,مركز - 10,10,,,,,
10007257,فندق لابا دارنا الفندقية,18,الرفادة,مركز - 11,11,,,,,
10011933,شركة مخيم رفادة المحدودة شركة شخص واحد,228,دليل الزوار,مركز - 201,201,,,,,
10002028,فندق عيضه بن احمد بن عبدالله الثبيتي الفندقية,914,الرفادة,مركز - 22,22,,,,,
10001845,فندق ملاك الصفوة,567,الرفادة,مركز - 11,11,,,,,
10012504,شركة منار محمد القهوجى للتجارة والمقاولات,223,دليل الزوار,مركز - 302,302,,,,,
10007675,فندق هبة الله ميركيور الفندقية,491,الرفادة,مركز - 15,15,,,,,
10007675,فندق هبة الله ميركيور الفندقية,240,الرفادة,مركز - 13,13,,,,,
10011698,شركة ميزاب الفندقية شركة شخص واحد,24,دليل الزوار,مركز - 201,201,,,,,
10007132,فندق ميرة الروضة للضيافة السياحي,5,الرفادة,مركز - 19,19,,,,,
10007132,فندق ميرة الروضة للضيافة السياحي,476,الرفادة,مركز - 9,9,,,,,
10007151,شركة نواة النمو المستدام,92,دليل الزوار,مركز - 306,306,,,,,
10007109,فندق ميرة الروضة اثنين الفندقية,162,الرفادة,مركز - 6,6,,,,,
10007109,فندق ميرة الروضة اثنين الفندقية,357,الرفادة,مركز - 9,9,,,,,
10011672,شركة نور السلام المتحدة التجارية,164,دليل الزوار,مركز - 305,305,,,,,
10006327,فندق منازل الخير الفندقية,317,الرفادة,مركز - 12,12,,,,,
10010108,فندق منارة البيت للايواء السياحي,89,الرفادة,مركز - 29,29,,,,,
10011250,شركة هوم حسنين,128,دليل الزوار,مركز - 406,406,,,,,
10010108,فندق منارة البيت للايواء السياحي,3,الرفادة,مركز - 31,31,,,,,
10010108,فندق منارة البيت للايواء السياحي,83,الرفادة,مركز - 28,28,,,,,
10012558,شركة ودام للخدمات الفندقية,103,دليل الزوار,مركز - 401,401,,,,,
10010108,فندق منارة البيت للايواء السياحي,4,الرفادة,مركز - 30,30,,,,,
10001955,فندق سنود العظمة الفندقية,5,الرفادة,مركز - 21,21,,,,,
10010661,شركة يونيك ستار,7,دليل الزوار,مركز - 401,401,,,,,
10001955,فندق سنود العظمة الفندقية,124,الرفادة,مركز - 16,16,,,,,
10001955,فندق سنود العظمة الفندقية,1,الرفادة,مركز - 19,19,,,,,
10006673,فندق اعمار الخليل الفندقية,706,دليل الزوار,مركز - 401,401,,,,,
10001955,فندق سنود العظمة الفندقية,153,الرفادة,مركز - 18,18,,,,,
10001955,فندق سنود العظمة الفندقية,119,الرفادة,مركز - 6,6,,,,,
10010845,فندق اعمار الخير الماسي للضيافة السياحي,4,دليل الزوار,مركز - 307,307,,,,,
10001955,فندق سنود العظمة الفندقية,3,الرفادة,مركز - 9,9,,,,,
10001955,فندق سنود العظمة الفندقية,2,الرفادة,مركز - 13,13,,,,,
10010845,فندق اعمار الخير الماسي للضيافة السياحي,92,دليل الزوار,مركز - 302,302,,,,,
10011091,فندق سليمان بن موسى بن حمد العليان للضيافة السياحي,672,الرفادة,مركز - 25,25,,,,,
10011091,فندق سليمان بن موسى بن حمد العليان للضيافة السياحي,45,الرفادة,مركز - 19,19,,,,,
10010845,فندق اعمار الخير الماسي للضيافة السياحي,27,دليل الزوار,مركز - 305,305,,,,,
10011091,فندق سليمان بن موسى بن حمد العليان للضيافة السياحي,1,الرفادة,مركز - 26,26,,,,,
10007662,فندق النزهة بلس الفندقية,106,الرفادة,مركز - 15,15,,,,,
10007092,فندق اعمار السلطان الفندقية,1,دليل الزوار,مركز - 301,301,,,,,
10006603,فندق الفجر البديع واحد للخدمات الفندقيه,160,الرفادة,مركز - 8,8,,,,,
10006603,فندق الفجر البديع واحد للخدمات الفندقيه,59,الرفادة,مركز - 20,20,,,,,
10007092,فندق اعمار السلطان الفندقية,32,دليل الزوار,مركز - 201,201,,,,,
10006603,فندق الفجر البديع واحد للخدمات الفندقيه,32,الرفادة,مركز - 16,16,,,,,
10006603,فندق الفجر البديع واحد للخدمات الفندقيه,179,الرفادة,مركز - 14,14,,,,,
10007543,فندق اكابر الهجرة الفندقية,53,دليل الزوار,مركز - 404,404,,,,,
10009123,فندق القمة أطلس,547,الرفادة,مركز - 2,2,,,,,
10009123,فندق القمة أطلس,19,الرفادة,مركز - 21,21,,,,,
10010629,فندق الاسد الابيض للضيافة السياحي,35,دليل الزوار,مركز - 102,102,,,,,
10006582,فندق المرجان الأزرق للخدمات الفندقيه شركةشخص واحد,6,الرفادة,مركز - 21,21,,,,,
10006582,فندق المرجان الأزرق للخدمات الفندقيه شركةشخص واحد,249,الرفادة,مركز - 20,20,,,,,
10009868,فندق البلاد اثنين للايواء السياحي,50,دليل الزوار,مركز - 202,202,,,,,
10006582,فندق المرجان الأزرق للخدمات الفندقيه شركةشخص واحد,4,الرفادة,مركز - 7,7,,,,,
10006582,فندق المرجان الأزرق للخدمات الفندقيه شركةشخص واحد,4,الرفادة,مركز - 13,13,,,,,
10009868,فندق البلاد اثنين للايواء السياحي,9,دليل الزوار,مركز - 201,201,,,,,
10006582,فندق المرجان الأزرق للخدمات الفندقيه شركةشخص واحد,5,الرفادة,مركز - 6,6,,,,,
10006582,فندق المرجان الأزرق للخدمات الفندقيه شركةشخص واحد,11,الرفادة,مركز - 4,4,,,,,
10009177,فندق الرافدين اجياد الفندقية,14,دليل الزوار,مركز - 308,308,,,,,
10006582,فندق المرجان الأزرق للخدمات الفندقيه شركةشخص واحد,13,الرفادة,مركز - 1,1,,,,,
10006582,فندق المرجان الأزرق للخدمات الفندقيه شركةشخص واحد,168,الرفادة,مركز - 18,18,,,,,
10002405,فندق العليان الحرم الفندقية,18,دليل الزوار,مركز - 305,305,,,,,
10006582,فندق المرجان الأزرق للخدمات الفندقيه شركةشخص واحد,1,الرفادة,مركز - 8,8,,,,,
10006582,فندق المرجان الأزرق للخدمات الفندقيه شركةشخص واحد,41,الرفادة,مركز - 17,17,,,,,
10002405,فندق العليان الحرم الفندقية,5,دليل الزوار,مركز - 303,303,,,,,
10002406,فندق العليان الذهبي الفندقية,272,دليل الزوار,مركز - 301,301,,,,,
10002406,فندق العليان الذهبي الفندقية,7,دليل الزوار,مركز - 304,304,,,,,
10008910,فندق أيمن الهجرة الفندقية,2,دليل الزوار,مركز - 203,203,,,,,
10008910,فندق أيمن الهجرة الفندقية,137,دليل الزوار,مركز - 202,202,,,,,
10007681,فندق أبراج الصفوة الفندقية,1,دليل الزوار,مركز - 303,303,,,,,
10007681,فندق أبراج الصفوة الفندقية,7,دليل الزوار,مركز - 302,302,,,,,
10007681,فندق أبراج الصفوة الفندقية,17,دليل الزوار,مركز - 307,307,,,,,
10007322,فندق أبراج البو الفندقية,2951,دليل الزوار,مركز - 101,101,,,,,
10007322,فندق أبراج البو الفندقية,1150,دليل الزوار,مركز - 102,102,,,,,
10002537,فندق الهجرة الماسي الفندقية,287,دليل الزوار,مركز - 201,201,,,,,
10002567,فندق سما السماح الفندقية,4,دليل الزوار,مركز - 405,405,,,,,
10011206,فندق سمام للخدمات الفندقية,1394,دليل الزوار,مركز - 102,102,,,,,
10011206,فندق سمام للخدمات الفندقية,50,دليل الزوار,مركز - 101,101,,,,,
10010122,فندق شباب دلما اثنان الفندقية,43,دليل الزوار,مركز - 303,303,,,,,
10007465,فندق شباب دلما الفندقية,21,دليل الزوار,مركز - 203,203,,,,,
10007465,فندق شباب دلما الفندقية,87,دليل الزوار,مركز - 303,303,,,,,
10006582,فندق المرجان الأزرق للخدمات الفندقيه شركةشخص واحد,6,الرفادة,مركز - 10,10,,,,,
10006582,فندق المرجان الأزرق للخدمات الفندقيه شركةشخص واحد,1,الرفادة,مركز - 5,5,,,,,
10006582,فندق المرجان الأزرق للخدمات الفندقيه شركةشخص واحد,3,الرفادة,مركز - 2,2,,,,,
10006582,فندق المرجان الأزرق للخدمات الفندقيه شركةشخص واحد,38,الرفادة,مركز - 9,9,,,,,
10006582,فندق المرجان الأزرق للخدمات الفندقيه شركةشخص واحد,3,الرفادة,مركز - 19,19,,,,,
10006582,فندق المرجان الأزرق للخدمات الفندقيه شركةشخص واحد,1,الرفادة,مركز - 11,11,,,,,
10006582,فندق المرجان الأزرق للخدمات الفندقيه شركةشخص واحد,3,الرفادة,مركز - 16,16,,,,,
10006582,فندق المرجان الأزرق للخدمات الفندقيه شركةشخص واحد,97,الرفادة,مركز - 14,14,,,,,
10006582,فندق المرجان الأزرق للخدمات الفندقيه شركةشخص واحد,21,الرفادة,مركز - 12,12,,,,,
10007293,فندق المروة ريحان فرع شركة جوار لإدارة وتسويق وتطوير العقار,37,الرفادة,مركز - 20,20,,,,,
10007293,فندق المروة ريحان فرع شركة جوار لإدارة وتسويق وتطوير العقار,215,الرفادة,مركز - 13,13,,,,,
10007293,فندق المروة ريحان فرع شركة جوار لإدارة وتسويق وتطوير العقار,44,الرفادة,مركز - 17,17,,,,,
10007293,فندق المروة ريحان فرع شركة جوار لإدارة وتسويق وتطوير العقار,53,الرفادة,مركز - 10,10,,,,,
10007293,فندق المروة ريحان فرع شركة جوار لإدارة وتسويق وتطوير العقار,1,الرفادة,مركز - 11,11,,,,,
10007293,فندق المروة ريحان فرع شركة جوار لإدارة وتسويق وتطوير العقار,1,الرفادة,مركز - 16,16,,,,,
10007293,فندق المروة ريحان فرع شركة جوار لإدارة وتسويق وتطوير العقار,249,الرفادة,مركز - 21,21,,,,,
10007293,فندق المروة ريحان فرع شركة جوار لإدارة وتسويق وتطوير العقار,46,الرفادة,مركز - 12,12,,,,,
10009873,فندق المسار العزيزية للضيافة السياحي,298,الرفادة,مركز - 12,12,,,,,
10009873,فندق المسار العزيزية للضيافة السياحي,154,الرفادة,مركز - 4,4,,,,,
10006887,فندق المقام بكة,151,الرفادة,مركز - 13,13,,,,,
10006887,فندق المقام بكة,176,الرفادة,مركز - 15,15,,,,,
10006887,فندق المقام بكة,10,الرفادة,مركز - 5,5,,,,,
10006887,فندق المقام بكة,122,الرفادة,مركز - 11,11,,,,,
10007404,فندق المها مشاعر الفندقية,231,الرفادة,مركز - 19,19,,,,,
10007404,فندق المها مشاعر الفندقية,182,الرفادة,مركز - 9,9,,,,,
10007662,فندق النزهة بلس الفندقية,1,الرفادة,مركز - 18,18,,,,,
10007662,فندق النزهة بلس الفندقية,8,الرفادة,مركز - 8,8,,,,,
10007662,فندق النزهة بلس الفندقية,196,الرفادة,مركز - 17,17,,,,,
10007662,فندق النزهة بلس الفندقية,50,الرفادة,مركز - 20,20,,,,,
10007662,فندق النزهة بلس الفندقية,159,الرفادة,مركز - 10,10,,,,,
10007662,فندق النزهة بلس الفندقية,1,الرفادة,مركز - 3,3,,,,,
10007662,فندق النزهة بلس الفندقية,7,الرفادة,مركز - 9,9,,,,,
10007171,فندق ايلاف كنده فرع شركة ايلاف للفنادق المحدوده,146,الرفادة,مركز - 21,21,,,,,
10007171,فندق ايلاف كنده فرع شركة ايلاف للفنادق المحدوده,53,الرفادة,مركز - 9,9,,,,,
10007171,فندق ايلاف كنده فرع شركة ايلاف للفنادق المحدوده,48,الرفادة,مركز - 3,3,,,,,
10007681,فندق أبراج الصفوة الفندقية,45,الرفادة,مركز - 21,21,,,,,
10007681,فندق أبراج الصفوة الفندقية,36,الرفادة,مركز - 13,13,,,,,
10007681,فندق أبراج الصفوة الفندقية,86,الرفادة,مركز - 18,18,,,,,
10007681,فندق أبراج الصفوة الفندقية,91,الرفادة,مركز - 9,9,,,,,
10000557,فندق أبراج المريديان فرع الشركةالمتحدةللإستثماروالتطويرالعقاري المتحد,1793,الرفادة,مركز - 22,22,,,,,
10000557,فندق أبراج المريديان فرع الشركةالمتحدةللإستثماروالتطويرالعقاري المتحد,429,الرفادة,مركز - 19,19,,,,,
10007746,فندق أجنادين للضيافة السياحي,62,الرفادة,مركز - 21,21,,,,,
10007746,فندق أجنادين للضيافة السياحي,2,الرفادة,مركز - 9,9,,,,,
10007746,فندق أجنادين للضيافة السياحي,81,الرفادة,مركز - 15,15,,,,,
10007746,فندق أجنادين للضيافة السياحي,356,الرفادة,مركز - 17,17,,,,,
10007746,فندق أجنادين للضيافة السياحي,214,الرفادة,مركز - 5,5,,,,,
10006943,فندق أفاق المشاعر الفندقية,58,الرفادة,مركز - 19,19,,,,,
10006943,فندق أفاق المشاعر الفندقية,159,الرفادة,مركز - 18,18,,,,,
10006943,فندق أفاق المشاعر الفندقية,44,الرفادة,مركز - 8,8,,,,,
10006943,فندق أفاق المشاعر الفندقية,129,الرفادة,مركز - 17,17,,,,,
10006943,فندق أفاق المشاعر الفندقية,439,الرفادة,مركز - 20,20,,,,,
10006943,فندق أفاق المشاعر الفندقية,291,الرفادة,مركز - 14,14,,,,,
10009702,فندق أنوار المنارات الذهبية الفندقية,5,الرفادة,مركز - 12,12,,,,,
10009702,فندق أنوار المنارات الذهبية الفندقية,8,الرفادة,مركز - 4,4,,,,,
10009702,فندق أنوار المنارات الذهبية الفندقية,18,الرفادة,مركز - 1,1,,,,,
10009702,فندق أنوار المنارات الذهبية الفندقية,46,الرفادة,مركز - 18,18,,,,,
10009702,فندق أنوار المنارات الذهبية الفندقية,15,الرفادة,مركز - 17,17,,,,,
10009702,فندق أنوار المنارات الذهبية الفندقية,38,الرفادة,مركز - 10,10,,,,,
10009702,فندق أنوار المنارات الذهبية الفندقية,4,الرفادة,مركز - 5,5,,,,,
10009702,فندق أنوار المنارات الذهبية الفندقية,34,الرفادة,مركز - 9,9,,,,,
10009702,فندق أنوار المنارات الذهبية الفندقية,5,الرفادة,مركز - 6,6,,,,,
10008400,فندق بارك إن ذاخر الغربي - 10008400,7,الرفادة,مركز - 5,5,,,,,
10008400,فندق بارك إن ذاخر الغربي - 10008400,111,الرفادة,مركز - 9,9,,,,,
10008400,فندق بارك إن ذاخر الغربي - 10008400,330,الرفادة,مركز - 16,16,,,,,
10008400,فندق بارك إن ذاخر الغربي - 10008400,16,الرفادة,مركز - 12,12,,,,,
10011698,شركة ميزاب الفندقية شركة شخص واحد,363,الرفادة,مركز - 7,7,,,,,
10006603,فندق الفجر البديع واحد للخدمات الفندقيه,200,الرفادة,مركز - 1,1,,,,,
10006603,فندق الفجر البديع واحد للخدمات الفندقيه,958,الرفادة,مركز - 7,7,,,,,
10006603,فندق الفجر البديع واحد للخدمات الفندقيه,34,الرفادة,مركز - 19,19,,,,,
10010798,فندق الصفوة رويال أوركيد الفندقية,81,الرفادة,مركز - 20,20,,,,,
10010798,فندق الصفوة رويال أوركيد الفندقية,40,الرفادة,مركز - 13,13,,,,,
10007012,فندق التقوى الماسي الفندقية,157,الرفادة,مركز - 14,14,,,,,
10007012,فندق التقوى الماسي الفندقية,288,الرفادة,مركز - 5,5,,,,,
10007012,فندق التقوى الماسي الفندقية,93,الرفادة,مركز - 17,17,,,,,
10007012,فندق التقوى الماسي الفندقية,1,الرفادة,مركز - 1,1,,,,,
10007012,فندق التقوى الماسي الفندقية,3,الرفادة,مركز - 6,6,,,,,
10007012,فندق التقوى الماسي الفندقية,35,الرفادة,مركز - 9,9,,,,,
10009868,فندق البلاد اثنين للايواء السياحي,210,الرفادة,مركز - 12,12,,,,,
10009868,فندق البلاد اثنين للايواء السياحي,165,الرفادة,مركز - 19,19,,,,,
10009868,فندق البلاد اثنين للايواء السياحي,221,الرفادة,مركز - 5,5,,,,,
10009868,فندق البلاد اثنين للايواء السياحي,117,الرفادة,مركز - 20,20,,,,,
10009868,فندق البلاد اثنين للايواء السياحي,2,الرفادة,مركز - 23,23,,,,,
10012230,فندق اعمار النزهه المتميز,75,الرفادة,مركز - 14,14,,,,,
10012230,فندق اعمار النزهه المتميز,1,الرفادة,مركز - 2,2,,,,,
10012230,فندق اعمار النزهه المتميز,278,الرفادة,مركز - 17,17,,,,,
10012230,فندق اعمار النزهه المتميز,104,الرفادة,مركز - 4,4,,,,,
10007011,شركة ورقان للضيافة,576,الرفادة,مركز - 14,14,,,,,
10007011,شركة ورقان للضيافة,189,الرفادة,مركز - 16,16,,,,,
10007011,شركة ورقان للضيافة,396,الرفادة,مركز - 20,20,,,,,
10007011,شركة ورقان للضيافة,332,الرفادة,مركز - 17,17,,,,,
10007011,شركة ورقان للضيافة,959,الرفادة,مركز - 18,18,,,,,
10007011,شركة ورقان للضيافة,28,الرفادة,مركز - 21,21,,,,,
10007011,شركة ورقان للضيافة,133,الرفادة,مركز - 13,13,,,,,
10010166,شركة نيو ليفيل للخدمات الفندقية,277,الرفادة,مركز - 12,12,,,,,
10010166,شركة نيو ليفيل للخدمات الفندقية,37,الرفادة,مركز - 13,13,,,,,
10010166,شركة نيو ليفيل للخدمات الفندقية,70,الرفادة,مركز - 20,20,,,,,
10011698,شركة ميزاب الفندقية شركة شخص واحد,13,الرفادة,مركز - 12,12,,,,,
10011698,شركة ميزاب الفندقية شركة شخص واحد,1986,الرفادة,مركز - 22,22,,,,,
10011698,شركة ميزاب الفندقية شركة شخص واحد,166,الرفادة,مركز - 21,21,,,,,
10011698,شركة ميزاب الفندقية شركة شخص واحد,44,الرفادة,مركز - 14,14,,,,,
10011698,شركة ميزاب الفندقية شركة شخص واحد,734,الرفادة,مركز - 11,11,,,,,
10011698,شركة ميزاب الفندقية شركة شخص واحد,132,الرفادة,مركز - 9,9,,,,,
10011698,شركة ميزاب الفندقية شركة شخص واحد,784,الرفادة,مركز - 2,2,,,,,
10011698,شركة ميزاب الفندقية شركة شخص واحد,490,الرفادة,مركز - 3,3,,,,,
10011698,شركة ميزاب الفندقية شركة شخص واحد,409,الرفادة,مركز - 10,10,,,,,
10011698,شركة ميزاب الفندقية شركة شخص واحد,160,الرفادة,مركز - 20,20,,,,,
10011698,شركة ميزاب الفندقية شركة شخص واحد,1039,الرفادة,مركز - 8,8,,,,,
10011698,شركة ميزاب الفندقية شركة شخص واحد,1254,الرفادة,مركز - 15,15,,,,,
10011698,شركة ميزاب الفندقية شركة شخص واحد,310,الرفادة,مركز - 4,4,,,,,
10011698,شركة ميزاب الفندقية شركة شخص واحد,162,الرفادة,مركز - 6,6,,,,,
10011698,شركة ميزاب الفندقية شركة شخص واحد,161,الرفادة,مركز - 13,13,,,,,
10006734,شركة مناسك النور لإدارة وتشغيل المباني,21,الرفادة,مركز - 16,16,,,,,
10006734,شركة مناسك النور لإدارة وتشغيل المباني,56,الرفادة,مركز - 20,20,,,,,
10006734,شركة مناسك النور لإدارة وتشغيل المباني,304,الرفادة,مركز - 1,1,,,,,
10012037,شركة مجموعة مرمرة لخدمات المعتمرين,350,الرفادة,مركز - 25,25,,,,,
10012037,شركة مجموعة مرمرة لخدمات المعتمرين,251,الرفادة,مركز - 24,24,,,,,
10001669,شركة مأثر الضيافة لخدمات المعتمرين,30,الرفادة,مركز - 4,4,,,,,
10001669,شركة مأثر الضيافة لخدمات المعتمرين,87,الرفادة,مركز - 20,20,,,,,
10001669,شركة مأثر الضيافة لخدمات المعتمرين,192,الرفادة,مركز - 21,21,,,,,
10001669,شركة مأثر الضيافة لخدمات المعتمرين,20,الرفادة,مركز - 19,19,,,,,
10008109,شركة فيفيان للخدمات الفندقية,17,الرفادة,مركز - 16,16,,,,,
10008109,شركة فيفيان للخدمات الفندقية,12,الرفادة,مركز - 9,9,,,,,
10008109,شركة فيفيان للخدمات الفندقية,983,الرفادة,مركز - 7,7,,,,,
10007986,شركة في تولف العربية لتشغيل الفنادق,179,الرفادة,مركز - 6,6,,,,,
10007986,شركة في تولف العربية لتشغيل الفنادق,1,الرفادة,مركز - 16,16,,,,,
10007986,شركة في تولف العربية لتشغيل الفنادق,194,الرفادة,مركز - 10,10,,,,,
10007986,شركة في تولف العربية لتشغيل الفنادق,348,الرفادة,مركز - 1,1,,,,,
10007986,شركة في تولف العربية لتشغيل الفنادق,396,الرفادة,مركز - 12,12,,,,,
10007019,شركة فندق يمام الاول الفندقية,48,الرفادة,مركز - 12,12,,,,,
10007019,شركة فندق يمام الاول الفندقية,28,الرفادة,مركز - 14,14,,,,,
10007019,شركة فندق يمام الاول الفندقية,237,الرفادة,مركز - 16,16,,,,,
10007019,شركة فندق يمام الاول الفندقية,1,الرفادة,مركز - 2,2,,,,,
10007019,شركة فندق يمام الاول الفندقية,7,الرفادة,مركز - 5,5,,,,,
10007019,شركة فندق يمام الاول الفندقية,219,الرفادة,مركز - 17,17,,,,,
10007019,شركة فندق يمام الاول الفندقية,31,الرفادة,مركز - 20,20,,,,,
10007019,شركة فندق يمام الاول الفندقية,2,الرفادة,مركز - 19,19,,,,,
10007078,شركة فندق وفاق المشاعر للضيافة السياحي,39,الرفادة,مركز - 21,21,,,,,
10007078,شركة فندق وفاق المشاعر للضيافة السياحي,150,الرفادة,مركز - 14,14,,,,,
10007078,شركة فندق وفاق المشاعر للضيافة السياحي,51,الرفادة,مركز - 16,16,,,,,
10007078,شركة فندق وفاق المشاعر للضيافة السياحي,266,الرفادة,مركز - 19,19,,,,,
10007078,شركة فندق وفاق المشاعر للضيافة السياحي,49,الرفادة,مركز - 9,9,,,,,
10007078,شركة فندق وفاق المشاعر للضيافة السياحي,94,الرفادة,مركز - 5,5,,,,,
10007078,شركة فندق وفاق المشاعر للضيافة السياحي,241,الرفادة,مركز - 10,10,,,,,
10007078,شركة فندق وفاق المشاعر للضيافة السياحي,1,الرفادة,مركز - 20,20,,,,,
10006826,شركة فندق سدرة نوران للايواء السياحي,39,الرفادة,مركز - 12,12,,,,,
10006826,شركة فندق سدرة نوران للايواء السياحي,62,الرفادة,مركز - 17,17,,,,,
10006826,شركة فندق سدرة نوران للايواء السياحي,51,الرفادة,مركز - 8,8,,,,,
10007704,شركة فندق رزون المسك للضيافة السياحي,157,الرفادة,مركز - 6,6,,,,,
10007704,شركة فندق رزون المسك للضيافة السياحي,19,الرفادة,مركز - 21,21,,,,,
10007704,شركة فندق رزون المسك للضيافة السياحي,25,الرفادة,مركز - 9,9,,,,,
10007704,شركة فندق رزون المسك للضيافة السياحي,664,الرفادة,مركز - 5,5,,,,,
10007704,شركة فندق رزون المسك للضيافة السياحي,160,الرفادة,مركز - 3,3,,,,,
10007704,شركة فندق رزون المسك للضيافة السياحي,16,الرفادة,مركز - 10,10,,,,,
10007704,شركة فندق رزون المسك للضيافة السياحي,292,الرفادة,مركز - 4,4,,,,,
10007704,شركة فندق رزون المسك للضيافة السياحي,186,الرفادة,مركز - 12,12,,,,,
10007704,شركة فندق رزون المسك للضيافة السياحي,138,الرفادة,مركز - 13,13,,,,,
10007704,شركة فندق رزون المسك للضيافة السياحي,28,الرفادة,مركز - 7,7,,,,,
10007272,شركة فندق جوهرة نوران للايواء السياحي,37,الرفادة,مركز - 10,10,,,,,
10007272,شركة فندق جوهرة نوران للايواء السياحي,234,الرفادة,مركز - 18,18,,,,,
10007155,شركة فندق الأيام ايليت الفندقية,1232,الرفادة,مركز - 25,25,,,,,
10007155,شركة فندق الأيام ايليت الفندقية,165,الرفادة,مركز - 22,22,,,,,
10007155,شركة فندق الأيام ايليت الفندقية,349,الرفادة,مركز - 19,19,,,,,
10007155,شركة فندق الأيام ايليت الفندقية,1767,الرفادة,مركز - 26,26,,,,,
10007155,شركة فندق الأيام ايليت الفندقية,482,الرفادة,مركز - 24,24,,,,,
10007155,شركة فندق الأيام ايليت الفندقية,2015,الرفادة,مركز - 27,27,,,,,
10000983,شركة فندق ابراج شركة مكه الفندقية شركة شخص واحد,18,الرفادة,مركز - 21,21,,,,,
10000983,شركة فندق ابراج شركة مكه الفندقية شركة شخص واحد,3,الرفادة,مركز - 14,14,,,,,
10000983,شركة فندق ابراج شركة مكه الفندقية شركة شخص واحد,61,الرفادة,مركز - 16,16,,,,,
10000983,شركة فندق ابراج شركة مكه الفندقية شركة شخص واحد,69,الرفادة,مركز - 19,19,,,,,
10000983,شركة فندق ابراج شركة مكه الفندقية شركة شخص واحد,66,الرفادة,مركز - 18,18,,,,,
10000983,شركة فندق ابراج شركة مكه الفندقية شركة شخص واحد,8,الرفادة,مركز - 6,6,,,,,
10000983,شركة فندق ابراج شركة مكه الفندقية شركة شخص واحد,202,الرفادة,مركز - 20,20,,,,,
10000983,شركة فندق ابراج شركة مكه الفندقية شركة شخص واحد,41,الرفادة,مركز - 13,13,,,,,
10010253,شركة فجر النسك لتشغيل الفنادق,200,الرفادة,مركز - 31,31,,,,,
10011902,شركة عادل بن امين حافظ المحدودة,374,الرفادة,مركز - 31,31,,,,,
10010991,شركة طريق الهجره للخدمات الفندقية,6,الرفادة,مركز - 21,21,,,,,
10010991,شركة طريق الهجره للخدمات الفندقية,1407,الرفادة,مركز - 10,10,,,,,
10010991,شركة طريق الهجره للخدمات الفندقية,7,الرفادة,مركز - 9,9,,,,,
10010712,شركة صلاح المدينة للسفر و السياحة,7,الرفادة,مركز - 14,14,,,,,
10010712,شركة صلاح المدينة للسفر و السياحة,3,الرفادة,مركز - 16,16,,,,,
10010712,شركة صلاح المدينة للسفر و السياحة,95,الرفادة,مركز - 9,9,,,,,
10010712,شركة صلاح المدينة للسفر و السياحة,1,الرفادة,مركز - 18,18,,,,,
10010712,شركة صلاح المدينة للسفر و السياحة,77,الرفادة,مركز - 20,20,,,,,
10010712,شركة صلاح المدينة للسفر و السياحة,197,الرفادة,مركز - 21,21,,,,,
10009788,شركة شيراتون مكة شركة شخص واحد,127,الرفادة,مركز - 14,14,,,,,
10009207,شركة شمس ريزيدنسز المحدودة,56,الرفادة,مركز - 29,29,,,,,
10009207,شركة شمس ريزيدنسز المحدودة,22,الرفادة,مركز - 30,30,,,,,
10012431,شركة سنود الفندقية شركة مساهمة مقفلة,398,الرفادة,مركز - 14,14,,,,,
10012431,شركة سنود الفندقية شركة مساهمة مقفلة,794,الرفادة,مركز - 16,16,,,,,
10012431,شركة سنود الفندقية شركة مساهمة مقفلة,2,الرفادة,مركز - 19,19,,,,,
10012431,شركة سنود الفندقية شركة مساهمة مقفلة,168,الرفادة,مركز - 9,9,,,,,
10012431,شركة سنود الفندقية شركة مساهمة مقفلة,9,الرفادة,مركز - 10,10,,,,,
10012431,شركة سنود الفندقية شركة مساهمة مقفلة,496,الرفادة,مركز - 20,20,,,,,
10012431,شركة سنود الفندقية شركة مساهمة مقفلة,5,الرفادة,مركز - 17,17,,,,,
10012431,شركة سنود الفندقية شركة مساهمة مقفلة,346,الرفادة,مركز - 8,8,,,,,
10012431,شركة سنود الفندقية شركة مساهمة مقفلة,195,الرفادة,مركز - 18,18,,,,,
10012431,شركة سنود الفندقية شركة مساهمة مقفلة,3,الرفادة,مركز - 15,15,,,,,
10012431,شركة سنود الفندقية شركة مساهمة مقفلة,12,الرفادة,مركز - 21,21,,,,,
10011918,شركة سكب الاصيل,167,الرفادة,مركز - 28,28,,,,,
10011918,شركة سكب الاصيل,2,الرفادة,مركز - 30,30,,,,,
10006905,شركة رومانس روم الفندقية,1,الرفادة,مركز - 25,25,,,,,
10006905,شركة رومانس روم الفندقية,295,الرفادة,مركز - 19,19,,,,,
10006905,شركة رومانس روم الفندقية,293,الرفادة,مركز - 24,24,,,,,
10006905,شركة رومانس روم الفندقية,120,الرفادة,مركز - 27,27,,,,,
10011279,شركة روتانا جبل عمر,2,الرفادة,مركز - 13,13,,,,,
10011279,شركة روتانا جبل عمر,101,الرفادة,مركز - 21,21,,,,,
10007121,شركة رواد البيت الفندقية,145,الرفادة,مركز - 2,2,,,,,
10007121,شركة رواد البيت الفندقية,660,الرفادة,مركز - 1,1,,,,,
10007121,شركة رواد البيت الفندقية,699,الرفادة,مركز - 12,12,,,,,
10002141,شركة رمادا زاد بلس الفندقية,42,الرفادة,مركز - 21,21,,,,,
10002141,شركة رمادا زاد بلس الفندقية,409,الرفادة,مركز - 16,16,,,,,
10002141,شركة رمادا زاد بلس الفندقية,98,الرفادة,مركز - 10,10,,,,,
10002141,شركة رمادا زاد بلس الفندقية,169,الرفادة,مركز - 17,17,,,,,
10002141,شركة رمادا زاد بلس الفندقية,125,الرفادة,مركز - 18,18,,,,,
10002141,شركة رمادا زاد بلس الفندقية,20,الرفادة,مركز - 13,13,,,,,
10002141,شركة رمادا زاد بلس الفندقية,129,الرفادة,مركز - 19,19,,,,,
10010073,شركة رقى المشاعر للشقق الفندقية شخص واحد,660,الرفادة,مركز - 22,22,,,,,
10010073,شركة رقى المشاعر للشقق الفندقية شخص واحد,10,الرفادة,مركز - 14,14,,,,,
10010073,شركة رقى المشاعر للشقق الفندقية شخص واحد,118,الرفادة,مركز - 19,19,,,,,
10010073,شركة رقى المشاعر للشقق الفندقية شخص واحد,37,الرفادة,مركز - 10,10,,,,,
10010073,شركة رقى المشاعر للشقق الفندقية شخص واحد,2,الرفادة,مركز - 23,23,,,,,
10010073,شركة رقى المشاعر للشقق الفندقية شخص واحد,73,الرفادة,مركز - 20,20,,,,,
10010073,شركة رقى المشاعر للشقق الفندقية شخص واحد,58,الرفادة,مركز - 13,13,,,,,
10011218,شركة رفاهية الكرام الفندقية,341,الرفادة,مركز - 23,23,,,,,
10010020,شركة رفادة الذهبية للخدمات التجارية شخص واحد,111,الرفادة,مركز - 14,14,,,,,
10010020,شركة رفادة الذهبية للخدمات التجارية شخص واحد,43,الرفادة,مركز - 9,9,,,,,
10010020,شركة رفادة الذهبية للخدمات التجارية شخص واحد,26,الرفادة,مركز - 2,2,,,,,
10010020,شركة رفادة الذهبية للخدمات التجارية شخص واحد,144,الرفادة,مركز - 5,5,,,,,
10010020,شركة رفادة الذهبية للخدمات التجارية شخص واحد,83,الرفادة,مركز - 7,7,,,,,
10010020,شركة رفادة الذهبية للخدمات التجارية شخص واحد,8,الرفادة,مركز - 21,21,,,,,
10007846,شركة رزانه الفندقية,48,الرفادة,مركز - 16,16,,,,,
10007846,شركة رزانه الفندقية,21,الرفادة,مركز - 13,13,,,,,
10006668,شركة دياري أحلام الفوز للخدمات الفندقيه,132,الرفادة,مركز - 6,6,,,,,
10006668,شركة دياري أحلام الفوز للخدمات الفندقيه,9,الرفادة,مركز - 12,12,,,,,
10006668,شركة دياري أحلام الفوز للخدمات الفندقيه,69,الرفادة,مركز - 21,21,,,,,
10006668,شركة دياري أحلام الفوز للخدمات الفندقيه,10,الرفادة,مركز - 14,14,,,,,
10006668,شركة دياري أحلام الفوز للخدمات الفندقيه,8,الرفادة,مركز - 16,16,,,,,
10006668,شركة دياري أحلام الفوز للخدمات الفندقيه,5,الرفادة,مركز - 11,11,,,,,
10006668,شركة دياري أحلام الفوز للخدمات الفندقيه,642,الرفادة,مركز - 19,19,,,,,
10006668,شركة دياري أحلام الفوز للخدمات الفندقيه,190,الرفادة,مركز - 9,9,,,,,
10006668,شركة دياري أحلام الفوز للخدمات الفندقيه,1,الرفادة,مركز - 5,5,,,,,
10006668,شركة دياري أحلام الفوز للخدمات الفندقيه,131,الرفادة,مركز - 10,10,,,,,
10006668,شركة دياري أحلام الفوز للخدمات الفندقيه,6,الرفادة,مركز - 20,20,,,,,
10006668,شركة دياري أحلام الفوز للخدمات الفندقيه,11,الرفادة,مركز - 17,17,,,,,
10006668,شركة دياري أحلام الفوز للخدمات الفندقيه,113,الرفادة,مركز - 18,18,,,,,
10006668,شركة دياري أحلام الفوز للخدمات الفندقيه,7,الرفادة,مركز - 15,15,,,,,
10006668,شركة دياري أحلام الفوز للخدمات الفندقيه,5,الرفادة,مركز - 1,1,,,,,
10006668,شركة دياري أحلام الفوز للخدمات الفندقيه,1,الرفادة,مركز - 13,13,,,,,
10007290,شركة درة طيبة المحدودة,7,الرفادة,مركز - 19,19,,,,,
10007290,شركة درة طيبة المحدودة,203,الرفادة,مركز - 5,5,,,,,
10007290,شركة درة طيبة المحدودة,249,الرفادة,مركز - 10,10,,,,,
10007290,شركة درة طيبة المحدودة,50,الرفادة,مركز - 4,4,,,,,
10007290,شركة درة طيبة المحدودة,247,الرفادة,مركز - 13,13,,,,,
10010176,شركة درة النمارق الفندقية,64,الرفادة,مركز - 14,14,,,,,
10010176,شركة درة النمارق الفندقية,1,الرفادة,مركز - 11,11,,,,,
10010176,شركة درة النمارق الفندقية,1,الرفادة,مركز - 19,19,,,,,
10010176,شركة درة النمارق الفندقية,227,الرفادة,مركز - 9,9,,,,,
10010176,شركة درة النمارق الفندقية,110,الرفادة,مركز - 13,13,,,,,
10007205,شركة دار هادي العزيزية,35,الرفادة,مركز - 6,6,,,,,
10007205,شركة دار هادي العزيزية,2,الرفادة,مركز - 12,12,,,,,
10007205,شركة دار هادي العزيزية,15,الرفادة,مركز - 21,21,,,,,
10007205,شركة دار هادي العزيزية,10,الرفادة,مركز - 14,14,,,,,
10007205,شركة دار هادي العزيزية,6,الرفادة,مركز - 16,16,,,,,
10007205,شركة دار هادي العزيزية,13,الرفادة,مركز - 11,11,,,,,
10007205,شركة دار هادي العزيزية,2,الرفادة,مركز - 19,19,,,,,
10007205,شركة دار هادي العزيزية,3,الرفادة,مركز - 9,9,,,,,
10002106,فندق اعمار جراند الفندقية,63,الراجحي,مركز - 101,101,,,,,
10011361,مؤسسة الضيافة المميزه للوحدات السكنية,252,رحلات ومنافع,مركز - 207,207,,,,,
10012378,مؤسسة الرقي والتقدم للخدمات العقارية,45,رحلات ومنافع,مركز - 206,206,,,,,
10010156,مؤسسة التاج ثلاثة الفندقية,225,رحلات ومنافع,مركز - 206,206,,,,,
10011987,مؤسسة جارة المشاعر,52,رحلات ومنافع,مركز - 226,226,,,,,
10012105,مؤسسة البناء العصرية للمقاولات,80,رحلات ومنافع,مركز - 226,226,,,,,
10012527,مؤسسة رحاب بنت خالد ابن حسن عناالرفاعي للتجارة,180,رحلات ومنافع,مركز - 230,230,,,,,
10011896,مؤسسة ركائز البنيان العقارية,5,رحلات ومنافع,مركز - 226,226,,,,,
10012255,مؤسسة ديار العزيزية الذهبية,343,رحلات ومنافع,مركز - 230,230,,,,,
10012527,مؤسسة رحاب بنت خالد ابن حسن عناالرفاعي للتجارة,36,رحلات ومنافع,مركز - 231,231,,,,,
10010921,فندق وردة الصلاح للايواء السياحي,108,رحلات ومنافع,مركز - 228,228,,,,,
10012378,مؤسسة الرقي والتقدم للخدمات العقارية,169,رحلات ومنافع,مركز - 207,207,,,,,
10011361,مؤسسة الضيافة المميزه للوحدات السكنية,3,رحلات ومنافع,مركز - 206,206,,,,,
10011184,مؤسسة العون والاعانة الخيري,147,رحلات ومنافع,مركز - 221,221,,,,,
10011184,مؤسسة العون والاعانة الخيري,263,رحلات ومنافع,مركز - 225,225,,,,,
10012454,مؤسسة إم إيه بي إتش,75,رحلات ومنافع,مركز - 227,227,,,,,
10011478,مؤسسة فوزان بن يحى بدرى,159,رحلات ومنافع,مركز - 223,223,,,,,
10012182,مؤسسة سعود بن علي الشريف,73,رحلات ومنافع,مركز - 231,231,,,,,
10012182,مؤسسة سعود بن علي الشريف,185,رحلات ومنافع,مركز - 230,230,,,,,
10012008,مؤسسة سلطان علي حسين هزازي للنزل السياحيه,66,رحلات ومنافع,مركز - 226,226,,,,,
10012008,مؤسسة سلطان علي حسين هزازي للنزل السياحيه,64,رحلات ومنافع,مركز - 222,222,,,,,
10011478,مؤسسة فوزان بن يحى بدرى,27,رحلات ومنافع,مركز - 226,226,,,,,
10011617,مؤسسة عبدالاله بن علي الحازمي التجارية,402,رحلات ومنافع,مركز - 225,225,,,,,
10011459,مؤسسة عبدالمجيد علي سعيد الزهراني لنقل الحجاج والمعتمرين,170,رحلات ومنافع,مركز - 225,225,,,,,
10011459,مؤسسة عبدالمجيد علي سعيد الزهراني لنقل الحجاج والمعتمرين,90,رحلات ومنافع,مركز - 221,221,,,,,
10011478,مؤسسة فوزان بن يحى بدرى,6,رحلات ومنافع,مركز - 224,224,,,,,
10011307,مؤسسة كرم الوفادة,229,رحلات ومنافع,مركز - 225,225,,,,,
10011425,مؤسسة كنوز الرحمة الفندقية,90,رحلات ومنافع,مركز - 221,221,,,,,
10011447,مؤسسة محمد احمد العمودي التجارية,46,رحلات ومنافع,مركز - 226,226,,,,,
10011447,مؤسسة محمد احمد العمودي التجارية,41,رحلات ومنافع,مركز - 221,221,,,,,
10011814,مؤسسة محمد بن ريال بن محمد صادهان لتشغيل الفنادق,238,رحلات ومنافع,مركز - 230,230,,,,,
10011268,مؤسسة محمد نوير شحيب المطرفي للمقاولات,112,رحلات ومنافع,مركز - 228,228,,,,,
10011268,مؤسسة محمد نوير شحيب المطرفي للمقاولات,36,رحلات ومنافع,مركز - 227,227,,,,,
10012010,مؤسسة مسعد بن فازع القرشي,16,رحلات ومنافع,مركز - 222,222,,,,,
10011963,مؤسسة نوره سعد بن دخيل الله القرشى العقارية,43,رحلات ومنافع,مركز - 230,230,,,,,
10011319,مؤسسة مشعل بن حمود الهذلى,195,رحلات ومنافع,مركز - 224,224,,,,,
10011268,مؤسسة محمد نوير شحيب المطرفي للمقاولات,150,رحلات ومنافع,مركز - 224,224,,,,,
10011447,مؤسسة محمد احمد العمودي التجارية,8,رحلات ومنافع,مركز - 228,228,,,,,
10011447,مؤسسة محمد احمد العمودي التجارية,60,رحلات ومنافع,مركز - 225,225,,,,,
10012238,نزل عناقيد الجوري,131,رحلات ومنافع,مركز - 206,206,,,,,
10011954,نزل محمد عباد عابد الطويرقي,205,رحلات ومنافع,مركز - 223,223,,,,,
10011954,نزل محمد عباد عابد الطويرقي,4,رحلات ومنافع,مركز - 228,228,,,,,
10011096,مؤسسة ولاء جميل المطرفي,50,رحلات ومنافع,مركز - 224,224,,,,,
10011420,نزل سلمان بن محمد المحمادي للنزل السياحيه,10,رحلات ومنافع,مركز - 222,222,,,,,
10012015,نزل رباط المبرة للنزل السياحيه,135,رحلات ومنافع,مركز - 206,206,,,,,
10011318,مؤسسة ياسر عبدالهادى حامد العصيمى لتشغيل الفنادق,43,رحلات ومنافع,مركز - 221,221,,,,,
10012030,نزل إهداء الوسام,48,رحلات ومنافع,مركز - 230,230,,,,,
10011420,نزل سلمان بن محمد المحمادي للنزل السياحيه,28,رحلات ومنافع,مركز - 223,223,,,,,
10012306,نزل محمد يوسف الحمدان للنزل السياحيه,147,رحلات ومنافع,مركز - 230,230,,,,,
10011420,نزل سلمان بن محمد المحمادي للنزل السياحيه,223,رحلات ومنافع,مركز - 226,226,,,,,
10011954,نزل محمد عباد عابد الطويرقي,4,رحلات ومنافع,مركز - 226,226,,,,,
10012015,نزل رباط المبرة للنزل السياحيه,423,رحلات ومنافع,مركز - 207,207,,,,,
10012238,نزل عناقيد الجوري,90,رحلات ومنافع,مركز - 207,207,,,,,
10012306,نزل محمد يوسف الحمدان للنزل السياحيه,126,رحلات ومنافع,مركز - 231,231,,,,,
10011832,وقف إبراهيم عبدالرحمن الجوهري الوقفية,80,رحلات ومنافع,مركز - 221,221,,,,,
10012462,وقف الأمير عبد الأحد أمير بخارى,279,رحلات ومنافع,مركز - 207,207,,,,,
10012462,وقف الأمير عبد الأحد أمير بخارى,140,رحلات ومنافع,مركز - 206,206,,,,,
10009239,حسين احمد عمر قبورى,117,دليل الزوار,مركز - 303,303,,,,,
10007665,أنوار ضيافة الفندقية,32,دليل الزوار,مركز - 306,306,,,,,
10012353,شركة القوافل العالمية للمقاولات شخص واحد,140,دليل الزوار,مركز - 202,202,,,,,
10012353,شركة القوافل العالمية للمقاولات شخص واحد,16,دليل الزوار,مركز - 203,203,,,,,
10012353,شركة القوافل العالمية للمقاولات شخص واحد,89,دليل الزوار,مركز - 201,201,,,,,
10010938,شركة المضيئة الماسية المحدودة,1,دليل الزوار,مركز - 301,301,,,,,
10010938,شركة المضيئة الماسية المحدودة,20,دليل الزوار,مركز - 306,306,,,,,
10010938,شركة المضيئة الماسية المحدودة,12,دليل الزوار,مركز - 308,308,,,,,
10009260,شركة انوار الصلاح المحدودة شخص واحد,16,دليل الزوار,مركز - 202,202,,,,,
10009260,شركة انوار الصلاح المحدودة شخص واحد,14,دليل الزوار,مركز - 305,305,,,,,
10012544,شركة القمة الفندقية المحدودة,4,دليل الزوار,مركز - 304,304,,,,,
10012544,شركة القمة الفندقية المحدودة,13,دليل الزوار,مركز - 305,305,,,,,
10012555,شركة إندماج رؤيا,184,دليل الزوار,مركز - 405,405,,,,,
10012555,شركة إندماج رؤيا,37,دليل الزوار,مركز - 202,202,,,,,
10011133,شركة إيلاف للاستثمار الدولي,8,دليل الزوار,مركز - 402,402,,,,,
10010527,شركة بلورة الدرة للخدمات الفندقيه,28,دليل الزوار,مركز - 303,303,,,,,
10010724,شركة بيسان الذهبي الفندقية,63,دليل الزوار,مركز - 201,201,,,,,
10009590,شركة تاج الارتفاع,63,دليل الزوار,مركز - 302,302,,,,,
10007018,شركة تارا,39,دليل الزوار,مركز - 404,404,,,,,
10009335,شركة تارا الذهبي,59,دليل الزوار,مركز - 301,301,,,,,
10009335,شركة تارا الذهبي,2,دليل الزوار,مركز - 304,304,,,,,
10007328,شركة توحيد الأصالة للخدمات الفندقية شركة ذات المسؤ,22,دليل الزوار,مركز - 402,402,,,,,
10007328,شركة توحيد الأصالة للخدمات الفندقية شركة ذات المسؤ,48,دليل الزوار,مركز - 304,304,,,,,
10007328,شركة توحيد الأصالة للخدمات الفندقية شركة ذات المسؤ,58,دليل الزوار,مركز - 401,401,,,,,
10007328,شركة توحيد الأصالة للخدمات الفندقية شركة ذات المسؤ,2,دليل الزوار,مركز - 201,201,,,,,
10011905,شركة جمال سامى ابولبن التجارية,3,دليل الزوار,مركز - 202,202,,,,,
10011905,شركة جمال سامى ابولبن التجارية,9,دليل الزوار,مركز - 203,203,,,,,
10011682,شركة إعمار مليون المحدودة,128,الراجحي,مركز - 105,105,,,,,
10011682,شركة إعمار مليون المحدودة,58,الراجحي,مركز - 102,102,,,,,
10009842,شركة ذات الثقة لإدارة مرافق الضيافة السياحية شخص واحد,7,دليل الزوار,مركز - 203,203,,,,,
10007391,شركة ابراج ساره للاستثمار العقاري فندق سويس أوتيل المقام مكة,666,الراجحي,مركز - 101,101,,,,,
10007391,شركة ابراج ساره للاستثمار العقاري فندق سويس أوتيل المقام مكة,1,الراجحي,مركز - 107,107,,,,,
10009842,شركة ذات الثقة لإدارة مرافق الضيافة السياحية شخص واحد,275,دليل الزوار,مركز - 201,201,,,,,
10007391,شركة ابراج ساره للاستثمار العقاري فندق سويس أوتيل المقام مكة,408,الراجحي,مركز - 103,103,,,,,
10007391,شركة ابراج ساره للاستثمار العقاري فندق سويس أوتيل المقام مكة,361,الراجحي,مركز - 102,102,,,,,
10012969,شركة ريادة الأماكن للاستثمار,25,دليل الزوار,مركز - 304,304,,,,,
10012373,شركة اتزان التسهيلات العقارية,395,الراجحي,مركز - 127,127,,,,,
10012373,شركة اتزان التسهيلات العقارية,13,الراجحي,مركز - 150,150,,,,,
10012969,شركة ريادة الأماكن للاستثمار,85,دليل الزوار,مركز - 303,303,,,,,
10012373,شركة اتزان التسهيلات العقارية,2,الراجحي,مركز - 151,151,,,,,
10012641,شركة احسان الضيافة المحدودة,582,الراجحي,مركز - 133,133,,,,,
10012710,شركة سدن الوطنية المحدودة,69,دليل الزوار,مركز - 403,403,,,,,
10012641,شركة احسان الضيافة المحدودة,39,الراجحي,مركز - 138,138,,,,,
10012094,شركة ادم الخير الفندقية,114,الراجحي,مركز - 113,113,,,,,
10012710,شركة سدن الوطنية المحدودة,134,دليل الزوار,مركز - 201,201,,,,,
10012094,شركة ادم الخير الفندقية,80,الراجحي,مركز - 109,109,,,,,
10012094,شركة ادم الخير الفندقية,1,الراجحي,مركز - 105,105,,,,,
10011645,شركة سما الشعائر لتشغيل الفنادق,232,دليل الزوار,مركز - 301,301,,,,,
10012094,شركة ادم الخير الفندقية,13,الراجحي,مركز - 112,112,,,,,
10012094,شركة ادم الخير الفندقية,2,الراجحي,مركز - 102,102,,,,,
10011645,شركة سما الشعائر لتشغيل الفنادق,158,دليل الزوار,مركز - 202,202,,,,,
10007336,شركة البرج العالمية لادارة الفنادق فندق ساعة مكة فيرمونت,235,الراجحي,مركز - 101,101,,,,,
10007336,شركة البرج العالمية لادارة الفنادق فندق ساعة مكة فيرمونت,47,الراجحي,مركز - 110,110,,,,,
10011645,شركة سما الشعائر لتشغيل الفنادق,60,دليل الزوار,مركز - 401,401,,,,,
10007336,شركة البرج العالمية لادارة الفنادق فندق ساعة مكة فيرمونت,60,الراجحي,مركز - 102,102,,,,,
10007941,شركة البرج العالمية للاستثمار العقاري فندق قصر مكة رفلز,25,الراجحي,مركز - 101,101,,,,,
10011645,شركة سما الشعائر لتشغيل الفنادق,24,دليل الزوار,مركز - 201,201,,,,,
10011720,شركة الجابر الخدمات الدولية المحدودة,233,الراجحي,مركز - 123,123,,,,,
10012248,شركة الخيمة لتشغيل الفنادق,510,الراجحي,مركز - 136,136,,,,,
10011559,شركة سمير فلاس المحدودة,85,دليل الزوار,مركز - 401,401,,,,,
10012248,شركة الخيمة لتشغيل الفنادق,32,الراجحي,مركز - 134,134,,,,,
10011143,شركة الريادة العالمية للسفر و السياحة,28,الراجحي,مركز - 113,113,,,,,
10006665,شركة سنود اجياد للخدمات الفندقيه شركة شخص واحد,68,دليل الزوار,مركز - 302,302,,,,,
10011143,شركة الريادة العالمية للسفر و السياحة,161,الراجحي,مركز - 106,106,,,,,
10011143,شركة الريادة العالمية للسفر و السياحة,117,الراجحي,مركز - 105,105,,,,,
10006665,شركة سنود اجياد للخدمات الفندقيه شركة شخص واحد,3,دليل الزوار,مركز - 305,305,,,,,
10008742,شركة الزائر المتميز لتشغيل الفنادق,112,الراجحي,مركز - 113,113,,,,,
10008742,شركة الزائر المتميز لتشغيل الفنادق,94,الراجحي,مركز - 109,109,,,,,
10012579,شركة سول10,32,دليل الزوار,مركز - 405,405,,,,,
10008742,شركة الزائر المتميز لتشغيل الفنادق,10,الراجحي,مركز - 106,106,,,,,
10008742,شركة الزائر المتميز لتشغيل الفنادق,63,الراجحي,مركز - 105,105,,,,,
10012579,شركة سول10,1,دليل الزوار,مركز - 402,402,,,,,
10008742,شركة الزائر المتميز لتشغيل الفنادق,52,الراجحي,مركز - 108,108,,,,,
10008742,شركة الزائر المتميز لتشغيل الفنادق,2,الراجحي,مركز - 112,112,,,,,
10012579,شركة سول10,52,دليل الزوار,مركز - 401,401,,,,,
10008742,شركة الزائر المتميز لتشغيل الفنادق,446,الراجحي,مركز - 107,107,,,,,
10008742,شركة الزائر المتميز لتشغيل الفنادق,1,الراجحي,مركز - 103,103,,,,,
10012579,شركة سول10,4,دليل الزوار,مركز - 407,407,,,,,
10012366,شركة الشهاب الرائج,258,الراجحي,مركز - 144,144,,,,,
10007435,شركة الصفوة اوركيد الذهبية الفندقية شركة شخص واحد,21,الراجحي,مركز - 106,106,,,,,
10012079,شركة صفات التميز و الابداع,50,دليل الزوار,مركز - 304,304,,,,,
10007435,شركة الصفوة اوركيد الذهبية الفندقية شركة شخص واحد,56,الراجحي,مركز - 101,101,,,,,
10007435,شركة الصفوة اوركيد الذهبية الفندقية شركة شخص واحد,99,الراجحي,مركز - 105,105,,,,,
10009510,شركة ضيافة المدينة للتجارة,82,دليل الزوار,مركز - 202,202,,,,,
10007435,شركة الصفوة اوركيد الذهبية الفندقية شركة شخص واحد,145,الراجحي,مركز - 103,103,,,,,
10007435,شركة الصفوة اوركيد الذهبية الفندقية شركة شخص واحد,200,الراجحي,مركز - 102,102,,,,,
10009510,شركة ضيافة المدينة للتجارة,35,دليل الزوار,مركز - 201,201,,,,,
10009609,شركة الضيافة العصرية الفندقية,793,الراجحي,مركز - 139,139,,,,,
10009609,شركة الضيافة العصرية الفندقية,550,الراجحي,مركز - 127,127,,,,,
10012275,شركة عالم الحياة لتشغيل الفنادق شخص واحد,52,دليل الزوار,مركز - 305,305,,,,,
10011873,شركة القمة الذهبية العالمية المحدودة,1,الراجحي,مركز - 102,102,,,,,
10011873,شركة القمة الذهبية العالمية المحدودة,1,الراجحي,مركز - 107,107,,,,,
10012275,شركة عالم الحياة لتشغيل الفنادق شخص واحد,71,دليل الزوار,مركز - 308,308,,,,,
10011873,شركة القمة الذهبية العالمية المحدودة,86,الراجحي,مركز - 113,113,,,,,
10010923,شركة القصواء للسفر و السياحة,8,الراجحي,مركز - 102,102,,,,,
10012275,شركة عالم الحياة لتشغيل الفنادق شخص واحد,26,دليل الزوار,مركز - 404,404,,,,,
10010923,شركة القصواء للسفر و السياحة,28,الراجحي,مركز - 103,103,,,,,
10010923,شركة القصواء للسفر و السياحة,294,الراجحي,مركز - 110,110,,,,,
10012475,شركة عبدالله عطيه عزيز الزهراني للخدمات العامة,126,دليل الزوار,مركز - 402,402,,,,,
10010923,شركة القصواء للسفر و السياحة,66,الراجحي,مركز - 107,107,,,,,
10010923,شركة القصواء للسفر و السياحة,51,الراجحي,مركز - 112,112,,,,,
10012475,شركة عبدالله عطيه عزيز الزهراني للخدمات العامة,73,دليل الزوار,مركز - 302,302,,,,,
10010923,شركة القصواء للسفر و السياحة,255,الراجحي,مركز - 108,108,,,,,
10010923,شركة القصواء للسفر و السياحة,192,الراجحي,مركز - 105,105,,,,,
10010317,شركة غالب تورز للسفر و السياحة,1,دليل الزوار,مركز - 405,405,,,,,
10010923,شركة القصواء للسفر و السياحة,85,الراجحي,مركز - 101,101,,,,,
10010923,شركة القصواء للسفر و السياحة,251,الراجحي,مركز - 106,106,,,,,
10010317,شركة غالب تورز للسفر و السياحة,201,دليل الزوار,مركز - 202,202,,,,,
10010923,شركة القصواء للسفر و السياحة,86,الراجحي,مركز - 113,113,,,,,
10007713,شركة الفنار العزيزية الفندقية,558,الراجحي,مركز - 127,127,,,,,
10010317,شركة غالب تورز للسفر و السياحة,2,دليل الزوار,مركز - 403,403,,,,,
10010350,شركة اوتاد المتحدة لتشغيل الفنادق,176,الراجحي,مركز - 151,151,,,,,
10011567,شركة اوتاد الفضيلة,350,الراجحي,مركز - 123,123,,,,,
10010253,شركة فجر النسك لتشغيل الفنادق,9,دليل الزوار,مركز - 402,402,,,,,
10011567,شركة اوتاد الفضيلة,197,الراجحي,مركز - 143,143,,,,,
10011567,شركة اوتاد الفضيلة,309,الراجحي,مركز - 134,134,,,,,
10012087,شركة فرع شركة اكسبرس للحج والعمرة,271,دليل الزوار,مركز - 401,401,,,,,
10011567,شركة اوتاد الفضيلة,73,الراجحي,مركز - 132,132,,,,,
10011949,شركة المحيط المميزة التجارية,89,الراجحي,مركز - 128,128,,,,,
10007548,شركة فندق ابراج الكسوة الفندقية,5,دليل الزوار,مركز - 102,102,,,,,
10011949,شركة المحيط المميزة التجارية,65,الراجحي,مركز - 139,139,,,,,
10012754,شركة الماسة المشاعر لتشغيل الفنادق,24,الراجحي,مركز - 102,102,,,,,
10007548,شركة فندق ابراج الكسوة الفندقية,181,دليل الزوار,مركز - 101,101,,,,,
10012754,شركة الماسة المشاعر لتشغيل الفنادق,108,الراجحي,مركز - 107,107,,,,,
10012754,شركة الماسة المشاعر لتشغيل الفنادق,1,الراجحي,مركز - 112,112,,,,,
10000983,شركة فندق ابراج شركة مكه الفندقية شركة شخص واحد,38,دليل الزوار,مركز - 402,402,,,,,
10012754,شركة الماسة المشاعر لتشغيل الفنادق,343,الراجحي,مركز - 106,106,,,,,
10012754,شركة الماسة المشاعر لتشغيل الفنادق,195,الراجحي,مركز - 113,113,,,,,
10000983,شركة فندق ابراج شركة مكه الفندقية شركة شخص واحد,3,دليل الزوار,مركز - 406,406,,,,,
10011519,شركة الماسة العالمية للسفر و السياحة,127,الراجحي,مركز - 106,106,,,,,
10011519,شركة الماسة العالمية للسفر و السياحة,57,الراجحي,مركز - 113,113,,,,,
10000983,شركة فندق ابراج شركة مكه الفندقية شركة شخص واحد,6,دليل الزوار,مركز - 407,407,,,,,
10002588,شركة الماسة الخاصة المحدودة,63,الراجحي,مركز - 102,102,,,,,
10002588,شركة الماسة الخاصة المحدودة,43,الراجحي,مركز - 108,108,,,,,
10010286,شركة فندق رويال ماجستك,54,دليل الزوار,مركز - 307,307,,,,,
10002588,شركة الماسة الخاصة المحدودة,1,الراجحي,مركز - 101,101,,,,,
10002588,شركة الماسة الخاصة المحدودة,1,الراجحي,مركز - 106,106,,,,,
10010286,شركة فندق رويال ماجستك,1,دليل الزوار,مركز - 302,302,,,,,
10012544,شركة القمة الفندقية المحدودة,674,الراجحي,مركز - 145,145,,,,,
10012544,شركة القمة الفندقية المحدودة,50,الراجحي,مركز - 122,122,,,,,
10010286,شركة فندق رويال ماجستك,12,دليل الزوار,مركز - 305,305,,,,,
10011358,تموينات عبدالله بن حامد بن امبارك الجابري للمواد الغذائية,4,الراجحي,مركز - 153,153,,,,,
10011358,تموينات عبدالله بن حامد بن امبارك الجابري للمواد الغذائية,81,الراجحي,مركز - 151,151,,,,,
10010286,شركة فندق رويال ماجستك,7,دليل الزوار,مركز - 303,303,,,,,
10007336,شركة البرج العالمية لادارة الفنادق فندق ساعة مكة فيرمونت,4799,الراجحي,مركز - 141,141,,,,,
10007336,شركة البرج العالمية لادارة الفنادق فندق ساعة مكة فيرمونت,4799,الراجحي,مركز - 142,142,,,,,
10007078,شركة فندق وفاق المشاعر للضيافة السياحي,447,دليل الزوار,مركز - 202,202,,,,,
10010962,شركة الريان الضيافة لأدارة وتشغيل الفنادق,3537,الراجحي B2C,مركز - 200,200,,,,,
10012091,نزل حاسن بن فائز اللهيبي للضيافة السياحي,59,الرفادة,مركز - 31,31,,,,,
10007078,شركة فندق وفاق المشاعر للضيافة السياحي,735,دليل الزوار,مركز - 203,203,,,,,
10011580,مؤسسة محمد بن نجيم الصبحي,419,الرفادة,مركز - 31,31,,,,,
10012090,مؤسسة سليمان بن موسى بن حمد العليان,197,الرفادة,مركز - 24,24,,,,,
10007078,شركة فندق وفاق المشاعر للضيافة السياحي,12,دليل الزوار,مركز - 305,305,,,,,
10012090,مؤسسة سليمان بن موسى بن حمد العليان,459,الرفادة,مركز - 26,26,,,,,
10012090,مؤسسة سليمان بن موسى بن حمد العليان,332,الرفادة,مركز - 25,25,,,,,
10012221,شركة فوزان سعد العميرى,8,دليل الزوار,مركز - 203,203,,,,,
10012090,مؤسسة سليمان بن موسى بن حمد العليان,3,الرفادة,مركز - 27,27,,,,,
10006809,فندق يوسف عبدالعزيز عبداللطيف العبدالكريم الفندقية,57,الرفادة,مركز - 19,19,,,,,
10009537,شركة كيان الرايه للضيافة السياحي,142,دليل الزوار,مركز - 201,201,,,,,
10007282,فندق وردة المشاعر الفندقية,572,الرفادة,مركز - 23,23,,,,,
10011746,فندق واحة الفارس للضيافة السياحي,152,الرفادة,مركز - 14,14,,,,,
10012320,شركة محمد بن صالح رزه,42,دليل الزوار,مركز - 401,401,,,,,
10011746,فندق واحة الفارس للضيافة السياحي,269,الرفادة,مركز - 4,4,,,,,
10006855,فندق واحة الرفاع الفندقية,151,الرفادة,مركز - 11,11,,,,,
10012320,شركة محمد بن صالح رزه,66,دليل الزوار,مركز - 404,404,,,,,
10006855,فندق واحة الرفاع الفندقية,161,الرفادة,مركز - 1,1,,,,,
10006855,فندق واحة الرفاع الفندقية,166,الرفادة,مركز - 9,9,,,,,
10011933,شركة مخيم رفادة المحدودة شركة شخص واحد,23,دليل الزوار,مركز - 402,402,,,,,
10006855,فندق واحة الرفاع الفندقية,135,الرفادة,مركز - 21,21,,,,,
10006809,فندق يوسف عبدالعزيز عبداللطيف العبدالكريم الفندقية,84,الرفادة,مركز - 14,14,,,,,
10011933,شركة مخيم رفادة المحدودة شركة شخص واحد,3,دليل الزوار,مركز - 304,304,,,,,
10012281,مؤسسة احمد عبدالفتاح موسى,400,الرفادة,مركز - 31,31,,,,,
10002213,مؤسسة رتاج الحياة لتشغيل الفنادق,2,الرفادة,مركز - 9,9,,,,,
10011933,شركة مخيم رفادة المحدودة شركة شخص واحد,33,دليل الزوار,مركز - 305,305,,,,,
10007025,شركة طلع الشرق المحدودة,21,ام من ميلينوم,مركز - 501,501,,,,,
10012275,شركة عالم الحياة لتشغيل الفنادق شخص واحد,1,ام من ميلينوم,مركز - 201,201,,,,,
10005693,شركة الطلائع الفندقية,457,الرفادة,مركز - 19,19,,,,,
10006235,شركة عبدالرزاق بديع الكتبي لخدمات المعتمرين,27,ام من ميلينوم,مركز - 303,303,,,,,
10006235,شركة عبدالرزاق بديع الكتبي لخدمات المعتمرين,17,ام من ميلينوم,مركز - 401,401,,,,,
10007435,شركة الصفوة اوركيد الذهبية الفندقية شركة شخص واحد,286,الرفادة,مركز - 21,21,,,,,
10001928,شركة برج الخير للخدمات الفندقيه,252,الرفادة,مركز - 23,23,,,,,
10012475,شركة عبدالله عطيه عزيز الزهراني للخدمات العامة,56,ام من ميلينوم,مركز - 303,303,,,,,
10010317,شركة غالب تورز للسفر و السياحة,53,ام من ميلينوم,مركز - 101,101,,,,,
10007435,شركة الصفوة اوركيد الذهبية الفندقية شركة شخص واحد,42,الرفادة,مركز - 7,7,,,,,
10012087,شركة فرع شركة اكسبرس للحج والعمرة,12,ام من ميلينوم,مركز - 401,401,,,,,
10000983,شركة فندق ابراج شركة مكه الفندقية شركة شخص واحد,85,ام من ميلينوم,مركز - 101,101,,,,,
10011277,شركة الرفاع العمراني المحدودة,627,الرفادة,مركز - 12,12,,,,,
10007180,شركة فندق بسمة الضيافة الفندقية,40,ام من ميلينوم,مركز - 501,501,,,,,
10010863,شركة فندق عدنان معتوق بن صليح العميري الفندقية,62,ام من ميلينوم,مركز - 501,501,,,,,
10011277,شركة الرفاع العمراني المحدودة,12,الرفادة,مركز - 21,21,,,,,
10008456,شركة فندق لؤلؤة الايمان الفندقية,21,ام من ميلينوم,مركز - 301,301,,,,,
10007345,شركة فندق لؤلؤة الريان الفندقية شخص واحد,6,ام من ميلينوم,مركز - 101,101,,,,,
10011277,شركة الرفاع العمراني المحدودة,133,الرفادة,مركز - 11,11,,,,,
10007345,شركة فندق لؤلؤة الريان الفندقية شخص واحد,10,ام من ميلينوم,مركز - 401,401,,,,,
10007078,شركة فندق وفاق المشاعر للضيافة السياحي,4,ام من ميلينوم,مركز - 301,301,,,,,
10011277,شركة الرفاع العمراني المحدودة,141,الرفادة,مركز - 2,2,,,,,
10008176,شركة قمة الضيافة الفندقية,4,ام من ميلينوم,مركز - 501,501,,,,,
10011933,شركة مخيم رفادة المحدودة شركة شخص واحد,66,ام من ميلينوم,مركز - 501,501,,,,,
10011277,شركة الرفاع العمراني المحدودة,694,الرفادة,مركز - 15,15,,,,,
10011933,شركة مخيم رفادة المحدودة شركة شخص واحد,20,ام من ميلينوم,مركز - 101,101,,,,,
10011933,شركة مخيم رفادة المحدودة شركة شخص واحد,82,ام من ميلينوم,مركز - 401,401,,,,,
10011277,شركة الرفاع العمراني المحدودة,148,الرفادة,مركز - 4,4,,,,,
10009906,شركة مكان الماس لتشغيل الفنادق,6,ام من ميلينوم,مركز - 101,101,,,,,
10011673,شركة منازل العاصمه للتجارة والمقاولات المحدودة,95,ام من ميلينوم,مركز - 102,102,,,,,
10011277,شركة الرفاع العمراني المحدودة,602,الرفادة,مركز - 13,13,,,,,
10011698,شركة ميزاب الفندقية شركة شخص واحد,45,ام من ميلينوم,مركز - 301,301,,,,,
10007631,فندق منازل الفضيلة الفندقية,112,دليل الزوار,مركز - 402,402,,,,,
10007631,فندق منازل الفضيلة الفندقية,12,دليل الزوار,مركز - 307,307,,,,,
10007151,شركة نواة النمو المستدام,53,ام من ميلينوم,مركز - 501,501,,,,,
10007631,فندق منازل الفضيلة الفندقية,22,دليل الزوار,مركز - 302,302,,,,,
10011639,شركة البيوت الماسية للعقارات,45,الرفادة,مركز - 25,25,,,,,
10007631,فندق منازل الفضيلة الفندقية,8,دليل الزوار,مركز - 305,305,,,,,
10012359,شقق درة الماسه الذهبية للشقق المخدومة,278,ام من ميلينوم,مركز - 401,401,,,,,
10007631,فندق منازل الفضيلة الفندقية,1,دليل الزوار,مركز - 404,404,,,,,
10007990,فندق منازل المصاف للضيافة السياحي,45,دليل الزوار,مركز - 405,405,,,,,
10010845,فندق اعمار الخير الماسي للضيافة السياحي,10,ام من ميلينوم,مركز - 301,301,,,,,
10007990,فندق منازل المصاف للضيافة السياحي,65,دليل الزوار,مركز - 201,201,,,,,
10011639,شركة البيوت الماسية للعقارات,290,الرفادة,مركز - 22,22,,,,,
10010274,فندق نجمة الخليج العربي,29,دليل الزوار,مركز - 305,305,,,,,
10007092,فندق اعمار السلطان الفندقية,43,ام من ميلينوم,مركز - 101,101,,,,,
10010274,فندق نجمة الخليج العربي,65,دليل الزوار,مركز - 304,304,,,,,
10010274,فندق نجمة الخليج العربي,45,دليل الزوار,مركز - 306,306,,,,,
10010251,فندق الأراضي الطيبه للايواء السياحي,8,ام من ميلينوم,مركز - 101,101,,,,,
10010274,فندق نجمة الخليج العربي,25,دليل الزوار,مركز - 401,401,,,,,
10011639,شركة البيوت الماسية للعقارات,45,الرفادة,مركز - 26,26,,,,,
10010274,فندق نجمة الخليج العربي,45,دليل الزوار,مركز - 201,201,,,,,
10007622,فندق التقوى الراقي الفندقية,12,ام من ميلينوم,مركز - 501,501,,,,,
10010213,فندق نجمة نرسيان الفندقية,24,دليل الزوار,مركز - 102,102,,,,,
10002288,فندق عنوان المشاعر الفندقية,42,دليل الزوار,مركز - 403,403,,,,,
10009177,فندق الرافدين اجياد الفندقية,3,ام من ميلينوم,مركز - 503,503,,,,,
10008863,فندق ندى الهجرة للضيافة السياحي,64,دليل الزوار,مركز - 402,402,,,,,
10011639,شركة البيوت الماسية للعقارات,90,الرفادة,مركز - 24,24,,,,,
10006990,فندق نسمات الضيافة الفندقية,1,دليل الزوار,مركز - 203,203,,,,,
10009177,فندق الرافدين اجياد الفندقية,84,ام من ميلينوم,مركز - 501,501,,,,,
10009134,فندق نوارة شمس الفندقية,24,دليل الزوار,مركز - 201,201,,,,,
10007941,شركة البرج العالمية للاستثمار العقاري فندق قصر مكة رفلز,40,الرفادة,مركز - 10,10,,,,,
10009134,فندق نوارة شمس الفندقية,258,دليل الزوار,مركز - 404,404,,,,,
10009134,فندق نوارة شمس الفندقية,4,دليل الزوار,مركز - 203,203,,,,,
10009177,فندق الرافدين اجياد الفندقية,41,ام من ميلينوم,مركز - 101,101,,,,,
10009134,فندق نوارة شمس الفندقية,2,دليل الزوار,مركز - 308,308,,,,,
10009134,فندق نوارة شمس الفندقية,2,دليل الزوار,مركز - 407,407,,,,,
10010798,فندق الصفوة رويال أوركيد الفندقية,2,ام من ميلينوم,مركز - 102,102,,,,,
10006268,فندق هبة المهاجرين الفندقية,118,دليل الزوار,مركز - 306,306,,,,,
10007703,فندق مكارم المشاعر الفندقية,175,دليل الزوار,مركز - 403,403,,,,,
10010798,فندق الصفوة رويال أوركيد الفندقية,4,ام من ميلينوم,مركز - 101,101,,,,,
10007941,شركة البرج العالمية للاستثمار العقاري فندق قصر مكة رفلز,46,الرفادة,مركز - 17,17,,,,,
10007554,فندق مسار العز الفندقية,4,دليل الزوار,مركز - 303,303,,,,,
10002288,فندق عنوان المشاعر الفندقية,64,دليل الزوار,مركز - 202,202,,,,,
10002405,فندق العليان الحرم الفندقية,8,ام من ميلينوم,مركز - 101,101,,,,,
10002288,فندق عنوان المشاعر الفندقية,28,دليل الزوار,مركز - 405,405,,,,,
10001865,فندق غلا التاج,10,دليل الزوار,مركز - 304,304,,,,,
10002406,فندق العليان الذهبي الفندقية,22,ام من ميلينوم,مركز - 501,501,,,,,
10007941,شركة البرج العالمية للاستثمار العقاري فندق قصر مكة رفلز,5,الرفادة,مركز - 8,8,,,,,
10010027,فندق قيم البركة للايواء السياحي,22,دليل الزوار,مركز - 406,406,,,,,
10010027,فندق قيم البركة للايواء السياحي,45,دليل الزوار,مركز - 202,202,,,,,
10008910,فندق أيمن الهجرة الفندقية,69,ام من ميلينوم,مركز - 401,401,,,,,
10010298,فندق لؤلؤة الفلاح الفندقية,39,دليل الزوار,مركز - 404,404,,,,,
10007554,فندق مسار العز الفندقية,135,دليل الزوار,مركز - 306,306,,,,,
10008910,فندق أيمن الهجرة الفندقية,11,ام من ميلينوم,مركز - 101,101,,,,,
10007941,شركة البرج العالمية للاستثمار العقاري فندق قصر مكة رفلز,1,الرفادة,مركز - 13,13,,,,,
10008679,فندق منارة الايمان للايواء السياحي,86,دليل الزوار,مركز - 301,301,,,,,
10006804,فندق مرسى الجاريه الفندقية,37,دليل الزوار,مركز - 407,407,,,,,
10006942,فندق أسيل أجياد للايواء السياحي,81,ام من ميلينوم,مركز - 501,501,,,,,
10007554,فندق مسار العز الفندقية,146,دليل الزوار,مركز - 406,406,,,,,
10006804,فندق مرسى الجاريه الفندقية,64,دليل الزوار,مركز - 404,404,,,,,
10002505,فندق أريج الوفاء الفندقية,19,ام من ميلينوم,مركز - 502,502,,,,,
10007941,شركة البرج العالمية للاستثمار العقاري فندق قصر مكة رفلز,102,الرفادة,مركز - 20,20,,,,,
10007554,فندق مسار العز الفندقية,59,دليل الزوار,مركز - 305,305,,,,,
10012341,فندق مصطفى بن حامد عاشور,171,دليل الزوار,مركز - 401,401,,,,,
10002505,فندق أريج الوفاء الفندقية,14,ام من ميلينوم,مركز - 303,303,,,,,
10008679,فندق منارة الايمان للايواء السياحي,31,دليل الزوار,مركز - 402,402,,,,,
10007703,فندق مكارم المشاعر الفندقية,52,دليل الزوار,مركز - 406,406,,,,,
10007681,فندق أبراج الصفوة الفندقية,1,ام من ميلينوم,مركز - 101,101,,,,,
10006755,شركة اصيل الهيبة لتشغيل الفنادق,52,الرفادة,مركز - 12,12,,,,,
10007703,فندق مكارم المشاعر الفندقية,37,دليل الزوار,مركز - 405,405,,,,,
10007703,فندق مكارم المشاعر الفندقية,47,دليل الزوار,مركز - 401,401,,,,,
10007171,فندق ايلاف كنده فرع شركة ايلاف للفنادق المحدوده,16,ام من ميلينوم,مركز - 301,301,,,,,
10012736,مؤسسة افواج البيت لخدمات المعتمرين,149,دليل الزوار,مركز - 302,302,,,,,
10012387,مؤسسة راكان راجح ضيف الله الكبكبي لغسيل الملابس,7,دليل الزوار,مركز - 303,303,,,,,
10011264,فندق ايلاف الريان الفندقية شخص واحد,45,ام من ميلينوم,مركز - 102,102,,,,,
10006755,شركة اصيل الهيبة لتشغيل الفنادق,39,الرفادة,مركز - 3,3,,,,,
10012736,مؤسسة افواج البيت لخدمات المعتمرين,4,دليل الزوار,مركز - 307,307,,,,,
10012387,مؤسسة راكان راجح ضيف الله الكبكبي لغسيل الملابس,32,دليل الزوار,مركز - 304,304,,,,,
10001850,فندق جواد التاج الفندقية,1,ام من ميلينوم,مركز - 503,503,,,,,
10012387,مؤسسة راكان راجح ضيف الله الكبكبي لغسيل الملابس,106,دليل الزوار,مركز - 301,301,,,,,
10012387,مؤسسة راكان راجح ضيف الله الكبكبي لغسيل الملابس,295,دليل الزوار,مركز - 302,302,,,,,
10001850,فندق جواد التاج الفندقية,56,ام من ميلينوم,مركز - 501,501,,,,,
10006755,شركة اصيل الهيبة لتشغيل الفنادق,45,الرفادة,مركز - 10,10,,,,,
10012387,مؤسسة راكان راجح ضيف الله الكبكبي لغسيل الملابس,27,دليل الزوار,مركز - 305,305,,,,,
10012387,مؤسسة راكان راجح ضيف الله الكبكبي لغسيل الملابس,65,دليل الزوار,مركز - 401,401,,,,,
10001850,فندق جواد التاج الفندقية,79,ام من ميلينوم,مركز - 101,101,,,,,
10012452,مؤسسة رفيعه بديع فالح الجهمي للصيانة والنظافة,88,دليل الزوار,مركز - 203,203,,,,,
10006755,شركة اصيل الهيبة لتشغيل الفنادق,30,الرفادة,مركز - 17,17,,,,,
10012452,مؤسسة رفيعه بديع فالح الجهمي للصيانة والنظافة,74,دليل الزوار,مركز - 302,302,,,,,
10002567,فندق سما السماح الفندقية,32,ام من ميلينوم,مركز - 501,501,,,,,
10012420,فندق هدوء الحجاز,30,دليل الزوار,مركز - 305,305,,,,,
10007279,فندق هجرة الخير الفندقية,35,دليل الزوار,مركز - 302,302,,,,,
10002567,فندق سما السماح الفندقية,24,ام من ميلينوم,مركز - 401,401,,,,,
10010921,فندق وردة الصلاح للايواء السياحي,56,دليل الزوار,مركز - 201,201,,,,,
10006755,شركة اصيل الهيبة لتشغيل الفنادق,19,الرفادة,مركز - 18,18,,,,,
10010921,فندق وردة الصلاح للايواء السياحي,3,دليل الزوار,مركز - 303,303,,,,,
10008013,فندق سما المقام الفندقية,54,ام من ميلينوم,مركز - 301,301,,,,,
10010921,فندق وردة الصلاح للايواء السياحي,2,دليل الزوار,مركز - 302,302,,,,,
10007171,فندق ايلاف كنده فرع شركة ايلاف للفنادق المحدوده,16,ام من ميلينوم,مركز - 301,301,,,,,
10011264,فندق ايلاف الريان الفندقية شخص واحد,45,ام من ميلينوم,مركز - 102,102,,,,,
10001850,فندق جواد التاج الفندقية,1,ام من ميلينوم,مركز - 503,503,,,,,
10001850,فندق جواد التاج الفندقية,56,ام من ميلينوم,مركز - 501,501,,,,,
10001850,فندق جواد التاج الفندقية,79,ام من ميلينوم,مركز - 101,101,,,,,
10002567,فندق سما السماح الفندقية,32,ام من ميلينوم,مركز - 501,501,,,,,
10002567,فندق سما السماح الفندقية,24,ام من ميلينوم,مركز - 401,401,,,,,
10008013,فندق سما المقام الفندقية,54,ام من ميلينوم,مركز - 301,301,,,,,
10007467,فندق سواعد الخير الفندقية,44,ام من ميلينوم,مركز - 501,501,,,,,
10006643,فندق سويس الخليل الفندقية,65,ام من ميلينوم,مركز - 401,401,,,,,
10007631,فندق منازل الفضيلة الفندقية,45,ام من ميلينوم,مركز - 401,401,,,,,
10007631,فندق منازل الفضيلة الفندقية,104,ام من ميلينوم,مركز - 501,501,,,,,
10009134,فندق نوارة شمس الفندقية,18,ام من ميلينوم,مركز - 501,501,,,,,
10009134,فندق نوارة شمس الفندقية,107,ام من ميلينوم,مركز - 101,101,,,,,
10009134,فندق نوارة شمس الفندقية,123,ام من ميلينوم,مركز - 401,401,,,,,
10002441,فندق مسارات الفضي الفندقية,1,ام من ميلينوم,مركز - 101,101,,,,,
10011806,فندق غيث المشاعر الفندقية,119,ام من ميلينوم,مركز - 101,101,,,,,
10007009,فندق ماثر اليت الفندقية,2,ام من ميلينوم,مركز - 101,101,,,,,
10007009,فندق ماثر اليت الفندقية,286,ام من ميلينوم,مركز - 401,401,,,,,
10006804,فندق مرسى الجاريه الفندقية,17,ام من ميلينوم,مركز - 501,501,,,,,
10007554,فندق مسار العز الفندقية,11,ام من ميلينوم,مركز - 101,101,,,,,
10007596,فندق مسارات الدرة الفندقية,5,ام من ميلينوم,مركز - 103,103,,,,,
10002441,فندق مسارات الفضي الفندقية,23,ام من ميلينوم,مركز - 401,401,,,,,
10007703,فندق مكارم المشاعر الفندقية,5,ام من ميلينوم,مركز - 101,101,,,,,
10010805,فندق ملتقى الأخيار الفندقية,780,ام من ميلينوم,مركز - 201,201,,,,,
10012536,فندق منار التوحيد اثنين الفندقية,33,ام من ميلينوم,مركز - 501,501,,,,,
10006879,فندق منار الهدى الفندقية,64,ام من ميلينوم,مركز - 401,401,,,,,
10012313,مؤسسة الراقي للمقاولات المعمارية,84,ام من ميلينوم,مركز - 501,501,,,,,
10011380,مؤسسة بلال عبدالله عبدالعزيز التويجري للتجارة,131,ام من ميلينوم,مركز - 301,301,,,,,
10011999,مؤسسة تساهيل المشاعر,3,ام من ميلينوم,مركز - 302,302,,,,,
10011999,مؤسسة تساهيل المشاعر,102,ام من ميلينوم,مركز - 504,504,,,,,
10011999,مؤسسة تساهيل المشاعر,23,ام من ميلينوم,مركز - 103,103,,,,,
10011999,مؤسسة تساهيل المشاعر,29,ام من ميلينوم,مركز - 102,102,,,,,
10012722,مؤسسة جوهرة المنى للمقاولات,455,ام من ميلينوم,مركز - 304,304,,,,,
10011421,مؤسسة حاسبات الجوال للاتصالات,436,ام من ميلينوم,مركز - 501,501,,,,,
10011421,مؤسسة حاسبات الجوال للاتصالات,6,ام من ميلينوم,مركز - 503,503,,,,,
10012387,مؤسسة راكان راجح ضيف الله الكبكبي لغسيل الملابس,68,ام من ميلينوم,مركز - 501,501,,,,,
10012387,مؤسسة راكان راجح ضيف الله الكبكبي لغسيل الملابس,356,ام من ميلينوم,مركز - 401,401,,,,,
10002213,مؤسسة رتاج الحياة لتشغيل الفنادق,291,ام من ميلينوم,مركز - 401,401,,,,,
10002213,مؤسسة رتاج الحياة لتشغيل الفنادق,30,ام من ميلينوم,مركز - 101,101,,,,,
10012391,مؤسسة ركس الفندقية,7,ام من ميلينوم,مركز - 101,101,,,,,
10012391,مؤسسة ركس الفندقية,56,ام من ميلينوم,مركز - 501,501,,,,,
10012391,مؤسسة ركس الفندقية,202,ام من ميلينوم,مركز - 301,301,,,,,
10012162,مكتب دور التميز العقاري,367,ام من ميلينوم,مركز - 401,401,,,,,
10011884,مؤسسة ايمن حسن زامل,40,ام من ميلينوم,مركز - 501,501,,,,,
10012394,مؤسسة أحمد حسن ال غانم لحلول الاعمال,307,ام من ميلينوم,مركز - 501,501,,,,,
10009896,مؤسسة ورد التنموية الفندقية,15,ام من ميلينوم,مركز - 101,101,,,,,
10009896,مؤسسة ورد التنموية الفندقية,34,ام من ميلينوم,مركز - 401,401,,,,,
10012199,مؤسسة ساس ونماء للخدمات اللوجستية,135,ام من ميلينوم,مركز - 401,401,,,,,
10011213,مؤسسة سالم بن غازي ابوتاكي,65,ام من ميلينوم,مركز - 401,401,,,,,
10011417,مؤسسة سعد بن مشعل الحكمى,99,ام من ميلينوم,مركز - 301,301,,,,,
10011417,مؤسسة سعد بن مشعل الحكمى,1,ام من ميلينوم,مركز - 303,303,,,,,
10011417,مؤسسة سعد بن مشعل الحكمى,16,ام من ميلينوم,مركز - 503,503,,,,,
10011417,مؤسسة سعد بن مشعل الحكمى,149,ام من ميلينوم,مركز - 502,502,,,,,
10011417,مؤسسة سعد بن مشعل الحكمى,5,ام من ميلينوم,مركز - 101,101,,,,,
10012424,مؤسسة سليم بن محمدعلي القرشي للنزل السياحيه,7,ام من ميلينوم,مركز - 502,502,,,,,
10012424,مؤسسة سليم بن محمدعلي القرشي للنزل السياحيه,238,ام من ميلينوم,مركز - 301,301,,,,,
10011553,مؤسسة سما ميسان للمقاولات العامة,2,ام من ميلينوم,مركز - 101,101,,,,,
10011923,مؤسسة عبدالكريم سعيد الزهراني,72,ام من ميلينوم,مركز - 501,501,,,,,
10011923,مؤسسة عبدالكريم سعيد الزهراني,3,ام من ميلينوم,مركز - 503,503,,,,,
10012538,مؤسسة فهد بن احمد بن احمد اسماعيل لالعاب الأطفال,120,ام من ميلينوم,مركز - 501,501,,,,,
10011333,مؤسسة نجمة روعة الخليل الفندقية,37,ام من ميلينوم,مركز - 502,502,,,,,
10011956,مؤسسة مشعل بن مساعد بن مطلق الشريف التجارية,61,ام من ميلينوم,مركز - 302,302,,,,,
10012023,مؤسسة مساعد بن حسين بن خيشان العميري للمقاولات,17,ام من ميلينوم,مركز - 103,103,,,,,
10011574,نزل تركى على السفيانى للنزل السياحيه,3,ام من ميلينوم,مركز - 101,101,,,,,
10011608,نزل أجنحة منى,48,ام من ميلينوم,مركز - 504,504,,,,,
10012015,نزل رباط المبرة للنزل السياحيه,36,ام من ميلينوم,مركز - 401,401,,,,,
10012015,نزل رباط المبرة للنزل السياحيه,35,ام من ميلينوم,مركز - 501,501,,,,,
10012072,نزل مشعل مبارك بن منير الشجعانى للنزل السياحيه,60,ام من ميلينوم,مركز - 103,103,,,,,
10011608,نزل أجنحة منى,44,ام من ميلينوم,مركز - 103,103,,,,,
10012015,نزل رباط المبرة للنزل السياحيه,78,ام من ميلينوم,مركز - 503,503,,,,,
10011200,نزل سعد بن مسعد اللحياني,153,ام من ميلينوم,مركز - 401,401,,,,,
10011420,نزل سلمان بن محمد المحمادي للنزل السياحيه,75,ام من ميلينوم,مركز - 103,103,,,,,
10012635,نزل عمارة زبيدة للنزل السياحيه,182,ام من ميلينوم,مركز - 401,401,,,,,
10011574,نزل تركى على السفيانى للنزل السياحيه,436,ام من ميلينوم,مركز - 301,301,,,,,
10011608,نزل أجنحة منى,193,ام من ميلينوم,مركز - 302,302,,,,,
10011833,نزل صالح سهل الثبيتي للنزل السياحيه,80,ام من ميلينوم,مركز - 103,103,,,,,
10011200,نزل سعد بن مسعد اللحياني,51,ام من ميلينوم,مركز - 101,101,,,,,
10011833,نزل صالح سهل الثبيتي للنزل السياحيه,142,ام من ميلينوم,مركز - 302,302,,,,,
10009808,اوبين الفندقية,2,الرفادة,مركز - 14,14,,,,,
10009808,اوبين الفندقية,340,الرفادة,مركز - 16,16,,,,,
10009808,اوبين الفندقية,1,الرفادة,مركز - 17,17,,,,,
10009808,اوبين الفندقية,1,الرفادة,مركز - 15,15,,,,,
10009808,اوبين الفندقية,1,الرفادة,مركز - 1,1,,,,,
10009808,اوبين الفندقية,129,الرفادة,مركز - 21,21,,,,,
10006638,شركة المميزة الاولى الفندقية,2001,الرفادة,مركز - 23,23,,,,,
10001413,شركة الفجر البديع ستة للخدمات الفندقيه,593,الرفادة,مركز - 10,10,,,,,
10005693,شركة الطلائع الفندقية,193,الرفادة,مركز - 1,1,,,,,
10005693,شركة الطلائع الفندقية,457,الرفادة,مركز - 19,19,,,,,
10007435,شركة الصفوة اوركيد الذهبية الفندقية شركة شخص واحد,286,الرفادة,مركز - 21,21,,,,,
10007435,شركة الصفوة اوركيد الذهبية الفندقية شركة شخص واحد,42,الرفادة,مركز - 7,7,,,,,
10011277,شركة الرفاع العمراني المحدودة,627,الرفادة,مركز - 12,12,,,,,
10011277,شركة الرفاع العمراني المحدودة,12,الرفادة,مركز - 21,21,,,,,
10011277,شركة الرفاع العمراني المحدودة,133,الرفادة,مركز - 11,11,,,,,
10011277,شركة الرفاع العمراني المحدودة,141,الرفادة,مركز - 2,2,,,,,
10011277,شركة الرفاع العمراني المحدودة,694,الرفادة,مركز - 15,15,,,,,
10011277,شركة الرفاع العمراني المحدودة,148,الرفادة,مركز - 4,4,,,,,
10011277,شركة الرفاع العمراني المحدودة,602,الرفادة,مركز - 13,13,,,,,
10011639,شركة البيوت الماسية للعقارات,45,الرفادة,مركز - 25,25,,,,,
10011639,شركة البيوت الماسية للعقارات,290,الرفادة,مركز - 22,22,,,,,
10011639,شركة البيوت الماسية للعقارات,45,الرفادة,مركز - 26,26,,,,,
10011639,شركة البيوت الماسية للعقارات,90,الرفادة,مركز - 24,24,,,,,
10007941,شركة البرج العالمية للاستثمار العقاري فندق قصر مكة رفلز,40,الرفادة,مركز - 10,10,,,,,
10007941,شركة البرج العالمية للاستثمار العقاري فندق قصر مكة رفلز,46,الرفادة,مركز - 17,17,,,,,
10007941,شركة البرج العالمية للاستثمار العقاري فندق قصر مكة رفلز,5,الرفادة,مركز - 8,8,,,,,
10007941,شركة البرج العالمية للاستثمار العقاري فندق قصر مكة رفلز,1,الرفادة,مركز - 13,13,,,,,
10007941,شركة البرج العالمية للاستثمار العقاري فندق قصر مكة رفلز,102,الرفادة,مركز - 20,20,,,,,
10006755,شركة اصيل الهيبة لتشغيل الفنادق,52,الرفادة,مركز - 12,12,,,,,
10006755,شركة اصيل الهيبة لتشغيل الفنادق,39,الرفادة,مركز - 3,3,,,,,
10006755,شركة اصيل الهيبة لتشغيل الفنادق,45,الرفادة,مركز - 10,10,,,,,
10006755,شركة اصيل الهيبة لتشغيل الفنادق,30,الرفادة,مركز - 17,17,,,,,
10006755,شركة اصيل الهيبة لتشغيل الفنادق,19,الرفادة,مركز - 18,18,,,,,
10006755,شركة اصيل الهيبة لتشغيل الفنادق,19,الرفادة,مركز - 20,20,,,,,
10006755,شركة اصيل الهيبة لتشغيل الفنادق,39,الرفادة,مركز - 21,21,,,,,
10006755,شركة اصيل الهيبة لتشغيل الفنادق,39,الرفادة,مركز - 19,19,,,,,
10007816,شركة اجنحة المشاعر المحدودة,24,الرفادة,مركز - 21,21,,,,,
10007816,شركة اجنحة المشاعر المحدودة,407,الرفادة,مركز - 19,19,,,,,
10007816,شركة اجنحة المشاعر المحدودة,60,الرفادة,مركز - 9,9,,,,,
10007816,شركة اجنحة المشاعر المحدودة,6,الرفادة,مركز - 17,17,,,,,
10007816,شركة اجنحة المشاعر المحدودة,3,الرفادة,مركز - 13,13,,,,,
10007391,شركة ابراج ساره للاستثمار العقاري فندق سويس أوتيل المقام مكة,125,الرفادة,مركز - 12,12,,,,,
10007391,شركة ابراج ساره للاستثمار العقاري فندق سويس أوتيل المقام مكة,157,الرفادة,مركز - 14,14,,,,,
10007996,شركة ابراج دانيه الفندقية,55,الرفادة,مركز - 25,25,,,,,
10007996,شركة ابراج دانيه الفندقية,323,الرفادة,مركز - 19,19,,,,,
10007996,شركة ابراج دانيه الفندقية,146,الرفادة,مركز - 26,26,,,,,
10007996,شركة ابراج دانيه الفندقية,89,الرفادة,مركز - 24,24,,,,,
10007996,شركة ابراج دانيه الفندقية,90,الرفادة,مركز - 27,27,,,,,
10012675,شركة إكليل الضيافة لتشغيل الفنادق,1,الرفادة,مركز - 30,30,,,,,
10012675,شركة إكليل الضيافة لتشغيل الفنادق,1033,الرفادة,مركز - 28,28,,,,,
10012675,شركة إكليل الضيافة لتشغيل الفنادق,2403,الرفادة,مركز - 29,29,,,,,
10012675,شركة إكليل الضيافة لتشغيل الفنادق,621,الرفادة,مركز - 31,31,,,,,
10007980,شركة أبراج الجابر لتشغيل الفنادق شخص واحد,4,الرفادة,مركز - 13,13,,,,,
10007980,شركة أبراج الجابر لتشغيل الفنادق شخص واحد,749,الرفادة,مركز - 20,20,,,,,
10007980,شركة أبراج الجابر لتشغيل الفنادق شخص واحد,2,الرفادة,مركز - 4,4,,,,,
10007980,شركة أبراج الجابر لتشغيل الفنادق شخص واحد,1,الرفادة,مركز - 23,23,,,,,
10007980,شركة أبراج الجابر لتشغيل الفنادق شخص واحد,67,الرفادة,مركز - 10,10,,,,,
10007980,شركة أبراج الجابر لتشغيل الفنادق شخص واحد,1,الرفادة,مركز - 19,19,,,,,
10007980,شركة أبراج الجابر لتشغيل الفنادق شخص واحد,5,الرفادة,مركز - 11,11,,,,,
10007980,شركة أبراج الجابر لتشغيل الفنادق شخص واحد,348,الرفادة,مركز - 31,31,,,,,
10011340,شركة بارك هاوس الفندقية,94,الرفادة,مركز - 12,12,,,,,
10011340,شركة بارك هاوس الفندقية,1,الرفادة,مركز - 1,1,,,,,
10011340,شركة بارك هاوس الفندقية,42,الرفادة,مركز - 18,18,,,,,
10011340,شركة بارك هاوس الفندقية,37,الرفادة,مركز - 9,9,,,,,
10011340,شركة بارك هاوس الفندقية,269,الرفادة,مركز - 14,14,,,,,
10011387,شركة برادايس لاند الفندقية العالمية المحدودة,2,الرفادة,مركز - 20,20,,,,,
10011387,شركة برادايس لاند الفندقية العالمية المحدودة,194,الرفادة,مركز - 17,17,,,,,
10011387,شركة برادايس لاند الفندقية العالمية المحدودة,212,الرفادة,مركز - 14,14,,,,,
10011387,شركة برادايس لاند الفندقية العالمية المحدودة,1,الرفادة,مركز - 12,12,,,,,
10001911,شركة برج الجوهرة الفندقية شركة شخص واحد,430,الرفادة,مركز - 19,19,,,,,
10001911,شركة برج الجوهرة الفندقية شركة شخص واحد,358,الرفادة,مركز - 12,12,,,,,
10001928,شركة برج الخير للخدمات الفندقيه,108,الرفادة,مركز - 13,13,,,,,
10001928,شركة برج الخير للخدمات الفندقيه,53,الرفادة,مركز - 1,1,,,,,
10001928,شركة برج الخير للخدمات الفندقيه,252,الرفادة,مركز - 23,23,,,,,
10011359,مؤسسة ضيافة صالح للوحدات السكنية المفروشة,236,رواف منى,مركز - 10,10,,,,,
10012328,مؤسسة شذى عبدالرحمن عبدالرحيم الحارثي لتشغيل الفنادق,38,رواف منى,مركز - 2,2,,,,,
10012328,مؤسسة شذى عبدالرحمن عبدالرحيم الحارثي لتشغيل الفنادق,330,رواف منى,مركز - 4,4,,,,,
10011298,مؤسسة زهرة صوفي,3,رواف منى,مركز - 2,2,,,,,
10011518,مؤسسة أهدى الأماكن للشقق المفروشة,79,رواف منى,مركز - 5,5,,,,,
10011923,مؤسسة عبدالكريم سعيد الزهراني,32,رواف منى,مركز - 1,1,,,,,
10011501,مؤسسة عبدالرحمن ناصر بن علي الغفيص للمقاولات المعمارية العامة,924,رواف منى,مركز - 9,9,,,,,
10012442,مؤسسة باسل عمر مبارك باعارمه المحدودة,287,رواف منى,مركز - 3,3,,,,,
10011298,مؤسسة زهرة صوفي,95,رواف منى,مركز - 4,4,,,,,
10012442,مؤسسة باسل عمر مبارك باعارمه المحدودة,193,رواف منى,مركز - 9,9,,,,,
10009896,مؤسسة ورد التنموية الفندقية,20,رواف منى,مركز - 4,4,,,,,
10011518,مؤسسة أهدى الأماكن للشقق المفروشة,239,رواف منى,مركز - 10,10,,,,,
10009403,فندق واحة الحجاز للخدمات الفندقيه,3,رواف منى,مركز - 1,1,,,,,
10010216,مؤسسة أركان المطاف لتشغيل الفنادق,202,رواف منى,مركز - 1,1,,,,,
10011518,مؤسسة أهدى الأماكن للشقق المفروشة,67,رواف منى,مركز - 6,6,,,,,
10012386,مؤسسة أصالة الحجاز الفندقية,355,رواف منى,مركز - 4,4,,,,,
10011518,مؤسسة أهدى الأماكن للشقق المفروشة,334,رواف منى,مركز - 8,8,,,,,
10011518,مؤسسة أهدى الأماكن للشقق المفروشة,81,رواف منى,مركز - 3,3,,,,,
10011523,مؤسسة القامه الهندسيه للمقاولات,18,رواف منى,مركز - 2,2,,,,,
10009403,فندق واحة الحجاز للخدمات الفندقيه,13,رواف منى,مركز - 2,2,,,,,
10012394,مؤسسة أحمد حسن ال غانم لحلول الاعمال,26,رواف منى,مركز - 5,5,,,,,
10012394,مؤسسة أحمد حسن ال غانم لحلول الاعمال,78,رواف منى,مركز - 6,6,,,,,
10002047,فندق واحة الضيافة الفندقية,4,رواف منى,مركز - 4,4,,,,,
10006217,شركة معاد العالمية الفندقية المحدودة,3620,بشرى الضيافة,مركز - 4,4,,,,,
10002047,فندق واحة الضيافة الفندقية,1,رواف منى,مركز - 3,3,,,,,
10002047,فندق واحة الضيافة الفندقية,1908,رواف منى,مركز - 7,7,,,,,
10011331,فندق كرة المشاعر الفندقية,159,رواف منى,مركز - 2,2,,,,,
10007024,فندق مكارم الهجرة الفندقية,954,رواف منى,مركز - 6,6,,,,,
10002213,مؤسسة رتاج الحياة لتشغيل الفنادق,79,رواف منى,مركز - 2,2,,,,,
10009409,فندق التولب الفضي للخدمات الفندقية,68,رواف منى,مركز - 2,2,,,,,
10008164,شركة سجى للخدمات الفندقيه,27,رواف منى,مركز - 2,2,,,,,
10002213,مؤسسة رتاج الحياة لتشغيل الفنادق,8,رواف منى,مركز - 1,1,,,,,
10008588,فندق زوار البيت,1548,رحلات ومنافع,مركز - 203,203,,,,,
10011856,مؤسسة ابراهيم اسماعيل بن عبدالرزاق علي التجارية,12,رواف منى,مركز - 2,2,,,,,
10011856,مؤسسة ابراهيم اسماعيل بن عبدالرزاق علي التجارية,1,رواف منى,مركز - 1,1,,,,,
10012372,مؤسسة دوحة طيبة للمقاولات العامة,44,رواف منى,مركز - 1,1,,,,,
10011999,مؤسسة تساهيل المشاعر,32,رواف منى,مركز - 2,2,,,,,
10012372,مؤسسة دوحة طيبة للمقاولات العامة,1,رواف منى,مركز - 2,2,,,,,
10011467,مؤسسة اسس سند,209,رواف منى,مركز - 5,5,,,,,
10012397,مؤسسة تميز الصفوة للخدمات الفندقيه,8,رواف منى,مركز - 2,2,,,,,
10012597,مؤسسة دار سقيفة,295,رواف منى,مركز - 5,5,,,,,
10012397,مؤسسة تميز الصفوة للخدمات الفندقيه,383,رواف منى,مركز - 4,4,,,,,
10012527,مؤسسة رحاب بنت خالد ابن حسن عناالرفاعي للتجارة,107,رواف منى,مركز - 2,2,,,,,
10007703,فندق مكارم المشاعر الفندقية,2,رواف منى,مركز - 1,1,,,,,
10010027,فندق قيم البركة للايواء السياحي,40,رواف منى,مركز - 4,4,,,,,
10000533,فندق مريديان مكة فرع الشركة المتحدة للإستثمار والتطوير العقاري المتحد,5,رواف منى,مركز - 1,1,,,,,
10007703,فندق مكارم المشاعر الفندقية,24,رواف منى,مركز - 2,2,,,,,
10001021,فندق مكارم اجياد مكة,8,رواف منى,مركز - 2,2,,,,,
10007703,فندق مكارم المشاعر الفندقية,192,رواف منى,مركز - 4,4,,,,,
10001021,فندق مكارم اجياد مكة,3,رواف منى,مركز - 1,1,,,,,
10007703,فندق مكارم المشاعر الفندقية,308,رواف منى,مركز - 3,3,,,,,
10009429,فندق مثابة التيسير للخدمات الفندقيه,1357,رواف منى,مركز - 4,4,,,,,
10006824,فندق قلعه أجياد الفندقية,1842,رواف منى,مركز - 6,6,,,,,
10010829,فندق محبة الاخوين الفندقية,10,رواف منى,مركز - 1,1,,,,,
10000533,فندق مريديان مكة فرع الشركة المتحدة للإستثمار والتطوير العقاري المتحد,4,رواف منى,مركز - 2,2,,,,,
10011331,فندق كرة المشاعر الفندقية,2,رواف منى,مركز - 1,1,,,,,
10008649,فندق لؤلؤه الزرقاء للايواء السياحي,20,رواف منى,مركز - 1,1,,,,,
10007663,فندق كنوز عمر الفندقية,147,رواف منى,مركز - 1,1,,,,,
10008083,فندق لؤلؤة النوير الفندقية,50,رواف منى,مركز - 1,1,,,,,
10001928,شركة برج الخير للخدمات الفندقيه,137,الرفادة,مركز - 8,8,,,,,
10001899,فندق فلسطين الفندقية,20,رواف منى,مركز - 4,4,,,,,
10009409,فندق التولب الفضي للخدمات الفندقية,1,رواف منى,مركز - 1,1,,,,,
10006752,فندق سليمان موسى حمد العليان الفندقية,38,رواف منى,مركز - 1,1,,,,,
10008863,فندق ندى الهجرة للضيافة السياحي,8,رواف منى,مركز - 4,4,,,,,
10007024,فندق مكارم الهجرة الفندقية,1474,رواف منى,مركز - 4,4,,,,,
10001899,فندق فلسطين الفندقية,1949,رواف منى,مركز - 9,9,,,,,
10011806,فندق غيث المشاعر الفندقية,4,رواف منى,مركز - 2,2,,,,,
10001899,فندق فلسطين الفندقية,46,رواف منى,مركز - 3,3,,,,,
10011806,فندق غيث المشاعر الفندقية,90,رواف منى,مركز - 1,1,,,,,
10006477,فندق سويتس المقام الفندقية,42,رواف منى,مركز - 2,2,,,,,
10001870,فندق ندى الضيافة الفندقية,9,رواف منى,مركز - 1,1,,,,,
10001870,فندق ندى الضيافة الفندقية,23,رواف منى,مركز - 2,2,,,,,
10012213,فندق موزه حمود المسعودي الفندقية,234,رواف منى,مركز - 5,5,,,,,
10010213,فندق نجمة نرسيان الفندقية,281,رواف منى,مركز - 3,3,,,,,
10008800,فندق قرطبة العزيزية الفندقية,47,رواف منى,مركز - 1,1,,,,,
10001899,فندق فلسطين الفندقية,64,رواف منى,مركز - 5,5,,,,,
10007825,فندق سدن الوطنية,2,رواف منى,مركز - 1,1,,,,,
10001928,شركة برج الخير للخدمات الفندقيه,35,الرفادة,مركز - 5,5,,,,,
10001928,شركة برج الخير للخدمات الفندقيه,109,الرفادة,مركز - 9,9,,,,,
10001928,شركة برج الخير للخدمات الفندقيه,221,الرفادة,مركز - 19,19,,,,,
10001928,شركة برج الخير للخدمات الفندقيه,2,الرفادة,مركز - 12,12,,,,,
10001928,شركة برج الخير للخدمات الفندقيه,5,الرفادة,مركز - 6,6,,,,,
10001330,شركة برج هاجر العقارية المحدودة,41,الرفادة,مركز - 21,21,,,,,
10001330,شركة برج هاجر العقارية المحدودة,28,الرفادة,مركز - 13,13,,,,,
10007579,شركة بوابة منى الفندقية,200,الرفادة,مركز - 12,12,,,,,
10007579,شركة بوابة منى الفندقية,12,الرفادة,مركز - 21,21,,,,,
10007579,شركة بوابة منى الفندقية,484,الرفادة,مركز - 6,6,,,,,
10000423,شركة تلال الفندقية,160,الرفادة,مركز - 14,14,,,,,
10007205,شركة دار هادي العزيزية,5,الرفادة,مركز - 7,7,,,,,
10007205,شركة دار هادي العزيزية,13,الرفادة,مركز - 4,4,,,,,
10007205,شركة دار هادي العزيزية,1345,الرفادة,مركز - 1,1,,,,,
10007205,شركة دار هادي العزيزية,10,الرفادة,مركز - 15,15,,,,,
10007205,شركة دار هادي العزيزية,1,الرفادة,مركز - 23,23,,,,,
10007205,شركة دار هادي العزيزية,8,الرفادة,مركز - 8,8,,,,,
10007205,شركة دار هادي العزيزية,12,الرفادة,مركز - 20,20,,,,,
10007205,شركة دار هادي العزيزية,10,الرفادة,مركز - 10,10,,,,,
10007205,شركة دار هادي العزيزية,19,الرفادة,مركز - 3,3,,,,,
10007205,شركة دار هادي العزيزية,7,الرفادة,مركز - 5,5,,,,,
10007205,شركة دار هادي العزيزية,11,الرفادة,مركز - 2,2,,,,,
10009510,شركة ضيافة المدينة للتجارة,19,دليل الزوار,مركز - 305,305,,,,,
10006995,فندف سيف المجد الفندقية,5,رفاد,مركز - 77,77,,,,,
10006386,فندق اعمار اندلسية الفندقية,5,رفاد,مركز - 77,77,,,,,
10008129,شركة العنوان اجياد الفندقية شخص واحد,549,رفاد,مركز - 73,73,,,,,
10006873,شركة سجى الغزة الفندقية,411,رواف منى,مركز - 4,4,,,,,
10011356,مكتب قوافل النسيم للخدمات العامة,169,رواف منى,مركز - 5,5,,,,,
10010854,فندق افاق السد الفندقية,6,رفاد,مركز - 77,77,,,,,
10010854,فندق افاق السد الفندقية,20,رفاد,مركز - 79,79,,,,,
10010947,فندق الفهد الفندقية,36,رحلات ومنافع,مركز - 226,226,,,,,
10010845,فندق اعمار الخير الماسي للضيافة السياحي,50,رفاد,مركز - 81,81,,,,,
10006995,فندف سيف المجد الفندقية,13,رفاد,مركز - 73,73,,,,,
10006386,فندق اعمار اندلسية الفندقية,477,رفاد,مركز - 80,80,,,,,
10006386,فندق اعمار اندلسية الفندقية,271,رفاد,مركز - 75,75,,,,,
10006995,فندف سيف المجد الفندقية,2868,رفاد,مركز - 76,76,,,,,
10009091,فندق اعمار الخير الذهبي للضيافة السياحي,207,رفاد,مركز - 81,81,,,,,
10006995,فندف سيف المجد الفندقية,612,رفاد,مركز - 79,79,,,,,
10001950,فندق ازكى الصفا,61,رفاد,مركز - 80,80,,,,,
10006995,فندف سيف المجد الفندقية,17,رفاد,مركز - 78,78,,,,,
10011898,شركة فندق الأيام اجياد للضيافة السياحي,1207,رفاد,مركز - 70,70,,,,,
10007151,شركة نواة النمو المستدام,78,رفاد,مركز - 81,81,,,,,
10006995,فندف سيف المجد الفندقية,3,رفاد,مركز - 74,74,,,,,
10009575,شركة نور المسك للخدمات الفندقية,222,رفاد,مركز - 76,76,,,,,
10006995,فندف سيف المجد الفندقية,195,رفاد,مركز - 70,70,,,,,
10009575,شركة نور المسك للخدمات الفندقية,26,رفاد,مركز - 72,72,,,,,
10009046,عبدالاحد تونياز عيد صالح,77,رفاد,مركز - 81,81,,,,,
10010286,شركة فندق رويال ماجستك,84,رفاد,مركز - 80,80,,,,,
10011898,شركة فندق الأيام اجياد للضيافة السياحي,651,رفاد,مركز - 80,80,,,,,
10010286,شركة فندق رويال ماجستك,1,رفاد,مركز - 73,73,,,,,
10008913,شركة منارة المسك الفندقية,824,رفاد,مركز - 71,71,,,,,
10011898,شركة فندق الأيام اجياد للضيافة السياحي,11,رفاد,مركز - 75,75,,,,,
10009674,شركة فندق روعة الشموخ للضيافة السياحي,837,رفاد,مركز - 71,71,,,,,
10011898,شركة فندق الأيام اجياد للضيافة السياحي,1,رفاد,مركز - 76,76,,,,,
10011898,شركة فندق الأيام اجياد للضيافة السياحي,1,رفاد,مركز - 71,71,,,,,
10007605,شركة شروق المسك الفندقية,160,رفاد,مركز - 76,76,,,,,
10007765,شركة الفجر البديع اربعة للخدمات الفندقيه,587,رفاد,مركز - 80,80,,,,,
10007494,شركة اشراق اجياد الفندقية,404,رفاد,مركز - 80,80,,,,,
10009381,شركة سما المسك الفندقية شركة شخص واحد,5,رفاد,مركز - 73,73,,,,,
10010915,شركة سمامة أجياد للخدمات الفندقية شركة شخص واحد,272,رفاد,مركز - 80,80,,,,,
10007605,شركة شروق المسك الفندقية,2,رفاد,مركز - 77,77,,,,,
10010915,شركة سمامة أجياد للخدمات الفندقية شركة شخص واحد,2,رفاد,مركز - 76,76,,,,,
10012823,شركة سمران ريست المحدودة,6,رفاد,مركز - 81,81,,,,,
10007421,شركة سجى أجياد الفندقية,248,رفاد,مركز - 78,78,,,,,
10007494,شركة اشراق اجياد الفندقية,5,رفاد,مركز - 75,75,,,,,
10007421,شركة سجى أجياد الفندقية,116,رفاد,مركز - 71,71,,,,,
10009381,شركة سما المسك الفندقية شركة شخص واحد,2356,رفاد,مركز - 74,74,,,,,
10007391,شركة ابراج ساره للاستثمار العقاري فندق سويس أوتيل المقام مكة,119,رفاد,مركز - 79,79,,,,,
10007767,شركة سجى المصافي للخدمات الفندقيه,181,رفاد,مركز - 71,71,,,,,
10007774,شركة أبراج ساره للاستثمار العقاري فندق مكةسويس اوتيل,135,رفاد,مركز - 79,79,,,,,
10001330,شركة برج هاجر العقارية المحدودة,147,رفاد,مركز - 79,79,,,,,
10006755,شركة اصيل الهيبة لتشغيل الفنادق,9,رفاد,مركز - 81,81,,,,,
10007435,شركة الصفوة اوركيد الذهبية الفندقية شركة شخص واحد,85,رفاد,مركز - 79,79,,,,,
10010131,شركة الرمال الحديثة للخدمات الفندقيه,4,رفاد,مركز - 71,71,,,,,
10007494,شركة اشراق اجياد الفندقية,404,رفاد,مركز - 71,71,,,,,
10010131,شركة الرمال الحديثة للخدمات الفندقيه,397,رفاد,مركز - 73,73,,,,,
10010131,شركة الرمال الحديثة للخدمات الفندقيه,2,رفاد,مركز - 70,70,,,,,
10007336,شركة البرج العالمية لادارة الفنادق فندق ساعة مكة فيرمونت,9,رفاد,مركز - 79,79,,,,,
10011550,شركة الريان المكية المحدودة,1,رفاد,مركز - 80,80,,,,,
10011550,شركة الريان المكية المحدودة,9,رفاد,مركز - 72,72,,,,,
10011550,شركة الريان المكية المحدودة,32,رفاد,مركز - 78,78,,,,,
10011550,شركة الريان المكية المحدودة,2,رفاد,مركز - 70,70,,,,,
10011550,شركة الريان المكية المحدودة,11,رفاد,مركز - 79,79,,,,,
10011550,شركة الريان المكية المحدودة,4,رفاد,مركز - 74,74,,,,,
10011550,شركة الريان المكية المحدودة,137,رفاد,مركز - 71,71,,,,,
10011550,شركة الريان المكية المحدودة,3693,رفاد,مركز - 77,77,,,,,
10011526,مؤسسة ضيافة النسيم المميز للوحدات السكنية,157,رواف منى,مركز - 5,5,,,,,
10011179,نزل ضيافة النجوم للنزل السياحيه,74,رواف منى,مركز - 3,3,,,,,
10011115,شركة الهجرة واحد الفندقية,31,رفاد,مركز - 78,78,,,,,
10011523,مؤسسة القامه الهندسيه للمقاولات,122,رواف منى,مركز - 1,1,,,,,
10011115,شركة الهجرة واحد الفندقية,245,رفاد,مركز - 71,71,,,,,
10008129,شركة العنوان اجياد الفندقية شخص واحد,4,رفاد,مركز - 77,77,,,,,
10009691,شركة انوار المسك للخدمات الفندقية,400,رفاد,مركز - 70,70,,,,,
10008129,شركة العنوان اجياد الفندقية شخص واحد,987,رفاد,مركز - 75,75,,,,,
10007097,شركة المسار أجياد الفندقية,100,رفاد,مركز - 79,79,,,,,
10011200,نزل سعد بن مسعد اللحياني,55,رواف منى,مركز - 4,4,,,,,
10007097,شركة المسار أجياد الفندقية,247,رفاد,مركز - 71,71,,,,,
10006798,شركة الموحدين اجياد للخدمات الفندقيه,247,رفاد,مركز - 78,78,,,,,
10012711,مؤسسة يوسف احمد ناشي العتيبي,198,رواف منى,مركز - 6,6,,,,,
10010090,شركة المرجان للخدمات الفندقية,76,رفاد,مركز - 81,81,,,,,
10011154,نزل زائر كريم,3,رواف منى,مركز - 2,2,,,,,
10011970,وقف فهد الجوعي,645,رواف منى,مركز - 10,10,,,,,
10012292,نزل ديار الوعد للنزل السياحيه,134,رواف منى,مركز - 2,2,,,,,
10011526,مؤسسة ضيافة النسيم المميز للوحدات السكنية,257,رواف منى,مركز - 10,10,,,,,
10012624,وقف الماس اغا,6,رواف منى,مركز - 2,2,,,,,
10012490,نزل خلف غازي السماعيل للنزل السياحيه,195,رواف منى,مركز - 7,7,,,,,
10012292,نزل ديار الوعد للنزل السياحيه,4,رواف منى,مركز - 1,1,,,,,
10011179,نزل ضيافة النجوم للنزل السياحيه,152,رواف منى,مركز - 7,7,,,,,
10012204,وقف عبدالمطلب ابراهيم فهغ الجاوي الوقفية,321,رواف منى,مركز - 4,4,,,,,
10012204,وقف عبدالمطلب ابراهيم فهغ الجاوي الوقفية,19,رواف منى,مركز - 7,7,,,,,
10007000,مؤسسة منارة المشاعر الفندقية,133,رواف منى,مركز - 1,1,,,,,
10011359,مؤسسة ضيافة صالح للوحدات السكنية المفروشة,28,رواف منى,مركز - 6,6,,,,,
10011286,مؤسسة محمد بن احمد بن علي العسيري للصيانة والنظافة,244,رواف منى,مركز - 10,10,,,,,
10011286,مؤسسة محمد بن احمد بن علي العسيري للصيانة والنظافة,85,رواف منى,مركز - 4,4,,,,,
10012171,مؤسسة عبدالرب كرم الهى فضل الهى حافظ عبدالله لتقنية المعلومات,19,رواف منى,مركز - 1,1,,,,,
10012449,مؤسسة مسار المئوية التجارية,79,رواف منى,مركز - 7,7,,,,,
10012702,مؤسسة فهد بن عيد الجهنى,451,رواف منى,مركز - 7,7,,,,,
10012057,مؤسسة عبداللطيف بن عبدالوهاب بن عبدالرزاق الحماد لخدمات الحجاج,618,رواف منى,مركز - 6,6,,,,,
10011526,مؤسسة ضيافة النسيم المميز للوحدات السكنية,31,رواف منى,مركز - 7,7,,,,,
10012420,فندق هدوء الحجاز,35,رواف منى,مركز - 1,1,,,,,
10011518,مؤسسة أهدى الأماكن للشقق المفروشة,67,رواف منى,مركز - 4,4,,,,,
10011553,مؤسسة سما ميسان للمقاولات العامة,8,رواف منى,مركز - 2,2,,,,,
10011553,مؤسسة سما ميسان للمقاولات العامة,117,رواف منى,مركز - 4,4,,,,,
10007631,فندق منازل الفضيلة الفندقية,112,دليل الزوار,مركز - 402,402,,,,,
10007631,فندق منازل الفضيلة الفندقية,12,دليل الزوار,مركز - 307,307,,,,,
10007631,فندق منازل الفضيلة الفندقية,22,دليل الزوار,مركز - 302,302,,,,,
10007631,فندق منازل الفضيلة الفندقية,8,دليل الزوار,مركز - 305,305,,,,,
10007631,فندق منازل الفضيلة الفندقية,1,دليل الزوار,مركز - 404,404,,,,,
10007990,فندق منازل المصاف للضيافة السياحي,45,دليل الزوار,مركز - 405,405,,,,,
10007990,فندق منازل المصاف للضيافة السياحي,65,دليل الزوار,مركز - 201,201,,,,,
10010274,فندق نجمة الخليج العربي,29,دليل الزوار,مركز - 305,305,,,,,
10010274,فندق نجمة الخليج العربي,65,دليل الزوار,مركز - 304,304,,,,,
10010274,فندق نجمة الخليج العربي,45,دليل الزوار,مركز - 306,306,,,,,
10010274,فندق نجمة الخليج العربي,25,دليل الزوار,مركز - 401,401,,,,,
10010274,فندق نجمة الخليج العربي,45,دليل الزوار,مركز - 201,201,,,,,
10010213,فندق نجمة نرسيان الفندقية,24,دليل الزوار,مركز - 102,102,,,,,
10002288,فندق عنوان المشاعر الفندقية,42,دليل الزوار,مركز - 403,403,,,,,
10008863,فندق ندى الهجرة للضيافة السياحي,64,دليل الزوار,مركز - 402,402,,,,,
10006990,فندق نسمات الضيافة الفندقية,1,دليل الزوار,مركز - 203,203,,,,,
10009134,فندق نوارة شمس الفندقية,24,دليل الزوار,مركز - 201,201,,,,,
10009134,فندق نوارة شمس الفندقية,258,دليل الزوار,مركز - 404,404,,,,,
10009134,فندق نوارة شمس الفندقية,4,دليل الزوار,مركز - 203,203,,,,,
10009134,فندق نوارة شمس الفندقية,2,دليل الزوار,مركز - 308,308,,,,,
10009134,فندق نوارة شمس الفندقية,2,دليل الزوار,مركز - 407,407,,,,,
10006268,فندق هبة المهاجرين الفندقية,118,دليل الزوار,مركز - 306,306,,,,,
10007703,فندق مكارم المشاعر الفندقية,175,دليل الزوار,مركز - 403,403,,,,,
10007554,فندق مسار العز الفندقية,4,دليل الزوار,مركز - 303,303,,,,,
10002288,فندق عنوان المشاعر الفندقية,64,دليل الزوار,مركز - 202,202,,,,,
10002288,فندق عنوان المشاعر الفندقية,28,دليل الزوار,مركز - 405,405,,,,,
10001865,فندق غلا التاج,10,دليل الزوار,مركز - 304,304,,,,,
10010027,فندق قيم البركة للايواء السياحي,22,دليل الزوار,مركز - 406,406,,,,,
10010027,فندق قيم البركة للايواء السياحي,45,دليل الزوار,مركز - 202,202,,,,,
10010298,فندق لؤلؤة الفلاح الفندقية,39,دليل الزوار,مركز - 404,404,,,,,
10007554,فندق مسار العز الفندقية,135,دليل الزوار,مركز - 306,306,,,,,
10008679,فندق منارة الايمان للايواء السياحي,86,دليل الزوار,مركز - 301,301,,,,,
10006804,فندق مرسى الجاريه الفندقية,37,دليل الزوار,مركز - 407,407,,,,,
10007554,فندق مسار العز الفندقية,146,دليل الزوار,مركز - 406,406,,,,,
10006804,فندق مرسى الجاريه الفندقية,64,دليل الزوار,مركز - 404,404,,,,,
10007554,فندق مسار العز الفندقية,59,دليل الزوار,مركز - 305,305,,,,,
10012341,فندق مصطفى بن حامد عاشور,171,دليل الزوار,مركز - 401,401,,,,,
10008679,فندق منارة الايمان للايواء السياحي,31,دليل الزوار,مركز - 402,402,,,,,
10007703,فندق مكارم المشاعر الفندقية,52,دليل الزوار,مركز - 406,406,,,,,
10007703,فندق مكارم المشاعر الفندقية,37,دليل الزوار,مركز - 405,405,,,,,
10007703,فندق مكارم المشاعر الفندقية,47,دليل الزوار,مركز - 401,401,,,,,
10012736,مؤسسة افواج البيت لخدمات المعتمرين,149,دليل الزوار,مركز - 302,302,,,,,
10012387,مؤسسة راكان راجح ضيف الله الكبكبي لغسيل الملابس,7,دليل الزوار,مركز - 303,303,,,,,
10012736,مؤسسة افواج البيت لخدمات المعتمرين,4,دليل الزوار,مركز - 307,307,,,,,
10012387,مؤسسة راكان راجح ضيف الله الكبكبي لغسيل الملابس,32,دليل الزوار,مركز - 304,304,,,,,
10012387,مؤسسة راكان راجح ضيف الله الكبكبي لغسيل الملابس,106,دليل الزوار,مركز - 301,301,,,,,
10012387,مؤسسة راكان راجح ضيف الله الكبكبي لغسيل الملابس,295,دليل الزوار,مركز - 302,302,,,,,
10012387,مؤسسة راكان راجح ضيف الله الكبكبي لغسيل الملابس,27,دليل الزوار,مركز - 305,305,,,,,
10012387,مؤسسة راكان راجح ضيف الله الكبكبي لغسيل الملابس,65,دليل الزوار,مركز - 401,401,,,,,
10012452,مؤسسة رفيعه بديع فالح الجهمي للصيانة والنظافة,88,دليل الزوار,مركز - 203,203,,,,,
10012452,مؤسسة رفيعه بديع فالح الجهمي للصيانة والنظافة,74,دليل الزوار,مركز - 302,302,,,,,
10012420,فندق هدوء الحجاز,30,دليل الزوار,مركز - 305,305,,,,,
10007279,فندق هجرة الخير الفندقية,35,دليل الزوار,مركز - 302,302,,,,,
10010921,فندق وردة الصلاح للايواء السياحي,56,دليل الزوار,مركز - 201,201,,,,,
10010921,فندق وردة الصلاح للايواء السياحي,3,دليل الزوار,مركز - 303,303,,,,,
10010921,فندق وردة الصلاح للايواء السياحي,2,دليل الزوار,مركز - 302,302,,,,,
10010921,فندق وردة الصلاح للايواء السياحي,31,دليل الزوار,مركز - 307,307,,,,,
10010921,فندق وردة الصلاح للايواء السياحي,58,دليل الزوار,مركز - 305,305,,,,,
10012454,مؤسسة إم إيه بي إتش,3,دليل الزوار,مركز - 303,303,,,,,
10012454,مؤسسة إم إيه بي إتش,30,دليل الزوار,مركز - 305,305,,,,,
10012386,مؤسسة أصالة الحجاز الفندقية,134,دليل الزوار,مركز - 402,402,,,,,
10012386,مؤسسة أصالة الحجاز الفندقية,2,دليل الزوار,مركز - 404,404,,,,,
10012199,مؤسسة ساس ونماء للخدمات اللوجستية,44,دليل الزوار,مركز - 403,403,,,,,
10012515,مؤسسة عصام محمد ابراهيم عارف,1,دليل الزوار,مركز - 302,302,,,,,
10011553,مؤسسة سما ميسان للمقاولات العامة,20,دليل الزوار,مركز - 301,301,,,,,
10011488,مؤسسة عبدالكريم عبيد ثابت الثبيتي التجارية,154,دليل الزوار,مركز - 301,301,,,,,
10011553,مؤسسة سما ميسان للمقاولات العامة,90,دليل الزوار,مركز - 304,304,,,,,
10012285,مؤسسة سمايا الحجاز للنقل البري,130,دليل الزوار,مركز - 201,201,,,,,
10011683,مؤسسة سمر محمد عاشور,49,دليل الزوار,مركز - 306,306,,,,,
10011488,مؤسسة عبدالكريم عبيد ثابت الثبيتي التجارية,2,دليل الزوار,مركز - 304,304,,,,,
10012515,مؤسسة عصام محمد ابراهيم عارف,127,دليل الزوار,مركز - 308,308,,,,,
10012515,مؤسسة عصام محمد ابراهيم عارف,1,دليل الزوار,مركز - 303,303,,,,,
10002573,مؤسسة فندق نوارة شمس الفندقية,22,دليل الزوار,مركز - 407,407,,,,,
10002573,مؤسسة فندق نوارة شمس الفندقية,108,دليل الزوار,مركز - 402,402,,,,,
10012095,مؤسسة مزنه حمد سعد الحربي التجارية,25,دليل الزوار,مركز - 306,306,,,,,
10012312,مؤسسة معتوق محمدنور احمد سندى للمقاولات,8,دليل الزوار,مركز - 403,403,,,,,
10011223,مؤسسة نبع اليقين الفندقية,72,دليل الزوار,مركز - 403,403,,,,,
10011223,مؤسسة نبع اليقين الفندقية,49,دليل الزوار,مركز - 401,401,,,,,
10012433,مؤسسة نجود عبده بن محمد صميلي التجارية,282,دليل الزوار,مركز - 203,203,,,,,
10011193,مؤسسة نزل الكرم,194,دليل الزوار,مركز - 403,403,,,,,
10011223,مؤسسة نبع اليقين الفندقية,153,دليل الزوار,مركز - 202,202,,,,,
10012433,مؤسسة نجود عبده بن محمد صميلي التجارية,3,دليل الزوار,مركز - 202,202,,,,,
10011333,مؤسسة نجمة روعة الخليل الفندقية,6,دليل الزوار,مركز - 201,201,,,,,
10011333,مؤسسة نجمة روعة الخليل الفندقية,15,دليل الزوار,مركز - 301,301,,,,,
10012312,مؤسسة معتوق محمدنور احمد سندى للمقاولات,60,دليل الزوار,مركز - 406,406,,,,,
10012312,مؤسسة معتوق محمدنور احمد سندى للمقاولات,77,دليل الزوار,مركز - 202,202,,,,,
10012312,مؤسسة معتوق محمدنور احمد سندى للمقاولات,60,دليل الزوار,مركز - 405,405,,,,,
10012095,مؤسسة مزنه حمد سعد الحربي التجارية,4,دليل الزوار,مركز - 404,404,,,,,
10012523,نزل ابراهيم سعود الحلاف,508,دليل الزوار,مركز - 303,303,,,,,
10012416,نزل عادل دخيل السالمى للنزل السياحيه,242,دليل الزوار,مركز - 301,301,,,,,
10012016,نزل مبشر محمد مبشر ال غرمان للنزل السياحيه,67,دليل الزوار,مركز - 304,304,,,,,
10012252,نزل ريان راجح الكبكبي للايواء السياحي,313,دليل الزوار,مركز - 304,304,,,,,
10012016,نزل مبشر محمد مبشر ال غرمان للنزل السياحيه,35,دليل الزوار,مركز - 301,301,,,,,
10012451,نزل الجود والسلام للنزل السياحيه,204,دليل الزوار,مركز - 303,303,,,,,
10012416,نزل عادل دخيل السالمى للنزل السياحيه,14,دليل الزوار,مركز - 201,201,,,,,
10011200,نزل سعد بن مسعد اللحياني,70,دليل الزوار,مركز - 304,304,,,,,
10011200,نزل سعد بن مسعد اللحياني,11,دليل الزوار,مركز - 201,201,,,,,
10012416,نزل عادل دخيل السالمى للنزل السياحيه,31,دليل الزوار,مركز - 308,308,,,,,
10012416,نزل عادل دخيل السالمى للنزل السياحيه,3,دليل الزوار,مركز - 304,304,,,,,
10012523,نزل ابراهيم سعود الحلاف,92,دليل الزوار,مركز - 305,305,,,,,
10012327,نزل رمك الصفوة,394,دليل الزوار,مركز - 307,307,,,,,
10012398,نزل النسيم سويت للنزل السياحيه,90,دليل الزوار,مركز - 307,307,,,,,
10012523,نزل ابراهيم سعود الحلاف,9,دليل الزوار,مركز - 201,201,,,,,
10012523,نزل ابراهيم سعود الحلاف,368,دليل الزوار,مركز - 401,401,,,,,
10010812,شركة المعتكف للتطوير والاستثمار العقاري,61,بشرى الضيافة,مركز - 17,17,,,,,
10007961,شركة التطوير الحضري للاعمال شركة شخص واحد,126,بشرى الضيافة,مركز - 23,23,,,,,
10007961,شركة التطوير الحضري للاعمال شركة شخص واحد,66,بشرى الضيافة,مركز - 22,22,,,,,
10007336,شركة البرج العالمية لادارة الفنادق فندق ساعة مكة فيرمونت,8,بشرى الضيافة,مركز - 18,18,,,,,
10011764,شركة اكنان الصفا الفندقية,214,بشرى الضيافة,مركز - 18,18,,,,,
10001330,شركة برج هاجر العقارية المحدودة,350,بشرى الضيافة,مركز - 18,18,,,,,
10012526,شركة بينون الحديثة المحدودة,26,بشرى الضيافة,مركز - 15,15,,,,,
10009335,شركة تارا الذهبي,36,بشرى الضيافة,مركز - 15,15,,,,,
10008741,شركة صدف الخير للخدمات الفندقيه,101,بشرى الضيافة,مركز - 23,23,,,,,
10012079,شركة صفات التميز و الابداع,13,بشرى الضيافة,مركز - 15,15,,,,,
10012079,شركة صفات التميز و الابداع,139,بشرى الضيافة,مركز - 16,16,,,,,
10011950,شركة ضيافات العالم للاستثمار,102,بشرى الضيافة,مركز - 16,16,,,,,
10009510,شركة ضيافة المدينة للتجارة,43,بشرى الضيافة,مركز - 17,17,,,,,
10006235,شركة عبدالرزاق بديع الكتبي لخدمات المعتمرين,23,بشرى الضيافة,مركز - 16,16,,,,,
10012801,شركة عبدالله محمد القحطاني,10,بشرى الضيافة,مركز - 22,22,,,,,
10011774,شركة فضل الخير الفندقية,29,بشرى الضيافة,مركز - 18,18,,,,,
10010286,شركة فندق رويال ماجستك,3,بشرى الضيافة,مركز - 2,2,,,,,
10010286,شركة فندق رويال ماجستك,273,بشرى الضيافة,مركز - 1,1,,,,,
10009423,شركة محمد بن فالح الجابرى الفندقية,135,بشرى الضيافة,مركز - 18,18,,,,,
10011933,شركة مخيم رفادة المحدودة شركة شخص واحد,39,بشرى الضيافة,مركز - 15,15,,,,,
10011933,شركة مخيم رفادة المحدودة شركة شخص واحد,3,بشرى الضيافة,مركز - 17,17,,,,,
10006217,شركة معاد العالمية الفندقية المحدودة,152,بشرى الضيافة,مركز - 2,2,,,,,
10012298,مؤسسة امتنان سليمان البركاتي الشريف للخدمات الفندقيه,144,مشارق الماسية,مركز - 605,605,,,,,
10012126,مؤسسة الكمال للمقاولات المعمارية,49,مشارق الماسية,مركز - 608,608,,,,,
10012231,مؤسسة الترميم العالمي الذهبي,350,مشارق الماسية,مركز - 612,612,,,,,
10012126,مؤسسة الكمال للمقاولات المعمارية,86,مشارق الماسية,مركز - 603,603,,,,,
10012828,مؤسسة امجد عبدالله محمد المدني للمقاولات العامة,100,مشارق الماسية,مركز - 808,808,,,,,
10012828,مؤسسة امجد عبدالله محمد المدني للمقاولات العامة,43,مشارق الماسية,مركز - 807,807,,,,,
10012298,مؤسسة امتنان سليمان البركاتي الشريف للخدمات الفندقيه,278,مشارق الماسية,مركز - 602,602,,,,,
10012606,مؤسسة إيليت بريميوم كوليكشن,8,مشارق الماسية,مركز - 623,623,,,,,
10006968,فندق وقف سالم عمر الجفري الفندقية,44,مشارق الماسية,مركز - 619,619,,,,,
10011995,مؤسسة أبزار التجارية,3,مشارق الماسية,مركز - 618,618,,,,,
10011715,مؤسسة أحمد سمير الوصابي التجارية,319,مشارق الماسية,مركز - 80,80,,,,,
10011538,مؤسسة المقام الراقي الماسي,298,مشارق الماسية,مركز - 619,619,,,,,
10012386,مؤسسة أصالة الحجاز الفندقية,37,مشارق الماسية,مركز - 619,619,,,,,
10012386,مؤسسة أصالة الحجاز الفندقية,231,مشارق الماسية,مركز - 607,607,,,,,
10011470,مؤسسة أسامه سعد بن حامد سنكى للمقاولات العامة,195,مشارق الماسية,مركز - 702,702,,,,,
10012386,مؤسسة أصالة الحجاز الفندقية,166,مشارق الماسية,مركز - 621,621,,,,,
10009860,مؤسسة أمل المشاعر,120,مشارق الماسية,مركز - 610,610,,,,,
10009860,مؤسسة أمل المشاعر,328,مشارق الماسية,مركز - 620,620,,,,,
10011995,مؤسسة أبزار التجارية,9,مشارق الماسية,مركز - 602,602,,,,,
10012176,مؤسسة بشاير الإجابه,307,مشارق الماسية,مركز - 701,701,,,,,
10000557,فندق أبراج المريديان فرع الشركةالمتحدةللإستثماروالتطويرالعقاري المتحد,3,رواف منى,مركز - 2,2,,,,,
10006942,فندق أسيل أجياد للايواء السياحي,20,رواف منى,مركز - 1,1,,,,,
10001750,فندق أمجاد الضيافة الفندقية,219,رواف منى,مركز - 4,4,,,,,
10007950,فندق أكابر الحياة الفندقية,65,رواف منى,مركز - 1,1,,,,,
10002124,فندق الإباء الفندقية,25,رواف منى,مركز - 1,1,,,,,
10012320,شركة محمد بن صالح رزه,61,رواف منى,مركز - 4,4,,,,,
10009259,شركة واحة المسك للخدمات الفندقية,62,رواف منى,مركز - 1,1,,,,,
10001950,فندق ازكى الصفا,7,رواف منى,مركز - 1,1,,,,,
10008164,شركة سجى للخدمات الفندقيه,51,رواف منى,مركز - 1,1,,,,,
10007622,فندق التقوى الراقي الفندقية,111,رواف منى,مركز - 4,4,,,,,
10008588,فندق زوار البيت,245,رحلات ومنافع,مركز - 204,204,,,,,
10006673,فندق اعمار الخليل الفندقية,2,رواف منى,مركز - 2,2,,,,,
10002124,فندق الإباء الفندقية,9,رواف منى,مركز - 2,2,,,,,
10002124,فندق الإباء الفندقية,19,رواف منى,مركز - 3,3,,,,,
10002106,فندق اعمار جراند الفندقية,84,رواف منى,مركز - 2,2,,,,,
10006673,فندق اعمار الخليل الفندقية,10,رواف منى,مركز - 1,1,,,,,
10007092,فندق اعمار السلطان الفندقية,2,رواف منى,مركز - 2,2,,,,,
10012111,شقق شالي ريزيدنس للشقق المخدومة,122,رواف منى,مركز - 8,8,,,,,
10001950,فندق ازكى الصفا,99,رواف منى,مركز - 2,2,,,,,
10007694,شركة وينر إن,12,رواف منى,مركز - 2,2,,,,,
10006671,فندق اريج الذهبي الفندقية,30,رواف منى,مركز - 4,4,,,,,
10012111,شقق شالي ريزيدنس للشقق المخدومة,236,رواف منى,مركز - 4,4,,,,,
10009289,فندق ابراج الفارابي الفندقية,69,رواف منى,مركز - 1,1,,,,,
10007694,شركة وينر إن,40,رواف منى,مركز - 1,1,,,,,
10012111,شقق شالي ريزيدنس للشقق المخدومة,479,رواف منى,مركز - 10,10,,,,,
10007050,شقق ركايا للشقق المخدومة,286,رواف منى,مركز - 9,9,,,,,
10010129,شركة ياقوتة الطلائع الفندقية,1,رواف منى,مركز - 1,1,,,,,
10010129,شركة ياقوتة الطلائع الفندقية,43,رواف منى,مركز - 3,3,,,,,
10006808,شركة نور حياة الفندقية شخص واحد,5,رواف منى,مركز - 1,1,,,,,
10011933,شركة مخيم رفادة المحدودة شركة شخص واحد,190,رواف منى,مركز - 2,2,,,,,
10006734,شركة مناسك النور لإدارة وتشغيل المباني,5,رواف منى,مركز - 4,4,,,,,
10009259,شركة واحة المسك للخدمات الفندقية,20,رواف منى,مركز - 2,2,,,,,
10012039,شركة واحة البيت العقارية شركة شخص واحد,320,رواف منى,مركز - 8,8,,,,,
10012039,شركة واحة البيت العقارية شركة شخص واحد,354,رواف منى,مركز - 6,6,,,,,
10006734,شركة مناسك النور لإدارة وتشغيل المباني,5,رواف منى,مركز - 6,6,,,,,
10011089,شركة نماء العصرية للفنادق,15,رواف منى,مركز - 1,1,,,,,
10006808,شركة نور حياة الفندقية شخص واحد,97,رواف منى,مركز - 2,2,,,,,
10011089,شركة نماء العصرية للفنادق,290,رواف منى,مركز - 2,2,,,,,
10006698,شركة ميسان المشاعر الفندقية,36,رواف منى,مركز - 1,1,,,,,
10012732,شركة نسمات الأسيل لتشغيل الفنادق,200,رواف منى,مركز - 3,3,,,,,
10009255,شركة منازل الطلائع للشقق المخدومة,109,رواف منى,مركز - 1,1,,,,,
10006734,شركة مناسك النور لإدارة وتشغيل المباني,50,رواف منى,مركز - 3,3,,,,,
10011933,شركة مخيم رفادة المحدودة شركة شخص واحد,86,رواف منى,مركز - 1,1,,,,,
10006734,شركة مناسك النور لإدارة وتشغيل المباني,1080,رواف منى,مركز - 7,7,,,,,
10010871,شركة منازل العين كوما التجارية  قابضة,38,رواف منى,مركز - 1,1,,,,,
10010871,شركة منازل العين كوما التجارية  قابضة,20,رواف منى,مركز - 2,2,,,,,
10011780,شركة مساكن الانوار الذهبية المحدودة,179,رواف منى,مركز - 2,2,,,,,
10009255,شركة منازل الطلائع للشقق المخدومة,1608,رواف منى,مركز - 2,2,,,,,
10009255,شركة منازل الطلائع للشقق المخدومة,106,رواف منى,مركز - 3,3,,,,,
10006217,شركة معاد العالمية الفندقية المحدودة,3561,رواف منى,مركز - 8,8,,,,,
10011780,شركة مساكن الانوار الذهبية المحدودة,92,رواف منى,مركز - 1,1,,,,,
10006217,شركة معاد العالمية الفندقية المحدودة,2426,رواف منى,مركز - 3,3,,,,,
10006883,شركة سفير المسك الفندقية,103,رواف منى,مركز - 2,2,,,,,
10011863,شركة ماس الطلائع,149,رواف منى,مركز - 9,9,,,,,
10001870,فندق ندى الضيافة الفندقية,73,رحلات ومنافع,مركز - 203,203,,,,,
10011650,شركة عبدالعزيز سهيل الغامدي,491,رواف منى,مركز - 8,8,,,,,
10008109,شركة فيفيان للخدمات الفندقية,1,رواف منى,مركز - 1,1,,,,,
10007340,فندق ساري الروابي الفندقية,456,رحلات ومنافع,مركز - 222,222,,,,,
10001669,شركة مأثر الضيافة لخدمات المعتمرين,11,رواف منى,مركز - 2,2,,,,,
10001669,شركة مأثر الضيافة لخدمات المعتمرين,16,رواف منى,مركز - 1,1,,,,,
10009579,شركة قطوف الضيافة للايواء السياحي,19,رواف منى,مركز - 2,2,,,,,
10002248,شركة كنوز الضيافه,61,رواف منى,مركز - 1,1,,,,,
10011863,شركة ماس الطلائع,457,رواف منى,مركز - 8,8,,,,,
10002248,شركة كنوز الضيافه,156,رواف منى,مركز - 2,2,,,,,
10007251,شركة كنوز الضيافة اثنين الفندقية,73,رواف منى,مركز - 2,2,,,,,
10007251,شركة كنوز الضيافة اثنين الفندقية,40,رواف منى,مركز - 1,1,,,,,
10000983,شركة فندق ابراج شركة مكه الفندقية شركة شخص واحد,20,رواف منى,مركز - 1,1,,,,,
10007078,شركة فندق وفاق المشاعر للضيافة السياحي,39,رواف منى,مركز - 1,1,,,,,
10011331,فندق كرة المشاعر الفندقية,99,رحلات ومنافع,مركز - 221,221,,,,,
10011650,شركة عبدالعزيز سهيل الغامدي,292,رواف منى,مركز - 5,5,,,,,
10007078,شركة فندق وفاق المشاعر للضيافة السياحي,37,رواف منى,مركز - 2,2,,,,,
10006944,شركة فندق لؤلؤة البدائع الفندقية,2,رواف منى,مركز - 1,1,,,,,
10010439,شركة فندق مباني المستقبل,20,رواف منى,مركز - 1,1,,,,,
10011650,شركة عبدالعزيز سهيل الغامدي,288,رواف منى,مركز - 4,4,,,,,
10001021,فندق مكارم اجياد مكة,71,رحلات ومنافع,مركز - 203,203,,,,,
10010253,شركة فجر النسك لتشغيل الفنادق,1,رواف منى,مركز - 1,1,,,,,
10000983,شركة فندق ابراج شركة مكه الفندقية شركة شخص واحد,3,رواف منى,مركز - 4,4,,,,,
10012232,شركة عماره الذهبية للخدمات الفندقية,19,رواف منى,مركز - 1,1,,,,,
10009581,شركة عرفات الذهبية,158,رواف منى,مركز - 2,2,,,,,
10012232,شركة عماره الذهبية للخدمات الفندقية,158,رواف منى,مركز - 2,2,,,,,
10007867,شركة ضيافة المقام الفندقية,3,رواف منى,مركز - 2,2,,,,,
10011670,فندق مواسم الروابي الفندقية,24,رحلات ومنافع,مركز - 230,230,,,,,
10007340,فندق ساري الروابي الفندقية,26,رحلات ومنافع,مركز - 230,230,,,,,
10006883,شركة سفير المسك الفندقية,3,رواف منى,مركز - 1,1,,,,,
10006356,فندق منى فيو للايواء السياحي,92,رحلات ومنافع,مركز - 224,224,,,,,
10012138,شركة صالح بن غازي الظفيري وشركاه لخدمة حجاج الداخل المحدودة,161,رواف منى,مركز - 5,5,,,,,
10007025,شركة طلع الشرق المحدودة,137,رواف منى,مركز - 1,1,,,,,
10007867,شركة ضيافة المقام الفندقية,147,رواف منى,مركز - 1,1,,,,,
10011717,شركة ضيافة الوسام الماسي,90,رواف منى,مركز - 2,2,,,,,
10010689,شركة صدف الخير للخدمات الفندقية,32,رواف منى,مركز - 1,1,,,,,
10006356,فندق منى فيو للايواء السياحي,73,رحلات ومنافع,مركز - 227,227,,,,,
10007849,شركة ضيافة الطلائع للشقق المخدومة,709,رواف منى,مركز - 3,3,,,,,
10007849,شركة ضيافة الطلائع للشقق المخدومة,18,رواف منى,مركز - 1,1,,,,,
10007849,شركة ضيافة الطلائع للشقق المخدومة,342,رواف منى,مركز - 2,2,,,,,
10010114,شركة صعود القمم لتشغيل الفنادق شخص واحد,22,رواف منى,مركز - 1,1,,,,,
10007849,شركة ضيافة الطلائع للشقق المخدومة,1,رواف منى,مركز - 4,4,,,,,
10009788,شركة شيراتون مكة شركة شخص واحد,79,رواف منى,مركز - 1,1,,,,,
10012138,شركة صالح بن غازي الظفيري وشركاه لخدمة حجاج الداخل المحدودة,614,رواف منى,مركز - 6,6,,,,,
10011439,فندق عبدالله بن حامد بن سويلم القرشي للايواء السياحي,288,رحلات ومنافع,مركز - 221,221,,,,,
10001838,شركة سليمان بن موسى العليان الفندقية شخص واحد,99,رواف منى,مركز - 1,1,,,,,
10012138,شركة صالح بن غازي الظفيري وشركاه لخدمة حجاج الداخل المحدودة,13,رواف منى,مركز - 8,8,,,,,
10009788,شركة شيراتون مكة شركة شخص واحد,1,رواف منى,مركز - 2,2,,,,,
10012138,شركة صالح بن غازي الظفيري وشركاه لخدمة حجاج الداخل المحدودة,248,رواف منى,مركز - 3,3,,,,,
10011645,شركة سما الشعائر لتشغيل الفنادق,80,رواف منى,مركز - 2,2,,,,,
10000533,فندق مريديان مكة فرع الشركة المتحدة للإستثمار والتطوير العقاري المتحد,6,رحلات ومنافع,مركز - 203,203,,,,,
10012431,شركة سنود الفندقية شركة مساهمة مقفلة,23,رواف منى,مركز - 1,1,,,,,
10012431,شركة سنود الفندقية شركة مساهمة مقفلة,2,رواف منى,مركز - 2,2,,,,,
10006665,شركة سنود اجياد للخدمات الفندقيه شركة شخص واحد,1,رواف منى,مركز - 2,2,,,,,
10011645,شركة سما الشعائر لتشغيل الفنادق,90,رواف منى,مركز - 4,4,,,,,
10006665,شركة سنود اجياد للخدمات الفندقيه شركة شخص واحد,94,رواف منى,مركز - 1,1,,,,,
10007336,شركة البرج العالمية لادارة الفنادق فندق ساعة مكة فيرمونت,130,رواف منى,مركز - 1,1,,,,,
10010854,فندق افاق السد الفندقية,2604,رفاد,مركز - 72,72,,,,,
10010947,فندق الفهد الفندقية,114,رحلات ومنافع,مركز - 222,222,,,,,
10007829,فندق آلاء البيت للضيافة السياحي,32,رحلات ومنافع,مركز - 221,221,,,,,
10004016,شركة بيت الزائر للشقق المخدومة,30,رواف منى,مركز - 3,3,,,,,
10007171,فندق ايلاف كنده فرع شركة ايلاف للفنادق المحدوده,21,رحلات ومنافع,مركز - 203,203,,,,,
10008922,شركة رفاق الفندقية,2,رواف منى,مركز - 1,1,,,,,
10002106,فندق اعمار جراند الفندقية,10,رحلات ومنافع,مركز - 224,224,,,,,
10007391,شركة ابراج ساره للاستثمار العقاري فندق سويس أوتيل المقام مكة,22,رحلات ومنافع,مركز - 203,203,,,,,
10010031,شركة نبراس الهدي للسفر و السياحة,2451,رحلات ومنافع,مركز - 202,202,,,,,
10010073,شركة رقى المشاعر للشقق الفندقية شخص واحد,253,رواف منى,مركز - 2,2,,,,,
10006726,فندق ايلاف اجياد فرع شركة ايلاف للفنادق,17,رحلات ومنافع,مركز - 203,203,,,,,
10008121,شركة ساري الطلائع للضيافة السياحي,1,رواف منى,مركز - 4,4,,,,,
10011321,شركة ساري المسك للخدمات الفندقية,7,رواف منى,مركز - 1,1,,,,,
10011210,شركة زوار المشاعر المحدودة,32,رواف منى,مركز - 1,1,,,,,
10010073,شركة رقى المشاعر للشقق الفندقية شخص واحد,62,رواف منى,مركز - 1,1,,,,,
10011279,شركة روتانا جبل عمر,40,رواف منى,مركز - 2,2,,,,,
10011035,شركة رحمة الفريدة المحدودة,24,رواف منى,مركز - 1,1,,,,,
10000557,فندق أبراج المريديان فرع الشركةالمتحدةللإستثماروالتطويرالعقاري المتحد,303,رحلات ومنافع,مركز - 203,203,,,,,
10008922,شركة رفاق الفندقية,123,رواف منى,مركز - 2,2,,,,,
10006796,فندق أميرة جراند,35,رحلات ومنافع,مركز - 227,227,,,,,
10012526,شركة بينون الحديثة المحدودة,819,رواف منى,مركز - 8,8,,,,,
10008922,شركة رفاق الفندقية,2,رواف منى,مركز - 4,4,,,,,
10007846,شركة رزانه الفندقية,107,رواف منى,مركز - 2,2,,,,,
10007846,شركة رزانه الفندقية,6,رواف منى,مركز - 1,1,,,,,
10011905,شركة جمال سامى ابولبن التجارية,2,رواف منى,مركز - 2,2,,,,,
10002212,فندق أزكى المقام الفندقية,33,رحلات ومنافع,مركز - 230,230,,,,,
10006981,شركة دي مورا,70,رواف منى,مركز - 1,1,,,,,
10011035,شركة رحمة الفريدة المحدودة,69,رواف منى,مركز - 2,2,,,,,
10010356,شركة دريم زون لتشغيل الفنادق,89,رواف منى,مركز - 1,1,,,,,
10011905,شركة جمال سامى ابولبن التجارية,107,رواف منى,مركز - 1,1,,,,,
10011685,شركة خالد عبده بن محمد العسيري للتشغيل والصيانة,245,رواف منى,مركز - 2,2,,,,,
10001395,شركة بتول اجياد الفندقية,40,رواف منى,مركز - 1,1,,,,,
10002386,فندق بارك إن راديسون العزيزية الفندقية,21,رحلات ومنافع,مركز - 230,230,,,,,
10002106,فندق اعمار جراند الفندقية,20,رحلات ومنافع,مركز - 221,221,,,,,
10007336,شركة البرج العالمية لادارة الفنادق فندق ساعة مكة فيرمونت,100,رواف منى,مركز - 2,2,,,,,
10007806,فندق السكرية للضيافة السياحي,80,رحلات ومنافع,مركز - 223,223,,,,,
10011682,شركة إعمار مليون المحدودة,36,رواف منى,مركز - 7,7,,,,,
10001330,شركة برج هاجر العقارية المحدودة,2,رواف منى,مركز - 1,1,,,,,
10001395,شركة بتول اجياد الفندقية,27,رواف منى,مركز - 2,2,,,,,
10001330,شركة برج هاجر العقارية المحدودة,30,رواف منى,مركز - 2,2,,,,,
10012675,شركة إكليل الضيافة لتشغيل الفنادق,2,رواف منى,مركز - 1,1,,,,,
10002405,فندق العليان الحرم الفندقية,174,رحلات ومنافع,مركز - 231,231,,,,,
10007774,شركة أبراج ساره للاستثمار العقاري فندق مكةسويس اوتيل,96,رواف منى,مركز - 2,2,,,,,
10007774,شركة أبراج ساره للاستثمار العقاري فندق مكةسويس اوتيل,92,رواف منى,مركز - 1,1,,,,,
10011166,شركة أبراج الطلائع الفندقية,69,رواف منى,مركز - 2,2,,,,,
10012697,شركة إنفيكتوس كونستراكشن,40,رواف منى,مركز - 1,1,,,,,
10011133,شركة إيلاف للاستثمار الدولي,6,رواف منى,مركز - 2,2,,,,,
10011682,شركة إعمار مليون المحدودة,239,رواف منى,مركز - 3,3,,,,,
10007806,فندق السكرية للضيافة السياحي,33,رحلات ومنافع,مركز - 226,226,,,,,
10011682,شركة إعمار مليون المحدودة,2,رواف منى,مركز - 4,4,,,,,
10007040,فندق البيضاء الفندقية,29,رحلات ومنافع,مركز - 201,201,,,,,
10009277,شركة الأصول الماسية للضيافة السياحي,22,رواف منى,مركز - 2,2,,,,,
10011682,شركة إعمار مليون المحدودة,38,رواف منى,مركز - 5,5,,,,,
10011682,شركة إعمار مليون المحدودة,76,رواف منى,مركز - 8,8,,,,,
10011682,شركة إعمار مليون المحدودة,115,رواف منى,مركز - 9,9,,,,,
10006755,شركة اصيل الهيبة لتشغيل الفنادق,2,رواف منى,مركز - 1,1,,,,,
10012831,فندق الرسالة الجوار للخدمات الفندقيه,18,رحلات ومنافع,مركز - 201,201,,,,,
10007391,شركة ابراج ساره للاستثمار العقاري فندق سويس أوتيل المقام مكة,64,رواف منى,مركز - 1,1,,,,,
10007391,شركة ابراج ساره للاستثمار العقاري فندق سويس أوتيل المقام مكة,49,رواف منى,مركز - 2,2,,,,,
10002536,شركة اجياد للخدمات الفندقية,31,رواف منى,مركز - 2,2,,,,,
10012641,شركة احسان الضيافة المحدودة,501,رواف منى,مركز - 8,8,,,,,
10002536,شركة اجياد للخدمات الفندقية,43,رواف منى,مركز - 1,1,,,,,
10012248,شركة الخيمة لتشغيل الفنادق,75,رواف منى,مركز - 2,2,,,,,
10006673,فندق اعمار الخليل الفندقية,62,رحلات ومنافع,مركز - 203,203,,,,,
10011146,شقق درر الراشدية المخدومة,63,رحلات ومنافع,مركز - 226,226,,,,,
10011809,نزل أنوار الحميدية المؤقت,200,ضيوف البيت,مركز - 21,21,,,,,
10012097,شقق كيان و صبا للشقق المخدومة,90,رحلات ومنافع,مركز - 226,226,,,,,
10009282,شركة العلاء المحدودة,40,رواف منى,مركز - 1,1,,,,,
10010031,شركة نبراس الهدي للسفر و السياحة,27,رحلات ومنافع,مركز - 201,201,,,,,
10012300,شركة التطوير المتحدة العقارية,25,رواف منى,مركز - 2,2,,,,,
10012300,شركة التطوير المتحدة العقارية,223,رواف منى,مركز - 4,4,,,,,
10005693,شركة الطلائع الفندقية,9,رواف منى,مركز - 1,1,,,,,
10012097,شقق كيان و صبا للشقق المخدومة,75,رحلات ومنافع,مركز - 222,222,,,,,
10005693,شركة الطلائع الفندقية,8,رواف منى,مركز - 2,2,,,,,
10012248,شركة الخيمة لتشغيل الفنادق,76,رواف منى,مركز - 1,1,,,,,
10001950,فندق ازكى الصفا,36,رحلات ومنافع,مركز - 203,203,,,,,
10005693,شركة الطلائع الفندقية,582,رواف منى,مركز - 5,5,,,,,
10005693,شركة الطلائع الفندقية,492,رواف منى,مركز - 6,6,,,,,
10012142,شركة المهارات الرائدة للتجارة,226,رواف منى,مركز - 5,5,,,,,
10011146,شقق درر الراشدية المخدومة,2,رحلات ومنافع,مركز - 221,221,,,,,
10009282,شركة العلاء المحدودة,9,رواف منى,مركز - 2,2,,,,,
10011146,شقق درر الراشدية المخدومة,75,رحلات ومنافع,مركز - 223,223,,,,,
10011096,مؤسسة ولاء جميل المطرفي,97,ضيوف البيت,مركز - 9999,9999,,,,,
10010350,شركة اوتاد المتحدة لتشغيل الفنادق,131,رواف منى,مركز - 1,1,,,,,
10011115,شركة الهجرة واحد الفندقية,50,رواف منى,مركز - 2,2,,,,,
10010350,شركة اوتاد المتحدة لتشغيل الفنادق,79,رواف منى,مركز - 2,2,,,,,
10011972,مؤسسة نهى محمدفوزى يمانى,75,ضيوف البيت,مركز - 4,4,,,,,
10011146,شقق درر الراشدية المخدومة,3,رحلات ومنافع,مركز - 228,228,,,,,
10012064,أوقاف عايد عبدالرحمن العايد,837,رواف منى,مركز - 10,10,,,,,
10012477,شركة المنظومة الواحدة للمقاولات المعمارية شخص واحد,10,رواف منى,مركز - 1,1,,,,,
10011447,مؤسسة محمد احمد العمودي التجارية,32,ضيوف البيت,مركز - 4,4,,,,,
10011500,مؤسسة ساحة الحجارة الفندقية,146,ضيوف البيت,مركز - 4,4,,,,,
10012377,مؤسسة رشاد محمد عبدالرحمن نقيب التجارية,231,ضيوف البيت,مركز - 4,4,,,,,
10011618,مؤسسة دال للتجارة,40,ضيوف البيت,مركز - 4,4,,,,,
10007694,شركة وينر إن,27,رحلات ومنافع,مركز - 203,203,,,,,
10007026,شركة نبراس الهدي للسفر و السياحة شخص واحد,5,رحلات ومنافع,مركز - 202,202,,,,,
10011672,شركة نور السلام المتحدة التجارية,31,رحلات ومنافع,مركز - 227,227,,,,,
10011356,مكتب قوافل النسيم للخدمات العامة,200,ضيوف البيت,مركز - 9991,9991,,,,,
10011331,فندق كرة المشاعر الفندقية,93,ضيوف البيت,مركز - 4,4,,,,,
10006224,فندق قصر السحاب الفندقية,74,ضيوف البيت,مركز - 4,4,,,,,
10012668,شركة وليد المشاعر,124,رحلات ومنافع,مركز - 230,230,,,,,
10006834,فندق سنت العزيزية الفندقية,344,ضيوف البيت,مركز - 4,4,,,,,
10008879,شقق ديوان النزهة للشقق المخدومة,75,ضيوف البيت,مركز - 4,4,,,,,
10007089,شركة واحد عشرون الفندقية,49,ضيوف البيت,مركز - 4,4,,,,,
10007337,شركة نيو ليفيل المحدودة,138,ضيوف البيت,مركز - 4,4,,,,,
10012872,شركة نسمات الضيافه للاستثمار شركة شخص واحد,315,رحلات ومنافع,مركز - 207,207,,,,,
10007026,شركة نبراس الهدي للسفر و السياحة شخص واحد,2792,رحلات ومنافع,مركز - 201,201,,,,,
10012872,شركة نسمات الضيافه للاستثمار شركة شخص واحد,1,رحلات ومنافع,مركز - 206,206,,,,,
10010871,شركة منازل العين كوما التجارية  قابضة,32,رحلات ومنافع,مركز - 221,221,,,,,
10007345,شركة فندق لؤلؤة الريان الفندقية شخص واحد,69,رحلات ومنافع,مركز - 222,222,,,,,
10009255,شركة منازل الطلائع للشقق المخدومة,236,رحلات ومنافع,مركز - 203,203,,,,,
10008741,شركة صدف الخير للخدمات الفندقيه,63,رحلات ومنافع,مركز - 224,224,,,,,
10007774,شركة أبراج ساره للاستثمار العقاري فندق مكةسويس اوتيل,305,رحلات ومنافع,مركز - 203,203,,,,,
10010871,شركة منازل العين كوما التجارية  قابضة,100,رحلات ومنافع,مركز - 230,230,,,,,
10009906,شركة مكان الماس لتشغيل الفنادق,68,رحلات ومنافع,مركز - 203,203,,,,,
10006407,شركة فندق لؤلؤة نوران للايواء السياحي,480,رحلات ومنافع,مركز - 206,206,,,,,
10011933,شركة مخيم رفادة المحدودة شركة شخص واحد,32,رحلات ومنافع,مركز - 223,223,,,,,
10006944,شركة فندق لؤلؤة البدائع الفندقية,4,رحلات ومنافع,مركز - 203,203,,,,,
10008741,شركة صدف الخير للخدمات الفندقيه,10,رحلات ومنافع,مركز - 228,228,,,,,
10000983,شركة فندق ابراج شركة مكه الفندقية شركة شخص واحد,7,رحلات ومنافع,مركز - 230,230,,,,,
10006826,شركة فندق سدرة نوران للايواء السياحي,17,رحلات ومنافع,مركز - 206,206,,,,,
10011717,شركة ضيافة الوسام الماسي,149,رحلات ومنافع,مركز - 221,221,,,,,
10011982,شركة ضيافة المروج,256,رحلات ومنافع,مركز - 225,225,,,,,
10011982,شركة ضيافة المروج,58,رحلات ومنافع,مركز - 221,221,,,,,
10008741,شركة صدف الخير للخدمات الفندقيه,61,رحلات ومنافع,مركز - 223,223,,,,,
10010060,شركة سبل الذهبية الفندقية شخص واحد,30,رحلات ومنافع,مركز - 223,223,,,,,
10009788,شركة شيراتون مكة شركة شخص واحد,14,رحلات ومنافع,مركز - 221,221,,,,,
10007774,شركة أبراج ساره للاستثمار العقاري فندق مكةسويس اوتيل,3,رحلات ومنافع,مركز - 230,230,,,,,
10008741,شركة صدف الخير للخدمات الفندقيه,45,رحلات ومنافع,مركز - 227,227,,,,,
10006665,شركة سنود اجياد للخدمات الفندقيه شركة شخص واحد,68,رحلات ومنافع,مركز - 203,203,,,,,
10010060,شركة سبل الذهبية الفندقية شخص واحد,65,رحلات ومنافع,مركز - 224,224,,,,,
10012382,شركة سراج الاسلام سرفيس المحدودة,189,رحلات ومنافع,مركز - 230,230,,,,,
10010060,شركة سبل الذهبية الفندقية شخص واحد,91,رحلات ومنافع,مركز - 226,226,,,,,
10001395,شركة بتول اجياد الفندقية,16,رحلات ومنافع,مركز - 203,203,,,,,
10007018,شركة تارا,63,رحلات ومنافع,مركز - 224,224,,,,,
10008550,شركة رمادا زاد التيسير الفندقية,352,رحلات ومنافع,مركز - 202,202,,,,,
10007018,شركة تارا,74,رحلات ومنافع,مركز - 226,226,,,,,
10001330,شركة برج هاجر العقارية المحدودة,46,رحلات ومنافع,مركز - 230,230,,,,,
10001330,شركة برج هاجر العقارية المحدودة,2,رحلات ومنافع,مركز - 231,231,,,,,
10002536,شركة اجياد للخدمات الفندقية,37,رحلات ومنافع,مركز - 203,203,,,,,
10007336,شركة البرج العالمية لادارة الفنادق فندق ساعة مكة فيرمونت,2,رحلات ومنافع,مركز - 204,204,,,,,
10006755,شركة اصيل الهيبة لتشغيل الفنادق,40,رحلات ومنافع,مركز - 203,203,,,,,
10009282,شركة العلاء المحدودة,19,رحلات ومنافع,مركز - 226,226,,,,,
10008094,فندق الديوان اجياد للخدمات الفندقيه شخص واحد,1,رفاد,مركز - 73,73,,,,,
10007483,فندق لؤلؤة الصفاء للخدمات الفندقيه,840,رفاد,مركز - 73,73,,,,,
10012641,شركة احسان الضيافة المحدودة,6,رحلات ومنافع,مركز - 230,230,,,,,
10006755,شركة اصيل الهيبة لتشغيل الفنادق,33,رحلات ومنافع,مركز - 204,204,,,,,
10007336,شركة البرج العالمية لادارة الفنادق فندق ساعة مكة فيرمونت,27,رحلات ومنافع,مركز - 203,203,,,,,
10009277,شركة الأصول الماسية للضيافة السياحي,116,رحلات ومنافع,مركز - 203,203,,,,,
10007961,شركة التطوير الحضري للاعمال شركة شخص واحد,66,رحلات ومنافع,مركز - 226,226,,,,,
10009282,شركة العلاء المحدودة,1,رحلات ومنافع,مركز - 227,227,,,,,
10006884,شركة الرابح بلا حدود للخدمات الفندقيه,1122,رحلات ومنافع,مركز - 210,210,,,,,
10006884,شركة الرابح بلا حدود للخدمات الفندقيه,2086,رحلات ومنافع,مركز - 209,209,,,,,
10011643,شركة الشهباء الماسية,89,رحلات ومنافع,مركز - 230,230,,,,,
10005693,شركة الطلائع الفندقية,582,رحلات ومنافع,مركز - 201,201,,,,,
10005693,شركة الطلائع الفندقية,362,رحلات ومنافع,مركز - 202,202,,,,,
10012447,شركة الفرسان الذهبيه لتشغيل الفنادق,101,رحلات ومنافع,مركز - 207,207,,,,,
10007784,فندق واحة المسك,764,رفاد,مركز - 70,70,,,,,
10009282,شركة العلاء المحدودة,40,رحلات ومنافع,مركز - 221,221,,,,,
10002441,فندق مسارات الفضي الفندقية,66,رفاد,مركز - 81,81,,,,,
10012447,شركة الفرسان الذهبيه لتشغيل الفنادق,278,رحلات ومنافع,مركز - 206,206,,,,,
10009282,شركة العلاء المحدودة,31,رحلات ومنافع,مركز - 228,228,,,,,
10012927,مؤسسة كيان الامجاد,89,رفاد,مركز - 81,81,,,,,
10012835,شركة إسراء مون غلوبال,273,رحلات ومنافع,مركز - 230,230,,,,,
10007784,فندق واحة المسك,2,رفاد,مركز - 77,77,,,,,
10006857,فندق مسك ام القري,10,رفاد,مركز - 79,79,,,,,
10010757,مؤسسة الرسالة اجياد,649,رفاد,مركز - 75,75,,,,,
10006268,فندق هبة المهاجرين الفندقية,89,رفاد,مركز - 81,81,,,,,
10011946,مؤسسة سهم لتنظيم الرحلات,35,مشارق الماسية,مركز - 610,610,,,,,
10006857,فندق مسك ام القري,249,رفاد,مركز - 74,74,,,,,
10006857,فندق مسك ام القري,1300,رفاد,مركز - 73,73,,,,,
10006857,فندق مسك ام القري,6,رفاد,مركز - 77,77,,,,,
10007669,فندق كرمك الفندقية,297,رفاد,مركز - 71,71,,,,,
10007463,فندق ميلا اثنين الفندقية,276,رفاد,مركز - 81,81,,,,,
10010928,فندق قصر الرائد الفندقية,97,رفاد,مركز - 81,81,,,,,
10010205,فندق سلسبيل حموده الفندقية,343,رفاد,مركز - 78,78,,,,,
10008094,فندق الديوان اجياد للخدمات الفندقيه شخص واحد,2051,رفاد,مركز - 71,71,,,,,
10007162,فندق كرمك اثنين الفندقية,207,رفاد,مركز - 75,75,,,,,
10007979,فندق قصر اجياد السد الفندقية,410,رفاد,مركز - 71,71,,,,,
10008863,فندق ندى الهجرة للضيافة السياحي,79,رفاد,مركز - 81,81,,,,,
10006857,فندق مسك ام القري,22,رفاد,مركز - 70,70,,,,,
10006914,فندق ميرة الشعب الفندقية,11,رفاد,مركز - 80,80,,,,,
10002278,فندق محمد سيف حسن اليماني الفندقية,729,رفاد,مركز - 80,80,,,,,
10009370,فندق ميرة النفق للضيافة السياحي,221,رفاد,مركز - 78,78,,,,,
10006914,فندق ميرة الشعب الفندقية,364,رفاد,مركز - 75,75,,,,,
10007149,فندق كرمك واحد الفندقية,207,رفاد,مركز - 75,75,,,,,
10006922,فندق ماسة الريان للايواء السياحي,342,رفاد,مركز - 81,81,,,,,
10007143,فندق مناسك الهجرة الفندقية,187,رفاد,مركز - 81,81,,,,,
10007065,فندق سلسبيل ثلاثة الفندقية,2,رفاد,مركز - 80,80,,,,,
10006971,فندق السد ميرة الفندقية,4,رفاد,مركز - 76,76,,,,,
10007293,فندق المروة ريحان فرع شركة جوار لإدارة وتسويق وتطوير العقار,96,رفاد,مركز - 79,79,,,,,
10007065,فندق سلسبيل ثلاثة الفندقية,245,رفاد,مركز - 78,78,,,,,
10008094,فندق الديوان اجياد للخدمات الفندقيه شخص واحد,136,رفاد,مركز - 79,79,,,,,
10006614,فندق الميقات اجياد للايواء السياحي,1,رفاد,مركز - 78,78,,,,,
10007681,فندق أبراج الصفوة الفندقية,39,رفاد,مركز - 79,79,,,,,
10006614,فندق الميقات اجياد للايواء السياحي,705,رفاد,مركز - 80,80,,,,,
10006971,فندق السد ميرة الفندقية,1,رفاد,مركز - 74,74,,,,,
10007068,فندق الرفاع السد,811,رفاد,مركز - 78,78,,,,,
10006812,فندق الزيادي اجياد,1,رفاد,مركز - 71,71,,,,,
10006971,فندق السد ميرة الفندقية,179,رفاد,مركز - 75,75,,,,,
10006812,فندق الزيادي اجياد,303,رفاد,مركز - 80,80,,,,,
10007068,فندق الرفاع السد,20,رفاد,مركز - 80,80,,,,,
10006812,فندق الزيادي اجياد,252,رفاد,مركز - 78,78,,,,,
10010921,فندق وردة الصلاح للايواء السياحي,97,مشارق الماسية,مركز - 612,612,,,,,
10011350,مؤسسة عبدالله حسين الخلاقي,164,مشارق الماسية,مركز - 80,80,,,,,
10011966,مؤسسة ليمة الماسي,19,مشارق الماسية,مركز - 805,805,,,,,
10011946,مؤسسة سهم لتنظيم الرحلات,93,مشارق الماسية,مركز - 618,618,,,,,
10011355,فندق مبارك بن عبدالله بن سالم البركاتي الفندقية,112,مشارق الماسية,مركز - 601,601,,,,,
10011392,مؤسسة مبادرة للتشغيل والصيانة,493,مشارق الماسية,مركز - 614,614,,,,,
10011483,مؤسسة عبير الماسة لتشغيل الفنادق,582,مشارق الماسية,مركز - 801,801,,,,,
10002573,مؤسسة فندق نوارة شمس الفندقية,75,مشارق الماسية,مركز - 805,805,,,,,
10011788,مؤسسة كولد برو التجارية,360,مشارق الماسية,مركز - 612,612,,,,,
10011464,مؤسسة متروك مسفر العتيبي التجاريه,110,مشارق الماسية,مركز - 805,805,,,,,
10011363,مؤسسة علي بن حامد العصيمي,254,مشارق الماسية,مركز - 80,80,,,,,
10011483,مؤسسة عبير الماسة لتشغيل الفنادق,1,مشارق الماسية,مركز - 800,800,,,,,
10011945,مؤسسة عبدالملك محمد عيسى التكروني للخدمات الطلابية,45,مشارق الماسية,مركز - 608,608,,,,,
10011945,مؤسسة عبدالملك محمد عيسى التكروني للخدمات الطلابية,481,مشارق الماسية,مركز - 616,616,,,,,
10011869,مؤسسة عابد عيضه الحارثي للخدمات العامة,321,مشارق الماسية,مركز - 617,617,,,,,
10011923,مؤسسة عبدالكريم سعيد الزهراني,149,مشارق الماسية,مركز - 616,616,,,,,
10011483,مؤسسة عبير الماسة لتشغيل الفنادق,252,مشارق الماسية,مركز - 802,802,,,,,
10011946,مؤسسة سهم لتنظيم الرحلات,75,مشارق الماسية,مركز - 612,612,,,,,
10011923,مؤسسة عبدالكريم سعيد الزهراني,1,مشارق الماسية,مركز - 602,602,,,,,
10011426,مؤسسة عالم الاجهزة والتجهيز,530,مشارق الماسية,مركز - 80,80,,,,,
10011923,مؤسسة عبدالكريم سعيد الزهراني,43,مشارق الماسية,مركز - 608,608,,,,,
10011544,مؤسسة عبدالاله ضيف  الله الصبحى,284,مشارق الماسية,مركز - 621,621,,,,,
10012324,مؤسسة صالح سعيد علي الغامدي لمواد البناء,395,مشارق الماسية,مركز - 610,610,,,,,
10011946,مؤسسة سهم لتنظيم الرحلات,15,مشارق الماسية,مركز - 609,609,,,,,
10012324,مؤسسة صالح سعيد علي الغامدي لمواد البناء,38,مشارق الماسية,مركز - 613,613,,,,,
10012019,مؤسسة صفا الماسية للشقق الفندقية,88,مشارق الماسية,مركز - 701,701,,,,,
10012324,مؤسسة صالح سعيد علي الغامدي لمواد البناء,122,مشارق الماسية,مركز - 607,607,,,,,
10011946,مؤسسة سهم لتنظيم الرحلات,9,مشارق الماسية,مركز - 608,608,,,,,
10011426,مؤسسة عالم الاجهزة والتجهيز,103,مشارق الماسية,مركز - 79,79,,,,,
10011946,مؤسسة سهم لتنظيم الرحلات,54,مشارق الماسية,مركز - 621,621,,,,,
10007102,فندق وردة الوفا الفندقية,58,مشارق الماسية,مركز - 701,701,,,,,
10012141,مؤسسة بحار الشرق للخدمات اللوجستية,150,مشارق الماسية,مركز - 622,622,,,,,
10011553,مؤسسة سما ميسان للمقاولات العامة,261,مشارق الماسية,مركز - 79,79,,,,,
10011995,مؤسسة أبزار التجارية,291,مشارق الماسية,مركز - 608,608,,,,,
10011946,مؤسسة سهم لتنظيم الرحلات,5,مشارق الماسية,مركز - 607,607,,,,,
10011981,مؤسسة سعيد بن حسن الزهراني,152,مشارق الماسية,مركز - 80,80,,,,,
10011213,مؤسسة سالم بن غازي ابوتاكي,41,مشارق الماسية,مركز - 113,113,,,,,
10001021,فندق مكارم اجياد مكة,12,رحلات ومنافع,مركز - 204,204,,,,,
10012517,فندق السنابل المباركة للشقق الفندقية,161,رواف منى,مركز - 4,4,,,,,
10006726,فندق ايلاف اجياد فرع شركة ايلاف للفنادق,64,رواف منى,مركز - 1,1,,,,,
10006602,فندق سرايا الضيافة الفندقية,1526,رواف منى,مركز - 5,5,,,,,
10006726,فندق ايلاف اجياد فرع شركة ايلاف للفنادق,193,رواف منى,مركز - 2,2,,,,,
10008588,فندق زوار البيت,3,رواف منى,مركز - 2,2,,,,,
10008588,فندق زوار البيت,13,رواف منى,مركز - 1,1,,,,,
10007293,فندق المروة ريحان فرع شركة جوار لإدارة وتسويق وتطوير العقار,74,رواف منى,مركز - 1,1,,,,,
10010952,فندق الموحدين الماسية الفندقية,104,رواف منى,مركز - 1,1,,,,,
10010952,فندق الموحدين الماسية الفندقية,91,رواف منى,مركز - 2,2,,,,,
10000557,فندق أبراج المريديان فرع الشركةالمتحدةللإستثماروالتطويرالعقاري المتحد,103,رواف منى,مركز - 1,1,,,,,
10007171,فندق ايلاف كنده فرع شركة ايلاف للفنادق المحدوده,2,رواف منى,مركز - 2,2,,,,,
10002406,فندق العليان الذهبي الفندقية,911,رواف منى,مركز - 2,2,,,,,
10012475,شركة عبدالله عطيه عزيز الزهراني للخدمات العامة,36,طيران ناس,مركز - 114,114,,,,,
10011933,شركة مخيم رفادة المحدودة شركة شخص واحد,115,طيران ناس,مركز - 114,114,,,,,
10012475,شركة عبدالله عطيه عزيز الزهراني للخدمات العامة,70,طيران ناس,مركز - 107,107,,,,,
10009335,شركة تارا الذهبي,3,طيران ناس,مركز - 107,107,,,,,
10006799,فندق التاج الراقى الفندقية,10,طيران ناس,مركز - 114,114,,,,,
10010661,شركة يونيك ستار,10,طيران ناس,مركز - 114,114,,,,,
10006799,فندق التاج الراقى الفندقية,1,طيران ناس,مركز - 107,107,,,,,
10009335,شركة تارا الذهبي,49,طيران ناس,مركز - 114,114,,,,,
10009177,فندق الرافدين اجياد الفندقية,9,طيران ناس,مركز - 114,114,,,,,
10009906,شركة مكان الماس لتشغيل الفنادق,15,طيران ناس,مركز - 107,107,,,,,
10010274,فندق نجمة الخليج العربي,1,طيران ناس,مركز - 107,107,,,,,
10007631,فندق منازل الفضيلة الفندقية,43,طيران ناس,مركز - 114,114,,,,,
10010274,فندق نجمة الخليج العربي,23,طيران ناس,مركز - 114,114,,,,,
10007554,فندق مسار العز الفندقية,33,طيران ناس,مركز - 114,114,,,,,
10008679,فندق منارة الايمان للايواء السياحي,16,طيران ناس,مركز - 114,114,,,,,
10007563,فندق عدنان معتوق بن صليح العميري الفندقية,32,طيران ناس,مركز - 114,114,,,,,
10011488,مؤسسة عبدالكريم عبيد ثابت الثبيتي التجارية,32,طيران ناس,مركز - 107,107,,,,,
10009320,فندق مواسم البلد للضيافة السياحي,585,مشارق الذهبية,مركز - 2,2,,,,,
10010724,شركة بيسان الذهبي الفندقية,18,طيران ناس,مركز - 107,107,,,,,
10010993,مؤسسة لؤلؤة التوفيق لتشغيل الفنادق,907,مشارق الذهبية,مركز - 8,8,,,,,
10012736,مؤسسة افواج البيت لخدمات المعتمرين,15,طيران ناس,مركز - 114,114,,,,,
10012015,نزل رباط المبرة للنزل السياحيه,2,طيران ناس,مركز - 107,107,,,,,
10012363,نزل عبدالستار بن شمس  الدين منشى شقدار للنزل السياحيه,31,طيران ناس,مركز - 107,107,,,,,
10011200,نزل سعد بن مسعد اللحياني,68,طيران ناس,مركز - 114,114,,,,,
10012363,نزل عبدالستار بن شمس  الدين منشى شقدار للنزل السياحيه,419,طيران ناس,مركز - 114,114,,,,,
10012015,نزل رباط المبرة للنزل السياحيه,22,طيران ناس,مركز - 114,114,,,,,
10012670,مؤسسة قمة الاتقان الذكية,37,طيران ناس,مركز - 107,107,,,,,
10007336,شركة البرج العالمية لادارة الفنادق فندق ساعة مكة فيرمونت,107,ضيوف البيت,مركز - 4,4,,,,,
10006701,شركة الدانه الماسية الفندقية شركة شخص واحد,83,ضيوف البيت,مركز - 4,4,,,,,
10007774,شركة أبراج ساره للاستثمار العقاري فندق مكةسويس اوتيل,122,ضيوف البيت,مركز - 4,4,,,,,
10009896,مؤسسة ورد التنموية الفندقية,17,طيران ناس,مركز - 107,107,,,,,
10001330,شركة برج هاجر العقارية المحدودة,33,ضيوف البيت,مركز - 4,4,,,,,
10012801,شركة عبدالله محمد القحطاني,147,ضيوف البيت,مركز - 4,4,,,,,
10000983,شركة فندق ابراج شركة مكه الفندقية شركة شخص واحد,54,ضيوف البيت,مركز - 4,4,,,,,
10012026,شركة مسارات المملكة الدولية المحدودة,80,ضيوف البيت,مركز - 4,4,,,,,
10012215,مؤسسة فندق مسار العز الفندقية,245,طيران ناس,مركز - 114,114,,,,,
10009885,شركة نجمة اسراء الذهبي للخدمات الفندقيه,548,ضيوف البيت,مركز - 4,4,,,,,
10012215,مؤسسة فندق مسار العز الفندقية,21,طيران ناس,مركز - 107,107,,,,,
10002567,فندق سما السماح الفندقية,27,طيران ناس,مركز - 114,114,,,,,
10009407,فندق كيان الدانه الفندقية,295,مشارق الذهبية,مركز - 2,2,,,,,
10012155,مؤسسة هشام عبدالملك بن دهيش الفندقية,712,مشارق الماسية,مركز - 79,79,,,,,
10011488,مؤسسة عبدالكريم عبيد ثابت الثبيتي التجارية,69,طيران ناس,مركز - 114,114,,,,,
10010878,مؤسسة فندق معتوق بن مزند بن سالم القارحي للخدمات الفندقيه,7,مشارق الذهبية,مركز - 6,6,,,,,
10012597,مؤسسة دار سقيفة,243,مشارق الذهبية,مركز - 30,30,,,,,
10008318,فندق الرفاع ريع بخش,143,مشارق الذهبية,مركز - 5,5,,,,,
10007151,شركة نواة النمو المستدام,279,مشارق الذهبية,مركز - 1,1,,,,,
10010653,شركة روابي سلام لتشغيل الفنادق,1028,مشارق الذهبية,مركز - 25,25,,,,,
10012202,نزل سرايا التوحيد,52,مشارق الذهبية,مركز - 10,10,,,,,
10011933,شركة مخيم رفادة المحدودة شركة شخص واحد,128,مشارق الماسية,مركز - 623,623,,,,,
10011933,شركة مخيم رفادة المحدودة شركة شخص واحد,26,مشارق الماسية,مركز - 805,805,,,,,
10011933,شركة مخيم رفادة المحدودة شركة شخص واحد,527,مشارق الماسية,مركز - 621,621,,,,,
10009906,شركة مكان الماس لتشغيل الفنادق,38,مشارق الماسية,مركز - 624,624,,,,,
10011842,شركة مكان التميز المحدودة,9,مشارق الماسية,مركز - 802,802,,,,,
10011777,شركة منازل الشروق للخدمات الفندقيه,517,مشارق الماسية,مركز - 808,808,,,,,
10006698,شركة ميسان المشاعر الفندقية,109,مشارق الماسية,مركز - 615,615,,,,,
10010871,شركة منازل العين كوما التجارية  قابضة,141,مشارق الماسية,مركز - 701,701,,,,,
10011651,شركة مزايا روفان,153,مشارق الماسية,مركز - 701,701,,,,,
10011672,شركة نور السلام المتحدة التجارية,5,مشارق الماسية,مركز - 81,81,,,,,
10011089,شركة نماء العصرية للفنادق,388,مشارق الماسية,مركز - 802,802,,,,,
10011456,شركة نخبة الأسس المتميزة,18,مشارق الماسية,مركز - 700,700,,,,,
10008142,شقق الوفادة الراقية للشقق المخدومة,31,مشارق الماسية,مركز - 613,613,,,,,
10012688,شركة السيوف الحجازية المحدودة,593,مشارق الذهبية,مركز - 4,4,,,,,
10007171,فندق ايلاف كنده فرع شركة ايلاف للفنادق المحدوده,32,رواف منى,مركز - 1,1,,,,,
10007681,فندق أبراج الصفوة الفندقية,73,رواف منى,مركز - 1,1,,,,,
10008142,شقق الوفادة الراقية للشقق المخدومة,10,مشارق الماسية,مركز - 618,618,,,,,
10011456,شركة نخبة الأسس المتميزة,74,مشارق الماسية,مركز - 702,702,,,,,
10006728,شقق ديار المشاعر للشقق المخدومة,143,مشارق الماسية,مركز - 604,604,,,,,
10006728,شقق ديار المشاعر للشقق المخدومة,63,مشارق الماسية,مركز - 620,620,,,,,
10007681,فندق أبراج الصفوة الفندقية,2,رواف منى,مركز - 2,2,,,,,
10001750,فندق أمجاد الضيافة الفندقية,1587,رواف منى,مركز - 6,6,,,,,
10009899,شركة منارات جرول الفندقية شركة شخص واحد,247,مشارق الماسية,مركز - 701,701,,,,,
10010031,شركة نبراس الهدي للسفر و السياحة,671,مشارق الماسية,مركز - 804,804,,,,,
10012031,شقق قطرات الندى للشقق المخدومة,721,مشارق الماسية,مركز - 617,617,,,,,
10009171,فندق أثير المشاعر للضيافة السياحي,1000,رواف منى,مركز - 1,1,,,,,
10001950,فندق ازكى الصفا,13,مشارق الماسية,مركز - 612,612,,,,,
10006671,فندق اريج الذهبي الفندقية,183,مشارق الماسية,مركز - 805,805,,,,,
10006671,فندق اريج الذهبي الفندقية,132,مشارق الماسية,مركز - 806,806,,,,,
10010845,فندق اعمار الخير الماسي للضيافة السياحي,66,مشارق الماسية,مركز - 802,802,,,,,
10002062,فندق الاخوة تبارك الفندقية,3,مشارق الماسية,مركز - 702,702,,,,,
10007543,فندق اكابر الهجرة الفندقية,100,مشارق الماسية,مركز - 623,623,,,,,
10009563,فرع شركة اكسبرس للحج والعمرة,265,مشارق الماسية,مركز - 701,701,,,,,
10011557,فندق اعمار الصفا المميز,304,مشارق الماسية,مركز - 701,701,,,,,
10006799,فندق التاج الراقى الفندقية,322,مشارق الماسية,مركز - 805,805,,,,,
10011975,فندق البدر والفجر الفندقية,192,مشارق الماسية,مركز - 613,613,,,,,
10002124,فندق الإباء الفندقية,29,مشارق الماسية,مركز - 701,701,,,,,
10011400,فندق الجاد الششة الفندقية,24,مشارق الماسية,مركز - 618,618,,,,,
10012370,شقق نوره محمد صالح حامد العوفي للشقق المخدومة,240,مشارق الماسية,مركز - 622,622,,,,,
10001248,فندق الجاد المحبس الفندقية وقف الشيخ امين عمر جاد يرحمه الله,1313,مشارق الماسية,76,76,,,,,
10011400,فندق الجاد الششة الفندقية,221,مشارق الماسية,مركز - 602,602,,,,,
10002062,فندق الاخوة تبارك الفندقية,224,مشارق الماسية,مركز - 701,701,,,,,
10009263,فندق السنابل الذهبية للخدمات الفندقيه,22,مشارق الماسية,مركز - 621,621,,,,,
10009263,فندق السنابل الذهبية للخدمات الفندقيه,23,مشارق الماسية,مركز - 612,612,,,,,
10009263,فندق السنابل الذهبية للخدمات الفندقيه,159,مشارق الماسية,مركز - 618,618,,,,,
10009263,فندق السنابل الذهبية للخدمات الفندقيه,21,مشارق الماسية,مركز - 608,608,,,,,
10002386,فندق بارك إن راديسون العزيزية الفندقية,1,مشارق الماسية,مركز - 702,702,,,,,
10002386,فندق بارك إن راديسون العزيزية الفندقية,68,مشارق الماسية,مركز - 701,701,,,,,
10009263,فندق السنابل الذهبية للخدمات الفندقيه,74,مشارق الماسية,مركز - 616,616,,,,,
10002405,فندق العليان الحرم الفندقية,180,مشارق الماسية,مركز - 623,623,,,,,
10006661,فندق أنوار أصيل الفندقية,2315,مشارق الماسية,78,78,,,,,
10006661,فندق أنوار أصيل الفندقية,290,مشارق الماسية,77,77,,,,,
10006661,فندق أنوار أصيل الفندقية,419,مشارق الماسية,76,76,,,,,
10006915,فندق أمجاد الجزيرة فرع شركة أمجاد الجزيرة للإستثمار العقاري,100,مشارق الماسية,مركز - 623,623,,,,,
10009177,فندق الرافدين اجياد الفندقية,41,مشارق الماسية,مركز - 619,619,,,,,
10012370,شقق نوره محمد صالح حامد العوفي للشقق المخدومة,2,مشارق الماسية,مركز - 611,611,,,,,
10008910,فندق أيمن الهجرة الفندقية,160,مشارق الماسية,مركز - 805,805,,,,,
10000557,فندق أبراج المريديان فرع الشركةالمتحدةللإستثماروالتطويرالعقاري المتحد,11,مشارق الماسية,مركز - 622,622,,,,,
10012749,فندق أروقة الصفوة,90,مشارق الماسية,مركز - 624,624,,,,,
10002505,فندق أريج الوفاء الفندقية,29,مشارق الماسية,مركز - 806,806,,,,,
10000557,فندق أبراج المريديان فرع الشركةالمتحدةللإستثماروالتطويرالعقاري المتحد,10,مشارق الماسية,مركز - 614,614,,,,,
10007681,فندق أبراج الصفوة الفندقية,26,مشارق الماسية,مركز - 615,615,,,,,
10007681,فندق أبراج الصفوة الفندقية,4,مشارق الماسية,مركز - 618,618,,,,,
10002505,فندق أريج الوفاء الفندقية,312,مشارق الماسية,مركز - 805,805,,,,,
10000557,فندق أبراج المريديان فرع الشركةالمتحدةللإستثماروالتطويرالعقاري المتحد,81,مشارق الماسية,مركز - 615,615,,,,,
10007171,فندق ايلاف كنده فرع شركة ايلاف للفنادق المحدوده,22,مشارق الماسية,مركز - 113,113,,,,,
10006936,فندق إيلاف بكة فرع شركةإيلاف للفنادق المحدودة,7,مشارق الماسية,78,78,,,,,
10006936,فندق إيلاف بكة فرع شركةإيلاف للفنادق المحدودة,2509,مشارق الماسية,77,77,,,,,
10007001,فندق ايلاف البيت للضيافة السياحي,2,مشارق الماسية,مركز - 622,622,,,,,
10002212,فندق أزكى المقام الفندقية,121,مشارق الماسية,مركز - 615,615,,,,,
10007001,فندق ايلاف البيت للضيافة السياحي,95,مشارق الماسية,مركز - 618,618,,,,,
10007001,فندق ايلاف البيت للضيافة السياحي,42,مشارق الماسية,مركز - 604,604,,,,,
10006936,فندق إيلاف بكة فرع شركةإيلاف للفنادق المحدودة,1127,مشارق الماسية,76,76,,,,,
10009355,فندق زوار البركة,186,مشارق الماسية,مركز - 79,79,,,,,
10008673,فندق المربع السابع للايواء السياحي,309,مشارق الماسية,مركز - 615,615,,,,,
10008673,فندق المربع السابع للايواء السياحي,2,مشارق الماسية,مركز - 616,616,,,,,
10009355,فندق زوار البركة,54,مشارق الماسية,مركز - 80,80,,,,,
10004431,فندق سرايا السلاطين الفندقية,7,مشارق الماسية,مركز - 801,801,,,,,
10008976,فندق سدانة البركة الفندقية,150,مشارق الماسية,مركز - 802,802,,,,,
10008673,فندق المربع السابع للايواء السياحي,5,مشارق الماسية,مركز - 619,619,,,,,
10008976,فندق سدانة البركة الفندقية,2,مشارق الماسية,مركز - 801,801,,,,,
10006834,فندق سنت العزيزية الفندقية,80,مشارق الماسية,مركز - 614,614,,,,,
10010205,فندق سلسبيل حموده الفندقية,43,مشارق الماسية,مركز - 701,701,,,,,
10001876,فندق سلسبيل حموده اثنين الفندقية,374,مشارق الماسية,مركز - 79,79,,,,,
10007467,فندق سواعد الخير الفندقية,145,مشارق الماسية,مركز - 623,623,,,,,
10007293,فندق المروة ريحان فرع شركة جوار لإدارة وتسويق وتطوير العقار,53,مشارق الماسية,مركز - 113,113,,,,,
10006643,فندق سويس الخليل الفندقية,50,مشارق الماسية,مركز - 624,624,,,,,
10004431,فندق سرايا السلاطين الفندقية,176,مشارق الماسية,مركز - 802,802,,,,,
10009692,فندق أعالي الحجاز الفندقية,203,مشارق الماسية,مركز - 620,620,,,,,
10007471,فندق منارة الشريعة الفندقية,4,مشارق الماسية,مركز - 805,805,,,,,
10011398,فندق عبدالله محمد باقبص الفندقية,123,مشارق الماسية,مركز - 701,701,,,,,
10011398,فندق عبدالله محمد باقبص الفندقية,38,مشارق الماسية,مركز - 805,805,,,,,
10007471,فندق منارة الشريعة الفندقية,227,مشارق الماسية,مركز - 806,806,,,,,
10007321,فندق مآثر الجوار الفندقية,260,مشارق الماسية,مركز - 623,623,,,,,
10011674,فندق منازل الرافدين الماسي,393,مشارق الماسية,مركز - 616,616,,,,,
10009449,فندق شاكر الغزة الفندقية,171,مشارق الماسية,مركز - 79,79,,,,,
10011258,فندق منازل العز الفندقية,547,مشارق الماسية,مركز - 80,80,,,,,
10009254,فندق ميره أجياد الفندقية,92,مشارق الماسية,مركز - 618,618,,,,,
10009254,فندق ميره أجياد الفندقية,100,مشارق الماسية,مركز - 619,619,,,,,
10012124,فندق مناسك البيت الهُدى,986,مشارق الماسية,مركز - 606,606,,,,,
10009023,فندق نادر المحبة الفندقية,267,مشارق الماسية,مركز - 802,802,,,,,
10010141,فندق سيف بلص الفندقية,153,مشارق الماسية,مركز - 619,619,,,,,
10007382,فندق نزل المختارة الفندقية,250,مشارق الماسية,مركز - 81,81,,,,,
10009023,فندق نادر المحبة الفندقية,37,مشارق الماسية,مركز - 801,801,,,,,
10012124,فندق مناسك البيت الهُدى,511,مشارق الماسية,مركز - 605,605,,,,,
10008083,فندق لؤلؤة النوير الفندقية,64,مشارق الماسية,مركز - 805,805,,,,,
10006906,فندق منار الخير الفندقية,294,مشارق الماسية,مركز - 805,805,,,,,
10007747,فندق نسيم الحديقة,252,مشارق الماسية,مركز - 622,622,,,,,
10001918,فندق منار الأزهر الفندقية,237,مشارق الماسية,مركز - 701,701,,,,,
10008942,فندق لؤلؤة الشعب الفندقية,432,مشارق الماسية,مركز - 81,81,,,,,
10007908,فندق فارس أجياد للخدمات الفندقيه,87,مشارق الماسية,مركز - 619,619,,,,,
10007747,فندق نسيم الحديقة,116,مشارق الماسية,مركز - 601,601,,,,,
10011076,فندق مكارم روز,100,مشارق الماسية,مركز - 623,623,,,,,
10011355,فندق مبارك بن عبدالله بن سالم البركاتي الفندقية,162,مشارق الماسية,مركز - 622,622,,,,,
10007321,فندق مآثر الجوار الفندقية,50,مشارق الماسية,مركز - 624,624,,,,,
10009179,فندق ليمة التاج الفندقية,17,مشارق الماسية,مركز - 804,804,,,,,
10006643,فندق سويس الخليل الفندقية,80,مشارق الماسية,مركز - 623,623,,,,,
10010298,فندق لؤلؤة الفلاح الفندقية,100,مشارق الماسية,مركز - 623,623,,,,,
10009134,فندق نوارة شمس الفندقية,113,مشارق الماسية,مركز - 805,805,,,,,
10007853,فندق ألماس المغرب العربي للضيافة السياحي,192,مشارق الماسية,مركز - 79,79,,,,,
10001727,فندق مكارم زبيدة الفندقية,153,مشارق الماسية,مركز - 701,701,,,,,
10001021,فندق مكارم اجياد مكة,44,مشارق الماسية,مركز - 620,620,,,,,
10007554,فندق مسار العز الفندقية,352,مشارق الماسية,مركز - 806,806,,,,,
10001727,فندق مكارم زبيدة الفندقية,1,مشارق الماسية,مركز - 702,702,,,,,
10006906,فندق منار الخير الفندقية,105,مشارق الماسية,مركز - 806,806,,,,,
10006879,فندق منار الهدى الفندقية,60,مشارق الماسية,مركز - 805,805,,,,,
10012032,فندق مداد المشاعر للشقق الفندقية,209,مشارق الماسية,مركز - 701,701,,,,,
10010805,فندق ملتقى الأخيار الفندقية,65,مشارق الماسية,مركز - 806,806,,,,,
10012231,مؤسسة الترميم العالمي الذهبي,116,مشارق الماسية,مركز - 610,610,,,,,
10011329,مؤسسة بيوت يل لتشغيل الفنادق,1,مشارق الماسية,مركز - 801,801,,,,,
10012272,مؤسسة الريادة الدائمة للمقاولات,270,مشارق الماسية,مركز - 79,79,,,,,
10011329,مؤسسة بيوت يل لتشغيل الفنادق,351,مشارق الماسية,مركز - 800,800,,,,,
10011165,فندق مدينة الزهراء للضيافة السياحي,257,مشارق الماسية,مركز - 802,802,,,,,
10011538,مؤسسة المقام الراقي الماسي,296,مشارق الماسية,مركز - 621,621,,,,,
10012231,مؤسسة الترميم العالمي الذهبي,40,مشارق الماسية,مركز - 613,613,,,,,
10011531,مؤسسة العرب الحديثه للعقارات,298,مشارق الماسية,مركز - 604,604,,,,,
10008533,مؤسسة ترتيبات للعقارات,307,مشارق الماسية,مركز - 620,620,,,,,
10012258,مؤسسة تلال النسيم,22,مشارق الماسية,مركز - 614,614,,,,,
10011957,مؤسسة الإقامة الماسية,46,مشارق الماسية,مركز - 808,808,,,,,
10012258,مؤسسة تلال النسيم,76,مشارق الماسية,مركز - 616,616,,,,,
10012258,مؤسسة تلال النسيم,60,مشارق الماسية,مركز - 603,603,,,,,
10012258,مؤسسة تلال النسيم,54,مشارق الماسية,مركز - 609,609,,,,,
10012258,مؤسسة تلال النسيم,40,مشارق الماسية,مركز - 613,613,,,,,
10011404,مؤسسة بندر بن محمد الهمزاني,223,مشارق الماسية,مركز - 615,615,,,,,
10011401,مؤسسة حسين بن علي القرشي,202,مشارق الماسية,مركز - 80,80,,,,,
10011957,مؤسسة الإقامة الماسية,258,مشارق الماسية,مركز - 807,807,,,,,
10012881,مؤسسة زاد المشاعر لتشغيل الفنادق,50,مشارق الماسية,مركز - 612,612,,,,,
10002185,مؤسسة الآء المشاعر لحجز وحدات الضيافة,248,مشارق الماسية,مركز - 79,79,,,,,
10011404,مؤسسة بندر بن محمد الهمزاني,6,مشارق الماسية,مركز - 618,618,,,,,
10011959,مؤسسة رداء الفخامه,20,مشارق الماسية,مركز - 603,603,,,,,
10012397,مؤسسة تميز الصفوة للخدمات الفندقيه,176,مشارق الماسية,مركز - 621,621,,,,,
10010098,فندق محمد دخيل الله عبيد الله العرابي الفندقية,100,مشارق الماسية,مركز - 623,623,,,,,
10011385,مؤسسة اضواء السعادة الحديثة,59,مشارق الماسية,مركز - 618,618,,,,,
10011385,مؤسسة اضواء السعادة الحديثة,524,مشارق الماسية,مركز - 621,621,,,,,
10012049,مؤسسة درة المواسم للشقق المخدومة,529,مشارق الماسية,مركز - 808,808,,,,,
10012387,مؤسسة راكان راجح ضيف الله الكبكبي لغسيل الملابس,4,مشارق الماسية,مركز - 615,615,,,,,
10012271,مؤسسة راين القمة للخدمات الفندقيه,658,مشارق الماسية,مركز - 807,807,,,,,
10012387,مؤسسة راكان راجح ضيف الله الكبكبي لغسيل الملابس,298,مشارق الماسية,مركز - 603,603,,,,,
10012387,مؤسسة راكان راجح ضيف الله الكبكبي لغسيل الملابس,43,مشارق الماسية,مركز - 618,618,,,,,
10010617,مؤسسة اتقان المشاعر التجارية,160,مشارق الماسية,مركز - 622,622,,,,,
10010617,مؤسسة اتقان المشاعر التجارية,40,مشارق الماسية,مركز - 614,614,,,,,
10010617,مؤسسة اتقان المشاعر التجارية,133,مشارق الماسية,مركز - 612,612,,,,,
10011959,مؤسسة رداء الفخامه,59,مشارق الماسية,مركز - 615,615,,,,,
10012507,مؤسسة ريان الذهبي العقارية,492,مشارق الماسية,مركز - 806,806,,,,,
10012609,مؤسسة حمود عبدالله الحارثي,11,مشارق الماسية,مركز - 808,808,,,,,
10012283,مؤسسة رنا اسماعيل جوهرجى,3,مشارق الماسية,مركز - 618,618,,,,,
10010617,مؤسسة اتقان المشاعر التجارية,76,مشارق الماسية,مركز - 611,611,,,,,
10012271,مؤسسة راين القمة للخدمات الفندقيه,517,مشارق الماسية,مركز - 808,808,,,,,
10009057,مؤسسة زاد القمه لإدارة مرافق الضيافة السياحية,112,مشارق الماسية,مركز - 618,618,,,,,
10012020,مؤسسة ابراهيم اسماعيل جوهرجى,174,مشارق الماسية,مركز - 621,621,,,,,
10010617,مؤسسة اتقان المشاعر التجارية,38,مشارق الماسية,مركز - 618,618,,,,,
10009057,مؤسسة زاد القمه لإدارة مرافق الضيافة السياحية,66,مشارق الماسية,مركز - 608,608,,,,,
10010617,مؤسسة اتقان المشاعر التجارية,30,مشارق الماسية,مركز - 613,613,,,,,
10012881,مؤسسة زاد المشاعر لتشغيل الفنادق,9,مشارق الماسية,مركز - 621,621,,,,,
10012283,مؤسسة رنا اسماعيل جوهرجى,9,مشارق الماسية,مركز - 602,602,,,,,
10012881,مؤسسة زاد المشاعر لتشغيل الفنادق,19,مشارق الماسية,مركز - 608,608,,,,,
10007157,فندق هبة الهجرة خمسة الفندقية,50,مشارق الماسية,مركز - 805,805,,,,,
10006268,فندق هبة المهاجرين الفندقية,136,مشارق الماسية,مركز - 805,805,,,,,
10011502,مجموعة الضيافة العالمية للإدارة والاستثمار شركة شخص واحد ذات مسؤلية محدودة,272,مشارق الماسية,مركز - 610,610,,,,,
10012420,فندق هدوء الحجاز,153,مشارق الماسية,مركز - 610,610,,,,,
10006804,فندق مرسى الجاريه الفندقية,161,مشارق الماسية,مركز - 618,618,,,,,
10012283,مؤسسة رنا اسماعيل جوهرجى,255,مشارق الماسية,مركز - 605,605,,,,,
10012609,مؤسسة حمود عبدالله الحارثي,50,مشارق الماسية,مركز - 807,807,,,,,
10010617,مؤسسة اتقان المشاعر التجارية,85,مشارق الماسية,مركز - 620,620,,,,,
10012126,مؤسسة الكمال للمقاولات المعمارية,3,مشارق الماسية,مركز - 602,602,,,,,
10011531,مؤسسة العرب الحديثه للعقارات,92,مشارق الماسية,مركز - 613,613,,,,,
10012272,مؤسسة الريادة الدائمة للمقاولات,27,مشارق الماسية,مركز - 80,80,,,,,
10012126,مؤسسة الكمال للمقاولات المعمارية,159,مشارق الماسية,مركز - 618,618,,,,,
10008318,فندق الرفاع ريع بخش,217,مشارق الذهبية,مركز - 6,6,,,,,
10007996,شركة ابراج دانيه الفندقية,200,,,,,,,,
10011645,شركة سما الشعائر لتشغيل الفنادق,4,مشارق المتميزة,مركز - 17,17,,,,,
10010446,شركة فندق الأصالة البكية للضيافة السياحي,719,مشارق المتميزة,مركز - 7,7,,,,,
10009423,شركة محمد بن فالح الجابرى الفندقية,1,مشارق المتميزة,مركز - 17,17,,,,,
10009423,شركة محمد بن فالح الجابرى الفندقية,1397,مشارق المتميزة,مركز - 13,13,,,,,
10007196,شركة متصدر المقام,1624,مشارق المتميزة,مركز - 9,9,,,,,
10011933,شركة مخيم رفادة المحدودة شركة شخص واحد,29,مشارق المتميزة,مركز - 44,44,,,,,
10011933,شركة مخيم رفادة المحدودة شركة شخص واحد,23,مشارق المتميزة,مركز - 31,31,,,,,
10011819,شركة مرجان المشاعر للخدمات الفندقية شخص واحد,1,مشارق المتميزة,مركز - 53,53,,,,,
10011819,شركة مرجان المشاعر للخدمات الفندقية شخص واحد,173,مشارق المتميزة,مركز - 9,9,,,,,
10011819,شركة مرجان المشاعر للخدمات الفندقية شخص واحد,1079,مشارق المتميزة,مركز - 51,51,,,,,
10005865,شركة مقام الحجاز للضيافة السياحي,60,مشارق المتميزة,مركز - 9,9,,,,,
10011933,شركة مخيم رفادة المحدودة شركة شخص واحد,120,مشارق المتميزة,مركز - 1,1,,,,,
10009810,شركة منار البيت الفندقية,382,مشارق المتميزة,مركز - 15,15,,,,,
10009810,شركة منار البيت الفندقية,4,مشارق المتميزة,مركز - 57,57,,,,,
10009810,شركة منار البيت الفندقية,393,مشارق المتميزة,مركز - 12,12,,,,,
10009810,شركة منار البيت الفندقية,7,مشارق المتميزة,مركز - 33,33,,,,,
10009810,شركة منار البيت الفندقية,393,مشارق المتميزة,مركز - 16,16,,,,,
10009423,شركة محمد بن فالح الجابرى الفندقية,192,مشارق المتميزة,مركز - 34,34,,,,,
10009810,شركة منار البيت الفندقية,389,مشارق المتميزة,مركز - 50,50,,,,,
10010089,شركة منازل التقوى الفندقية,428,مشارق المتميزة,مركز - 17,17,,,,,
10005865,شركة مقام الحجاز للضيافة السياحي,444,مشارق المتميزة,مركز - 16,16,,,,,
10009792,شركة ميسان الصفوة الفندقية شخص واحد,49,مشارق المتميزة,مركز - 47,47,,,,,
10009792,شركة ميسان الصفوة الفندقية شخص واحد,123,مشارق المتميزة,مركز - 6,6,,,,,
10009792,شركة ميسان الصفوة الفندقية شخص واحد,51,مشارق المتميزة,مركز - 39,39,,,,,
10010746,شركة ميسان الفضي الفندقية,955,مشارق المتميزة,مركز - 23,23,,,,,
10010746,شركة ميسان الفضي الفندقية,3,مشارق المتميزة,مركز - 13,13,,,,,
10010710,شركة ميسان الماسي الفندقية,1251,مشارق المتميزة,مركز - 11,11,,,,,
10010842,شركة ميسان الزمرد الفندقية,1005,مشارق المتميزة,مركز - 11,11,,,,,
10009259,شركة واحة المسك للخدمات الفندقية,73,مشارق المتميزة,مركز - 15,15,,,,,
10009259,شركة واحة المسك للخدمات الفندقية,1800,مشارق المتميزة,مركز - 53,53,,,,,
10009259,شركة واحة المسك للخدمات الفندقية,1334,مشارق المتميزة,مركز - 50,50,,,,,
10012558,شركة ودام للخدمات الفندقية,88,مشارق المتميزة,مركز - 31,31,,,,,
10009423,شركة محمد بن فالح الجابرى الفندقية,1008,مشارق المتميزة,مركز - 48,48,,,,,
10010089,شركة منازل التقوى الفندقية,4,مشارق المتميزة,مركز - 15,15,,,,,
10011645,شركة سما الشعائر لتشغيل الفنادق,4,مشارق المتميزة,مركز - 53,53,,,,,
10009259,شركة واحة المسك للخدمات الفندقية,40,مشارق المتميزة,مركز - 16,16,,,,,
10010224,شركة يسير الأولى للتأجير شخص واحد قابضة,711,مشارق المتميزة,مركز - 9,9,,,,,
10011672,شركة نور السلام المتحدة التجارية,48,مشارق المتميزة,مركز - 4,4,,,,,
10012684,مؤسسة تأسيس فن الأعمار العقارية,53,هوليدي ان بكة,مركز - 113,113,,,,,
10012059,نزل مزن العزيزية,96,هوليدي ان بكة,مركز - 1,1,,,,,
10008063,فندق اعمار التقوى الفندقيه,1027,مشارق المتميزة,مركز - 24,24,,,,,
10008063,فندق اعمار التقوى الفندقيه,601,مشارق المتميزة,مركز - 59,59,,,,,
10008063,فندق اعمار التقوى الفندقيه,4,مشارق المتميزة,مركز - 9,9,,,,,
10008063,فندق اعمار التقوى الفندقيه,889,مشارق المتميزة,مركز - 20,20,,,,,
10008063,فندق اعمار التقوى الفندقيه,2,مشارق المتميزة,مركز - 12,12,,,,,
10012633,فندق احمد عبداللطيف العبداللطيف الفندقية,289,مشارق المتميزة,مركز - 33,33,,,,,
10009091,فندق اعمار الخير الذهبي للضيافة السياحي,42,مشارق المتميزة,مركز - 31,31,,,,,
10011098,فندق البرج الماسي للشقق الفندقية,4,مشارق المتميزة,مركز - 15,15,,,,,
10010845,فندق اعمار الخير الماسي للضيافة السياحي,8,مشارق المتميزة,مركز - 4,4,,,,,
10011098,فندق البرج الماسي للشقق الفندقية,192,مشارق المتميزة,مركز - 34,34,,,,,
10008063,فندق اعمار التقوى الفندقيه,4,مشارق المتميزة,مركز - 60,60,,,,,
10007027,فندق الحدايق الراقيه الفندقية,1,مشارق المتميزة,مركز - 14,14,,,,,
10009304,فندق الخلفاء الفيصلية الفندقية,2,مشارق المتميزة,مركز - 34,34,,,,,
10007027,فندق الحدايق الراقيه الفندقية,4,مشارق المتميزة,مركز - 33,33,,,,,
10007057,فندق الزائر الأخيار الفندقية,762,مشارق المتميزة,مركز - 7,7,,,,,
10007057,فندق الزائر الأخيار الفندقية,4,مشارق المتميزة,مركز - 56,56,,,,,
10002405,فندق العليان الحرم الفندقية,23,مشارق المتميزة,مركز - 31,31,,,,,
10007027,فندق الحدايق الراقيه الفندقية,968,مشارق المتميزة,مركز - 51,51,,,,,
10008063,فندق اعمار التقوى الفندقيه,8,مشارق المتميزة,مركز - 48,48,,,,,
10011146,شقق درر الراشدية المخدومة,4,مشارق المتميزة,مركز - 22,22,,,,,
10010059,فندق أجم منى للضيافة السياحي,175,مشارق المتميزة,مركز - 43,43,,,,,
10007021,فندق اوتاد المتحدة لتشغيل الفنادق,29,مشارق المتميزة,مركز - 39,39,,,,,
10002505,فندق أريج الوفاء الفندقية,37,مشارق المتميزة,مركز - 4,4,,,,,
10006706,فندق سنود الهدى الفندقية,888,مشارق المتميزة,مركز - 50,50,,,,,
10007467,فندق سواعد الخير الفندقية,2,مشارق المتميزة,مركز - 4,4,,,,,
10006706,فندق سنود الهدى الفندقية,70,مشارق المتميزة,مركز - 53,53,,,,,
10002212,فندق أزكى المقام الفندقية,3,مشارق المتميزة,مركز - 31,31,,,,,
10009639,فندق منارة المنى للايواء السياحي,276,مشارق المتميزة,مركز - 19,19,,,,,
10009639,فندق منارة المنى للايواء السياحي,356,مشارق المتميزة,مركز - 14,14,,,,,
10007554,فندق مسار العز الفندقية,85,مشارق المتميزة,مركز - 31,31,,,,,
10011258,فندق منازل العز الفندقية,720,مشارق المتميزة,مركز - 50,50,,,,,
10007631,فندق منازل الفضيلة الفندقية,166,مشارق المتميزة,مركز - 4,4,,,,,
10007124,فندق مجموعة قافلة التوحيد الدولية للخدمات الفندقيه,1,مشارق المتميزة,مركز - 11,11,,,,,
10007629,فندق ميار الروضة الفندقية,1,مشارق المتميزة,مركز - 14,14,,,,,
10006796,فندق أميرة جراند,60,مشارق المتميزة,مركز - 22,22,,,,,
10006356,فندق منى فيو للايواء السياحي,4,مشارق المتميزة,مركز - 60,60,,,,,
10006356,فندق منى فيو للايواء السياحي,223,مشارق المتميزة,مركز - 12,12,,,,,
10009867,فندق لؤلؤة البيت للايواء السياحي,393,مشارق المتميزة,مركز - 33,33,,,,,
10009196,فندق ميار ميسر الفندقية,256,مشارق المتميزة,مركز - 19,19,,,,,
10008328,فندق ميدان النزهة الفندقية,53,مشارق المتميزة,مركز - 43,43,,,,,
10009196,فندق ميار ميسر الفندقية,227,مشارق المتميزة,مركز - 53,53,,,,,
10007629,فندق ميار الروضة الفندقية,359,مشارق المتميزة,مركز - 16,16,,,,,
10011331,فندق كرة المشاعر الفندقية,58,مشارق المتميزة,مركز - 6,6,,,,,
10010654,فندق كرم مضياف الفندقية,1018,مشارق المتميزة,مركز - 3,3,,,,,
10007070,فندق مسارات الذهبي الفندقية,8,مشارق المتميزة,مركز - 22,22,,,,,
10009867,فندق لؤلؤة البيت للايواء السياحي,1,مشارق المتميزة,مركز - 11,11,,,,,
10009867,فندق لؤلؤة البيت للايواء السياحي,389,مشارق المتميزة,مركز - 19,19,,,,,
10009867,فندق لؤلؤة البيت للايواء السياحي,8,مشارق المتميزة,مركز - 53,53,,,,,
10008611,فندق نسمات اليقين للايواء السياحي,61,مشارق المتميزة,مركز - 1,1,,,,,
10006356,فندق منى فيو للايواء السياحي,8,مشارق المتميزة,مركز - 23,23,,,,,
10002386,فندق بارك إن راديسون العزيزية الفندقية,40,مشارق المتميزة,مركز - 8,8,,,,,
10011654,شقق جميل احمد محمد مدني للشقق المخدومة,48,مشارق المتميزة,مركز - 6,6,,,,,
10007124,فندق مجموعة قافلة التوحيد الدولية للخدمات الفندقيه,6,مشارق المتميزة,مركز - 10,10,,,,,
10007554,فندق مسار العز الفندقية,1,مشارق المتميزة,مركز - 4,4,,,,,
10007124,فندق مجموعة قافلة التوحيد الدولية للخدمات الفندقيه,20,مشارق المتميزة,مركز - 53,53,,,,,
10002368,فندق مكارم ضيافة البيت واحد الفندقية,445,مشارق المتميزة,مركز - 48,48,,,,,
10011178,مؤسسة الضيافة الكبرى الفندقية,40,مشارق المتميزة,مركز - 31,31,,,,,
10002368,فندق مكارم ضيافة البيت واحد الفندقية,400,مشارق المتميزة,مركز - 18,18,,,,,
10002195,فندق مجاهد سعيد الشريف,393,مشارق المتميزة,مركز - 50,50,,,,,
10012397,مؤسسة تميز الصفوة للخدمات الفندقيه,169,مشارق المتميزة,مركز - 6,6,,,,,
10011896,مؤسسة ركائز البنيان العقارية,272,مشارق المتميزة,مركز - 22,22,,,,,
10012397,مؤسسة تميز الصفوة للخدمات الفندقيه,30,مشارق المتميزة,مركز - 8,8,,,,,
10012527,مؤسسة رحاب بنت خالد ابن حسن عناالرفاعي للتجارة,129,مشارق المتميزة,مركز - 6,6,,,,,
10010097,مؤسسة روز المشاعر الفندقية,360,مشارق المتميزة,مركز - 15,15,,,,,
10012694,مؤسسة ذا إيليت أوف جلوري,38,مشارق المتميزة,مركز - 4,4,,,,,
10012397,مؤسسة تميز الصفوة للخدمات الفندقيه,145,مشارق المتميزة,مركز - 22,22,,,,,
10007124,فندق مجموعة قافلة التوحيد الدولية للخدمات الفندقيه,177,مشارق المتميزة,مركز - 48,48,,,,,
10006279,فندق وحدة الخير الفندقية,1439,مشارق المتميزة,مركز - 14,14,,,,,
10006279,فندق وحدة الخير الفندقية,150,مشارق المتميزة,مركز - 49,49,,,,,
10006279,فندق وحدة الخير الفندقية,360,مشارق المتميزة,مركز - 17,17,,,,,
10012174,مؤسسة وقف حسن سالم الجفري,1,مشارق المتميزة,مركز - 9,9,,,,,
10009756,مؤسسة قصر سعاد الفندقية,445,مشارق المتميزة,مركز - 18,18,,,,,
10007102,فندق وردة الوفا الفندقية,18,مشارق المتميزة,مركز - 4,4,,,,,
10006279,فندق وحدة الخير الفندقية,1,مشارق المتميزة,مركز - 54,54,,,,,
10012611,مؤسسة فيصل سلطان الدغيلبي العتيبي العقارية,420,مشارق المتميزة,مركز - 31,31,,,,,
10007653,فندق هبة الهجرة ستة الفندقية,445,مشارق المتميزة,مركز - 23,23,,,,,
10011225,مكتب رواد الحجاز الذهبي للخدمات العامة,392,مشارق المتميزة,مركز - 4,4,,,,,
10012507,مؤسسة ريان الذهبي العقارية,25,مشارق المتميزة,مركز - 4,4,,,,,
10011959,مؤسسة رداء الفخامه,40,مشارق المتميزة,مركز - 6,6,,,,,
10011421,مؤسسة حاسبات الجوال للاتصالات,32,مشارق المتميزة,مركز - 4,4,,,,,
10011569,مؤسسة جوهرة منى,360,مشارق المتميزة,مركز - 53,53,,,,,
10011569,مؤسسة جوهرة منى,339,مشارق المتميزة,مركز - 57,57,,,,,
10011569,مؤسسة جوهرة منى,7,مشارق المتميزة,مركز - 23,23,,,,,
10012777,مؤسسة السيم التجارية,4,مشارق المتميزة,مركز - 7,7,,,,,
10012777,مؤسسة السيم التجارية,2,مشارق المتميزة,مركز - 59,59,,,,,
10007679,فندق منار التقوى الفندقية,920,مشارق المتميزة,مركز - 55,55,,,,,
10007679,فندق منار التقوى الفندقية,142,مشارق المتميزة,مركز - 15,15,,,,,
10002368,فندق مكارم ضيافة البيت واحد الفندقية,445,مشارق المتميزة,مركز - 7,7,,,,,
10007070,فندق مسارات الذهبي الفندقية,2,مشارق المتميزة,مركز - 8,8,,,,,
10006804,فندق مرسى الجاريه الفندقية,36,مشارق المتميزة,مركز - 31,31,,,,,
10007124,فندق مجموعة قافلة التوحيد الدولية للخدمات الفندقيه,2,مشارق المتميزة,مركز - 16,16,,,,,
10012174,مؤسسة وقف حسن سالم الجفري,1,مشارق المتميزة,مركز - 54,54,,,,,
10009867,فندق لؤلؤة البيت للايواء السياحي,14,مشارق المتميزة,مركز - 60,60,,,,,
10009867,فندق لؤلؤة البيت للايواء السياحي,14,مشارق المتميزة,مركز - 15,15,,,,,
10009867,فندق لؤلؤة البيت للايواء السياحي,99,مشارق المتميزة,مركز - 16,16,,,,,
10009867,فندق لؤلؤة البيت للايواء السياحي,106,مشارق المتميزة,مركز - 58,58,,,,,
10009867,فندق لؤلؤة البيت للايواء السياحي,9,مشارق المتميزة,مركز - 59,59,,,,,
10009867,فندق لؤلؤة البيت للايواء السياحي,356,مشارق المتميزة,مركز - 24,24,,,,,
10008800,فندق قرطبة العزيزية الفندقية,17,مشارق المتميزة,مركز - 29,29,,,,,
10006578,فندق عنان سنود الفندقية,688,مشارق المتميزة,مركز - 3,3,,,,,
10007723,فندق نجمة الابرار الفندقية,235,مشارق المتميزة,مركز - 6,6,,,,,
10009196,فندق ميار ميسر الفندقية,612,مشارق المتميزة,مركز - 15,15,,,,,
10009196,فندق ميار ميسر الفندقية,41,مشارق المتميزة,مركز - 58,58,,,,,
10012174,مؤسسة وقف حسن سالم الجفري,5,مشارق المتميزة,مركز - 53,53,,,,,
10007629,فندق ميار الروضة الفندقية,180,مشارق المتميزة,مركز - 50,50,,,,,
10006356,فندق منى فيو للايواء السياحي,741,مشارق المتميزة,مركز - 59,59,,,,,
10009867,فندق لؤلؤة البيت للايواء السياحي,5,مشارق المتميزة,مركز - 7,7,,,,,
10007631,فندق منازل الفضيلة الفندقية,2,مشارق المتميزة,مركز - 44,44,,,,,
10007631,فندق منازل الفضيلة الفندقية,376,مشارق المتميزة,مركز - 31,31,,,,,
10011258,فندق منازل العز الفندقية,393,مشارق المتميزة,مركز - 57,57,,,,,
10011258,فندق منازل العز الفندقية,1,مشارق المتميزة,مركز - 59,59,,,,,
10011258,فندق منازل العز الفندقية,431,مشارق المتميزة,مركز - 33,33,,,,,
10007124,فندق مجموعة قافلة التوحيد الدولية للخدمات الفندقيه,151,مشارق المتميزة,مركز - 23,23,,,,,
10009639,فندق منارة المنى للايواء السياحي,198,مشارق المتميزة,مركز - 24,24,,,,,
10009639,فندق منارة المنى للايواء السياحي,373,مشارق المتميزة,مركز - 15,15,,,,,
10007059,فندق سويس جراند الفندقية,110,مشارق المتميزة,مركز - 31,31,,,,,
10006477,فندق سويتس المقام الفندقية,39,مشارق المتميزة,مركز - 1,1,,,,,
10006706,فندق سنود الهدى الفندقية,76,مشارق المتميزة,مركز - 23,23,,,,,
10006706,فندق سنود الهدى الفندقية,845,مشارق المتميزة,مركز - 16,16,,,,,
10001850,فندق جواد التاج الفندقية,1,مشارق المتميزة,مركز - 31,31,,,,,
10007021,فندق اوتاد المتحدة لتشغيل الفنادق,98,مشارق المتميزة,مركز - 6,6,,,,,
10011264,فندق ايلاف الريان الفندقية شخص واحد,182,مشارق المتميزة,مركز - 8,8,,,,,
10011264,فندق ايلاف الريان الفندقية شخص واحد,86,مشارق المتميزة,مركز - 39,39,,,,,
10012174,مؤسسة وقف حسن سالم الجفري,445,مشارق المتميزة,مركز - 51,51,,,,,
10012174,مؤسسة وقف حسن سالم الجفري,45,مشارق المتميزة,مركز - 14,14,,,,,
10010798,فندق الصفوة رويال أوركيد الفندقية,6,مشارق المتميزة,مركز - 1,1,,,,,
10007057,فندق الزائر الأخيار الفندقية,674,مشارق المتميزة,مركز - 10,10,,,,,
10009177,فندق الرافدين اجياد الفندقية,30,مشارق المتميزة,مركز - 31,31,,,,,
10009304,فندق الخلفاء الفيصلية الفندقية,4,مشارق المتميزة,مركز - 23,23,,,,,
10009304,فندق الخلفاء الفيصلية الفندقية,137,مشارق المتميزة,مركز - 12,12,,,,,
10009304,فندق الخلفاء الفيصلية الفندقية,715,مشارق المتميزة,مركز - 59,59,,,,,
10012174,مؤسسة وقف حسن سالم الجفري,554,مشارق المتميزة,مركز - 56,56,,,,,
10012174,مؤسسة وقف حسن سالم الجفري,1,مشارق المتميزة,مركز - 17,17,,,,,
10007653,فندق هبة الهجرة ستة الفندقية,67,مشارق المتميزة,مركز - 17,17,,,,,
10011098,فندق البرج الماسي للشقق الفندقية,356,مشارق المتميزة,مركز - 48,48,,,,,
10011375,مؤسسة صقر قريش التجارية,360,مشارق المتميزة,مركز - 33,33,,,,,
10011471,مؤسسة شيماء معتوق بن جميل الحليفي,68,مشارق المتميزة,مركز - 43,43,,,,,
10011553,مؤسسة سما ميسان للمقاولات العامة,93,مشارق المتميزة,مركز - 8,8,,,,,
10011375,مؤسسة صقر قريش التجارية,360,مشارق المتميزة,مركز - 13,13,,,,,
10011375,مؤسسة صقر قريش التجارية,360,مشارق المتميزة,مركز - 54,54,,,,,
10012554,مؤسسة عادل على جمال الزمزمي,34,مشارق المتميزة,مركز - 4,4,,,,,
10011553,مؤسسة سما ميسان للمقاولات العامة,92,مشارق المتميزة,مركز - 22,22,,,,,
10009756,مؤسسة قصر سعاد الفندقية,823,مشارق المتميزة,مركز - 17,17,,,,,
10012670,مؤسسة قمة الاتقان الذكية,19,مشارق المتميزة,مركز - 4,4,,,,,
10009756,مؤسسة قصر سعاد الفندقية,414,مشارق المتميزة,مركز - 11,11,,,,,
10012569,مؤسسة مازن نوير امبيريك الهذلى لخدمات السيارات,187,مشارق المتميزة,مركز - 31,31,,,,,
10011637,مؤسسة محمد عبدالله محمد الجماز الفندقية,719,مشارق المتميزة,مركز - 48,48,,,,,
10009756,مؤسسة قصر سعاد الفندقية,1,مشارق المتميزة,مركز - 48,48,,,,,
10011375,مؤسسة صقر قريش التجارية,4,مشارق المتميزة,مركز - 57,57,,,,,
10011375,مؤسسة صقر قريش التجارية,80,مشارق المتميزة,مركز - 19,19,,,,,
10007653,فندق هبة الهجرة ستة الفندقية,445,مشارق المتميزة,مركز - 14,14,,,,,
10006953,فندق ليلة سبع وعشرين الفندقية,83,مشارق المتميزة,مركز - 22,22,,,,,
10011227,مؤسسة هاني حمود الهذلى,50,مشارق المتميزة,مركز - 22,22,,,,,
10012592,مؤسسة هلال حاسن بن حمدان القشمري التجارية,189,مشارق المتميزة,مركز - 31,31,,,,,
10012379,مؤسسة هيا عبدالله الدعجاني,200,مشارق المتميزة,مركز - 4,4,,,,,
10012505,مؤسسة محمد علي ال صديق الزبيدي لمواد البناء,140,مشارق المتميزة,مركز - 31,31,,,,,
10012252,نزل ريان راجح الكبكبي للايواء السياحي,249,مشارق المتميزة,مركز - 4,4,,,,,
10011636,مؤسسة ناصر غنيان محمد العميرى التجارية,173,مشارق المتميزة,مركز - 6,6,,,,,
10012379,مؤسسة هيا عبدالله الدعجاني,1,مشارق المتميزة,مركز - 31,31,,,,,
10011420,نزل سلمان بن محمد المحمادي للنزل السياحيه,160,مشارق المتميزة,مركز - 22,22,,,,,
10011200,نزل سعد بن مسعد اللحياني,66,مشارق المتميزة,مركز - 6,6,,,,,
10012936,نزل نواف عبدالعزيز بن عبدالله العيسى,2,مشارق المتميزة,مركز - 19,19,,,,,
10012016,نزل مبشر محمد مبشر ال غرمان للنزل السياحيه,41,مشارق المتميزة,مركز - 31,31,,,,,
10012252,نزل ريان راجح الكبكبي للايواء السياحي,4,مشارق المتميزة,مركز - 31,31,,,,,
10011154,نزل زائر كريم,204,مشارق المتميزة,مركز - 6,6,,,,,
10012016,نزل مبشر محمد مبشر ال غرمان للنزل السياحيه,197,مشارق المتميزة,مركز - 4,4,,,,,
10012010,مؤسسة مسعد بن فازع القرشي,66,مشارق المتميزة,مركز - 22,22,,,,,
10012311,وقف يعقوب بيك القوقندي,360,مشارق المتميزة,مركز - 11,11,,,,,
10012015,نزل رباط المبرة للنزل السياحيه,8,مشارق المتميزة,مركز - 31,31,,,,,
10012311,وقف يعقوب بيك القوقندي,82,مشارق المتميزة,مركز - 58,58,,,,,
10011379,نزل خالد بن محمد بن حمدان اللهيبي للنزل السياحيه,79,مشارق المتميزة,مركز - 6,6,,,,,
10012311,وقف يعقوب بيك القوقندي,720,مشارق المتميزة,مركز - 20,20,,,,,
10012936,نزل نواف عبدالعزيز بن عبدالله العيسى,4,مشارق المتميزة,مركز - 14,14,,,,,
10012311,وقف يعقوب بيك القوقندي,318,مشارق المتميزة,مركز - 60,60,,,,,
10011619,وقف عادل حمدان سليم الحربى,143,مشارق المتميزة,مركز - 6,6,,,,,
10012936,نزل نواف عبدالعزيز بن عبدالله العيسى,245,مشارق المتميزة,مركز - 18,18,,,,,
10012311,وقف يعقوب بيك القوقندي,327,مشارق المتميزة,مركز - 59,59,,,,,
10011154,نزل زائر كريم,4,مشارق المتميزة,مركز - 39,39,,,,,
10009499,نزل روابي الوهج للنزل السياحيه,350,مشارق المتميزة,مركز - 3,3,,,,,
10011700,نزل نوره مسعد اللحيانى للنزل السياحيه,126,مشارق المتميزة,مركز - 4,4,,,,,
10012311,وقف يعقوب بيك القوقندي,360,مشارق المتميزة,مركز - 51,51,,,,,
10012936,نزل نواف عبدالعزيز بن عبدالله العيسى,175,مشارق المتميزة,مركز - 48,48,,,,,
10012023,مؤسسة مساعد بن حسين بن خيشان العميري للمقاولات,245,مشارق المتميزة,مركز - 22,22,,,,,
10009239,حسين احمد عمر قبورى,3,مشارق الماسية,مركز - 800,800,,,,,
10007665,أنوار ضيافة الفندقية,65,مشارق الماسية,مركز - 623,623,,,,,
10009239,حسين احمد عمر قبورى,497,مشارق الماسية,مركز - 801,801,,,,,
10012353,شركة القوافل العالمية للمقاولات شخص واحد,233,مشارق الماسية,مركز - 621,621,,,,,
10010090,شركة المرجان للخدمات الفندقية,5,مشارق الماسية,مركز - 623,623,,,,,
10012353,شركة القوافل العالمية للمقاولات شخص واحد,221,مشارق الماسية,مركز - 611,611,,,,,
10009239,حسين احمد عمر قبورى,371,مشارق الماسية,مركز - 802,802,,,,,
10011980,شركة الوليد صالح الحربي السياحية,50,مشارق الماسية,مركز - 617,617,,,,,
10011228,شركة الطور 5,167,مشارق الماسية,مركز - 80,80,,,,,
10009980,شركة الوفاق الدولية للمقاولات,367,مشارق الماسية,مركز - 702,702,,,,,
10005693,شركة الطلائع الفندقية,104,مشارق الماسية,مركز - 805,805,,,,,
10012369,شركة الروابط المتكاملة المحدودة شخص واحد,150,مشارق الماسية,مركز - 619,619,,,,,
10011228,شركة الطور 5,62,مشارق الماسية,مركز - 113,113,,,,,
10011256,شركة المستحدث للمقاولات شركة ذات المسؤولية المحدودة من,194,مشارق الماسية,مركز - 619,619,,,,,
10007665,أنوار ضيافة الفندقية,2262,مشارق الماسية,مركز - 704,704,,,,,
10012643,شركة الرايات المتحدة الخليجية للمقاولات شخص واحد,70,مشارق الماسية,مركز - 802,802,,,,,
10012248,شركة الخيمة لتشغيل الفنادق,124,مشارق الماسية,مركز - 800,800,,,,,
10010131,شركة الرمال الحديثة للخدمات الفندقيه,380,مشارق الماسية,مركز - 800,800,,,,,
10012248,شركة الخيمة لتشغيل الفنادق,83,مشارق الماسية,مركز - 611,611,,,,,
10012248,شركة الخيمة لتشغيل الفنادق,40,مشارق الماسية,مركز - 619,619,,,,,
10012248,شركة الخيمة لتشغيل الفنادق,742,مشارق الماسية,مركز - 803,803,,,,,
10010131,شركة الرمال الحديثة للخدمات الفندقيه,6,مشارق الماسية,مركز - 801,801,,,,,
10012248,شركة الخيمة لتشغيل الفنادق,43,مشارق الماسية,مركز - 615,615,,,,,
10012248,شركة الخيمة لتشغيل الفنادق,41,مشارق الماسية,مركز - 613,613,,,,,
10012248,شركة الخيمة لتشغيل الفنادق,201,مشارق الماسية,مركز - 616,616,,,,,
10010289,شركة الحلول السهلة العالمية للسفر و السياحة,164,مشارق الماسية,مركز - 602,602,,,,,
10012248,شركة الخيمة لتشغيل الفنادق,319,مشارق الماسية,مركز - 607,607,,,,,
10012248,شركة الخيمة لتشغيل الفنادق,91,مشارق الماسية,مركز - 620,620,,,,,
10012369,شركة الروابط المتكاملة المحدودة شخص واحد,50,مشارق الماسية,مركز - 617,617,,,,,
10010910,شركة إل بارون إل زهبي,4032,مشارق الماسية,مركز - 705,705,,,,,
10012449,مؤسسة مسار المئوية التجارية,12,مشارق المتميزة,مركز - 1,1,,,,,
10002195,فندق مجاهد سعيد الشريف,95,مشارق المتميزة,مركز - 55,55,,,,,
10010224,شركة يسير الأولى للتأجير شخص واحد قابضة,4,مشارق المتميزة,مركز - 16,16,,,,,
10011764,شركة اكنان الصفا الفندقية,256,مشارق الماسية,مركز - 700,700,,,,,
10011764,شركة اكنان الصفا الفندقية,2,مشارق الماسية,مركز - 701,701,,,,,
10007336,شركة البرج العالمية لادارة الفنادق فندق ساعة مكة فيرمونت,2,مشارق الماسية,مركز - 615,615,,,,,
10011909,شركة اعالى الصعيد للمقاولات,43,مشارق الماسية,مركز - 611,611,,,,,
10011909,شركة اعالى الصعيد للمقاولات,224,مشارق الماسية,مركز - 615,615,,,,,
10011764,شركة اكنان الصفا الفندقية,138,مشارق الماسية,مركز - 702,702,,,,,
10011824,شركة التامور للخدمات الفندقية شخص واحد,170,مشارق الماسية,مركز - 702,702,,,,,
10007961,شركة التطوير الحضري للاعمال شركة شخص واحد,15,مشارق الماسية,مركز - 806,806,,,,,
10006755,شركة اصيل الهيبة لتشغيل الفنادق,30,مشارق الماسية,مركز - 603,603,,,,,
10011720,شركة الجابر الخدمات الدولية المحدودة,78,مشارق الماسية,مركز - 607,607,,,,,
10011720,شركة الجابر الخدمات الدولية المحدودة,120,مشارق الماسية,مركز - 610,610,,,,,
10007467,فندق سواعد الخير الفندقية,39,هوليدي ان بكة,مركز - 69,69,,,,,
10006477,فندق سويتس المقام الفندقية,84,هوليدي ان بكة,مركز - 113,113,,,,,
10007467,فندق سواعد الخير الفندقية,146,هوليدي ان بكة,مركز - 112,112,,,,,
10011670,فندق مواسم الروابي الفندقية,45,هوليدي ان بكة,مركز - 3,3,,,,,
10008328,فندق ميدان النزهة الفندقية,2,هوليدي ان بكة,مركز - 113,113,,,,,
10000533,فندق مريديان مكة فرع الشركة المتحدة للإستثمار والتطوير العقاري المتحد,13,هوليدي ان بكة,مركز - 69,69,,,,,
10009254,فندق ميره أجياد الفندقية,111,هوليدي ان بكة,مركز - 112,112,,,,,
10009254,فندق ميره أجياد الفندقية,5,هوليدي ان بكة,مركز - 68,68,,,,,
10009254,فندق ميره أجياد الفندقية,332,هوليدي ان بكة,مركز - 69,69,,,,,
10006477,فندق سويتس المقام الفندقية,34,هوليدي ان بكة,مركز - 69,69,,,,,
10008611,فندق نسمات اليقين للايواء السياحي,31,هوليدي ان بكة,مركز - 68,68,,,,,
10008611,فندق نسمات اليقين للايواء السياحي,20,هوليدي ان بكة,مركز - 65,65,,,,,
10008611,فندق نسمات اليقين للايواء السياحي,3,هوليدي ان بكة,مركز - 63,63,,,,,
10002107,فندق نوفوتيل ذاخر الفندقية,503,هوليدي ان بكة,مركز - 1,1,,,,,
10010289,شركة الحلول السهلة العالمية للسفر و السياحة,167,مشارق الماسية,مركز - 605,605,,,,,
10008611,فندق نسمات اليقين للايواء السياحي,34,هوليدي ان بكة,مركز - 112,112,,,,,
10007687,فندق نجمة المشاعر الفندقية,546,هوليدي ان بكة,مركز - 3,3,,,,,
10006477,فندق سويتس المقام الفندقية,37,هوليدي ان بكة,مركز - 112,112,,,,,
10010910,شركة إل بارون إل زهبي,393,مشارق الماسية,مركز - 609,609,,,,,
10011133,شركة إيلاف للاستثمار الدولي,24,مشارق الماسية,مركز - 605,605,,,,,
10010910,شركة إل بارون إل زهبي,280,مشارق الماسية,مركز - 604,604,,,,,
10011133,شركة إيلاف للاستثمار الدولي,68,مشارق الماسية,مركز - 601,601,,,,,
10011133,شركة إيلاف للاستثمار الدولي,421,مشارق الماسية,مركز - 606,606,,,,,
10010910,شركة إل بارون إل زهبي,51,مشارق الماسية,مركز - 621,621,,,,,
10010014,فندق قصر الجنادرية لصاحبه عمر سعيد بافيل,3,هوليدي ان بكة,مركز - 65,65,,,,,
10007774,شركة أبراج ساره للاستثمار العقاري فندق مكةسويس اوتيل,2,مشارق الماسية,مركز - 615,615,,,,,
10011387,شركة برادايس لاند الفندقية العالمية المحدودة,432,مشارق الماسية,مركز - 615,615,,,,,
10011133,شركة إيلاف للاستثمار الدولي,88,مشارق الماسية,مركز - 614,614,,,,,
10001330,شركة برج هاجر العقارية المحدودة,40,مشارق الماسية,مركز - 612,612,,,,,
10001330,شركة برج هاجر العقارية المحدودة,24,مشارق الماسية,مركز - 619,619,,,,,
10011133,شركة إيلاف للاستثمار الدولي,116,مشارق الماسية,مركز - 618,618,,,,,
10012835,شركة إسراء مون غلوبال,150,مشارق الماسية,مركز - 802,802,,,,,
10010014,فندق قصر الجنادرية لصاحبه عمر سعيد بافيل,1229,هوليدي ان بكة,مركز - 67,67,,,,,
10012526,شركة بينون الحديثة المحدودة,107,مشارق الماسية,مركز - 81,81,,,,,
10012284,شركة تسنم للمقاولات العامة شركة شخص واحد,72,مشارق الماسية,مركز - 601,601,,,,,
10010724,شركة بيسان الذهبي الفندقية,30,مشارق الماسية,مركز - 623,623,,,,,
10011913,شركة ثروات البيت لتشغيل الفنادق,195,مشارق الماسية,مركز - 610,610,,,,,
10012284,شركة تسنم للمقاولات العامة شركة شخص واحد,473,مشارق الماسية,مركز - 622,622,,,,,
10012200,شركة برهان التجارة المحدودة,262,مشارق الماسية,مركز - 807,807,,,,,
10011914,شركة جوهرة الجوار المحدودة,40,مشارق الماسية,مركز - 604,604,,,,,
10012307,شركة جوهرة كنوز التجارية,687,مشارق الماسية,مركز - 620,620,,,,,
10011914,شركة جوهرة الجوار المحدودة,331,مشارق الماسية,مركز - 610,610,,,,,
10011870,شركة حنان عيضة جابر المطرفي,290,مشارق الماسية,مركز - 79,79,,,,,
10012307,شركة جوهرة كنوز التجارية,47,مشارق الماسية,مركز - 619,619,,,,,
10011913,شركة ثروات البيت لتشغيل الفنادق,44,مشارق الماسية,مركز - 621,621,,,,,
10012200,شركة برهان التجارة المحدودة,308,مشارق الماسية,مركز - 808,808,,,,,
10009852,شركة اسكنت الصفوة للخدمات العقارية,67,مشارق الماسية,مركز - 802,802,,,,,
10008800,فندق قرطبة العزيزية الفندقية,287,هوليدي ان بكة,مركز - 1,1,,,,,
10011685,شركة خالد عبده بن محمد العسيري للتشغيل والصيانة,43,مشارق الماسية,مركز - 611,611,,,,,
10011776,شركة دار المشاعر الأولى المحدودة,133,مشارق الماسية,مركز - 617,617,,,,,
10011685,شركة خالد عبده بن محمد العسيري للتشغيل والصيانة,324,مشارق الماسية,مركز - 602,602,,,,,
10011776,شركة دار المشاعر الأولى المحدودة,37,مشارق الماسية,مركز - 606,606,,,,,
10011776,شركة دار المشاعر الأولى المحدودة,99,مشارق الماسية,مركز - 619,619,,,,,
10011776,شركة دار المشاعر الأولى المحدودة,134,مشارق الماسية,مركز - 615,615,,,,,
10011685,شركة خالد عبده بن محمد العسيري للتشغيل والصيانة,209,مشارق الماسية,مركز - 616,616,,,,,
10006981,شركة دي مورا,72,مشارق الماسية,مركز - 802,802,,,,,
10002093,شركة دياري الفندقية شركة شخص واحد,1184,مشارق الماسية,مركز - 803,803,,,,,
10011776,شركة دار المشاعر الأولى المحدودة,189,مشارق الماسية,مركز - 614,614,,,,,
10009954,شركة ركن الزاوية لإدارة مرافق الضيافة السياحية شخص واحد,56,مشارق الماسية,مركز - 606,606,,,,,
10011770,شركة زهر المدى,162,مشارق الماسية,مركز - 619,619,,,,,
10006668,شركة دياري أحلام الفوز للخدمات الفندقيه,344,مشارق الماسية,مركز - 803,803,,,,,
10011776,شركة دار المشاعر الأولى المحدودة,46,مشارق الماسية,مركز - 611,611,,,,,
10011685,شركة خالد عبده بن محمد العسيري للتشغيل والصيانة,86,مشارق الماسية,مركز - 615,615,,,,,
10007316,شركة زهرة المدائن الفندقية شركة شخص واحد,1256,مشارق الماسية,78,78,,,,,
10007316,شركة زهرة المدائن الفندقية شركة شخص واحد,531,مشارق الماسية,77,77,,,,,
10009722,شركة زهرة الفرسان الفندقية,152,مشارق الماسية,مركز - 701,701,,,,,
10006789,شركة سدرا العزيزية الفندقية,21,مشارق الماسية,مركز - 616,616,,,,,
10006789,شركة سدرا العزيزية الفندقية,66,مشارق الماسية,مركز - 618,618,,,,,
10011210,شركة زوار المشاعر المحدودة,97,مشارق الماسية,مركز - 618,618,,,,,
10011770,شركة زهر المدى,40,مشارق الماسية,مركز - 621,621,,,,,
10006789,شركة سدرا العزيزية الفندقية,31,مشارق الماسية,مركز - 609,609,,,,,
10012002,شركة سراج الخامسة للخدمات الفندقية,406,مشارق الماسية,مركز - 113,113,,,,,
10006789,شركة سدرا العزيزية الفندقية,231,مشارق الماسية,مركز - 608,608,,,,,
10010153,شركة سرايا العز لتشغيل الفنادق,16,مشارق الماسية,مركز - 808,808,,,,,
10010153,شركة سرايا العز لتشغيل الفنادق,145,مشارق الماسية,مركز - 803,803,,,,,
10006789,شركة سدرا العزيزية الفندقية,67,مشارق الماسية,مركز - 612,612,,,,,
10011770,شركة زهر المدى,32,مشارق الماسية,مركز - 611,611,,,,,
10011685,شركة خالد عبده بن محمد العسيري للتشغيل والصيانة,83,مشارق الماسية,مركز - 617,617,,,,,
10006755,شركة اصيل الهيبة لتشغيل الفنادق,138,مشارق الماسية,مركز - 619,619,,,,,
10001021,فندق مكارم اجياد مكة,85,هوليدي ان بكة,مركز - 69,69,,,,,
10006665,شركة سنود اجياد للخدمات الفندقيه شركة شخص واحد,2,مشارق الماسية,مركز - 614,614,,,,,
10012579,شركة سول10,292,مشارق الماسية,مركز - 702,702,,,,,
10011575,شركة سمد المحدودة,107,مشارق الماسية,مركز - 603,603,,,,,
10010748,شركة ضيافة الجمال المحدودة,25,مشارق الماسية,مركز - 607,607,,,,,
10007025,شركة طلع الشرق المحدودة,50,مشارق الماسية,مركز - 619,619,,,,,
10008757,شركة صفوة المشاعر الابداع المحدودة,189,مشارق الماسية,مركز - 802,802,,,,,
10011575,شركة سمد المحدودة,216,مشارق الماسية,مركز - 611,611,,,,,
10012801,شركة عبدالله محمد القحطاني,136,مشارق الماسية,مركز - 615,615,,,,,
10012801,شركة عبدالله محمد القحطاني,82,مشارق الماسية,مركز - 601,601,,,,,
10012133,شركة عاطف عبدالقادر عبدالله عبدالقادر للتطوير والاستثمار العقاري شخص واحد,26,مشارق الماسية,مركز - 113,113,,,,,
10012801,شركة عبدالله محمد القحطاني,20,مشارق الماسية,مركز - 623,623,,,,,
10010253,شركة فجر النسك لتشغيل الفنادق,26,مشارق الماسية,مركز - 620,620,,,,,
10012801,شركة عبدالله محمد القحطاني,101,مشارق الماسية,مركز - 622,622,,,,,
10012133,شركة عاطف عبدالقادر عبدالله عبدالقادر للتطوير والاستثمار العقاري شخص واحد,237,مشارق الماسية,مركز - 79,79,,,,,
10011575,شركة سمد المحدودة,45,مشارق الماسية,مركز - 618,618,,,,,
10010253,شركة فجر النسك لتشغيل الفنادق,79,مشارق الماسية,مركز - 614,614,,,,,
10010253,شركة فجر النسك لتشغيل الفنادق,30,مشارق الماسية,مركز - 622,622,,,,,
10010253,شركة فجر النسك لتشغيل الفنادق,45,مشارق الماسية,مركز - 602,602,,,,,
10000983,شركة فندق ابراج شركة مكه الفندقية شركة شخص واحد,73,مشارق الماسية,مركز - 624,624,,,,,
10000983,شركة فندق ابراج شركة مكه الفندقية شركة شخص واحد,5,مشارق الماسية,مركز - 615,615,,,,,
10010253,شركة فجر النسك لتشغيل الفنادق,60,مشارق الماسية,مركز - 805,805,,,,,
10010253,شركة فجر النسك لتشغيل الفنادق,48,مشارق الماسية,مركز - 618,618,,,,,
10000983,شركة فندق ابراج شركة مكه الفندقية شركة شخص واحد,110,مشارق الماسية,مركز - 806,806,,,,,
10000983,شركة فندق ابراج شركة مكه الفندقية شركة شخص واحد,194,مشارق الماسية,مركز - 113,113,,,,,
10000983,شركة فندق ابراج شركة مكه الفندقية شركة شخص واحد,34,مشارق الماسية,مركز - 614,614,,,,,
10010707,شركة فندق الراقي المميز الفندقية,501,مشارق الماسية,مركز - 803,803,,,,,
10010707,شركة فندق الراقي المميز الفندقية,2,مشارق الماسية,مركز - 800,800,,,,,
10000983,شركة فندق ابراج شركة مكه الفندقية شركة شخص واحد,242,مشارق الماسية,مركز - 623,623,,,,,
10000983,شركة فندق ابراج شركة مكه الفندقية شركة شخص واحد,6,مشارق الماسية,مركز - 618,618,,,,,
10010253,شركة فجر النسك لتشغيل الفنادق,47,مشارق الماسية,مركز - 619,619,,,,,
10011575,شركة سمد المحدودة,95,مشارق الماسية,مركز - 620,620,,,,,
10012426,شركة فندق مبارك الماجد للخدمات الفندقيه,240,مشارق الماسية,مركز - 616,616,,,,,
10010439,شركة فندق مباني المستقبل,35,مشارق الماسية,مركز - 802,802,,,,,
10010851,شركة فندق مبارك الماجد للخدمات الفندقية,815,مشارق الماسية,مركز - 806,806,,,,,
10010396,شركة كوثر الضيافه للخدمات الفندقيه,25,مشارق الماسية,مركز - 622,622,,,,,
10009537,شركة كيان الرايه للضيافة السياحي,70,مشارق الماسية,مركز - 616,616,,,,,
10010396,شركة كوثر الضيافه للخدمات الفندقيه,329,مشارق الماسية,مركز - 611,611,,,,,
10007180,شركة فندق بسمة الضيافة الفندقية,298,مشارق الماسية,مركز - 623,623,,,,,
10009537,شركة كيان الرايه للضيافة السياحي,4,مشارق الماسية,مركز - 622,622,,,,,
10009537,شركة كيان الرايه للضيافة السياحي,50,مشارق الماسية,مركز - 623,623,,,,,
10009537,شركة كيان الرايه للضيافة السياحي,15,مشارق الماسية,مركز - 604,604,,,,,
10012332,شركة لوغاريتم,91,مشارق الماسية,مركز - 608,608,,,,,
10011933,شركة مخيم رفادة المحدودة شركة شخص واحد,110,مشارق الماسية,مركز - 624,624,,,,,
10012332,شركة لوغاريتم,94,مشارق الماسية,مركز - 616,616,,,,,
10009537,شركة كيان الرايه للضيافة السياحي,40,مشارق الماسية,مركز - 611,611,,,,,
10010707,شركة فندق الراقي المميز الفندقية,62,مشارق الماسية,مركز - 802,802,,,,,
10000533,فندق مريديان مكة فرع الشركة المتحدة للإستثمار والتطوير العقاري المتحد,79,هوليدي ان بكة,مركز - 112,112,,,,,
10000533,فندق مريديان مكة فرع الشركة المتحدة للإستثمار والتطوير العقاري المتحد,12,هوليدي ان بكة,مركز - 68,68,,,,,
10008083,فندق لؤلؤة النوير الفندقية,22,هوليدي ان بكة,مركز - 8,8,,,,,
10000533,فندق مريديان مكة فرع الشركة المتحدة للإستثمار والتطوير العقاري المتحد,1,هوليدي ان بكة,مركز - 67,67,,,,,
10007596,فندق مسارات الدرة الفندقية,227,هوليدي ان بكة,مركز - 3,3,,,,,
10009335,شركة تارا الذهبي,57,مشارق المتميزة,مركز - 31,31,,,,,
10000533,فندق مريديان مكة فرع الشركة المتحدة للإستثمار والتطوير العقاري المتحد,17,هوليدي ان بكة,مركز - 65,65,,,,,
10010724,شركة بيسان الذهبي الفندقية,37,مشارق المتميزة,مركز - 4,4,,,,,
10007994,فندق كرم الفندقية,38,هوليدي ان بكة,مركز - 113,113,,,,,
10010527,شركة بلورة الدرة للخدمات الفندقيه,28,مشارق المتميزة,مركز - 29,29,,,,,
10010224,شركة يسير الأولى للتأجير شخص واحد قابضة,890,مشارق المتميزة,مركز - 12,12,,,,,
10010289,شركة الحلول السهلة العالمية للسفر و السياحة,83,مشارق الماسية,مركز - 618,618,,,,,
10011820,شركة اجنحة السعادة,232,مشارق المتميزة,مركز - 14,14,,,,,
10009556,شركة اسرار التيسير للخدمات الفندقيه,169,مشارق المتميزة,مركز - 51,51,,,,,
10011076,فندق مكارم روز,45,هوليدي ان بكة,مركز - 69,69,,,,,
10012300,شركة التطوير المتحدة العقارية,47,مشارق المتميزة,مركز - 4,4,,,,,
10010153,شركة سرايا العز لتشغيل الفنادق,38,مشارق الماسية,مركز - 807,807,,,,,
10012248,شركة الخيمة لتشغيل الفنادق,495,مشارق المتميزة,مركز - 31,31,,,,,
10010707,شركة فندق الراقي المميز الفندقية,396,مشارق الماسية,مركز - 801,801,,,,,
10006755,شركة اصيل الهيبة لتشغيل الفنادق,40,مشارق الماسية,مركز - 612,612,,,,,
10002588,شركة الماسة الخاصة المحدودة,1,مشارق المتميزة,مركز - 60,60,,,,,
10002588,شركة الماسة الخاصة المحدودة,463,مشارق المتميزة,مركز - 54,54,,,,,
10011076,فندق مكارم روز,2,هوليدي ان بكة,مركز - 112,112,,,,,
10007665,أنوار ضيافة الفندقية,23,مشارق المتميزة,مركز - 31,31,,,,,
10008083,فندق لؤلؤة النوير الفندقية,29,هوليدي ان بكة,مركز - 2,2,,,,,
10009712,درة أسماء الفندقية,154,مشارق المتميزة,مركز - 18,18,,,,,
10007493,فندق كنانة العزيزية للخدمات الفندقيه,389,هوليدي ان بكة,مركز - 1,1,,,,,
10010014,فندق قصر الجنادرية لصاحبه عمر سعيد بافيل,1,هوليدي ان بكة,مركز - 63,63,,,,,
10011832,وقف إبراهيم عبدالرحمن الجوهري الوقفية,112,هوليدي ان بكة,مركز - 3,3,,,,,
10012030,نزل إهداء الوسام,8,هوليدي ان بكة,مركز - 9,9,,,,,
10006268,فندق هبة المهاجرين الفندقية,45,هوليدي ان بكة,مركز - 2,2,,,,,
10011703,مؤسسة نزل الجوهرة,11,مشارق الماسية,مركز - 618,618,,,,,
10012293,مؤسسة نخلة العاصمة,2,مشارق الماسية,مركز - 805,805,,,,,
10011703,مؤسسة نزل الجوهرة,2,مشارق الماسية,مركز - 602,602,,,,,
10011788,مؤسسة كولد برو التجارية,119,مشارق الماسية,مركز - 622,622,,,,,
10011814,مؤسسة محمد بن ريال بن محمد صادهان لتشغيل الفنادق,231,مشارق الماسية,مركز - 604,604,,,,,
10012169,نزل عدنان سعيد الصاعدي للنزل السياحيه,217,مشارق الماسية,مركز - 622,622,,,,,
10011814,مؤسسة محمد بن ريال بن محمد صادهان لتشغيل الفنادق,318,مشارق الماسية,مركز - 620,620,,,,,
10012318,نزل متعب عواضه السلمى للنزل السياحيه,197,مشارق الماسية,مركز - 618,618,,,,,
10011295,مؤسسة محمد رزيق الحليفي للمقاولات المعمارية العامة,290,مشارق الماسية,مركز - 79,79,,,,,
10011675,مؤسسة نزل ابو مشعل,236,مشارق الماسية,مركز - 608,608,,,,,
10011427,نزل سرايا الرفادة للنزل السياحيه,107,مشارق الماسية,مركز - 617,617,,,,,
10011721,نزل سليمان بن حسن حموده للنزل السياحيه,190,مشارق الماسية,مركز - 81,81,,,,,
10011578,وقف يحيى بن حمدان الحربي,274,مشارق الماسية,مركز - 612,612,,,,,
10011793,وقف سليم بن سلطان بن عبدالله,542,مشارق الماسية,مركز - 614,614,,,,,
10011349,نزل عادل بن حسين القرشي للنزل السياحيه,56,مشارق الماسية,مركز - 619,619,,,,,
10012535,نزل مطهر عبدالله مطهر العمودي,144,مشارق الماسية,مركز - 616,616,,,,,
10010312,وقف امداد الله بن حافظ محمد امين الهندي,50,مشارق الماسية,مركز - 612,612,,,,,
10011793,وقف سليم بن سلطان بن عبدالله,70,مشارق الماسية,مركز - 615,615,,,,,
10012093,نزل أوقاف الشريف منصور بن صالح بن محمد أبو رياش للضيافة السياحي,270,مشارق الماسية,مركز - 620,620,,,,,
10012293,مؤسسة نخلة العاصمة,193,مشارق الماسية,مركز - 806,806,,,,,
10011703,مؤسسة نزل الجوهرة,211,مشارق الماسية,مركز - 608,608,,,,,
10010312,وقف امداد الله بن حافظ محمد امين الهندي,3,مشارق الماسية,مركز - 619,619,,,,,
10012310,نزل سليمان صافي سراج للنزل السياحيه,237,مشارق الماسية,مركز - 609,609,,,,,
10011377,نزل القلوب المتآلفة للنزل السياحيه,274,مشارق الماسية,مركز - 702,702,,,,,
10011349,نزل عادل بن حسين القرشي للنزل السياحيه,224,مشارق الماسية,مركز - 614,614,,,,,
10011427,نزل سرايا الرفادة للنزل السياحيه,2,مشارق الماسية,مركز - 616,616,,,,,
10012169,نزل عدنان سعيد الصاعدي للنزل السياحيه,31,مشارق الماسية,مركز - 620,620,,,,,
10012169,نزل عدنان سعيد الصاعدي للنزل السياحيه,71,مشارق الماسية,مركز - 606,606,,,,,
10011427,نزل سرايا الرفادة للنزل السياحيه,48,مشارق الماسية,مركز - 614,614,,,,,
10011793,وقف سليم بن سلطان بن عبدالله,456,مشارق الماسية,مركز - 622,622,,,,,
10010312,وقف امداد الله بن حافظ محمد امين الهندي,149,مشارق الماسية,مركز - 622,622,,,,,
10011349,نزل عادل بن حسين القرشي للنزل السياحيه,91,مشارق الماسية,مركز - 611,611,,,,,
10012419,نزل لمسة ضياء المستقبل التجارية شخص واحد قابضة,203,مشارق الماسية,مركز - 702,702,,,,,
10012169,نزل عدنان سعيد الصاعدي للنزل السياحيه,53,مشارق الماسية,مركز - 612,612,,,,,
10012318,نزل متعب عواضه السلمى للنزل السياحيه,141,مشارق الماسية,مركز - 617,617,,,,,
10011318,مؤسسة ياسر عبدالهادى حامد العصيمى لتشغيل الفنادق,238,مشارق الماسية,مركز - 702,702,,,,,
10012169,نزل عدنان سعيد الصاعدي للنزل السياحيه,72,مشارق الماسية,مركز - 603,603,,,,,
10012412,وقف علي محمود شكري,231,مشارق الماسية,مركز - 617,617,,,,,
10012310,نزل سليمان صافي سراج للنزل السياحيه,179,مشارق الماسية,مركز - 621,621,,,,,
10012077,نزل محمد احمد عبدالصمد للضيافة السياحي,264,مشارق الماسية,مركز - 80,80,,,,,
10010938,شركة المضيئة الماسية المحدودة,783,مشارق الذهبية,مركز - 5,5,,,,,
10012601,شركة انارة المستقبل العالمية للسفر و السياحة,90,مشارق الذهبية,مركز - 5,5,,,,,
10012601,شركة انارة المستقبل العالمية للسفر و السياحة,24,مشارق الذهبية,مركز - 6,6,,,,,
10010312,وقف امداد الله بن حافظ محمد امين الهندي,292,مشارق الماسية,مركز - 618,618,,,,,
10009260,شركة انوار الصلاح المحدودة شخص واحد,271,مشارق الذهبية,مركز - 40,40,,,,,
10009260,شركة انوار الصلاح المحدودة شخص واحد,4,مشارق الذهبية,مركز - 11,11,,,,,
10007435,شركة الصفوة اوركيد الذهبية الفندقية شركة شخص واحد,30,مشارق الذهبية,مركز - 27,27,,,,,
10012708,نزل عبدالله محمد عبدالعزيز وزان للنزل السياحيه,8,مشارق الماسية,مركز - 805,805,,,,,
10012716,شركة الشرق المتقدمة للاستثمار,559,مشارق الذهبية,مركز - 1,1,,,,,
10012601,شركة انارة المستقبل العالمية للسفر و السياحة,448,مشارق الذهبية,مركز - 3,3,,,,,
10012248,شركة الخيمة لتشغيل الفنادق,140,مشارق الذهبية,مركز - 4,4,,,,,
10012248,شركة الخيمة لتشغيل الفنادق,147,مشارق الذهبية,مركز - 1,1,,,,,
10012248,شركة الخيمة لتشغيل الفنادق,3,مشارق الذهبية,مركز - 2,2,,,,,
10012248,شركة الخيمة لتشغيل الفنادق,112,مشارق الذهبية,مركز - 8,8,,,,,
10012248,شركة الخيمة لتشغيل الفنادق,85,مشارق الذهبية,مركز - 25,25,,,,,
10012344,شركة الرابح بلا حدود للخدمات الفندقية,540,مشارق الذهبية,مركز - 3,3,,,,,
10010788,شركة اسرار الغربية اجياد لتشغيل الفنادق,265,مشارق الذهبية,مركز - 2,2,,,,,
10006755,شركة اصيل الهيبة لتشغيل الفنادق,31,مشارق الذهبية,مركز - 11,11,,,,,
10012697,شركة إنفيكتوس كونستراكشن,2,مشارق الذهبية,مركز - 26,26,,,,,
10012708,نزل عبدالله محمد عبدالعزيز وزان للنزل السياحيه,192,مشارق الماسية,مركز - 806,806,,,,,
10011476,شركة الارض الذهبية العقارية,364,مشارق الذهبية,مركز - 28,28,,,,,
10012697,شركة إنفيكتوس كونستراكشن,492,مشارق الذهبية,مركز - 1,1,,,,,
10012697,شركة إنفيكتوس كونستراكشن,21,مشارق الذهبية,مركز - 23,23,,,,,
10006437,شركة جذور الفندقية شركة شخص واحد,2,مشارق الذهبية,مركز - 27,27,,,,,
10006437,شركة جذور الفندقية شركة شخص واحد,48,مشارق الذهبية,مركز - 30,30,,,,,
10006437,شركة جذور الفندقية شركة شخص واحد,44,مشارق الذهبية,مركز - 9,9,,,,,
10012697,شركة إنفيكتوس كونستراكشن,1,مشارق الذهبية,مركز - 5,5,,,,,
10009170,شركة ربا الحجاز الفندقية,1280,مشارق الذهبية,مركز - 12,12,,,,,
10006668,شركة دياري أحلام الفوز للخدمات الفندقيه,752,مشارق الذهبية,مركز - 23,23,,,,,
10009170,شركة ربا الحجاز الفندقية,8,مشارق الذهبية,مركز - 28,28,,,,,
10012697,شركة إنفيكتوس كونستراكشن,13,مشارق الذهبية,مركز - 22,22,,,,,
10012267,شركة رنيم المشاعر للمقاولات,441,مشارق الذهبية,مركز - 6,6,,,,,
10006668,شركة دياري أحلام الفوز للخدمات الفندقيه,44,مشارق الذهبية,مركز - 12,12,,,,,
10012710,شركة سدن الوطنية المحدودة,2,مشارق الذهبية,مركز - 42,42,,,,,
10012710,شركة سدن الوطنية المحدودة,90,مشارق الذهبية,مركز - 11,11,,,,,
10011562,شركة سدين الذهبية المحدودة,90,مشارق الذهبية,مركز - 2,2,,,,,
10011562,شركة سدين الذهبية المحدودة,225,مشارق الذهبية,مركز - 3,3,,,,,
10011562,شركة سدين الذهبية المحدودة,45,مشارق الذهبية,مركز - 5,5,,,,,
10012461,شركة سبل الحياة الخليجية للمقاولات,563,مشارق الذهبية,مركز - 12,12,,,,,
10012259,شركة سمر الوحدة,421,مشارق الذهبية,مركز - 22,22,,,,,
10001838,شركة سليمان بن موسى العليان الفندقية شخص واحد,365,مشارق الذهبية,مركز - 2,2,,,,,
10012697,شركة إنفيكتوس كونستراكشن,3,مشارق الذهبية,مركز - 25,25,,,,,
10012169,نزل عدنان سعيد الصاعدي للنزل السياحيه,461,مشارق الماسية,مركز - 613,613,,,,,
10011918,شركة سكب الاصيل,439,مشارق الذهبية,مركز - 8,8,,,,,
10010881,شركة مآزر الايمان للمقاولات العامة,525,مشارق الذهبية,مركز - 8,8,,,,,
10011924,شركة مانزيل ألفلاك هوتيل كاتيرينج سولوشنز,510,مشارق الذهبية,مركز - 28,28,,,,,
10011933,شركة مخيم رفادة المحدودة شركة شخص واحد,44,مشارق الذهبية,مركز - 9,9,,,,,
10003830,شركة مزايا الفندقية,7,مشارق الذهبية,مركز - 27,27,,,,,
10011933,شركة مخيم رفادة المحدودة شركة شخص واحد,36,مشارق الذهبية,مركز - 10,10,,,,,
10012567,شركة كنوز مكة المحدودة,199,مشارق الذهبية,مركز - 10,10,,,,,
10011089,شركة نماء العصرية للفنادق,119,مشارق الذهبية,مركز - 6,6,,,,,
10006698,شركة ميسان المشاعر الفندقية,55,مشارق الذهبية,مركز - 11,11,,,,,
10007151,شركة نواة النمو المستدام,12,مشارق الذهبية,مركز - 12,12,,,,,
10000983,شركة فندق ابراج شركة مكه الفندقية شركة شخص واحد,50,مشارق الذهبية,مركز - 40,40,,,,,
10007151,شركة نواة النمو المستدام,20,مشارق الذهبية,مركز - 2,2,,,,,
10003830,شركة مزايا الفندقية,698,مشارق الذهبية,مركز - 9,9,,,,,
10010376,شركة نور المشاعر للخدمات الفندقيه,799,مشارق الذهبية,مركز - 2,2,,,,,
10010376,شركة نور المشاعر للخدمات الفندقيه,90,مشارق الذهبية,مركز - 25,25,,,,,
10010376,شركة نور المشاعر للخدمات الفندقيه,165,مشارق الذهبية,مركز - 3,3,,,,,
10009259,شركة واحة المسك للخدمات الفندقية,50,مشارق الذهبية,مركز - 40,40,,,,,
10009259,شركة واحة المسك للخدمات الفندقية,283,مشارق الذهبية,مركز - 11,11,,,,,
10010376,شركة نور المشاعر للخدمات الفندقيه,562,مشارق الذهبية,مركز - 6,6,,,,,
10009289,فندق ابراج الفارابي الفندقية,442,مشارق الذهبية,مركز - 28,28,,,,,
10010661,شركة يونيك ستار,698,مشارق الذهبية,مركز - 25,25,,,,,
10009289,فندق ابراج الفارابي الفندقية,1581,مشارق الذهبية,مركز - 26,26,,,,,
10011129,شركة طيف المحدودة,840,مشارق الذهبية,مركز - 22,22,,,,,
10009259,شركة واحة المسك للخدمات الفندقية,35,مشارق الذهبية,مركز - 42,42,,,,,
10002124,فندق الإباء الفندقية,446,مشارق الذهبية,مركز - 40,40,,,,,
10002124,فندق الإباء الفندقية,145,مشارق الذهبية,مركز - 11,11,,,,,
10002124,فندق الإباء الفندقية,4,مشارق الذهبية,مركز - 42,42,,,,,
10008318,فندق الرفاع ريع بخش,169,مشارق الذهبية,مركز - 8,8,,,,,
10008945,فندق الرسالة الذهبي الفندقية,599,مشارق الذهبية,مركز - 23,23,,,,,
10007702,فندق الازهر النزهة الفندقية,194,مشارق الذهبية,مركز - 10,10,,,,,
10008318,فندق الرفاع ريع بخش,51,مشارق الذهبية,مركز - 28,28,,,,,
10008318,فندق الرفاع ريع بخش,100,مشارق الذهبية,مركز - 25,25,,,,,
10007702,فندق الازهر النزهة الفندقية,79,مشارق الذهبية,مركز - 9,9,,,,,
10008318,فندق الرفاع ريع بخش,126,مشارق الذهبية,مركز - 2,2,,,,,
10008318,فندق الرفاع ريع بخش,360,مشارق الذهبية,مركز - 12,12,,,,,
10000557,فندق أبراج المريديان فرع الشركةالمتحدةللإستثماروالتطويرالعقاري المتحد,152,مشارق الذهبية,مركز - 40,40,,,,,
10000557,فندق أبراج المريديان فرع الشركةالمتحدةللإستثماروالتطويرالعقاري المتحد,20,مشارق الذهبية,مركز - 42,42,,,,,
10007293,فندق المروة ريحان فرع شركة جوار لإدارة وتسويق وتطوير العقار,2,مشارق الذهبية,مركز - 42,42,,,,,
10008649,فندق لؤلؤه الزرقاء للايواء السياحي,11,مشارق الذهبية,مركز - 42,42,,,,,
10007293,فندق المروة ريحان فرع شركة جوار لإدارة وتسويق وتطوير العقار,290,مشارق الذهبية,مركز - 11,11,,,,,
10011239,فندق الشعب الذهبي الفندقية,180,مشارق الذهبية,مركز - 5,5,,,,,
10011427,نزل سرايا الرفادة للنزل السياحيه,185,مشارق الماسية,مركز - 611,611,,,,,
10007702,فندق الازهر النزهة الفندقية,21,مشارق الذهبية,مركز - 27,27,,,,,
10011129,شركة طيف المحدودة,234,مشارق الذهبية,مركز - 25,25,,,,,
10007513,فندق لؤلؤة الشريعة الفندقية,180,مشارق الذهبية,مركز - 5,5,,,,,
10009407,فندق كيان الدانه الفندقية,415,مشارق الذهبية,مركز - 6,6,,,,,
10011141,فندق قصر الكادي الفندقية,182,مشارق الذهبية,مركز - 9,9,,,,,
10007513,فندق لؤلؤة الشريعة الفندقية,310,مشارق الذهبية,مركز - 2,2,,,,,
10010829,فندق محبة الاخوين الفندقية,22,مشارق الذهبية,مركز - 42,42,,,,,
10008649,فندق لؤلؤه الزرقاء للايواء السياحي,121,مشارق الذهبية,مركز - 40,40,,,,,
10011817,فندق ناصر مرزوق الحربي للخدمات الفندقيه,326,مشارق الذهبية,مركز - 8,8,,,,,
10012341,فندق مصطفى بن حامد عاشور,733,مشارق الذهبية,مركز - 5,5,,,,,
10012179,فندق مشاعر الكرام الفندقية,129,مشارق الذهبية,مركز - 26,26,,,,,
10010222,فندق ملتزم البيت الفندقية,48,مشارق الذهبية,مركز - 24,24,,,,,
10011141,فندق قصر الكادي الفندقية,63,مشارق الذهبية,مركز - 10,10,,,,,
10010222,فندق ملتزم البيت الفندقية,47,مشارق الذهبية,مركز - 10,10,,,,,
10012179,فندق مشاعر الكرام الفندقية,95,مشارق الذهبية,مركز - 12,12,,,,,
10011529,مؤسسة العز العام للتجارة,548,مشارق الذهبية,مركز - 5,5,,,,,
10007102,فندق وردة الوفا الفندقية,81,مشارق الذهبية,مركز - 11,11,,,,,
10010878,مؤسسة فندق معتوق بن مزند بن سالم القارحي للخدمات الفندقيه,352,مشارق الذهبية,مركز - 1,1,,,,,
10012508,مؤسسة على عبدالله باعطيه الفندقية,369,مشارق الذهبية,مركز - 8,8,,,,,
10010878,مؤسسة فندق معتوق بن مزند بن سالم القارحي للخدمات الفندقيه,20,مشارق الذهبية,مركز - 2,2,,,,,
10011623,مؤسسة ريتاج الحرمين للمقاولات العامة,389,مشارق الذهبية,مركز - 4,4,,,,,
10011931,مؤسسة سفراء الاعمار للمقاولات العامة,300,مشارق الذهبية,مركز - 23,23,,,,,
10012182,مؤسسة سعود بن علي الشريف,846,مشارق الذهبية,مركز - 22,22,,,,,
10011941,مؤسسة ضيافة النجوم للوحدات السكنية,217,مشارق الذهبية,مركز - 24,24,,,,,
10008328,فندق ميدان النزهة الفندقية,116,مشارق الذهبية,مركز - 24,24,,,,,
10012182,مؤسسة سعود بن علي الشريف,258,مشارق الذهبية,مركز - 1,1,,,,,
10012588,مؤسسة عاطف الحديثة التجارية,29,مشارق الذهبية,مركز - 23,23,,,,,
10012588,مؤسسة عاطف الحديثة التجارية,401,مشارق الذهبية,مركز - 4,4,,,,,
10010878,مؤسسة فندق معتوق بن مزند بن سالم القارحي للخدمات الفندقيه,3,مشارق الذهبية,مركز - 8,8,,,,,
10012588,مؤسسة عاطف الحديثة التجارية,430,مشارق الذهبية,مركز - 3,3,,,,,
10012388,مؤسسة صهيب عبدالرزاق شريف المحدودة,103,مشارق الذهبية,مركز - 10,10,,,,,
10010878,مؤسسة فندق معتوق بن مزند بن سالم القارحي للخدمات الفندقيه,2,مشارق الذهبية,مركز - 28,28,,,,,
10012508,مؤسسة على عبدالله باعطيه الفندقية,65,مشارق الذهبية,مركز - 5,5,,,,,
10010878,مؤسسة فندق معتوق بن مزند بن سالم القارحي للخدمات الفندقيه,54,مشارق الذهبية,مركز - 3,3,,,,,
10012605,مؤسسة صالح فرج المطرفي التجارية,533,مشارق الذهبية,مركز - 8,8,,,,,
10010878,مؤسسة فندق معتوق بن مزند بن سالم القارحي للخدمات الفندقيه,8,مشارق الذهبية,مركز - 12,12,,,,,
10012508,مؤسسة على عبدالله باعطيه الفندقية,585,مشارق الذهبية,مركز - 3,3,,,,,
10010726,مؤسسة فندق مكارم الحجاز للخدمات الفندقيه,701,مشارق الذهبية,مركز - 28,28,,,,,
10010878,مؤسسة فندق معتوق بن مزند بن سالم القارحي للخدمات الفندقيه,46,مشارق الذهبية,مركز - 5,5,,,,,
10012550,مؤسسة منابع الأفق,246,مشارق الذهبية,مركز - 2,2,,,,,
10009811,مؤسسة كنوز العنود الفندقية,353,مشارق الذهبية,مركز - 10,10,,,,,
10012927,مؤسسة كيان الامجاد,199,مشارق الذهبية,مركز - 5,5,,,,,
10010878,مؤسسة فندق معتوق بن مزند بن سالم القارحي للخدمات الفندقيه,99,مشارق الذهبية,مركز - 4,4,,,,,
10012927,مؤسسة كيان الامجاد,21,مشارق الذهبية,مركز - 12,12,,,,,
10012927,مؤسسة كيان الامجاد,48,مشارق الذهبية,مركز - 28,28,,,,,
10012388,مؤسسة صهيب عبدالرزاق شريف المحدودة,90,مشارق الذهبية,مركز - 30,30,,,,,
10009320,فندق مواسم البلد للضيافة السياحي,45,مشارق الذهبية,مركز - 3,3,,,,,
10012927,مؤسسة كيان الامجاد,16,مشارق الذهبية,مركز - 2,2,,,,,
10012279,مؤسسة مكارم النجوم للتشغيل والصيانة,899,مشارق الذهبية,مركز - 25,25,,,,,
10012449,مؤسسة مسار المئوية التجارية,1,مشارق الذهبية,مركز - 30,30,,,,,
10012608,مؤسسة هاشمه سعود سعد الشريف التجارية,82,مشارق الذهبية,مركز - 25,25,,,,,
10012608,مؤسسة هاشمه سعود سعد الشريف التجارية,228,مشارق الذهبية,مركز - 1,1,,,,,
10012449,مؤسسة مسار المئوية التجارية,96,مشارق الذهبية,مركز - 24,24,,,,,
10012449,مؤسسة مسار المئوية التجارية,1,مشارق الذهبية,مركز - 27,27,,,,,
10012449,مؤسسة مسار المئوية التجارية,3,مشارق الذهبية,مركز - 9,9,,,,,
10012449,مؤسسة مسار المئوية التجارية,2,مشارق الذهبية,مركز - 10,10,,,,,
10012292,نزل ديار الوعد للنزل السياحيه,5,مشارق الذهبية,مركز - 23,23,,,,,
10012088,مؤسسة هاني مسفر حسن القرشي للمقاولات المعمارية العامة,670,مشارق الذهبية,مركز - 1,1,,,,,
10012202,نزل سرايا التوحيد,52,مشارق الذهبية,مركز - 30,30,,,,,
10012501,مؤسسة مشاعل عائش الدعدي التجارية,595,مشارق الذهبية,مركز - 3,3,,,,,
10012202,نزل سرايا التوحيد,41,مشارق الذهبية,مركز - 9,9,,,,,
10012292,نزل ديار الوعد للنزل السياحيه,134,مشارق الذهبية,مركز - 2,2,,,,,
10012292,نزل ديار الوعد للنزل السياحيه,332,مشارق الذهبية,مركز - 4,4,,,,,
10007336,شركة البرج العالمية لادارة الفنادق فندق ساعة مكة فيرمونت,300,مجموعة سيرا,مركز - 2,2,,,,,
10011304,نزل صالح علي الغامدي للنزل السياحيه,142,مشارق الذهبية,مركز - 24,24,,,,,
10012292,نزل ديار الوعد للنزل السياحيه,40,مشارق الذهبية,مركز - 12,12,,,,,
10010938,شركة المضيئة الماسية المحدودة,9,طيران ناس,مركز - 114,114,,,,,
10006701,شركة الدانه الماسية الفندقية شركة شخص واحد,17,طيران ناس,مركز - 107,107,,,,,
10012550,مؤسسة منابع الأفق,100,مشارق الذهبية,مركز - 12,12,,,,,
10002106,فندق اعمار جراند الفندقية,110,مجموعة سيرا,مركز - 2,2,,,,,
10011950,شركة ضيافات العالم للاستثمار,13,طيران ناس,مركز - 107,107,,,,,
10011950,شركة ضيافات العالم للاستثمار,131,طيران ناس,مركز - 114,114,,,,,
10008142,شقق الوفادة الراقية للشقق المخدومة,41,مشارق الماسية,مركز - 622,622,,,,,
10008142,شقق الوفادة الراقية للشقق المخدومة,76,مشارق الماسية,مركز - 603,603,,,,,
10006728,شقق ديار المشاعر للشقق المخدومة,335,مشارق الماسية,مركز - 613,613,,,,,
10011666,شقق فواز الذهبي للشقق المخدومة,527,مشارق الماسية,مركز - 621,621,,,,,
10008142,شقق الوفادة الراقية للشقق المخدومة,90,مشارق الماسية,مركز - 609,609,,,,,
10011815,شركة اطلس الفندقية قابضة,204,هوليدي ان بكة,مركز - 69,69,,,,,
10009423,شركة محمد بن فالح الجابرى الفندقية,42,مشارق المتميزة,مركز - 18,18,,,,,
10009423,شركة محمد بن فالح الجابرى الفندقية,126,مشارق المتميزة,مركز - 56,56,,,,,
10007196,شركة متصدر المقام,4,مشارق المتميزة,مركز - 48,48,,,,,
10012320,شركة محمد بن صالح رزه,23,مشارق المتميزة,مركز - 4,4,,,,,
10010446,شركة فندق الأصالة البكية للضيافة السياحي,1,مشارق المتميزة,مركز - 19,19,,,,,
10007196,شركة متصدر المقام,4,مشارق المتميزة,مركز - 54,54,,,,,
10007196,شركة متصدر المقام,4,مشارق المتميزة,مركز - 20,20,,,,,
10007196,شركة متصدر المقام,56,مشارق المتميزة,مركز - 51,51,,,,,
10009579,شركة قطوف الضيافة للايواء السياحي,3,مشارق المتميزة,مركز - 39,39,,,,,
10010286,شركة فندق رويال ماجستك,45,مشارق المتميزة,مركز - 22,22,,,,,
10009579,شركة قطوف الضيافة للايواء السياحي,278,مشارق المتميزة,مركز - 6,6,,,,,
10012801,شركة عبدالله محمد القحطاني,40,مشارق المتميزة,مركز - 8,8,,,,,
10010446,شركة فندق الأصالة البكية للضيافة السياحي,1,مشارق المتميزة,مركز - 18,18,,,,,
10011208,شركة درة المشاعر العقارية,27,مشارق المتميزة,مركز - 15,15,,,,,
10011645,شركة سما الشعائر لتشغيل الفنادق,716,مشارق المتميزة,مركز - 58,58,,,,,
10010446,شركة فندق الأصالة البكية للضيافة السياحي,1024,مشارق المتميزة,مركز - 51,51,,,,,
10010253,شركة فجر النسك لتشغيل الفنادق,11,مشارق المتميزة,مركز - 31,31,,,,,
10012801,شركة عبدالله محمد القحطاني,20,مشارق المتميزة,مركز - 22,22,,,,,
10009581,شركة عرفات الذهبية,2,مشارق المتميزة,مركز - 6,6,,,,,
10011802,شركة سمارت واريور,221,مشارق المتميزة,مركز - 22,22,,,,,
10012275,شركة عالم الحياة لتشغيل الفنادق شخص واحد,94,مشارق المتميزة,مركز - 44,44,,,,,
10012431,شركة سنود الفندقية شركة مساهمة مقفلة,353,مشارق المتميزة,مركز - 16,16,,,,,
10012431,شركة سنود الفندقية شركة مساهمة مقفلة,1542,مشارق المتميزة,مركز - 10,10,,,,,
10012431,شركة سنود الفندقية شركة مساهمة مقفلة,276,مشارق المتميزة,مركز - 7,7,,,,,
10012431,شركة سنود الفندقية شركة مساهمة مقفلة,4,مشارق المتميزة,مركز - 57,57,,,,,
10012431,شركة سنود الفندقية شركة مساهمة مقفلة,1,مشارق المتميزة,مركز - 17,17,,,,,
10011420,نزل سلمان بن محمد المحمادي للنزل السياحيه,75,هوليدي ان بكة,مركز - 3,3,,,,,
10007316,شركة زهرة المدائن الفندقية شركة شخص واحد,3,مشارق المتميزة,مركز - 18,18,,,,,
10008164,شركة سجى للخدمات الفندقيه,197,مشارق المتميزة,مركز - 3,3,,,,,
10007316,شركة زهرة المدائن الفندقية شركة شخص واحد,1,مشارق المتميزة,مركز - 23,23,,,,,
10012378,مؤسسة الرقي والتقدم للخدمات العقارية,22,هوليدي ان بكة,مركز - 113,113,,,,,
10006794,شركة رواد المناسك لتشغيل الفنادق,1,مشارق المتميزة,مركز - 53,53,,,,,
10007328,شركة توحيد الأصالة للخدمات الفندقية شركة ذات المسؤ,16,مشارق المتميزة,مركز - 31,31,,,,,
10011210,شركة زوار المشاعر المحدودة,32,مشارق المتميزة,مركز - 29,29,,,,,
10007316,شركة زهرة المدائن الفندقية شركة شخص واحد,122,مشارق المتميزة,مركز - 19,19,,,,,
10007316,شركة زهرة المدائن الفندقية شركة شخص واحد,1,مشارق المتميزة,مركز - 7,7,,,,,
10007316,شركة زهرة المدائن الفندقية شركة شخص واحد,360,مشارق المتميزة,مركز - 12,12,,,,,
10006794,شركة رواد المناسك لتشغيل الفنادق,4,مشارق المتميزة,مركز - 33,33,,,,,
10007316,شركة زهرة المدائن الفندقية شركة شخص واحد,3,مشارق المتميزة,مركز - 57,57,,,,,
10011507,شركة ريست زون,36,مشارق المتميزة,مركز - 51,51,,,,,
10011507,شركة ريست زون,287,مشارق المتميزة,مركز - 17,17,,,,,
10012737,شركة روائد السماء المحدودة,360,مشارق المتميزة,مركز - 19,19,,,,,
10006794,شركة رواد المناسك لتشغيل الفنادق,8,مشارق المتميزة,مركز - 60,60,,,,,
10012737,شركة روائد السماء المحدودة,113,مشارق المتميزة,مركز - 18,18,,,,,
10010085,شركة رفاهية الصفوة,3,مشارق المتميزة,مركز - 50,50,,,,,
10006794,شركة رواد المناسك لتشغيل الفنادق,393,مشارق المتميزة,مركز - 20,20,,,,,
10008223,شركة رواء المكارم للضيافة السياحي,11,مشارق المتميزة,مركز - 1,1,,,,,
10006437,شركة جذور الفندقية شركة شخص واحد,27,مشارق المتميزة,مركز - 1,1,,,,,
10006794,شركة رواد المناسك لتشغيل الفنادق,1027,مشارق المتميزة,مركز - 24,24,,,,,
10009954,شركة ركن الزاوية لإدارة مرافق الضيافة السياحية شخص واحد,28,مشارق المتميزة,مركز - 31,31,,,,,
10010085,شركة رفاهية الصفوة,243,مشارق المتميزة,مركز - 33,33,,,,,
10010085,شركة رفاهية الصفوة,267,مشارق المتميزة,مركز - 19,19,,,,,
10011208,شركة درة المشاعر العقارية,4,مشارق المتميزة,مركز - 17,17,,,,,
10011998,شركة رحلات جولان شركة شخص واحد,32,مشارق المتميزة,مركز - 6,6,,,,,
10007290,شركة درة طيبة المحدودة,225,مشارق المتميزة,مركز - 3,3,,,,,
10007838,شركة ديار الخالدية للخدمات الفندقيه,1067,مشارق المتميزة,مركز - 3,3,,,,,
10011208,شركة درة المشاعر العقارية,8,مشارق المتميزة,مركز - 49,49,,,,,
10011208,شركة درة المشاعر العقارية,443,مشارق المتميزة,مركز - 7,7,,,,,
10011208,شركة درة المشاعر العقارية,998,مشارق المتميزة,مركز - 58,58,,,,,
10011273,مؤسسة مسار الأمل الجديد,45,هوليدي ان بكة,مركز - 1,1,,,,,
10011820,شركة اجنحة السعادة,21,مشارق المتميزة,مركز - 57,57,,,,,
10007328,شركة توحيد الأصالة للخدمات الفندقية شركة ذات المسؤ,71,مشارق المتميزة,مركز - 4,4,,,,,
10011542,شركة تراست مكان,465,مشارق المتميزة,مركز - 15,15,,,,,
10012624,وقف الماس اغا,64,هوليدي ان بكة,مركز - 3,3,,,,,
10011691,مؤسسة حسن بن احمد بن سلمان,226,هوليدي ان بكة,مركز - 3,3,,,,,
10011542,شركة تراست مكان,203,مشارق المتميزة,مركز - 12,12,,,,,
10007018,شركة تارا,14,مشارق المتميزة,مركز - 22,22,,,,,
10007774,شركة أبراج ساره للاستثمار العقاري فندق مكةسويس اوتيل,20,مشارق المتميزة,مركز - 3,3,,,,,
10009335,شركة تارا الذهبي,2,مشارق المتميزة,مركز - 4,4,,,,,
10001330,شركة برج هاجر العقارية المحدودة,71,مشارق المتميزة,مركز - 1,1,,,,,
10010527,شركة بلورة الدرة للخدمات الفندقيه,19,مشارق المتميزة,مركز - 39,39,,,,,
10011227,مؤسسة هاني حمود الهذلى,95,هوليدي ان بكة,مركز - 8,8,,,,,
10011617,مؤسسة عبدالاله بن علي الحازمي التجارية,5,هوليدي ان بكة,مركز - 1,1,,,,,
10012010,مؤسسة مسعد بن فازع القرشي,32,هوليدي ان بكة,مركز - 8,8,,,,,
10011096,مؤسسة ولاء جميل المطرفي,8,هوليدي ان بكة,مركز - 8,8,,,,,
10011154,نزل زائر كريم,24,هوليدي ان بكة,مركز - 9,9,,,,,
10011227,مؤسسة هاني حمود الهذلى,45,هوليدي ان بكة,مركز - 2,2,,,,,
10009712,درة أسماء الفندقية,1,مشارق المتميزة,مركز - 7,7,,,,,
10009712,درة أسماء الفندقية,356,مشارق المتميزة,مركز - 54,54,,,,,
10002588,شركة الماسة الخاصة المحدودة,7,مشارق المتميزة,مركز - 11,11,,,,,
10008045,شركة القمة أطلس ثلاثة للخدمات الفندقيه,217,مشارق المتميزة,مركز - 1,1,,,,,
10009980,شركة الوفاق الدولية للمقاولات,300,مشارق المتميزة,مركز - 3,3,,,,,
10012834,شركة التنفيذ الذهبي العقارية,360,مشارق المتميزة,مركز - 14,14,,,,,
10001330,شركة برج هاجر العقارية المحدودة,46,مشارق المتميزة,مركز - 43,43,,,,,
10007665,أنوار ضيافة الفندقية,10342,مناسك المشاعر,مركز - 3,3,,,,,
10010938,شركة المضيئة الماسية المحدودة,40,مشارق المتميزة,مركز - 31,31,,,,,
10011820,شركة اجنحة السعادة,360,مشارق المتميزة,مركز - 48,48,,,,,
10009852,شركة اسكنت الصفوة للخدمات العقارية,88,مشارق المتميزة,مركز - 39,39,,,,,
10009556,شركة اسرار التيسير للخدمات الفندقيه,725,مشارق المتميزة,مركز - 9,9,,,,,
10011115,شركة الهجرة واحد الفندقية,111,مشارق المتميزة,مركز - 6,6,,,,,
10009712,درة أسماء الفندقية,882,مشارق المتميزة,مركز - 34,34,,,,,
10012754,شركة الماسة المشاعر لتشغيل الفنادق,12,مشارق المتميزة,مركز - 59,59,,,,,
10009712,درة أسماء الفندقية,5,مشارق المتميزة,مركز - 13,13,,,,,
10007996,شركة ابراج دانيه الفندقية,11246,مناسك المشاعر,مركز - 1,1,,,,,
10012372,مؤسسة دوحة طيبة للمقاولات العامة,39,هوليدي ان بكة,مركز - 8,8,,,,,
10011553,مؤسسة سما ميسان للمقاولات العامة,48,هوليدي ان بكة,مركز - 8,8,,,,,
10012030,نزل إهداء الوسام,198,هوليدي ان بكة,مركز - 1,1,,,,,
10012449,مؤسسة مسار المئوية التجارية,8,هوليدي ان بكة,مركز - 113,113,,,,,
10007941,شركة البرج العالمية للاستثمار العقاري فندق قصر مكة رفلز,9012,مناسك المشاعر,مركز - 2,2,,,,,
10011553,مؤسسة سما ميسان للمقاولات العامة,14,هوليدي ان بكة,مركز - 9,9,,,,,
10011617,مؤسسة عبدالاله بن علي الحازمي التجارية,2,هوليدي ان بكة,مركز - 3,3,,,,,
10012372,مؤسسة دوحة طيبة للمقاولات العامة,124,هوليدي ان بكة,مركز - 2,2,,,,,
10010216,مؤسسة أركان المطاف لتشغيل الفنادق,25,هوليدي ان بكة,مركز - 1,1,,,,,
10011896,مؤسسة ركائز البنيان العقارية,2,هوليدي ان بكة,مركز - 9,9,,,,,
10011382,معرض أعالي القمة للسيارات,44,هوليدي ان بكة,مركز - 9,9,,,,,
10012013,مؤسسة زكى اسحاق بيغارى,76,هوليدي ان بكة,مركز - 3,3,,,,,
10012387,مؤسسة راكان راجح ضيف الله الكبكبي لغسيل الملابس,156,هوليدي ان بكة,مركز - 8,8,,,,,
10012387,مؤسسة راكان راجح ضيف الله الكبكبي لغسيل الملابس,3,هوليدي ان بكة,مركز - 2,2,,,,,
10007774,شركة أبراج ساره للاستثمار العقاري فندق مكةسويس اوتيل,39,يسر المشاعر,مركز - 310,310,,,,,
10011645,شركة سما الشعائر لتشغيل الفنادق,123,يسر المشاعر,مركز - 212,212,,,,,
10011645,شركة سما الشعائر لتشغيل الفنادق,33,يسر المشاعر,مركز - 210,210,,,,,
10012579,شركة سول10,119,يسر المشاعر,مركز - 133,133,,,,,
10012382,شركة سراج الاسلام سرفيس المحدودة,48,يسر المشاعر,مركز - 110,110,,,,,
10008757,شركة صفوة المشاعر الابداع المحدودة,85,يسر المشاعر,مركز - 311,311,,,,,
10012079,شركة صفات التميز و الابداع,56,يسر المشاعر,مركز - 150,150,,,,,
10012275,شركة عالم الحياة لتشغيل الفنادق شخص واحد,47,يسر المشاعر,مركز - 121,121,,,,,
10012710,شركة سدن الوطنية المحدودة,80,يسر المشاعر,مركز - 110,110,,,,,
10010317,شركة غالب تورز للسفر و السياحة,18,يسر المشاعر,مركز - 133,133,,,,,
10012801,شركة عبدالله محمد القحطاني,340,يسر المشاعر,مركز - 140,140,,,,,
10007078,شركة فندق وفاق المشاعر للضيافة السياحي,16,يسر المشاعر,مركز - 110,110,,,,,
10006235,شركة عبدالرزاق بديع الكتبي لخدمات المعتمرين,15,يسر المشاعر,مركز - 150,150,,,,,
10011933,شركة مخيم رفادة المحدودة شركة شخص واحد,56,يسر المشاعر,مركز - 121,121,,,,,
10011933,شركة مخيم رفادة المحدودة شركة شخص واحد,79,يسر المشاعر,مركز - 110,110,,,,,
10010748,شركة ضيافة الجمال المحدودة,16,يسر المشاعر,مركز - 211,211,,,,,
10006235,شركة عبدالرزاق بديع الكتبي لخدمات المعتمرين,120,يسر المشاعر,مركز - 110,110,,,,,
10009960,شركة نور المشاعر للخدمات الفندقيه شركة شخص واحد,156,يسر المشاعر,مركز - 110,110,,,,,
10012732,شركة نسمات الأسيل لتشغيل الفنادق,36,يسر المشاعر,مركز - 110,110,,,,,
10007092,فندق اعمار السلطان الفندقية,82,يسر المشاعر,مركز - 132,132,,,,,
10009792,شركة ميسان الصفوة الفندقية شخص واحد,183,يسر المشاعر,مركز - 220,220,,,,,
10009868,فندق البلاد اثنين للايواء السياحي,78,يسر المشاعر,مركز - 130,130,,,,,
10010251,فندق الأراضي الطيبه للايواء السياحي,190,يسر المشاعر,مركز - 132,132,,,,,
10009177,فندق الرافدين اجياد الفندقية,1,يسر المشاعر,مركز - 150,150,,,,,
10009792,شركة ميسان الصفوة الفندقية شخص واحد,2,يسر المشاعر,مركز - 212,212,,,,,
10007681,فندق أبراج الصفوة الفندقية,35,يسر المشاعر,مركز - 150,150,,,,,
10011118,شقق روز الحجاز للشقق المخدومة,478,هوليدي ان بكة,مركز - 113,113,,,,,
10002537,فندق الهجرة الماسي الفندقية,3,يسر المشاعر,مركز - 110,110,,,,,
10007537,فندق أعمدة الذهب,48,يسر المشاعر,مركز - 110,110,,,,,
10007467,فندق سواعد الخير الفندقية,21,يسر المشاعر,مركز - 140,140,,,,,
10007467,فندق سواعد الخير الفندقية,304,يسر المشاعر,مركز - 132,132,,,,,
10011698,شركة ميزاب الفندقية شركة شخص واحد,2,يسر المشاعر,مركز - 110,110,,,,,
10002405,فندق العليان الحرم الفندقية,39,يسر المشاعر,مركز - 150,150,,,,,
10007631,فندق منازل الفضيلة الفندقية,90,يسر المشاعر,مركز - 121,121,,,,,
10007631,فندق منازل الفضيلة الفندقية,13,يسر المشاعر,مركز - 150,150,,,,,
10007908,فندق فارس أجياد للخدمات الفندقيه,1,يسر المشاعر,مركز - 132,132,,,,,
10007631,فندق منازل الفضيلة الفندقية,26,يسر المشاعر,مركز - 133,133,,,,,
10009134,فندق نوارة شمس الفندقية,9,يسر المشاعر,مركز - 132,132,,,,,
10009134,فندق نوارة شمس الفندقية,14,يسر المشاعر,مركز - 110,110,,,,,
10007908,فندق فارس أجياد للخدمات الفندقيه,317,يسر المشاعر,مركز - 130,130,,,,,
10007631,فندق منازل الفضيلة الفندقية,197,يسر المشاعر,مركز - 110,110,,,,,
10008649,فندق لؤلؤه الزرقاء للايواء السياحي,77,يسر المشاعر,مركز - 121,121,,,,,
10010215,فندق لؤلؤة الازهر الفندقية,56,يسر المشاعر,مركز - 130,130,,,,,
10007554,فندق مسار العز الفندقية,8,يسر المشاعر,مركز - 121,121,,,,,
10010215,فندق لؤلؤة الازهر الفندقية,172,يسر المشاعر,مركز - 132,132,,,,,
10001021,فندق مكارم اجياد مكة,27,يسر المشاعر,مركز - 310,310,,,,,
10002441,فندق مسارات الفضي الفندقية,28,يسر المشاعر,مركز - 220,220,,,,,
10011323,شركة ملتقى الايمان للضيافة السياحي,49,يسر المشاعر,مركز - 220,220,,,,,
10011959,مؤسسة رداء الفخامه,64,يسر المشاعر,مركز - 210,210,,,,,
10012013,مؤسسة زكى اسحاق بيغارى,128,يسر المشاعر,مركز - 212,212,,,,,
10012397,مؤسسة تميز الصفوة للخدمات الفندقيه,1,يسر المشاعر,مركز - 110,110,,,,,
10012387,مؤسسة راكان راجح ضيف الله الكبكبي لغسيل الملابس,292,يسر المشاعر,مركز - 112,112,,,,,
10012397,مؤسسة تميز الصفوة للخدمات الفندقيه,5,يسر المشاعر,مركز - 211,211,,,,,
10012420,فندق هدوء الحجاز,71,يسر المشاعر,مركز - 150,150,,,,,
10007279,فندق هجرة الخير الفندقية,43,يسر المشاعر,مركز - 133,133,,,,,
10012808,مؤسسة ايمن غازي رواس لخدمات الاعاشة,403,يسر المشاعر,مركز - 311,311,,,,,
10012397,مؤسسة تميز الصفوة للخدمات الفندقيه,35,يسر المشاعر,مركز - 130,130,,,,,
10012538,مؤسسة فهد بن احمد بن احمد اسماعيل لالعاب الأطفال,217,يسر المشاعر,مركز - 150,150,,,,,
10011923,مؤسسة عبدالكريم سعيد الزهراني,47,يسر المشاعر,مركز - 311,311,,,,,
10012433,مؤسسة نجود عبده بن محمد صميلي التجارية,10,يسر المشاعر,مركز - 113,113,,,,,
10012180,مؤسسة سما البشائر السياحية للنزل المؤقت,244,يسر المشاعر,مركز - 110,110,,,,,
10001998,فندق أبراج الجنادرية الفندقية,5,هوليدي ان بكة,مركز - 64,64,,,,,
10011956,مؤسسة مشعل بن مساعد بن مطلق الشريف التجارية,228,يسر المشاعر,مركز - 212,212,,,,,
10011808,مؤسسة البحيرات الدولية للمقاولات العامة,87,يسر المشاعر,مركز - 121,121,,,,,
10011488,مؤسسة عبدالكريم عبيد ثابت الثبيتي التجارية,100,يسر المشاعر,مركز - 150,150,,,,,
10012493,مؤسسة يوسف بن محمد بن يحيى البطاح الاهدل التجارية,1,يسر المشاعر,مركز - 113,113,,,,,
10012624,وقف الماس اغا,66,يسر المشاعر,مركز - 110,110,,,,,
10012072,نزل مشعل مبارك بن منير الشجعانى للنزل السياحيه,32,يسر المشاعر,مركز - 212,212,,,,,
10011292,نزل نوره ضيف  الله غرسان الزهراني للنزل السياحيه,199,يسر المشاعر,مركز - 131,131,,,,,
10012072,نزل مشعل مبارك بن منير الشجعانى للنزل السياحيه,112,يسر المشاعر,مركز - 210,210,,,,,
10012936,نزل نواف عبدالعزيز بن عبدالله العيسى,54,يسر المشاعر,مركز - 220,220,,,,,
10012016,نزل مبشر محمد مبشر ال غرمان للنزل السياحيه,205,يسر المشاعر,مركز - 140,140,,,,,
10012015,نزل رباط المبرة للنزل السياحيه,21,يسر المشاعر,مركز - 121,121,,,,,
10007665,أنوار ضيافة الفندقية,120,هوليدي ان بكة,مركز - 112,112,,,,,
10011292,نزل نوره ضيف  الله غرسان الزهراني للنزل السياحيه,2,يسر المشاعر,مركز - 133,133,,,,,
10008145,شركة العطلات الاقتصاديه لتنظيم الرحلات,17,هوليدي ان بكة,مركز - 69,69,,,,,
10012202,نزل سرايا التوحيد,70,يسر المشاعر,مركز - 310,310,,,,,
10007435,شركة الصفوة اوركيد الذهبية الفندقية شركة شخص واحد,60,هوليدي ان بكة,مركز - 68,68,,,,,
10007435,شركة الصفوة اوركيد الذهبية الفندقية شركة شخص واحد,316,هوليدي ان بكة,مركز - 112,112,,,,,
10009070,شقق وحدات الرياض اثنين للشقق المخدومة,2,هوليدي ان بكة,مركز - 68,68,,,,,
10012481,نزل عبدالله عوده المحلبدي للنزل السياحيه,227,يسر المشاعر,مركز - 150,150,,,,,
10006755,شركة اصيل الهيبة لتشغيل الفنادق,195,هوليدي ان بكة,مركز - 69,69,,,,,
10011815,شركة اطلس الفندقية قابضة,97,هوليدي ان بكة,مركز - 112,112,,,,,
10007774,شركة أبراج ساره للاستثمار العقاري فندق مكةسويس اوتيل,22,هوليدي ان بكة,مركز - 3,3,,,,,
10007391,شركة ابراج ساره للاستثمار العقاري فندق سويس أوتيل المقام مكة,6,هوليدي ان بكة,مركز - 2,2,,,,,
10001330,شركة برج هاجر العقارية المحدودة,103,هوليدي ان بكة,مركز - 69,69,,,,,
10001330,شركة برج هاجر العقارية المحدودة,598,هوليدي ان بكة,مركز - 112,112,,,,,
10009895,شركة حجوزات الخليج المحدودة,91,هوليدي ان بكة,مركز - 68,68,,,,,
10007336,شركة البرج العالمية لادارة الفنادق فندق ساعة مكة فيرمونت,71,هوليدي ان بكة,مركز - 66,66,,,,,
10012335,شركة سدرة البيت الفندقية,102,هوليدي ان بكة,مركز - 8,8,,,,,
10007316,شركة زهرة المدائن الفندقية شركة شخص واحد,145,هوليدي ان بكة,مركز - 112,112,,,,,
10010286,شركة فندق رويال ماجستك,100,هوليدي ان بكة,مركز - 8,8,,,,,
10000983,شركة فندق ابراج شركة مكه الفندقية شركة شخص واحد,393,هوليدي ان بكة,مركز - 69,69,,,,,
10000983,شركة فندق ابراج شركة مكه الفندقية شركة شخص واحد,26,هوليدي ان بكة,مركز - 66,66,,,,,
10007548,شركة فندق ابراج الكسوة الفندقية,226,هوليدي ان بكة,مركز - 67,67,,,,,
10007548,شركة فندق ابراج الكسوة الفندقية,1720,هوليدي ان بكة,مركز - 64,64,,,,,
10007631,فندق منازل الفضيلة الفندقية,20,يسر المشاعر,مركز - 120,120,,,,,
10007336,شركة البرج العالمية لادارة الفنادق فندق ساعة مكة فيرمونت,175,هوليدي ان بكة,مركز - 69,69,,,,,
10012374,مؤسسة حمد عبدالرحمن بن حمد المحياني التجارية,52,يسر المشاعر,مركز - 113,113,,,,,
10012452,مؤسسة رفيعه بديع فالح الجهمي للصيانة والنظافة,72,يسر المشاعر,مركز - 150,150,,,,,
10007279,فندق هجرة الخير الفندقية,47,يسر المشاعر,مركز - 150,150,,,,,
10009896,مؤسسة ورد التنموية الفندقية,65,يسر المشاعر,مركز - 120,120,,,,,
10011478,مؤسسة فوزان بن يحى بدرى,5,يسر المشاعر,مركز - 211,211,,,,,
10012505,مؤسسة محمد علي ال صديق الزبيدي لمواد البناء,91,يسر المشاعر,مركز - 140,140,,,,,
10012592,مؤسسة هلال حاسن بن حمدان القشمري التجارية,106,يسر المشاعر,مركز - 121,121,,,,,
10012457,مؤسسة محمد اسماعيل على فلاته الفندقية,4,يسر المشاعر,مركز - 121,121,,,,,
10012493,مؤسسة يوسف بن محمد بن يحيى البطاح الاهدل التجارية,13,يسر المشاعر,مركز - 112,112,,,,,
10012252,نزل ريان راجح الكبكبي للايواء السياحي,40,يسر المشاعر,مركز - 150,150,,,,,
10012624,وقف الماس اغا,32,يسر المشاعر,مركز - 210,210,,,,,
10012072,نزل مشعل مبارك بن منير الشجعانى للنزل السياحيه,23,يسر المشاعر,مركز - 220,220,,,,,
10012523,نزل ابراهيم سعود الحلاف,303,يسر المشاعر,مركز - 150,150,,,,,
10010681,الشركة الوطنية لخدمات المعتمرين,9,هوليدي ان بكة,مركز - 112,112,,,,,
10009282,شركة العلاء المحدودة,77,هوليدي ان بكة,مركز - 112,112,,,,,
10012579,شركة سول10,40,يسر المشاعر,مركز - 130,130,,,,,
10006755,شركة اصيل الهيبة لتشغيل الفنادق,41,هوليدي ان بكة,مركز - 68,68,,,,,
10007774,شركة أبراج ساره للاستثمار العقاري فندق مكةسويس اوتيل,72,هوليدي ان بكة,مركز - 112,112,,,,,
10000966,فندق فيوليت ثلاثة الفندقية,46,ابراج شركة مكه,مركز - 101,101,,,,,
10000423,شركة تلال الفندقية,71,هوليدي ان بكة,مركز - 68,68,,,,,
10006437,شركة جذور الفندقية شركة شخص واحد,35,هوليدي ان بكة,مركز - 113,113,,,,,
10008741,شركة صدف الخير للخدمات الفندقيه,95,هوليدي ان بكة,مركز - 9,9,,,,,
10006665,شركة سنود اجياد للخدمات الفندقيه شركة شخص واحد,217,هوليدي ان بكة,مركز - 112,112,,,,,
10007336,شركة البرج العالمية لادارة الفنادق فندق ساعة مكة فيرمونت,127,هوليدي ان بكة,مركز - 112,112,,,,,
10008757,شركة صفوة المشاعر الابداع المحدودة,37,هوليدي ان بكة,مركز - 113,113,,,,,
10008757,شركة صفوة المشاعر الابداع المحدودة,72,هوليدي ان بكة,مركز - 68,68,,,,,
10011645,شركة سما الشعائر لتشغيل الفنادق,81,هوليدي ان بكة,مركز - 9,9,,,,,
10009895,شركة حجوزات الخليج المحدودة,2,هوليدي ان بكة,مركز - 69,69,,,,,
10009335,شركة تارا الذهبي,57,هوليدي ان بكة,مركز - 2,2,,,,,
10007774,شركة أبراج ساره للاستثمار العقاري فندق مكةسويس اوتيل,73,هوليدي ان بكة,مركز - 69,69,,,,,
10006755,شركة اصيل الهيبة لتشغيل الفنادق,234,هوليدي ان بكة,مركز - 112,112,,,,,
10006701,شركة الدانه الماسية الفندقية شركة شخص واحد,31,هوليدي ان بكة,مركز - 113,113,,,,,
10007435,شركة الصفوة اوركيد الذهبية الفندقية شركة شخص واحد,49,هوليدي ان بكة,مركز - 113,113,,,,,
10008145,شركة العطلات الاقتصاديه لتنظيم الرحلات,20,هوليدي ان بكة,مركز - 112,112,,,,,
10010137,شركة ايراد المتقدمة للخدمات الفندقيه,26,هوليدي ان بكة,مركز - 3,3,,,,,
10012015,نزل رباط المبرة للنزل السياحيه,31,يسر المشاعر,مركز - 120,120,,,,,
10011648,نزل عادل صالح السليمانى للنزل السياحيه,153,يسر المشاعر,مركز - 113,113,,,,,
10012252,نزل ريان راجح الكبكبي للايواء السياحي,290,يسر المشاعر,مركز - 113,113,,,,,
10012695,نزل زيد بن مطر القرشي للنزل السياحيه,151,يسر المشاعر,مركز - 110,110,,,,,
10012493,مؤسسة يوسف بن محمد بن يحيى البطاح الاهدل التجارية,1,يسر المشاعر,مركز - 140,140,,,,,
10011193,مؤسسة نزل الكرم,6,يسر المشاعر,مركز - 150,150,,,,,
10012433,مؤسسة نجود عبده بن محمد صميلي التجارية,50,يسر المشاعر,مركز - 122,122,,,,,
10012433,مؤسسة نجود عبده بن محمد صميلي التجارية,1,يسر المشاعر,مركز - 121,121,,,,,
10012110,مؤسسة سعيد بن محمد عمر با ناعمه الوقفية,179,يسر المشاعر,مركز - 310,310,,,,,
10011884,مؤسسة ايمن حسن زامل,37,يسر المشاعر,مركز - 150,150,,,,,
10012387,مؤسسة راكان راجح ضيف الله الكبكبي لغسيل الملابس,74,يسر المشاعر,مركز - 113,113,,,,,
10012374,مؤسسة حمد عبدالرحمن بن حمد المحياني التجارية,273,يسر المشاعر,مركز - 112,112,,,,,
10006879,فندق منار الهدى الفندقية,16,يسر المشاعر,مركز - 110,110,,,,,
10007703,فندق مكارم المشاعر الفندقية,73,يسر المشاعر,مركز - 150,150,,,,,
10007548,شركة فندق ابراج الكسوة الفندقية,10,هوليدي ان بكة,مركز - 112,112,,,,,
10007548,شركة فندق ابراج الكسوة الفندقية,1,هوليدي ان بكة,مركز - 66,66,,,,,
10000983,شركة فندق ابراج شركة مكه الفندقية شركة شخص واحد,3,هوليدي ان بكة,مركز - 2,2,,,,,
10000983,شركة فندق ابراج شركة مكه الفندقية شركة شخص واحد,61,هوليدي ان بكة,مركز - 112,112,,,,,
10010914,شركة فندق ايلاف الخير الفندقية,93,هوليدي ان بكة,مركز - 69,69,,,,,
10010914,شركة فندق ايلاف الخير الفندقية,11,هوليدي ان بكة,مركز - 112,112,,,,,
10002446,شركة مسارات الخليل,130,هوليدي ان بكة,مركز - 9,9,,,,,
10012026,شركة مسارات المملكة الدولية المحدودة,124,هوليدي ان بكة,مركز - 3,3,,,,,
10009571,شركة منازل المقام للخدمات الفندقيه شخص واحد,1,هوليدي ان بكة,مركز - 69,69,,,,,
10006698,شركة ميسان المشاعر الفندقية,2,هوليدي ان بكة,مركز - 69,69,,,,,
10011672,شركة نور السلام المتحدة التجارية,10,هوليدي ان بكة,مركز - 3,3,,,,,
10008879,شقق ديوان النزهة للشقق المخدومة,72,هوليدي ان بكة,مركز - 8,8,,,,,
10009817,شقق وحدات الرياض للشقق المخدومة,2,هوليدي ان بكة,مركز - 69,69,,,,,
10009070,شقق وحدات الرياض اثنين للشقق المخدومة,48,هوليدي ان بكة,مركز - 69,69,,,,,
10007543,فندق اكابر الهجرة الفندقية,91,هوليدي ان بكة,مركز - 8,8,,,,,
10007702,فندق الازهر النزهة الفندقية,87,هوليدي ان بكة,مركز - 113,113,,,,,
10010798,فندق الصفوة رويال أوركيد الفندقية,142,هوليدي ان بكة,مركز - 69,69,,,,,
10006531,فندق العليان اجياد الفندقية,60,هوليدي ان بكة,مركز - 69,69,,,,,
10006942,فندق أسيل أجياد للايواء السياحي,1,هوليدي ان بكة,مركز - 1,1,,,,,
10007681,فندق أبراج الصفوة الفندقية,343,هوليدي ان بكة,مركز - 69,69,,,,,
10001998,فندق أبراج الجنادرية الفندقية,2489,هوليدي ان بكة,مركز - 67,67,,,,,
10001998,فندق أبراج الجنادرية الفندقية,2,هوليدي ان بكة,مركز - 69,69,,,,,
10007001,فندق ايلاف البيت للضيافة السياحي,98,هوليدي ان بكة,مركز - 68,68,,,,,
10007021,فندق اوتاد المتحدة لتشغيل الفنادق,49,هوليدي ان بكة,مركز - 3,3,,,,,
10007293,فندق المروة ريحان فرع شركة جوار لإدارة وتسويق وتطوير العقار,37,هوليدي ان بكة,مركز - 112,112,,,,,
10008649,فندق لؤلؤه الزرقاء للايواء السياحي,5,يسر المشاعر,مركز - 120,120,,,,,
10011141,فندق قصر الكادي الفندقية,24,يسر المشاعر,مركز - 140,140,,,,,
10006268,فندق هبة المهاجرين الفندقية,8,يسر المشاعر,مركز - 132,132,,,,,
10009254,فندق ميره أجياد الفندقية,33,يسر المشاعر,مركز - 112,112,,,,,
10011717,شركة ضيافة الوسام الماسي,21,هوليدي ان بكة,مركز - 3,3,,,,,
10007467,فندق سواعد الخير الفندقية,2,يسر المشاعر,مركز - 130,130,,,,,
10007059,فندق سويس جراند الفندقية,205,يسر المشاعر,مركز - 133,133,,,,,
10002567,فندق سما السماح الفندقية,12,يسر المشاعر,مركز - 110,110,,,,,
10007293,فندق المروة ريحان فرع شركة جوار لإدارة وتسويق وتطوير العقار,90,يسر المشاعر,مركز - 310,310,,,,,
10007622,فندق التقوى الراقي الفندقية,22,يسر المشاعر,مركز - 130,130,,,,,
10012831,فندق الرسالة الجوار للخدمات الفندقيه,39,يسر المشاعر,مركز - 211,211,,,,,
10009868,فندق البلاد اثنين للايواء السياحي,15,يسر المشاعر,مركز - 110,110,,,,,
10007092,فندق اعمار السلطان الفندقية,27,يسر المشاعر,مركز - 110,110,,,,,
10011146,شقق درر الراشدية المخدومة,181,يسر المشاعر,مركز - 211,211,,,,,
10009816,شركة زاد المسافر للسفر و السياحة شركةشخص واحد,13,يسر المشاعر,مركز - 112,112,,,,,
10011933,شركة مخيم رفادة المحدودة شركة شخص واحد,74,يسر المشاعر,مركز - 120,120,,,,,
10007078,شركة فندق وفاق المشاعر للضيافة السياحي,5,يسر المشاعر,مركز - 133,133,,,,,
10000983,شركة فندق ابراج شركة مكه الفندقية شركة شخص واحد,28,يسر المشاعر,مركز - 310,310,,,,,
10010689,شركة صدف الخير للخدمات الفندقية,305,يسر المشاعر,مركز - 133,133,,,,,
10009510,شركة ضيافة المدينة للتجارة,30,يسر المشاعر,مركز - 110,110,,,,,
10012579,شركة سول10,14,يسر المشاعر,مركز - 131,131,,,,,
10011645,شركة سما الشعائر لتشغيل الفنادق,435,يسر المشاعر,مركز - 222,222,,,,,
10007582,شركة رسالة الكيان الذهبيه,115,يسر المشاعر,مركز - 211,211,,,,,
10009842,شركة ذات الثقة لإدارة مرافق الضيافة السياحية شخص واحد,13,يسر المشاعر,مركز - 132,132,,,,,
10009335,شركة تارا الذهبي,52,يسر المشاعر,مركز - 130,130,,,,,
10010527,شركة بلورة الدرة للخدمات الفندقيه,1,يسر المشاعر,مركز - 120,120,,,,,
10011256,شركة المستحدث للمقاولات شركة ذات المسؤولية المحدودة من,10,يسر المشاعر,مركز - 150,150,,,,,
10007336,شركة البرج العالمية لادارة الفنادق فندق ساعة مكة فيرمونت,8,يسر المشاعر,مركز - 310,310,,,,,
10007053,فندق ملينيوم كوبثورن النسيم,165,ابراج شركة مكه,مركز - 5,5,,,,,
10012169,نزل عدنان سعيد الصاعدي للنزل السياحيه,176,الراجحي,مركز - 141,141,,,,,
10009255,شركة منازل الطلائع للشقق المخدومة,109,رواف منى,مركز - 18,18,,,,,
10006734,شركة مناسك النور لإدارة وتشغيل المباني,5,رواف منى,مركز - 57,57,,,,,
10009255,شركة منازل الطلائع للشقق المخدومة,106,رواف منى,مركز - 59,59,,,,,
10011780,شركة مساكن الانوار الذهبية المحدودة,92,رواف منى,مركز - 19,19,,,,,
10011863,شركة ماس الطلائع,457,رواف منى,مركز - 53,53,,,,,
10007391,شركة ابراج ساره للاستثمار العقاري فندق سويس أوتيل المقام مكة,56,ضيوف البيت,مركز - 4,4,,,,,
10011863,شركة ماس الطلائع,149,رواف منى,مركز - 61,61,,,,,
10001330,شركة برج هاجر العقارية المحدودة,50,يسر المشاعر,مركز - 311,311,,,,,
10010798,فندق الصفوة رويال أوركيد الفندقية,1,بشرى الضيافة,مركز - 6,6,,,,,
10011115,شركة الهجرة واحد الفندقية,2,يسر المشاعر,مركز - 150,150,,,,,
10007435,شركة الصفوة اوركيد الذهبية الفندقية شركة شخص واحد,188,يسر المشاعر,مركز - 310,310,,,,,
10012726,نزل الميزان السكنية للنزل السياحيه,508,الراجحي,مركز - 148,148,,,,,
10007882,نزل ندوة قريش للايواء السياحي,213,الراجحي,مركز - 146,146,,,,,
10011404,مؤسسة بندر بن محمد الهمزاني,6,مشارق الماسية,مركز - 706,706,,,,,
10010871,شركة منازل العين كوما التجارية  قابضة,38,رواف منى,مركز - 16,16,,,,,
10007493,فندق كنانة العزيزية للخدمات الفندقيه,389,هوليدي ان بكة,مركز - 17,17,,,,,
10008083,فندق لؤلؤة النوير الفندقية,22,هوليدي ان بكة,مركز - 22,22,,,,,
10009860,مؤسسة أمل المشاعر,120,مشارق الماسية,مركز - 704,704,,,,,
10009860,مؤسسة أمل المشاعر,328,مشارق الماسية,مركز - 705,705,,,,,
10007665,أنوار ضيافة الفندقية,10342,مناسك المشاعر,مركز - 10,10,,,,,
10008083,فندق لؤلؤة النوير الفندقية,29,هوليدي ان بكة,مركز - 16,16,,,,,
10007941,شركة البرج العالمية للاستثمار العقاري فندق قصر مكة رفلز,2,هوليدي ان بكة,مركز - 1,1,,,,,
10012141,مؤسسة بحار الشرق للخدمات اللوجستية,150,مشارق الماسية,مركز - 703,703,,,,,
10009255,شركة منازل الطلائع للشقق المخدومة,1608,رواف منى,مركز - 50,50,,,,,
10006217,شركة معاد العالمية الفندقية المحدودة,3561,رواف منى,مركز - 15,15,,,,,
10006734,شركة مناسك النور لإدارة وتشغيل المباني,50,رواف منى,مركز - 46,46,,,,,
10007251,شركة كنوز الضيافة اثنين الفندقية,40,رواف منى,مركز - 45,45,,,,,
10011606,نزل منيب للنزل السياحيه,60,الراجحي,مركز - 142,142,,,,,
10010222,فندق ملتزم البيت الفندقية,91,ابراج شركة مكه,مركز - 44,44,,,,,
10007435,شركة الصفوة اوركيد الذهبية الفندقية شركة شخص واحد,172,يسر المشاعر,مركز - 130,130,,,,,
10010962,شركة الريان الضيافة لأدارة وتشغيل الفنادق,12,يسر المشاعر,مركز - 131,131,,,,,
10010527,شركة بلورة الدرة للخدمات الفندقيه,38,يسر المشاعر,مركز - 131,131,,,,,
10009335,شركة تارا الذهبي,142,يسر المشاعر,مركز - 131,131,,,,,
10009335,شركة تارا الذهبي,81,يسر المشاعر,مركز - 140,140,,,,,
10009842,شركة ذات الثقة لإدارة مرافق الضيافة السياحية شخص واحد,68,يسر المشاعر,مركز - 130,130,,,,,
10007328,شركة توحيد الأصالة للخدمات الفندقية شركة ذات المسؤ,7,يسر المشاعر,مركز - 150,150,,,,,
10011998,شركة رحلات جولان شركة شخص واحد,25,يسر المشاعر,مركز - 222,222,,,,,
10006665,شركة سنود اجياد للخدمات الفندقيه شركة شخص واحد,49,يسر المشاعر,مركز - 150,150,,,,,
10011950,شركة ضيافات العالم للاستثمار,106,يسر المشاعر,مركز - 140,140,,,,,
10008693,شركة كورت يارد باي ماريوت كدي الفندقية,149,يسر المشاعر,مركز - 310,310,,,,,
10009537,شركة كيان الرايه للضيافة السياحي,19,يسر المشاعر,مركز - 140,140,,,,,
10011933,شركة مخيم رفادة المحدودة شركة شخص واحد,1,يسر المشاعر,مركز - 113,113,,,,,
10011089,شركة نماء العصرية للفنادق,290,رواف منى,مركز - 44,44,,,,,
10001556,فندق أجواد أجياد,249,يسر المشاعر,مركز - 132,132,,,,,
10007092,فندق اعمار السلطان الفندقية,78,يسر المشاعر,مركز - 131,131,,,,,
10009868,فندق البلاد اثنين للايواء السياحي,5,يسر المشاعر,مركز - 132,132,,,,,
10009868,فندق البلاد اثنين للايواء السياحي,53,يسر المشاعر,مركز - 131,131,,,,,
10007171,فندق ايلاف كنده فرع شركة ايلاف للفنادق المحدوده,10,يسر المشاعر,مركز - 150,150,,,,,
10007171,فندق ايلاف كنده فرع شركة ايلاف للفنادق المحدوده,52,يسر المشاعر,مركز - 112,112,,,,,
10007001,فندق ايلاف البيت للضيافة السياحي,43,يسر المشاعر,مركز - 112,112,,,,,
10006643,فندق سويس الخليل الفندقية,4,يسر المشاعر,مركز - 140,140,,,,,
10007465,فندق شباب دلما الفندقية,17,يسر المشاعر,مركز - 110,110,,,,,
10001998,فندق أبراج الجنادرية الفندقية,1,هوليدي ان بكة,مركز - 63,63,,,,,
10008863,فندق ندى الهجرة للضيافة السياحي,32,يسر المشاعر,مركز - 140,140,,,,,
10007994,فندق كرم الفندقية,186,يسر المشاعر,مركز - 310,310,,,,,
10007293,فندق المروة ريحان فرع شركة جوار لإدارة وتسويق وتطوير العقار,99,هوليدي ان بكة,مركز - 69,69,,,,,
10007171,فندق ايلاف كنده فرع شركة ايلاف للفنادق المحدوده,69,هوليدي ان بكة,مركز - 112,112,,,,,
10007293,فندق المروة ريحان فرع شركة جوار لإدارة وتسويق وتطوير العقار,126,هوليدي ان بكة,مركز - 113,113,,,,,
10002537,فندق الهجرة الماسي الفندقية,70,هوليدي ان بكة,مركز - 2,2,,,,,
10007010,فندق اوتاد المتحده للضيافة السياحي,72,هوليدي ان بكة,مركز - 69,69,,,,,
10001998,فندق أبراج الجنادرية الفندقية,3749,هوليدي ان بكة,مركز - 66,66,,,,,
10001998,فندق أبراج الجنادرية الفندقية,1,هوليدي ان بكة,مركز - 65,65,,,,,
10007681,فندق أبراج الصفوة الفندقية,135,هوليدي ان بكة,مركز - 68,68,,,,,
10006915,فندق أمجاد الجزيرة فرع شركة أمجاد الجزيرة للإستثمار العقاري,307,هوليدي ان بكة,مركز - 69,69,,,,,
10006796,فندق أميرة جراند,242,هوليدي ان بكة,مركز - 3,3,,,,,
10006531,فندق العليان اجياد الفندقية,46,هوليدي ان بكة,مركز - 68,68,,,,,
10010798,فندق الصفوة رويال أوركيد الفندقية,93,هوليدي ان بكة,مركز - 113,113,,,,,
10007543,فندق اكابر الهجرة الفندقية,40,هوليدي ان بكة,مركز - 2,2,,,,,
10006584,فندق ابراج التيسير طوى للخدمات الفندقيه,1,هوليدي ان بكة,مركز - 69,69,,,,,
10006584,فندق ابراج التيسير طوى للخدمات الفندقيه,145,هوليدي ان بكة,مركز - 66,66,,,,,
10006584,فندق ابراج التيسير طوى للخدمات الفندقيه,3865,هوليدي ان بكة,مركز - 63,63,,,,,
10006698,شركة ميسان المشاعر الفندقية,83,هوليدي ان بكة,مركز - 68,68,,,,,
10007665,أنوار ضيافة الفندقية,2,حجاج الداخل,مركز - 10165,10165,1,1,,,
10010681,الشركة الوطنية لخدمات المعتمرين,2,حجاج الداخل,مركز - 10165,10165,1,1,,,
10010681,الشركة الوطنية لخدمات المعتمرين,2,الخطوط السعودية,مركز - 101,101,1,1,,,
10011752,شركة حلول القمة العالمية المحدودة,24,يسر المشاعر,مركز - 121,121,,,,,
10012275,شركة عالم الحياة لتشغيل الفنادق شخص واحد,19,يسر المشاعر,مركز - 120,120,,,,,
10011089,شركة نماء العصرية للفنادق,15,رواف منى,مركز - 43,43,,,,,
10007476,شركة وردة المعابدة الفندقية,16,هوليدي ان بكة,مركز - 1,1,,,,,
10009282,شركة العلاء المحدودة,42,هوليدي ان بكة,مركز - 68,68,,,,,
10009134,فندق نوارة شمس الفندقية,41,يسر المشاعر,مركز - 130,130,,,,,
10006235,شركة عبدالرزاق بديع الكتبي لخدمات المعتمرين,145,يسر المشاعر,مركز - 133,133,,,,,
10002248,شركة كنوز الضيافه,61,رواف منى,مركز - 62,62,,,,,
10011752,شركة حلول القمة العالمية المحدودة,108,يسر المشاعر,مركز - 120,120,,,,,
10007476,شركة وردة المعابدة الفندقية,163,هوليدي ان بكة,مركز - 3,3,,,,,
10011808,مؤسسة البحيرات الدولية للمقاولات العامة,117,يسر المشاعر,مركز - 120,120,,,,,
10007554,فندق مسار العز الفندقية,8,يسر المشاعر,مركز - 120,120,,,,,
10012397,مؤسسة تميز الصفوة للخدمات الفندقيه,73,يسر المشاعر,مركز - 220,220,,,,,
10007435,شركة الصفوة اوركيد الذهبية الفندقية شركة شخص واحد,236,هوليدي ان بكة,مركز - 69,69,,,,,
10009282,شركة العلاء المحدودة,74,هوليدي ان بكة,مركز - 69,69,,,,,
10007596,فندق مسارات الدرة الفندقية,10,يسر المشاعر,مركز - 220,220,,,,,
10012211,شركة نسك المسرة التجارية قابضة,54,هوليدي ان بكة,مركز - 112,112,,,,,
10007681,فندق أبراج الصفوة الفندقية,446,هوليدي ان بكة,مركز - 112,112,,,,,
10009134,فندق نوارة شمس الفندقية,3,يسر المشاعر,مركز - 113,113,,,,,
10007059,فندق سويس جراند الفندقية,192,يسر المشاعر,مركز - 131,131,,,,,
10009510,شركة ضيافة المدينة للتجارة,73,يسر المشاعر,مركز - 140,140,,,,,
10011133,شركة إيلاف للاستثمار الدولي,292,يسر المشاعر,مركز - 130,130,,,,,
10001669,شركة مأثر الضيافة لخدمات المعتمرين,11,رواف منى,مركز - 60,60,,,,,
10010871,شركة منازل العين كوما التجارية  قابضة,20,رواف منى,مركز - 48,48,,,,,
10007774,شركة أبراج ساره للاستثمار العقاري فندق مكةسويس اوتيل,55,يسر المشاعر,مركز - 311,311,,,,,
10008649,فندق لؤلؤه الزرقاء للايواء السياحي,38,يسر المشاعر,مركز - 150,150,,,,,
10010845,فندق اعمار الخير الماسي للضيافة السياحي,29,يسر المشاعر,مركز - 131,131,,,,,
10007994,فندق كرم الفندقية,2,يسر المشاعر,مركز - 311,311,,,,,
10006665,شركة سنود اجياد للخدمات الفندقيه شركة شخص واحد,29,يسر المشاعر,مركز - 130,130,,,,,
10006922,فندق ماسة الريان للايواء السياحي,1,يسر المشاعر,مركز - 133,133,,,,,
10006584,فندق ابراج التيسير طوى للخدمات الفندقيه,10,هوليدي ان بكة,مركز - 67,67,,,,,
10012801,شركة عبدالله محمد القحطاني,246,هوليدي ان بكة,مركز - 3,3,,,,,
10007596,فندق مسارات الدرة الفندقية,12,يسر المشاعر,مركز - 210,210,,,,,
10011966,مؤسسة ليمة الماسي,173,يسر المشاعر,مركز - 140,140,,,,,
10012451,نزل الجود والسلام للنزل السياحيه,156,يسر المشاعر,مركز - 133,133,,,,,
10001330,شركة برج هاجر العقارية المحدودة,217,هوليدي ان بكة,مركز - 68,68,,,,,
10008145,شركة العطلات الاقتصاديه لتنظيم الرحلات,1,هوليدي ان بكة,مركز - 8,8,,,,,
10012433,مؤسسة نجود عبده بن محمد صميلي التجارية,22,يسر المشاعر,مركز - 112,112,,,,,
10007596,فندق مسارات الدرة الفندقية,24,يسر المشاعر,مركز - 212,212,,,,,
10002446,شركة مسارات الخليل,32,هوليدي ان بكة,مركز - 8,8,,,,,
10011411,شركة نجمة اسراء الذهبي للخدمات الفندقية,183,هوليدي ان بكة,مركز - 9,9,,,,,
10009177,فندق الرافدين اجياد الفندقية,75,هوليدي ان بكة,مركز - 9,9,,,,,
10010059,فندق أجم منى للضيافة السياحي,70,هوليدي ان بكة,مركز - 113,113,,,,,
10007021,فندق اوتاد المتحدة لتشغيل الفنادق,85,هوليدي ان بكة,مركز - 1,1,,,,,
10006268,فندق هبة المهاجرين الفندقية,1,يسر المشاعر,مركز - 130,130,,,,,
10006584,فندق ابراج التيسير طوى للخدمات الفندقيه,2229,هوليدي ان بكة,مركز - 64,64,,,,,
10007806,فندق السكرية للضيافة السياحي,20,يسر المشاعر,مركز - 211,211,,,,,
10011924,شركة مانزيل ألفلاك هوتيل كاتيرينج سولوشنز,404,يسر المشاعر,مركز - 211,211,,,,,
10000983,شركة فندق ابراج شركة مكه الفندقية شركة شخص واحد,5,يسر المشاعر,مركز - 150,150,,,,,
10009842,شركة ذات الثقة لإدارة مرافق الضيافة السياحية شخص واحد,18,يسر المشاعر,مركز - 140,140,,,,,
10011133,شركة إيلاف للاستثمار الدولي,11,يسر المشاعر,مركز - 132,132,,,,,
10012732,شركة نسمات الأسيل لتشغيل الفنادق,200,رواف منى,مركز - 56,56,,,,,
10012320,شركة محمد بن صالح رزه,61,رواف منى,مركز - 51,51,,,,,
10007816,شركة اجنحة المشاعر المحدودة,1685,يسر المشاعر,مركز - 111,111,,,,,
10011780,شركة مساكن الانوار الذهبية المحدودة,179,رواف منى,مركز - 64,64,,,,,
10012387,مؤسسة راكان راجح ضيف الله الكبكبي لغسيل الملابس,356,ام من ميلينوم,مركز - 402,402,,,,,
10009335,شركة تارا الذهبي,33,يسر المشاعر,مركز - 132,132,,,,,
10010724,شركة بيسان الذهبي الفندقية,35,يسر المشاعر,مركز - 140,140,,,,,
10011645,شركة سما الشعائر لتشغيل الفنادق,10,يسر المشاعر,مركز - 110,110,,,,,
10010923,شركة القصواء للسفر و السياحة,200,اثراء الخير,مركز ضيافة - 1,1,,,,,
10006734,شركة مناسك النور لإدارة وتشغيل المباني,5,رواف منى,مركز - 11,11,,,,,
10001872,شركة فندق الجهني أجياد,288,يسر المشاعر,مركز - 151,151,,,,,
10010845,فندق اعمار الخير الماسي للضيافة السياحي,64,يسر المشاعر,مركز - 150,150,,,,,
10009868,فندق البلاد اثنين للايواء السياحي,23,يسر المشاعر,مركز - 150,150,,,,,
10007631,فندق منازل الفضيلة الفندقية,30,يسر المشاعر,مركز - 140,140,,,,,
10012841,فندق مكارم الفردوس الفندقية,16,يسر المشاعر,مركز - 113,113,,,,,
10007554,فندق مسار العز الفندقية,11,يسر المشاعر,مركز - 110,110,,,,,
10006915,فندق أمجاد الجزيرة فرع شركة أمجاد الجزيرة للإستثمار العقاري,27,هوليدي ان بكة,مركز - 112,112,,,,,
10001950,فندق ازكى الصفا,3,هوليدي ان بكة,مركز - 68,68,,,,,
10009579,شركة قطوف الضيافة للايواء السياحي,140,هوليدي ان بكة,مركز - 3,3,,,,,
10001669,شركة مأثر الضيافة لخدمات المعتمرين,450,هوليدي ان بكة,مركز - 112,112,,,,,
10007548,شركة فندق ابراج الكسوة الفندقية,64,هوليدي ان بكة,مركز - 63,63,,,,,
10012684,مؤسسة تأسيس فن الأعمار العقارية,31,يسر المشاعر,مركز - 311,311,,,,,
10011884,مؤسسة ايمن حسن زامل,34,يسر المشاعر,مركز - 120,120,,,,,
10011956,مؤسسة مشعل بن مساعد بن مطلق الشريف التجارية,171,يسر المشاعر,مركز - 211,211,,,,,
10011096,مؤسسة ولاء جميل المطرفي,34,يسر المشاعر,مركز - 212,212,,,,,
10011999,مؤسسة تساهيل المشاعر,73,يسر المشاعر,مركز - 212,212,,,,,
10001330,شركة برج هاجر العقارية المحدودة,152,هوليدي ان بكة,مركز - 113,113,,,,,
10007336,شركة البرج العالمية لادارة الفنادق فندق ساعة مكة فيرمونت,69,هوليدي ان بكة,مركز - 68,68,,,,,
10001330,شركة برج هاجر العقارية المحدودة,6,هوليدي ان بكة,مركز - 65,65,,,,,
10009970,شركة الريحان العالمية للسفر و السياحة,40,هوليدي ان بكة,مركز - 3,3,,,,,
10012624,وقف الماس اغا,150,يسر المشاعر,مركز - 212,212,,,,,
10012505,مؤسسة محمد علي ال صديق الزبيدي لمواد البناء,32,يسر المشاعر,مركز - 110,110,,,,,
10012420,فندق هدوء الحجاز,19,يسر المشاعر,مركز - 212,212,,,,,
10012536,فندق منار التوحيد اثنين الفندقية,129,يسر المشاعر,مركز - 110,110,,,,,
10007548,شركة فندق ابراج الكسوة الفندقية,5,هوليدي ان بكة,مركز - 68,68,,,,,
10007881,شركة فندق كنوز أجياد,87,هوليدي ان بكة,مركز - 68,68,,,,,
10010871,شركة منازل العين كوما التجارية  قابضة,32,هوليدي ان بكة,مركز - 2,2,,,,,
10006698,شركة ميسان المشاعر الفندقية,7,هوليدي ان بكة,مركز - 112,112,,,,,
10006584,فندق ابراج التيسير طوى للخدمات الفندقيه,4,هوليدي ان بكة,مركز - 65,65,,,,,
10007543,فندق اكابر الهجرة الفندقية,9,هوليدي ان بكة,مركز - 3,3,,,,,
10006531,فندق العليان اجياد الفندقية,576,هوليدي ان بكة,مركز - 112,112,,,,,
10002212,فندق أزكى المقام الفندقية,54,هوليدي ان بكة,مركز - 69,69,,,,,
10001998,فندق أبراج الجنادرية الفندقية,5,هوليدي ان بكة,مركز - 112,112,,,,,
10007010,فندق اوتاد المتحده للضيافة السياحي,3,هوليدي ان بكة,مركز - 112,112,,,,,
10007467,فندق سواعد الخير الفندقية,73,هوليدي ان بكة,مركز - 68,68,,,,,
10007908,فندق فارس أجياد للخدمات الفندقيه,2,يسر المشاعر,مركز - 131,131,,,,,
10008863,فندق ندى الهجرة للضيافة السياحي,173,يسر المشاعر,مركز - 150,150,,,,,
10007465,فندق شباب دلما الفندقية,45,يسر المشاعر,مركز - 121,121,,,,,
10010947,فندق الفهد الفندقية,12,يسر المشاعر,مركز - 121,121,,,,,
10010251,فندق الأراضي الطيبه للايواء السياحي,91,يسر المشاعر,مركز - 130,130,,,,,
10007092,فندق اعمار السلطان الفندقية,4,يسر المشاعر,مركز - 150,150,,,,,
10011933,شركة مخيم رفادة المحدودة شركة شخص واحد,47,يسر المشاعر,مركز - 112,112,,,,,
10011933,شركة مخيم رفادة المحدودة شركة شخص واحد,112,يسر المشاعر,مركز - 150,150,,,,,
10007078,شركة فندق وفاق المشاعر للضيافة السياحي,29,يسر المشاعر,مركز - 121,121,,,,,
10012579,شركة سول10,44,يسر المشاعر,مركز - 132,132,,,,,
10012969,شركة ريادة الأماكن للاستثمار,15,يسر المشاعر,مركز - 133,133,,,,,
10009335,شركة تارا الذهبي,98,يسر المشاعر,مركز - 150,150,,,,,
10006755,شركة اصيل الهيبة لتشغيل الفنادق,240,يسر المشاعر,مركز - 310,310,,,,,
10000643,فندق فور بوينتس باي شيراتون الفندقية,511,ابراج شركة مكه,مركز - 201,201,,,,,
10006698,شركة ميسان المشاعر الفندقية,36,رواف منى,مركز - 12,12,,,,,
10006734,شركة مناسك النور لإدارة وتشغيل المباني,1080,رواف منى,مركز - 54,54,,,,,
10002248,شركة كنوز الضيافه,156,رواف منى,مركز - 63,63,,,,,
10008757,شركة صفوة المشاعر الابداع المحدودة,17,هوليدي ان بكة,مركز - 112,112,,,,,
10007941,شركة البرج العالمية للاستثمار العقاري فندق قصر مكة رفلز,9012,مناسك المشاعر,مركز - 3,3,,,,,
10000533,فندق مريديان مكة فرع الشركة المتحدة للإستثمار والتطوير العقاري المتحد,79,هوليدي ان بكة,مركز - 21,21,,,,,
10007994,فندق كرم الفندقية,38,هوليدي ان بكة,مركز - 23,23,,,,,
10011933,شركة مخيم رفادة المحدودة شركة شخص واحد,86,رواف منى,مركز - 13,13,,,,,
10000643,فندق فور بوينتس باي شيراتون الفندقية,191,ابراج شركة مكه,مركز - 13,13,,,,,
10007391,شركة ابراج ساره للاستثمار العقاري فندق سويس أوتيل المقام مكة,69,يسر المشاعر,مركز - 311,311,,,,,
10001330,شركة برج هاجر العقارية المحدودة,3,يسر المشاعر,مركز - 130,130,,,,,
10011347,نزل محمد بن عبدالله بن عايض البقمي,228,الراجحي,مركز - 121,121,,,,,
10001669,شركة مأثر الضيافة لخدمات المعتمرين,16,رواف منى,مركز - 52,52,,,,,
10011933,شركة مخيم رفادة المحدودة شركة شخص واحد,190,رواف منى,مركز - 14,14,,,,,
10006217,شركة معاد العالمية الفندقية المحدودة,2426,رواف منى,مركز - 17,17,,,,,
10010962,شركة الريان الضيافة لأدارة وتشغيل الفنادق,4,يسر المشاعر,مركز - 133,133,,,,,
10007018,شركة تارا,84,يسر المشاعر,مركز - 150,150,,,,,
10011998,شركة رحلات جولان شركة شخص واحد,226,يسر المشاعر,مركز - 212,212,,,,,
10011645,شركة سما الشعائر لتشغيل الفنادق,20,يسر المشاعر,مركز - 220,220,,,,,
10009510,شركة ضيافة المدينة للتجارة,20,يسر المشاعر,مركز - 133,133,,,,,
10010863,شركة فندق عدنان معتوق بن صليح العميري الفندقية,35,يسر المشاعر,مركز - 132,132,,,,,
10011933,شركة مخيم رفادة المحدودة شركة شخص واحد,39,يسر المشاعر,مركز - 140,140,,,,,
10010845,فندق اعمار الخير الماسي للضيافة السياحي,189,يسر المشاعر,مركز - 133,133,,,,,
10007092,فندق اعمار السلطان الفندقية,13,يسر المشاعر,مركز - 133,133,,,,,
10007681,فندق أبراج الصفوة الفندقية,4,يسر المشاعر,مركز - 130,130,,,,,
10006643,فندق سويس الخليل الفندقية,17,يسر المشاعر,مركز - 110,110,,,,,
10007465,فندق شباب دلما الفندقية,135,يسر المشاعر,مركز - 130,130,,,,,
10008611,فندق نسمات اليقين للايواء السياحي,55,يسر المشاعر,مركز - 311,311,,,,,
10009134,فندق نوارة شمس الفندقية,113,يسر المشاعر,مركز - 131,131,,,,,
10006922,فندق ماسة الريان للايواء السياحي,76,يسر المشاعر,مركز - 131,131,,,,,
10007001,فندق ايلاف البيت للضيافة السياحي,3,هوليدي ان بكة,مركز - 112,112,,,,,
10007681,فندق أبراج الصفوة الفندقية,100,هوليدي ان بكة,مركز - 113,113,,,,,
10006942,فندق أسيل أجياد للايواء السياحي,42,هوليدي ان بكة,مركز - 3,3,,,,,
10010798,فندق الصفوة رويال أوركيد الفندقية,12,هوليدي ان بكة,مركز - 112,112,,,,,
10001950,فندق ازكى الصفا,24,هوليدي ان بكة,مركز - 112,112,,,,,
10012211,شركة نسك المسرة التجارية قابضة,54,هوليدي ان بكة,مركز - 69,69,,,,,
10012211,شركة نسك المسرة التجارية قابضة,5,هوليدي ان بكة,مركز - 67,67,,,,,
10009571,شركة منازل المقام للخدمات الفندقيه شخص واحد,42,هوليدي ان بكة,مركز - 112,112,,,,,
10011933,شركة مخيم رفادة المحدودة شركة شخص واحد,104,هوليدي ان بكة,مركز - 113,113,,,,,
10000983,شركة فندق ابراج شركة مكه الفندقية شركة شخص واحد,24,هوليدي ان بكة,مركز - 113,113,,,,,
10000983,شركة فندق ابراج شركة مكه الفندقية شركة شخص واحد,7,هوليدي ان بكة,مركز - 1,1,,,,,
10007554,فندق مسار العز الفندقية,79,يسر المشاعر,مركز - 150,150,,,,,
10007554,فندق مسار العز الفندقية,34,يسر المشاعر,مركز - 130,130,,,,,
10011723,مؤسسة اسامه المغربي للعقارات,79,يسر المشاعر,مركز - 212,212,,,,,
10006268,فندق هبة المهاجرين الفندقية,81,يسر المشاعر,مركز - 131,131,,,,,
10012010,مؤسسة مسعد بن فازع القرشي,49,يسر المشاعر,مركز - 221,221,,,,,
10008025,مؤسسة يوسف عبدالمجيد بن علي الاحمدي الفندقية,106,يسر المشاعر,مركز - 140,140,,,,,
10012635,نزل عمارة زبيدة للنزل السياحيه,67,يسر المشاعر,مركز - 133,133,,,,,
10011292,نزل نوره ضيف  الله غرسان الزهراني للنزل السياحيه,118,يسر المشاعر,مركز - 112,112,,,,,
10008145,شركة العطلات الاقتصاديه لتنظيم الرحلات,31,هوليدي ان بكة,مركز - 2,2,,,,,
10011933,شركة مخيم رفادة المحدودة شركة شخص واحد,255,يسر المشاعر,مركز - 311,311,,,,,
10009852,شركة اسكنت الصفوة للخدمات العقارية,329,هوليدي ان بكة,مركز - 1,1,,,,,
10010356,شركة دريم زون لتشغيل الفنادق,334,هوليدي ان بكة,مركز - 1,1,,,,,
10007316,شركة زهرة المدائن الفندقية شركة شخص واحد,7,هوليدي ان بكة,مركز - 68,68,,,,,
10011998,شركة رحلات جولان شركة شخص واحد,60,هوليدي ان بكة,مركز - 8,8,,,,,
10012335,شركة سدرة البيت الفندقية,144,هوليدي ان بكة,مركز - 2,2,,,,,
10000423,شركة تلال الفندقية,33,هوليدي ان بكة,مركز - 112,112,,,,,
10009852,شركة اسكنت الصفوة للخدمات العقارية,38,هوليدي ان بكة,مركز - 3,3,,,,,
10007941,شركة البرج العالمية للاستثمار العقاري فندق قصر مكة رفلز,64,هوليدي ان بكة,مركز - 112,112,,,,,
10011648,نزل عادل صالح السليمانى للنزل السياحيه,41,يسر المشاعر,مركز - 112,112,,,,,
10011644,نزل على بن فهد الحربى,235,يسر المشاعر,مركز - 133,133,,,,,
10011700,نزل نوره مسعد اللحيانى للنزل السياحيه,168,يسر المشاعر,مركز - 113,113,,,,,
10012457,مؤسسة محمد اسماعيل على فلاته الفندقية,418,يسر المشاعر,مركز - 120,120,,,,,
10011139,مؤسسة لؤلؤة التيسير الفندقية,80,يسر المشاعر,مركز - 133,133,,,,,
10010921,فندق وردة الصلاح للايواء السياحي,365,يسر المشاعر,مركز - 151,151,,,,,
10011385,مؤسسة اضواء السعادة الحديثة,72,يسر المشاعر,مركز - 311,311,,,,,
10011503,مؤسسة البيضاء المعمارية للمقاولات,81,يسر المشاعر,مركز - 311,311,,,,,
10007548,شركة فندق ابراج الكسوة الفندقية,3765,هوليدي ان بكة,مركز - 65,65,,,,,
10000983,شركة فندق ابراج شركة مكه الفندقية شركة شخص واحد,169,هوليدي ان بكة,مركز - 68,68,,,,,
10010286,شركة فندق رويال ماجستك,5,هوليدي ان بكة,مركز - 2,2,,,,,
10007881,شركة فندق كنوز أجياد,47,هوليدي ان بكة,مركز - 112,112,,,,,
10012026,شركة مسارات المملكة الدولية المحدودة,89,هوليدي ان بكة,مركز - 1,1,,,,,
10010871,شركة منازل العين كوما التجارية  قابضة,149,هوليدي ان بكة,مركز - 113,113,,,,,