{
  "type" : "FeatureCollection",
  "features" : [{"type":"Feature","id":1,"geometry":{"type":"Polygon","coordinates":[[[39.992083132000175,21.352254923000032],[39.991695604000085,21.352491660000169],[39.991400158000147,21.352672140000152],[39.991021186000069,21.352123228000039],[39.990929118000111,21.352054336000037],[39.990721851000103,21.351763984000172],[39.990941516000021,21.351625299000148],[39.991406435000044,21.351333636000106],[39.991477946000032,21.351437563000047],[39.991264299000193,21.351577045000056],[39.991422696000086,21.351797000000033],[39.991564523000193,21.351997144000109],[39.991794743000014,21.35185513100015],[39.99191993400018,21.352028684000061],[39.992083132000175,21.352254923000032]]]},"properties":{"OBJECTID":1,"camp_label":"3/421","gate_number":"3","Street":"421","Block":"86","Type":"external","Transport_mode":"النقل الترددي","Capacity":2528,"Gate_Lat":21.352522,"Gate_Lon":39.991649000000002,"Shape_Length":0.0044088019225734711,"Shape_Area":7.6970118156694918e-07}},{"type":"Feature","id":2,"geometry":{"type":"MultiPolygon","coordinates":[[[[39.994711184000039,21.341353599000058],[39.9944779920001,21.341505570000095],[39.994275518000052,21.341899736000073],[39.994113804000165,21.34220904600005],[39.993827276000047,21.342397188000177],[39.993641907000097,21.342150164000145],[39.993872196000041,21.342021161000048],[39.993966669000145,21.341956064000101],[39.994042782000122,21.341892509000047],[39.994112772000051,21.341828990000067],[39.994252491000168,21.341663231000098],[39.994317754000178,21.341579662000015],[39.994385691000161,21.341438708999988],[39.994469954000124,21.341221646000065],[39.994510821000063,21.341152565000129],[39.994545883000114,21.341130842000041],[39.994568917000038,21.341119481000078],[39.994711184000039,21.341353599000058]]],[[[39.995405865000009,21.341914690000067],[39.995378897000137,21.34193060900003],[39.995346205000089,21.34194990900005],[39.995313552000141,21.341969188999997],[39.995280767000168,21.341988545000049],[39.99521549200017,21.342027085000041],[39.995141730000114,21.342070639000042],[39.995125203999976,21.342080393000174],[39.995059904000072,21.342118947000131],[39.994987763000097,21.342161540000063],[39.994922683000027,21.342199964000031],[39.994873102000099,21.342229237000026],[39.994742472000098,21.342306362000102],[39.994685147999974,21.342340207000177],[39.994309505999979,21.342561578000073],[39.994231036000087,21.342441442000109],[39.994311833000097,21.342392947000064],[39.994190066000044,21.342221948000088],[39.994255181000028,21.342083127000024],[39.994433678000178,21.341763343000025],[39.994544528000063,21.341554250000058],[39.994578307000154,21.341534860000081],[39.99474988500009,21.341436385000179],[39.994776096000066,21.341388424000002],[39.994777905000149,21.341353991999995],[39.994773615000099,21.341323423000063],[39.99475504100019,21.341292936000116],[39.99462924900007,21.341102454000179],[39.994783205000033,21.341003757000067],[39.995405865000009,21.341914690000067]]]]},"properties":{"OBJECTID":2,"camp_label":"2/216","gate_number":"2","Street":"216","Block":"101D","Type":"external","Transport_mode":"النقل التقليدي","Capacity":5288,"Gate_Lat":21.342288,"Gate_Lon":39.994773000000002,"Shape_Length":0.0078116472607407299,"Shape_Area":1.1240304078275275e-06}},{"type":"Feature","id":3,"geometry":{"type":"Polygon","coordinates":[[[39.973834674000045,21.346571019000123],[39.973783299000104,21.346601750000048],[39.973765808000167,21.346576087000187],[39.973675643000092,21.346628812000176],[39.973695669000165,21.346655419000172],[39.973600097000087,21.346712331000049],[39.973375894000071,21.34684581800019],[39.973358153000106,21.346821212000123],[39.973315648000039,21.346846467000148],[39.972719101000166,21.345944418000045],[39.97296986200007,21.345786830000122],[39.972671528000035,21.345345925000174],[39.972899884000128,21.345216559000107],[39.972992010000098,21.34535560400019],[39.973011344000099,21.345344306000129],[39.973834674000045,21.346571019000123]]]},"properties":{"OBJECTID":3,"camp_label":"17/206","gate_number":"17","Street":"206","Block":"34","Type":"external","Transport_mode":"النقل التقليدي","Capacity":3420,"Gate_Lat":21.346774,"Gate_Lon":39.973495999999997,"Shape_Length":0.0045196359123114158,"Shape_Area":7.897078342519837e-07}},{"type":"Feature","id":4,"geometry":{"type":"Polygon","coordinates":[[[39.993998559000147,21.350334114000134],[39.994109476000176,21.350490446000151],[39.994376534000025,21.350847183000042],[39.994125449000137,21.350999913000066],[39.993866901000047,21.351158972000178],[39.993639185000063,21.351299058000052],[39.993470269000113,21.351051568000173],[39.993451976000131,21.351025912000182],[39.993277194000029,21.3507807310001],[39.993017886000075,21.350415531000067],[39.993275842999992,21.35027961600008],[39.993509946000131,21.350162833000127],[39.993781068000146,21.350027585000134],[39.993998559000147,21.350334114000134]]]},"properties":{"OBJECTID":4,"camp_label":"18/421","gate_number":"18","Street":"421","Block":"79","Type":"external","Transport_mode":"النقل الترددي","Capacity":3514,"Gate_Lat":21.351165999999999,"Gate_Lon":39.993848999999997,"Shape_Length":0.0038142761891376996,"Shape_Area":8.9042260906977396e-07}},{"type":"Feature","id":5,"geometry":{"type":"MultiPolygon","coordinates":[[[[39.990563824000048,21.369220195000025],[39.990567098000156,21.369374669000024],[39.990566599000033,21.369442728000081],[39.990582650000192,21.369547294000029],[39.99061339800005,21.369713959000023],[39.99062821300015,21.36985394900006],[39.990632423000136,21.369893776000083],[39.990641294000056,21.370041948999983],[39.989883090000035,21.369970348000038],[39.989835864000042,21.369965889000127],[39.98987258700015,21.369632634000141],[39.989880298000173,21.369562660000042],[39.990009910000083,21.369471917999988],[39.990097428000183,21.369410648000098],[39.990251217000036,21.369302978000064],[39.990430137000089,21.369177715000092],[39.99056098300008,21.369086109000136],[39.990563824000048,21.369220195000025]]],[[[39.989548732000117,21.371530071000052],[39.989527236000072,21.37153019800013],[39.989526411000099,21.371523714000148],[39.989515802000028,21.371440322000183],[39.98934349200016,21.370085834000179],[39.989309107000054,21.370090540000035],[39.989264606000006,21.369908838000072],[39.989260925000167,21.369891295000173],[39.989227895999989,21.369733753000105],[39.989783346000138,21.369647384000132],[39.9897439880001,21.369998026000189],[39.989740108000092,21.370032567000123],[39.989548732000117,21.371530071000052]]]]},"properties":{"OBJECTID":5,"camp_label":"3/15","gate_number":"3","Street":"15","Block":"28D","Type":"external","Transport_mode":"النقل التقليدي","Capacity":3402,"Gate_Lat":21.369973000000002,"Gate_Lon":39.989910000000002,"Shape_Length":0.0073443997592890532,"Shape_Area":9.9370196519481921e-07}},{"type":"Feature","id":6,"geometry":{"type":"Polygon","coordinates":[[[39.988750106000111,21.346381193000013],[39.98879115800014,21.34643821800006],[39.989011601000129,21.346744443000091],[39.988720766000142,21.346922462000123],[39.988085477000084,21.347311312000159],[39.987788818000126,21.34681515300008],[39.987739622000163,21.346737940000139],[39.988104793000105,21.346511589000158],[39.988336064000123,21.346368455000061],[39.988237004000098,21.346219338000026],[39.988441996000176,21.346092521000116],[39.988544356000148,21.346239132999983],[39.988619855000081,21.346192818000191],[39.988750106000111,21.346381193000013]]]},"properties":{"OBJECTID":6,"camp_label":"16/522","gate_number":"16","Street":"522","Block":"8-8","Type":"external","Transport_mode":"النقل التقليدي","Capacity":3256,"Gate_Lat":21.347092,"Gate_Lon":39.988442999999997,"Shape_Length":0.0038211452640169656,"Shape_Area":7.5496589811154274e-07}},{"type":"Feature","id":7,"geometry":{"type":"MultiPolygon","coordinates":[[[[39.989304521000065,21.346048411000027],[39.989171439000074,21.346593831000064],[39.989119704000132,21.34667827200019],[39.989011601000129,21.346744443000091],[39.988750106999987,21.346381194000116],[39.989000747000148,21.346230753000043],[39.988940717000162,21.346142472000111],[39.989350319000096,21.345900168000128],[39.989304521000065,21.346048411000027]]],[[[39.990383010000187,21.346265138000092],[39.990194045999999,21.346377477999965],[39.989382835000129,21.346859756000129],[39.989331535000133,21.346788530000083],[39.989240336000137,21.346634510000115],[39.989259634000177,21.346530591000146],[39.989514663000193,21.345590486000049],[39.989560936000032,21.345540878000065],[39.989589546000104,21.345523593000109],[39.989948153000171,21.346030147000135],[39.990099315000066,21.345939754000028],[39.990194496000072,21.346075189000089],[39.990231369000185,21.346053939000114],[39.990383010000187,21.346265138000092]]]]},"properties":{"OBJECTID":7,"camp_label":"13/520","gate_number":"13","Street":"520","Block":"8-8","Type":"external","Transport_mode":"النقل التقليدي","Capacity":3836,"Gate_Lat":21.346195000000002,"Gate_Lon":39.989350999999999,"Shape_Length":0.0061411800732311212,"Shape_Area":9.5583635250968976e-07}},{"type":"Feature","id":8,"geometry":{"type":"Polygon","coordinates":[[[39.994434505000129,21.350944062000167],[39.995303442000193,21.350403343000096],[39.995555116000048,21.35074158600014],[39.995801722000181,21.350591515000076],[39.995930352000187,21.350776276000147],[39.9959864490001,21.350856855000131],[39.996077930000126,21.35098825700004],[39.995856111000137,21.351188464000131],[39.995712661000027,21.351292429000125],[39.995349911000005,21.351550643000166],[39.99527272600011,21.351603075000071],[39.995072415000152,21.351735509000036],[39.99492580399999,21.351515109000104],[39.994852457999968,21.351547138000171],[39.994616521000069,21.351200767000023],[39.994434505000129,21.350944062000167]]]},"properties":{"OBJECTID":8,"camp_label":"3/524","gate_number":"3","Street":"524","Block":"8-3","Type":"external","Transport_mode":"النقل الترددي","Capacity":3717,"Gate_Lat":21.350536000000002,"Gate_Lon":39.995089999999998,"Shape_Length":0.0045503423586300308,"Shape_Area":1.1490359636615563e-06}},{"type":"Feature","id":9,"geometry":{"type":"Polygon","coordinates":[[[39.990570729000183,21.340127453000036],[39.990770087000158,21.340311032000045],[39.991189772000155,21.340126453000153],[39.991286692000187,21.340430727000069],[39.990941810000095,21.340741260000129],[39.99083663100015,21.340874885000062],[39.990887155000053,21.340976552000029],[39.990741020000144,21.341122105000125],[39.990496544000166,21.341288008000049],[39.990486287000124,21.341294967000181],[39.990472201000046,21.341274427000087],[39.990415732000088,21.341308439000045],[39.990396511000142,21.341280427000072],[39.990349454000068,21.341308749000063],[39.99036867600006,21.341336777000095],[39.990264849000084,21.341399308000007],[39.989762383000084,21.340666520000127],[39.989740715000096,21.340628613000149],[39.989944600000172,21.340505870000186],[39.990131277000046,21.340393484000117],[39.990416012000082,21.340222064000159],[39.990570729000183,21.340127453000036]]]},"properties":{"OBJECTID":9,"camp_label":"32/204","gate_number":"32","Street":"204","Block":"43","Type":"external","Transport_mode":"النقل التقليدي","Capacity":3928,"Gate_Lat":21.341151,"Gate_Lon":39.990094999999997,"Shape_Length":0.0045472621548054062,"Shape_Area":1.0512086356005028e-06}},{"type":"Feature","id":10,"geometry":{"type":"Polygon","coordinates":[[[39.989895379000075,21.341579207000109],[39.989923821000104,21.34162069000007],[39.989746945000036,21.341727146000153],[39.989468862000081,21.341894506000131],[39.989389433000156,21.341796136000028],[39.989256798000099,21.341631860000064],[39.988996483000165,21.341395224000053],[39.988649882000175,21.34145194600012],[39.988528128000041,21.341077622000057],[39.988700525000183,21.340758785000048],[39.988946996000038,21.340576014000135],[39.988976065000031,21.34055445600012],[39.989331802000095,21.341061170000103],[39.989432560000068,21.341204689000165],[39.989642798000034,21.341075671000169],[39.989859236000029,21.340941484000155],[39.990207777000194,21.341449790000127],[39.989991316000101,21.341580069000145],[39.98996844200019,21.34159383400015],[39.989958240000021,21.341578958000127],[39.989939999000057,21.341552353000168],[39.989895379000075,21.341579207000109]]]},"properties":{"OBJECTID":10,"camp_label":"4/524","gate_number":"4","Street":"524","Block":"8-4","Type":"external","Transport_mode":"النقل التقليدي","Capacity":3992,"Gate_Lat":21.340938999999999,"Gate_Lon":39.988602999999998,"Shape_Length":0.0050148401075252235,"Shape_Area":1.0328023136835402e-06}},{"type":"Feature","id":11,"geometry":{"type":"Polygon","coordinates":[[[39.987496813000064,21.377221509000037],[39.988145540000176,21.376832412000056],[39.988363986000138,21.37669760700004],[39.988770109000086,21.377304359000163],[39.98901911300004,21.377157880000027],[39.989319128000091,21.37759889299997],[39.98881084400017,21.377899800000137],[39.988794522000035,21.377877580000074],[39.988452383000038,21.378106205000051],[39.988425728999971,21.378118191000169],[39.98840348900012,21.378132612000172],[39.988108008999973,21.377723506000109],[39.987875187999975,21.377865929000052],[39.987853597000083,21.377836309000088],[39.987852756999985,21.377835203000188],[39.987873974000081,21.377866671000106],[39.987454552000031,21.377246692000085],[39.987496813000064,21.377221509000037]]]},"properties":{"OBJECTID":11,"camp_label":"4/613","gate_number":"4","Street":"613","Block":"110","Type":"external","Transport_mode":"النقل الترددي","Capacity":4258,"Gate_Lat":21.376961000000001,"Gate_Lon":39.987932000000001,"Shape_Length":0.0053023364925540257,"Shape_Area":1.3356619616360779e-06}},{"type":"Feature","id":12,"geometry":{"type":"Polygon","coordinates":[[[39.982704565000176,21.365152049000073],[39.982382053000151,21.364681034000114],[39.98263286700012,21.364530323000167],[39.982008404000055,21.363662398000031],[39.982222691000118,21.363544367000088],[39.982275387000016,21.363514030000147],[39.982589112000142,21.363967527000113],[39.982844539000041,21.36381444500006],[39.983211385000004,21.36433883300009],[39.983388064000167,21.364734668999972],[39.983253822000052,21.364815261999979],[39.982998162000058,21.364973088999989],[39.982993091000083,21.364976220000187],[39.98296580900012,21.364993066000125],[39.982745537000028,21.365129044000014],[39.982722518000173,21.365143254000145],[39.982721472000094,21.365141636000033],[39.982704565000176,21.365152049000073]]]},"properties":{"OBJECTID":12,"camp_label":"12/88","gate_number":"12","Street":"88","Block":"94","Type":"external","Transport_mode":"النقل الترددي","Capacity":3607,"Gate_Lat":21.364863,"Gate_Lon":39.983176999999998,"Shape_Length":0.0049635536058689044,"Shape_Area":9.4477964002523871e-07}},{"type":"Feature","id":13,"geometry":{"type":"Polygon","coordinates":[[[39.988198970000155,21.361016896000137],[39.987613830000043,21.361539426000036],[39.987461045000089,21.361679541000171],[39.98744584200017,21.361693487000082],[39.98721048200008,21.361375539000051],[39.987012502000027,21.361101299000097],[39.987067546000162,21.361063889000036],[39.986858484000095,21.360792523000157],[39.986613049000084,21.360949661000177],[39.986481981000111,21.360779851000132],[39.988046089000193,21.359790979000024],[39.988066810000021,21.359824998000136],[39.988423815000033,21.360314809000045],[39.988686217000065,21.360669209000037],[39.988198970000155,21.361016896000137]]]},"properties":{"OBJECTID":13,"camp_label":"2/655","gate_number":"2","Street":"655","Block":"92","Type":"external","Transport_mode":"النقل الترددي","Capacity":3684,"Gate_Lat":21.360247999999999,"Gate_Lon":39.987323000000004,"Shape_Length":0.0061972712565033679,"Shape_Area":1.9016674550392832e-06}},{"type":"Feature","id":14,"geometry":{"type":"Polygon","coordinates":[[[39.983220287000051,21.365009598000086],[39.983599764000076,21.365589885000077],[39.983346554000093,21.365739150000081],[39.983447896000143,21.365889783000171],[39.983300231000101,21.365976763999981],[39.983385022000107,21.366099131999988],[39.983026111000129,21.366311602000167],[39.982757261000131,21.365912205000086],[39.982987510000044,21.365776137000182],[39.982892228000026,21.365643069000043],[39.982853311000042,21.365666035000118],[39.982772991000161,21.365552176000051],[39.98261344500014,21.365357675000041],[39.983220287000051,21.365009598000086]]]},"properties":{"OBJECTID":14,"camp_label":"10/647","gate_number":"10","Street":"647","Block":"113","Type":"external","Transport_mode":"النقل الترددي","Capacity":3904,"Gate_Lat":21.365182999999998,"Gate_Lon":39.982917,"Shape_Length":0.0039544124273247477,"Shape_Area":6.6211834204203753e-07}},{"type":"Feature","id":15,"geometry":{"type":"Polygon","coordinates":[[[39.988962994000133,21.360463216000142],[39.988722533000043,21.360628985000119],[39.988409970000191,21.360190900000191],[39.988091671000063,21.359744761000115],[39.988558932999979,21.359450620000018],[39.988796744000069,21.359409139999968],[39.988804496000171,21.359410860000139],[39.988981029999991,21.359418746000074],[39.989105288000189,21.359403956000108],[39.989170878000095,21.359394033000058],[39.989243570000042,21.359339439000166],[39.989324519000093,21.359270399000138],[39.989343775000123,21.359182123000096],[39.989208113000075,21.358891283000048],[39.98928247200007,21.358898654000029],[39.989298095000038,21.358896458000004],[39.989474782000173,21.358871155000145],[39.989642058000186,21.358873581000182],[39.989695163000022,21.358881693000114],[39.989732936000053,21.358888647000185],[39.989857824000069,21.358930455000063],[39.989989982000168,21.359017336000079],[39.99000466200016,21.359025825000174],[39.990085128000089,21.359107927000025],[39.990104727000187,21.359137302000079],[39.990151071000128,21.359246696000071],[39.99021607800006,21.359419427000034],[39.990215452000029,21.35944016100018],[39.990209751000179,21.359536547000118],[39.990194940000094,21.359573365000188],[39.990044481000155,21.359692980000034],[39.989983856000038,21.359741176999989],[39.988962994000133,21.360463216000142]]]},"properties":{"OBJECTID":15,"camp_label":"14/88","gate_number":"14","Street":"88","Block":"92","Type":"external","Transport_mode":"النقل الترددي","Capacity":4758,"Gate_Lat":21.35941,"Gate_Lon":39.989054000000003,"Shape_Length":0.0061224118056976235,"Shape_Area":1.8480394299690689e-06}},{"type":"Feature","id":16,"geometry":{"type":"Polygon","coordinates":[[[39.986450733000027,21.360799611000175],[39.986481981000111,21.360779851000132],[39.986613049000084,21.360949661000177],[39.986858484000095,21.360792523000157],[39.987067546000162,21.361063889000036],[39.987012502000027,21.361101299000097],[39.98721048200008,21.361375539000051],[39.98744584200017,21.361693487000082],[39.987314555000069,21.361813881999979],[39.986769021000043,21.362233118000063],[39.986522585999978,21.362422501000026],[39.986126219000141,21.36188934200004],[39.986370306000026,21.361733125000171],[39.985926546000087,21.361148239999977],[39.986450733000027,21.360799611000175]]]},"properties":{"OBJECTID":16,"camp_label":"4/655","gate_number":"4","Street":"655","Block":"92","Type":"external","Transport_mode":"النقل الترددي","Capacity":3714,"Gate_Lat":21.360931000000001,"Gate_Lon":39.986252999999998,"Shape_Length":0.0051806481698041572,"Shape_Area":1.3563902353694346e-06}},{"type":"Feature","id":17,"geometry":{"type":"Polygon","coordinates":[[[39.984986672000105,21.365388935000112],[39.984791997000059,21.365666040000065],[39.984637114000122,21.365528334000032],[39.984471062000068,21.365636799000015],[39.984099913000193,21.365085991000115],[39.98428113500006,21.364971424000146],[39.983963404000178,21.364511561000029],[39.984263985999974,21.364321371000074],[39.984698172000037,21.364959998000074],[39.984929661000081,21.364820315000145],[39.985157433000097,21.365159021000125],[39.984986672000105,21.365388935000112]]]},"properties":{"OBJECTID":17,"camp_label":"15/649","gate_number":"15","Street":"649","Block":"113","Type":"external","Transport_mode":"النقل الترددي","Capacity":3264,"Gate_Lat":21.364450000000001,"Gate_Lon":39.984060999999997,"Shape_Length":0.0042746445414833471,"Shape_Area":7.4468742734007141e-07}},{"type":"Feature","id":18,"geometry":{"type":"Polygon","coordinates":[[[39.990737159000105,21.346121143000175],[39.990941311000142,21.346002037999995],[39.991475715000092,21.345695453000133],[39.991838093000069,21.346193838999966],[39.991707002000169,21.346277822000104],[39.99176186700015,21.346354231000134],[39.991925265000191,21.346251585000118],[39.992029564000177,21.346402913000077],[39.99199075100006,21.346426377000057],[39.992100363000077,21.346596448000184],[39.99148508400009,21.346962823000183],[39.991217733000099,21.346573369000112],[39.991109682999991,21.346642698999972],[39.990981547000047,21.34646022600009],[39.990805655000088,21.346224330000098],[39.990737159000105,21.346121143000175]]]},"properties":{"OBJECTID":18,"camp_label":"18/204","gate_number":"18","Street":"204","Block":"42","Type":"external","Transport_mode":"النقل التقليدي","Capacity":3860,"Gate_Lat":21.346746,"Gate_Lon":39.991860000000003,"Shape_Length":0.0043007969081163347,"Shape_Area":8.7174366308595865e-07}},{"type":"Feature","id":19,"geometry":{"type":"Polygon","coordinates":[[[39.984092788000055,21.365416084000174],[39.984438374000035,21.36594414700005],[39.984194468000112,21.365950498000132],[39.983609325000089,21.366006006000134],[39.983385022000107,21.366099131999988],[39.983300231000101,21.365976763999981],[39.983447896000143,21.365889783000171],[39.983346554000093,21.365739150000081],[39.983599764000076,21.365589885000077],[39.983413922000182,21.365313078000156],[39.983220287000051,21.365009598000086],[39.983413500000154,21.364890450000189],[39.983850001000121,21.365572026999985],[39.984092788000055,21.365416084000174]]]},"properties":{"OBJECTID":19,"camp_label":"13/649","gate_number":"13","Street":"649","Block":"113","Type":"external","Transport_mode":"النقل الترددي","Capacity":3566,"Gate_Lat":21.364962999999999,"Gate_Lon":39.983294999999998,"Shape_Length":0.0045197734139124464,"Shape_Area":5.7291977857613224e-07}},{"type":"Feature","id":20,"geometry":{"type":"Polygon","coordinates":[[[39.990988571000116,21.347267332000058],[39.990875964000111,21.347109379000074],[39.9906213430001,21.347264845000154],[39.990328138999985,21.346871723000106],[39.990386769000054,21.346837145000109],[39.990135828000177,21.346472875000131],[39.990171743000019,21.346451035000143],[39.990513848000035,21.346251436000045],[39.990737159000105,21.346121143000175],[39.990805654000155,21.346224328999995],[39.990981547000047,21.34646022600009],[39.991109682999991,21.346642698999972],[39.991217733000099,21.346573369000112],[39.99148508400009,21.346962823000183],[39.991308827000125,21.3470646130001],[39.990988571000116,21.347267332000058]]]},"properties":{"OBJECTID":20,"camp_label":"20/204","gate_number":"20","Street":"204","Block":"42","Type":"external","Transport_mode":"النقل التقليدي","Capacity":3036,"Gate_Lat":21.347128999999999,"Gate_Lon":39.991207000000003,"Shape_Length":0.0040141984678041627,"Shape_Area":8.2356561179971654e-07}},{"type":"Feature","id":21,"geometry":{"type":"Polygon","coordinates":[[[39.971236933000114,21.344655743000089],[39.971193904000188,21.344681507000075],[39.971024408000005,21.344783918000132],[39.971070630000099,21.344851316000188],[39.97099762900001,21.344895258000122],[39.970874247000097,21.344713908000188],[39.970889902000067,21.344704561000015],[39.970829918999982,21.344616993000102],[39.97081554000016,21.344596001000127],[39.971013237000079,21.344477213000062],[39.971064910000166,21.344446012000049],[39.971075069000051,21.344461082000066],[39.971144020000168,21.344561402000181],[39.97131769300006,21.344456635000142],[39.971240425000019,21.344340033000094],[39.971263175000161,21.34432675100004],[39.971547097000041,21.34415517900004],[39.971626958000115,21.344271730000003],[39.971635332000119,21.344285368999977],[39.97166479200007,21.34433814800019],[39.971671521000189,21.344355401000087],[39.971676925999986,21.344382491000033],[39.971675847000029,21.344411904000083],[39.971642059000033,21.344412090000105],[39.971236933000114,21.344655743000089]]]},"properties":{"OBJECTID":21,"camp_label":"18/608","gate_number":"18","Street":"608","Block":"101C","Type":"internal","Transport_mode":"النقل التقليدي","Capacity":1210,"Gate_Lat":21.344456999999998,"Gate_Lon":39.971046999999999,"Shape_Length":0.0027158206521432767,"Shape_Area":2.0978559528106206e-07}},{"type":"Feature","id":22,"geometry":{"type":"Polygon","coordinates":[[[39.985189573000127,21.364112518000127],[39.984966765000138,21.36383561800011],[39.986090062000073,21.362932044000161],[39.986137460999998,21.362972411000044],[39.986219851999977,21.363064423000026],[39.986247220000109,21.363198877000116],[39.986226704000046,21.363464964000173],[39.986076593000121,21.363856542000065],[39.985917951000147,21.364145096000129],[39.985730899000146,21.364393399000164],[39.985545375000072,21.364643693000119],[39.985189573000127,21.364112518000127]]]},"properties":{"OBJECTID":22,"camp_label":"17/649","gate_number":"17","Street":"649","Block":"113","Type":"external","Transport_mode":"النقل الترددي","Capacity":2868,"Gate_Lat":21.363396000000002,"Gate_Lon":39.985512999999997,"Shape_Length":0.0043972885866822324,"Shape_Area":1.0572605155362342e-06}},{"type":"Feature","id":23,"geometry":{"type":"Polygon","coordinates":[[[39.985342173000106,21.364912872000104],[39.985157433000097,21.365159021000125],[39.984929661000081,21.364820315000145],[39.984698172000037,21.364959998000074],[39.984446086000162,21.364584432000072],[39.984263985999974,21.364321371000074],[39.984966765000138,21.36383561800011],[39.985189573000127,21.364112518000127],[39.985545375000072,21.364643693000119],[39.985342173000106,21.364912872000104]]]},"properties":{"OBJECTID":23,"camp_label":"16/647","gate_number":"16","Street":"647","Block":"113","Type":"external","Transport_mode":"النقل الترددي","Capacity":4333,"Gate_Lat":21.364032000000002,"Gate_Lon":39.984681999999999,"Shape_Length":0.0039448849626258081,"Shape_Area":8.7423024610072382e-07}},{"type":"Feature","id":24,"geometry":{"type":"Polygon","coordinates":[[[39.983850001000121,21.365572026999985],[39.983413500000154,21.364890450000189],[39.983963404000178,21.364511561000029],[39.98428113500006,21.364971424000146],[39.984099913000193,21.365085991000115],[39.984370482000088,21.36548630499999],[39.984471062000068,21.365636799000015],[39.984637114000122,21.365528334000032],[39.984791997000059,21.365666040000065],[39.98464696800005,21.365826385000105],[39.98454004000007,21.365908563000119],[39.984438374000035,21.36594414700005],[39.984305047000078,21.36574147400006],[39.984182667000084,21.365547840000033],[39.984092788000055,21.365416084000174],[39.983850001000121,21.365572026999985]]]},"properties":{"OBJECTID":24,"camp_label":"14/647","gate_number":"14","Street":"647","Block":"113","Type":"external","Transport_mode":"النقل الترددي","Capacity":3786,"Gate_Lat":21.364706000000002,"Gate_Lon":39.983682000000002,"Shape_Length":0.004698772365378385,"Shape_Area":6.7924781454578526e-07}},{"type":"Feature","id":25,"geometry":{"type":"Polygon","coordinates":[[[39.97565438200013,21.342998011000077],[39.974899021000056,21.343453577000105],[39.974802398000179,21.343318191000094],[39.974718278000125,21.343200830000058],[39.974730795000028,21.343165794000186],[39.974578303000158,21.342956422999976],[39.974541108000039,21.342950579000046],[39.974503713000047,21.34289611100013],[39.974491636000039,21.342883081000139],[39.974411347000057,21.34275864600005],[39.974384343000111,21.342755308000164],[39.974286346999975,21.342609013000185],[39.974363657000026,21.342562075000046],[39.974548899000069,21.342454087000192],[39.974572107000029,21.342441430999997],[39.974620166000193,21.34250867500009],[39.974849915000107,21.342371927000102],[39.974777754000058,21.342270989000099],[39.974752808000119,21.342236099000104],[39.97495016400012,21.342118015999972],[39.975001900000166,21.342182867000133],[39.975015810000059,21.342202584000063],[39.97510008800009,21.342328778000024],[39.975168549000159,21.34228866400008],[39.975175154000112,21.342301306000081],[39.975261888000148,21.342427374000181],[39.97565438200013,21.342998011000077]]]},"properties":{"OBJECTID":25,"camp_label":"2/639","gate_number":"2","Street":"639","Block":"112","Type":"internal","Transport_mode":"النقل التقليدي","Capacity":2612,"Gate_Lat":21.343001999999998,"Gate_Lon":39.974611000000003,"Shape_Length":0.0042382518590641551,"Shape_Area":9.0025265769622009e-07}},{"type":"Feature","id":26,"geometry":{"type":"Polygon","coordinates":[[[39.976640207000059,21.343135292000113],[39.976163213000063,21.343422632000113],[39.976091860000111,21.343323439000187],[39.976060024000105,21.34334259600007],[39.97603604000011,21.343309479000084],[39.975958085000116,21.343194103000144],[39.976187379000066,21.343055856000149],[39.975807363000058,21.342513809000138],[39.975645982000117,21.342283309000095],[39.975797827000179,21.342191583000101],[39.976163433000067,21.341969369000026],[39.976203613000166,21.341978582000024],[39.97626233800014,21.3420593620001],[39.97654438100011,21.342445538999982],[39.976513397000076,21.342467383000042],[39.976579981000043,21.342555903000061],[39.976611309000191,21.342536573000075],[39.976654508000081,21.342599716000052],[39.976383768000062,21.342762590000007],[39.976471557000139,21.34288462100011],[39.976744105000137,21.342719245000069],[39.976836771000194,21.342845268000133],[39.976924537000173,21.342965203000176],[39.976663122000105,21.343122565000044],[39.976640207000059,21.343135292000113]]]},"properties":{"OBJECTID":26,"camp_label":"7/656","gate_number":"7","Street":"656","Block":"118B","Type":"internal","Transport_mode":"النقل التقليدي","Capacity":2475,"Gate_Lat":21.343211,"Gate_Lon":39.975968999999999,"Shape_Length":0.005015437675152939,"Shape_Area":8.2650765630998449e-07}},{"type":"Feature","id":27,"geometry":{"type":"Polygon","coordinates":[[[39.97127848800011,21.34610586000008],[39.970304781999971,21.346645550000119],[39.970254339000178,21.346673568000142],[39.970198865000043,21.346678713000131],[39.970195145000048,21.346664324000074],[39.970137906000048,21.34666930700007],[39.970092752000028,21.346633612000062],[39.970070172000135,21.346616532000041],[39.970030359000134,21.346561844000121],[39.97008874800008,21.346524842999997],[39.970063216000085,21.346482945000105],[39.970001589000049,21.346521999000117],[39.969899775000158,21.346380988000078],[39.969891247000135,21.346367368000017],[39.969811429000117,21.346241276000114],[39.97019356200019,21.346010419999971],[39.970216591000053,21.345995914000014],[39.970444282000187,21.345858479000128],[39.970719126000176,21.345692597999971],[39.970913437000149,21.345575324000038],[39.971006971000065,21.34571207800019],[39.970936199999983,21.345754777000082],[39.971028961000115,21.345889810000131],[39.971085500000129,21.345854692000103],[39.971091964000095,21.345863897000015],[39.971105462000139,21.345856067000113],[39.971115829000041,21.345869297000149],[39.97127848800011,21.34610586000008]]]},"properties":{"OBJECTID":27,"camp_label":"5/656","gate_number":"5","Street":"656","Block":"118B","Type":"internal","Transport_mode":"النقل التقليدي","Capacity":2195,"Gate_Lat":21.34646,"Gate_Lon":39.969957000000001,"Shape_Length":0.0040799658532211618,"Shape_Area":7.7545506418637549e-07}},{"type":"Feature","id":28,"geometry":{"type":"Polygon","coordinates":[[[39.97338209600008,21.343060027000035],[39.973746030000143,21.342842131000111],[39.974041313000157,21.343253866000168],[39.973930557000074,21.3433204050001],[39.973304982000059,21.343697202999977],[39.973373375000108,21.343795306000061],[39.973121396000181,21.34394633300019],[39.973053020000179,21.343849035000119],[39.972814439000047,21.34350194100017],[39.972950844000081,21.343419264000033],[39.972990496000136,21.34347578500018],[39.973170164000123,21.343367127000022],[39.97308295199997,21.343240660000163],[39.973096738000095,21.343232228000147],[39.973283274000039,21.343119215000115],[39.973326320000069,21.343180748000179],[39.973424357000113,21.343123020000178],[39.97338209600008,21.343060027000035]]]},"properties":{"OBJECTID":28,"camp_label":"13/214","gate_number":"13","Street":"214","Block":"101E","Type":"internal","Transport_mode":"النقل التقليدي","Capacity":1830,"Gate_Lat":21.343191000000001,"Gate_Lon":39.973165000000002,"Shape_Length":0.0038349338712064238,"Shape_Area":5.6134699673673649e-07}},{"type":"Feature","id":29,"geometry":{"type":"Polygon","coordinates":[[[39.972476560000075,21.344335177000005],[39.972319035000112,21.344105459000048],[39.972309397000004,21.344092778000118],[39.972270167000147,21.344029696000064],[39.972238078000089,21.343984688999967],[39.972455194000077,21.343854657000065],[39.972375047000128,21.34374087100008],[39.972554450000132,21.34363356200015],[39.972773565000068,21.343948260000104],[39.972789706000071,21.343971441000122],[39.972746481000115,21.343997159000139],[39.972831993000113,21.344120781000072],[39.973090514000091,21.343963826000106],[39.973287503000108,21.344251287000191],[39.973461988999986,21.34450324900007],[39.973117297000101,21.344712548000075],[39.973097609000035,21.344722487000126],[39.972850018000088,21.34487561800006],[39.972758254000155,21.344745394000142],[39.972673178000036,21.344622125000171],[39.972664084000144,21.344608860000051],[39.972476560000075,21.344335177000005]]]},"properties":{"OBJECTID":29,"camp_label":"3/214","gate_number":"3","Street":"214","Block":"101E","Type":"internal","Transport_mode":"النقل التقليدي","Capacity":2129,"Gate_Lat":21.3445,"Gate_Lon":39.972588999999999,"Shape_Length":0.0039684196711051818,"Shape_Area":6.8659085416264725e-07}},{"type":"Feature","id":30,"geometry":{"type":"Polygon","coordinates":[[[39.974614363000114,21.344211039000072],[39.973944388000064,21.344615625000131],[39.973723955000025,21.344270980000147],[39.974385386000108,21.343872021000095],[39.97486006500003,21.343579430000091],[39.975095117000137,21.343920978000142],[39.974614363000114,21.344211039000072]]]},"properties":{"OBJECTID":30,"camp_label":"4/214","gate_number":"4","Street":"214","Block":"101D","Type":"internal","Transport_mode":"النقل التقليدي","Capacity":1792,"Gate_Lat":21.343931999999999,"Gate_Lon":39.974286999999997,"Shape_Length":0.0034979111734987655,"Shape_Area":5.4798920469090773e-07}},{"type":"Feature","id":31,"geometry":{"type":"MultiPolygon","coordinates":[[[[39.984371451000072,21.33662569300003],[39.984371949000149,21.337540187000002],[39.984364595000045,21.337537809000025],[39.984343924000029,21.337531984000123],[39.98393273400012,21.337421689000166],[39.983923919000176,21.337401802000045],[39.984005834000129,21.337180461000116],[39.984095177000142,21.336610305000022],[39.984371451000072,21.33662569300003]]],[[[39.984625639000171,21.338063285000146],[39.984886019000044,21.338668539000139],[39.984941378000087,21.338799411000139],[39.984951070000193,21.338833247000082],[39.984956672999999,21.338867996000033],[39.984958109000161,21.338903164999977],[39.984956208000085,21.338930041000083],[39.984950832000152,21.338941129000148],[39.984943637000185,21.338951130000169],[39.984934836999969,21.338959755000076],[39.98492469100006,21.338966749000122],[39.984913499000186,21.338971903000186],[39.984603438000192,21.339083306000077],[39.984589629000027,21.338991282000109],[39.984431861000132,21.337789506000149],[39.984434325000166,21.337616350000189],[39.984437568000146,21.337610464000079],[39.984441735000019,21.33760519599997],[39.984446715000104,21.337600684000165],[39.984452371000032,21.337597059000132],[39.984458546000099,21.337594413999966],[39.984465075000003,21.337592823000136],[39.984471775000031,21.337592332000156],[39.984625639000171,21.338063285000146]]]]},"properties":{"OBJECTID":31,"camp_label":"2/502","gate_number":"2","Street":"502","Block":"6-4","Type":"external","Transport_mode":"النقل التقليدي","Capacity":472,"Gate_Lat":21.337069,"Gate_Lon":39.984372,"Shape_Length":0.0058263991114213291,"Shape_Area":6.352415815889124e-07}},{"type":"Feature","id":32,"geometry":{"type":"Polygon","coordinates":[[[39.972404713999993,21.345482859000128],[39.971427992000031,21.34601166200008],[39.971259961000044,21.34576437000004],[39.97148235800006,21.345634454000162],[39.971572600000059,21.34558170400004],[39.971567139000058,21.34557575000008],[39.972197460000075,21.345181362000119],[39.972203708000052,21.345189039000161],[39.972331930000053,21.345376470000133],[39.972404713999993,21.345482859000128]]]},"properties":{"OBJECTID":32,"camp_label":"4/639","gate_number":"4","Street":"639","Block":"112","Type":"internal","Transport_mode":"النقل التقليدي","Capacity":866,"Gate_Lat":21.345386999999999,"Gate_Lon":39.971870000000003,"Shape_Length":0.0028892632092505626,"Shape_Area":3.6452204133706281e-07}},{"type":"Feature","id":33,"geometry":{"type":"Polygon","coordinates":[[[39.98955974800009,21.358750158000191],[39.989588301000083,21.358421638000152],[39.98988247799997,21.358431771000028],[39.989935764000165,21.357807051000009],[39.990226427000096,21.357824236000113],[39.990168071000085,21.35863975400008],[39.990156493000029,21.358808019000094],[39.990049646000159,21.358792355000048],[39.99000077200003,21.358867229000168],[39.989851047000172,21.358777686000167],[39.98955974800009,21.358750158000191]]]},"properties":{"OBJECTID":33,"camp_label":"5/563","gate_number":"5","Street":"563","Block":"9-4","Type":"external","Transport_mode":"النقل الترددي","Capacity":632,"Gate_Lat":21.358801,"Gate_Lon":39.989888999999998,"Shape_Length":0.0031929922938709675,"Shape_Area":3.9861134015699262e-07}},{"type":"Feature","id":34,"geometry":{"type":"Polygon","coordinates":[[[39.982667679000144,21.366349468999999],[39.982574315000079,21.366211622000094],[39.982455708000145,21.366040880000185],[39.982158013000117,21.36621505700009],[39.982050598000171,21.366039607000118],[39.981929645000037,21.365775780000092],[39.982436676000134,21.36547113600011],[39.98261344500014,21.365357675000041],[39.982772991000161,21.365552176000051],[39.982853311000042,21.365666035000118],[39.982892228000026,21.365643069000043],[39.982987510000044,21.365776137000182],[39.982757261000131,21.365912205000086],[39.983025032000171,21.366304267000032],[39.982750532000182,21.366474111000059],[39.982667679000144,21.366349468999999]]]},"properties":{"OBJECTID":34,"camp_label":"14/649","gate_number":"14","Street":"649","Block":"95","Type":"external","Transport_mode":"النقل الترددي","Capacity":3725,"Gate_Lat":21.365565,"Gate_Lon":39.982281,"Shape_Length":0.0038312507662258918,"Shape_Area":6.1177171790708813e-07}},{"type":"Feature","id":35,"geometry":{"type":"Polygon","coordinates":[[[39.978948898000056,21.368814711000084],[39.978432419000058,21.369121231000008],[39.978241238000123,21.369234692000077],[39.978120016000048,21.369310262000113],[39.977974461000144,21.369072486000164],[39.978204929000015,21.368930901999988],[39.977923879000059,21.36848645900011],[39.978522516000112,21.368129304000092],[39.978948898000056,21.368814711000084]]]},"properties":{"OBJECTID":35,"camp_label":"7/649","gate_number":"7","Street":"649","Block":"96","Type":"external","Transport_mode":"النقل الترددي","Capacity":4688,"Gate_Lat":21.368243,"Gate_Lon":39.978330999999997,"Shape_Length":0.0035451652084824863,"Shape_Area":6.3555468342924267e-07}},{"type":"Feature","id":36,"geometry":{"type":"Polygon","coordinates":[[[39.977707895000151,21.368817387000092],[39.977598928000077,21.368671045000099],[39.977923879000059,21.36848645900011],[39.978204929000015,21.368930901999988],[39.977974461000144,21.369072486000164],[39.978120016000048,21.369310262000113],[39.977839649000032,21.369485041000132],[39.977674272000115,21.369679421000058],[39.977605743000026,21.369824059999985],[39.977547167000125,21.36981820900013],[39.977442477000181,21.369633498000042],[39.977271621000114,21.369313301000091],[39.977547248000064,21.369143348000023],[39.977445316000171,21.368981893000068],[39.977707895000151,21.368817387000092]]]},"properties":{"OBJECTID":36,"camp_label":"4/647","gate_number":"4","Street":"647","Block":"96","Type":"external","Transport_mode":"النقل الترددي","Capacity":3696,"Gate_Lat":21.368556999999999,"Gate_Lon":39.977798999999997,"Shape_Length":0.0038356639921071872,"Shape_Area":5.9748984489173787e-07}},{"type":"Feature","id":37,"geometry":{"type":"MultiPolygon","coordinates":[[[[39.978099976000124,21.368296270000087],[39.977889748000166,21.367997499000126],[39.9776594060001,21.368142341000066],[39.977595947999987,21.368048524000187],[39.977825881000115,21.367906733000098],[39.977585544000021,21.367558002000123],[39.977522888000181,21.367465370000048],[39.977511468000102,21.367462934000059],[39.977528170000085,21.36738984700014],[39.977631896000162,21.36741559900014],[39.978313424000021,21.367592146000106],[39.978733708000163,21.367629190000116],[39.979122702000041,21.367556590000163],[39.979246776000025,21.367606928000043],[39.978099976000124,21.368296270000087]]],[[[39.977707895000151,21.368817387000092],[39.977445316000171,21.368981893000068],[39.977547248000064,21.369143348000023],[39.977271621000114,21.369313301000091],[39.977152580000109,21.368929804000118],[39.977598928000077,21.368671045000099],[39.977707895000151,21.368817387000092]]]]},"properties":{"OBJECTID":37,"camp_label":"3/649","gate_number":"3","Street":"649","Block":"96","Type":"external","Transport_mode":"النقل الترددي","Capacity":4469,"Gate_Lat":21.367591999999998,"Gate_Lon":39.978313,"Shape_Length":0.0066678199099755812,"Shape_Area":8.4680456532938933e-07}},{"type":"Feature","id":38,"geometry":{"type":"Polygon","coordinates":[[[39.975668437000138,21.343379073000165],[39.975840588999972,21.343274233000159],[39.975914677000105,21.343381768000086],[39.975125096000056,21.343860607000181],[39.974954105000165,21.343606457000135],[39.974989555000093,21.343584598000177],[39.975494000000026,21.343276536000076],[39.975564559000077,21.34323370300018],[39.975668437000138,21.343379073000165]]]},"properties":{"OBJECTID":38,"camp_label":"6/639","gate_number":"6","Street":"639","Block":"112","Type":"internal","Transport_mode":"النقل التقليدي","Capacity":770,"Gate_Lat":21.343318,"Gate_Lon":39.975870999999998,"Shape_Length":0.0024558306756084307,"Shape_Area":2.4723357969525458e-07}},{"type":"Feature","id":39,"geometry":{"type":"Polygon","coordinates":[[[39.978099976000124,21.368296270000087],[39.977845102000003,21.368450170000187],[39.977168699999993,21.36885531300004],[39.977161027000193,21.368716181000082],[39.976665098000069,21.367498425000065],[39.97683038200006,21.36744642299999],[39.977185454000164,21.367364956000131],[39.977384567000001,21.367368335000151],[39.977528170000085,21.36738984700014],[39.977511468000102,21.367462934000059],[39.977522888000181,21.367465370000048],[39.977825881000115,21.367906733000098],[39.977595947999987,21.368048524000187],[39.9776594060001,21.368142341000066],[39.977889748000166,21.367997499000126],[39.978023010000186,21.368186885000171],[39.978099976000124,21.368296270000087]]]},"properties":{"OBJECTID":39,"camp_label":"1/649","gate_number":"1","Street":"649","Block":"96","Type":"external","Transport_mode":"النقل الترددي","Capacity":3880,"Gate_Lat":21.367364999999999,"Gate_Lon":39.977184999999999,"Shape_Length":0.0050651384974084819,"Shape_Area":1.1428586333202188e-06}},{"type":"Feature","id":40,"geometry":{"type":"Polygon","coordinates":[[[39.980135191000045,21.366897521000055],[39.980219346000183,21.366843959000107],[39.980565074000026,21.366623910000101],[39.980659021000065,21.366773330000171],[39.980465240000115,21.366888430000131],[39.980592555000044,21.367093115000102],[39.98083988000019,21.366940459000091],[39.981029757000158,21.367218802000082],[39.981061441000122,21.367198645000144],[39.981236523000064,21.367449995000129],[39.980695716000184,21.367771491999974],[39.980194666000102,21.366990256000179],[39.980135191000045,21.366897521000055]]]},"properties":{"OBJECTID":40,"camp_label":"6/649","gate_number":"6","Street":"649","Block":"95","Type":"external","Transport_mode":"النقل الترددي","Capacity":5281,"Gate_Lat":21.366761,"Gate_Lon":39.980350000000001,"Shape_Length":0.0037913867710078772,"Shape_Area":5.3470688313186474e-07}},{"type":"Feature","id":41,"geometry":{"type":"Polygon","coordinates":[[[39.970988973000033,21.345367415000169],[39.970871388000148,21.345195340000032],[39.971176322000133,21.345005209000021],[39.971560753000063,21.345564532000026],[39.971572600000059,21.34558170400004],[39.971259961000044,21.34576437000004],[39.971074679000026,21.345493039000075],[39.971117304000074,21.345467491000079],[39.97105877700011,21.345363858000155],[39.971040822000134,21.345336996000071],[39.970988973000033,21.345367415000169]]]},"properties":{"OBJECTID":41,"camp_label":"20/608","gate_number":"20","Street":"608","Block":"101C","Type":"internal","Transport_mode":"النقل التقليدي","Capacity":770,"Gate_Lat":21.345320999999998,"Gate_Lon":39.971392000000002,"Shape_Length":0.0022191099682126818,"Shape_Area":2.4152143625707352e-07}},{"type":"Feature","id":42,"geometry":{"type":"Polygon","coordinates":[[[39.981683289000046,21.367185239999969],[39.981236523000064,21.367449995000129],[39.981061441000122,21.367198645000144],[39.981029757000158,21.367218802000082],[39.98083988000019,21.366940459000091],[39.980592555000044,21.367093115000102],[39.980465240000115,21.366888430000131],[39.980659021000065,21.366773330000171],[39.980565074000026,21.366623910000101],[39.981138283000121,21.366267544999971],[39.981596472000092,21.367058025000006],[39.981683289000046,21.367185239999969]]]},"properties":{"OBJECTID":42,"camp_label":"8/649","gate_number":"8","Street":"649","Block":"95","Type":"external","Transport_mode":"النقل الترددي","Capacity":3826,"Gate_Lat":21.366447999999998,"Gate_Lon":39.980848000000002,"Shape_Length":0.0038763537475906048,"Shape_Area":6.8951445194565208e-07}},{"type":"Feature","id":43,"geometry":{"type":"Polygon","coordinates":[[[39.982657767000035,21.366337154000178],[39.982750532000182,21.366474111000059],[39.982531484000162,21.366681928999981],[39.982223293000175,21.366846951000127],[39.981606152000154,21.365981104000184],[39.981929645000037,21.365775780000092],[39.982050598000171,21.366039607000118],[39.982158013000117,21.36621505700009],[39.982455708000145,21.366040880000185],[39.982657767000035,21.366337154000178]]]},"properties":{"OBJECTID":43,"camp_label":"12/649","gate_number":"12","Street":"649","Block":"95","Type":"external","Transport_mode":"النقل الترددي","Capacity":3524,"Gate_Lat":21.365888000000002,"Gate_Lon":39.981752,"Shape_Length":0.0034628532209880578,"Shape_Area":5.4061487424607442e-07}},{"type":"Feature","id":44,"geometry":{"type":"Polygon","coordinates":[[[39.979416400000162,21.368535700000166],[39.979056326000034,21.368750957000145],[39.978948898000056,21.368814711000084],[39.978522516000112,21.368129304000092],[39.979310693000059,21.367646864000164],[39.979410233999999,21.367801948000192],[39.979058617000135,21.368017237000174],[39.979416400000162,21.368535700000166]]]},"properties":{"OBJECTID":44,"camp_label":"8/647","gate_number":"8","Street":"647","Block":"96","Type":"external","Transport_mode":"النقل الترددي","Capacity":3472,"Gate_Lat":21.367939,"Gate_Lon":39.978833999999999,"Shape_Length":0.0035022476016255714,"Shape_Area":5.0193763536066139e-07}},{"type":"Feature","id":45,"geometry":{"type":"Polygon","coordinates":[[[39.973944388000064,21.344615625000131],[39.973645869000109,21.344786499000065],[39.973133959000052,21.345073880000143],[39.973043684000118,21.344987183000171],[39.973018161000027,21.344968076999976],[39.972959592000109,21.344941185000096],[39.97290321100013,21.34491046100004],[39.972849304000192,21.344876060000104],[39.973097609000035,21.344722487000126],[39.973117297000101,21.344712548000075],[39.973461988999986,21.34450324900007],[39.973448587000121,21.34448320600012],[39.973723955000025,21.344270980000147],[39.973944388000064,21.344615625000131]]]},"properties":{"OBJECTID":45,"camp_label":"1/208","gate_number":"1","Street":"208","Block":"35E","Type":"internal","Transport_mode":"النقل التقليدي","Capacity":816,"Gate_Lat":21.344373000000001,"Gate_Lon":39.973591999999996,"Shape_Length":0.0027788294388191043,"Shape_Area":3.4262506815632326e-07}},{"type":"Feature","id":46,"geometry":{"type":"Polygon","coordinates":[[[39.979200762000119,21.36747559600019],[39.979446748000043,21.367339636000168],[39.979586444000063,21.367262422000181],[39.980129442000191,21.368111221000106],[39.979826264000167,21.368289584000081],[39.979745509000168,21.368341936000149],[39.979416400000162,21.368535700000166],[39.979058617000135,21.368017237000174],[39.979410233999999,21.367801948000192],[39.979200762000119,21.36747559600019]]]},"properties":{"OBJECTID":46,"camp_label":"2/649","gate_number":"2","Street":"649","Block":"95","Type":"external","Transport_mode":"النقل الترددي","Capacity":3871,"Gate_Lat":21.367393,"Gate_Lon":39.979349999999997,"Shape_Length":0.0037082194974763496,"Shape_Area":6.9913009537139103e-07}},{"type":"Feature","id":47,"geometry":{"type":"Polygon","coordinates":[[[39.980129442000191,21.368111221000106],[39.979586444000063,21.367262422000181],[39.98006386600008,21.366944950000175],[39.980135191000045,21.366897521000055],[39.980194666000102,21.366990256000179],[39.980695716000184,21.367771491999974],[39.980554619000145,21.367855226000188],[39.980129442000191,21.368111221000106]]]},"properties":{"OBJECTID":47,"camp_label":"4/649","gate_number":"4","Street":"649","Block":"95","Type":"external","Transport_mode":"النقل الترددي","Capacity":3098,"Gate_Lat":21.367062000000001,"Gate_Lon":39.979888000000003,"Shape_Length":0.0033652623414827639,"Shape_Area":6.7436544802819283e-07}},{"type":"Feature","id":48,"geometry":{"type":"Polygon","coordinates":[[[39.981606152000154,21.365981104000184],[39.982223293000175,21.366846951000127],[39.981683289000046,21.367185239999969],[39.981596472000092,21.367058025000006],[39.981138283000121,21.366267544999971],[39.981606152000154,21.365981104000184]]]},"properties":{"OBJECTID":48,"camp_label":"10/649","gate_number":"10","Street":"649","Block":"95","Type":"external","Transport_mode":"النقل الترددي","Capacity":3446,"Gate_Lat":21.366152,"Gate_Lon":39.981327,"Shape_Length":0.0033167670826141603,"Shape_Area":6.3607227456610372e-07}},{"type":"Feature","id":49,"geometry":{"type":"Polygon","coordinates":[[[39.991136936000032,21.347935090000078],[39.991155378000144,21.347959401000026],[39.990868101000103,21.348137489000067],[39.990364122000074,21.347429328000146],[39.989926224000044,21.347689529000093],[39.989835975000119,21.347530217000042],[39.989734974000044,21.347374940000122],[39.989420314000142,21.346941560000118],[39.989421846000084,21.346897887000125],[39.989698826000051,21.346738670000036],[39.989903239,21.346614340000031],[39.990135828000177,21.346472875000131],[39.990386769000054,21.346837145000109],[39.990328138999985,21.346871723000106],[39.9906213430001,21.347264845000154],[39.990875964000111,21.347109379000074],[39.990988571000116,21.347267332000058],[39.990850679000062,21.347354610000025],[39.990774955000006,21.347413332000087],[39.991136936000032,21.347935090000078]]]},"properties":{"OBJECTID":49,"camp_label":"22/204","gate_number":"22","Street":"204","Block":"42","Type":"external","Transport_mode":"النقل التقليدي","Capacity":4168,"Gate_Lat":21.347289,"Gate_Lon":39.989671999999999,"Shape_Length":0.0059128256809769979,"Shape_Area":1.1138683320520114e-06}},{"type":"Feature","id":50,"geometry":{"type":"Polygon","coordinates":[[[39.991324576000125,21.351075809000179],[39.991034935000073,21.350663872999974],[39.991302563000147,21.350486653000075],[39.990973577000148,21.350022422000109],[39.991252091000092,21.350048798000159],[39.9925855030001,21.350323088000152],[39.991324576000125,21.351075809000179]]]},"properties":{"OBJECTID":50,"camp_label":"8/421","gate_number":"8","Street":"421","Block":"79","Type":"external","Transport_mode":"النقل الترددي","Capacity":1732,"Gate_Lat":21.350151,"Gate_Lon":39.991748999999999,"Shape_Length":0.0045031421400312192,"Shape_Area":8.0582139259039379e-07}},{"type":"Feature","id":51,"geometry":{"type":"Polygon","coordinates":[[[39.989703207000161,21.377325909000149],[39.989703304000102,21.377327231999971],[39.989703391000035,21.37732850000009],[39.989703413000029,21.377329809000116],[39.98970348600011,21.377331146000131],[39.989703456000086,21.377332427000169],[39.989703479000184,21.377333737000072],[39.989703403000192,21.377335047000031],[39.989703380000094,21.377336383000113],[39.989703252000083,21.377337663000048],[39.989703154999972,21.377338985000165],[39.98970300600007,21.377340280000169],[39.989702857000168,21.377341575000003],[39.989702662000013,21.377342896000016],[39.989702462000025,21.377344163000032],[39.989702216000182,21.377345458000093],[39.989701970000169,21.377346751000118],[39.98970164900004,21.377348030000121],[39.989701351000178,21.377349298000013],[39.989701031000152,21.377350577000072],[39.989700658000061,21.377351828000087],[39.989700265000124,21.377353093000067],[39.989699892000147,21.377354345000185],[39.989699446000145,21.377355582000007],[39.989699000000087,21.377356819000056],[39.989698553000153,21.377358057000151],[39.989698032000035,21.377359279000075],[39.989697513000067,21.377360502000101],[39.989697067000179,21.377361558000189],[39.98969654800004,21.377362600000083],[39.989696050000191,21.377363628000182],[39.989695530000176,21.377364669000144],[39.989694982000117,21.377365670000131],[39.98969441100013,21.377366683000162],[39.989693840000029,21.377367696000135],[39.989693238000143,21.377368669000134],[39.989692614000091,21.37736965400012],[39.989691991000143,21.377370639000105],[39.989691316000176,21.377371596000103],[39.989690642000085,21.377372554000033],[39.989689937000151,21.37737346900019],[39.989689262000184,21.377374426000188],[39.989688505000004,21.377375314000062],[39.989687777000142,21.377376243000072],[39.989687022000169,21.377377130000013],[39.989686236000125,21.377377977000037],[39.989685457000121,21.377378876000023],[39.989684618000126,21.377379694000069],[39.989683811000191,21.377380553000023],[39.989682973000072,21.377381371000126],[39.989682112000139,21.377382200999989],[39.989681246000032,21.377382977000082],[39.989680356000122,21.377383765000161],[39.989679466000098,21.377384555000049],[39.989678547000096,21.377385302000164],[39.989677629000028,21.377386049000165],[39.989676679000127,21.377386754000099],[39.989675731000034,21.37738745900009],[39.98967473100015,21.377388136000036],[39.989673781000022,21.377388841000027],[39.989672803000133,21.377389504000178],[39.989672310000174,21.377389808000032],[39.989603991000138,21.377430234000144],[39.989373935000117,21.377566444000081],[39.989319128000091,21.37759889299997],[39.98901911300004,21.377157880000027],[39.988770109000086,21.377304359000163],[39.988363986000138,21.37669760700004],[39.988602090000086,21.376550678000058],[39.988602030000095,21.376550594000037],[39.988704250000012,21.376487989999987],[39.988810081000167,21.376424722000081],[39.989262077000092,21.37614194300005],[39.989270705000081,21.376136504000044],[39.989279209000074,21.376130840000144],[39.989287610000133,21.376125118000175],[39.989295883000068,21.376119176000032],[39.989304078000089,21.376113161000148],[39.989312131000133,21.376106994000111],[39.989320073000101,21.376100714000131],[39.989327899000045,21.376094266000109],[39.989335612000048,21.376087706000078],[39.989343193000025,21.37608104800006],[39.989350655000123,21.376074222000057],[39.989357962000099,21.376067313000078],[39.989365180000163,21.376060276000146],[39.989372266000032,21.37605314100017],[39.989379158000077,21.376045825999995],[39.989385971000047,21.376038439000183],[39.989392627000029,21.376030969000112],[39.989399143000071,21.376023343000043],[39.989405532000148,21.376015676000179],[39.98941176000011,21.376007869000148],[39.989417825000032,21.375999921000016],[39.989423764000037,21.375991931000101],[39.989429568000162,21.375983842000039],[39.98943518800013,21.375975629000152],[39.989440674000036,21.375967314000093],[39.98944601300019,21.375958973000024],[39.989451166000038,21.375950505000048],[39.989456164000046,21.375941953000051],[39.989461004000134,21.375933315000054],[39.989462299000138,21.375930956000104],[39.989469196000073,21.375917985000171],[39.989475889000175,21.375904901000183],[39.989482320000093,21.375891677000141],[39.989488476000076,21.375878380000188],[39.989494427000125,21.375864973000034],[39.98950010100009,21.375851494000074],[39.989505517000168,21.375837873000137],[39.989510711000037,21.375824210000133],[39.989515599000129,21.375810435000176],[39.989520264000021,21.37579661500007],[39.989524649000145,21.375782671000024],[39.98952878800003,21.37576869500009],[39.989532675000078,21.375754635000192],[39.989536294000118,21.375740559000064],[39.98953963200006,21.375726358000065],[39.989542754000126,21.375712168000121],[39.98954554900007,21.375697879000086],[39.989548099000103,21.37568356100013],[39.989550403000123,21.375669213000037],[39.989552440000068,21.375654851000093],[39.989554017000103,21.375641615000063],[39.989703207000161,21.377325909000149]]]},"properties":{"OBJECTID":51,"camp_label":"6/613","gate_number":"6","Street":"613","Block":"110","Type":"external","Transport_mode":"النقل الترددي","Capacity":4015,"Gate_Lat":21.376270999999999,"Gate_Lon":39.989055999999998,"Shape_Length":0.005384131496759521,"Shape_Area":1.2523016837490513e-06}},{"type":"Feature","id":52,"geometry":{"type":"Polygon","coordinates":[[[39.994232762000024,21.356371859000149],[39.994154824000191,21.356459776000008],[39.994052582000052,21.356380238000042],[39.993895239000096,21.356161229999998],[39.99415502700009,21.355996232000052],[39.994067432000065,21.355857218000097],[39.993767273000174,21.355380871000023],[39.994863973000122,21.354688887000123],[39.994888026000069,21.354681036000102],[39.994913135000104,21.354677032000154],[39.994938606000176,21.35467698400015],[39.994963731000041,21.354680893000022],[39.99498781799997,21.35468865200005],[39.995010196000067,21.354700045000186],[39.995030248000148,21.35471475900016],[39.995047417000023,21.354732382000122],[39.995061230000033,21.354752431000065],[39.995071301000053,21.354774345999999],[39.995077352000123,21.354797523000059],[39.995079218000114,21.354821319000109],[39.995076844000096,21.354845077000107],[39.995070297000154,21.354868133000025],[39.995059760000061,21.35488985600017],[39.994725159000041,21.355551538000043],[39.994232762000024,21.356371859000149]]]},"properties":{"OBJECTID":52,"camp_label":"8/529","gate_number":"8","Street":"529","Block":"8-14","Type":"external","Transport_mode":"النقل الترددي","Capacity":3296,"Gate_Lat":21.355022999999999,"Gate_Lon":39.994334000000002,"Shape_Length":0.0049165748323297129,"Shape_Area":1.0133078761963773e-06}},{"type":"Feature","id":53,"geometry":{"type":"MultiPolygon","coordinates":[[[[39.974085930000001,21.346419475000175],[39.973746009000081,21.345915365000053],[39.973648486000059,21.345770727000172],[39.973468287000173,21.345503489000066],[39.973181623000073,21.345078339000054],[39.973440169000128,21.344930475000069],[39.973624377000135,21.345194344000163],[39.974106488000132,21.345893633000173],[39.974329821000026,21.345754845000101],[39.97458943200013,21.346147271000063],[39.974506384000165,21.346199328000182],[39.974375003000034,21.346271420000107],[39.974352290000013,21.346285791000128],[39.974340397000049,21.346293313000047],[39.974161159000118,21.346406680000086],[39.974144323000132,21.34638331900004],[39.974085930000001,21.346419475000175]]],[[[39.973493634000022,21.345721701000173],[39.974003505000042,21.346470608000061],[39.973981595000168,21.346483118000037],[39.973834674000045,21.346571019000123],[39.973011344000099,21.345344306000129],[39.972992010000098,21.34535560400019],[39.972899884000128,21.345216559000107],[39.973076212000137,21.345116675000043],[39.973493634000022,21.345721701000173]]]]},"properties":{"OBJECTID":53,"camp_label":"19/206","gate_number":"19","Street":"206","Block":"34","Type":"external","Transport_mode":"النقل التقليدي","Capacity":3764,"Gate_Lat":21.345686000000001,"Gate_Lon":39.973590999999999,"Shape_Length":0.0081251322995026867,"Shape_Area":9.3783080541307296e-07}},{"type":"Feature","id":54,"geometry":{"type":"Polygon","coordinates":[[[39.988581759000112,21.339594653000177],[39.988887504000104,21.340010357000153],[39.988653636000095,21.340156214000046],[39.988243357000158,21.339550825000117],[39.988184611000122,21.339471886000069],[39.988402829000051,21.339272890000132],[39.988624457000071,21.3390772300001],[39.988849438000159,21.338884959000097],[39.988966052000194,21.339034595000044],[39.988833665000186,21.339142651000088],[39.988989543000116,21.339374327000087],[39.988854113000059,21.3394595420001],[39.98911750100001,21.339778449000107],[39.988901549000104,21.339904929000113],[39.988854924000066,21.339851502000045],[39.988658578000184,21.339642028000128],[39.98860497700008,21.339585104000037],[39.988602829000058,21.33958197100003],[39.988581759000112,21.339594653000177]]]},"properties":{"OBJECTID":54,"camp_label":"2/520","gate_number":"2","Street":"520","Block":"8-6","Type":"external","Transport_mode":"النقل التقليدي","Capacity":1912,"Gate_Lat":21.339805999999999,"Gate_Lon":39.989071000000003,"Shape_Length":0.0044366007711417613,"Shape_Area":5.5783082234368931e-07}},{"type":"Feature","id":55,"geometry":{"type":"Polygon","coordinates":[[[39.988892059000193,21.362047669000049],[39.990437166000049,21.360540671000081],[39.990774449000185,21.360882243000106],[39.991232560000128,21.361360977999993],[39.99087238400017,21.361680290000152],[39.989681271000109,21.362770451000188],[39.988892059000193,21.362047669000049]]]},"properties":{"OBJECTID":55,"camp_label":"1/112","gate_number":"1","Street":"112","Block":"10","Type":"external","Transport_mode":"النقل التقليدي","Capacity":3214,"Gate_Lat":21.362383999999999,"Gate_Lon":39.989260000000002,"Shape_Length":0.0064671698443976577,"Shape_Area":2.3462070795740546e-06}},{"type":"Feature","id":56,"geometry":{"type":"Polygon","coordinates":[[[39.996402452000154,21.343925571000057],[39.996374399000047,21.343942487000049],[39.996102460000031,21.344106478000185],[39.995947013000034,21.344205201000136],[39.995479669000076,21.343500556000151],[39.995662946000095,21.343386513000041],[39.995880205000049,21.343693467000037],[39.995947567000087,21.343654351000168],[39.996051286000068,21.343803655000102],[39.995989178000059,21.34384196700006],[39.996031387000073,21.343908489000057],[39.996257264000064,21.34377508200015],[39.996289471000125,21.343755958000145],[39.996402452000154,21.343925571000057]]]},"properties":{"OBJECTID":56,"camp_label":"7/25","gate_number":"7","Street":"25","Block":"117A","Type":"internal","Transport_mode":"النقل التقليدي","Capacity":1201,"Gate_Lat":21.344163999999999,"Gate_Lon":39.996012,"Shape_Length":0.0028869587860256194,"Shape_Area":2.6781896137626597e-07}},{"type":"Feature","id":57,"geometry":{"type":"Polygon","coordinates":[[[39.995446651000009,21.341997012000093],[39.995530163000183,21.341949512999975],[39.995701636999968,21.342161879000173],[39.995790077000038,21.34210386400008],[39.995959080000091,21.342367970000055],[39.995769449000079,21.342471113000158],[39.995760608000182,21.342476305000048],[39.99600009500017,21.342864664000103],[39.995761324000057,21.343012979000036],[39.995654332000072,21.34286127900009],[39.995159833999992,21.342160142000125],[39.995446651000009,21.341997012000093]]]},"properties":{"OBJECTID":57,"camp_label":"1/510","gate_number":"1","Street":"510","Block":"7-4","Type":"external","Transport_mode":"النقل التقليدي","Capacity":1624,"Gate_Lat":21.342109000000001,"Gate_Lon":39.995249999999999,"Shape_Length":0.0031253887352102449,"Shape_Area":4.1867121985461204e-07}},{"type":"Feature","id":58,"geometry":{"type":"Polygon","coordinates":[[[39.99301543200005,21.342575537000073],[39.993030917000169,21.342595822000078],[39.993133881000176,21.342730981000159],[39.993207484000152,21.342839643000104],[39.992970534000051,21.342987266000137],[39.993151647000047,21.343252473000177],[39.993138289000171,21.343260371000099],[39.992909938000025,21.343395408000163],[39.992885423000018,21.343409909000059],[39.992657069000131,21.343544944000087],[39.992648855000027,21.343549802000155],[39.992632637999975,21.343559563000156],[39.992427605000159,21.343682978000174],[39.992414834000101,21.3436906660001],[39.99224802100008,21.343427671000086],[39.992186923000133,21.343331341000123],[39.992149200000142,21.343276378000098],[39.992195422000066,21.343247513999984],[39.992118979000054,21.343136479000123],[39.992112148999979,21.343126564000102],[39.991858373000127,21.342757909000113],[39.991830442000037,21.342711789000191],[39.991781277000143,21.342630586000098],[39.991775161000191,21.342615163000175],[39.991851018000148,21.342576019000148],[39.992182429000138,21.342385320000062],[39.992398495000089,21.342260996999983],[39.99266024700006,21.342110385000183],[39.99301543200005,21.342575537000073]]]},"properties":{"OBJECTID":58,"camp_label":"3/522","gate_number":"3","Street":"522","Block":"8-4","Type":"external","Transport_mode":"النقل التقليدي","Capacity":4992,"Gate_Lat":21.343523000000001,"Gate_Lon":39.992694999999998,"Shape_Length":0.0046950212134255062,"Shape_Area":1.247899435370375e-06}},{"type":"Feature","id":59,"geometry":{"type":"Polygon","coordinates":[[[39.990868101000103,21.348137489000067],[39.990437949000011,21.348404138000149],[39.990363830000035,21.348296288000142],[39.99028837700007,21.348349870000106],[39.989834275000192,21.348638488000176],[39.989458513000159,21.34798685300018],[39.989524762000087,21.347947167000086],[39.989615624000123,21.34789183100014],[39.989926224000044,21.347689529000093],[39.990364122000074,21.347429328000146],[39.990868101000103,21.348137489000067]]]},"properties":{"OBJECTID":59,"camp_label":"24/204","gate_number":"24","Street":"204","Block":"42","Type":"external","Transport_mode":"النقل التقليدي","Capacity":3756,"Gate_Lat":21.347826999999999,"Gate_Lon":39.989714999999997,"Shape_Length":0.0039526197493820166,"Shape_Area":8.8532082511777915e-07}},{"type":"Feature","id":60,"geometry":{"type":"Polygon","coordinates":[[[39.983294849000174,21.369662881000068],[39.983391132000065,21.369603159000121],[39.983391937000022,21.369602661000101],[39.983529923000106,21.369520166000086],[39.983771610000133,21.369867050000039],[39.983781674000056,21.369882469000117],[39.983418328000027,21.370107267000094],[39.983420133000095,21.370109881000133],[39.983160674000032,21.370269332000078],[39.982999864000192,21.370034912000051],[39.982828826000059,21.370141421000085],[39.982738860000097,21.370006886000056],[39.982642908000173,21.370067417000143],[39.982315742000083,21.369603608000091],[39.98230279500018,21.369585319000066],[39.982824508000078,21.369260713000187],[39.983046978000175,21.369576472000119],[39.983068481000089,21.369609461000096],[39.983167952000088,21.369741395000176],[39.983294849000174,21.369662881000068]]]},"properties":{"OBJECTID":60,"camp_label":"25/608","gate_number":"25","Street":"608","Block":"97","Type":"external","Transport_mode":"النقل الترددي","Capacity":2499,"Gate_Lat":21.369420999999999,"Gate_Lon":39.982565999999998,"Shape_Length":0.0041567825212478126,"Shape_Area":7.1853315212555978e-07}},{"type":"Feature","id":61,"geometry":{"type":"Polygon","coordinates":[[[39.972198165000066,21.34518093700018],[39.972706992000155,21.344873138000025],[39.972951133000038,21.345011670000133],[39.972997105000104,21.345026490000123],[39.973065304000158,21.345110883000075],[39.972648542000115,21.345345561000158],[39.972570906000101,21.345234142000095],[39.972331930000053,21.345376470000133],[39.972198165000066,21.34518093700018]]]},"properties":{"OBJECTID":61,"camp_label":"5/208","gate_number":"5","Street":"208","Block":"35D","Type":"internal","Transport_mode":"النقل التقليدي","Capacity":578,"Gate_Lat":21.344930000000002,"Gate_Lon":39.972805999999999,"Shape_Length":0.0021613447308180419,"Shape_Area":2.2260138723480237e-07}},{"type":"Feature","id":62,"geometry":{"type":"Polygon","coordinates":[[[39.972356519000186,21.345948565000128],[39.972540944000116,21.346221033999996],[39.972752570000182,21.346507382000084],[39.972531533000108,21.346639725000102],[39.972875653000187,21.347146371000122],[39.972551181000142,21.347339185000067],[39.972437250000041,21.347407026999974],[39.972395365000011,21.347428683000032],[39.972310748000041,21.347305673000164],[39.97220286999999,21.347148848000018],[39.972143951000191,21.347059216000105],[39.971441858000105,21.346042535000095],[39.971933245000173,21.345764164000059],[39.972159018000127,21.345636260000106],[39.972356519000186,21.345948565000128]]]},"properties":{"OBJECTID":62,"camp_label":"40/68","gate_number":"40","Street":"68","Block":"35B","Type":"external","Transport_mode":"النقل التقليدي","Capacity":4688,"Gate_Lat":21.346682000000001,"Gate_Lon":39.971882999999998,"Shape_Length":0.004988576149925465,"Shape_Area":1.2018894739310238e-06}},{"type":"Feature","id":63,"geometry":{"type":"Polygon","coordinates":[[[39.989062706000027,21.340248571000132],[39.989048914000136,21.340258149000192],[39.988568452000152,21.340553791000161],[39.988487387000134,21.340443423000067],[39.988114955000015,21.339889067000058],[39.987963025000056,21.339982779000138],[39.98788584000016,21.339889212000116],[39.987827131000188,21.339812305000066],[39.988004640000042,21.3396409610001],[39.988184611000122,21.339471886000069],[39.988243357000158,21.339550825000117],[39.988653636000095,21.340156214000046],[39.988887504000104,21.340010357000153],[39.989062706000027,21.340248571000132]]]},"properties":{"OBJECTID":63,"camp_label":"3/518","gate_number":"3","Street":"518","Block":"8-6","Type":"external","Transport_mode":"النقل التقليدي","Capacity":1784,"Gate_Lat":21.340378000000001,"Gate_Lon":39.988854000000003,"Shape_Length":0.0036769601131615179,"Shape_Area":4.5244443534171388e-07}},{"type":"Feature","id":64,"geometry":{"type":"Polygon","coordinates":[[[39.993210800000043,21.343983416000128],[39.993412657000135,21.344268341000031],[39.993611970000188,21.344553881000024],[39.993533543000183,21.344600695000167],[39.993269069000178,21.34459693600013],[39.993059757000083,21.344285732000117],[39.992901367000115,21.344050234000179],[39.993014470000162,21.34398211700011],[39.992969547000087,21.343921629000079],[39.993102863000104,21.343836351000164],[39.992892982000058,21.343527954000137],[39.993139119000091,21.343379263000145],[39.993305320000047,21.343278860000112],[39.993388421000077,21.343229136000105],[39.99346173400005,21.343326390000129],[39.99323227800005,21.343478588000096],[39.993476747000102,21.343846079000059],[39.993465958000002,21.343830593000007],[39.993210800000043,21.343983416000128]]]},"properties":{"OBJECTID":64,"camp_label":"20/520","gate_number":"20","Street":"520","Block":"8-7","Type":"external","Transport_mode":"النقل التقليدي","Capacity":1472,"Gate_Lat":21.343454000000001,"Gate_Lon":39.993015999999997,"Shape_Length":0.0041841578019168471,"Shape_Area":4.4162557076070524e-07}},{"type":"Feature","id":65,"geometry":{"type":"Polygon","coordinates":[[[39.988268553000125,21.353960629000085],[39.988562237999986,21.354388990000132],[39.98833421300003,21.354520519000062],[39.987551445000122,21.35497202300013],[39.987109807000024,21.354334506000043],[39.986814349000042,21.353907992000075],[39.986811286000091,21.353900311000075],[39.986809682000114,21.353892251000104],[39.986809590000121,21.35388405000009],[39.986811009000121,21.353875960000096],[39.986813897000047,21.353868221000084],[39.986818170000106,21.353861062000135],[39.986823695000112,21.353854704000128],[39.986830310000073,21.35384933500012],[39.986837817000037,21.353845115000126],[39.986845987000038,21.353842172000157],[39.986854574999995,21.353840595000122],[39.986863327000037,21.353840432000027],[39.986871978000124,21.353841683000041],[39.986880266000128,21.353844316000163],[39.986887946000024,21.353848251000045],[39.98689478600005,21.353853368000046],[39.986927820000119,21.353882386999999],[39.986964816000182,21.353906853000069],[39.987005066000108,21.353926295000122],[39.987047799000038,21.353940342000101],[39.987092192000034,21.353948721000165],[39.987137398000073,21.35395127400011],[39.987182544000063,21.353947952000055],[39.987226769000074,21.353938816000152],[39.98726922100002,21.353924045000099],[39.987309086000039,21.35390392100004],[39.987832917000162,21.353574225000102],[39.987982135000038,21.353792303000034],[39.988095134000105,21.353723891000072],[39.988268553000125,21.353960629000085]]]},"properties":{"OBJECTID":65,"camp_label":"1/425","gate_number":"1","Street":"425","Block":"85","Type":"external","Transport_mode":"النقل الترددي","Capacity":3594,"Gate_Lat":21.354434999999999,"Gate_Lon":39.987180000000002,"Shape_Length":0.0048737299390536615,"Shape_Area":1.2422616905681703e-06}},{"type":"Feature","id":66,"geometry":{"type":"Polygon","coordinates":[[[39.983227617000125,21.346911515000045],[39.983005279000054,21.34704949800016],[39.982853683000087,21.34682863200004],[39.982628655000156,21.346958964000123],[39.98215065100004,21.346274125000036],[39.981780021000077,21.345734518000086],[39.982181306000143,21.345500805000029],[39.982325658000036,21.345710082000039],[39.982328551000194,21.345714981000128],[39.982381147000069,21.345682305000139],[39.982598471000131,21.346003275000044],[39.982849522000038,21.346374060000073],[39.982819095000082,21.34639237000016],[39.982845154000188,21.346430376000114],[39.982875581000144,21.346412066000028],[39.983227617000125,21.346911515000045]]]},"properties":{"OBJECTID":66,"camp_label":"3/56","gate_number":"3","Street":"56","Block":"49","Type":"external","Transport_mode":"النقل التقليدي","Capacity":3955,"Gate_Lat":21.346247999999999,"Gate_Lon":39.982764000000003,"Shape_Length":0.0046291793098937849,"Shape_Area":8.2681777054686549e-07}},{"type":"Feature","id":67,"geometry":{"type":"MultiPolygon","coordinates":[[[[39.981820465000055,21.344114135000041],[39.982245805000048,21.344297169000072],[39.98263390000011,21.344464176000145],[39.98233365800013,21.344671165000136],[39.982338463000076,21.344678161000161],[39.982257311000126,21.344727102000036],[39.982265140000152,21.344738499000186],[39.982180274000086,21.344789684000091],[39.982037116000129,21.344876024000087],[39.981815918000109,21.34500942000011],[39.981013643000097,21.343903130000058],[39.981145429000151,21.343823652000083],[39.981820465000055,21.344114135000041]]],[[[39.981322338000155,21.344451123000056],[39.981418291000182,21.344590771000014],[39.981751223000174,21.345075298000097],[39.981507762000035,21.345222136000132],[39.98107518300003,21.344597446000137],[39.980866083000137,21.344295480000028],[39.980623353000112,21.344446082000047],[39.980460785000162,21.344209689000138],[39.980474236000134,21.344201579000185],[39.980489896000165,21.344224365999992],[39.980652059000192,21.344126569000025],[39.980662500000051,21.344141761000174],[39.980686824000145,21.344127090000143],[39.980705092000051,21.344153677999998],[39.980802390999997,21.344094998000116],[39.980768464000164,21.344045621000078],[39.980792789000134,21.344030951999969],[39.980798008000079,21.344038548000071],[39.980846658000019,21.344009208000159],[39.980831000000137,21.343986419000146],[39.980952623000178,21.343913069000109],[39.981322338000155,21.344451123000056]]]]},"properties":{"OBJECTID":67,"camp_label":"4/25","gate_number":"4","Street":"25","Block":"111","Type":"external","Transport_mode":"النقل التقليدي","Capacity":4525,"Gate_Lat":21.344382,"Gate_Lon":39.981361,"Shape_Length":0.0082908941639192966,"Shape_Area":1.2484627214757803e-06}},{"type":"Feature","id":68,"geometry":{"type":"Polygon","coordinates":[[[39.989408296000192,21.367807778000156],[39.989480055000172,21.367780381000102],[39.989781830000027,21.367662992000078],[39.989678967000145,21.367434908000064],[39.989982391000183,21.367438936000042],[39.990304784000102,21.367454948000102],[39.990486864000104,21.367461365000167],[39.990575154000112,21.3674761420001],[39.990586016000123,21.367485166000108],[39.990595172000155,21.367495720000079],[39.990602378000062,21.367507525000121],[39.990607446000126,21.367520269000067],[39.990610240000194,21.367533614000024],[39.990610686000025,21.367547206000097],[39.990608774000066,21.367560686000161],[39.990604552000036,21.367573698000172],[39.990371068999991,21.367934679000086],[39.989667715000053,21.368212049000135],[39.989420177,21.368303061000177],[39.989396508000084,21.36829862899998],[39.989349784000126,21.368303687000093],[39.989267622000114,21.368312575000118],[39.989192002000038,21.368332520000081],[39.989110053000104,21.36835930500007],[39.989002345000074,21.368395163000173],[39.98886416900001,21.368442930000128],[39.988795817000039,21.368288481000036],[39.988702357000136,21.368077294000102],[39.989408296000192,21.367807778000156]]]},"properties":{"OBJECTID":68,"camp_label":"27/68","gate_number":"27","Street":"68","Block":"28F","Type":"external","Transport_mode":"النقل التقليدي","Capacity":3615,"Gate_Lat":21.368299,"Gate_Lon":39.989396999999997,"Shape_Length":0.0048419954220296543,"Shape_Area":9.0069075759817302e-07}},{"type":"Feature","id":69,"geometry":{"type":"Polygon","coordinates":[[[39.991128933000027,21.345687735000013],[39.990956923000169,21.345792661000189],[39.991021008000075,21.345885827000075],[39.990550452000036,21.346165590000055],[39.990383010000187,21.346265138000092],[39.990231369000185,21.346053939000114],[39.990194496000072,21.346075189000089],[39.990099315000066,21.345939754000028],[39.989948153000171,21.346030147000135],[39.989899362000131,21.345961224000177],[39.989758623000114,21.345762430000093],[39.989589546000104,21.345523593000109],[39.990337765000106,21.345071586000131],[39.990428958000109,21.345210048000013],[39.990488971000161,21.345292060000077],[39.990685751000115,21.34557213100004],[39.990944829000057,21.345415982000191],[39.991128933000027,21.345687735000013]]]},"properties":{"OBJECTID":69,"camp_label":"12/522","gate_number":"12","Street":"522","Block":"8-8","Type":"external","Transport_mode":"النقل التقليدي","Capacity":3824,"Gate_Lat":21.345271,"Gate_Lon":39.990006999999999,"Shape_Length":0.004436267499051549,"Shape_Area":9.3295644297280587e-07}},{"type":"Feature","id":70,"geometry":{"type":"Polygon","coordinates":[[[39.999563725000144,21.346090950000075],[39.999450928000158,21.34609010600019],[39.999093118000189,21.346088072000043],[39.998721644,21.346088727000165],[39.998717001000102,21.345843489000117],[39.998709869000038,21.345466657000031],[39.999167988000181,21.345229759000176],[39.999228392000191,21.345237618000169],[39.999444305000054,21.345444350000037],[39.999498023000058,21.345591687000081],[39.999539825000113,21.345706342000085],[39.999605901000109,21.345934970000144],[39.999563725000144,21.346090950000075]]]},"properties":{"OBJECTID":70,"camp_label":"3/116","gate_number":"3","Street":"116","Block":"17","Type":"external","Transport_mode":"النقل التقليدي","Capacity":2076,"Gate_Lat":21.345396000000001,"Gate_Lon":39.998846999999998,"Shape_Length":0.0030182845719451939,"Shape_Area":6.1244557177442834e-07}},{"type":"Feature","id":71,"geometry":{"type":"Polygon","coordinates":[[[39.979184843000098,21.370887729000174],[39.979281479000122,21.371023244000128],[39.979438817000187,21.371248115000128],[39.979334400000141,21.371315855999967],[39.979297973000087,21.37133663100019],[39.979111323000097,21.371452485000191],[39.979005464000124,21.371521054000084],[39.978949033000163,21.371575561000043],[39.978918483000086,21.37160990700005],[39.978888944000062,21.371656013000177],[39.978867879000177,21.371698879000121],[39.978852707000158,21.371699575000036],[39.978224969000109,21.370804250000106],[39.97822033500006,21.370778611000048],[39.978220889000113,21.37076396100008],[39.978221434000091,21.370749256000181],[39.978226919000065,21.370724773000177],[39.978240063000101,21.370700138000188],[39.97827248700014,21.37065393600011],[39.978313920000062,21.370622381999965],[39.978355322000141,21.370590784000058],[39.978567414999986,21.370459818000029],[39.978785340000172,21.370325254000079],[39.978897053000082,21.370482535000065],[39.979184843000098,21.370887729000174]]]},"properties":{"OBJECTID":71,"camp_label":"16/616","gate_number":"16","Street":"616","Block":"97","Type":"external","Transport_mode":"النقل الترددي","Capacity":9816,"Gate_Lat":21.370484999999999,"Gate_Lon":39.978526000000002,"Shape_Length":0.0037530486985264018,"Shape_Area":8.3675358016489967e-07}},{"type":"Feature","id":72,"geometry":{"type":"Polygon","coordinates":[[[39.986824987000034,21.353731604000075],[39.98680135800015,21.353744601000187],[39.986775769000076,21.353753781000023],[39.986748918000046,21.353758901000106],[39.986721534000139,21.353759819000175],[39.98669436199998,21.353756509000107],[39.986668139000074,21.353749062000077],[39.986643579000145,21.353737680000052],[39.986621347999971,21.353722673000107],[39.986602052000194,21.35370444900002],[39.986586214000113,21.35368350300007],[39.98657426300008,21.35366040200006],[39.986396687000138,21.353255901000068],[39.986319177000155,21.353082027000085],[39.986313812000105,21.353041191000045],[39.986314736000054,21.353000056000099],[39.986321931000191,21.352959470000144],[39.986335249000035,21.352920263000158],[39.986354414000118,21.352883243000122],[39.986379034000038,21.352849173000152],[39.986408603000086,21.352818751000143],[39.986442513000043,21.352792603000069],[39.986480064000034,21.352771265999991],[39.9865204890001,21.352755181000191],[39.987411845000111,21.35211126300004],[39.987587030000157,21.352367975000107],[39.987684125999976,21.352308828000105],[39.987841871000171,21.352533750000077],[39.987742612000034,21.352595960000087],[39.987834622000037,21.352730787000155],[39.987983456000052,21.35264012000016],[39.988240599000108,21.353000052000141],[39.988008299000114,21.353155341000104],[39.987884680999969,21.353242438000109],[39.987771045000159,21.353313940000135],[39.98772034700005,21.353344948000029],[39.987665969000034,21.353369893000092],[39.987608734000162,21.353388398000106],[39.987549509000132,21.353400187000091],[39.987489189000144,21.353405081000119],[39.987428682000029,21.353403003000153],[39.987368905000096,21.353393987000118],[39.987313149000101,21.353382263000015],[39.987256222000099,21.353377640000076],[39.987199145000091,21.35338020100005],[39.987142949000088,21.353389900000025],[39.987088646000132,21.353406563000078],[39.987037214000111,21.353429888000164],[39.986989580000113,21.353459455000007],[39.98694660100017,21.353494732000172],[39.986909054000193,21.353535084000157],[39.986877613000161,21.353579781000008],[39.986852845000044,21.353628023000113],[39.986835198000108,21.353678936000165],[39.986824987000034,21.353731604000075]]]},"properties":{"OBJECTID":72,"camp_label":"1/427","gate_number":"1","Street":"427","Block":"85","Type":"external","Transport_mode":"النقل الترددي","Capacity":3698,"Gate_Lat":21.352426000000001,"Gate_Lon":39.986975999999999,"Shape_Length":0.0057557269758521752,"Shape_Area":1.6601795080229279e-06}},{"type":"Feature","id":73,"geometry":{"type":"Polygon","coordinates":[[[39.988788512000099,21.342288325000141],[39.988823680000166,21.34233961000001],[39.988771352000072,21.342371105000041],[39.988524401000177,21.342519731000095],[39.988333062000038,21.342256409000186],[39.988076902000159,21.342410126000175],[39.987985233000131,21.342261357000041],[39.988497664000192,21.341946765000102],[39.988754242000084,21.341802318000134],[39.988848713000152,21.341936749000183],[39.989115290000086,21.341780670000162],[39.989339043000086,21.342029439000044],[39.988868302000128,21.342312754000091],[39.988833135000107,21.34226146900005],[39.988788512000099,21.342288325000141]]]},"properties":{"OBJECTID":73,"camp_label":"4/520","gate_number":"4","Street":"520","Block":"8-6","Type":"external","Transport_mode":"النقل التقليدي","Capacity":1632,"Gate_Lat":21.342344000000001,"Gate_Lon":39.988036000000001,"Shape_Length":0.003577700050982539,"Shape_Area":4.6095573876787969e-07}},{"type":"Feature","id":74,"geometry":{"type":"Polygon","coordinates":[[[39.983368918000167,21.375129589000153],[39.983247119000168,21.375197790000186],[39.983039100000099,21.374908579000135],[39.982945024999992,21.374770536000028],[39.982870451000053,21.374812366000072],[39.982777027000168,21.374677643000041],[39.982849105000071,21.374633263000135],[39.982749368999976,21.374489374000177],[39.982621609000091,21.374565109000173],[39.982465811000168,21.374327458000096],[39.982583299000112,21.374250887000073],[39.982490487000064,21.374116527000183],[39.982676641000182,21.374002656000073],[39.982993326000042,21.373808440000175],[39.983229123000058,21.374166525000021],[39.983342452000102,21.374336993000099],[39.983788607000179,21.375007930000095],[39.983558277000157,21.375145407000048],[39.983433515000115,21.375223108000171],[39.983368918000167,21.375129589000153]]]},"properties":{"OBJECTID":74,"camp_label":"5/613","gate_number":"5","Street":"613","Block":"109","Type":"external","Transport_mode":"النقل الترددي","Capacity":3312,"Gate_Lat":21.375108999999998,"Gate_Lon":39.983618999999997,"Shape_Length":0.0044660714146104834,"Shape_Area":8.6207347190950023e-07}},{"type":"Feature","id":75,"geometry":{"type":"Polygon","coordinates":[[[39.985969792999981,21.370198614000117],[39.985677011000121,21.370369476000178],[39.985629924000193,21.370319711999969],[39.985588730000188,21.370274870000173],[39.985543795000126,21.370200610999973],[39.985480211000151,21.370151450000094],[39.985386742000173,21.370132045000162],[39.98528479099997,21.37012466900012],[39.985040275000188,21.370062453999992],[39.98480921800018,21.36999873600007],[39.984723371000086,21.369924781000066],[39.984689630000048,21.369852682000044],[39.984670515000118,21.369680926000058],[39.984709710000118,21.36959557400013],[39.984748447000186,21.369563356000128],[39.984793549000187,21.369539520999979],[39.984823252000069,21.369531008000081],[39.98508838000015,21.369497879000107],[39.985086944000045,21.369495925000138],[39.984928908000143,21.369280997000089],[39.985438739000131,21.368964184999982],[39.985496817000126,21.369037012999968],[39.985776643000179,21.368878667000047],[39.985856424000133,21.368992699000046],[39.986053610999988,21.369284031000177],[39.986123379000105,21.369385780000187],[39.986353891000135,21.369358601000158],[39.986435810000103,21.369346209000184],[39.986474181000176,21.369420907000119],[39.986560545000032,21.369545674000051],[39.986621352000157,21.369636177000189],[39.986879278000004,21.369508588000031],[39.986967598000035,21.369641527999988],[39.985969792999981,21.370198614000117]]]},"properties":{"OBJECTID":75,"camp_label":"4/616","gate_number":"4","Street":"616","Block":"99","Type":"external","Transport_mode":"النقل الترددي","Capacity":4480,"Gate_Lat":21.370006,"Gate_Lon":39.986314,"Shape_Length":0.0063326784633653743,"Shape_Area":1.7313762267763322e-06}},{"type":"Feature","id":76,"geometry":{"type":"Polygon","coordinates":[[[39.983777180000061,21.338151371000151],[39.983747768000114,21.338449633000153],[39.983721091999996,21.338712466000118],[39.983897746000082,21.338718130000075],[39.984374204000062,21.338768573000038],[39.984375593000095,21.338977052000189],[39.984347147000051,21.339070647000028],[39.983997868000188,21.339355931000171],[39.983876192000082,21.339483919000088],[39.983843247999971,21.33954581900008],[39.983813201000089,21.339565863000132],[39.983739714000137,21.339614875000109],[39.98344194900011,21.339846049000016],[39.983379979000119,21.33927149100009],[39.983377039000061,21.338983176000113],[39.983376784000143,21.338957999000115],[39.983346758000152,21.338676203000034],[39.98332536200013,21.338475357000107],[39.983333404000064,21.338422044000083],[39.983343569000112,21.338354665999987],[39.983384032000174,21.338261418999991],[39.983390801000155,21.338245828000083],[39.983493527000121,21.338126144000114],[39.983810516000119,21.337617401000045],[39.983836941999982,21.33760516000018],[39.983994324000037,21.337614303000123],[39.983970740000075,21.337841947000129],[39.983910955000169,21.337837261000118],[39.983837393000158,21.337834992000182],[39.983777180000061,21.338151371000151]]]},"properties":{"OBJECTID":76,"camp_label":"1/506","gate_number":"1","Street":"506","Block":"7-15","Type":"external","Transport_mode":"النقل التقليدي","Capacity":864,"Gate_Lat":21.338474999999999,"Gate_Lon":39.983325000000001,"Shape_Length":0.0059710506524355261,"Shape_Area":1.0771017012987574e-06}},{"type":"Feature","id":77,"geometry":{"type":"Polygon","coordinates":[[[39.974458976000165,21.342997727000011],[39.974041313000157,21.343253866000168],[39.973989635000123,21.34318181000009],[39.974241541000026,21.343030272000135],[39.974042792000034,21.342752291000181],[39.974211848000152,21.34265035400017],[39.974458976000165,21.342997727000011]]]},"properties":{"OBJECTID":77,"camp_label":"9/208","gate_number":"9","Street":"208","Block":"35D","Type":"internal","Transport_mode":"النقل التقليدي","Capacity":300,"Gate_Lat":21.342798999999999,"Gate_Lon":39.974316999999999,"Shape_Length":0.0018380377506147039,"Shape_Area":1.0945566124894715e-07}},{"type":"Feature","id":78,"geometry":{"type":"Polygon","coordinates":[[[39.974932769000191,21.349723606000111],[39.975537681000162,21.350631840000119],[39.975521164000099,21.350641783000128],[39.975416733000088,21.350704649000022],[39.975415464999969,21.350705412000138],[39.975366899000051,21.350832449000109],[39.975342354000077,21.350864596000179],[39.975327960000129,21.350885492000145],[39.97529629800016,21.350931444000025],[39.975285925000094,21.350967223000055],[39.975298191000036,21.351041441000177],[39.975500769000121,21.351335494000068],[39.97568852500018,21.351651212000093],[39.975696628000094,21.351686845000074],[39.975474989000134,21.351830317000065],[39.97544372800013,21.351825336000104],[39.974569925000026,21.350587741000083],[39.974252885000055,21.350138695000055],[39.974675329000036,21.349880780000149],[39.974932769000191,21.349723606000111]]]},"properties":{"OBJECTID":78,"camp_label":"4/530","gate_number":"4","Street":"530","Block":"8-2","Type":"external","Transport_mode":"النقل التقليدي","Capacity":2416,"Gate_Lat":21.350847999999999,"Gate_Lon":39.974753,"Shape_Length":0.0055218772963630067,"Shape_Area":1.1997523064175694e-06}},{"type":"Feature","id":79,"geometry":{"type":"Polygon","coordinates":[[[39.974444579000135,21.352374833000169],[39.974324637000166,21.352201019000177],[39.974358188000167,21.352157668000075],[39.973878955000032,21.351493345000051],[39.973680606000073,21.351223296000171],[39.973577276000015,21.351291977000074],[39.973439158000133,21.351383776000148],[39.973053205000099,21.350858430000187],[39.973186891000182,21.350771029000157],[39.973204136000049,21.350795847000086],[39.973248983000133,21.350768112000026],[39.973251984000115,21.350772228000153],[39.973316050999983,21.35073099300007],[39.97333213100012,21.350720646000184],[39.973310373000061,21.350698118000082],[39.973836143000028,21.350362671000141],[39.973885979000102,21.350702854000133],[39.974073772000111,21.351110646000109],[39.974650583000141,21.351813621000076],[39.975117449000038,21.352037885000186],[39.974927629000149,21.352155216000028],[39.974911547000033,21.35213268900003],[39.974866978000193,21.352160902000151],[39.974883063000163,21.352183431000128],[39.97480445400015,21.352223569000103],[39.974705967000091,21.352280491000158],[39.974633523000136,21.352327475000152],[39.974586708000061,21.352357830000074],[39.974548432999995,21.352307726000049],[39.974444579000135,21.352374833000169]]]},"properties":{"OBJECTID":79,"camp_label":"1/530","gate_number":"1","Street":"530","Block":"8-1","Type":"external","Transport_mode":"النقل التقليدي","Capacity":2476,"Gate_Lat":21.350611000000001,"Gate_Lon":39.973447,"Shape_Length":0.0064422204713058219,"Shape_Area":1.1678708867434456e-06}},{"type":"Feature","id":80,"geometry":{"type":"Polygon","coordinates":[[[39.973836143000028,21.350362671000141],[39.973848710000141,21.350393553000174],[39.973851194000133,21.350407809000103],[39.973915550000129,21.350368459000094],[39.973911361000035,21.350362590000032],[39.973955927000191,21.350334377000081],[39.973939843000096,21.350311848999979],[39.973999923000122,21.350281301000166],[39.974019594000026,21.35030483900016],[39.974078944000155,21.350268548000088],[39.974046726000154,21.350226211000006],[39.974069890000123,21.350224438000168],[39.974120254000184,21.350255861000164],[39.97531748200015,21.351914237000074],[39.975117449000038,21.352037885000186],[39.974650583000141,21.351813621000076],[39.974073772000111,21.351110646000109],[39.973885979000102,21.350702854000133],[39.973836143000028,21.350362671000141]]]},"properties":{"OBJECTID":80,"camp_label":"2/530","gate_number":"2","Street":"530","Block":"8-2","Type":"external","Transport_mode":"النقل التقليدي","Capacity":2564,"Gate_Lat":21.351085999999999,"Gate_Lon":39.974719999999998,"Shape_Length":0.0050148975734640947,"Shape_Area":9.4603084755092909e-07}},{"type":"Feature","id":81,"geometry":{"type":"Polygon","coordinates":[[[39.975015241000108,21.343568950000133],[39.974922214000117,21.343437235000181],[39.975405249000005,21.343148636000024],[39.975494167000079,21.343276432000096],[39.975015241000108,21.343568950000133]]]},"properties":{"OBJECTID":81,"camp_label":"8/639","gate_number":"8","Street":"639","Block":"112","Type":"internal","Transport_mode":"النقل التقليدي","Capacity":285,"Gate_Lat":21.343512,"Gate_Lon":39.974975000000001,"Shape_Length":0.0014408157667234688,"Shape_Area":8.8842698424074258e-08}},{"type":"Feature","id":82,"geometry":{"type":"Polygon","coordinates":[[[39.986158864999993,21.376932848000024],[39.986353044000168,21.377216736000094],[39.986517751000065,21.37745753500019],[39.986621009000032,21.377608495000061],[39.986100646000068,21.377918248000015],[39.985915220000038,21.378029144000152],[39.985862415000156,21.378051854000091],[39.985805235000043,21.378069224000114],[39.985746260000042,21.378080127000032],[39.985686321000173,21.378084410000099],[39.985626262999972,21.378082012000107],[39.985566931000051,21.378072966000047],[39.985509161000095,21.378057402000024],[39.985453766000035,21.378035537000073],[39.985401527000079,21.378007680000167],[39.984694105000131,21.377382469000054],[39.984680799000103,21.377365362000148],[39.984684995000123,21.377362475000155],[39.984692524000081,21.377357112000141],[39.984697436000147,21.37735738900011],[39.984713488000068,21.377358675000039],[39.984783014000129,21.377357414000187],[39.984833810000055,21.377350325000009],[39.984874796999975,21.377340144000186],[39.984913225000128,21.377327514000172],[39.984940392000169,21.377315935000013],[39.984942446000161,21.377320139000005],[39.985022960000094,21.37727392700009],[39.985173795000037,21.377187365000054],[39.985193221000031,21.377175869000155],[39.98529291900013,21.377113740000084],[39.985337098000116,21.377089929000135],[39.985442203000048,21.377025308000043],[39.98579532500014,21.37680957300006],[39.98595152900009,21.377045710000118],[39.986158864999993,21.376932848000024]]]},"properties":{"OBJECTID":82,"camp_label":"8/612","gate_number":"8","Street":"612","Block":"108","Type":"external","Transport_mode":"النقل الترددي","Capacity":4584,"Gate_Lat":21.37782,"Gate_Lon":39.986266999999998,"Shape_Length":0.0049284440696269792,"Shape_Area":1.3595435769576548e-06}},{"type":"Feature","id":83,"geometry":{"type":"Polygon","coordinates":[[[39.987203577000116,21.376328372000103],[39.987090666000086,21.376161775000128],[39.986993184000028,21.376219292000144],[39.98696491700008,21.376167882000175],[39.986934419000079,21.376123620000044],[39.98741365300009,21.375827516000072],[39.987787713000159,21.375596395000059],[39.987867369000128,21.375709199000141],[39.987902459000054,21.375758888000064],[39.987970403000134,21.37585510700012],[39.988073992000125,21.376001800000097],[39.988309999000194,21.375855783000191],[39.98860702800016,21.376297586000078],[39.988847801000077,21.376149874000077],[39.988922263000063,21.376252306000026],[39.988399506000064,21.376563990000079],[39.987960583000074,21.376825686000075],[39.987721438000051,21.376968130000137],[39.987483907000069,21.377109347000157],[39.987413505000063,21.377005518000033],[39.987592237000115,21.376900488000047],[39.987481115000151,21.376746255000171],[39.987227673000177,21.37689543700003],[39.98710024799999,21.376705228000048],[39.986952417000111,21.376484558000072],[39.987203577000116,21.376328372000103]]]},"properties":{"OBJECTID":83,"camp_label":"9/610","gate_number":"9","Street":"610","Block":"108","Type":"external","Transport_mode":"النقل الترددي","Capacity":4435,"Gate_Lat":21.376776,"Gate_Lon":39.988042999999998,"Shape_Length":0.0064267819741765731,"Shape_Area":1.4293666530889718e-06}},{"type":"Feature","id":84,"geometry":{"type":"Polygon","coordinates":[[[39.974420791000114,21.352390202000095],[39.974325392000139,21.352451565000138],[39.974347226000134,21.35248135400019],[39.974367848999975,21.352511601000117],[39.974227975000133,21.352590835000115],[39.9740416140001,21.352305272000024],[39.973782595000046,21.352445144000058],[39.973767060000114,21.352420014000074],[39.973233229000073,21.351527422000117],[39.972599538000168,21.3519502420001],[39.972363255000062,21.351609014000132],[39.972224808000021,21.351414770000019],[39.972333021000054,21.351345371000093],[39.972372481000093,21.35137488700019],[39.972470704000159,21.351528903000144],[39.972612673000071,21.351447735000022],[39.97249397000013,21.351263810000148],[39.972472138000057,21.351229691000071],[39.972488916000032,21.351219833000187],[39.972516725000105,21.351237038000079],[39.972605781000027,21.351180220000174],[39.972621865000121,21.351202748000105],[39.972666431000107,21.351174535000155],[39.97263274200003,21.35112712300014],[39.972824826000135,21.351005470000132],[39.972839927000052,21.351024067000139],[39.97289991800011,21.350985064000042],[39.972886562000099,21.350967381000089],[39.973053205000099,21.350858430000187],[39.973439160000169,21.351383775000045],[39.973680606000073,21.351223296000171],[39.973878954000156,21.351493343000072],[39.974358188000167,21.352157667000142],[39.974324637000166,21.352201019000177],[39.974444579000135,21.352374833000169],[39.974420791000114,21.352390202000095]]]},"properties":{"OBJECTID":84,"camp_label":"3/530","gate_number":"3","Street":"530","Block":"8-1","Type":"external","Transport_mode":"النقل التقليدي","Capacity":3983,"Gate_Lat":21.351044000000002,"Gate_Lon":39.972763999999998,"Shape_Length":0.0074823585508404138,"Shape_Area":1.3567327843667257e-06}},{"type":"Feature","id":85,"geometry":{"type":"Polygon","coordinates":[[[39.983570016000101,21.368799866000188],[39.98357120300011,21.368799135000188],[39.983770593000088,21.368675471000074],[39.983951167000157,21.368942069000127],[39.984058089000087,21.368876902000181],[39.984214131000044,21.369102762000182],[39.984291747000043,21.369054169000151],[39.984345351000059,21.369130438000184],[39.984380655000166,21.369108110000127],[39.984447093000142,21.36919896600017],[39.984530820000032,21.369148250000023],[39.984599729000138,21.369253842999967],[39.984849651000047,21.369103699000163],[39.98491017300006,21.369183766000162],[39.98434365300011,21.369534768000051],[39.984029037000028,21.369729426000163],[39.983752208000112,21.369335217000128],[39.983506137000063,21.36948603400009],[39.983529923000106,21.369520166000086],[39.983167952000088,21.369741395000176],[39.983068481000089,21.369609461000096],[39.982899158000066,21.369370097000001],[39.982834537000087,21.369278457000064],[39.982822963000046,21.369261665000124],[39.983570016000101,21.368799866000188]]]},"properties":{"OBJECTID":85,"camp_label":"23/608","gate_number":"23","Street":"608","Block":"97","Type":"external","Transport_mode":"النقل الترددي","Capacity":1671,"Gate_Lat":21.368981999999999,"Gate_Lon":39.983274999999999,"Shape_Length":0.0056545424074016344,"Shape_Area":1.0095719610940188e-06}},{"type":"Feature","id":86,"geometry":{"type":"Polygon","coordinates":[[[39.982350210000106,21.368035034000116],[39.982323922000035,21.368050731000096],[39.982322651000061,21.36804886900012],[39.982108266000125,21.368177400000036],[39.981821461000152,21.368349340000009],[39.981819490000078,21.368350554000131],[39.981600241000137,21.368483901000047],[39.981527438000057,21.368383534000031],[39.981122766000169,21.36780389200004],[39.981689322000136,21.367464751000114],[39.981689485000061,21.367464991000134],[39.981742317000169,21.36754299800009],[39.981674497000029,21.367584631000057],[39.981826345000172,21.367808860000082],[39.981929125000136,21.367958950000059],[39.98207823100006,21.367868006000151],[39.982170767000071,21.368001112000172],[39.982280402000185,21.367935646000092],[39.982350210000106,21.368035034000116]]]},"properties":{"OBJECTID":86,"camp_label":"1/550","gate_number":"1","Street":"550","Block":"8-22","Type":"external","Transport_mode":"النقل الترددي","Capacity":2212,"Gate_Lat":21.368331999999999,"Gate_Lon":39.981850000000001,"Shape_Length":0.0035800931931571083,"Shape_Area":5.47961204480654e-07}},{"type":"Feature","id":87,"geometry":{"type":"Polygon","coordinates":[[[39.981600241000137,21.368483901000047],[39.981347639000035,21.368637525000167],[39.980727471000193,21.369014686000185],[39.980512938000118,21.369147440000177],[39.980406724000034,21.369213167000169],[39.980157764000069,21.368843842999979],[39.980232827000123,21.368796314000065],[39.980132355000194,21.368651976000024],[39.980008150000117,21.368470720000118],[39.980651156000192,21.368086101000188],[39.980864637000025,21.36795841300011],[39.981122766000169,21.36780389200004],[39.981527438000057,21.368383534000031],[39.981600241000137,21.368483901000047]]]},"properties":{"OBJECTID":87,"camp_label":"1/548","gate_number":"1","Street":"548","Block":"8-21","Type":"external","Transport_mode":"النقل الترددي","Capacity":3472,"Gate_Lat":21.368791000000002,"Gate_Lon":39.981095000000003,"Shape_Length":0.0044583017105749682,"Shape_Area":1.1256353981223155e-06}},{"type":"Feature","id":88,"geometry":{"type":"Polygon","coordinates":[[[39.980406724000034,21.369213167000169],[39.979821420000121,21.36957533500015],[39.979725565000081,21.369433395000101],[39.979663437999989,21.369469292000133],[39.979500009000105,21.369237017000046],[39.979255589000104,21.369385796000188],[39.97902722800012,21.369057687999998],[39.979347430000132,21.36886712200004],[39.97978294800015,21.368605814000091],[39.97999457800006,21.368478842000059],[39.980008150000117,21.368470720000118],[39.980132355000194,21.368651976000024],[39.980232827000123,21.368796314000065],[39.980157764000069,21.368843842999979],[39.980406724000034,21.369213167000169]]]},"properties":{"OBJECTID":88,"camp_label":"4/548","gate_number":"4","Street":"548","Block":"8-20","Type":"external","Transport_mode":"النقل الترددي","Capacity":2792,"Gate_Lat":21.369388000000001,"Gate_Lon":39.980124000000004,"Shape_Length":0.0039741888970451465,"Shape_Area":7.8400284471291986e-07}},{"type":"Feature","id":89,"geometry":{"type":"Polygon","coordinates":[[[39.98922466900018,21.373762751000186],[39.989269328000091,21.374139722000052],[39.989297921000059,21.374381082000127],[39.989276362000112,21.37451329300012],[39.989153522000095,21.37466857600009],[39.988306368000167,21.375180807000106],[39.988232946000096,21.375072485000032],[39.988161096000056,21.374966481000172],[39.988053148000176,21.374807220000037],[39.987808912000048,21.374960797000028],[39.987661629000172,21.374742651000076],[39.987591584000143,21.37463890500004],[39.987635240000031,21.374611058000141],[39.987572575000115,21.374526089000142],[39.987739734000172,21.374421767000001],[39.987781797000025,21.374395515000174],[39.988033890000168,21.374241927000071],[39.988092803000143,21.374200311000152],[39.988307131000113,21.374068112000145],[39.989017164000188,21.373635722000074],[39.989141329000063,21.373807463000162],[39.98922466900018,21.373762751000186]]]},"properties":{"OBJECTID":89,"camp_label":"2/608","gate_number":"2","Street":"608","Block":"108","Type":"external","Transport_mode":"النقل الترددي","Capacity":4235,"Gate_Lat":21.374068000000001,"Gate_Lon":39.988306999999999,"Shape_Length":0.0052337549290649007,"Shape_Area":1.4491779084244892e-06}},{"type":"Feature","id":90,"geometry":{"type":"Polygon","coordinates":[[[39.978767383000047,21.370228592000103],[39.978698260000101,21.370131310000033],[39.978698082000051,21.370131060000176],[39.97859417799998,21.369983164000189],[39.978828305000093,21.369840403000012],[39.978500330000031,21.369371277000141],[39.97902722800012,21.369057687999998],[39.979255589000104,21.369385796000188],[39.979500284000039,21.369236850000107],[39.979663437999989,21.369469292000133],[39.979725565000081,21.369433395000101],[39.979821420000121,21.36957533500015],[39.978767383000047,21.370228592000103]]]},"properties":{"OBJECTID":90,"camp_label":"2/548","gate_number":"2","Street":"548","Block":"8-20","Type":"external","Transport_mode":"النقل الترددي","Capacity":2820,"Gate_Lat":21.36984,"Gate_Lon":39.979394999999997,"Shape_Length":0.0042134576531406703,"Shape_Area":7.5371313208611802e-07}},{"type":"Feature","id":91,"geometry":{"type":"Polygon","coordinates":[[[39.980264279999972,21.364409325000054],[39.979831158000025,21.364678039000125],[39.979763561000027,21.364719065000145],[39.979719821000174,21.364656427000114],[39.979604546000132,21.364491342000008],[39.979367898000078,21.364152442000034],[39.97889962000005,21.363437255000122],[39.978651653000043,21.363581359000136],[39.978413279000051,21.363222536000023],[39.978663197000117,21.363085303000105],[39.978928801000052,21.362936374000128],[39.9789431640001,21.362928321000084],[39.979157925000038,21.362807898000028],[39.979285569000126,21.363002439000184],[39.979072130000134,21.363127953000117],[39.979266327000119,21.363417602000027],[39.979492765000032,21.36329058400014],[39.980264279999972,21.364409325000054]]]},"properties":{"OBJECTID":91,"camp_label":"11/552","gate_number":"11","Street":"552","Block":"9-6","Type":"external","Transport_mode":"النقل الترددي","Capacity":4340,"Gate_Lat":21.363026000000001,"Gate_Lon":39.978769,"Shape_Length":0.0061522430372862747,"Shape_Area":1.1708748646017474e-06}},{"type":"Feature","id":92,"geometry":{"type":"Polygon","coordinates":[[[39.993250931000091,21.352914703000067],[39.993014208000147,21.352561698000102],[39.99277748600008,21.352208692000033],[39.99306238600019,21.352030238000168],[39.992947328000071,21.351866987000051],[39.993480905000126,21.351536951000128],[39.99382743100017,21.352069695000125],[39.993718334000107,21.35213529300006],[39.99393702499998,21.352479795000136],[39.993250931000091,21.352914703000067]]]},"properties":{"OBJECTID":92,"camp_label":"1/527","gate_number":"1","Street":"527","Block":"8-3","Type":"external","Transport_mode":"النقل الترددي","Capacity":3204,"Gate_Lat":21.351555999999999,"Gate_Lon":39.993450000000003,"Shape_Length":0.003996561242876652,"Shape_Area":8.7546426563062036e-07}},{"type":"Feature","id":93,"geometry":{"type":"Polygon","coordinates":[[[39.990219675999981,21.342003630000136],[39.990403938000156,21.342287566000152],[39.990130460000103,21.342447446000051],[39.990337067000041,21.342752900000107],[39.990108083999985,21.342890710000177],[39.989900220000038,21.342587574000106],[39.989564483000038,21.342097942000123],[39.989797313000167,21.341957810000054],[39.990079892000153,21.341787737999994],[39.990219675999981,21.342003630000136]]]},"properties":{"OBJECTID":93,"camp_label":"5/510","gate_number":"5","Street":"510","Block":"7-4","Type":"external","Transport_mode":"النقل التقليدي","Capacity":2068,"Gate_Lat":21.342376999999999,"Gate_Lon":39.989756,"Shape_Length":0.0031112826823540777,"Shape_Area":4.5061634841174609e-07}},{"type":"Feature","id":94,"geometry":{"type":"MultiPolygon","coordinates":[[[[39.991675664000013,21.349409041000115],[39.991574385000092,21.34924485900018],[39.991222894000032,21.349451226000099],[39.991327832000025,21.349606370000174],[39.991206856000133,21.34968524300001],[39.991105038000057,21.34932213899998],[39.991056828000183,21.349144706000175],[39.991412303000175,21.348979786000029],[39.99167429400012,21.348887145000049],[39.991924384000185,21.348840150000171],[39.992009234000079,21.348839575000056],[39.992035654000176,21.348839399000042],[39.992449202000103,21.348907513000142],[39.992595235000181,21.348949857000093],[39.992633083000101,21.348964637999984],[39.992949085000134,21.349292459000026],[39.993001809000077,21.349348638000151],[39.992840301000058,21.349449262000121],[39.992711188000101,21.349279454000111],[39.99267833600004,21.349244757000179],[39.992643025000064,21.349212920000127],[39.992610174999982,21.349154060000046],[39.992565598000112,21.349121304000164],[39.992508590000057,21.349112245000072],[39.992450548000193,21.34912282200014],[39.992284094000127,21.349216228000046],[39.991880222000077,21.349442851000049],[39.991725288000055,21.349484666000023],[39.991675664000013,21.349409041000115]]],[[[39.991078107000078,21.349719512000092],[39.990494331000093,21.349811457000158],[39.990466904000016,21.349779444000092],[39.990418310000109,21.349713216000112],[39.99030126700012,21.349501897000152],[39.990549794000117,21.349337887000047],[39.990950892000114,21.349132311000119],[39.991078107000078,21.349719512000092]]]]},"properties":{"OBJECTID":94,"camp_label":"78/68","gate_number":"78","Street":"68","Block":"8-23","Type":"external","Transport_mode":"النقل التقليدي","Capacity":4060,"Gate_Lat":21.349457000000001,"Gate_Lon":39.991826000000003,"Shape_Length":0.007622294177247621,"Shape_Area":1.0270766730291283e-06}},{"type":"Feature","id":95,"geometry":{"type":"Polygon","coordinates":[[[39.989476452000133,21.344819328000028],[39.989351641000042,21.34489847399999],[39.989229568000155,21.344977449000055],[39.98918932800018,21.345003484000188],[39.989035976000139,21.344787684999972],[39.989078714000129,21.344761867000159],[39.988975466000113,21.344614321000051],[39.988882428000011,21.344480896000107],[39.988726702999998,21.344256764000022],[39.988851572000158,21.344183004000115],[39.989005904000123,21.344091843000172],[39.989123572999972,21.34402354000008],[39.989218176000122,21.343968629000074],[39.989487168000153,21.343809847999978],[39.989659183000072,21.344060792000164],[39.989724881000029,21.344156635000161],[39.989881249000177,21.344387693000101],[39.989963673000034,21.344504984000139],[39.989476452000133,21.344819328000028]]]},"properties":{"OBJECTID":95,"camp_label":"2/62","gate_number":"2","Street":"62","Block":"14","Type":"external","Transport_mode":"النقل التقليدي","Capacity":3436,"Gate_Lat":21.344864999999999,"Gate_Lon":39.989404,"Shape_Length":0.0035761283685549461,"Shape_Area":7.6717608689910928e-07}},{"type":"Feature","id":96,"geometry":{"type":"Polygon","coordinates":[[[39.995112701000096,21.343657968000059],[39.99461631600019,21.343954306000057],[39.994527718000143,21.34381954700018],[39.994408111000098,21.343658886000128],[39.994316633000153,21.343525452999984],[39.994220766000126,21.343385609000165],[39.993975524000064,21.343542128000024],[39.993647359000192,21.343067494000024],[39.993896964000157,21.342924864000111],[39.994017259000088,21.342852892000053],[39.994380544000194,21.342626673000041],[39.995112701000096,21.343657968000059]]]},"properties":{"OBJECTID":96,"camp_label":"3/520","gate_number":"3","Street":"520","Block":"8-5","Type":"external","Transport_mode":"النقل التقليدي","Capacity":3500,"Gate_Lat":21.342751,"Gate_Lon":39.994180999999998,"Shape_Length":0.0042593654029707897,"Shape_Area":8.8343223498476571e-07}},{"type":"Feature","id":97,"geometry":{"type":"Polygon","coordinates":[[[39.97225226400019,21.343976358000077],[39.972238078000089,21.343984688999967],[39.972270167000147,21.344029696000064],[39.971783920000178,21.344322815000055],[39.971771755000134,21.344306566000057],[39.971750962000101,21.344276679000188],[39.97193705900014,21.344165382000085],[39.971874415000116,21.344071598000141],[39.971685757000103,21.344184256000062],[39.971671412000092,21.344163170000115],[39.97163351100005,21.344110095000076],[39.972025362000068,21.343875782000111],[39.972061310000186,21.343929609000043],[39.972174768000173,21.343862078000029],[39.97225226400019,21.343976358000077]]]},"properties":{"OBJECTID":97,"camp_label":"1/616","gate_number":"1","Street":"616","Block":"104C","Type":"internal","Transport_mode":"النقل التقليدي","Capacity":165,"Gate_Lat":21.344214999999998,"Gate_Lon":39.971961999999998,"Shape_Length":0.0021276765357227108,"Shape_Area":1.1752560692920931e-07}},{"type":"Feature","id":98,"geometry":{"type":"Polygon","coordinates":[[[39.991324576000125,21.351075809000179],[39.990928525000129,21.35131080400015],[39.99071083900003,21.351439963000075],[39.990430537000123,21.351045597000166],[39.990219871000136,21.351176078000037],[39.989796336000154,21.35059135900002],[39.990280838000103,21.350323897999999],[39.990575262000107,21.350161368000101],[39.990973577000148,21.350022422000109],[39.991302563000147,21.350486653000075],[39.991034935000073,21.350663872999974],[39.991324576000125,21.351075809000179]]]},"properties":{"OBJECTID":98,"camp_label":"11/408","gate_number":"11","Street":"408","Block":"87","Type":"external","Transport_mode":"النقل الترددي","Capacity":3817,"Gate_Lat":21.350161,"Gate_Lon":39.990575,"Shape_Length":0.0048723916093618043,"Shape_Area":1.217180628780198e-06}},{"type":"Feature","id":99,"geometry":{"type":"Polygon","coordinates":[[[39.982717896000167,21.362689987000124],[39.982727055999987,21.362703511000177],[39.982801684000151,21.36281690200002],[39.982868503000077,21.362908435000065],[39.982555067000078,21.363107587000002],[39.982476487000156,21.362995603000172],[39.982517758000085,21.362968233000061],[39.982329579000066,21.362684917000024],[39.982092329000182,21.362820934000183],[39.98164435200016,21.362122092000106],[39.981469548000064,21.361843113000191],[39.981705846000068,21.361715827000126],[39.981614071000024,21.361555104000104],[39.981581031000132,21.361497242000098],[39.981655385000067,21.361455713000112],[39.981677615000137,21.361443295000186],[39.981817091000153,21.361365388000024],[39.98181996500017,21.361363678000032],[39.981862243000137,21.361428958000147],[39.98198098600011,21.361605275000045],[39.982073782000157,21.361741974000097],[39.982172552000122,21.361887217000117],[39.982260666000172,21.362016638000057],[39.982359459000065,21.362163473000066],[39.982530001000157,21.362414336000143],[39.982623909000097,21.362552473000108],[39.982717896000167,21.362689987000124]]]},"properties":{"OBJECTID":99,"camp_label":"1/552","gate_number":"1","Street":"552","Block":"9-6","Type":"external","Transport_mode":"النقل الترددي","Capacity":3512,"Gate_Lat":21.361810999999999,"Gate_Lon":39.982120999999999,"Shape_Length":0.0049915384394400315,"Shape_Area":8.9247655737993188e-07}},{"type":"Feature","id":100,"geometry":{"type":"Polygon","coordinates":[[[39.995654334000051,21.342861281000125],[39.995761324000057,21.343012979000036],[39.996000094000067,21.342864662000125],[39.996135183000149,21.343047548000186],[39.995871543000192,21.343204940000021],[39.995710284999973,21.343301214000178],[39.995607662000111,21.343362477000028],[39.995472101000189,21.343443409000145],[39.995329813000126,21.343528357000082],[39.995112701000096,21.343657968000059],[39.994380544000194,21.342626673000041],[39.994541544000185,21.342526420000013],[39.994812472000035,21.342357716000095],[39.994886067000039,21.342315853999992],[39.995159833999992,21.342160142000125],[39.995654334000051,21.342861281000125]]]},"properties":{"OBJECTID":100,"camp_label":"6/522","gate_number":"6","Street":"522","Block":"8-5","Type":"external","Transport_mode":"النقل التقليدي","Capacity":3768,"Gate_Lat":21.342388,"Gate_Lon":39.994762999999999,"Shape_Length":0.0049160995073764969,"Shape_Area":1.2108638722975721e-06}},{"type":"Feature","id":101,"geometry":{"type":"Polygon","coordinates":[[[39.977532028000041,21.360805910000067],[39.978016066000123,21.360514164000108],[39.978642274000094,21.36145282200016],[39.978297884000028,21.361654435000048],[39.977962186000127,21.361163821000105],[39.977821081000059,21.361245279000116],[39.977532028000041,21.360805910000067]]]},"properties":{"OBJECTID":101,"camp_label":"1/528","gate_number":"1","Street":"528","Block":"8-13","Type":"external","Transport_mode":"النقل الترددي","Capacity":2304,"Gate_Lat":21.361291999999999,"Gate_Lon":39.978535000000001,"Shape_Length":0.0033759197895726336,"Shape_Area":5.3916059128247886e-07}},{"type":"Feature","id":102,"geometry":{"type":"MultiPolygon","coordinates":[[[[39.983477007000147,21.34470675200015],[39.983649361000005,21.344935535000161],[39.983306883000125,21.34514032900006],[39.98291061000009,21.34458702600017],[39.982979770000156,21.344540576000043],[39.982999312000175,21.344569080000099],[39.983039880000149,21.34454466700015],[39.983020336000095,21.34451616399997],[39.982994350000126,21.344484710000074],[39.983200665000027,21.344333458000165],[39.983219888999997,21.344356474000108],[39.983277384000075,21.344313410000098],[39.983257576000028,21.344290689000104],[39.98354000300003,21.344074499000158],[39.983585171000072,21.344071268000107],[39.983678575000113,21.344110307000051],[39.984060317000115,21.344343556000126],[39.983855437000045,21.344568068000001],[39.983755139000095,21.344452959000023],[39.983477007000147,21.34470675200015]]],[[[39.981780021000077,21.345734518000086],[39.981592979000084,21.345462194000106],[39.982024016000082,21.345180280000079],[39.982867078000027,21.344628888999978],[39.983253151000099,21.345172461000004],[39.982381147000069,21.345682305000139],[39.982328551000194,21.345714981000128],[39.982325658000036,21.345710082000039],[39.982181306000143,21.345500805000029],[39.981780021000077,21.345734518000086]]]]},"properties":{"OBJECTID":102,"camp_label":"6/62","gate_number":"6","Street":"62","Block":"49","Type":"external","Transport_mode":"النقل التقليدي","Capacity":3732,"Gate_Lat":21.344878999999999,"Gate_Lon":39.983044999999997,"Shape_Length":0.0080929458598450014,"Shape_Area":1.3977105557088739e-06}},{"type":"Feature","id":103,"geometry":{"type":"MultiPolygon","coordinates":[[[[39.996992092000085,21.346397699000136],[39.996605844000101,21.346399192000035],[39.996460697000089,21.34639897600016],[39.996203395000123,21.346398563000037],[39.996141106000039,21.346390941000152],[39.996083020000185,21.346380388000057],[39.99599517200005,21.346354191000103],[39.995942826000146,21.346368528000141],[39.995819733000189,21.346306783999978],[39.995753492999995,21.346245109000165],[39.995697808000102,21.346155335000162],[39.995655466000187,21.346059773999968],[39.995836616000076,21.345962881000048],[39.995914631000005,21.345962749000023],[39.996110692000173,21.34583213000019],[39.996180726000091,21.345802015000061],[39.996407693000151,21.345662570000172],[39.996457060000068,21.345635000000186],[39.996673476000183,21.345496260000061],[39.996743971000058,21.345453084000042],[39.996845270000051,21.345367574000079],[39.996889959999976,21.345327164000139],[39.996909739000102,21.345308473999978],[39.997059729000114,21.345286436000151],[39.997091695000051,21.345600504000174],[39.997065211000177,21.345698910000181],[39.997055742000043,21.346195109000064],[39.997020757000087,21.346322970000074],[39.996992092000085,21.346397699000136]]],[[[39.995834297000158,21.347068236000098],[39.995688996000126,21.347157680000066],[39.995561243000111,21.34698446800013],[39.995517034999978,21.347009791000175],[39.995391293000068,21.346824047999974],[39.995641648000117,21.346676039000101],[39.995535181999969,21.346519693000118],[39.995635833000051,21.346455573000128],[39.99566460900013,21.346471818000168],[39.995714043000135,21.346494764999989],[39.995789826000077,21.346544756000128],[39.995820920000028,21.346579664000046],[39.995875141000113,21.346679304000077],[39.995944669000039,21.346811734000028],[39.9960216180001,21.346942361999993],[39.996019226000044,21.346957747000147],[39.995834297000158,21.347068236000098]]]]},"properties":{"OBJECTID":103,"camp_label":"80/68","gate_number":"80","Street":"68","Block":"8-23","Type":"external","Transport_mode":"النقل التقليدي","Capacity":4032,"Gate_Lat":21.346399000000002,"Gate_Lon":39.996606,"Shape_Length":0.0063819815870136774,"Shape_Area":1.192983649059205e-06}},{"type":"Feature","id":104,"geometry":{"type":"Polygon","coordinates":[[[39.9953034830001,21.349270749000027],[39.99572956600008,21.349061419999998],[39.995994801000109,21.348959647000015],[39.996121858000038,21.348971672000062],[39.996237736000012,21.349021315000186],[39.996360948000074,21.349103040999978],[39.996464201000038,21.34923007000009],[39.996537954000189,21.349413119000076],[39.996467300000177,21.349557866000055],[39.996129015000179,21.34977245400006],[39.995644169000059,21.350076101000013],[39.995550968000032,21.349944372000039],[39.995477640000047,21.349840732000189],[39.995319796000103,21.349608664000186],[39.995143443000188,21.349349377000124],[39.9953034830001,21.349270749000027]]]},"properties":{"OBJECTID":104,"camp_label":"10/421","gate_number":"10","Street":"421","Block":"79","Type":"external","Transport_mode":"النقل الترددي","Capacity":2808,"Gate_Lat":21.349772000000002,"Gate_Lon":39.996129000000003,"Shape_Length":0.0037160359602483929,"Shape_Area":8.989283447550549e-07}},{"type":"Feature","id":105,"geometry":{"type":"Polygon","coordinates":[[[39.982117053000081,21.369592221000119],[39.98156165000006,21.369935973000111],[39.980901939000091,21.370343189000039],[39.98065420800009,21.369976990000055],[39.980653826000093,21.369976523000105],[39.980679700000053,21.369959512000037],[39.98065238200013,21.36991857999999],[39.980484156000045,21.369680317000132],[39.98075565400012,21.369514169000013],[39.980686072000083,21.369413016000124],[39.980805659000112,21.369336449000059],[39.980799093000087,21.369324962000121],[39.980679171000133,21.369151040000077],[39.980916347000004,21.36900549000012],[39.981130722000103,21.368872727000053],[39.981332584000086,21.3691599120001],[39.981456938000065,21.369085435999978],[39.98152779100019,21.36918960200012],[39.981647734000035,21.369122259000108],[39.981955554000137,21.369563593000066],[39.982053222000047,21.369501239000044],[39.982117053000081,21.369592221000119]]]},"properties":{"OBJECTID":105,"camp_label":"27/608","gate_number":"27","Street":"608","Block":"91A","Type":"external","Transport_mode":"النقل الترددي","Capacity":3966,"Gate_Lat":21.369019999999999,"Gate_Lon":39.980891999999997,"Shape_Length":0.0051056202463386855,"Shape_Area":1.2100783140188308e-06}},{"type":"Feature","id":106,"geometry":{"type":"MultiPolygon","coordinates":[[[[39.992539716000124,21.355441951000103],[39.992485574000057,21.355451518000109],[39.992429984000125,21.355470221000132],[39.992384582000057,21.355490997000061],[39.992342432000157,21.355517099999986],[39.992304239000077,21.355548089000024],[39.992238643000178,21.355666202000066],[39.992160354000191,21.355660001000047],[39.991829806000169,21.355164402000128],[39.992591565000055,21.354687729000034],[39.992787956000029,21.354964989000052],[39.992910069000118,21.35513738800006],[39.99294736700017,21.355220838000037],[39.992996767000193,21.35533136700019],[39.993034264000187,21.35541525900004],[39.993051413000103,21.355453629000181],[39.992946758000073,21.355471947000069],[39.992916599000125,21.355471913000088],[39.992880655000192,21.355471874000159],[39.992835556999978,21.355471823000073],[39.992770346000043,21.355466882000144],[39.992734503000179,21.355464166000047],[39.992685295000172,21.355449685000053],[39.992666677000045,21.355446566000012],[39.992628029000059,21.355440878000081],[39.992583005000085,21.355438786000093],[39.992539716000124,21.355441951000103]]],[[[39.993217978000132,21.356202316000065],[39.992990020999969,21.356347202000109],[39.993087087000049,21.35648533300008],[39.993121591000033,21.356538548000174],[39.993391724000105,21.356920356000103],[39.993446940000069,21.35699840000018],[39.993534303000104,21.3571218780001],[39.993493759000103,21.357152889000076],[39.993465386000139,21.357169201000033],[39.993425680000087,21.357184334999999],[39.993383867000091,21.35719319400016],[39.993341073000067,21.357195534000141],[39.993298445000107,21.357191298000146],[39.993257127000049,21.35718059400017],[39.993218229000036,21.35716371500007],[39.993182797000145,21.357141112000079],[39.993151782000155,21.357113392000088],[39.992822031000117,21.356638887000031],[39.992416730000059,21.356056083000112],[39.992642187000172,21.356085846000155],[39.99297674100012,21.355876720000083],[39.993217978000132,21.356202316000065]]]]},"properties":{"OBJECTID":106,"camp_label":"10/529","gate_number":"10","Street":"529","Block":"8-14","Type":"external","Transport_mode":"النقل الترددي","Capacity":3000,"Gate_Lat":21.356041999999999,"Gate_Lon":39.992711999999997,"Shape_Length":0.0073394353242735603,"Shape_Area":1.1389107451256816e-06}},{"type":"Feature","id":107,"geometry":{"type":"Polygon","coordinates":[[[39.984027832000152,21.343378735000101],[39.98396268700003,21.343435635000048],[39.983881107000002,21.343505521000111],[39.983822895000174,21.343555394000077],[39.983803110000053,21.343572338000058],[39.983770277000076,21.343595149000066],[39.983734685000172,21.343613984000115],[39.98369688300005,21.343628551000165],[39.983654449000085,21.343637808000153],[39.983611383999971,21.343643997000015],[39.983576003000167,21.343646746000161],[39.983529391000047,21.343647211000132],[39.98348289200004,21.343644102000155],[39.983243270000116,21.343568883000046],[39.983221782000101,21.343560674000173],[39.983091356000159,21.343514149000157],[39.982890415000099,21.343438835000143],[39.982757618000051,21.343389701000149],[39.98271417300009,21.343373462000102],[39.982653873000061,21.343350914000041],[39.982542352000166,21.343308925000031],[39.982488142000136,21.343288555000129],[39.98273603500013,21.342712173000052],[39.982772628000077,21.342725719999976],[39.983092855000166,21.342844260000049],[39.983450821000133,21.342959293000035],[39.983575807000136,21.342954377000183],[39.983599441000138,21.342937371000176],[39.983617034000133,21.342924712000126],[39.984027832000152,21.343378735000101]]]},"properties":{"OBJECTID":107,"camp_label":"13/25","gate_number":"13","Street":"25","Block":"118","Type":"external","Transport_mode":"النقل التقليدي","Capacity":1872,"Gate_Lat":21.342843999999999,"Gate_Lon":39.983092999999997,"Shape_Length":0.0038617373635793342,"Shape_Area":8.3809168089910182e-07}},{"type":"Feature","id":108,"geometry":{"type":"Polygon","coordinates":[[[39.971028306000164,21.347177931000033],[39.971054088000187,21.347215563000134],[39.970998859000133,21.347248773000047],[39.97148556500008,21.34800248200014],[39.971419766000054,21.348042046000046],[39.97077428700004,21.347190173000172],[39.970190634000119,21.346730626000067],[39.970577773999992,21.346517941000172],[39.971236783000109,21.346155903000067],[39.97132205500003,21.346280369000056],[39.971397579000097,21.346238893000134],[39.971637724000118,21.346586061000096],[39.971586885000136,21.346616629000152],[39.971628235000139,21.346677108000108],[39.971679387000108,21.346646350000015],[39.971913003000111,21.34698413100017],[39.971864650999976,21.347013676000074],[39.971912065000026,21.347081778000188],[39.971960196000168,21.347052367000117],[39.972127997000143,21.347294982000051],[39.972066916000131,21.347332307000045],[39.972103795000066,21.347385275000136],[39.972164704000022,21.347348054000179],[39.972246584000061,21.347466443000144],[39.972150868000142,21.34752399700011],[39.971675844999993,21.346841707000124],[39.971102782000116,21.347186285000191],[39.971076998000115,21.347148650000008],[39.971028306000164,21.347177931000033]]]},"properties":{"OBJECTID":108,"camp_label":"47/68","gate_number":"47","Street":"68","Block":"35B","Type":"external","Transport_mode":"النقل التقليدي","Capacity":3379,"Gate_Lat":21.347118999999999,"Gate_Lon":39.970683999999999,"Shape_Length":0.0079081150008098889,"Shape_Area":1.1161065608314546e-06}},{"type":"Feature","id":109,"geometry":{"type":"Polygon","coordinates":[[[39.980667801000095,21.351522052000064],[39.981093201000078,21.352149429000178],[39.980842043999985,21.352300694000178],[39.980588566000165,21.352453352000168],[39.980160562000094,21.351818717000185],[39.980423323000082,21.351661949000174],[39.979911848000143,21.350927433000152],[39.980160714000135,21.350777552000068],[39.98047940400005,21.351244204000125],[39.980667801000095,21.351522052000064]]]},"properties":{"OBJECTID":109,"camp_label":"41/204","gate_number":"41","Street":"204","Block":"36","Type":"external","Transport_mode":"النقل التقليدي","Capacity":3367,"Gate_Lat":21.350849,"Gate_Lon":39.980041999999997,"Shape_Length":0.0045048930397117645,"Shape_Area":7.0469027426645717e-07}},{"type":"Feature","id":110,"geometry":{"type":"MultiPolygon","coordinates":[[[[39.994546082000056,21.348074918999998],[39.994043942000076,21.348383679000165],[39.993761361000054,21.347987619000094],[39.993298583000126,21.347337852000067],[39.993827644000078,21.347016097000164],[39.994546082000056,21.348074918999998]]],[[[39.995052503000124,21.34831927100015],[39.994942981999998,21.348388844000169],[39.995041979000121,21.348528358000124],[39.995152443000052,21.348460145000104],[39.995235562000062,21.348574853000173],[39.995124133000161,21.348644136000132],[39.995326071000193,21.348926655000128],[39.994857705000129,21.349221810000131],[39.994696323000142,21.34929803100016],[39.994092720000026,21.348452045000158],[39.994609852000167,21.348168897000164],[39.994818596000187,21.347992365000096],[39.995052503000124,21.34831927100015]]]]},"properties":{"OBJECTID":110,"camp_label":"1/408","gate_number":"1","Street":"408","Block":"87","Type":"external","Transport_mode":"النقل الترددي","Capacity":5804,"Gate_Lat":21.348196999999999,"Gate_Lon":39.994343000000001,"Shape_Length":0.0078595429275951315,"Shape_Area":1.5993626676524988e-06}},{"type":"Feature","id":111,"geometry":{"type":"Polygon","coordinates":[[[39.983659112000055,21.368507879999981],[39.983722254000099,21.368598327000086],[39.983256467000047,21.368886294000049],[39.982684263000124,21.369238785000164],[39.982654972000091,21.369258527],[39.982634073000042,21.36927164400015],[39.982633372000066,21.369272085000091],[39.982583770000076,21.369201101000044],[39.98257141900018,21.369183425000188],[39.982570482000028,21.369182083999988],[39.982629523000185,21.369145862000039],[39.982630018000179,21.369145558000184],[39.982542747000139,21.369022372000131],[39.982607236000035,21.368982852000045],[39.982607820999988,21.368982494000022],[39.982598573000132,21.368969377999974],[39.982236641000043,21.368456963000142],[39.982236283000191,21.368457184000079],[39.982009473000062,21.368597082000122],[39.981945915000153,21.368508772000098],[39.981945697000128,21.368508469000119],[39.981915599000104,21.368462940000029],[39.981901525000183,21.368471134000174],[39.981868109000061,21.368427589000191],[39.982388232000062,21.368115627000122],[39.982618779000006,21.367978534000088],[39.982905172000187,21.367807863000053],[39.98328086600003,21.368354365000187],[39.983378762000086,21.36849966900013],[39.983573453000133,21.368385449000073],[39.983659112000055,21.368507879999981]]]},"properties":{"OBJECTID":111,"camp_label":"22/616","gate_number":"22","Street":"616","Block":"91A","Type":"external","Transport_mode":"النقل الترددي","Capacity":4487,"Gate_Lat":21.36824,"Gate_Lon":39.982180999999997,"Shape_Length":0.0053646282752503101,"Shape_Area":1.160069182852997e-06}},{"type":"Feature","id":112,"geometry":{"type":"Polygon","coordinates":[[[39.989791099000172,21.369578287000024],[39.989783346000138,21.369647384000132],[39.989227895999989,21.369733753000105],[39.989223275000086,21.369711695000035],[39.989127973000166,21.369239947999972],[39.989199287000019,21.369229977000145],[39.989187500000071,21.369117450000147],[39.989171655000064,21.369121143000029],[39.989083562000133,21.36892481600006],[39.989016262000064,21.368774838000036],[39.989005578000103,21.368751025000108],[39.988899334000166,21.368514217999973],[39.989309220000166,21.368403016000002],[39.989345969000112,21.368393456000149],[39.989383684000131,21.36838905400009],[39.989421647000142,21.368389893000085],[39.989459131000046,21.368395958000178],[39.989495422000118,21.368407133000119],[39.989523811000083,21.368420070000184],[39.989550451000127,21.368436305000046],[39.98957496200012,21.368455604000133],[39.989618474000167,21.368511898000179],[39.989625378000028,21.368520841000077],[39.989652945000103,21.368556516000126],[39.989773165000088,21.368824240000038],[39.989782267000123,21.368844515000035],[39.989836564000086,21.369040925000149],[39.989791099000172,21.369578287000024]]]},"properties":{"OBJECTID":112,"camp_label":"15/68","gate_number":"15","Street":"68","Block":"28A","Type":"external","Transport_mode":"النقل التقليدي","Capacity":1204,"Gate_Lat":21.368736999999999,"Gate_Lon":39.989733999999999,"Shape_Length":0.0038965560291815827,"Shape_Area":8.4907513239851921e-07}},{"type":"Feature","id":113,"geometry":{"type":"Polygon","coordinates":[[[39.982208176000086,21.34241318800008],[39.981532280000124,21.34219133300013],[39.981555791000176,21.342174286000045],[39.981587917000184,21.342150991000153],[39.981589523000139,21.342149827000071],[39.981964641000104,21.341877839000119],[39.98229518900007,21.341631137000093],[39.982361116000106,21.341582620999986],[39.982415028000105,21.341542950000189],[39.982534367000142,21.341456679000089],[39.982648166000047,21.341381521000073],[39.982826292000027,21.341507537000041],[39.983039027000132,21.34129621400001],[39.983277956000109,21.341820377000147],[39.983145284000159,21.341906001000098],[39.982926390000159,21.34203360500004],[39.982653406000111,21.342202262000058],[39.982563585999969,21.34234195300013],[39.982555734000073,21.342339417000119],[39.982285157000149,21.342252028000075],[39.982208176000086,21.34241318800008]]]},"properties":{"OBJECTID":113,"camp_label":"11/25","gate_number":"11","Street":"25","Block":"118","Type":"external","Transport_mode":"النقل التقليدي","Capacity":2551,"Gate_Lat":21.342352000000002,"Gate_Lon":39.982022999999998,"Shape_Length":0.0045538413295078432,"Shape_Area":9.1767335591732803e-07}},{"type":"Feature","id":114,"geometry":{"type":"Polygon","coordinates":[[[39.978991489000123,21.343818632000023],[39.97946744800015,21.344542837000176],[39.97898226500007,21.344827234000149],[39.978920816000027,21.344863252000096],[39.978901976000088,21.344836591000103],[39.978843862000076,21.344872635000115],[39.978850637000164,21.344884051000122],[39.978711828000144,21.344966819000092],[39.978712058000156,21.344967151999981],[39.978723620000039,21.344982338000023],[39.97849896300005,21.345117343000084],[39.978257170000177,21.344775496000125],[39.978160746000185,21.344631756000126],[39.978442292000068,21.344470971000078],[39.978285467000148,21.34424460800011],[39.978511532000084,21.344108215000063],[39.978991489000123,21.343818632000023]]]},"properties":{"OBJECTID":114,"camp_label":"53/68","gate_number":"53","Street":"68","Block":"89","Type":"external","Transport_mode":"النقل التقليدي","Capacity":3981,"Gate_Lat":21.344768999999999,"Gate_Lon":39.979081999999998,"Shape_Length":0.0040737152784476975,"Shape_Area":8.8606662257693385e-07}},{"type":"Feature","id":115,"geometry":{"type":"Polygon","coordinates":[[[39.989977680000038,21.343077999999991],[39.989706522000176,21.343234222000149],[39.989108788000124,21.342312273000175],[39.98938389500006,21.342178439999998],[39.989977680000038,21.343077999999991]]]},"properties":{"OBJECTID":115,"camp_label":"6/518","gate_number":"6","Street":"518","Block":"7-4","Type":"external","Transport_mode":"النقل التقليدي","Capacity":1676,"Gate_Lat":21.342608999999999,"Gate_Lon":39.989668000000002,"Shape_Length":0.0027954982172149357,"Shape_Area":3.3515816436296468e-07}},{"type":"Feature","id":116,"geometry":{"type":"Polygon","coordinates":[[[39.995555116000048,21.35074158600014],[39.99530344100009,21.350403343000096],[39.995558346000109,21.350244721000138],[39.996464207000031,21.349689484000123],[39.996330397000122,21.350250162000123],[39.996194295000066,21.350780489000044],[39.996131595000065,21.350916471000119],[39.996077930000126,21.35098825700004],[39.995930352000187,21.350776276000147],[39.995801722000181,21.350591515000076],[39.995555116000048,21.35074158600014]]]},"properties":{"OBJECTID":116,"camp_label":"1/524","gate_number":"1","Street":"524","Block":"8-3","Type":"external","Transport_mode":"النقل الترددي","Capacity":2448,"Gate_Lat":21.350044,"Gate_Lon":39.995885999999999,"Shape_Length":0.0039197214424256397,"Shape_Area":6.4423330147525865e-07}},{"type":"Feature","id":117,"geometry":{"type":"Polygon","coordinates":[[[39.989957443000094,21.37017619400018],[39.990615824000088,21.37018756700013],[39.990619843000161,21.370223669000097],[39.990472785000065,21.370547122000175],[39.990325706000078,21.370748425000045],[39.990214699000035,21.371801808000043],[39.99015813900013,21.371857836000061],[39.990117299000133,21.37196499300012],[39.990169030000061,21.372259385000177],[39.990176145000021,21.37235830100019],[39.990179625000167,21.372474989000068],[39.989854163000075,21.372396690000073],[39.989825804000077,21.37239088400014],[39.989842011999997,21.372264126000118],[39.98980744500011,21.372085112000036],[39.989845431000049,21.371756032000178],[39.989884066000116,21.371605261000013],[39.989914833000114,21.37142894800013],[39.989947678000078,21.371095029999992],[39.989967069000159,21.370798063000052],[39.990065661000131,21.370603247000076],[39.990095392000001,21.37055413600018],[39.990101073000062,21.37051341300014],[39.990107609000063,21.370344748000093],[39.990083574000096,21.370297151000159],[39.990003665000188,21.370213737000029],[39.989957443000094,21.37017619400018]]]},"properties":{"OBJECTID":117,"camp_label":"17/68","gate_number":"17","Street":"68","Block":"28A","Type":"external","Transport_mode":"النقل التقليدي","Capacity":3950,"Gate_Lat":21.3719,"Gate_Lon":39.989829,"Shape_Length":0.0057546091930007646,"Shape_Area":8.1913074845989047e-07}},{"type":"Feature","id":118,"geometry":{"type":"Polygon","coordinates":[[[39.981946998000126,21.342420104000098],[39.982146438000086,21.342493926000031],[39.982435924000072,21.342601085000069],[39.98273603500013,21.342712173000052],[39.982488142000136,21.343288555000129],[39.982400545000075,21.343255636000151],[39.982329133000064,21.343229090000079],[39.982244622000053,21.34319726700005],[39.982137202000047,21.343158119000179],[39.982023229000106,21.343115761000035],[39.981935929000031,21.343083498000112],[39.981880611000065,21.343063051000115],[39.981738612000129,21.343011293000075],[39.981649802000049,21.342977777000158],[39.981588529000021,21.342952684000124],[39.981307680000157,21.342848952000054],[39.981205483000167,21.342811225000048],[39.981156849000058,21.342790764000029],[39.981020372000046,21.342740504000176],[39.980958169000132,21.342717821000122],[39.980950974000166,21.342702122000162],[39.980944494000141,21.342679325000177],[39.980941602000087,21.342655892000096],[39.980941179000126,21.342644674000042],[39.980942622000157,21.342633530000171],[39.98094589699997,21.342622733000098],[39.980950924000126,21.342612544000076],[39.980957581000041,21.342603210000163],[39.981045980000033,21.342544849000035],[39.981214559000193,21.342419089000146],[39.981470274000117,21.342236076000177],[39.981946998000126,21.342420104000098]]]},"properties":{"OBJECTID":118,"camp_label":"4/637","gate_number":"4","Street":"637","Block":"118","Type":"external","Transport_mode":"النقل التقليدي","Capacity":3291,"Gate_Lat":21.342631000000001,"Gate_Lon":39.982517999999999,"Shape_Length":0.0043647064661790948,"Shape_Area":9.6627853599063396e-07}},{"type":"Feature","id":119,"geometry":{"type":"Polygon","coordinates":[[[39.988497664000192,21.341946765000102],[39.987985233000131,21.342261357000041],[39.987927300000024,21.342167336000159],[39.987896775000081,21.342118212000173],[39.987812707000046,21.341982913000095],[39.987813351000113,21.341966064000189],[39.988300385999992,21.341675204000126],[39.988300611000113,21.341675536000139],[39.988311856000053,21.341668355000024],[39.988404081000169,21.341811996000047],[39.988716443000044,21.341635273999998],[39.988934103000133,21.341579233000061],[39.989105294000183,21.341769558000124],[39.989115290000086,21.341780670000162],[39.988848713000152,21.341936749000183],[39.988754242000084,21.341802318000134],[39.988497664000192,21.341946765000102]]]},"properties":{"OBJECTID":119,"camp_label":"6/520","gate_number":"6","Street":"520","Block":"8-6","Type":"external","Transport_mode":"النقل التقليدي","Capacity":1824,"Gate_Lat":21.342117999999999,"Gate_Lon":39.987896999999997,"Shape_Length":0.0033196742729453277,"Shape_Area":3.3706861948907757e-07}},{"type":"Feature","id":120,"geometry":{"type":"Polygon","coordinates":[[[39.980322877000106,21.352564222000126],[39.97982280500014,21.351835532000052],[39.979544010000097,21.351429271000086],[39.979407909000088,21.35123094100004],[39.979666837000025,21.351074997000069],[39.979911848000143,21.350927433000152],[39.980423323000082,21.351661949000174],[39.980160561000048,21.351818718000061],[39.980588566000165,21.352453352000168],[39.980457060000106,21.35253254800017],[39.980433200000107,21.352497780000135],[39.980322877000106,21.352564222000126]]]},"properties":{"OBJECTID":120,"camp_label":"30/206","gate_number":"30","Street":"206","Block":"36","Type":"external","Transport_mode":"النقل التقليدي","Capacity":3943,"Gate_Lat":21.351628999999999,"Gate_Lon":39.979680999999999,"Shape_Length":0.0044962797333816104,"Shape_Area":7.4032146920266236e-07}},{"type":"Feature","id":121,"geometry":{"type":"MultiPolygon","coordinates":[[[[39.996764126000073,21.342878086000155],[39.996800435000125,21.342996892000031],[39.996855802000027,21.343190387000163],[39.996894057000077,21.343341659000089],[39.996928347000051,21.343477016000179],[39.996951818000127,21.343586291000065],[39.99675868800017,21.343656298000099],[39.996720879000122,21.343483668000033],[39.996641472000022,21.343172262000166],[39.996561431000089,21.342901055000027],[39.996585783000114,21.342884375000096],[39.996745179000186,21.342813815000113],[39.996764126000073,21.342878086000155]]],[[[39.996559750000188,21.343830705000016],[39.996402452000154,21.343925571000057],[39.996289471000125,21.343755958000145],[39.996257264000064,21.34377508200015],[39.996031387000073,21.343908489000057],[39.995989178000059,21.34384196700006],[39.996051286000068,21.343803655000102],[39.995947567000087,21.343654351000168],[39.995880205000049,21.343693467000037],[39.995662946000095,21.343386513000041],[39.995888124000032,21.343246399000179],[39.995930418000171,21.343220254000073],[39.996235317000071,21.343034657000089],[39.996474571000192,21.342897104000144],[39.996689941000056,21.343706174000147],[39.996559750000188,21.343830705000016]]]]},"properties":{"OBJECTID":121,"camp_label":"1/635","gate_number":"1","Street":"635","Block":"117B","Type":"internal","Transport_mode":"النقل التقليدي","Capacity":830,"Gate_Lat":21.343851000000001,"Gate_Lon":39.996524999999998,"Shape_Length":0.0054300995570306368,"Shape_Area":7.5583092853755209e-07}},{"type":"Feature","id":122,"geometry":{"type":"Polygon","coordinates":[[[39.982117053000081,21.369592221000119],[39.982053222000047,21.369501239000044],[39.981955554000137,21.369563593000066],[39.981647734000035,21.369122259000108],[39.98152779100019,21.36918960200012],[39.981456938000065,21.369085435999978],[39.981332584000086,21.3691599120001],[39.981130722000103,21.368872727000053],[39.981265865000182,21.368789039000092],[39.981867957000077,21.368427384000086],[39.981868109000061,21.368427589000191],[39.981901525000183,21.368471134000174],[39.981915599000104,21.368462940000029],[39.981945915000153,21.368508772000098],[39.981946472000061,21.368509614000118],[39.982008063000137,21.368597952000187],[39.982009473000062,21.368597082000122],[39.982236283000191,21.368457184000079],[39.982607236000035,21.368982852000045],[39.982608034999998,21.368983983000021],[39.982542747000139,21.369022372000131],[39.982629523000185,21.369145862000039],[39.98257141900018,21.369183425000188],[39.982571246000077,21.369183537000026],[39.982583770000076,21.369201101000044],[39.982634073000042,21.36927164400015],[39.982635209000136,21.369273238000062],[39.982117053000081,21.369592221000119]]]},"properties":{"OBJECTID":122,"camp_label":"20/616","gate_number":"20","Street":"616","Block":"91A","Type":"external","Transport_mode":"النقل الترددي","Capacity":4423,"Gate_Lat":21.368693,"Gate_Lon":39.981426999999996,"Shape_Length":0.0045486130496047543,"Shape_Area":9.9134363129431761e-07}},{"type":"Feature","id":123,"geometry":{"type":"Polygon","coordinates":[[[39.99071083900003,21.351439963000075],[39.99030567900013,21.351696781000044],[39.99026739500016,21.351720824000154],[39.989610027000083,21.352133579999986],[39.989404013000126,21.351839186000177],[39.989543048000144,21.351751020000165],[39.98902626500012,21.351029476000122],[39.989190107000184,21.350934733000031],[39.989514708000115,21.350750876000177],[39.989796336000154,21.35059135900002],[39.990131985000119,21.35105474500017],[39.990219871000136,21.351176078000037],[39.990430537000123,21.351045597000166],[39.99071083900003,21.351439963000075]]]},"properties":{"OBJECTID":123,"camp_label":"13/408","gate_number":"13","Street":"408","Block":"87","Type":"external","Transport_mode":"النقل الترددي","Capacity":3364,"Gate_Lat":21.350804,"Gate_Lon":39.989421999999998,"Shape_Length":0.0050521976299953766,"Shape_Area":1.2656937361871049e-06}},{"type":"Feature","id":124,"geometry":{"type":"Polygon","coordinates":[[[39.988536510000188,21.36577685400016],[39.988466299000152,21.365550856000141],[39.988705443000015,21.365424231000191],[39.98883087400003,21.365362284000128],[39.988886565000087,21.365366489000053],[39.988942423000083,21.365395631000126],[39.988991156000168,21.365445217000172],[39.989023105000058,21.365517572000044],[39.989002085000095,21.365631043000064],[39.988949454000078,21.365722032000065],[39.988878807000162,21.365769907000015],[39.988820636000071,21.365792239000086],[39.988729902000046,21.365823073000172],[39.988562780000052,21.36588625800016],[39.988536510000188,21.36577685400016]]]},"properties":{"OBJECTID":124,"camp_label":"25/68","gate_number":"25","Street":"68","Block":"28C","Type":"external","Transport_mode":"النقل التقليدي","Capacity":496,"Gate_Lat":21.365822999999999,"Gate_Lon":39.988729999999997,"Shape_Length":0.0016697961504302593,"Shape_Area":1.8701858227918853e-07}},{"type":"Feature","id":125,"geometry":{"type":"Polygon","coordinates":[[[39.983064077999984,21.342480271000056],[39.983156564000183,21.342545356000187],[39.983068939000134,21.342695958000036],[39.983038217000114,21.342685623000136],[39.982879956000033,21.342633681000109],[39.982477384000163,21.34250154900019],[39.982208176000086,21.34241318800008],[39.982285157000149,21.342252028000075],[39.982555734000073,21.342339417000119],[39.982563585999969,21.34234195300013],[39.982653406000111,21.342202262000058],[39.982926391000092,21.342033604000108],[39.983145284000159,21.341906001000098],[39.98327795400013,21.341820374000065],[39.983345559000099,21.341775071000143],[39.983401772000036,21.341828767000152],[39.983291406000149,21.341938603000131],[39.983469470000159,21.342086863000191],[39.98328739100009,21.342295712000123],[39.983272805000126,21.342285839000112],[39.983252492000133,21.342272090000108],[39.983064077999984,21.342480271000056]]]},"properties":{"OBJECTID":125,"camp_label":"9/25","gate_number":"9","Street":"25","Block":"118","Type":"external","Transport_mode":"النقل التقليدي","Capacity":2051,"Gate_Lat":21.342562999999998,"Gate_Lon":39.982666000000002,"Shape_Length":0.0037093079754647027,"Shape_Area":4.6936100849752737e-07}},{"type":"Feature","id":126,"geometry":{"type":"Polygon","coordinates":[[[39.976850992000038,21.344722219000062],[39.976864179000131,21.344757302000062],[39.976854750000143,21.344778605000101],[39.976831294000135,21.344808818000047],[39.976704689000087,21.344882507000023],[39.97665945000017,21.344874527000059],[39.976620104000119,21.344863260000125],[39.97614502100015,21.344190486000059],[39.976134157000104,21.344196971000144],[39.975647640000091,21.344487006000065],[39.975547021000011,21.344546984000033],[39.975217146000034,21.344017803000042],[39.975129051000067,21.343870393000145],[39.975182049000011,21.343838392000066],[39.975673030000053,21.343541944000037],[39.975938086000156,21.343381909000186],[39.975938164000183,21.343382020000149],[39.976135469000042,21.343671696000115],[39.976850992000038,21.344722219000062]]]},"properties":{"OBJECTID":126,"camp_label":"25/206","gate_number":"25","Street":"206","Block":"34","Type":"external","Transport_mode":"النقل التقليدي","Capacity":2875,"Gate_Lat":21.344335999999998,"Gate_Lon":39.975901,"Shape_Length":0.0052142351954866601,"Shape_Area":1.011076612641025e-06}},{"type":"Feature","id":127,"geometry":{"type":"Polygon","coordinates":[[[39.984710828000175,21.348284922000062],[39.984524559000135,21.348396758000092],[39.984452332000103,21.348432645000116],[39.984419173000106,21.348414583000078],[39.984267130999967,21.348197279000033],[39.984073853000154,21.34792103500007],[39.983828619000121,21.348071843000128],[39.983699654000191,21.347868708000078],[39.98339611900002,21.347417949000032],[39.983635455000126,21.347271404000082],[39.983888796000031,21.347116282000172],[39.984130800000173,21.346968102000176],[39.984390930000188,21.347340397000153],[39.984143656000185,21.34748756800019],[39.984502631000112,21.347992232000024],[39.984621964000098,21.348159995000117],[39.984710828000175,21.348284922000062]]]},"properties":{"OBJECTID":127,"camp_label":"6/56","gate_number":"6","Street":"56","Block":"50A","Type":"external","Transport_mode":"النقل التقليدي","Capacity":2336,"Gate_Lat":21.347238999999998,"Gate_Lon":39.983688999999998,"Shape_Length":0.0045918600636880554,"Shape_Area":7.8495098575863052e-07}},{"type":"Feature","id":128,"geometry":{"type":"Polygon","coordinates":[[[39.991420097000116,21.345648560000086],[39.991010647000167,21.345891987000073],[39.990952630000095,21.34579556500006],[39.991124699000181,21.345679198000141],[39.990944829000057,21.345415982000191],[39.990685751000115,21.34557213100004],[39.990488971000161,21.345292060000077],[39.990428958000109,21.345210048000013],[39.990337765000106,21.345071586000131],[39.991099645000077,21.344611326000063],[39.991434622000156,21.34509990000015],[39.991450274000044,21.345121408000182],[39.991703592000022,21.345469488000163],[39.991521774000091,21.345581638000056],[39.991420097000116,21.345648560000086]]]},"properties":{"OBJECTID":128,"camp_label":"9/520","gate_number":"9","Street":"520","Block":"8-8","Type":"external","Transport_mode":"النقل التقليدي","Capacity":3430,"Gate_Lat":21.344854000000002,"Gate_Lon":39.990696999999997,"Shape_Length":0.0043025503553826908,"Shape_Area":8.2757311196303115e-07}},{"type":"Feature","id":129,"geometry":{"type":"Polygon","coordinates":[[[39.999354681000113,21.346547020000173],[39.999218551000183,21.346814321000181],[39.999076090000017,21.347094056000117],[39.999018929000044,21.347177207000186],[39.998741382000048,21.347131001999969],[39.998734073000094,21.3467450710001],[39.998728338000035,21.346442269000136],[39.998724955000057,21.346263600000157],[39.998721644,21.346088727000165],[39.998915802999989,21.346087678000174],[39.999215487000129,21.346088344000066],[39.999563725000144,21.346090950000075],[39.999548710000056,21.346146474000079],[39.99953744000004,21.34618815000016],[39.999434040000153,21.346391189000144],[39.999354681000113,21.346547020000173]]]},"properties":{"OBJECTID":129,"camp_label":"1/116","gate_number":"1","Street":"116","Block":"17","Type":"external","Transport_mode":"النقل التقليدي","Capacity":0,"Gate_Lat":21.347148000000001,"Gate_Lon":39.998846,"Shape_Length":0.0033841342107910725,"Shape_Area":6.219927254862812e-07}},{"type":"Feature","id":130,"geometry":{"type":"Polygon","coordinates":[[[39.978625692000151,21.353611056000034],[39.978649467000025,21.353645703000154],[39.978533768000148,21.353715384000168],[39.978210610000076,21.353910002000077],[39.978158652000047,21.353834286000051],[39.977094372000067,21.352934357000095],[39.976746236000054,21.352863365000076],[39.977055968999991,21.352676835000125],[39.977037761000076,21.352650298000128],[39.97713510400007,21.352591675000156],[39.977153312000155,21.35261820900007],[39.977367616000151,21.352489146000096],[39.977468715000043,21.352428263000149],[39.977484403000119,21.352451123000094],[39.977531452000164,21.352422789000059],[39.977515765000021,21.352399928000182],[39.977606427000069,21.352345324000112],[39.977909453000109,21.352793457000189],[39.978181111000026,21.353199145000133],[39.978435041000068,21.353049012000099],[39.978785563000145,21.353563742000063],[39.978698140000063,21.35361639100006],[39.978674363000152,21.353581745000042],[39.978625692000151,21.353611056000034]]]},"properties":{"OBJECTID":130,"camp_label":"26/206","gate_number":"26","Street":"206","Block":"36","Type":"external","Transport_mode":"النقل التقليدي","Capacity":4002,"Gate_Lat":21.352547000000001,"Gate_Lon":39.977271000000002,"Shape_Length":0.0056669951832470549,"Shape_Area":1.1754737878062961e-06}},{"type":"Feature","id":131,"geometry":{"type":"Polygon","coordinates":[[[39.98480921800018,21.36999873600007],[39.985040275000188,21.370062453999992],[39.98528479099997,21.37012466900012],[39.985386742000173,21.370132045000162],[39.985480211000151,21.370151450000094],[39.985543795000126,21.370200610999973],[39.985588730000188,21.370274870000173],[39.985629924000193,21.370319711999969],[39.985677011000121,21.370369476000178],[39.985656473000176,21.370381457000008],[39.985433615000034,21.370519946000059],[39.985393189999968,21.370545172000163],[39.985012484000094,21.3707880770001],[39.984716604000141,21.370989985000108],[39.984648974000038,21.370894612000143],[39.98407981600019,21.370109981000155],[39.984000748000085,21.369994904999999],[39.983758672000079,21.370143497000072],[39.983691082000178,21.370047315000079],[39.983796725000161,21.369980317000056],[39.984209802000123,21.369727855000122],[39.984928908000143,21.369280997000089],[39.98508838000015,21.369497879000107],[39.984823252000069,21.369531008000081],[39.984793549000187,21.369539520999979],[39.984749548000025,21.369562442000017],[39.984748447000186,21.369563356000128],[39.984709710000118,21.36959557400013],[39.984670515000118,21.369680926000058],[39.984689630000048,21.369852682000044],[39.984723371000086,21.369924781000066],[39.98480921800018,21.36999873600007]]]},"properties":{"OBJECTID":131,"camp_label":"5/608","gate_number":"5","Street":"608","Block":"100A","Type":"external","Transport_mode":"النقل الترددي","Capacity":3955,"Gate_Lat":21.370602999999999,"Gate_Lon":39.985301999999997,"Shape_Length":0.0063415335295736071,"Shape_Area":1.2476483622113568e-06}},{"type":"Feature","id":132,"geometry":{"type":"Polygon","coordinates":[[[39.989706522000176,21.343234222000149],[39.989602465000189,21.343294169000046],[39.989597865000178,21.343287461000045],[39.989494968000088,21.343205747000184],[39.989226889000179,21.34308906300015],[39.989115377000189,21.343040524000116],[39.989089181000168,21.343031224000072],[39.989083618000166,21.343030076000161],[39.989071330000002,21.343027540000094],[39.989059146000102,21.343027833000065],[39.989059086000054,21.342996781000124],[39.989006409000069,21.343002764000175],[39.989008550000165,21.343025297000167],[39.988879893000103,21.343054902000063],[39.98876563500005,21.342898046000073],[39.9889399650001,21.34279137499999],[39.988849956000024,21.342652659000066],[39.988826291000066,21.34261618700009],[39.988794391000113,21.342567025000108],[39.988752736000151,21.342502830000058],[39.988843213000052,21.342448378000142],[39.989097271000105,21.342295476999993],[39.989108788000124,21.342312273000175],[39.989706522000176,21.343234222000149]]]},"properties":{"OBJECTID":132,"camp_label":"7/510","gate_number":"7","Street":"510","Block":"7-4","Type":"external","Transport_mode":"النقل التقليدي","Capacity":1768,"Gate_Lat":21.343057999999999,"Gate_Lon":39.989156000000001,"Shape_Length":0.0032341903353306049,"Shape_Area":4.1674321274585694e-07}},{"type":"Feature","id":133,"geometry":{"type":"Polygon","coordinates":[[[39.975202160000038,21.344076573000109],[39.975304121000192,21.344248806000053],[39.975503744000093,21.344575520000092],[39.975498147000053,21.344578111000033],[39.974979404000067,21.344898051000087],[39.974736320000034,21.345047975000057],[39.974610492000068,21.345125578000136],[39.974178504000065,21.344490237000059],[39.974302476000162,21.344414991000065],[39.974315119000096,21.344407323000155],[39.975100729000076,21.343930495000109],[39.975104381000165,21.34392571800015],[39.975202160000038,21.344076573000109]]]},"properties":{"OBJECTID":133,"camp_label":"23/206","gate_number":"23","Street":"206","Block":"34","Type":"external","Transport_mode":"النقل التقليدي","Capacity":2869,"Gate_Lat":21.344730999999999,"Gate_Lon":39.975250000000003,"Shape_Length":0.0036649728795350315,"Shape_Area":8.1565896946437301e-07}},{"type":"Feature","id":134,"geometry":{"type":"Polygon","coordinates":[[[39.987827131000188,21.339812305000066],[39.987885839000057,21.33988921100007],[39.987963025000056,21.339982779000138],[39.988114955000015,21.339889067000058],[39.988397157000122,21.340309117000174],[39.988149306000139,21.34045323700019],[39.988134411000033,21.340431202000048],[39.988120268000046,21.340470122000056],[39.987892515000112,21.340602553999986],[39.987681939000083,21.340719708000108],[39.987491219000106,21.34030387100006],[39.987532425000154,21.340273155000034],[39.987565791000065,21.340192225000067],[39.987544492000154,21.340153687000111],[39.987582861000078,21.340113117000101],[39.987552937000089,21.340088276000074],[39.987595472000123,21.340043319000188],[39.987715402000106,21.339922509000132],[39.987827131000188,21.339812305000066]]]},"properties":{"OBJECTID":134,"camp_label":"1/518","gate_number":"1","Street":"518","Block":"8-6","Type":"external","Transport_mode":"النقل التقليدي","Capacity":1668,"Gate_Lat":21.340492999999999,"Gate_Lon":39.987577999999999,"Shape_Length":0.0028859787431063299,"Shape_Area":4.5787936337823673e-07}},{"type":"Feature","id":135,"geometry":{"type":"Polygon","coordinates":[[[39.98999962400012,21.339527991000182],[39.989750216000061,21.339725854000108],[39.989540400999999,21.339906886000165],[39.989311327000053,21.340075840000111],[39.989062706000027,21.340248571000132],[39.988879207000025,21.339999078000176],[39.988910002000182,21.339977686000168],[39.989997075000133,21.339324020999982],[39.990310255000111,21.339312384000038],[39.990433961000065,21.339349021000146],[39.990455062000137,21.339351204000025],[39.990548396000008,21.339353446000018],[39.990716680000105,21.339344679000135],[39.990827950000039,21.339338884000085],[39.990847532000089,21.339340697000125],[39.990866738000079,21.339344709000102],[39.990885287000083,21.339350859000092],[39.990862730000117,21.339378178000118],[39.990908488000173,21.339411345000144],[39.990933845000029,21.339380639000069],[39.990943779000133,21.339390267000169],[39.990952774000107,21.339400674000046],[39.991004341000178,21.339445358000035],[39.991139947000192,21.33959594800001],[39.99123318400018,21.339728003000062],[39.991338106000171,21.339877680000086],[39.991425944000184,21.33999895400018],[39.991295646000026,21.340081770999973],[39.991292459000022,21.340071208000097],[39.991285332000075,21.340053586000067],[39.991275054000084,21.340037387000052],[39.991261936000114,21.340023102000032],[39.99124637400007,21.34001116200011],[39.99122884000019,21.340001928000049],[39.991209863000108,21.339995680000072],[39.991190018000168,21.339992608000159],[39.991169905000049,21.339992801999983],[39.991150131000154,21.339996260000134],[39.991131297000038,21.340002874000106],[39.990787944000147,21.340156325000123],[39.990286740000045,21.339690280000184],[39.990123711000138,21.339538681000022],[39.990074938000134,21.339510540000049],[39.98999962400012,21.339527991000182]]]},"properties":{"OBJECTID":135,"camp_label":"7/520","gate_number":"7","Street":"520","Block":"8-5","Type":"external","Transport_mode":"النقل التقليدي","Capacity":3532,"Gate_Lat":21.339715999999999,"Gate_Lon":39.990313999999998,"Shape_Length":0.0063980718776503456,"Shape_Area":9.6634966186350182e-07}},{"type":"Feature","id":136,"geometry":{"type":"Polygon","coordinates":[[[39.990247799000088,21.345016582000028],[39.990049753000051,21.34514032300001],[39.989551548000122,21.345451596000146],[39.989520460000051,21.345475654000154],[39.989492817000155,21.345503602000178],[39.989469102000101,21.345534952000094],[39.98944973100015,21.345569158000103],[39.989435040000103,21.345605618000093],[39.989425286000028,21.345643697000128],[39.989391087999991,21.345760697000003],[39.989312644000108,21.345647012000143],[39.989059453000039,21.345803255000192],[39.988962000000015,21.345673413999975],[39.988721176000183,21.345819613000117],[39.988490250999973,21.345507247],[39.98875439699998,21.345344695000051],[39.989507316000015,21.344881355000098],[39.989696575000153,21.344763918000069],[39.98981269899997,21.34469234900007],[39.990109443000051,21.344507951000139],[39.990224326000032,21.344680120000078],[39.990134014000034,21.34473680900004],[39.990232322000168,21.34488267100005],[39.990180235000025,21.344914716000119],[39.990247799000088,21.345016582000028]]]},"properties":{"OBJECTID":136,"camp_label":"7/522","gate_number":"7","Street":"522","Block":"8-4","Type":"external","Transport_mode":"النقل التقليدي","Capacity":3276,"Gate_Lat":21.345275000000001,"Gate_Lon":39.989834000000002,"Shape_Length":0.0050225270829638291,"Shape_Area":9.1865366023526703e-07}},{"type":"Feature","id":137,"geometry":{"type":"Polygon","coordinates":[[[39.97924937800002,21.353284416000179],[39.979038635000109,21.353411336000022],[39.978785563000145,21.353563742000063],[39.978435041000068,21.353049012000099],[39.978181111000026,21.353199145000133],[39.977909454000041,21.352793458000065],[39.977606427000069,21.352345324000112],[39.978106571000069,21.352044116000059],[39.978787981000153,21.353040390000103],[39.978988468000125,21.352915750000079],[39.97924937800002,21.353284416000179]]]},"properties":{"OBJECTID":137,"camp_label":"37/204","gate_number":"37","Street":"204","Block":"36","Type":"external","Transport_mode":"النقل التقليدي","Capacity":3618,"Gate_Lat":21.352107,"Gate_Lon":39.978001999999996,"Shape_Length":0.0049669589013938264,"Shape_Area":8.9705652512128411e-07}},{"type":"Feature","id":138,"geometry":{"type":"Polygon","coordinates":[[[39.993168682000089,21.339271157000098],[39.993377772000031,21.339586532000169],[39.993474651000099,21.339733415000126],[39.993242446000181,21.339867905000062],[39.993150795000133,21.339728982000054],[39.992898419000028,21.339876319000041],[39.992671964000067,21.339532965000046],[39.993168682000089,21.339271157000098]]]},"properties":{"OBJECTID":138,"camp_label":"2/204","gate_number":"2","Street":"204","Block":"29A","Type":"external","Transport_mode":"النقل التقليدي","Capacity":732,"Gate_Lat":21.339594999999999,"Gate_Lon":39.993383999999999,"Shape_Length":0.0022541531578843463,"Shape_Area":2.6791922217843285e-07}},{"type":"Feature","id":139,"geometry":{"type":"Polygon","coordinates":[[[39.98840348900012,21.378132612000172],[39.987709241000061,21.378582677000054],[39.987703836000037,21.378586173000144],[39.987438490000102,21.378757704000066],[39.987126287000137,21.378293275999965],[39.986869583000043,21.377911403000098],[39.986868911000158,21.37791040400009],[39.986717883999972,21.377685735000057],[39.986752463000073,21.377665111000169],[39.987454552000031,21.377246692000085],[39.987873974000081,21.377866671000106],[39.987876001000132,21.377867044000084],[39.987875187999975,21.377865929000052],[39.988108008999973,21.377723506000109],[39.98840348900012,21.378132612000172]]]},"properties":{"OBJECTID":139,"camp_label":"2/613","gate_number":"2","Street":"613","Block":"110","Type":"external","Transport_mode":"النقل الترددي","Capacity":4579,"Gate_Lat":21.377514999999999,"Gate_Lon":39.987005000000003,"Shape_Length":0.0048285540415906334,"Shape_Area":1.237901860850077e-06}},{"type":"Feature","id":140,"geometry":{"type":"Polygon","coordinates":[[[39.972883206000176,21.347114680000061],[39.972896656000046,21.347133880000058],[39.972875653000187,21.347146371000122],[39.972531533000108,21.346639727000081],[39.972752570000182,21.346507381000151],[39.972540946000095,21.346221033999996],[39.972356517000037,21.345948561000114],[39.972159018000127,21.345636260000106],[39.972411990000069,21.345492956000157],[39.972671528000035,21.345345925000174],[39.97296986200007,21.345786830000122],[39.972719101000166,21.345944418000045],[39.973315648000039,21.346846467000148],[39.973273383000048,21.346871573000101],[39.973288751000041,21.34689744800005],[39.973083013000064,21.347021628000164],[39.97299453100004,21.347075025000038],[39.97298102100018,21.347055635000061],[39.972883206000176,21.347114680000061]]]},"properties":{"OBJECTID":140,"camp_label":"34/68","gate_number":"34","Street":"68","Block":"34","Type":"external","Transport_mode":"النقل التقليدي","Capacity":2894,"Gate_Lat":21.346938000000002,"Gate_Lon":39.973222,"Shape_Length":0.0050323744010310088,"Shape_Area":7.9508864438856357e-07}},{"type":"Feature","id":141,"geometry":{"type":"MultiPolygon","coordinates":[[[[39.983493116000147,21.349004809000064],[39.983462454999994,21.349023261000127],[39.983486145000029,21.349063154000135],[39.983422296000185,21.349093547000109],[39.983437403999972,21.349115964000077],[39.983198540000103,21.349252239000066],[39.982817545000103,21.348689207000064],[39.983508156000141,21.348261988000104],[39.983331976000159,21.347995785000023],[39.983631021999997,21.347808232000091],[39.983650481000097,21.347795685000165],[39.983715025000151,21.347892921000039],[39.983834157000047,21.348068450000085],[39.983881710000162,21.348039193999966],[39.984073853000154,21.34792103500007],[39.984223589000123,21.348135048000131],[39.984315122000112,21.348265868999988],[39.984419173000106,21.348414582000146],[39.983958894000125,21.348855851000167],[39.98382110700004,21.348563670000033],[39.983535494000137,21.348693180999987],[39.983700077000151,21.348981335000076],[39.98364986100006,21.34900463800011],[39.983543559000168,21.349056522000126],[39.983530389000123,21.349036464000108],[39.983503023000026,21.348998845999972],[39.983493116000147,21.349004809000064]]],[[[39.983134325000037,21.349231009000107],[39.983140885000068,21.349240595000026],[39.98314554500007,21.34926399200009],[39.983129056000053,21.349294973000042],[39.982616047000135,21.34960247600003],[39.982583290000036,21.349621985000113],[39.982483847000026,21.349469598000042],[39.982208534000108,21.349061027000062],[39.98277480400003,21.348705445000121],[39.983134325000037,21.349231009000107]]]]},"properties":{"OBJECTID":141,"camp_label":"11/50","gate_number":"11","Street":"50","Block":"50","Type":"external","Transport_mode":"النقل التقليدي","Capacity":2991,"Gate_Lat":21.348943999999999,"Gate_Lon":39.982990000000001,"Shape_Length":0.0084035132941962173,"Shape_Area":1.4941303407200546e-06}},{"type":"Feature","id":142,"geometry":{"type":"MultiPolygon","coordinates":[[[[39.979459924000025,21.35309226600009],[39.978552264000086,21.351769620000084],[39.978786472000081,21.351628565000055],[39.979716517000043,21.352978550000103],[39.979531807000058,21.353089788999966],[39.979511990000105,21.35306091200016],[39.979459924000025,21.35309226600009]]],[[[39.979245213000127,21.353235805000168],[39.979270034000137,21.353271974000052],[39.97924937800002,21.353284416000179],[39.978988468000125,21.352915750000079],[39.978787981000153,21.353040390000103],[39.978106571000069,21.352044116000059],[39.978483855000036,21.351823560000128],[39.979420291000054,21.353188135000153],[39.979317080000158,21.353243636000002],[39.979292262000058,21.353207470000029],[39.979245213000127,21.353235805000168]]]]},"properties":{"OBJECTID":142,"camp_label":"28/206","gate_number":"28","Street":"206","Block":"36","Type":"external","Transport_mode":"النقل التقليدي","Capacity":4050,"Gate_Lat":21.352347999999999,"Gate_Lon":39.978844000000002,"Shape_Length":0.0080989958566992145,"Shape_Area":1.0602304909502967e-06}},{"type":"Feature","id":143,"geometry":{"type":"Polygon","coordinates":[[[39.978150713000161,21.363670946000184],[39.978228968000167,21.363764365000179],[39.978297308000151,21.363840982000056],[39.978546732000154,21.364091900000176],[39.978691290000029,21.364309362000085],[39.978692093000006,21.364430207000055],[39.979134644000112,21.365095947000043],[39.978982438000173,21.365185579000183],[39.978751689000148,21.365321458000153],[39.978173523000123,21.364455540000108],[39.977651484000148,21.363634932000025],[39.977976124000008,21.363462533000074],[39.978150713000161,21.363670946000184]]]},"properties":{"OBJECTID":143,"camp_label":"4/554","gate_number":"4","Street":"554","Block":"9-7","Type":"external","Transport_mode":"النقل الترددي","Capacity":3220,"Gate_Lat":21.363712,"Gate_Lon":39.978185000000003,"Shape_Length":0.0048573712184975084,"Shape_Area":8.9928632057509232e-07}},{"type":"Feature","id":144,"geometry":{"type":"Polygon","coordinates":[[[39.978297884000028,21.361654435000048],[39.977861390000101,21.361909956000147],[39.977511508000134,21.361389687000155],[39.977238072000091,21.360983091000094],[39.977532028000041,21.360805910000067],[39.977821081000059,21.361245279000116],[39.977962186000127,21.361163821000105],[39.978297884000028,21.361654435000048]]]},"properties":{"OBJECTID":144,"camp_label":"3/528","gate_number":"3","Street":"528","Block":"8-13","Type":"external","Transport_mode":"النقل الترددي","Capacity":1744,"Gate_Lat":21.360869000000001,"Gate_Lon":39.977426999999999,"Shape_Length":0.0032492960098639669,"Shape_Area":4.771575161522402e-07}},{"type":"Feature","id":145,"geometry":{"type":"Polygon","coordinates":[[[39.977185341000052,21.348226687000135],[39.97744824300014,21.348059678000084],[39.977456104000169,21.34807201600006],[39.977636435000079,21.348355082000182],[39.977765460000171,21.348533875000157],[39.978075920000094,21.348960508000175],[39.978330766000056,21.348791097000117],[39.97898615500003,21.349703851000129],[39.978798208000171,21.349816829000076],[39.978777480000076,21.349791159000063],[39.978710697000167,21.349832810000066],[39.978729659000123,21.349860218000003],[39.978468727000177,21.350018653000063],[39.978365660999998,21.349870801999998],[39.978308927000114,21.349789415000146],[39.978258720000156,21.349717391000183],[39.978156361000117,21.349570553000149],[39.978055837000113,21.34942828200019],[39.9777374250001,21.348982906000117],[39.977185341000052,21.348226687000135]]]},"properties":{"OBJECTID":145,"camp_label":"31/68","gate_number":"31","Street":"68","Block":"30","Type":"external","Transport_mode":"النقل التقليدي","Capacity":3689,"Gate_Lat":21.349886000000001,"Gate_Lon":39.978686000000003,"Shape_Length":0.0057133493039882837,"Shape_Area":9.8260785632329727e-07}},{"type":"Feature","id":146,"geometry":{"type":"Polygon","coordinates":[[[39.993637798000009,21.351299910000137],[39.993181615000026,21.351580956000134],[39.992940038000029,21.351730002000181],[39.992709339000044,21.351871323000069],[39.992421405000186,21.351473260000091],[39.992230922000147,21.35119862900018],[39.992051874000083,21.350940497000124],[39.992192452000154,21.35086104800007],[39.992536026000153,21.350674470000058],[39.992710605000127,21.350578544000143],[39.993017886000075,21.350415531000067],[39.993637798000009,21.351299910000137]]]},"properties":{"OBJECTID":146,"camp_label":"13/406","gate_number":"13","Street":"406","Block":"86","Type":"external","Transport_mode":"النقل الترددي","Capacity":3953,"Gate_Lat":21.351707999999999,"Gate_Lon":39.99297,"Shape_Length":0.0044093554575688641,"Shape_Area":1.2156979452488601e-06}},{"type":"Feature","id":147,"geometry":{"type":"Polygon","coordinates":[[[39.988300385999992,21.341675204000126],[39.987813351000113,21.341966064000189],[39.987823058000117,21.34171270600001],[39.987835684000117,21.341383270000108],[39.987874939000051,21.341379974000006],[39.987870207000014,21.341330485000128],[39.987837603000173,21.341333221000184],[39.987842325000031,21.341209912000181],[39.987971216000119,21.34114558300007],[39.988144826000109,21.340944313000136],[39.988244590000193,21.341078156000094],[39.988304704000029,21.341027847000134],[39.988304880000044,21.341067107000185],[39.988312314000098,21.341105743000185],[39.988419924000141,21.341476727000156],[39.988432146999969,21.341508980000071],[39.988449432000095,21.341539131000161],[39.988471382000114,21.341566489000115],[39.988498994000111,21.34159160300004],[39.98853052000004,21.341612280000049],[39.988565157000153,21.341627992000099],[39.98860202100019,21.341638338999985],[39.988640174000068,21.341643057000056],[39.988678640000046,21.341642027000148],[39.988716443000044,21.341635273999998],[39.988404081000169,21.341811996000047],[39.988311856000053,21.341668355000024],[39.988300385999992,21.341675204000126]]]},"properties":{"OBJECTID":147,"camp_label":"8/520","gate_number":"8","Street":"520","Block":"8-6","Type":"external","Transport_mode":"النقل التقليدي","Capacity":1212,"Gate_Lat":21.341656,"Gate_Lon":39.987825000000001,"Shape_Length":0.0034297210291385789,"Shape_Area":4.3553528153800126e-07}},{"type":"Feature","id":148,"geometry":{"type":"Polygon","coordinates":[[[39.980255386000124,21.352654009000162],[39.979863308000006,21.352890145000174],[39.979716517000043,21.352978550000103],[39.978786472000081,21.351628565000055],[39.979086012000039,21.351448166000125],[39.979092273000106,21.351444394000168],[39.979327902000136,21.351302489000091],[39.97945592800005,21.351489051000044],[39.979411314000117,21.351515920000054],[39.979442604000042,21.351561515000185],[39.979487217999974,21.351534645000129],[39.979785615000083,21.351969467000004],[39.979904064000038,21.352142070000184],[39.980099672000051,21.352427105000061],[39.980255386000124,21.352654009000162]]]},"properties":{"OBJECTID":148,"camp_label":"39/204","gate_number":"39","Street":"204","Block":"36","Type":"external","Transport_mode":"النقل التقليدي","Capacity":3498,"Gate_Lat":21.351932999999999,"Gate_Lon":39.979761000000003,"Shape_Length":0.0046437504593394678,"Shape_Area":1.0288672015039803e-06}},{"type":"Feature","id":149,"geometry":{"type":"Polygon","coordinates":[[[39.977237771000148,21.354495876000044],[39.977222342000175,21.354473388000144],[39.977246677000153,21.354458733000115],[39.977215387000058,21.354413137000051],[39.97719105200008,21.354427793000013],[39.977174885000068,21.354404235000061],[39.977207333000081,21.354384693000043],[39.977165613000182,21.354323900000054],[39.977133164000065,21.354343440000093],[39.977049725000029,21.35422185300007],[39.977080957000112,21.354203043999973],[39.977023594000059,21.354119451000088],[39.976992363000079,21.354138259000081],[39.976979324000126,21.354119262000154],[39.977011775000108,21.354099720000136],[39.976972660000115,21.354042726000046],[39.976940213000034,21.354062266000085],[39.976888064000036,21.353986273000089],[39.976920513000152,21.35396673300005],[39.976873576999992,21.353898338000192],[39.976841128999979,21.35391788000004],[39.976697719000015,21.35370889800015],[39.976730169000064,21.353689358000111],[39.976672805000078,21.353605766000157],[39.976640356000189,21.353625307000073],[39.976408295000056,21.353287136000063],[39.976440742000193,21.353267596000023],[39.976399024000102,21.353206801000056],[39.976366577000192,21.353226343000074],[39.976301349000096,21.353131289000032],[39.976557446000072,21.352977059000068],[39.976622552000094,21.352990194000029],[39.977016756000069,21.353069729000083],[39.977733776000036,21.353673955000033],[39.978063400000167,21.35395172799997],[39.978086187000144,21.353984934000096],[39.977784784000164,21.354166453000062],[39.9775339790001,21.354317496000078],[39.977237771000148,21.354495876000044]]]},"properties":{"OBJECTID":149,"camp_label":"24/206","gate_number":"24","Street":"206","Block":"37","Type":"external","Transport_mode":"النقل التقليدي","Capacity":3898,"Gate_Lat":21.353404999999999,"Gate_Lon":39.977415000000001,"Shape_Length":0.0053303998592207193,"Shape_Area":1.2125898574633664e-06}},{"type":"Feature","id":150,"geometry":{"type":"Polygon","coordinates":[[[39.984453809000172,21.371170289000133],[39.984261531000072,21.371305672000005],[39.984069584000054,21.371065222000027],[39.983827020999968,21.371213992000094],[39.983816183000158,21.371198250000191],[39.983773696000128,21.371223964000023],[39.983730009000112,21.371160662000136],[39.983632409000052,21.371013854000068],[39.983400675000041,21.371144682000022],[39.98302469000015,21.370598196000117],[39.982773853000083,21.370751767000115],[39.982707614000162,21.370656134000114],[39.983179880000193,21.37036382000008],[39.983290486000101,21.370293882000169],[39.983595293000178,21.370104269000024],[39.983691082000178,21.370047315000079],[39.983758672000079,21.370143497000072],[39.984000748000085,21.369994904999999],[39.984079815000143,21.370109979000119],[39.984648975000141,21.370894614000122],[39.984716604000141,21.370989985000108],[39.984453809000172,21.371170289000133]]]},"properties":{"OBJECTID":150,"camp_label":"14/620","gate_number":"14","Street":"620","Block":"100A","Type":"external","Transport_mode":"النقل الترددي","Capacity":4597,"Gate_Lat":21.371169999999999,"Gate_Lon":39.984453999999999,"Shape_Length":0.0055921018265272671,"Shape_Area":1.3201660910148466e-06}},{"type":"Feature","id":151,"geometry":{"type":"Polygon","coordinates":[[[39.980141723000088,21.354045443000189],[39.979691231000118,21.353393107000045],[39.979714693000062,21.353308969000182],[39.980140052000024,21.353051302000097],[39.980395918000056,21.352896310000062],[39.980635473000063,21.35324071600013],[39.980891663000136,21.353083354000091],[39.980996676000188,21.353231702000073],[39.980876211000066,21.353304670999989],[39.981041154000138,21.353543640000169],[39.981024956000056,21.353553452000085],[39.980898944000103,21.353629787999978],[39.980657508000036,21.353776038000035],[39.980449989000192,21.353901735000022],[39.980405721000068,21.353928557000131],[39.980259681000064,21.354017013000146],[39.980238729000121,21.3539866590001],[39.980141723000088,21.354045443000189]]]},"properties":{"OBJECTID":151,"camp_label":"16/206","gate_number":"16","Street":"206","Block":"37","Type":"external","Transport_mode":"النقل التقليدي","Capacity":4104,"Gate_Lat":21.353666,"Gate_Lon":39.979880000000001,"Shape_Length":0.0040737045884322014,"Shape_Area":8.6311089134557193e-07}},{"type":"Feature","id":152,"geometry":{"type":"MultiPolygon","coordinates":[[[[39.974610492000068,21.345125578000136],[39.974383921000083,21.345265305000055],[39.974366179000015,21.345238995000045],[39.973951148000083,21.344628237000109],[39.974178504000065,21.344490237000059],[39.974610492000068,21.345125578000136]]],[[[39.974767271000189,21.346015432000058],[39.974742219000063,21.346055241000045],[39.974701394000135,21.346077077000075],[39.974651654000127,21.346108265000169],[39.97458943200013,21.346147271000063],[39.974329821000026,21.345754845000101],[39.974106488000132,21.345893633000173],[39.973624379000114,21.345194346000142],[39.973440169000128,21.344930475000069],[39.97366895000016,21.344799646000183],[39.97367049200011,21.344800105000104],[39.973684133000063,21.344791996000083],[39.973932162000096,21.34464460200013],[39.974003129000039,21.344749144000104],[39.974222761000078,21.345072699000127],[39.974353611000083,21.345265466000171],[39.974278397000035,21.345310689000087],[39.974767271000189,21.346015432000058]]]]},"properties":{"OBJECTID":152,"camp_label":"21/206","gate_number":"21","Street":"206","Block":"34","Type":"external","Transport_mode":"النقل التقليدي","Capacity":3388,"Gate_Lat":21.346128,"Gate_Lon":39.974620999999999,"Shape_Length":0.0064661443907592011,"Shape_Area":9.2342251549980509e-07}},{"type":"Feature","id":153,"geometry":{"type":"Polygon","coordinates":[[[39.984946823000087,21.348143226000047],[39.984710828000175,21.348284922000062],[39.984143656000185,21.34748756800019],[39.984390930000188,21.347340396000106],[39.984130800000173,21.346968102000176],[39.984161664000055,21.346949206000033],[39.984175334000099,21.34697116600006],[39.984322019999979,21.346880827000177],[39.984360858000173,21.346936634000087],[39.984416262000138,21.346902711000041],[39.985182818000169,21.34800153000009],[39.984946823000087,21.348143226000047]]]},"properties":{"OBJECTID":153,"camp_label":"13/50","gate_number":"13","Street":"50","Block":"50","Type":"external","Transport_mode":"النقل التقليدي","Capacity":2632,"Gate_Lat":21.348181,"Gate_Lon":39.984883000000004,"Shape_Length":0.0039780215700249153,"Shape_Area":6.5409754154242972e-07}},{"type":"Feature","id":154,"geometry":{"type":"MultiPolygon","coordinates":[[[[39.980031956000118,21.346154777000152],[39.979839545999994,21.346270812000057],[39.979037301000176,21.345103256000073],[39.979053518000171,21.345093475000056],[39.979074394000122,21.345123861000104],[39.97911899200011,21.345096964999982],[39.97909811300002,21.345066580000037],[39.979166628000144,21.345025261000103],[39.979223386000001,21.34499103100012],[39.979205119000028,21.344964445000073],[39.979231518000176,21.344948520000059],[39.97939046800019,21.345179448000181],[39.979483273000142,21.34511551300011],[39.979618241000082,21.345312090000107],[39.979522381000152,21.345371091000118],[39.979535540000086,21.34536311300019],[39.979987516000165,21.346029933000125],[39.980194842999992,21.345904819000054],[39.980262787000129,21.346006351000085],[39.980267262000041,21.346012865000091],[39.980031956000118,21.346154777000152]]],[[[39.979226650000101,21.345562422000057],[39.979513071000099,21.345979262000071],[39.979759792000152,21.346338338000123],[39.979579097000055,21.34645367700017],[39.979329910000104,21.346092240000189],[39.979038068000136,21.345678893000184],[39.978990464000105,21.345611475000112],[39.979180737000149,21.345495594000056],[39.979226650000101,21.345562422000057]]]]},"properties":{"OBJECTID":154,"camp_label":"1/628","gate_number":"1","Street":"628","Block":"104A","Type":"external","Transport_mode":"النقل التقليدي","Capacity":2431,"Gate_Lat":21.346155,"Gate_Lon":39.980032000000001,"Shape_Length":0.006694639136976108,"Shape_Area":6.4230590804806946e-07}},{"type":"Feature","id":155,"geometry":{"type":"Polygon","coordinates":[[[39.986520337000059,21.342873880000184],[39.986662154000157,21.343082377000087],[39.986167532000081,21.343380047000039],[39.985663361000036,21.343683463000104],[39.985622591000038,21.343708954000192],[39.985479243999976,21.343485427000076],[39.985669104000067,21.343361678000065],[39.985620672000152,21.343292758000189],[39.985721675000093,21.34323075500015],[39.985543737000114,21.342961227000046],[39.985246502000109,21.343131675000109],[39.984982977000072,21.342809196000132],[39.985155658000053,21.342632993000052],[39.985333027000081,21.34245200700019],[39.985404796000068,21.342378774000053],[39.985434518000034,21.342406066000024],[39.985473077000108,21.342369955000152],[39.985441826999988,21.342340668000134],[39.985490537000146,21.342290252000055],[39.985729221000156,21.342483253000125],[39.985854662000179,21.34239650000012],[39.98604506900017,21.342660600000102],[39.986279222999997,21.342519396000171],[39.986360712000078,21.342639201000054],[39.986435736000089,21.342749500000025],[39.986520337000059,21.342873880000184]]]},"properties":{"OBJECTID":155,"camp_label":"2/207","gate_number":"2","Street":"207","Block":"88B","Type":"external","Transport_mode":"النقل التقليدي","Capacity":4466,"Gate_Lat":21.343620999999999,"Gate_Lon":39.985767000000003,"Shape_Length":0.0055389078666892742,"Shape_Area":1.1333089817457156e-06}},{"type":"Feature","id":156,"geometry":{"type":"Polygon","coordinates":[[[39.978969950000192,21.346114502999967],[39.979314478999981,21.34662258200018],[39.979101331000152,21.346758628000089],[39.978975046000073,21.346582652000109],[39.978831646000117,21.346669131000056],[39.978787280000176,21.346604561000049],[39.978685923000057,21.346665685000119],[39.978487580000092,21.346377023000059],[39.978249672000118,21.346520497000029],[39.978213135000033,21.346467322000137],[39.978232114000093,21.346455876000107],[39.978221676000089,21.346440683000139],[39.978202698000132,21.346452131000035],[39.978051522000044,21.346232112000052],[39.978289430000189,21.346088642000097],[39.978011560000141,21.345684235000078],[39.978254815000071,21.345537540000123],[39.978278299000067,21.345571717000041],[39.978565387000003,21.34600727600008],[39.978800273000104,21.345860140000184],[39.978969950000192,21.346114502999967]]]},"properties":{"OBJECTID":156,"camp_label":"3/616","gate_number":"3","Street":"616","Block":"104A","Type":"external","Transport_mode":"النقل التقليدي","Capacity":3120,"Gate_Lat":21.346378000000001,"Gate_Lon":39.978150999999997,"Shape_Length":0.0046684008732015593,"Shape_Area":6.8518568992775083e-07}},{"type":"Feature","id":157,"geometry":{"type":"Polygon","coordinates":[[[39.981507762000035,21.345222136000132],[39.981103334000125,21.345466037000165],[39.980756333000102,21.345675302000132],[39.979968177000103,21.344528262000097],[39.980046828000127,21.344480828000087],[39.980063530000052,21.344505139000034],[39.980110559000138,21.344476777000182],[39.980083416000127,21.344437275000132],[39.980460785000162,21.344209689000138],[39.980623353000112,21.344446082000047],[39.980866083000137,21.344295480000028],[39.981507762000035,21.345222136000132]]]},"properties":{"OBJECTID":157,"camp_label":"3/639","gate_number":"3","Street":"639","Block":"111","Type":"external","Transport_mode":"النقل التقليدي","Capacity":4738,"Gate_Lat":21.344987,"Gate_Lon":39.980283,"Shape_Length":0.0046337884096357964,"Shape_Area":1.1460986103644774e-06}},{"type":"Feature","id":158,"geometry":{"type":"Polygon","coordinates":[[[39.979465585000071,21.346515194000176],[39.979470807000155,21.346522796000102],[39.979314478999981,21.34662258200018],[39.978800273000104,21.345860140000184],[39.978567866000162,21.346005824000144],[39.978278299000067,21.345571717000041],[39.97842425500005,21.345483706000095],[39.978429474000052,21.345491303000131],[39.978478125000095,21.345461963000162],[39.978449417000036,21.345420182000169],[39.978506176000167,21.345385953000118],[39.978555761000109,21.345458120000103],[39.9786652250001,21.34539210600019],[39.978615639999987,21.345319939000149],[39.978644019000114,21.345302826000079],[39.978659677000167,21.345325615000093],[39.978716436000184,21.345291385999985],[39.978708607000158,21.345279991000041],[39.978746794000187,21.345256959000096],[39.978773474000093,21.345240873000023],[39.978765645000067,21.345229478000022],[39.978929840000092,21.345130457000096],[39.978992431000165,21.345221545000186],[39.979180737000149,21.345495594000056],[39.978990464000105,21.345611475000112],[39.979038067000033,21.34567889200008],[39.979329910000104,21.346092240000189],[39.979579097000055,21.34645367700017],[39.979518847000065,21.346492131000161],[39.979513416000032,21.346484662000137],[39.979465585000071,21.346515194000176]]]},"properties":{"OBJECTID":158,"camp_label":"5/616","gate_number":"5","Street":"616","Block":"104A","Type":"external","Transport_mode":"النقل التقليدي","Capacity":2527,"Gate_Lat":21.346547999999999,"Gate_Lon":39.979430999999998,"Shape_Length":0.0048198370450243389,"Shape_Area":6.7405194035793863e-07}},{"type":"Feature","id":159,"geometry":{"type":"Polygon","coordinates":[[[39.979987516000165,21.346029933000125],[39.979535540000086,21.34536311300019],[39.979566920000025,21.345344086000125],[39.979618241000082,21.345312090000107],[39.979483273000142,21.34511551300011],[39.97939046800019,21.345179448000181],[39.979231518000176,21.344948520000059],[39.979461883000113,21.344809595000186],[39.979574049000178,21.344741954000028],[39.97959336200006,21.344770061000133],[39.979650120000144,21.34473583100015],[39.979630807000092,21.344707724000045],[39.97971543400007,21.344656686000064],[39.979897571000095,21.344546845000139],[39.980173511000032,21.344948430000045],[39.980713609000134,21.345734464000088],[39.980669014000057,21.345761360000154],[39.980664255000136,21.34575443500006],[39.98062325300009,21.34577821400012],[39.980628473000024,21.345785810000052],[39.980262787000129,21.346006351000085],[39.980194841000184,21.345904820000158],[39.979987516000165,21.346029933000125]]]},"properties":{"OBJECTID":159,"camp_label":"6/25","gate_number":"6","Street":"25","Block":"111","Type":"external","Transport_mode":"النقل التقليدي","Capacity":4260,"Gate_Lat":21.345106000000001,"Gate_Lon":39.980282000000003,"Shape_Length":0.0047296467158274742,"Shape_Area":1.0480857560660527e-06}},{"type":"Feature","id":160,"geometry":{"type":"Polygon","coordinates":[[[39.983015068000043,21.344060587000058],[39.983059787000116,21.344125665000092],[39.982851021000045,21.344283569000027],[39.982696666000152,21.344400310000026],[39.981736429000193,21.343981595000059],[39.981439503000161,21.343852118000143],[39.981223229000193,21.343757807000031],[39.981276318000084,21.343724890999965],[39.98128490300013,21.343737387000147],[39.981349770000122,21.34369826600016],[39.981340654000064,21.34368500100004],[39.981388907000053,21.343655080000133],[39.981414078000114,21.343691714000158],[39.981458674000066,21.343664821000175],[39.981433136000078,21.343627656000024],[39.981723728000134,21.343447480000009],[39.981741421000095,21.343470140000136],[39.981788118000111,21.343438137000078],[39.981772028000023,21.343417532000046],[39.981863307000026,21.343360935000078],[39.98224137800014,21.343501784000068],[39.982506139000122,21.343600420000087],[39.983094159000075,21.34381949200008],[39.983034629000144,21.343855394000059],[39.983081606000042,21.34392375900012],[39.983130255000049,21.343894418000048],[39.983231398000157,21.343906283000081],[39.983276665000119,21.343926797000165],[39.98334234500004,21.343911953000031],[39.983150343000148,21.344057173000124],[39.983112366000114,21.344001904999971],[39.983015068000043,21.344060587000058]]]},"properties":{"OBJECTID":160,"camp_label":"9/202","gate_number":"9","Street":"202","Block":"43","Type":"external","Transport_mode":"النقل التقليدي","Capacity":3720,"Gate_Lat":21.344135000000001,"Gate_Lon":39.982089000000002,"Shape_Length":0.0052334321904986634,"Shape_Area":1.0094724307551961e-06}},{"type":"Feature","id":161,"geometry":{"type":"Polygon","coordinates":[[[39.974938614000052,21.357186503000037],[39.974649335000038,21.357361708000042],[39.973934090000057,21.357794919000071],[39.973843213999999,21.357667411000023],[39.973721167000122,21.357496166000146],[39.97342394900005,21.35707650500018],[39.973723220000011,21.35689524999998],[39.973930605000078,21.357156929000041],[39.97421716700012,21.356983366000179],[39.974009411000168,21.356721913000115],[39.974154517000102,21.356634022000037],[39.974417310000092,21.356474854000055],[39.974516518000144,21.356414768000036],[39.974532227999987,21.35643752600015],[39.974649656000111,21.356366403000038],[39.97479626900008,21.35657882400011],[39.975051371000063,21.356424313000048],[39.974889051000105,21.356189131000122],[39.974961936000057,21.356144985000185],[39.975236836000022,21.356543277000071],[39.975184197000033,21.356575159000045],[39.975202523000121,21.356601713000146],[39.975255163000043,21.356569828999966],[39.975461993000124,21.356869495000069],[39.974938614000052,21.357186503000037]]]},"properties":{"OBJECTID":161,"camp_label":"1/114","gate_number":"1","Street":"114","Block":"11","Type":"external","Transport_mode":"النقل التقليدي","Capacity":4240,"Gate_Lat":21.356490999999998,"Gate_Lon":39.974390999999997,"Shape_Length":0.006708712812441231,"Shape_Area":1.3734514446235493e-06}},{"type":"Feature","id":162,"geometry":{"type":"Polygon","coordinates":[[[39.975927549000062,21.355310381000038],[39.975666083000135,21.355470355000136],[39.975569958000051,21.355330239000068],[39.975526359000128,21.355271087000176],[39.975353836000124,21.355020307000188],[39.975233764000166,21.354844422000156],[39.975016276000076,21.354525837000153],[39.974904776000074,21.354362507000133],[39.974641929000086,21.3539774730001],[39.975122995000106,21.353704153000024],[39.975176890000057,21.353718270000059],[39.975394213000186,21.354034969000054],[39.9753462810001,21.354065862000027],[39.975408858000037,21.354157054000098],[39.975451616000043,21.354129842000134],[39.975473824999995,21.354161393000027],[39.975565540000048,21.354291713000123],[39.976175619000173,21.35515859200018],[39.975927549000062,21.355310381000038]]]},"properties":{"OBJECTID":162,"camp_label":"1/206","gate_number":"1","Street":"206","Block":"33","Type":"external","Transport_mode":"النقل التقليدي","Capacity":2374,"Gate_Lat":21.353850999999999,"Gate_Lon":39.974863999999997,"Shape_Length":0.0048771813015704851,"Shape_Area":1.0557608681970108e-06}},{"type":"Feature","id":163,"geometry":{"type":"Polygon","coordinates":[[[39.974847186000147,21.355958362000081],[39.974591328000088,21.356112445000178],[39.974070718000178,21.356425953000155],[39.973741419000191,21.35594628399997],[39.973994537000181,21.35579186199999],[39.973625913000092,21.355249473000185],[39.973283086000038,21.354780899000104],[39.973814868000147,21.35447404700011],[39.974050010000099,21.354816717000062],[39.973993225000072,21.35485091400011],[39.974076665000041,21.354972502000066],[39.974143183000081,21.354932446000134],[39.974416960000042,21.355331416000126],[39.974358553000116,21.355366587000105],[39.974460243000181,21.355514773999971],[39.974518651000039,21.355479601000184],[39.974622947000114,21.355631588000051],[39.974564540000188,21.355666762000112],[39.974647975999972,21.35578835300015],[39.974706385000104,21.355753179000089],[39.974847186000147,21.355958362000081]]]},"properties":{"OBJECTID":163,"camp_label":"13/206","gate_number":"13","Street":"206","Block":"32","Type":"external","Transport_mode":"النقل التقليدي","Capacity":4572,"Gate_Lat":21.354700000000001,"Gate_Lon":39.973970000000001,"Shape_Length":0.0058590232309193692,"Shape_Area":1.2401651636570938e-06}},{"type":"Feature","id":164,"geometry":{"type":"Polygon","coordinates":[[[39.991199541000185,21.341225611000141],[39.991123455000093,21.341133083000102],[39.991151417000083,21.341109387000131],[39.991112199000042,21.341069295000182],[39.99109087100004,21.341087607000077],[39.991047016000095,21.341042775000119],[39.991055387000131,21.34101790200009],[39.991035841000098,21.34099792100011],[39.991008664999981,21.341003567000087],[39.990996533000043,21.340991164000172],[39.990963584000099,21.340957482000078],[39.990928555000153,21.340885687000082],[39.990926540000032,21.340880522000077],[39.990925379000032,21.340875103000087],[39.990925101000187,21.340869566000094],[39.990925714000184,21.34086405700009],[39.990927201000034,21.34085871800005],[39.990929526000116,21.340853687000106],[39.990932626000188,21.340849092000155],[39.990936423000051,21.340845055000102],[39.991006102000085,21.340780067000026],[39.991124376000073,21.340674318000083],[39.991337436000094,21.340470161000155],[39.991351261000091,21.340455026000086],[39.991362528000082,21.340437901000143],[39.991370954000047,21.340419214000121],[39.991376327000069,21.340399433000186],[39.991378514000132,21.34037905100007],[39.991377462000059,21.340358579000167],[39.991373193000129,21.340338529999997],[39.991295646000026,21.340081772000076],[39.991425944000184,21.33999895400018],[39.991338106000171,21.339877681000189],[39.99123318400018,21.339728004000108],[39.991139947000192,21.33959594800001],[39.991169310000089,21.339613018000023],[39.991200804000187,21.339625731000126],[39.991233789000148,21.339633829000036],[39.991273324000133,21.339640299000052],[39.99131332900015,21.339642395000055],[39.991353323999988,21.339640089000056],[39.991392823000183,21.339633409000044],[39.991494251000063,21.339603292000106],[39.991594124000017,21.33956836700014],[39.991692217000093,21.339528717000064],[39.991788304000124,21.339484429000152],[39.991798090000032,21.339479603000086],[39.991800958000113,21.339478318999966],[39.991829309000025,21.339495297000155],[39.991844945000082,21.33951810200017],[39.991893622000134,21.339488802000062],[39.99186636799999,21.339449056000149],[39.991954026000144,21.33940984100019],[39.992181680000158,21.33930131600016],[39.992181699000071,21.3394982800001],[39.992155864000154,21.339621947000126],[39.992099055000153,21.339745863000076],[39.992012543000101,21.339902562000191],[39.991879254000025,21.340096543000129],[39.992035816000168,21.34031927000018],[39.992128260000186,21.340450782000062],[39.991879609000136,21.340604443000075],[39.991631346000077,21.340759466000009],[39.99169760400008,21.340855973000089],[39.991592046000051,21.340905027000076],[39.991405535000183,21.341044867000107],[39.991199541000185,21.341225611000141]]]},"properties":{"OBJECTID":164,"camp_label":"14/643","gate_number":"14","Street":"643","Block":"122","Type":"external","Transport_mode":"النقل التقليدي","Capacity":3981,"Gate_Lat":21.339637,"Gate_Lon":39.991373000000003,"Shape_Length":0.0060292200738018744,"Shape_Area":1.0947235343358703e-06}},{"type":"Feature","id":165,"geometry":{"type":"Polygon","coordinates":[[[39.977102734000084,21.354614047000155],[39.977015264000102,21.354665317000126],[39.976640048000149,21.354886954999984],[39.976276131000134,21.355101916000137],[39.975965214999974,21.354645600000026],[39.975990478000028,21.354630325000073],[39.975959894000027,21.354587980000076],[39.975941680000119,21.35459894700017],[39.975926293000157,21.354575995000062],[39.975778310000067,21.354370392000192],[39.975366062999967,21.35379762700012],[39.975270685000112,21.353665111000169],[39.975437967000062,21.353568369000129],[39.975592695000103,21.353478891000009],[39.975733453000032,21.353397489000031],[39.976137602000165,21.353163774000166],[39.976167264000082,21.353210101000172],[39.976159336000137,21.353214610000123],[39.976184550000141,21.35324857500018],[39.976201733000039,21.353237378000017],[39.9762446740001,21.353299559000106],[39.976179966000075,21.35334452100011],[39.97621730700007,21.353399195000179],[39.976286779000134,21.353359965000152],[39.976486954000109,21.353658352000025],[39.976447352000037,21.353681825000137],[39.976472995000108,21.353719994000187],[39.976509768000028,21.353697366000063],[39.976606086000174,21.353834733000156],[39.976584749000097,21.353847610000059],[39.976731774000086,21.354061412000192],[39.976691323000011,21.354086844000165],[39.976737976000095,21.354152960000135],[39.97677690300003,21.354130075000114],[39.977102734000084,21.354614047000155]]]},"properties":{"OBJECTID":165,"camp_label":"33/204","gate_number":"33","Street":"204","Block":"37","Type":"external","Transport_mode":"النقل التقليدي","Capacity":4157,"Gate_Lat":21.353342000000001,"Gate_Lon":39.975830000000002,"Shape_Length":0.0058976482618712384,"Shape_Area":1.6941852272382292e-06}},{"type":"Feature","id":166,"geometry":{"type":"Polygon","coordinates":[[[39.980995235000137,21.339010746000099],[39.98100457400011,21.339011575000086],[39.981319407000171,21.339039589000095],[39.981754648000049,21.339715050000109],[39.981576337000092,21.339811928000131],[39.98151651400002,21.339807380000138],[39.981495269000163,21.339805763000072],[39.981298632000119,21.339790807999975],[39.980459140000107,21.339726953000138],[39.980587308000054,21.338974450000137],[39.980995235000137,21.339010746000099]]]},"properties":{"OBJECTID":166,"camp_label":"4/533","gate_number":"4","Street":"533","Block":"7-9A","Type":"external","Transport_mode":"النقل التقليدي","Capacity":3024,"Gate_Lat":21.339756999999999,"Gate_Lon":39.980848999999999,"Shape_Length":0.003625227591741215,"Shape_Area":7.8144416795791619e-07}},{"type":"Feature","id":167,"geometry":{"type":"MultiPolygon","coordinates":[[[[39.985314061999986,21.345883186000151],[39.985332361000189,21.34590829300015],[39.985146511000096,21.346021681000138],[39.984202304000064,21.34466929000007],[39.984026679000181,21.344764592000104],[39.983855437000045,21.344568068000001],[39.984060317000115,21.344343556000126],[39.984390913000084,21.344545556000128],[39.984824262000188,21.344883920000029],[39.984933006999995,21.344978944000104],[39.985110007000117,21.345132899000134],[39.985341476000144,21.345373261000134],[39.985508484000093,21.345570021000071],[39.985583819000055,21.345710492000023],[39.985505488000058,21.345807384000068],[39.98541776400009,21.345855182000093],[39.985401001000184,21.345831937000071],[39.985314061999986,21.345883186000151]]],[[[39.984273282000061,21.346532669000112],[39.984252138000102,21.346504867000135],[39.984241424000061,21.346512577000055],[39.98393926500006,21.346049377000099],[39.984455435000086,21.345749826000088],[39.984737628999994,21.345586064000031],[39.98509595500019,21.346056283000166],[39.984775033000062,21.346235927000066],[39.98462688799998,21.346318848000124],[39.98460734300005,21.346290346000046],[39.984566775000076,21.346314757000016],[39.98458631900013,21.346343262000175],[39.984471603000031,21.346411487000069],[39.984454924000147,21.346385535000024],[39.984398998000131,21.346419873000059],[39.984416087000056,21.346447212000101],[39.984273282000061,21.346532669000112]]]]},"properties":{"OBJECTID":167,"camp_label":"4/62","gate_number":"4","Street":"62","Block":"49","Type":"external","Transport_mode":"النقل التقليدي","Capacity":3811,"Gate_Lat":21.345261000000001,"Gate_Lon":39.984614999999998,"Shape_Length":0.0082821130239435492,"Shape_Area":1.3798135645836679e-06}},{"type":"Feature","id":168,"geometry":{"type":"Polygon","coordinates":[[[39.981592979000084,21.345462194000106],[39.982150652000087,21.346274126000139],[39.981901508000078,21.346423782000102],[39.982095972000025,21.346700018000035],[39.9816538930001,21.346969128000069],[39.98144374300017,21.346658324000146],[39.980950623000183,21.345929019000096],[39.980977103999976,21.34586500000006],[39.981592979000084,21.345462194000106]]]},"properties":{"OBJECTID":168,"camp_label":"5/202","gate_number":"5","Street":"202","Block":"43","Type":"external","Transport_mode":"النقل التقليدي","Capacity":3512,"Gate_Lat":21.346295999999999,"Gate_Lon":39.981198999999997,"Shape_Length":0.0041917445775548519,"Shape_Area":9.4587057732296605e-07}},{"type":"Feature","id":169,"geometry":{"type":"Polygon","coordinates":[[[39.973562056000048,21.356732265999995],[39.973312089000046,21.356882793000125],[39.972749498000098,21.357221571000082],[39.972427261000178,21.356261098999994],[39.972516497000129,21.356207363000181],[39.972404380000171,21.356043977000184],[39.972388476000106,21.356053551000059],[39.972316670000168,21.355817142000149],[39.97218078700007,21.355608292999989],[39.972090285000036,21.355469182000149],[39.972543972000153,21.355207390000146],[39.972789603000138,21.355065650000142],[39.973222297000063,21.35569549100012],[39.9730304200001,21.355813813000111],[39.972969008000177,21.355851683000083],[39.973562056000048,21.356732265999995]]]},"properties":{"OBJECTID":169,"camp_label":"5/206","gate_number":"5","Street":"206","Block":"32","Type":"external","Transport_mode":"النقل التقليدي","Capacity":4944,"Gate_Lat":21.355270000000001,"Gate_Lon":39.972434999999997,"Shape_Length":0.0058754577719214935,"Shape_Area":1.4910574811493593e-06}},{"type":"Feature","id":170,"geometry":{"type":"Polygon","coordinates":[[[39.973625915000071,21.35524947100015],[39.973994537000181,21.35579186199999],[39.973741421000057,21.355946282000161],[39.974070718000178,21.356425953000155],[39.973816992000138,21.356578747000185],[39.973562056000048,21.356732265999995],[39.972969008000177,21.355851683000083],[39.9730304200001,21.355813813000111],[39.973222297000063,21.35569549100012],[39.972891800000184,21.355204622000088],[39.972789603000138,21.355065650000142],[39.973283086000038,21.354780899000104],[39.973625915000071,21.35524947100015]]]},"properties":{"OBJECTID":170,"camp_label":"7/206","gate_number":"7","Street":"206","Block":"32","Type":"external","Transport_mode":"النقل التقليدي","Capacity":4547,"Gate_Lat":21.354917,"Gate_Lon":39.973047000000001,"Shape_Length":0.0054017407175983717,"Shape_Area":1.2061669282232454e-06}},{"type":"Feature","id":171,"geometry":{"type":"Polygon","coordinates":[[[39.977019399000028,21.346018289000028],[39.97703892300018,21.346047081999984],[39.976925037000171,21.346115627000074],[39.976828646000115,21.345975156000122],[39.976619977000155,21.345677829000124],[39.976412569000047,21.34537337200004],[39.97665624800004,21.345226903000082],[39.97681439400003,21.345131848000108],[39.976827904000061,21.345151144000113],[39.976886298000068,21.345114986000169],[39.97687328700016,21.345096387000126],[39.97700250000014,21.345013784000116],[39.977115619000131,21.345114933000048],[39.977047259000187,21.345161700000119],[39.977098189000117,21.345228024999983],[39.977164167000069,21.345189420999986],[39.977328960000136,21.345435836000036],[39.977474406000056,21.345648199000152],[39.97751461200005,21.345714362000024],[39.977524206000112,21.345744803000116],[39.977519285000142,21.345759212000189],[39.977439504000017,21.345807457000149],[39.977097908000189,21.346011796000084],[39.977078492000032,21.345983144000058],[39.977019399000028,21.346018289000028]]]},"properties":{"OBJECTID":171,"camp_label":"16/68","gate_number":"16","Street":"68","Block":"39A","Type":"external","Transport_mode":"النقل التقليدي","Capacity":2053,"Gate_Lat":21.345918999999999,"Gate_Lon":39.977252,"Shape_Length":0.0034745163762302097,"Shape_Area":6.3746128283646027e-07}},{"type":"Feature","id":172,"geometry":{"type":"Polygon","coordinates":[[[39.979238115000101,21.349528978000137],[39.97923165200018,21.349556276000101],[39.97898615500003,21.349703851000129],[39.978886305999993,21.349564794000116],[39.978330766000056,21.348791097000117],[39.978075920000094,21.348960508000175],[39.977765460000171,21.348533875000157],[39.977636435000079,21.348355082000182],[39.97744824300014,21.348059678000084],[39.97751789400013,21.348015433000057],[39.977666773000124,21.347920861000034],[39.977912618000119,21.347764678000033],[39.978713501000186,21.348811248999993],[39.979238115000101,21.349528978000137]]]},"properties":{"OBJECTID":172,"camp_label":"29/68","gate_number":"29","Street":"68","Block":"30","Type":"external","Transport_mode":"النقل التقليدي","Capacity":3656,"Gate_Lat":21.347902999999999,"Gate_Lon":39.977694999999997,"Shape_Length":0.0055995895756956989,"Shape_Area":9.7556874193291873e-07}},{"type":"Feature","id":173,"geometry":{"type":"MultiPolygon","coordinates":[[[[39.980552851000141,21.35489208100006],[39.980287691000058,21.355052703000069],[39.980169613000044,21.355124444000012],[39.980120063000072,21.355054765000034],[39.97999804300008,21.355130539000072],[39.979721220000158,21.354724466000164],[39.979842281000174,21.354650879000189],[39.979965253000046,21.354576695999981],[39.980226101000142,21.35441869400006],[39.980552851000141,21.35489208100006]]],[[[39.973186291000104,21.358247834000167],[39.973173201000066,21.358228867000093],[39.973152953000181,21.358241129000078],[39.97307625500008,21.358130001999996],[39.972866375000081,21.357414215000063],[39.973159227000167,21.357236839000109],[39.97340871200015,21.357085735000055],[39.97342394900005,21.35707650500018],[39.973552182000105,21.357259063000186],[39.973302203000117,21.357406411999989],[39.973493329000121,21.357670671000108],[39.973636026999998,21.357581776000131],[39.973706262000064,21.357690696000077],[39.973552251000172,21.357785485000022],[39.973670918000153,21.357954313000164],[39.973649321000039,21.357967393000138],[39.973395981000067,21.358120835000079],[39.973186291000104,21.358247834000167]]]]},"properties":{"OBJECTID":173,"camp_label":"2/116","gate_number":"2","Street":"116","Block":"16","Type":"external","Transport_mode":"النقل التقليدي","Capacity":1184,"Gate_Lat":21.357137000000002,"Gate_Lon":39.973323999999998,"Shape_Length":0.0060046760328376705,"Shape_Area":8.5387871598683041e-07}},{"type":"Feature","id":174,"geometry":{"type":"Polygon","coordinates":[[[39.98491017300006,21.369183766000162],[39.984849651000047,21.369103699000163],[39.984599729000138,21.369253842999967],[39.984530820000032,21.369148250000023],[39.984447093000142,21.36919896600017],[39.984380655000166,21.369108110000127],[39.984345351000059,21.369130438000184],[39.984291747000043,21.369054169000151],[39.984214131000044,21.369102762000182],[39.984058089000087,21.368876902000181],[39.983951167000157,21.368942069000127],[39.983770593000088,21.368675471000074],[39.984184397000092,21.368418839000185],[39.984184274000143,21.368418674000054],[39.984569006000186,21.368180724000126],[39.984807194000155,21.368530662000126],[39.985046356000055,21.368380750000142],[39.985398785000029,21.36888216400007],[39.985140357000091,21.36904114400005],[39.985140313000102,21.369041171000163],[39.98491017300006,21.369183766000162]]]},"properties":{"OBJECTID":174,"camp_label":"21/608","gate_number":"21","Street":"608","Block":"97","Type":"external","Transport_mode":"النقل الترددي","Capacity":6884,"Gate_Lat":21.368395,"Gate_Lon":39.984223,"Shape_Length":0.0045089066562936609,"Shape_Area":9.4766849752865403e-07}},{"type":"Feature","id":175,"geometry":{"type":"Polygon","coordinates":[[[39.974407565999968,21.354014187000075],[39.974153672000114,21.35415542100003],[39.973861881000062,21.354317732000084],[39.97377390500003,21.354190620000054],[39.973812615000043,21.354168381000079],[39.973813707000147,21.354167805000031],[39.973576347000062,21.353820739000071],[39.973524022000049,21.353847986000119],[39.973479369000188,21.353790429000071],[39.97355681200014,21.353737704000025],[39.973615902000063,21.353697473000182],[39.973727822000058,21.353516115000104],[39.973700984000175,21.353475571000104],[39.973564023999984,21.353386273000183],[39.973505496000143,21.353371697000057],[39.973879829000111,21.353148636000128],[39.973888505000104,21.353160775000163],[39.973938899000188,21.353131117000032],[39.973997578000194,21.353096371000163],[39.974013808999985,21.353114893000111],[39.974089316000118,21.353069334000168],[39.974070961000109,21.353042637000158],[39.974347410000178,21.352872495000156],[39.974943482000128,21.353715563000094],[39.974896618000116,21.353742129000125],[39.974407565999968,21.354014187000075]]]},"properties":{"OBJECTID":175,"camp_label":"9/62","gate_number":"9","Street":"62","Block":"41","Type":"external","Transport_mode":"النقل التقليدي","Capacity":4404,"Gate_Lat":21.353777000000001,"Gate_Lon":39.974834000000001,"Shape_Length":0.0047210999094581679,"Shape_Area":1.1205979495544866e-06}},{"type":"Feature","id":176,"geometry":{"type":"Polygon","coordinates":[[[39.976496227000041,21.35185674100012],[39.976989195000158,21.352575152000156],[39.976574478000032,21.35282934300011],[39.976075267000056,21.352727064000078],[39.975821916000143,21.35236431800007],[39.976041413000075,21.35222978000013],[39.97602280600006,21.352203150000094],[39.975863067000091,21.351974424000161],[39.976051611000059,21.351859923000177],[39.976085294000086,21.35190814900011],[39.97613128900008,21.351879953000093],[39.976112746000013,21.351853401000028],[39.976161298000136,21.351823914000136],[39.976179710000054,21.351850278000029],[39.976225707000083,21.351822085000094],[39.976192412000046,21.351774414000147],[39.976613275000147,21.351518817000056],[39.976689274000137,21.351632194000103],[39.976446008000096,21.351783555999987],[39.976496227000041,21.35185674100012]]]},"properties":{"OBJECTID":176,"camp_label":"14/204","gate_number":"14","Street":"204","Block":"41","Type":"external","Transport_mode":"النقل التقليدي","Capacity":3182,"Gate_Lat":21.352748999999999,"Gate_Lon":39.976705000000003,"Shape_Length":0.0044496268379630825,"Shape_Area":8.1705715431682324e-07}},{"type":"Feature","id":177,"geometry":{"type":"Polygon","coordinates":[[[39.975896244000069,21.352843012999983],[39.975962346000188,21.352927723000107],[39.975720874000103,21.353080740000053],[39.975807409000083,21.35320763500016],[39.975813521000077,21.353215458000022],[39.975220518000128,21.353556330000117],[39.975187000000176,21.35357559400012],[39.974943482000128,21.353715563000094],[39.974749755000175,21.353441035000117],[39.974389901000052,21.352931085000023],[39.974445103000164,21.352897781000081],[39.974412108000024,21.35284979100004],[39.974610356000085,21.352734530000191],[39.97464117100003,21.352779349000059],[39.974730352000051,21.352725537000026],[39.974699942000029,21.352677598000071],[39.974854059000052,21.35258423199997],[39.974929739000117,21.352536984000153],[39.975124539000092,21.352415361000169],[39.975163958000053,21.352380445999984],[39.975366169000154,21.352264834000039],[39.975493154000105,21.352454325000167],[39.975555158000077,21.352416567000091],[39.975532794000173,21.352379473000042],[39.975575196000136,21.352355342000067],[39.975896244000069,21.352843012999983]]]},"properties":{"OBJECTID":177,"camp_label":"12/204","gate_number":"12","Street":"204","Block":"41","Type":"external","Transport_mode":"النقل التقليدي","Capacity":3888,"Gate_Lat":21.353362000000001,"Gate_Lon":39.975557999999999,"Shape_Length":0.0048491647252904835,"Shape_Area":1.2523393953731254e-06}},{"type":"Feature","id":178,"geometry":{"type":"MultiPolygon","coordinates":[[[[39.980784685000174,21.340767228000118],[39.980388925000113,21.341141138000182],[39.980196576000083,21.341126712000062],[39.980257726000161,21.340805953000029],[39.980299744999968,21.340586933000054],[39.980366329000162,21.340211178000118],[39.980438602000049,21.339799307000078],[39.980490652000071,21.339804937000167],[39.980909759000042,21.339850284000136],[39.981161090000114,21.339872579000087],[39.981439481000166,21.339898208000022],[39.981471315000135,21.339898908000066],[39.981513331000031,21.339903631000027],[39.9814732050001,21.340070711000124],[39.981439117000093,21.340165933000037],[39.981218635000175,21.340367360000073],[39.981055340000069,21.340516537000099],[39.980975528000045,21.340586405000181],[39.980784685000174,21.340767228000118]],[[39.980688682000107,21.340557205000096],[39.980672647000119,21.340676383000186],[39.980752477000124,21.340682549000121],[39.980776704000107,21.340520124000136],[39.980737134000037,21.340515927000013],[39.980694841000172,21.340511440000114],[39.980688682000107,21.340557205000096]]],[[[39.981344625000133,21.340594053000132],[39.981250441000157,21.340978099999973],[39.98119546200013,21.341198432000112],[39.981036049000181,21.341185640000106],[39.980432804000088,21.341143772000009],[39.980553243000031,21.341031316000112],[39.980782617000159,21.340816785000072],[39.981000431000041,21.340611474000013],[39.981428598000036,21.340212241000131],[39.981344625000133,21.340594053000132]]]]},"properties":{"OBJECTID":178,"camp_label":"12/518","gate_number":"12","Street":"518","Block":"7-5","Type":"external","Transport_mode":"النقل التقليدي","Capacity":1257,"Gate_Lat":21.340826,"Gate_Lon":39.981287999999999,"Shape_Length":0.0079630473965897723,"Shape_Area":1.3168653116073608e-06}},{"type":"Feature","id":179,"geometry":{"type":"Polygon","coordinates":[[[39.977736459000027,21.352117112000087],[39.977501372000177,21.352261203000182],[39.977476021000143,21.352276749000055],[39.977442219000181,21.35229746400006],[39.97723449200015,21.352424793000012],[39.976989195000158,21.352575152000156],[39.976446008000096,21.351783555999987],[39.976689274000137,21.351632194000103],[39.97661327600008,21.351518820000138],[39.976796077000188,21.351407807999976],[39.976827705000119,21.351453090000177],[39.976850666000189,21.351439013000174],[39.976873702000091,21.351424895999969],[39.976842202000171,21.351379796000174],[39.976862966000112,21.351367180000182],[39.976882199000045,21.351355503000036],[39.976975053000047,21.351299115000131],[39.977109872000142,21.351218532000132],[39.977126550999969,21.351208572000019],[39.977244030000008,21.351138362000086],[39.977275789000089,21.351183835000029],[39.977320172000134,21.351156629000116],[39.977288747999978,21.351111638000191],[39.977341498000101,21.351080109000179],[39.977360050000016,21.351069021000114],[39.977527963000171,21.351306209000029],[39.977612666000141,21.35142414000012],[39.977674048000097,21.351511062000043],[39.977810438000176,21.351704203000111],[39.977557093000087,21.351855366000109],[39.977736459000027,21.352117112000087]]]},"properties":{"OBJECTID":179,"camp_label":"11/62","gate_number":"11","Street":"62","Block":"41","Type":"external","Transport_mode":"النقل التقليدي","Capacity":4286,"Gate_Lat":21.352450000000001,"Gate_Lon":39.977193,"Shape_Length":0.0047428118721006222,"Shape_Area":1.1400483740585825e-06}},{"type":"Feature","id":180,"geometry":{"type":"Polygon","coordinates":[[[39.979157925000038,21.362807898000028],[39.979691474000049,21.36250873400013],[39.979811687000108,21.36271161000019],[39.980748319000156,21.364112781000074],[39.980671843000039,21.364156460000004],[39.980264279999972,21.364409325000054],[39.979492765000032,21.36329058400014],[39.979266329000097,21.363417601000094],[39.979072130000134,21.363127953000117],[39.979285569000126,21.363002439000184],[39.979157925000038,21.362807898000028]]]},"properties":{"OBJECTID":180,"camp_label":"9/552","gate_number":"9","Street":"552","Block":"9-6","Type":"external","Transport_mode":"النقل الترددي","Capacity":4368,"Gate_Lat":21.362711000000001,"Gate_Lon":39.979331000000002,"Shape_Length":0.0055482309410813295,"Shape_Area":1.2156077227170419e-06}},{"type":"Feature","id":181,"geometry":{"type":"Polygon","coordinates":[[[39.984293355000034,21.33821861600012],[39.984288722000088,21.338278685000034],[39.984294581000142,21.338332423000054],[39.984326960000033,21.338494180000168],[39.984373936000054,21.338728925000169],[39.984374203000129,21.338768572000163],[39.983915158000059,21.338728640000056],[39.983721090000188,21.338712465000015],[39.983747767000182,21.338449633000153],[39.983777180000061,21.338151371000151],[39.983803121000165,21.338015068000175],[39.983837393000158,21.337834992000182],[39.983910956000102,21.337837261000118],[39.983970740000075,21.337841948000062],[39.98399432500014,21.337614303000123],[39.984201407000057,21.337626342000135],[39.984245502000078,21.337649659000192],[39.984264697000128,21.337694128000066],[39.984265262000122,21.337705605000053],[39.984293355000034,21.33821861600012]]]},"properties":{"OBJECTID":181,"camp_label":"71/62","gate_number":"71","Street":"62","Block":"7-14","Type":"external","Transport_mode":"النقل التقليدي","Capacity":1132,"Gate_Lat":21.338305999999999,"Gate_Lon":39.984292000000003,"Shape_Length":0.0032932316061277775,"Shape_Area":5.4677757491402602e-07}},{"type":"Feature","id":182,"geometry":{"type":"Polygon","coordinates":[[[39.992285588000072,21.344779509000034],[39.992381216000126,21.344917476000148],[39.992129932000125,21.345075827000187],[39.992206258000067,21.345181403000083],[39.991957453000168,21.345329085000003],[39.991898569000114,21.345244215000093],[39.991820002000054,21.345130976000064],[39.991759493000131,21.345043764000138],[39.991686005000076,21.344937844000071],[39.991574771000103,21.344777522000129],[39.991353189999984,21.344458153000062],[39.991607384000076,21.344304592000071],[39.991853403000107,21.344155969000099],[39.99195608600013,21.344304117000149],[39.992285588000072,21.344779509000034]]]},"properties":{"OBJECTID":182,"camp_label":"12/520","gate_number":"12","Street":"520","Block":"8-7","Type":"external","Transport_mode":"النقل التقليدي","Capacity":1932,"Gate_Lat":21.344359000000001,"Gate_Lon":39.991517999999999,"Shape_Length":0.0032875986873954219,"Shape_Area":5.7970664946444332e-07}},{"type":"Feature","id":183,"geometry":{"type":"MultiPolygon","coordinates":[[[[39.993827276000047,21.342397188000177],[39.993354732000057,21.342696858000124],[39.993161738000083,21.342680789000099],[39.992707672000165,21.342086848000065],[39.992908846000091,21.34195371300018],[39.992968528000063,21.341950491999967],[39.993048542000111,21.342011689000174],[39.993271867000033,21.342212591000077],[39.993334899000104,21.342252374999987],[39.993394657000067,21.342260627000144],[39.993457341999999,21.342248783000059],[39.993515309000088,21.342218322000122],[39.993641907000097,21.342150164000145],[39.993827276000047,21.342397188000177]]],[[[39.99392428200008,21.342788592000034],[39.993478351000078,21.343057404000092],[39.9934151060001,21.343095529000152],[39.993390752000039,21.343110213000102],[39.99331518300005,21.343155763000141],[39.993162808000136,21.343245871000136],[39.993151647000047,21.343252473000177],[39.992970534000051,21.342987266000137],[39.993207483000049,21.342839644000037],[39.993133881000176,21.342730981000159],[39.993354470000043,21.342752626999982],[39.993720658000143,21.342523394000125],[39.994190066000044,21.342221948000088],[39.994311833000097,21.342392947000064],[39.994231036000087,21.342441442000109],[39.994309505999979,21.342561578000073],[39.99392428200008,21.342788592000034]]]]},"properties":{"OBJECTID":183,"camp_label":"6/216","gate_number":"6","Street":"216","Block":"101D","Type":"external","Transport_mode":"النقل التقليدي","Capacity":3424,"Gate_Lat":21.342789,"Gate_Lon":39.993924,"Shape_Length":0.0066588186586542608,"Shape_Area":8.8544262031713469e-07}},{"type":"Feature","id":184,"geometry":{"type":"Polygon","coordinates":[[[39.989350319000096,21.345900168000128],[39.988939843000082,21.346142988000111],[39.989000745000112,21.346230749000028],[39.988759905000109,21.346385410000096],[39.988701640000158,21.346310342000095],[39.988619855000081,21.346192818000191],[39.988544356000148,21.346239132999983],[39.988441996000176,21.346092521000116],[39.988270176000185,21.346198817000015],[39.988112877000049,21.345982612000171],[39.988366665000058,21.345831102000091],[39.988249196000027,21.345663286000047],[39.988490250999973,21.345507247],[39.988693774000069,21.345782549000035],[39.988721176000183,21.345819613000117],[39.988962000000015,21.345673413999975],[39.989059453000039,21.345803255000192],[39.989312644000108,21.345647012000143],[39.989391087999991,21.345760697000003],[39.989350319000096,21.345900168000128]]]},"properties":{"OBJECTID":184,"camp_label":"7/518","gate_number":"7","Street":"518","Block":"8-7","Type":"external","Transport_mode":"النقل التقليدي","Capacity":1664,"Gate_Lat":21.345832999999999,"Gate_Lon":39.989370000000001,"Shape_Length":0.0040460143900236971,"Shape_Area":5.2919173100758817e-07}},{"type":"Feature","id":185,"geometry":{"type":"Polygon","coordinates":[[[39.992735036000113,21.344867021000141],[39.992206258000067,21.345181403000083],[39.992129932000125,21.345075827000187],[39.992381216000126,21.344917476000148],[39.992175976000055,21.344621366000183],[39.991853403000107,21.344155969000099],[39.99210266,21.34400539100011],[39.992191805000004,21.344133031000183],[39.992315434000034,21.344051417000173],[39.992587631000106,21.344438687000093],[39.992843289999996,21.344802424000079],[39.992735036000113,21.344867021000141]]]},"properties":{"OBJECTID":185,"camp_label":"14/520","gate_number":"14","Street":"520","Block":"8-7","Type":"external","Transport_mode":"النقل التقليدي","Capacity":1880,"Gate_Lat":21.344085,"Gate_Lon":39.991970999999999,"Shape_Length":0.003608065114428652,"Shape_Area":4.8789807483590412e-07}},{"type":"Feature","id":186,"geometry":{"type":"Polygon","coordinates":[[[39.988112877000049,21.345982612000171],[39.988192370000149,21.346091873999967],[39.988270176000185,21.346198817000015],[39.988237004000098,21.346219338000026],[39.988336065000055,21.346368455000061],[39.987739622000163,21.346737940000139],[39.987644683000042,21.346577253000078],[39.987421313000027,21.346199195000054],[39.987471868,21.346166470000128],[39.988247049000108,21.345661798000094],[39.988366665000058,21.345831102000091],[39.988323094000123,21.345857113000022],[39.988269072000094,21.345889364000129],[39.988112877000049,21.345982612000171]]]},"properties":{"OBJECTID":186,"camp_label":"10/520","gate_number":"10","Street":"520","Block":"8-7","Type":"external","Transport_mode":"النقل التقليدي","Capacity":1648,"Gate_Lat":21.345935999999998,"Gate_Lon":39.987825999999998,"Shape_Length":0.0033008464223400645,"Shape_Area":5.0666102871256576e-07}},{"type":"Feature","id":187,"geometry":{"type":"Polygon","coordinates":[[[39.986853466000184,21.345028838000133],[39.986808173000099,21.344962781000106],[39.986759493000136,21.344992077000029],[39.986728999000093,21.34498585700004],[39.986489070000061,21.344695156000057],[39.987263515000109,21.344229078000069],[39.987325260000148,21.344316945000116],[39.987368979000109,21.344291053999996],[39.987451030000102,21.344424128000185],[39.987489676000052,21.344402439000078],[39.98761259500003,21.344588824000141],[39.986853466000184,21.345028838000133]]]},"properties":{"OBJECTID":187,"camp_label":"2/518","gate_number":"2","Street":"518","Block":"7-4","Type":"external","Transport_mode":"النقل التقليدي","Capacity":1600,"Gate_Lat":21.344432000000001,"Gate_Lon":39.986925999999997,"Shape_Length":0.0029083896917252963,"Shape_Area":4.4424412448424941e-07}},{"type":"Feature","id":188,"geometry":{"type":"Polygon","coordinates":[[[39.991881364000164,21.343995905000043],[39.991139279000151,21.344459571000186],[39.990247799000088,21.345016582000028],[39.990180235000025,21.344914716000119],[39.990232322000168,21.34488267100005],[39.990134014000034,21.34473680900004],[39.990224326000032,21.344680120000078],[39.990109443000051,21.344507951000139],[39.990608827000131,21.344197885000028],[39.990577233000181,21.344153281000104],[39.991122517000179,21.343809506000127],[39.99154506300016,21.343551212000079],[39.991972461000159,21.34328922300017],[39.99199350400005,21.343318987000146],[39.99206045700015,21.343277445000069],[39.992039649000048,21.343248014000039],[39.992058891000056,21.343236214000115],[39.992200608000132,21.343459543000051],[39.992273490000116,21.343594728000141],[39.9923367990001,21.343711337999991],[39.992126959000188,21.343842454000026],[39.991881364000164,21.343995905000043]]]},"properties":{"OBJECTID":188,"camp_label":"6/524","gate_number":"6","Street":"524","Block":"8-4","Type":"external","Transport_mode":"النقل التقليدي","Capacity":3817,"Gate_Lat":21.344161,"Gate_Lon":39.991616999999998,"Shape_Length":0.0061443936217080494,"Shape_Area":1.294645680771672e-06}},{"type":"Feature","id":189,"geometry":{"type":"Polygon","coordinates":[[[39.988224517000049,21.345623477000061],[39.987978885000132,21.345775410999977],[39.987376528000141,21.346133774000066],[39.987374084000123,21.346135760000038],[39.987371338000059,21.346137307000106],[39.987368370000183,21.346138363000023],[39.987365264000061,21.346138902000121],[39.98736211500011,21.346138909000047],[39.987359008000112,21.346138380000127],[39.987356035000118,21.346137335000094],[39.987353284000164,21.346135801000173],[39.987350831000072,21.346133824000106],[39.987348747000055,21.346131460000038],[39.987329980000027,21.346107881000137],[39.986819842000102,21.34537358100016],[39.987152428000059,21.345182462000082],[39.987178305000157,21.345167246000017],[39.987693123000099,21.344864583000117],[39.988224517000049,21.345623477000061]]]},"properties":{"OBJECTID":189,"camp_label":"2/114","gate_number":"2","Street":"114","Block":"10","Type":"external","Transport_mode":"النقل التقليدي","Capacity":4368,"Gate_Lat":21.345745000000001,"Gate_Lon":39.987077999999997,"Shape_Length":0.0038827247790078319,"Shape_Area":9.4242511598363863e-07}},{"type":"Feature","id":190,"geometry":{"type":"Polygon","coordinates":[[[39.991353189999984,21.344458153000062],[39.991957453000168,21.345329085000003],[39.991933260000053,21.345343467000134],[39.991703592000022,21.345469488000163],[39.991477457000087,21.345158759000128],[39.991338582000026,21.344959830000107],[39.991099645000077,21.344611326000063],[39.991334590000065,21.344469391000132],[39.991353189999984,21.344458153000062]]]},"properties":{"OBJECTID":190,"camp_label":"16/520","gate_number":"16","Street":"520","Block":"8-7","Type":"external","Transport_mode":"النقل التقليدي","Capacity":0,"Gate_Lat":21.344536000000002,"Gate_Lon":39.991225,"Shape_Length":0.0026958233309256211,"Shape_Area":3.1177230698166046e-07}},{"type":"Feature","id":191,"geometry":{"type":"Polygon","coordinates":[[[39.980996676000188,21.353231702000073],[39.980891663000136,21.353083354000091],[39.980632254000056,21.35324268100004],[39.980395918000056,21.352896310000062],[39.980647760000124,21.352743762000046],[39.981429329000036,21.352270331000057],[39.981512085000134,21.352407072000062],[39.981652481000026,21.352632721000191],[39.981728348000161,21.352759346000084],[39.981840107999972,21.352703643000041],[39.981908198000099,21.35280326200018],[39.981750286000192,21.352898918999983],[39.981800032000024,21.352970987000106],[39.981731199000137,21.353012683000031],[39.981600288000038,21.352823027000113],[39.981384878000142,21.352953510000191],[39.981570770000076,21.353222824000056],[39.98139895900016,21.353326903000095],[39.981352932000163,21.353354782000167],[39.981187985000133,21.353115812999988],[39.980996676000188,21.353231702000073]]]},"properties":{"OBJECTID":191,"camp_label":"25/204","gate_number":"25","Street":"204","Block":"37","Type":"external","Transport_mode":"النقل التقليدي","Capacity":3548,"Gate_Lat":21.353294999999999,"Gate_Lon":39.981451999999997,"Shape_Length":0.0048634039557710184,"Shape_Area":7.6075572484617585e-07}},{"type":"Feature","id":192,"geometry":{"type":"Polygon","coordinates":[[[39.994157124000026,21.353622182000095],[39.993981520000034,21.353728336000131],[39.99380784400006,21.353472504000138],[39.99369541100009,21.353304040000069],[39.993534593000106,21.353063076000183],[39.993610505000163,21.353010344999973],[39.994811927000114,21.352246370000103],[39.995131580000191,21.352679046000048],[39.995175159000155,21.352652661000036],[39.995335481000097,21.352881546000106],[39.99503314399999,21.353076674000079],[39.994157124000026,21.353622182000095]]]},"properties":{"OBJECTID":192,"camp_label":"11/524","gate_number":"11","Street":"524","Block":"8-11","Type":"external","Transport_mode":"النقل الترددي","Capacity":3824,"Gate_Lat":21.353155999999998,"Gate_Lon":39.994906,"Shape_Length":0.0047829893804248623,"Shape_Area":1.2631807490727902e-06}},{"type":"Feature","id":193,"geometry":{"type":"Polygon","coordinates":[[[39.993981520000034,21.353728336000131],[39.993065049000165,21.354282358000148],[39.992825624000147,21.354427296000097],[39.992696489000025,21.354237558000023],[39.99276780100007,21.354198317000055],[39.992443799000114,21.353738183000189],[39.993403211000043,21.353140084000131],[39.993534593000106,21.353063076000183],[39.99369541100009,21.353304040000069],[39.99380784400006,21.353472504000138],[39.993877992000193,21.353575835000072],[39.993981520000034,21.353728336000131]]]},"properties":{"OBJECTID":193,"camp_label":"4/526","gate_number":"4","Street":"526","Block":"8-11","Type":"external","Transport_mode":"النقل الترددي","Capacity":3656,"Gate_Lat":21.353885999999999,"Gate_Lon":39.993721000000001,"Shape_Length":0.0043087742154464702,"Shape_Area":1.032566864054061e-06}},{"type":"Feature","id":194,"geometry":{"type":"Polygon","coordinates":[[[39.992825624000147,21.354427296000097],[39.991765429999987,21.355069092000065],[39.991550998000037,21.354774672000019],[39.991511057000025,21.35473646700018],[39.991466585000069,21.35470293700007],[39.991418208000027,21.354674550000084],[39.991366596000034,21.354651699999977],[39.99131246799999,21.354634710000028],[39.991256582000176,21.35462381200017],[39.991199714000118,21.354619161000073],[39.991142656000193,21.354620818000114],[39.991086205000045,21.354628763000164],[39.991031146000182,21.354642885000089],[39.99097824800009,21.354662986000051],[39.99092824600018,21.354688787000157],[39.991729155000087,21.354186434000042],[39.991969241000106,21.354035202000148],[39.992443799000114,21.353738183000189],[39.99276780100007,21.354198317000055],[39.992696489000025,21.354237558000023],[39.992825624000147,21.354427296000097]]]},"properties":{"OBJECTID":194,"camp_label":"7/524","gate_number":"7","Street":"524","Block":"8-11","Type":"external","Transport_mode":"النقل الترددي","Capacity":3567,"Gate_Lat":21.354866999999999,"Gate_Lon":39.992100000000001,"Shape_Length":0.0049442450910419352,"Shape_Area":1.0595336119056582e-06}},{"type":"Feature","id":195,"geometry":{"type":"Polygon","coordinates":[[[39.987971216000119,21.34114558300007],[39.987842325000031,21.341209912000181],[39.987816136000106,21.341161986000088],[39.987796452000055,21.341111399999988],[39.987783574000048,21.341058927000006],[39.987777697000183,21.341005366000104],[39.987720092000131,21.340802883000151],[39.987681939000083,21.340719708000108],[39.987892515999988,21.340602553999986],[39.988120268000046,21.340470122000056],[39.988134411000033,21.340431202000048],[39.988149306000139,21.34045323700019],[39.988397157000122,21.340309117000174],[39.988487387000134,21.340443423000067],[39.988548989000037,21.340565765000065],[39.988535863000038,21.340575464999972],[39.988524722000079,21.340587144000153],[39.988515902000074,21.340600450000181],[39.988329896000153,21.340944454000066],[39.98831769200018,21.340971159000048],[39.988309248000007,21.340999111000031],[39.988304704000029,21.341027847000134],[39.988244590000193,21.341078156000094],[39.988144826000109,21.340944313000136],[39.987971216000119,21.34114558300007]]]},"properties":{"OBJECTID":195,"camp_label":"5/518","gate_number":"5","Street":"518","Block":"8-6","Type":"external","Transport_mode":"النقل التقليدي","Capacity":1056,"Gate_Lat":21.340914999999999,"Gate_Lon":39.987752,"Shape_Length":0.0028590792464763754,"Shape_Area":4.0565680112058571e-07}},{"type":"Feature","id":196,"geometry":{"type":"MultiPolygon","coordinates":[[[[39.995688996000126,21.347157680000066],[39.995431127000188,21.34731640800004],[39.994778512000096,21.346405691000086],[39.995083148000049,21.34622309700012],[39.995130293000159,21.346193773000152],[39.995207340000036,21.346145856000192],[39.995290503000092,21.346107209000081],[39.995349724000107,21.34619483400013],[39.995438564000153,21.346326276000184],[39.995475230000181,21.346354237000128],[39.995529116,21.34639533100011],[39.995605892000128,21.346438672999966],[39.995635833000051,21.346455573000128],[39.995535181999969,21.346519693000118],[39.995641648000117,21.346676039000101],[39.995391294000171,21.346824047000098],[39.995517034999978,21.347009791000175],[39.995561243000111,21.34698446800013],[39.995688996000126,21.347157680000066]]],[[[39.995118712000192,21.347045433000119],[39.995340598000041,21.347356535000074],[39.995333569000081,21.347377037000172],[39.995120125000028,21.34753760600006],[39.994795586000066,21.34782396200012],[39.994528134000177,21.347423663000143],[39.994758377000096,21.34728437300015],[39.994343259000061,21.34668244900007],[39.99444523700015,21.346616522000033],[39.994694818000085,21.346455290000051],[39.995118712000192,21.347045433000119]]]]},"properties":{"OBJECTID":196,"camp_label":"82/68","gate_number":"82","Street":"68","Block":"8-23","Type":"external","Transport_mode":"النقل التقليدي","Capacity":4076,"Gate_Lat":21.346917999999999,"Gate_Lon":39.995035000000001,"Shape_Length":0.0073375564018034797,"Shape_Area":1.1309241300800113e-06}},{"type":"Feature","id":197,"geometry":{"type":"Polygon","coordinates":[[[39.99300299700019,21.344707465999988],[39.992635482000026,21.344171695000171],[39.992548458000158,21.344040526000072],[39.992398716000025,21.343826547000049],[39.992892982000058,21.343527954000137],[39.993102863000104,21.343836351000164],[39.992969547000087,21.343921629000079],[39.993014470000162,21.34398211700011],[39.992901369000094,21.344050233000075],[39.993269069000178,21.34459693600013],[39.993190779000088,21.344595819000119],[39.99300299700019,21.344707465999988]]]},"properties":{"OBJECTID":197,"camp_label":"18/520","gate_number":"18","Street":"520","Block":"8-7","Type":"external","Transport_mode":"النقل التقليدي","Capacity":1644,"Gate_Lat":21.343602000000001,"Gate_Lon":39.992770999999998,"Shape_Length":0.0033400326551000239,"Shape_Area":4.2500242021591251e-07}},{"type":"Feature","id":198,"geometry":{"type":"Polygon","coordinates":[[[39.995984830000054,21.341666774000146],[39.996093189000078,21.341917708000096],[39.99627223900012,21.342332357000032],[39.99645938000009,21.342853996000144],[39.99634242500008,21.342923821000113],[39.996135183000149,21.343047548000186],[39.99600009500017,21.342864664000103],[39.995760608000182,21.342476305000048],[39.995769449000079,21.342471113000158],[39.995959080000091,21.342367970000055],[39.995790077000038,21.34210386400008],[39.995701636999968,21.342161879000173],[39.995530163000183,21.341949512999975],[39.995597270000133,21.341911347000007],[39.995899658000098,21.341723381000122],[39.995984830000054,21.341666774000146]]]},"properties":{"OBJECTID":198,"camp_label":"3/510","gate_number":"3","Street":"510","Block":"7-4","Type":"external","Transport_mode":"النقل التقليدي","Capacity":2016,"Gate_Lat":21.342331999999999,"Gate_Lon":39.996271999999998,"Shape_Length":0.0037942952720404271,"Shape_Area":5.503786790901187e-07}},{"type":"Feature","id":199,"geometry":{"type":"Polygon","coordinates":[[[39.987610301000188,21.343581456000095],[39.987711702000126,21.343722208000031],[39.988100115000066,21.344300053000154],[39.987821254000153,21.344467876000067],[39.98761259500003,21.344588824000141],[39.987489676000052,21.344402439000078],[39.987451030000102,21.344424128000185],[39.987368979000109,21.344291053999996],[39.987325260000148,21.344316945000116],[39.987263515000109,21.344229078000069],[39.987509967000051,21.344080759000121],[39.987397957000042,21.343917409000085],[39.987302290000002,21.343777893000095],[39.987610301000188,21.343581456000095]]]},"properties":{"OBJECTID":199,"camp_label":"4/518","gate_number":"4","Street":"518","Block":"7-4","Type":"external","Transport_mode":"النقل التقليدي","Capacity":1756,"Gate_Lat":21.343990000000002,"Gate_Lon":39.987448000000001,"Shape_Length":0.0030386845092530697,"Shape_Area":4.3048812091958793e-07}},{"type":"Feature","id":200,"geometry":{"type":"Polygon","coordinates":[[[39.986062726000114,21.352203594000116],[39.986158506000095,21.352369163000049],[39.985874717000115,21.352527001000169],[39.986029076000193,21.35275342500006],[39.985807757000089,21.352867604000153],[39.985631879000096,21.352958330000035],[39.984912905000101,21.351914614000179],[39.98529683999999,21.351735032000079],[39.985653182000192,21.351568360000158],[39.986062726000114,21.352203594000116]]]},"properties":{"OBJECTID":200,"camp_label":"24/608","gate_number":"24","Street":"608","Block":"90","Type":"external","Transport_mode":"النقل التقليدي","Capacity":4227,"Gate_Lat":21.351652000000001,"Gate_Lon":39.985475000000001,"Shape_Length":0.0040774239548475397,"Shape_Area":8.927432208947224e-07}},{"type":"Feature","id":201,"geometry":{"type":"Polygon","coordinates":[[[39.986409083000126,21.351312992000146],[39.986512545000153,21.351264430000015],[39.986495265000144,21.351232122000056],[39.986492215000055,21.351178185000094],[39.98693882300006,21.350968550000061],[39.986967171999993,21.35097040200003],[39.986993079000115,21.350958343000002],[39.987028218000091,21.350961746000053],[39.9870454980001,21.350994054000068],[39.98709291900019,21.350971795000078],[39.987060608000093,21.350911385000074],[39.987181659999976,21.350854563000155],[39.987291863000166,21.351014534000171],[39.987437693000118,21.35122622900019],[39.987703125000053,21.351611543000047],[39.987795235000021,21.351745252000057],[39.987061857000128,21.352251461000094],[39.986642720000191,21.351612185000135],[39.986878032999982,21.351460572999997],[39.98678374900004,21.351326301000086],[39.986530347000041,21.351481197000112],[39.986409083000126,21.351312992000146]]]},"properties":{"OBJECTID":201,"camp_label":"28/608","gate_number":"28","Street":"608","Block":"90","Type":"external","Transport_mode":"النقل التقليدي","Capacity":4985,"Gate_Lat":21.352072,"Gate_Lon":39.987321000000001,"Shape_Length":0.0047673275705624142,"Shape_Area":9.5900259050502785e-07}},{"type":"Feature","id":202,"geometry":{"type":"Polygon","coordinates":[[[39.986968494000109,21.367910218000134],[39.986719866000158,21.367543304000151],[39.986719009000183,21.36754208800005],[39.986641452000072,21.367432537000127],[39.986391664000166,21.367585190000057],[39.986126593000165,21.36721518000013],[39.986246185000141,21.367141280000055],[39.986248013000079,21.367142376000174],[39.986402100000134,21.367045265000058],[39.986857803000134,21.366765245000124],[39.986940711000045,21.366760656000054],[39.987032910000096,21.366783947999977],[39.987218065000093,21.366848641000104],[39.987378048000096,21.366914548000125],[39.987424470000178,21.366946254000084],[39.987130946000036,21.367129013000067],[39.987462176999998,21.367607029000169],[39.987198253000031,21.367768257000023],[39.987198019000175,21.367767935000131],[39.986968494000109,21.367910218000134]]]},"properties":{"OBJECTID":202,"camp_label":"2/625","gate_number":"2","Street":"625","Block":"97","Type":"external","Transport_mode":"النقل الترددي","Capacity":3237,"Gate_Lat":21.366966999999999,"Gate_Lon":39.986528999999997,"Shape_Length":0.0042970982361949447,"Shape_Area":8.195183139906694e-07}},{"type":"Feature","id":203,"geometry":{"type":"Polygon","coordinates":[[[39.986455228000125,21.368228382000154],[39.986449378000145,21.368219965000094],[39.98640534000009,21.368158439000126],[39.986390653000171,21.368137496000088],[39.986307095000029,21.368018855000116],[39.986072353000111,21.368157006000104],[39.985989075000191,21.368031814000062],[39.985709652000082,21.368182565000154],[39.985373755000069,21.367682602999992],[39.985587183000121,21.36755032200017],[39.985586344000183,21.367549027000166],[39.986126593000165,21.36721518000013],[39.986391664000166,21.367585190000057],[39.986641452000072,21.367432537000127],[39.986718517000156,21.36754138800012],[39.986719010000058,21.36754208800005],[39.986719866000158,21.367543304000151],[39.986968494000109,21.367910218000134],[39.986455228000125,21.368228382000154]]]},"properties":{"OBJECTID":203,"camp_label":"4/625","gate_number":"4","Street":"625","Block":"97","Type":"external","Transport_mode":"النقل الترددي","Capacity":3301,"Gate_Lat":21.367383,"Gate_Lon":39.985855000000001,"Shape_Length":0.0044175843572386228,"Shape_Area":8.9478867750954717e-07}},{"type":"Feature","id":204,"geometry":{"type":"Polygon","coordinates":[[[39.984857791000024,21.359479454000109],[39.984518954000123,21.359673965000127],[39.984347651000064,21.359765654000171],[39.984103970000092,21.359896074000119],[39.983862321000061,21.3595267500001],[39.983822955000164,21.359456308000176],[39.983741190000103,21.359262638000132],[39.983692715000075,21.359088731000043],[39.983651350999992,21.358838874000071],[39.983918673000119,21.358672708000142],[39.984030041000096,21.358603486000106],[39.984480069000028,21.358346177000044],[39.984734513000092,21.358200695000107],[39.984790223999994,21.358177131000105],[39.984804600000132,21.358262432000117],[39.985049159000027,21.35862873800005],[39.985341905000098,21.359067214000106],[39.985525951000056,21.358961995000186],[39.985587925000004,21.359060314000089],[39.984857791000024,21.359479454000109]]]},"properties":{"OBJECTID":204,"camp_label":"1/643","gate_number":"1","Street":"643","Block":"119","Type":"external","Transport_mode":"النقل الترددي","Capacity":3894,"Gate_Lat":21.359479,"Gate_Lon":39.984858000000003,"Shape_Length":0.0055695935818007702,"Shape_Area":1.7058186979229246e-06}},{"type":"Feature","id":205,"geometry":{"type":"Polygon","coordinates":[[[39.992910069000118,21.35513738800006],[39.992591566000158,21.354687730000137],[39.99281833200007,21.354545827000038],[39.993574324999997,21.354082206000101],[39.993893501000116,21.354529768000191],[39.994111261000057,21.354834843000162],[39.99393351100008,21.354948967000155],[39.993577177000077,21.355159001000118],[39.993090756000072,21.355445708000161],[39.993051413000103,21.355453629000181],[39.992910069000118,21.35513738800006]]]},"properties":{"OBJECTID":205,"camp_label":"16/524","gate_number":"16","Street":"524","Block":"8-9","Type":"external","Transport_mode":"النقل الترددي","Capacity":3484,"Gate_Lat":21.354499000000001,"Gate_Lon":39.992894,"Shape_Length":0.0042059165047661487,"Shape_Area":1.0748972454514037e-06}},{"type":"Feature","id":206,"geometry":{"type":"Polygon","coordinates":[[[39.985622591000038,21.343708954000192],[39.985604543000136,21.343720233000113],[39.985171486000127,21.343980950000116],[39.984707507000167,21.344260284000143],[39.984679488999973,21.34427431000006],[39.984649394000087,21.344283837000035],[39.984618038000178,21.344288605000088],[39.984586271000126,21.344288487000085],[39.984554956000068,21.344283486000108],[39.984524943000167,21.344273735999991],[39.984497044000079,21.34425950300016],[39.984131110000192,21.3440343420001],[39.98406903800003,21.343933362000087],[39.984280262000084,21.343886074000068],[39.984244499000056,21.34374196400006],[39.984286765000036,21.343732757999987],[39.984237601000189,21.343534645000034],[39.984302018000108,21.343475321000142],[39.984329056000036,21.343501091000121],[39.984368942000174,21.343464357000073],[39.98434190200004,21.343438589000073],[39.984372418000078,21.343410481999967],[39.984740797000086,21.343071221000059],[39.984767837000049,21.343096991000095],[39.984807723000131,21.343060260000129],[39.984771121000108,21.343025377000174],[39.984790573000112,21.34300552600007],[39.984982977000072,21.342809196000132],[39.985022726000068,21.3428578380001],[39.985065211000119,21.342909828000131],[39.985107418000155,21.342961476000141],[39.985246502000109,21.343131675000109],[39.985543737000114,21.342961227000046],[39.985628789000032,21.34309005700004],[39.985721675000093,21.34323075500015],[39.985620672000152,21.343292758000189],[39.985669104000067,21.343361678000065],[39.985479243999976,21.343485427000076],[39.985622591000038,21.343708954000192]]]},"properties":{"OBJECTID":206,"camp_label":"4/207","gate_number":"4","Street":"207","Block":"88B","Type":"external","Transport_mode":"النقل التقليدي","Capacity":5188,"Gate_Lat":21.344111000000002,"Gate_Lon":39.984954999999999,"Shape_Length":0.0054304091563481963,"Shape_Area":1.3296866034204353e-06}},{"type":"Feature","id":207,"geometry":{"type":"Polygon","coordinates":[[[39.981603889000098,21.362582070000144],[39.982133286000078,21.363359625000101],[39.981711526000026,21.363602814000046],[39.981586336000134,21.36367709200016],[39.980855881000025,21.362567370000022],[39.980619949000186,21.362697468000079],[39.980534913999975,21.362564577000057],[39.980488578000063,21.362481405000096],[39.980312890000107,21.362193828000159],[39.9808236880001,21.361918850000166],[39.981310781000161,21.362692379000123],[39.98150686300005,21.362581324000075],[39.981534557000032,21.362623339000095],[39.981603889000098,21.362582070000144]]]},"properties":{"OBJECTID":207,"camp_label":"5/552","gate_number":"5","Street":"552","Block":"9-6","Type":"external","Transport_mode":"النقل الترددي","Capacity":3616,"Gate_Lat":21.362387999999999,"Gate_Lon":39.980431000000003,"Shape_Length":0.0056116098990926355,"Shape_Area":1.0612323749540647e-06}},{"type":"Feature","id":208,"geometry":{"type":"MultiPolygon","coordinates":[[[[39.980667164000124,21.343862202000082],[39.980366183000172,21.344044736000058],[39.980149839000035,21.344175973000176],[39.980045484000186,21.344239266000159],[39.979878122000173,21.344338598000036],[39.979567093000128,21.343886651000048],[39.979560511000102,21.343877086000077],[39.979376175000141,21.343609233000166],[39.979467574000125,21.343554178000147],[39.979905024000118,21.34329068400001],[39.980162695000047,21.343133609000063],[39.980213522000042,21.343209156000057],[39.979958495000176,21.34336537900009],[39.980246549000015,21.343767778000085],[39.980492911000169,21.343624872000134],[39.980667164000124,21.343862202000082]]],[[[39.979766332000167,21.344354504000137],[39.97946744800015,21.344542837000176],[39.978991489000123,21.343818632000023],[39.979277251000099,21.343646222000132],[39.979766332000167,21.344354504000137]]]]},"properties":{"OBJECTID":208,"camp_label":"44/68","gate_number":"44","Street":"68","Block":"88B","Type":"external","Transport_mode":"النقل التقليدي","Capacity":3993,"Gate_Lat":21.343931000000001,"Gate_Lon":39.979596999999998,"Shape_Length":0.0066048559898900742,"Shape_Area":9.6180484774931685e-07}},{"type":"Feature","id":209,"geometry":{"type":"Polygon","coordinates":[[[39.980246549000015,21.343767778000085],[39.979958495000176,21.34336537900009],[39.980213522000042,21.343209156000057],[39.980162695000047,21.343133609000063],[39.980463707000069,21.342949912000051],[39.980582454,21.342877444000123],[39.980833397000083,21.342970129000037],[39.981198636000045,21.343104962000098],[39.981514001999983,21.343221443000061],[39.98158434700008,21.343247513999984],[39.981581738000102,21.343261821000056],[39.981577044000062,21.343274374000089],[39.981573252000089,21.343284519000122],[39.981571601000041,21.343288937000125],[39.981556777000094,21.343314089000103],[39.981537680000031,21.343336572000112],[39.981482860000085,21.34337521000009],[39.981423852000034,21.343407990000117],[39.981145851000178,21.343576938000069],[39.980685356000038,21.343851167000139],[39.980667164000124,21.343862202000082],[39.980492911000169,21.343624872000134],[39.980246549000015,21.343767778000085]]]},"properties":{"OBJECTID":209,"camp_label":"48/68","gate_number":"48","Street":"68","Block":"88B","Type":"external","Transport_mode":"النقل التقليدي","Capacity":3627,"Gate_Lat":21.343748999999999,"Gate_Lon":39.980857,"Shape_Length":0.0041433541999520828,"Shape_Area":8.7295974984536201e-07}},{"type":"Feature","id":210,"geometry":{"type":"MultiPolygon","coordinates":[[[[39.987728985000047,21.341259352000179],[39.987447155000041,21.341411556000139],[39.987327790000165,21.341249910000101],[39.987058843000057,21.341402058000085],[39.987014865000162,21.341319706000036],[39.986905035999996,21.341159869000023],[39.98691712800013,21.341125179000187],[39.986957039000174,21.341010667000091],[39.986998112000094,21.340915690000145],[39.987005399000054,21.340898837999987],[39.98733886500014,21.340986091000048],[39.987405524000053,21.340762472000108],[39.987099047000186,21.340682281000113],[39.987104614000032,21.340660287000105],[39.987416423000127,21.340399263000165],[39.987480765000157,21.340516515000104],[39.987542363000102,21.340639612000075],[39.987551543000109,21.34065568800014],[39.987582873000065,21.340721949000056],[39.987590706000105,21.340738513000133],[39.987625791000085,21.340820070000063],[39.987643456000171,21.340881323000076],[39.98764961400019,21.340899093000132],[39.987673875000155,21.340976258000182],[39.987695243000132,21.341054168000085],[39.98769850400015,21.341073683000161],[39.987714112000162,21.34113358400009],[39.987727009000082,21.341239065000025],[39.987728985000047,21.341259352000179]]],[[[39.985845740000116,21.342402579000179],[39.985729221000156,21.342483253000125],[39.985490537000146,21.342290252000055],[39.985687706000192,21.34208275300017],[39.985752895000189,21.342012911999973],[39.985853542000086,21.341902750000145],[39.985854286000119,21.341903490000163],[39.985941587000127,21.341809301000126],[39.985953541000072,21.34179640800005],[39.985980416000075,21.341818274000047],[39.986083059000123,21.341746237000052],[39.986108543000114,21.341766968000059],[39.986146478000137,21.341726042000062],[39.986073672000146,21.341666807000024],[39.986111606000122,21.341625880000151],[39.98632238700003,21.34183522100011],[39.986601326000141,21.341907061000029],[39.986670338000124,21.341671865000137],[39.98639139900007,21.341600025000048],[39.98646760400004,21.341485583000178],[39.986347256000045,21.341371525000113],[39.986361046000127,21.341356802000064],[39.986402324000153,21.341398061000177],[39.986444538000114,21.341360993000137],[39.986399019000146,21.341316258000063],[39.986860791000026,21.340823217000036],[39.986891904000174,21.340848755000025],[39.98690775100016,21.340831807000086],[39.986958980000054,21.340873853000176],[39.986948956000106,21.340897035000125],[39.986907195000128,21.340993607000144],[39.986866712000051,21.341109755000161],[39.98685014900019,21.341157279000186],[39.986741114000154,21.341470106000031],[39.986732331000042,21.341509016000032],[39.986573471000042,21.342053336000163],[39.986151969000161,21.342055812000183],[39.986002275000033,21.342056688000071],[39.986035138000148,21.342098554000131],[39.986047296000095,21.342116628000042],[39.986578222000162,21.342087917000072],[39.986575160000086,21.342329414000062],[39.986571797000067,21.342340065000144],[39.986566786000083,21.342355933000022],[39.986646079000025,21.34248425800007],[39.986905327000159,21.342903811000099],[39.986741751000125,21.343002256000148],[39.986756758000183,21.343025436999994],[39.986662154000157,21.343082377000087],[39.986360712000078,21.342639201000054],[39.986279222999997,21.342519396000171],[39.986170967000135,21.34258467900014],[39.98604506900017,21.342660600000102],[39.985845740000116,21.342402579000179]]]]},"properties":{"OBJECTID":210,"camp_label":"50/68","gate_number":"50","Street":"68","Block":"88B","Type":"external","Transport_mode":"النقل التقليدي","Capacity":4974,"Gate_Lat":21.342614000000001,"Gate_Lon":39.986725999999997,"Shape_Length":0.012537424953068255,"Shape_Area":1.471924246716828e-06}},{"type":"Feature","id":211,"geometry":{"type":"Polygon","coordinates":[[[39.986611952000089,21.342309240000191],[39.986607980000144,21.342257191000044],[39.986609637000186,21.342126244000156],[39.986674070000106,21.342069522000088],[39.986668003000034,21.341926001000161],[39.986674058000119,21.341897075000077],[39.98678389500003,21.341520717000037],[39.986792414000092,21.341482995000092],[39.986900565000099,21.341172702000108],[39.986905035999996,21.341159869000023],[39.987014865000162,21.341319706000036],[39.987058843000057,21.341402058000085],[39.987311431000137,21.341259679000132],[39.987327790000165,21.341249910000101],[39.987447155000041,21.341411556000139],[39.987728987000082,21.341259351000076],[39.987734436999972,21.341364396000188],[39.98773578800018,21.341427057000089],[39.987735565999969,21.341448667000122],[39.98771840600017,21.341726285000163],[39.987569092000058,21.341730061000135],[39.98756894700017,21.341874016000077],[39.987568712000041,21.341886590000001],[39.987232120000101,21.341896237000185],[39.987229399000114,21.342064694000044],[39.987236117000123,21.342137410000191],[39.986892850000061,21.342175251000185],[39.986865351000006,21.342138032000037],[39.986611952000089,21.342309240000191]]]},"properties":{"OBJECTID":211,"camp_label":"52/68","gate_number":"52","Street":"68","Block":"88A","Type":"external","Transport_mode":"النقل التقليدي","Capacity":2634,"Gate_Lat":21.341522000000001,"Gate_Lon":39.987730999999997,"Shape_Length":0.0043818557364839854,"Shape_Area":7.0172183294565796e-07}},{"type":"Feature","id":212,"geometry":{"type":"Polygon","coordinates":[[[39.987531799000124,21.34272908700018],[39.986863591000031,21.343138080000188],[39.986845226000071,21.343111292999993],[39.986877679000145,21.343091762000086],[39.986843802000124,21.343042355000023],[39.98681134800006,21.3430618860001],[39.986777711000059,21.343012827000052],[39.986918537000179,21.342917337000131],[39.986936829000058,21.342884854000033],[39.986617053000089,21.342376012000045],[39.986611952000089,21.342309240000191],[39.986865351000006,21.342138032000037],[39.986892850000061,21.342175251000185],[39.987236117000123,21.342137410000191],[39.987229399000114,21.342064692000179],[39.987232120000101,21.341896237000185],[39.987568712000041,21.341886590000001],[39.987569092000058,21.341730061000135],[39.98771840600017,21.341726285000163],[39.987706904000106,21.341912225000101],[39.987706928000136,21.34194920900012],[39.987711564000165,21.341985937000175],[39.987720745000104,21.342021906000014],[39.987734346000082,21.342056625000168],[39.987694113000032,21.342071322000038],[39.987713379000184,21.342117615000063],[39.987759364000169,21.342100817000073],[39.987813954000103,21.342185173000132],[39.987893967000048,21.342308820000142],[39.987907046000146,21.342328443999975],[39.987986218000117,21.342450945999985],[39.987633598000059,21.34266677800008],[39.987531799000124,21.34272908700018]]]},"properties":{"OBJECTID":212,"camp_label":"54/68","gate_number":"54","Street":"68","Block":"88A","Type":"external","Transport_mode":"النقل التقليدي","Capacity":4384,"Gate_Lat":21.342279000000001,"Gate_Lon":39.987873999999998,"Shape_Length":0.0048946228325663149,"Shape_Area":9.2693836300357395e-07}},{"type":"Feature","id":213,"geometry":{"type":"Polygon","coordinates":[[[39.987874355000031,21.343104129000153],[39.987665628000059,21.343236578000187],[39.987811966000095,21.343452845000058],[39.987302290000002,21.343777893000095],[39.986863591000031,21.343138080000188],[39.987633598000059,21.34266677800008],[39.987986218000117,21.342450945999985],[39.988066752000066,21.342575560000171],[39.988129005000133,21.342672027999981],[39.988139429000114,21.342687231000127],[39.988171321999971,21.342732460000036],[39.988135179000096,21.342754215000127],[39.988161239000135,21.342792219000103],[39.988197755000158,21.342770242000142],[39.988260097000136,21.342859348000047],[39.987874355000031,21.343104129000153]]]},"properties":{"OBJECTID":213,"camp_label":"56/68","gate_number":"56","Street":"68","Block":"88A","Type":"external","Transport_mode":"النقل التقليدي","Capacity":3770,"Gate_Lat":21.343585000000001,"Gate_Lon":39.987169999999999,"Shape_Length":0.0042382727294839181,"Shape_Area":8.1469134459582241e-07}},{"type":"Feature","id":214,"geometry":{"type":"Polygon","coordinates":[[[39.988357332000078,21.344067938000023],[39.988394857000117,21.344122665000043],[39.988100115000066,21.344300053000154],[39.987855352000111,21.34393592300006],[39.98771170100008,21.343722207000098],[39.987661926000101,21.343653116000155],[39.987610301000188,21.343581456000095],[39.987811966000095,21.343452845000058],[39.987665628000059,21.343236578000187],[39.987874355000031,21.343104129000153],[39.988260097000136,21.342859348000047],[39.988269119000165,21.342872249000152],[39.988279547000161,21.342886435000082],[39.988431554000044,21.343085937000069],[39.988463944000046,21.343126576000145],[39.98853570700004,21.343179171000145],[39.988576783000042,21.343192084000066],[39.988625447000175,21.343204033000063],[39.988698064000062,21.343195314000127],[39.98876952300003,21.343180403000076],[39.988969752000173,21.343132001000129],[39.989006707000101,21.343125893000149],[39.98904422600009,21.34312523300008],[39.989081399000042,21.343130035000172],[39.989117328000077,21.343140183999992],[39.989164782000103,21.343157466000036],[39.98901057900008,21.343239854999979],[39.989176479000093,21.343534748000138],[39.98950466399998,21.343359688000078],[39.989527749000047,21.343397546000176],[39.989534530000185,21.343416460000128],[39.989535710999974,21.343421035000063],[39.989536029000192,21.343425733000117],[39.989535475000139,21.343430410000053],[39.989534065000043,21.343434927000146],[39.989531842000133,21.34343914700014],[39.989528873000154,21.343442944000174],[39.98952524800012,21.343446202000109],[39.989521075000027,21.343448823000074],[39.989013225999997,21.343750519000139],[39.988904023000146,21.343816232000165],[39.988523046000125,21.34404551700004],[39.988495944000192,21.344005992000064],[39.988450603000103,21.344033282000169],[39.98839858600013,21.344064586000115],[39.988388162000149,21.344049384000073],[39.988357332000078,21.344067938000023]]]},"properties":{"OBJECTID":214,"camp_label":"58/68","gate_number":"58","Street":"68","Block":"88A","Type":"external","Transport_mode":"النقل التقليدي","Capacity":4123,"Gate_Lat":21.343086,"Gate_Lon":39.988432000000003,"Shape_Length":0.0059217809281991848,"Shape_Area":1.3110366160458337e-06}},{"type":"Feature","id":215,"geometry":{"type":"Polygon","coordinates":[[[39.985572883000032,21.338402846000065],[39.985573457000044,21.33841978900017],[39.985550458000034,21.338527096000064],[39.9854837150001,21.338696380000044],[39.985473291000119,21.33872252000009],[39.985388214000125,21.33896098200006],[39.985375515000044,21.338995999000019],[39.985357535000162,21.339028619000089],[39.985334710000132,21.33905805500001],[39.985307591000094,21.339083590000087],[39.985276840000154,21.339104607000138],[39.985243198000035,21.339120594000121],[39.985207482000078,21.339131167000062],[39.985067050000168,21.339142180000124],[39.985056388000032,21.339124838000146],[39.985119676000068,21.33910449800004],[39.985147303000133,21.339084650000189],[39.985171280000088,21.339060520000146],[39.98519095100005,21.339032767000049],[39.985205780000115,21.339002151000045],[39.985215359000108,21.338969510000084],[39.985212211000032,21.338900785000135],[39.98520250700011,21.338832675000049],[39.985186341000031,21.338765803000172],[39.985175710000135,21.338732493000066],[39.984987890000184,21.338252380000085],[39.985136866000119,21.33822355500007],[39.985309696000172,21.338184697000088],[39.985257699000044,21.337920859000064],[39.985468081000079,21.337872345000164],[39.985572883000032,21.338402846000065]]]},"properties":{"OBJECTID":215,"camp_label":"2/506","gate_number":"2","Street":"506","Block":"7-16","Type":"external","Transport_mode":"النقل التقليدي","Capacity":1504,"Gate_Lat":21.338404000000001,"Gate_Lon":39.985047000000002,"Shape_Length":0.0033598640222963039,"Shape_Area":3.8942253163880866e-07}},{"type":"Feature","id":216,"geometry":{"type":"Polygon","coordinates":[[[39.985653182000192,21.351568360000158],[39.985937187000161,21.351435523000077],[39.986668527000063,21.352497182999969],[39.986083807,21.352797984000119],[39.98604739700005,21.35274396900013],[39.986029076000193,21.35275342500006],[39.985874717000115,21.352527001000169],[39.986158506000095,21.352369163000049],[39.986062726000114,21.352203594000116],[39.985653182000192,21.351568360000158]]]},"properties":{"OBJECTID":216,"camp_label":"26/608","gate_number":"26","Street":"608","Block":"90","Type":"external","Transport_mode":"النقل التقليدي","Capacity":4058,"Gate_Lat":21.352126999999999,"Gate_Lon":39.986414000000003,"Shape_Length":0.003891876574674301,"Shape_Area":5.3889545045295812e-07}},{"type":"Feature","id":217,"geometry":{"type":"Polygon","coordinates":[[[39.986181548000047,21.337749021000093],[39.986231139000154,21.338479462000009],[39.986208747000035,21.338555886000108],[39.985577417000059,21.338669013000185],[39.985621787000184,21.338551455000015],[39.98562290000018,21.338547954000035],[39.985644665000109,21.338464166000165],[39.985645580000096,21.338459092000107],[39.985645717000182,21.338453949000154],[39.985642028000143,21.338379273000157],[39.985641408999982,21.338374286000032],[39.985535488000039,21.337857586999974],[39.985688734000121,21.337831474000041],[39.985635975000093,21.337557657000048],[39.986162665000165,21.337470908000057],[39.986181548000047,21.337749021000093]]]},"properties":{"OBJECTID":217,"camp_label":"4/506","gate_number":"4","Street":"506","Block":"7-16","Type":"external","Transport_mode":"النقل التقليدي","Capacity":2096,"Gate_Lat":21.338072,"Gate_Lon":39.985579000000001,"Shape_Length":0.0035334246463907702,"Shape_Area":6.3834538060815596e-07}},{"type":"Feature","id":218,"geometry":{"type":"Polygon","coordinates":[[[39.987061857000128,21.352251461000094],[39.986745118000101,21.352470078000124],[39.98601083200009,21.351404144000071],[39.986181685000133,21.351323947000083],[39.986230146000139,21.351394294000102],[39.986290913999994,21.351357554000117],[39.98626215500019,21.351315806000002],[39.98633508100005,21.351271719000181],[39.986391805000096,21.351280687000042],[39.986409083000126,21.351312992000146],[39.986530347000041,21.351481197000112],[39.98678374900004,21.351326301000086],[39.986878032999982,21.351460572999997],[39.986642720000191,21.351612185000135],[39.987061857000128,21.352251461000094]]]},"properties":{"OBJECTID":218,"camp_label":"55/68","gate_number":"55","Street":"68","Block":"90","Type":"external","Transport_mode":"النقل التقليدي","Capacity":4480,"Gate_Lat":21.35201,"Gate_Lon":39.986427999999997,"Shape_Length":0.0039671522659792281,"Shape_Area":5.3223059785904831e-07}},{"type":"Feature","id":219,"geometry":{"type":"Polygon","coordinates":[[[39.985468081000079,21.337872345000164],[39.985257699000044,21.337920863000079],[39.985309696000172,21.338184697000088],[39.98513686900003,21.33822355500007],[39.984987890000184,21.338252380000085],[39.984962542000062,21.338187574000017],[39.984842501000173,21.337862485000073],[39.984801490000052,21.337706918000038],[39.985004069000013,21.337653826000121],[39.984960618000059,21.337385007000137],[39.985359429000141,21.337322392000033],[39.985468081000079,21.337872345000164]]]},"properties":{"OBJECTID":219,"camp_label":"8/502","gate_number":"8","Street":"502","Block":"6-4","Type":"external","Transport_mode":"النقل التقليدي","Capacity":1364,"Gate_Lat":21.338007000000001,"Gate_Lon":39.984895999999999,"Shape_Length":0.0028367177572340141,"Shape_Area":3.9135107528950723e-07}},{"type":"Feature","id":220,"geometry":{"type":"MultiPolygon","coordinates":[[[[39.990789675003896,21.357847156984008],[39.989935764000165,21.357807051000009],[39.98988247799997,21.358431771000028],[39.989588301000083,21.358421638000152],[39.98955974800009,21.358750158000191],[39.989277419000132,21.358723472000122],[39.988992850000102,21.358696571999985],[39.988662428000112,21.35866738500016],[39.988685184000076,21.358392241000161],[39.988661569000158,21.358388117000175],[39.988693211999987,21.358069045000036],[39.988721481000141,21.35806739700007],[39.989011179000101,21.358090400000094],[39.989031510000132,21.357755324000095],[39.989335392000044,21.357771560000003],[39.98963493600013,21.357789267000157],[39.990789675003896,21.357847156984008]]],[[[39.990789675003896,21.357847156984008],[39.991711179360834,21.357846735048781],[39.991681939340083,21.358036309292572],[39.991702548566991,21.358110797964514],[39.99174421579221,21.358174265136483],[39.991825857693982,21.35819586810851],[39.992171965733462,21.358124621027912],[39.99225662616783,21.358080613584548],[39.992313105961273,21.357889297304723],[39.992725482719436,21.357825990705123],[39.993144298816844,21.357680460333881],[39.993661641210963,21.357396716219853],[39.993429316303946,21.357608460790516],[39.990754597784189,21.359288446893117],[39.990343679940452,21.359597987196707],[39.990336572976389,21.359376843169002],[39.990291297416547,21.359265202728977],[39.990262475812585,21.359143943122376],[39.990217147336352,21.359070619100692],[39.990746777656739,21.359092135072274],[39.990762374170117,21.358864072379617],[39.990739106028059,21.358838440324575],[39.990789675003896,21.357847156984008]]]]},"properties":{"OBJECTID":220,"camp_label":"2/641","gate_number":"2","Street":"641","Block":"119","Type":"external","Transport_mode":"النقل الترددي","Capacity":3847,"Gate_Lat":21.358711,"Gate_Lon":39.989148,"Shape_Length":0.015818623719124993,"Shape_Area":2.6516620958836517e-06}},{"type":"Feature","id":221,"geometry":{"type":"Polygon","coordinates":[[[39.988693211999987,21.358069045000036],[39.988661569000158,21.358388117000175],[39.988685184000076,21.358392241000161],[39.988662428000112,21.35866738500016],[39.988350776000118,21.358639849000042],[39.987781975000189,21.358589597000105],[39.987572195000041,21.358579804000101],[39.987522849000072,21.35857642000019],[39.987569688000121,21.357831648000001],[39.987847015000057,21.357846377000101],[39.98786391800013,21.357849527000155],[39.987874119000026,21.357686938000143],[39.987932149000187,21.357690749000028],[39.988145372000133,21.357703078000043],[39.988446283000087,21.357720817000029],[39.988737889000049,21.357738013000187],[39.989031510000132,21.357755324000095],[39.989011179000101,21.358090400000094],[39.988721481000141,21.35806739700007],[39.988693211999987,21.358069045000036]]]},"properties":{"OBJECTID":221,"camp_label":"4/641","gate_number":"4","Street":"641","Block":"119","Type":"external","Transport_mode":"النقل الترددي","Capacity":3878,"Gate_Lat":21.358637000000002,"Gate_Lon":39.988315,"Shape_Length":0.0047821400107098695,"Shape_Area":1.1005054162916244e-06}},{"type":"Feature","id":222,"geometry":{"type":"Polygon","coordinates":[[[39.988766704000057,21.350131655000041],[39.988830063000023,21.350267447000078],[39.989180294000164,21.350839958000108],[39.988914234000163,21.351015300000029],[39.988082036000037,21.351547292000191],[39.987860727000111,21.35170004600019],[39.987269303000062,21.350828402000047],[39.987468155000158,21.35073278800013],[39.988200748000111,21.350374914000156],[39.988384395000139,21.35028520000003],[39.988751722000075,21.350105758000097],[39.988766704000057,21.350131655000041]]]},"properties":{"OBJECTID":222,"camp_label":"57/68","gate_number":"57","Street":"68","Block":"90","Type":"external","Transport_mode":"النقل التقليدي","Capacity":4291,"Gate_Lat":21.350535000000001,"Gate_Lon":39.987879,"Shape_Length":0.0051286937355014186,"Shape_Area":1.5183873900912614e-06}},{"type":"Feature","id":223,"geometry":{"type":"Polygon","coordinates":[[[39.99461631600019,21.343954306000057],[39.994365541000093,21.344104019000099],[39.994243632000064,21.344176794000134],[39.994115253000189,21.344253436000088],[39.993812713000182,21.343824672000153],[39.99369062300002,21.343898914000079],[39.993595472999971,21.343774505000169],[39.993722677000051,21.343697074999966],[39.993622426000172,21.343554999000162],[39.993388421000077,21.343229136000105],[39.993647359000192,21.343067494000024],[39.993975524000064,21.343542128000024],[39.994220766000126,21.343385609000165],[39.994411129000127,21.343654726000125],[39.994527720000121,21.343819549000159],[39.99461631600019,21.343954306000057]]]},"properties":{"OBJECTID":223,"camp_label":"2/529","gate_number":"2","Street":"529","Block":"8-10","Type":"external","Transport_mode":"النقل التقليدي","Capacity":2108,"Gate_Lat":21.344069000000001,"Gate_Lon":39.994424000000002,"Shape_Length":0.0039978326782392085,"Shape_Area":5.974698606788835e-07}},{"type":"Feature","id":224,"geometry":{"type":"Polygon","coordinates":[[[39.993916693000074,21.343972032000067],[39.994115253000189,21.344253435000041],[39.994003562000103,21.344320114000141],[39.993863870999974,21.344403505000173],[39.993611970000188,21.344553881000024],[39.99350712200004,21.344403677000173],[39.993412657000135,21.344268341000031],[39.993210800000043,21.343983416000128],[39.993465958000002,21.343830592000131],[39.993476747000102,21.343846079000059],[39.99323227800005,21.343478588000096],[39.99346173400005,21.343326390000129],[39.993476784000052,21.343346357000087],[39.993622424000193,21.343554998000059],[39.993722678000097,21.34369707400009],[39.993595475000177,21.343774503000191],[39.993690622000145,21.343898912999975],[39.993812713000182,21.343824672000153],[39.993916693000074,21.343972032000067]]]},"properties":{"OBJECTID":224,"camp_label":"4/529","gate_number":"4","Street":"529","Block":"8-10","Type":"external","Transport_mode":"النقل التقليدي","Capacity":2040,"Gate_Lat":21.3444,"Gate_Lon":39.993870000000001,"Shape_Length":0.0037430865093596773,"Shape_Area":5.0500026847369794e-07}},{"type":"Feature","id":225,"geometry":{"type":"Polygon","coordinates":[[[39.979529872000171,21.353397252000093],[39.980034132000128,21.354127817000062],[39.979530420000003,21.354432931000076],[39.979500575000145,21.354389687999969],[39.979415544999995,21.354441199000064],[39.979445388999977,21.35448443700011],[39.979238885000143,21.354609524000068],[39.97915750500016,21.354491620999966],[39.979062540000029,21.354449180000131],[39.978332148000163,21.354122748999998],[39.978722126000093,21.353886524000075],[39.978969631000098,21.353736605000051],[39.979529872000171,21.353397252000093]]]},"properties":{"OBJECTID":225,"camp_label":"29/204","gate_number":"29","Street":"204","Block":"37","Type":"external","Transport_mode":"النقل التقليدي","Capacity":4008,"Gate_Lat":21.354313999999999,"Gate_Lon":39.978760000000001,"Shape_Length":0.0043701545843702685,"Shape_Area":9.9351247719861625e-07}},{"type":"Feature","id":226,"geometry":{"type":"MultiPolygon","coordinates":[[[[39.986699784999985,21.346531044000074],[39.986373125000171,21.346132921999981],[39.986208841000064,21.345940303000134],[39.986146162000125,21.345855333000031],[39.986136880000061,21.345826220000049],[39.986135895000075,21.3457968620001],[39.986146989000076,21.345765450000158],[39.986247060000096,21.345708561000151],[39.986278446000028,21.345757145000107],[39.986327392000192,21.345733768000002],[39.98631578100003,21.345705734000035],[39.986307234000094,21.345678237000129],[39.986455619000026,21.345593455000028],[39.986772551000172,21.345417276000148],[39.986958850000008,21.345677249000062],[39.986968465000189,21.345690670000181],[39.98716248900007,21.345969689000071],[39.98731041700006,21.346172915000011],[39.987163390999967,21.346265949999975],[39.987154193000094,21.346271768000122],[39.98713318300014,21.346241903000077],[39.986699784999985,21.346531044000074]]],[[[39.987595822000173,21.346632341000031],[39.987376058000109,21.346763733000046],[39.987335973000086,21.346708077000073],[39.987317176000033,21.346681980000142],[39.987084096999979,21.346444182000027],[39.986860937000188,21.346649418000084],[39.986749400000122,21.346541920000107],[39.986781578000091,21.346514799999966],[39.986941566000041,21.346427161999998],[39.987305304000074,21.346226999000066],[39.987329172000102,21.346222863000094],[39.987340567999979,21.346224802000165],[39.987350781000032,21.34623013900017],[39.987359133000041,21.346240271999989],[39.987451963000069,21.346394301000032],[39.987595822000173,21.346632341000031]]]]},"properties":{"OBJECTID":226,"camp_label":"5/112","gate_number":"5","Street":"112","Block":"10","Type":"external","Transport_mode":"النقل التقليدي","Capacity":3368,"Gate_Lat":21.345970000000001,"Gate_Lon":39.987161999999998,"Shape_Length":0.0057627099055243096,"Shape_Area":8.671497408874479e-07}},{"type":"Feature","id":227,"geometry":{"type":"MultiPolygon","coordinates":[[[[39.993151827000077,21.345931813000163],[39.992730974000153,21.346188440000162],[39.992469032000145,21.345812162000129],[39.992635458000052,21.345709377000048],[39.992499421000048,21.345522923999965],[39.992209997000089,21.345704099000159],[39.992113822000078,21.345572334000167],[39.991981967000072,21.345395183000164],[39.992749318000051,21.344936957000073],[39.993082201000163,21.345418647000145],[39.993197126000155,21.345348226999988],[39.993482537000034,21.345742958000073],[39.993163729000173,21.345943101000046],[39.993151827000077,21.345931813000163]]],[[[39.995041781000111,21.34562808700008],[39.995060521000084,21.345623296000099],[39.995079833000034,21.345621339000047],[39.99509923100004,21.345622267000124],[39.995118230000116,21.345626056000185],[39.995136351000099,21.345632609000063],[39.995153139000081,21.345641763000117],[39.99516817000017,21.34565328900004],[39.995181069000068,21.345666895000079],[39.995191511000087,21.345682240000031],[39.995199583000044,21.34570418800007],[39.995203667000169,21.345727086000181],[39.995203646999983,21.345750301000066],[39.995199525000032,21.345773192000081],[39.995191414000146,21.345795128000134],[39.995179539000162,21.345815504000029],[39.995164227000089,21.345833756000104],[39.993880304000186,21.346623174000058],[39.993858782000189,21.346629003000089],[39.993836538000153,21.346631488000071],[39.993814158000077,21.346630564000122],[39.993792233000079,21.346626255000047],[39.993771342000059,21.346618675000116],[39.993752039000128,21.346608026000069],[39.993734831000154,21.346594586000037],[39.993720176000068,21.346578713000042],[39.993710016000136,21.34656471400001],[39.993702293000126,21.346549410000023],[39.993697192000127,21.3465331700001],[39.993694837000021,21.346516386000133],[39.993695285000058,21.346499462000111],[39.99369852600006,21.346482808000189],[39.993704480000019,21.346466824000117],[39.993713003000096,21.346451898000112],[39.993723892000048,21.346438388000081],[39.995041781000111,21.34562808700008]]]]},"properties":{"OBJECTID":227,"camp_label":"21/62","gate_number":"21","Street":"62","Block":"42","Type":"external","Transport_mode":"النقل التقليدي","Capacity":3527,"Gate_Lat":21.345119,"Gate_Lon":39.992443999999999,"Shape_Length":0.0083186280950036506,"Shape_Area":1.2616190226314483e-06}},{"type":"Feature","id":228,"geometry":{"type":"Polygon","coordinates":[[[39.989238688,21.348257663000027],[39.989461361000053,21.34812995700014],[39.989652638000166,21.348460721000151],[39.989756837000186,21.348640912000064],[39.989819097000179,21.348716127000159],[39.990366055000152,21.34839477200012],[39.990439922999997,21.348497139000131],[39.991135539000027,21.348089402000085],[39.991228567000064,21.348221601000091],[39.989885197000149,21.34903086800017],[39.989797481000153,21.349086897000063],[39.989614522000011,21.349203750000072],[39.989553497000031,21.349240803000043],[39.989204336,21.348739435000084],[39.989467330000082,21.348575742000151],[39.989238688,21.348257663000027]]]},"properties":{"OBJECTID":228,"camp_label":"26/204","gate_number":"26","Street":"204","Block":"43","Type":"external","Transport_mode":"النقل التقليدي","Capacity":2364,"Gate_Lat":21.348316000000001,"Gate_Lon":39.989569000000003,"Shape_Length":0.0059464802117885854,"Shape_Area":7.3182104781907836e-07}},{"type":"Feature","id":229,"geometry":{"type":"Polygon","coordinates":[[[39.989553497000031,21.349240803000043],[39.989187665000145,21.349462909000124],[39.989081688000169,21.349529606000033],[39.988947570000107,21.34961400300017],[39.988839755000129,21.349681277000059],[39.988708357000121,21.349763259000099],[39.988642636000066,21.3498023410001],[39.988623154000095,21.34981613900004],[39.988584449000143,21.349803661000067],[39.988513973000181,21.349617329000068],[39.98836144500018,21.349214156000016],[39.988181436000104,21.34876419800014],[39.988268897000182,21.348714444000109],[39.98851916000018,21.348559616000045],[39.988768797000148,21.349021103000155],[39.988884419000101,21.349234855000077],[39.988936263000141,21.349201089000132],[39.988889990000132,21.349111626000081],[39.98863744800019,21.348602511000138],[39.988798197000051,21.348510308000073],[39.988974402000167,21.348409246000074],[39.989238688,21.348257663000027],[39.989467330000082,21.348575742000151],[39.989204336,21.348739435000084],[39.989553497000031,21.349240803000043]]]},"properties":{"OBJECTID":229,"camp_label":"28/204","gate_number":"28","Street":"204","Block":"43","Type":"external","Transport_mode":"النقل التقليدي","Capacity":3984,"Gate_Lat":21.348831000000001,"Gate_Lon":39.988751000000001,"Shape_Length":0.0061486206399312925,"Shape_Area":1.1332593824329201e-06}},{"type":"Feature","id":230,"geometry":{"type":"Polygon","coordinates":[[[39.985365214000183,21.337029114000131],[39.985341858000027,21.336644125000134],[39.985262051000063,21.336250187000076],[39.985282658000074,21.336184333999995],[39.98578968400011,21.336464017000139],[39.986101366000128,21.336909179000031],[39.986161097000036,21.337447849],[39.986162665000165,21.337470907000181],[39.985635976000026,21.337557656000115],[39.985688734999997,21.337831472000062],[39.985535488000039,21.337857586999974],[39.985478740000133,21.337580731000173],[39.985424169000169,21.33731451400007],[39.985734022000145,21.337259588000165],[39.985684912000124,21.336983180000061],[39.985365214000183,21.337029114000131]]]},"properties":{"OBJECTID":230,"camp_label":"1/504","gate_number":"1","Street":"504","Block":"6-7","Type":"external","Transport_mode":"النقل التقليدي","Capacity":3080,"Gate_Lat":21.337478000000001,"Gate_Lon":39.985458000000001,"Shape_Length":0.0049850602888875549,"Shape_Area":7.4501670736742415e-07}},{"type":"Feature","id":231,"geometry":{"type":"MultiPolygon","coordinates":[[[[39.978121806000161,21.341148793000173],[39.978206288000081,21.341272343000071],[39.978374222000127,21.341514695000058],[39.978593022000098,21.341834040000094],[39.978426195000054,21.341891539000187],[39.978239884000175,21.341851698000141],[39.977923422999993,21.341801436000083],[39.977656834000072,21.341411010000115],[39.978105381000148,21.341139828000053],[39.978121806000161,21.341148793000173]]],[[[39.978918016000137,21.341222870000024],[39.979337333000103,21.341271371000175],[39.979487550000044,21.341483068000059],[39.979357130000096,21.341563514000143],[39.979617282000106,21.341911697000057],[39.979458803000057,21.342000911000184],[39.979267623000055,21.342118121000112],[39.978785255999981,21.341986569000028],[39.978788070000064,21.341978448000191],[39.97876814000017,21.341973098000096],[39.978646605000165,21.341797628000108],[39.978503690000139,21.341591498000128],[39.978213385000004,21.34116860600011],[39.978216112000155,21.341163802000096],[39.978918016000137,21.341222870000024]]]]},"properties":{"OBJECTID":231,"camp_label":"10/643","gate_number":"10","Street":"643","Block":"120","Type":"internal","Transport_mode":"النقل التقليدي","Capacity":2361,"Gate_Lat":21.341657000000001,"Gate_Lon":39.978549000000001,"Shape_Length":0.0064266893923112514,"Shape_Area":1.1477058155127896e-06}},{"type":"Feature","id":232,"geometry":{"type":"MultiPolygon","coordinates":[[[[39.991500460000111,21.355275426999981],[39.991487882000115,21.355288249000182],[39.991478988000097,21.355301412000131],[39.991472472000112,21.355315745000155],[39.991468505000057,21.355330873000128],[39.991467189000105,21.355346402000123],[39.991468290000114,21.355358874000046],[39.991472580000107,21.355377044000136],[39.991479146000131,21.355391356000098],[39.991488085000071,21.355404491000002],[39.991499167000086,21.35541610700011],[39.991231669000172,21.355579746000046],[39.991216468000061,21.35558740700003],[39.991200096000114,21.355592530000024],[39.991183033000027,21.355594962000055],[39.991165776000116,21.355594634000056],[39.991148832000135,21.355591552000135],[39.991132696000079,21.355585809000104],[39.991117840000072,21.355577574000051],[39.99069696100014,21.355272997000156],[39.99066836999998,21.355308705000084],[39.990471681000145,21.355170551000185],[39.991127557000084,21.354765797000084],[39.991168887000129,21.354755259000115],[39.991211529999987,21.354751450000094],[39.991254241999968,21.354754479000064],[39.991295784000044,21.354764260000081],[39.991334951000169,21.354780506000168],[39.991370606000032,21.354802745000143],[39.991545257000155,21.355049069000074],[39.991419779000069,21.355119466000133],[39.991511819000095,21.355266766000057],[39.991500460000111,21.355275426999981]]],[[[39.990486223000119,21.355287834000023],[39.991024520000167,21.355648937000183],[39.991186062000054,21.355694629000027],[39.990792103000047,21.355994596000073],[39.990416376000098,21.355479270000103],[39.990403054000069,21.355431344000181],[39.990397154000107,21.35538213000001],[39.990398798000058,21.355332630000191],[39.99040794900003,21.355283853000174],[39.990486223000119,21.355287834000023]]],[[[39.991171990000112,21.356070098000089],[39.991139846999999,21.356078536000098],[39.99110956100003,21.356091684000148],[39.991081914000119,21.356109205000052],[39.991057617000138,21.356130648000146],[39.99103730000013,21.35615545700017],[39.991021482000065,21.356182994000051],[39.991010576000065,21.356212549000077],[39.991004862000125,21.356243357000153],[39.991004486000122,21.356274625000083],[39.991009458000178,21.356305545000168],[39.991019651000045,21.356335321000131],[39.990820885000119,21.356043294000187],[39.991590968000139,21.355612275000169],[39.991636637999989,21.355629263000139],[39.991679384000179,21.355651963000071],[39.991718397000113,21.355679949000091],[39.991752940000026,21.355712687000107],[39.991782354000179,21.355749559000174],[39.991806085000064,21.355789867000112],[39.991823683000121,21.35583284400019],[39.991834813000139,21.355877679000116],[39.991839264000077,21.355923521000136],[39.991836955000167,21.35596950300004],[39.991827926000042,21.356014749000053],[39.991812349000043,21.356058406000045],[39.991790521000041,21.356099647000178],[39.991762852000136,21.356137687000114],[39.991529849000131,21.356043551000141],[39.991171990000112,21.356070098000089]]],[[[39.991928490000191,21.3560948330001],[39.991906792000179,21.356033922000165],[39.991926040000124,21.355994812999995],[39.991939007000042,21.355953495000165],[39.991945413000053,21.355910848000065],[39.99194512300005,21.355867783000178],[39.991938144000073,21.355825215000038],[39.991924622000056,21.355784054000083],[39.991904849000093,21.355745175000152],[39.992128336000178,21.356069632000072],[39.992218589000117,21.356326760000059],[39.992290908000143,21.357067015999974],[39.992219107000153,21.357077145000062],[39.992146859000059,21.356707845000017],[39.992000105000159,21.356188116000112],[39.991928490000191,21.3560948330001]]],[[[39.992805797000187,21.357065290000037],[39.992813976999969,21.357089943000005],[39.992817567000088,21.357115540000109],[39.992816466000079,21.357141334999994],[39.992810703000089,21.357166580000069],[39.99257424200016,21.357263490000093],[39.992468571000188,21.357064206000132],[39.992395083000133,21.357066861000078],[39.992320806000123,21.356247674000087],[39.992793268000128,21.357042296000088],[39.992805797000187,21.357065290000037]]],[[[39.992146859000059,21.356707845000017],[39.992203999000139,21.357123983000179],[39.992404024000109,21.357118174000163],[39.992533827000102,21.357321017000118],[39.992733805000114,21.357308266000075],[39.992562304000046,21.357515207000063],[39.99239671600003,21.35749998700004],[39.992420417999995,21.357351768000115],[39.992145518000029,21.357242330000133],[39.992104154000117,21.35699522200008],[39.992118140000059,21.356844526000089],[39.991827234000141,21.356191449000107],[39.991890468000065,21.356045310000184],[39.991928490000191,21.3560948330001],[39.992146859000059,21.356707845000017]]]]},"properties":{"OBJECTID":232,"camp_label":"3/531","gate_number":"3","Street":"531","Block":"8-14","Type":"external","Transport_mode":"النقل الترددي","Capacity":3760,"Gate_Lat":21.356045000000002,"Gate_Lon":39.991506999999999,"Shape_Length":0.017387839834276431,"Shape_Area":1.638716657623652e-06}},{"type":"Feature","id":233,"geometry":{"type":"Polygon","coordinates":[[[39.994052582000052,21.356380238000042],[39.994154824000191,21.356459776000008],[39.993896251000194,21.356751455999984],[39.993708505000086,21.356943598999976],[39.993641589000049,21.357012080000061],[39.993534303000104,21.3571218780001],[39.993391740999982,21.356920338000123],[39.993119604000128,21.356535615000155],[39.992990020999969,21.356347202000109],[39.993217978000132,21.356202316000065],[39.99297674100012,21.355876720000083],[39.993062385000087,21.355823184000087],[39.993245764000108,21.355708113000105],[39.993767273000174,21.355380871000023],[39.994067432000065,21.355857216000061],[39.99415502700009,21.355996232000052],[39.993895241000075,21.356161229999998],[39.994052582000052,21.356380238000042]]]},"properties":{"OBJECTID":233,"camp_label":"5/531","gate_number":"5","Street":"531","Block":"8-14","Type":"external","Transport_mode":"النقل الترددي","Capacity":4008,"Gate_Lat":21.355577,"Gate_Lon":39.993454,"Shape_Length":0.0048972700323510641,"Shape_Area":1.1924572116277127e-06}},{"type":"Feature","id":234,"geometry":{"type":"Polygon","coordinates":[[[39.977904119000186,21.340683568000145],[39.977619271000094,21.340208164000046],[39.97776151000005,21.340108165000061],[39.978019795000193,21.339919971000086],[39.978285962000086,21.339727057000118],[39.978834333000066,21.340522426000121],[39.97908184500011,21.340366252000024],[39.979180326000176,21.34051004600019],[39.979087350000157,21.340613577000113],[39.978961327000093,21.340758122000068],[39.978956902000164,21.340817955000148],[39.978929447000098,21.341046655000071],[39.978332507000118,21.34100050700016],[39.978098967000165,21.340969371000085],[39.978089663999981,21.340956089000031],[39.977996924000138,21.340819163000106],[39.977904119000186,21.340683568000145]]]},"properties":{"OBJECTID":234,"camp_label":"6/643","gate_number":"6","Street":"643","Block":"120","Type":"internal","Transport_mode":"النقل التقليدي","Capacity":2322,"Gate_Lat":21.340495000000001,"Gate_Lon":39.977791000000003,"Shape_Length":0.0046109095018191841,"Shape_Area":1.0961104520590541e-06}},{"type":"Feature","id":235,"geometry":{"type":"Polygon","coordinates":[[[39.979633512000191,21.340024566000125],[39.979384644000049,21.340292709000039],[39.979226784000105,21.340462790000174],[39.979180326000176,21.34051004600019],[39.979081846000042,21.34036625300007],[39.978834333000066,21.340522426000121],[39.978285962000086,21.339727057000118],[39.978524243000152,21.339554356000122],[39.978993434000188,21.339645176000033],[39.979335960000071,21.339695608000113],[39.979900765000025,21.339747390000127],[39.979843820000042,21.33981621200013],[39.979633512000191,21.340024566000125]]]},"properties":{"OBJECTID":235,"camp_label":"8/643","gate_number":"8","Street":"643","Block":"120","Type":"internal","Transport_mode":"النقل التقليدي","Capacity":1029,"Gate_Lat":21.339687000000001,"Gate_Lon":39.979278999999998,"Shape_Length":0.004168134575680593,"Shape_Area":8.5767162746005901e-07}},{"type":"Feature","id":236,"geometry":{"type":"Polygon","coordinates":[[[39.992013364000115,21.352576652000096],[39.992168318000097,21.352800184000102],[39.991921981000075,21.352948487000049],[39.992108798000174,21.353207312000052],[39.992318858000147,21.353503939000177],[39.99152052900007,21.354002824000133],[39.991363475000071,21.354092539000192],[39.991166170000156,21.353810256000031],[39.991018310000186,21.353588895000087],[39.990762635000067,21.353218292000065],[39.991023532999975,21.35305879100008],[39.991616449000048,21.352688751000187],[39.99194944900006,21.352482225000188],[39.992013364000115,21.352576652000096]]]},"properties":{"OBJECTID":236,"camp_label":"4/528","gate_number":"4","Street":"528","Block":"8-12","Type":"external","Transport_mode":"النقل الترددي","Capacity":3820,"Gate_Lat":21.352732,"Gate_Lon":39.991548999999999,"Shape_Length":0.0049358777121297657,"Shape_Area":1.2952082007831328e-06}},{"type":"Feature","id":237,"geometry":{"type":"Polygon","coordinates":[[[39.992777488000058,21.352208695000115],[39.993250931000091,21.352914703000067],[39.992318858000147,21.353503939000177],[39.992108798000174,21.353207312000052],[39.991921977000061,21.352948489000028],[39.992070747000128,21.352860484000132],[39.992168318000097,21.352800184000102],[39.99194944900006,21.352482225000188],[39.992664212000136,21.352041075999978],[39.992947011000183,21.351866538000138],[39.99306238600019,21.352030238000168],[39.992777488000058,21.352208695000115]]]},"properties":{"OBJECTID":237,"camp_label":"1/526","gate_number":"1","Street":"526","Block":"8-12","Type":"external","Transport_mode":"النقل الترددي","Capacity":3462,"Gate_Lat":21.352080999999998,"Gate_Lon":39.992600000000003,"Shape_Length":0.0050177082835870732,"Shape_Area":1.1381786863445086e-06}},{"type":"Feature","id":238,"geometry":{"type":"Polygon","coordinates":[[[39.982749368999976,21.374489374000177],[39.982772403000126,21.374523239000041],[39.982782321000059,21.374537624000084],[39.982849105000071,21.374633263000135],[39.982777027000168,21.374677643000041],[39.982870451000053,21.374812366000072],[39.982943020000107,21.374770149000085],[39.983039100000099,21.374908579000135],[39.983247119000168,21.375197790000186],[39.983368011000039,21.375130628000136],[39.983433734000016,21.375222552000082],[39.983065268000132,21.375447137000151],[39.983000354000069,21.375353392000079],[39.982832467000094,21.375458801000036],[39.98252602499997,21.375011537000148],[39.982369097000173,21.375104505000024],[39.982280164000144,21.374979435000171],[39.98234766700017,21.374936605000187],[39.982270360000086,21.374825307000037],[39.982101210999986,21.37458167900013],[39.981872975000158,21.374718603000076],[39.981835090999994,21.374665788000073],[39.981868095999971,21.37464562100007],[39.98179853400012,21.374547227000107],[39.982242371000154,21.374273532000075],[39.982379915000138,21.374183561000052],[39.982490487000064,21.374116527000183],[39.982583299000112,21.374250887000073],[39.982524555000055,21.374289173000079],[39.982465811000168,21.374327458000096],[39.982621609000091,21.374565109000173],[39.982749368999976,21.374489374000177]]]},"properties":{"OBJECTID":238,"camp_label":"3/613","gate_number":"3","Street":"613","Block":"109","Type":"external","Transport_mode":"النقل الترددي","Capacity":3062,"Gate_Lat":21.375366,"Gate_Lon":39.983198000000002,"Shape_Length":0.0054592007084453293,"Shape_Area":7.6916428294946137e-07}},{"type":"Feature","id":239,"geometry":{"type":"Polygon","coordinates":[[[39.996913164000148,21.347155465000128],[39.996780947000104,21.347782257000119],[39.996705815000098,21.347755316000132],[39.99662854900015,21.347734329000104],[39.996589069000038,21.347726877000184],[39.996528260000105,21.347718656000097],[39.996469774000047,21.3477107490001],[39.996389369000042,21.34770832200013],[39.99630902500013,21.347712173000048],[39.996229303000121,21.347722273000159],[39.996150754000098,21.347738555999968],[39.996073926000179,21.347760908000055],[39.995737132000158,21.347254150000026],[39.996070053000096,21.347039516000052],[39.996335934000172,21.347471084000063],[39.996351462000007,21.347481945000141],[39.996360449000122,21.34748541800019],[39.996369927000046,21.347487450000187],[39.996389298000111,21.347486996000157],[39.996398655000121,21.347484525000027],[39.996407446000035,21.347480634000135],[39.996422376000055,21.347469063000176],[39.996428101000049,21.347461701999976],[39.996435288000043,21.347444843000119],[39.996436549000066,21.347435812000185],[39.996436194000125,21.347426710000093],[39.996434234000105,21.347417786999983],[39.995846150000148,21.346438394000074],[39.996389628000145,21.346492268000077],[39.996945704000154,21.346488285000191],[39.996913164000148,21.347155465000128]]]},"properties":{"OBJECTID":239,"camp_label":"5/408","gate_number":"5","Street":"408","Block":"87","Type":"external","Transport_mode":"النقل الترددي","Capacity":3291,"Gate_Lat":21.347187999999999,"Gate_Lon":39.995840000000001,"Shape_Length":0.0059374138913855399,"Shape_Area":1.1111049644430493e-06}},{"type":"Feature","id":240,"geometry":{"type":"Polygon","coordinates":[[[39.98225530600007,21.339646569000024],[39.981861997000124,21.339881650000052],[39.981319407000171,21.339039589000095],[39.982242596000049,21.339114731999985],[39.982541825000055,21.339139089000184],[39.983292747000178,21.339200209000069],[39.983302706000018,21.339267354000185],[39.983304142000179,21.339277029000186],[39.982826539000143,21.339562134000062],[39.982694489000096,21.339374057000043],[39.98225530600007,21.339646569000024]]]},"properties":{"OBJECTID":240,"camp_label":"2/637","gate_number":"2","Street":"637","Block":"118","Type":"external","Transport_mode":"النقل التقليدي","Capacity":2112,"Gate_Lat":21.339780999999999,"Gate_Lon":39.981797,"Shape_Length":0.0048203616599627186,"Shape_Area":7.9746357581560124e-07}},{"type":"Feature","id":241,"geometry":{"type":"Polygon","coordinates":[[[39.98255637200009,21.340926445999969],[39.982561163000071,21.340933728000039],[39.982361936000189,21.341057631000069],[39.982445291000033,21.341163115000143],[39.982259870000064,21.341302646000031],[39.98217435700019,21.341293893000113],[39.981302604999996,21.341204652000101],[39.98149142200009,21.340363976000162],[39.98152206900005,21.340227518000063],[39.981532071000174,21.340182985000183],[39.981643245000157,21.34034619900001],[39.981631555000035,21.340411956000025],[39.98177692500019,21.340431547000151],[39.981727657000192,21.340618699000174],[39.981767830000024,21.340675873000123],[39.982216368000024,21.3404095570001],[39.98255637200009,21.340926445999969]]]},"properties":{"OBJECTID":241,"camp_label":"3/637","gate_number":"3","Street":"637","Block":"118","Type":"external","Transport_mode":"النقل التقليدي","Capacity":3960,"Gate_Lat":21.340623000000001,"Gate_Lon":39.981433000000003,"Shape_Length":0.004433904537024972,"Shape_Area":8.1384571283098735e-07}},{"type":"Feature","id":242,"geometry":{"type":"Polygon","coordinates":[[[39.982633171000145,21.340479291000008],[39.98262022300014,21.340506005000123],[39.982597626000143,21.340552613000057],[39.982729325000093,21.340949353000042],[39.98262371900006,21.34102883200012],[39.982445291000033,21.341163115000143],[39.982361936000189,21.341057631000069],[39.982561162000138,21.340933729000142],[39.982216367000149,21.340409558000033],[39.981767830000024,21.340675873000123],[39.981727657000192,21.340618699000174],[39.98177692500019,21.340431548000083],[39.981631555000035,21.340411956000025],[39.981643245000157,21.34034619900001],[39.981532071000174,21.340182985000183],[39.981559090000189,21.340062695000029],[39.982255307000173,21.339646568000148],[39.98237863200012,21.339822039000182],[39.982761634000042,21.340365279000025],[39.982633171000145,21.340479291000008]]]},"properties":{"OBJECTID":242,"camp_label":"5/637","gate_number":"5","Street":"637","Block":"118","Type":"external","Transport_mode":"النقل التقليدي","Capacity":2880,"Gate_Lat":21.340105999999999,"Gate_Lon":39.981549000000001,"Shape_Length":0.0050327543920364931,"Shape_Area":8.2409795493883974e-07}},{"type":"Feature","id":243,"geometry":{"type":"Polygon","coordinates":[[[39.977898066000137,21.345450990000074],[39.977911902000017,21.345471183000029],[39.977621536000186,21.345646992000127],[39.977132298000186,21.344940371000177],[39.978011804000118,21.344409723000183],[39.978285467000148,21.34424460800011],[39.978442292000068,21.344470971000078],[39.978160746000185,21.344631756000126],[39.978257170000177,21.344775496000125],[39.97849896300005,21.345117343000084],[39.978409217000092,21.345171272000186],[39.978399182000032,21.345156666000037],[39.978307779000033,21.345210957000177],[39.978317933000142,21.345226322000144],[39.978241237000191,21.345272632000047],[39.977972636000118,21.345434810000143],[39.977958751000074,21.345414601000186],[39.977898066000137,21.345450990000074]]]},"properties":{"OBJECTID":243,"camp_label":"51/68","gate_number":"51","Street":"68","Block":"89","Type":"external","Transport_mode":"النقل التقليدي","Capacity":3402,"Gate_Lat":21.345345999999999,"Gate_Lon":39.978119999999997,"Shape_Length":0.004507375973324612,"Shape_Area":9.6098662477928531e-07}},{"type":"Feature","id":244,"geometry":{"type":"Polygon","coordinates":[[[39.983304142000179,21.339277029000186],[39.983349081000028,21.339580084000147],[39.983390069000052,21.33987197200014],[39.983180601000129,21.34003640300017],[39.98286817800016,21.34028164700004],[39.982761634000042,21.340365279000025],[39.982378633000053,21.339822040000115],[39.982255305000137,21.339646569000024],[39.982694489000096,21.339374057000043],[39.982826539000143,21.339562134000062],[39.983304142000179,21.339277029000186]]]},"properties":{"OBJECTID":244,"camp_label":"7/637","gate_number":"7","Street":"637","Block":"118","Type":"external","Transport_mode":"النقل التقليدي","Capacity":3376,"Gate_Lat":21.339580000000002,"Gate_Lon":39.983348999999997,"Shape_Length":0.0035820949007159169,"Shape_Area":6.7707380951750273e-07}},{"type":"Feature","id":245,"geometry":{"type":"Polygon","coordinates":[[[39.98000482100008,21.347734207000087],[39.979439738000167,21.34808224600016],[39.978822902000104,21.347230539000122],[39.979514070000107,21.346792234000191],[39.979676719000111,21.346689093999998],[39.97982211599998,21.346904674000086],[39.979979983000192,21.347154225000054],[39.979715439000131,21.347306111000023],[39.98000482100008,21.347734207000087]]]},"properties":{"OBJECTID":245,"camp_label":"13/202","gate_number":"13","Street":"202","Block":"43","Type":"external","Transport_mode":"النقل التقليدي","Capacity":4428,"Gate_Lat":21.347677999999998,"Gate_Lon":39.979143999999998,"Shape_Length":0.0041033955482609706,"Shape_Area":8.8766890053245067e-07}},{"type":"Feature","id":246,"geometry":{"type":"Polygon","coordinates":[[[39.986967598000035,21.369641527999988],[39.986881343000107,21.369509059000166],[39.986621354000192,21.369636177000189],[39.986587299000121,21.369585571000073],[39.986559744000033,21.369544124000129],[39.986473543000102,21.369419677000053],[39.986435810000103,21.369346209000184],[39.986353891000135,21.369358601000158],[39.986124117000145,21.369384363000108],[39.986054959000114,21.369283437000149],[39.986053610999988,21.369284031000177],[39.985856425000009,21.368992701000082],[39.985775699000101,21.368877325000085],[39.985497282000097,21.369035162000102],[39.985438739000131,21.368964184999982],[39.986364092000031,21.368390868000063],[39.986448426000095,21.368497405000085],[39.986529712000049,21.368452877000152],[39.986812964000023,21.368863437000186],[39.986887437000064,21.368971375000058],[39.987245138000105,21.36948988000006],[39.986967598000035,21.369641527999988]]]},"properties":{"OBJECTID":246,"camp_label":"13/620","gate_number":"13","Street":"620","Block":"99","Type":"external","Transport_mode":"النقل الترددي","Capacity":4023,"Gate_Lat":21.369554999999998,"Gate_Lon":39.987124999999999,"Shape_Length":0.005027996345163801,"Shape_Area":1.0038220708511049e-06}},{"type":"Feature","id":247,"geometry":{"type":"Polygon","coordinates":[[[39.982434651000062,21.372540478000076],[39.982449508000116,21.372562580000135],[39.982362013999989,21.372617184000035],[39.982158491000121,21.372739355000078],[39.981971000000158,21.37285068000017],[39.981944760000147,21.372866317000103],[39.98170067500007,21.373010113000078],[39.98125112800011,21.372346066000148],[39.981487681000033,21.372201375000145],[39.981399490000115,21.372070083000153],[39.981306477000146,21.371929622000152],[39.981218143000149,21.371982397000181],[39.981117928000117,21.371837457000083],[39.980967114000066,21.37192884600006],[39.980870194000033,21.371790790000034],[39.981087477000131,21.371658671000034],[39.981145574000095,21.371622792000153],[39.981280303000119,21.371533656000054],[39.981330102000072,21.3715037340001],[39.981358932000148,21.371486441000172],[39.98137268000005,21.371478164999985],[39.981758322000132,21.372043489000077],[39.981994675000067,21.371902137000063],[39.981995282000014,21.371901722000132],[39.982434651000062,21.372540478000076]]]},"properties":{"OBJECTID":247,"camp_label":"13/608","gate_number":"13","Street":"608","Block":"100A","Type":"external","Transport_mode":"النقل الترددي","Capacity":3933,"Gate_Lat":21.372768000000001,"Gate_Lon":39.982111000000003,"Shape_Length":0.0052566231996079658,"Shape_Area":9.7469667093635845e-07}},{"type":"Feature","id":248,"geometry":{"type":"Polygon","coordinates":[[[39.980643539000027,21.370470262000026],[39.980659750000029,21.370493410000165],[39.980189753000104,21.370785752000188],[39.980040467000038,21.37057467000011],[39.980075914000054,21.370552456000041],[39.979978226000128,21.3704158540001],[39.979942878000031,21.370437707000065],[39.979733264000117,21.370128559000079],[39.979497678000143,21.370274283000072],[39.979299489000027,21.370006034000141],[39.979490203000182,21.369887632000143],[39.979489118000174,21.369886075000068],[39.980282386000056,21.369394544000158],[39.980679171000133,21.369151040000077],[39.980799093000087,21.369324962000121],[39.980805659000112,21.369336449000059],[39.980686072000083,21.369413016000124],[39.98075565400012,21.369514169000013],[39.980484156000045,21.369680317000132],[39.98065238200013,21.36991857999999],[39.980681705000165,21.36995989900015],[39.98065420800009,21.369976990000055],[39.980626675000053,21.369937579000066],[39.980375182000103,21.370090570000059],[39.980643539000027,21.370470262000026]]]},"properties":{"OBJECTID":248,"camp_label":"29/608","gate_number":"29","Street":"608","Block":"91A","Type":"external","Transport_mode":"النقل الترددي","Capacity":4264,"Gate_Lat":21.369413999999999,"Gate_Lon":39.980251000000003,"Shape_Length":0.005690474782417413,"Shape_Area":1.065954723718022e-06}},{"type":"Feature","id":249,"geometry":{"type":"Polygon","coordinates":[[[39.981843827000034,21.371082170000022],[39.981390240000053,21.370432749000031],[39.98114612300003,21.370581480000169],[39.981016249000106,21.370402112000079],[39.981260937000116,21.370250331000022],[39.981262635000064,21.37024927900012],[39.982097974000169,21.369732400000089],[39.982303086000115,21.36958514000014],[39.982640908000178,21.370067029000154],[39.982642908000173,21.370067417000143],[39.982738860000097,21.370006886000056],[39.982828826000059,21.370141421000085],[39.982999864000192,21.370034912000051],[39.983160674000032,21.370269332000078],[39.982670448000135,21.370570593000025],[39.982669579000117,21.370569336000017],[39.982153403000041,21.370888650000154],[39.982030770000108,21.370966181000085],[39.981843827000034,21.371082170000022]]]},"properties":{"OBJECTID":249,"camp_label":"12/616","gate_number":"12","Street":"616","Block":"98","Type":"external","Transport_mode":"النقل الترددي","Capacity":5156,"Gate_Lat":21.370018999999999,"Gate_Lon":39.981634999999997,"Shape_Length":0.0057247825535363351,"Shape_Area":1.4253305345042723e-06}},{"type":"Feature","id":250,"geometry":{"type":"Polygon","coordinates":[[[39.980377186999988,21.370797662000086],[39.98072020900014,21.370585746000131],[39.980720545000167,21.370585538000114],[39.981016249000106,21.370402112000079],[39.98114612300003,21.370581480000169],[39.981390241000156,21.370432748000098],[39.981843827000034,21.371082170000022],[39.981600209000135,21.371233316000087],[39.98135084400019,21.371388023000179],[39.981091066000033,21.3715489060001],[39.980788860000075,21.371125314000039],[39.980724782000095,21.371037533000163],[39.980464950000055,21.371194310000078],[39.980382487999975,21.371077663000108],[39.980293760000109,21.370954536000113],[39.980424577000178,21.370872254000062],[39.980377186999988,21.370797662000086]]]},"properties":{"OBJECTID":250,"camp_label":"10/616","gate_number":"10","Street":"616","Block":"98","Type":"external","Transport_mode":"النقل الترددي","Capacity":3927,"Gate_Lat":21.370671999999999,"Gate_Lon":39.980581000000001,"Shape_Length":0.0044067620978665862,"Shape_Area":9.4286794082041765e-07}},{"type":"Feature","id":251,"geometry":{"type":"Polygon","coordinates":[[[39.984019761000127,21.371467500000108],[39.983250881999993,21.372013012000139],[39.983085473000074,21.372134364000033],[39.982698024000115,21.371573578000152],[39.98225530600007,21.370935661000033],[39.982707614000162,21.370656134000114],[39.982775219000189,21.370750925000038],[39.983024749000037,21.370598281000014],[39.983181767000076,21.370830266000155],[39.983318500999985,21.371025941000084],[39.983400675000041,21.371144682000022],[39.983632409000052,21.371013854000068],[39.983730009000112,21.371160662000136],[39.983773696000128,21.371223964000023],[39.983816183000158,21.371198250000191],[39.983827020999968,21.371213992000094],[39.984019761000127,21.371467500000108]]]},"properties":{"OBJECTID":251,"camp_label":"9/608","gate_number":"9","Street":"608","Block":"100A","Type":"external","Transport_mode":"النقل الترددي","Capacity":3914,"Gate_Lat":21.371673000000001,"Gate_Lon":39.983730000000001,"Shape_Length":0.0051164461223873253,"Shape_Area":1.3194350286382228e-06}},{"type":"Feature","id":252,"geometry":{"type":"Polygon","coordinates":[[[39.987670573000059,21.36870770600018],[39.987505919000114,21.368807618000119],[39.987583028000188,21.368919134000123],[39.987592558000074,21.368930612000156],[39.987774964000039,21.36919878600014],[39.987504668000099,21.369339596000088],[39.987245138000105,21.36948988000006],[39.986887436000188,21.368971374000182],[39.986812965000126,21.368863438999995],[39.986529712000049,21.368452877000152],[39.986448426000095,21.368497404000038],[39.986364092000031,21.368390869000166],[39.986962547000076,21.368020846000036],[39.987044378000178,21.368137886000113],[39.987409383000113,21.36866425900007],[39.987572036000131,21.368564101000118],[39.987616002000038,21.368627899000046],[39.987670573000059,21.36870770600018]]]},"properties":{"OBJECTID":252,"camp_label":"19/608","gate_number":"19","Street":"608","Block":"98","Type":"external","Transport_mode":"النقل الترددي","Capacity":3624,"Gate_Lat":21.369302999999999,"Gate_Lon":39.987574000000002,"Shape_Length":0.0046126426882926253,"Shape_Area":8.9777279908357135e-07}},{"type":"Feature","id":253,"geometry":{"type":"Polygon","coordinates":[[[39.979967480000141,21.371501455000157],[39.979789977999985,21.37124466400013],[39.980037890000062,21.371086672000047],[39.979999938000162,21.371030713000096],[39.980015645000094,21.371021026000108],[39.980241243000137,21.370881649000012],[39.980377186999988,21.370797662000086],[39.980424577000178,21.370872254000062],[39.980293762000144,21.370954536000113],[39.980382487999975,21.371077663000108],[39.980382182000142,21.371077853000088],[39.980464950000055,21.371194310000078],[39.980724782000095,21.371037533000163],[39.980788860000075,21.371125314000039],[39.981091066000033,21.3715489060001],[39.980851842000106,21.371697052000059],[39.980601701000126,21.371851777000188],[39.980520995000177,21.371738815000072],[39.980428815000039,21.371613060000072],[39.980158295000194,21.371777497999972],[39.980060637999998,21.371636228],[39.98017645300007,21.371560711000086],[39.980085138000106,21.371430155000098],[39.979967480000141,21.371501455000157]]]},"properties":{"OBJECTID":253,"camp_label":"8/616","gate_number":"8","Street":"616","Block":"98","Type":"external","Transport_mode":"النقل الترددي","Capacity":1369,"Gate_Lat":21.370937000000001,"Gate_Lon":39.980151999999997,"Shape_Length":0.004381323533164002,"Shape_Area":6.6344377409566437e-07}},{"type":"Feature","id":254,"geometry":{"type":"Polygon","coordinates":[[[39.983085473000074,21.372134364000033],[39.982823668000037,21.372326428000122],[39.98254457600018,21.372502224000073],[39.982449508000116,21.372562580000135],[39.981994675000067,21.371902137000063],[39.981758322000132,21.372043489000077],[39.98137268000005,21.371478164999985],[39.981391411000061,21.371466898000051],[39.981606152000154,21.371337450000169],[39.981606123000063,21.371337408000159],[39.981842068000162,21.371195067000031],[39.981974365000156,21.371109232000094],[39.982115287000113,21.37102210900008],[39.982152500000097,21.370999347000179],[39.98225530600007,21.370935661000033],[39.982698023000182,21.371573576000173],[39.983085473000074,21.372134364000033]]]},"properties":{"OBJECTID":254,"camp_label":"18/620","gate_number":"18","Street":"620","Block":"100A","Type":"external","Transport_mode":"النقل الترددي","Capacity":4613,"Gate_Lat":21.372326000000001,"Gate_Lon":39.982824000000001,"Shape_Length":0.0050230377898972875,"Shape_Area":1.3183264718421059e-06}},{"type":"Feature","id":255,"geometry":{"type":"Polygon","coordinates":[[[39.988399761000153,21.368560010000067],[39.988411004000113,21.368605432000095],[39.988415635000024,21.368651857000089],[39.988413569000045,21.368698445000064],[39.988404844000115,21.368744351000089],[39.988389618000099,21.368788743000039],[39.988368167000033,21.368830819000152],[39.988340879000077,21.368869816000085],[39.988308248000124,21.368905029000075],[39.988270865000118,21.368935818000068],[39.988229407000063,21.368961627000147],[39.9878118580001,21.369179406000114],[39.987774964000039,21.36919878600014],[39.987505919000114,21.368807618000119],[39.987670573000059,21.368707707000112],[39.987616002000038,21.368627899000046],[39.987572036000131,21.368564101000118],[39.987409383000113,21.36866425900007],[39.987044378000178,21.368137886000113],[39.986962547000076,21.368020846000036],[39.987759626000013,21.367516627000157],[39.987860546000036,21.367457706000152],[39.987874266999995,21.367455633000077],[39.987888163000093,21.367455821000078],[39.987901813000178,21.367458268000178],[39.987914803000194,21.367462896000063],[39.987926737000066,21.367469567000171],[39.987937254000144,21.367478078000033],[39.987946033000071,21.367488169000069],[39.987952808000045,21.367499536000082],[39.988202760000092,21.368081535000158],[39.988214357000061,21.368101920000186],[39.988399761000153,21.368560010000067]]]},"properties":{"OBJECTID":255,"camp_label":"17/608","gate_number":"17","Street":"608","Block":"98","Type":"external","Transport_mode":"النقل الترددي","Capacity":4060,"Gate_Lat":21.369094,"Gate_Lon":39.987976000000003,"Shape_Length":0.005122647804599507,"Shape_Area":1.3799479869908762e-06}},{"type":"Feature","id":256,"geometry":{"type":"Polygon","coordinates":[[[39.979859760000068,21.372311033000187],[39.979826767000134,21.372330711000188],[39.979749302000187,21.372384061000162],[39.979682075000028,21.372437410000032],[39.979626732000156,21.372498583000038],[39.979594825000106,21.372542783000142],[39.979579491000095,21.372572977000175],[39.979542761000062,21.372686762000058],[39.978945043000181,21.371831481000129],[39.978941177000024,21.371824248000109],[39.978958127000169,21.371726747000139],[39.979002711000135,21.371651405000136],[39.979086596000059,21.3715773240001],[39.979141805000097,21.371554049000054],[39.97951585800007,21.37132939300011],[39.97974908100008,21.371185494000031],[39.979999938000162,21.371030713000096],[39.980037890000062,21.371086672000047],[39.979789980000191,21.371244663000027],[39.97996748200012,21.371501454000054],[39.980085138000106,21.371430155000098],[39.98017645300007,21.371560711000086],[39.980060640000033,21.371636226000192],[39.980158295000194,21.371777497999972],[39.980428815000039,21.371613060000072],[39.980520996000109,21.37173881700005],[39.980601701000126,21.371851777000188],[39.980358141000011,21.372002422000151],[39.980101912000066,21.372160901000029],[39.980101093000087,21.372159783000086],[39.979859760000068,21.372311033000187]]]},"properties":{"OBJECTID":256,"camp_label":"15/608","gate_number":"15","Street":"608","Block":"98","Type":"external","Transport_mode":"النقل الترددي","Capacity":1806,"Gate_Lat":21.371573000000001,"Gate_Lon":39.979097000000003,"Shape_Length":0.0056896923264686764,"Shape_Area":1.1941993316074735e-06}},{"type":"Feature","id":257,"geometry":{"type":"Polygon","coordinates":[[[39.979438817000187,21.371248115000128],[39.979281478000189,21.371023243000025],[39.979184844000031,21.370887732000085],[39.978897052000036,21.370482536000111],[39.978863759000035,21.370435661000101],[39.978785340000172,21.370325254000079],[39.979299489000027,21.370006034000141],[39.979497678000143,21.370274283000072],[39.979732929000193,21.370128766000164],[39.979942878000031,21.370437707000065],[39.979978226000128,21.3704158540001],[39.980075556000031,21.370552677000148],[39.980040467000038,21.37057467000011],[39.980189753000104,21.370785752000188],[39.979438817000187,21.371248115000128]]]},"properties":{"OBJECTID":257,"camp_label":"18/616","gate_number":"18","Street":"616","Block":"97","Type":"external","Transport_mode":"النقل الترددي","Capacity":7113,"Gate_Lat":21.371044999999999,"Gate_Lon":39.979768999999997,"Shape_Length":0.0041109402948617431,"Shape_Area":9.1316283108112284e-07}},{"type":"Feature","id":258,"geometry":{"type":"Polygon","coordinates":[[[39.988815049000038,21.34438391700013],[39.988882428000011,21.344480896000107],[39.989078714000129,21.344761866000056],[39.989035976000139,21.344787684999972],[39.98918932800018,21.345003484000188],[39.988991864000184,21.345131232000085],[39.988953360000039,21.345156137999993],[39.988599444000045,21.345383312000138],[39.988224517000049,21.345623477000061],[39.988043885000025,21.345365514000093],[39.987693123000099,21.344864583000117],[39.98793324799999,21.34472351300019],[39.988194235000037,21.344570234000003],[39.988208320000012,21.344561901000134],[39.98849202700012,21.344394109999996],[39.988648297000111,21.344302651000191],[39.988726702999998,21.344256764000022],[39.988815049000038,21.34438391700013]]]},"properties":{"OBJECTID":258,"camp_label":"1/56","gate_number":"1","Street":"56","Block":"14","Type":"external","Transport_mode":"النقل التقليدي","Capacity":4703,"Gate_Lat":21.345115,"Gate_Lon":39.989016999999997,"Shape_Length":0.0042026786301292184,"Shape_Area":1.0658240497769619e-06}},{"type":"Feature","id":259,"geometry":{"type":"Polygon","coordinates":[[[39.987177311000096,21.348492765000117],[39.986837983000044,21.348696061000055],[39.986791714000049,21.348686930000099],[39.986042006000048,21.347588679000125],[39.986290259000043,21.347432268000034],[39.986764066999967,21.347133752000047],[39.986767565000093,21.347131922000074],[39.986771306000151,21.347130661000051],[39.986775199000192,21.347129998000071],[39.986779147000163,21.347129952000103],[39.986783052000078,21.3471305220001],[39.986786823000102,21.347131694000041],[39.986790362000136,21.347133439999993],[39.986793587000136,21.347135716000025],[39.986796417000164,21.347138469000186],[39.987260920000153,21.347687740000026],[39.987409213999968,21.347901118000095],[39.987330462000045,21.347957247000068],[39.987353816000052,21.347986007000145],[39.987338464000175,21.347996949000162],[39.987085199000092,21.348177457000133],[39.987235840000039,21.34836295600013],[39.98741942200013,21.348232114000155],[39.987482571000101,21.348309875000098],[39.987177311000096,21.348492765000117]]]},"properties":{"OBJECTID":259,"camp_label":"6/112","gate_number":"6","Street":"112","Block":"7A","Type":"external","Transport_mode":"النقل التقليدي","Capacity":3065,"Gate_Lat":21.347432000000001,"Gate_Lon":39.986289999999997,"Shape_Length":0.0050246628022624371,"Shape_Area":1.1565380439764383e-06}},{"type":"Feature","id":260,"geometry":{"type":"Polygon","coordinates":[[[39.993001809000077,21.349348638000151],[39.993104689000063,21.349458265000067],[39.993130914000176,21.3496149610001],[39.993044282000142,21.349805914000171],[39.992778533000092,21.349946242000044],[39.992524580000122,21.349984404000168],[39.992096207000088,21.349880137000184],[39.991558199000167,21.349782912000023],[39.991816652000182,21.34959948300002],[39.99180120800014,21.349575558000083],[39.992039890000171,21.349440329000174],[39.992180980000114,21.349395593000054],[39.99241220100015,21.349385214000165],[39.992523351000102,21.349441407000086],[39.992620970000075,21.349383457000101],[39.99267833600004,21.349244757000179],[39.992840301000058,21.349449262000121],[39.993001809000077,21.349348638000151]]]},"properties":{"OBJECTID":260,"camp_label":"84/68","gate_number":"84","Street":"68","Block":"8-23","Type":"external","Transport_mode":"النقل التقليدي","Capacity":2492,"Gate_Lat":21.349391000000001,"Gate_Lon":39.992280999999998,"Shape_Length":0.0039023616276157363,"Shape_Area":6.6575501319706054e-07}},{"type":"Feature","id":261,"geometry":{"type":"MultiPolygon","coordinates":[[[[39.985734022000145,21.337259588000165],[39.985424169000169,21.33731451400007],[39.985404124000183,21.33721670500006],[39.985377618000143,21.33706463700014],[39.985376127000109,21.337059154000087],[39.985365214000183,21.337029114000131],[39.985684912000124,21.336983180000061],[39.985734022000145,21.337259588000165]]],[[[39.985226277000095,21.336878152000054],[39.985247433000097,21.336880800000074],[39.98530804700016,21.337062321000076],[39.985359429000141,21.3373223910001],[39.984960618000059,21.337385008000069],[39.985004068000137,21.337653826000121],[39.984801490000052,21.337706918000038],[39.984758131000092,21.337542422000126],[39.984746121000171,21.337418687000081],[39.984741764000091,21.337373757000137],[39.984797476999972,21.336829674000114],[39.985226277000095,21.336878152000054]]]]},"properties":{"OBJECTID":261,"camp_label":"6/502","gate_number":"6","Street":"502","Block":"6-4","Type":"external","Transport_mode":"النقل التقليدي","Capacity":1420,"Gate_Lat":21.337285999999999,"Gate_Lon":39.984751000000003,"Shape_Length":0.003891493805352972,"Shape_Area":4.3291102873141994e-07}},{"type":"Feature","id":262,"geometry":{"type":"MultiPolygon","coordinates":[[[[39.994927331000042,21.339859527000101],[39.995070645000169,21.340016786000035],[39.994883562000098,21.340148420999981],[39.994652117000044,21.340318240000101],[39.994649478000042,21.340162969000119],[39.994641880000131,21.340054567000038],[39.994631551999987,21.339883269000097],[39.994418665000069,21.339700682000171],[39.994351524000081,21.339648321000027],[39.994222701000183,21.339537882000002],[39.993983855000124,21.339340734000075],[39.993827370000076,21.339229051000132],[39.993574625000065,21.339004519000014],[39.993561485000043,21.338997947000053],[39.993547432000184,21.338993656000127],[39.993532862000052,21.338991763000024],[39.993518180000081,21.338992325000106],[39.993503796000141,21.338995323000177],[39.993490112000075,21.339000675000079],[39.993218167000009,21.339135100000078],[39.993153144000075,21.339053204000095],[39.99304535400006,21.338917440000046],[39.993224542000121,21.338794338000127],[39.993255382000029,21.338835958000061],[39.993297362000078,21.338808652000068],[39.993275981000181,21.338779798000189],[39.993308385000034,21.338758719000111],[39.993346648000113,21.338823710000099],[39.993380421000154,21.338806257000158],[39.993356993000134,21.338766465000049],[39.993393775000186,21.338743939000153],[39.993417749000002,21.338729259000161],[39.993433527000093,21.338657558000023],[39.993698374000076,21.338445800999978],[39.994149298000082,21.338913626000078],[39.993978570000138,21.339097443000071],[39.993979584000044,21.33911906000003],[39.993983725000135,21.339140301999976],[39.9939909040001,21.33916071699997],[39.994001131000175,21.339180246000126],[39.994013986000084,21.339198154000144],[39.994029220000073,21.33921408700013],[39.994360362000123,21.339482258000032],[39.99448699900006,21.33958457500006],[39.994713844000046,21.339790546000131],[39.994790504000036,21.339726084000119],[39.994927331000042,21.339859527000101]]],[[[39.994533779000164,21.339949309000076],[39.99453534100013,21.340361469000072],[39.994441186000074,21.340436783000087],[39.994380673000137,21.340477699000076],[39.993625385000144,21.339348856000186],[39.993400087000168,21.339482890999989],[39.993253926000079,21.33926128100012],[39.993534329000056,21.339126212000053],[39.994533779000164,21.339949309000076]]],[[[39.994490706000079,21.340588081000135],[39.994455185000049,21.340541956000152],[39.994440515000122,21.340522907000093],[39.994471795000038,21.34050176400018],[39.994486066000036,21.340520294000157],[39.994579633000058,21.340454662000013],[39.994596219000186,21.340440082000043],[39.994611286000122,21.340423937000082],[39.994638823000173,21.340447273000052],[39.994693736000158,21.340368028000171],[39.995178752000186,21.340023590000044],[39.994977378000044,21.33981705500014],[39.994802814000138,21.339630760999967],[39.994723873999988,21.339689509000038],[39.994532567000078,21.339537884000038],[39.994283823000103,21.339311533000057],[39.994442857000138,21.339172519000101],[39.994539243000077,21.33914795600009],[39.994561775000193,21.339124004000041],[39.994592534000162,21.339157255000089],[39.994549199000005,21.339202140000111],[39.994587100000047,21.339234259000023],[39.994626369000002,21.339193585000032],[39.994667036000124,21.339237246000039],[39.994870700999968,21.339467336000041],[39.995099850000031,21.3397526870001],[39.995326208000108,21.340048824000007],[39.995312310000031,21.340113573000167],[39.994490706000079,21.340588081000135]]]]},"properties":{"OBJECTID":262,"camp_label":"12/643","gate_number":"12","Street":"643","Block":"122","Type":"external","Transport_mode":"النقل التقليدي","Capacity":4232,"Gate_Lat":21.339275000000001,"Gate_Lon":39.993892000000002,"Shape_Length":0.015491997565367266,"Shape_Area":1.497410544714652e-06}},{"type":"Feature","id":263,"geometry":{"type":"Polygon","coordinates":[[[39.993064169999968,21.339209116000177],[39.992882221000116,21.339306139000144],[39.992704959000037,21.33940066200006],[39.992645209000045,21.339432523000085],[39.992631913000025,21.339439613000138],[39.99262230700009,21.339444735000029],[39.992613330000154,21.339450334000048],[39.992605273000152,21.339457048999975],[39.992600170000173,21.339462683000136],[39.992596194000157,21.339467867000167],[39.992592533000163,21.339473293000083],[39.992588098000056,21.33948250300017],[39.99242011399997,21.339584009000191],[39.992323334000162,21.339459968000142],[39.992328911000186,21.339275194000152],[39.992500906000089,21.339183898000044],[39.992708200000038,21.33907386400017],[39.99274108600008,21.339082429000086],[39.992762017000132,21.339117239000132],[39.992806544000189,21.339093736000052],[39.992785494000032,21.339058732000183],[39.992794613000171,21.339027996000141],[39.992842098000096,21.339002791000098],[39.992917671000043,21.338962675000118],[39.99293586400006,21.338993280000068],[39.992968776000112,21.339048645000162],[39.993032940000091,21.339156580000122],[39.993064169999968,21.339209116000177]]]},"properties":{"OBJECTID":263,"camp_label":"2/15","gate_number":"2","Street":"15","Block":"28","Type":"external","Transport_mode":"النقل التقليدي","Capacity":784,"Gate_Lat":21.339120000000001,"Gate_Lon":39.993011000000003,"Shape_Length":0.0021444722148395872,"Shape_Area":2.1186076341904764e-07}},{"type":"Feature","id":264,"geometry":{"type":"Polygon","coordinates":[[[39.993474651000099,21.339733415000126],[39.993650959000149,21.340000731000032],[39.993776441000023,21.340207752000026],[39.993726806000097,21.340223474000084],[39.993745337000121,21.340274822000083],[39.993800485000065,21.340257354000073],[39.993808651000052,21.340288042000111],[39.993812331000186,21.34031958300011],[39.993811453000092,21.340351326000189],[39.993806034999977,21.340382614000134],[39.993796186000168,21.340412804000096],[39.993769477000171,21.340500619000181],[39.993762955000193,21.340527633000136],[39.993761012999983,21.340555354000173],[39.993763704000116,21.340583011999968],[39.993770957000095,21.340609841000173],[39.993782566000107,21.340635090000035],[39.993798211000069,21.340658056000166],[39.993817456000158,21.34067810300013],[39.993839764000029,21.34069467400019],[39.993864516000144,21.340707307000059],[39.993891025000096,21.340715650000107],[39.99391855000016,21.34071947100017],[39.993946328000163,21.340718666000043],[39.993973584999992,21.340713254000093],[39.993999564000092,21.340703384000165],[39.99402354200015,21.340689337000185],[39.994044850000137,21.340671498000006],[39.994062899000141,21.340650367000137],[39.994073830000048,21.340626040000188],[39.994080767000185,21.340600287000086],[39.994083535000073,21.34057376100003],[39.9940820650001,21.340547131000108],[39.994076393000171,21.340521070000023],[39.994066664000172,21.340496236000092],[39.994053123000185,21.340473259000078],[39.993967371000053,21.340342968000186],[39.993830509000077,21.340135466999982],[39.99383677700007,21.340110600000173],[39.993863846000067,21.340094928000099],[39.993833434000067,21.340048816000035],[39.993789959000082,21.340073986000164],[39.993400087000168,21.339482890999989],[39.993507186000045,21.339419175000046],[39.993625385000144,21.339348856000186],[39.993769384000075,21.339564076000045],[39.994380673000137,21.340477699000076],[39.994257189000052,21.340561179000076],[39.994067422000057,21.340687695000042],[39.99381156000004,21.340833755000062],[39.993720608000103,21.34088851000007],[39.99360867300004,21.34095316100013],[39.992898419000028,21.339876319000041],[39.993150795000133,21.339728982000054],[39.993242445000078,21.339867903000084],[39.993474651000099,21.339733415000126]]]},"properties":{"OBJECTID":264,"camp_label":"6/204","gate_number":"6","Street":"204","Block":"40","Type":"external","Transport_mode":"النقل التقليدي","Capacity":3912,"Gate_Lat":21.340433999999998,"Gate_Lon":39.993265999999998,"Shape_Length":0.0074560524907862791,"Shape_Area":9.6296391441159014e-07}},{"type":"Feature","id":265,"geometry":{"type":"Polygon","coordinates":[[[39.986654190000024,21.358584449000034],[39.986614433000057,21.358590047000177],[39.986444791000054,21.358644631000061],[39.98643890600016,21.358540014000027],[39.986326285000189,21.358530560000133],[39.986332077000156,21.358393807000084],[39.986033041000098,21.358377848000089],[39.986053347000166,21.35775255700014],[39.986206094000124,21.357717828000034],[39.98636618400019,21.357693275000031],[39.98655332800007,21.357664577000151],[39.986655800000165,21.357651790000091],[39.986927398000091,21.35763945900004],[39.987082506000149,21.357633831999976],[39.987256470000148,21.357634644000086],[39.987546979000115,21.357666605000134],[39.987636160000136,21.357671327000162],[39.987874119000026,21.357686938000143],[39.98786391800013,21.357849527000155],[39.987847015000057,21.357846377000101],[39.987569688000121,21.357831648000001],[39.987522849000072,21.35857642000019],[39.987179843000092,21.358552876000033],[39.986977117000038,21.358538959000043],[39.986654190000024,21.358584449000034]]]},"properties":{"OBJECTID":265,"camp_label":"6/641","gate_number":"6","Street":"641","Block":"119","Type":"external","Transport_mode":"النقل الترددي","Capacity":4088,"Gate_Lat":21.358539,"Gate_Lon":39.986977000000003,"Shape_Length":0.0054076067121250444,"Shape_Area":1.3552432827775348e-06}},{"type":"Feature","id":266,"geometry":{"type":"Polygon","coordinates":[[[39.985341905000098,21.359067214000106],[39.985049159000027,21.35862873800005],[39.984804600000132,21.358262432000117],[39.984790223999994,21.358177131000105],[39.9851896670001,21.358008190000078],[39.98545336300009,21.357922844000086],[39.985732135000035,21.357832620000124],[39.985779491000073,21.357819498000083],[39.985873551000054,21.357793442000059],[39.986053347000166,21.35775255700014],[39.986033041000098,21.358377848000089],[39.986332077000156,21.358393807000084],[39.986326285000189,21.358530560000133],[39.98643890600016,21.358540014000027],[39.986444791000054,21.358644631000061],[39.986317864000114,21.358685467000043],[39.985894076000022,21.358901890000141],[39.985620694000147,21.359041499000057],[39.985587925000004,21.359060314000089],[39.985525951000056,21.358961995000186],[39.985341905000098,21.359067214000106]]]},"properties":{"OBJECTID":266,"camp_label":"3/643","gate_number":"3","Street":"643","Block":"119","Type":"external","Transport_mode":"النقل الترددي","Capacity":3931,"Gate_Lat":21.358729,"Gate_Lon":39.986232999999999,"Shape_Length":0.0049510851215901703,"Shape_Area":1.2288911923207945e-06}},{"type":"Feature","id":267,"geometry":{"type":"Polygon","coordinates":[[[39.986936309000043,21.356739102000063],[39.986946522000096,21.356791179000027],[39.986949464000134,21.356844059000139],[39.986945086000162,21.356896849000066],[39.986937603000115,21.356958270000064],[39.986922595000124,21.357018469000138],[39.986900265000088,21.357076641000162],[39.986870911000153,21.357132008000065],[39.986834929000167,21.357183827000142],[39.986792795000042,21.357231407000029],[39.986745078000126,21.35727410800007],[39.986692415000107,21.357311361000029],[39.986635510000099,21.357342667000182],[39.986575126000105,21.35736760400016],[39.986512072000039,21.357385840000063],[39.986368156000026,21.357400313000142],[39.986224948000086,21.35741999600009],[39.986082660000193,21.35744486100009],[39.985941506000074,21.357474869999976],[39.985801699000149,21.357509976000074],[39.985663450000118,21.357550128000184],[39.985503060000042,21.357605040000124],[39.985425721000126,21.357634339000128],[39.985344748000045,21.357665010000119],[39.985188698000115,21.35772997000015],[39.985035087000085,21.357799844000056],[39.984917050000035,21.35785824800007],[39.984742144000109,21.357332233000022],[39.986906938000175,21.356664751000039],[39.986918998000135,21.356688695000059],[39.986936309000043,21.356739102000063]]]},"properties":{"OBJECTID":267,"camp_label":"A1/527","gate_number":"A1","Street":"527","Block":"7-5B","Type":"external","Transport_mode":"النقل الترددي","Capacity":18222,"Gate_Lat":21.356843999999999,"Gate_Lon":39.986949000000003,"Shape_Length":0.0054331553317463841,"Shape_Area":1.1289593032087487e-06}},{"type":"Feature","id":268,"geometry":{"type":"Polygon","coordinates":[[[39.993274503000066,21.341292530999965],[39.99324571000011,21.341250540000146],[39.993197033000058,21.341279838999981],[39.993188175000057,21.341266920000066],[39.993056452000076,21.341089960000033],[39.992934321000178,21.341038276000177],[39.992703265000046,21.340922735000106],[39.99241169700008,21.340760050000085],[39.992297951000126,21.34069219800017],[39.991879254000025,21.340096543000129],[39.992012543000101,21.339902562000191],[39.992099055000153,21.339745863000076],[39.992155862000175,21.339621944000044],[39.992181699000071,21.3394982800001],[39.992181680000158,21.33930131600016],[39.992205243000058,21.339290085000016],[39.992209689000106,21.339288255000042],[39.992214378000028,21.33928718500016],[39.992219178000084,21.339286909000123],[39.992223957000192,21.339287434000084],[39.992228583000042,21.339288742000178],[39.992232930000114,21.339290801000118],[39.992236873000024,21.339293553000175],[39.992240306000042,21.339296919000049],[39.992243132000112,21.339300809000065],[39.992245275000187,21.339305113000023],[39.992246673000125,21.339309714000137],[39.99224729000008,21.339314482000191],[39.992245549000188,21.339497572000084],[39.992323334000162,21.339459968000142],[39.99242011399997,21.339584009000191],[39.992588098000056,21.33948250300017],[39.992583784000033,21.339500544000146],[39.99258363500013,21.339512329000115],[39.992585469000062,21.339523972000109],[39.992589237000061,21.339535142000159],[39.992594828000051,21.339545518000136],[39.992739754000127,21.339765405000094],[39.992832950000036,21.339906814000187],[39.993615969000075,21.341094879000138],[39.9935947190001,21.341107181000098],[39.993566835000081,21.341066070000181],[39.993382371000109,21.341169627000113],[39.993385887000045,21.341174964000118],[39.993389322000098,21.34118128900019],[39.993391668000072,21.341188094000131],[39.993392862000178,21.341195192000043],[39.993392870000037,21.341202389000159],[39.993391692999978,21.34120948900005],[39.993389363000176,21.341216300000156],[39.993385943000078,21.341222632000154],[39.993381527000054,21.341228315000023],[39.993376235000142,21.341233194000154],[39.993370211000183,21.34123713300005],[39.993274503000066,21.341292530999965]]]},"properties":{"OBJECTID":268,"camp_label":"5/204","gate_number":"5","Street":"204","Block":"39","Type":"external","Transport_mode":"النقل التقليدي","Capacity":3447,"Gate_Lat":21.340554999999998,"Gate_Lon":39.993259999999999,"Shape_Length":0.0059062558144230351,"Shape_Area":1.4417429418578323e-06}},{"type":"Feature","id":269,"geometry":{"type":"Polygon","coordinates":[[[39.98223818200006,21.360823190000076],[39.982075978000125,21.360583742000188],[39.982325015000072,21.360433958000044],[39.98189874000002,21.359893434000071],[39.982134206000183,21.359741953000082],[39.982509209,21.359516542000165],[39.982883075000018,21.359289485000147],[39.983466899000007,21.358930226000155],[39.983483463000141,21.359044589000121],[39.983507561000181,21.359157770000138],[39.983539104000045,21.359269334000146],[39.983577966000098,21.359378852000134],[39.983624001000067,21.359485903000007],[39.983677030000081,21.359590076000018],[39.983736851000174,21.359690969000098],[39.983787538000172,21.359765924000044],[39.983842174000074,21.359838403000083],[39.983900621000032,21.359908224000094],[39.983962734000102,21.359975211000176],[39.983755245000111,21.36009406900007],[39.983670301000188,21.360141556000031],[39.98318020500011,21.360415513000191],[39.982560225000157,21.360763081000187],[39.982544063000034,21.360772239000084],[39.98251398900004,21.360789370000134],[39.982457040000043,21.360699603000114],[39.98223818200006,21.360823190000076]]]},"properties":{"OBJECTID":269,"camp_label":"21/649","gate_number":"21","Street":"649","Block":"116","Type":"external","Transport_mode":"النقل الترددي","Capacity":4280,"Gate_Lat":21.360372000000002,"Gate_Lon":39.983258999999997,"Shape_Length":0.0063059471376878205,"Shape_Area":1.9432221081122658e-06}},{"type":"Feature","id":270,"geometry":{"type":"Polygon","coordinates":[[[39.982980435999991,21.337589023000135],[39.982621509000069,21.337559333000172],[39.982625403000043,21.337500176000162],[39.982327101000067,21.337476038000148],[39.982114485000068,21.33722460600012],[39.982125416000144,21.337117921000072],[39.982286278000117,21.336885603000042],[39.982432033000009,21.336746086000119],[39.982588184000065,21.336613883000098],[39.982878451000033,21.336849883000127],[39.982875781000132,21.336890322000158],[39.983120844000098,21.336694713000043],[39.983232740000119,21.336700843000017],[39.983214128000157,21.336974693000116],[39.983185631000026,21.337435477000042],[39.983011150000095,21.337418955000146],[39.982980435999991,21.337589023000135]]]},"properties":{"OBJECTID":270,"camp_label":"2/533","gate_number":"2","Street":"533","Block":"7-9A","Type":"external","Transport_mode":"النقل التقليدي","Capacity":2496,"Gate_Lat":21.337426000000001,"Gate_Lon":39.983086,"Shape_Length":0.0037686511846453776,"Shape_Area":7.5375713081171137e-07}},{"type":"Feature","id":271,"geometry":{"type":"Polygon","coordinates":[[[39.98022287800012,21.340467311999987],[39.980215438000016,21.340507507000041],[39.980140477000134,21.340917652000144],[39.980100806000166,21.341115491999972],[39.979948623000098,21.341104146000134],[39.979534117000071,21.341073234000078],[39.97901247600015,21.341034834000084],[39.978985269000134,21.340994527000191],[39.979009352000048,21.34076850200006],[39.979205740000168,21.340549803000158],[39.979406975000188,21.340325618000179],[39.979614878000064,21.340108773999987],[39.979650882000044,21.340071538000132],[39.979944915000146,21.339767459000086],[39.980316185000106,21.339803428000153],[39.980346031000067,21.339806190000047],[39.980309007000074,21.340001962000031],[39.98022287800012,21.340467311999987]],[[39.979690053000184,21.340214718000084],[39.979688527000064,21.34022091900016],[39.979661852000049,21.340329237000049],[39.9797468430001,21.340344992000041],[39.979760600000077,21.340347544000053],[39.979763623000053,21.340335268000103],[39.97976501800008,21.340329601000064],[39.979804490000163,21.340169311000125],[39.979733304000092,21.340156115000127],[39.979705743000068,21.340151005000052],[39.979690053000184,21.340214718000084]]]},"properties":{"OBJECTID":271,"camp_label":"2/643","gate_number":"2","Street":"643","Block":"120","Type":"internal","Transport_mode":"النقل التقليدي","Capacity":1300,"Gate_Lat":21.339782,"Gate_Lon":39.980097999999998,"Shape_Length":0.0050406777588133623,"Shape_Area":1.1152132237747386e-06}},{"type":"Feature","id":272,"geometry":{"type":"Polygon","coordinates":[[[39.981921999999997,21.34990886200012],[39.9819402440001,21.349957012000061],[39.981926302000034,21.349967301000106],[39.981880888000148,21.349992992000182],[39.981675935000169,21.350081064000165],[39.981272240000067,21.350173666000046],[39.981215410000175,21.35019045700011],[39.980979989000161,21.350259992000076],[39.980877152000062,21.350295816000028],[39.980453957000123,21.349698785000101],[39.980393251000066,21.349615084000163],[39.980221491000066,21.349346071000014],[39.980254838000121,21.349296947000028],[39.980268816000034,21.349315709000166],[39.980358609000064,21.349261505000129],[39.980346294000185,21.349240216000055],[39.980402409000135,21.349211725000089],[39.980416474000151,21.349232366000138],[39.980476851000105,21.349196798000037],[39.980465342999992,21.349180741000055],[39.980724364000025,21.349024338000163],[39.980782126000008,21.348989462000077],[39.980791438999972,21.34900245700004],[39.980851816000097,21.348966891000089],[39.980842503000133,21.348953893999976],[39.981070744000078,21.348836790000064],[39.981154186000083,21.348794682000175],[39.981207356000027,21.348848461000046],[39.981921999999997,21.34990886200012]]]},"properties":{"OBJECTID":272,"camp_label":"8/204","gate_number":"8","Street":"204","Block":"41","Type":"external","Transport_mode":"النقل التقليدي","Capacity":3841,"Gate_Lat":21.350096000000001,"Gate_Lon":39.981608999999999,"Shape_Length":0.0048927045864492272,"Shape_Area":1.427433778869941e-06}},{"type":"Feature","id":273,"geometry":{"type":"Polygon","coordinates":[[[39.98277480400003,21.348705445000121],[39.982208534000108,21.349061027000062],[39.982299333000071,21.349195769000005],[39.98239270300013,21.349334333000115],[39.982483847000026,21.349469596000063],[39.982583290000036,21.349621985000113],[39.982327654000187,21.349774184000182],[39.982181845000127,21.349860993000163],[39.982120776000102,21.349895064000066],[39.982090680000113,21.349911854000027],[39.982036034000032,21.349913278000145],[39.981991397000172,21.349883711000132],[39.981973537000101,21.349856190000025],[39.981937603000176,21.349800820999974],[39.981823922000046,21.349593417000051],[39.981768074000058,21.349507885000094],[39.981616895000059,21.349276329000134],[39.981279903000086,21.34879896200016],[39.981263623000189,21.34871765600019],[39.981270417000189,21.348695184000064],[39.981313238000098,21.348661863000075],[39.981362660000116,21.348630368000045],[39.98136820000019,21.348640920000037],[39.98142792100009,21.348605168999995],[39.981419906000042,21.348593096000172],[39.981508512000062,21.348541453000053],[39.981780899000171,21.348375620000127],[39.98178638800016,21.348383688000069],[39.981845262000036,21.348347628000113],[39.98184104700016,21.348341420000111],[39.98212227300013,21.348169041000176],[39.982289099000127,21.348066784000139],[39.982317369000157,21.348052744000029],[39.982339246000095,21.348068735000027],[39.98277480400003,21.348705445000121]]]},"properties":{"OBJECTID":273,"camp_label":"7/62","gate_number":"7","Street":"62","Block":"41","Type":"external","Transport_mode":"النقل التقليدي","Capacity":3741,"Gate_Lat":21.348281,"Gate_Lon":39.981940000000002,"Shape_Length":0.0055000992230947749,"Shape_Area":1.4474313914887229e-06}},{"type":"Feature","id":274,"geometry":{"type":"MultiPolygon","coordinates":[[[[39.988333062000038,21.342256409000186],[39.988524401000177,21.342519731000095],[39.98824723000007,21.342686541000035],[39.988076902000159,21.342410126000175],[39.988333062000038,21.342256409000186]]],[[[39.988560621000147,21.342618455000093],[39.988752736000151,21.342502830000058],[39.988849956000024,21.342652659000066],[39.9889399650001,21.34279137499999],[39.98876563500005,21.342898046000073],[39.988879893000103,21.343054902000063],[39.988719599000149,21.343093400000043],[39.988687350000077,21.343098468000107],[39.988654652000037,21.343098358000077],[39.988622443000111,21.343093074000024],[39.988591650000103,21.343082766000066],[39.988563160000069,21.343067732000065],[39.988537790000123,21.343048404000058],[39.988516272000084,21.343025338000075],[39.988313755000149,21.34276703200004],[39.988560621000147,21.342618455000093]]]]},"properties":{"OBJECTID":274,"camp_label":"8/518","gate_number":"8","Street":"518","Block":"7-4","Type":"external","Transport_mode":"النقل التقليدي","Capacity":1028,"Gate_Lat":21.342479999999998,"Gate_Lon":39.988120000000002,"Shape_Length":0.0032463603674430792,"Shape_Area":3.1026704244391859e-07}},{"type":"Feature","id":275,"geometry":{"type":"Polygon","coordinates":[[[39.993708459999993,21.341917122000041],[39.993688653000049,21.341930889000025],[39.993630246999999,21.341967407000027],[39.993447796000112,21.342081470000153],[39.99342481400015,21.342078737000008],[39.993204828999978,21.341900252000073],[39.993061552000142,21.341784005000136],[39.992886921000149,21.341889605000176],[39.992850740000108,21.341863127000124],[39.993033150000088,21.341757233000067],[39.993357855000056,21.341570395000076],[39.993502826000054,21.341486980000184],[39.993718382000111,21.341363135000165],[39.993836403000046,21.341295334000108],[39.994381556999997,21.340981247000173],[39.99443817100007,21.340948699000137],[39.994484542000123,21.341016889000116],[39.994443471000181,21.341040091000082],[39.994397848000006,21.341084821000038],[39.994343504000142,21.341198444000099],[39.994278618999999,21.341337945000191],[39.994229023000173,21.341474487000141],[39.994159091000085,21.341546610000137],[39.99397096000007,21.341727641000091],[39.993944634000172,21.341752968000151],[39.993708459999993,21.341917122000041]]]},"properties":{"OBJECTID":275,"camp_label":"2/522","gate_number":"2","Street":"522","Block":"8-5","Type":"external","Transport_mode":"النقل التقليدي","Capacity":1164,"Gate_Lat":21.341830999999999,"Gate_Lon":39.993833000000002,"Shape_Length":0.0041842869772676337,"Shape_Area":5.8011675000220234e-07}},{"type":"Feature","id":276,"geometry":{"type":"Polygon","coordinates":[[[39.979367898000078,21.364152442000034],[39.979763561000027,21.364719065000145],[39.979613819000065,21.364812720000145],[39.979510166000125,21.364871427000139],[39.979178363000131,21.365076801000043],[39.978781417000107,21.364486015000011],[39.978753812000093,21.364323098000114],[39.978648868999983,21.36413303400002],[39.978312929000083,21.363799211000071],[39.978013450999981,21.363449620000154],[39.97822358600007,21.363331796000182],[39.978413279000051,21.363222536000023],[39.978651653000043,21.363581359000136],[39.97889962000005,21.363437255000122],[39.979367898000078,21.364152442000034]]]},"properties":{"OBJECTID":276,"camp_label":"2/554","gate_number":"2","Street":"554","Block":"9-7","Type":"external","Transport_mode":"النقل الترددي","Capacity":3212,"Gate_Lat":21.364132999999999,"Gate_Lon":39.978648999999997,"Shape_Length":0.0054373454534500515,"Shape_Area":1.1996444160683173e-06}},{"type":"Feature","id":277,"geometry":{"type":"MultiPolygon","coordinates":[[[[39.979924032000099,21.346558045999984],[39.980039708000049,21.346727870000052],[39.98019183700012,21.346951210000043],[39.980299275000107,21.347108939000009],[39.980512281000188,21.347421650000058],[39.98000482100008,21.347734207000087],[39.979715439000131,21.347306111000023],[39.979979983000192,21.347154225000054],[39.979676717000132,21.346689091000087],[39.979899949000128,21.346547533000091],[39.979924032000099,21.346558045999984]]],[[[39.980412523999973,21.34662551800011],[39.980474707999974,21.346717694000063],[39.980997517000162,21.34748002200007],[39.981059289000143,21.347565989000032],[39.981124760000114,21.347658507000006],[39.980886803000089,21.347793945000035],[39.979984880000131,21.346476342000187],[39.979981984000062,21.346459692000053],[39.980204677000131,21.346317411000086],[39.980412523999973,21.34662551800011]]]]},"properties":{"OBJECTID":277,"camp_label":"40/204","gate_number":"40","Street":"204","Block":"43","Type":"external","Transport_mode":"النقل التقليدي","Capacity":3335,"Gate_Lat":21.347118999999999,"Gate_Lon":39.980305999999999,"Shape_Length":0.0070866777890222915,"Shape_Area":8.9662291453682484e-07}},{"type":"Feature","id":278,"geometry":{"type":"MultiPolygon","coordinates":[[[[39.992730974000153,21.346188440000162],[39.992357903000084,21.346417831000053],[39.992367500000057,21.346429918000069],[39.992100363000077,21.346596448000184],[39.99199075100006,21.346426377000057],[39.992029564000177,21.346402913000077],[39.991925265000191,21.346251585000118],[39.99176186700015,21.346354231000134],[39.991707002000169,21.346277822000104],[39.991838093000069,21.346193838999966],[39.991475715000092,21.345695453000133],[39.991981967000072,21.345395183000164],[39.992113822000078,21.345572334000167],[39.99221,21.345704097000123],[39.992499421000048,21.345522923999965],[39.992635461000134,21.345709375000069],[39.992469032000145,21.345812162000129],[39.99262114600009,21.346030190000192],[39.992730974000153,21.346188440000162]]],[[[39.992712263000101,21.347113529000069],[39.992717944000105,21.347113736000153],[39.992723534000049,21.347114704000035],[39.992728918000125,21.347116412000048],[39.992733986000189,21.347118825000109],[39.992738632000055,21.347121895000043],[39.992794257000128,21.347192685000039],[39.992799826000123,21.347199873000079],[39.992804117000048,21.347207793000052],[39.992807020000043,21.347216247000006],[39.992808466000156,21.347225026000103],[39.992808418000152,21.347233908000135],[39.992806875000099,21.34724267100006],[39.992803878000132,21.347251098000129],[39.992799501000036,21.347258976000091],[39.992793852000034,21.347266110000135],[39.991408608000143,21.348120067000025],[39.991307384000095,21.347975935000022],[39.992712263000101,21.347113529000069]]]]},"properties":{"OBJECTID":278,"camp_label":"13/62","gate_number":"13","Street":"62","Block":"42","Type":"external","Transport_mode":"النقل التقليدي","Capacity":4158,"Gate_Lat":21.346523000000001,"Gate_Lon":39.992218000000001,"Shape_Length":0.0081083755769659795,"Shape_Area":1.0832643429136543e-06}},{"type":"Feature","id":279,"geometry":{"type":"Polygon","coordinates":[[[39.995784586000184,21.344301705000078],[39.99559114300007,21.344416183000135],[39.995127693000086,21.344693785000061],[39.994704263000074,21.344109561000039],[39.994982402000062,21.343946339000183],[39.994913561000146,21.343844818000036],[39.995216808999999,21.343661427000086],[39.995479669000076,21.343500556000151],[39.995947013000034,21.344205201000136],[39.995784586000184,21.344301705000078]]]},"properties":{"OBJECTID":279,"camp_label":"15/62","gate_number":"15","Street":"62","Block":"42","Type":"external","Transport_mode":"النقل التقليدي","Capacity":3259,"Gate_Lat":21.344507,"Gate_Lon":39.995438999999998,"Shape_Length":0.0036287373612690832,"Shape_Area":7.7669011496951819e-07}},{"type":"Feature","id":280,"geometry":{"type":"Polygon","coordinates":[[[39.994765072000064,21.344910987000048],[39.994762878000017,21.344949116000123],[39.994440147000091,21.345142066999983],[39.994226219000154,21.345275475000051],[39.993946237000046,21.344890142000054],[39.993877638000129,21.34493194200013],[39.993756508000104,21.34475680800017],[39.993647734000149,21.344605898000111],[39.993657463000147,21.34460081800006],[39.993905298000129,21.34445228200002],[39.994327650000059,21.344199157000162],[39.994913561000146,21.343844818000036],[39.994982402000062,21.343946339000183],[39.994704263000074,21.344109561000039],[39.995127693000086,21.344693785000061],[39.994765072000064,21.344910987000048]]]},"properties":{"OBJECTID":280,"camp_label":"17/62","gate_number":"17","Street":"62","Block":"42","Type":"external","Transport_mode":"النقل التقليدي","Capacity":3532,"Gate_Lat":21.345053,"Gate_Lon":39.994588999999998,"Shape_Length":0.004688347398769532,"Shape_Area":9.8915687162872199e-07}},{"type":"Feature","id":281,"geometry":{"type":"Polygon","coordinates":[[[39.99375650900015,21.344756809000103],[39.993877638000129,21.34493194200013],[39.993946237000046,21.344890142000054],[39.994226219000154,21.345275475000051],[39.99412477900006,21.345338731000083],[39.993799279000143,21.34554448200015],[39.993482537000034,21.345742958000073],[39.993197126000155,21.345348226999988],[39.993082201000163,21.345418647000145],[39.992749318000051,21.344936957000073],[39.993168233000176,21.344686803000172],[39.993223437000097,21.34466534500018],[39.993312413000183,21.344661154999983],[39.993455554000036,21.344668517000059],[39.993558786000051,21.344652364000069],[39.993647734000149,21.344605898000111],[39.99375650900015,21.344756809000103]]]},"properties":{"OBJECTID":281,"camp_label":"19/62","gate_number":"19","Street":"62","Block":"42","Type":"external","Transport_mode":"النقل التقليدي","Capacity":3230,"Gate_Lat":21.345510999999998,"Gate_Lon":39.993853000000001,"Shape_Length":0.0040258283113148276,"Shape_Area":9.1685756016855697e-07}},{"type":"Feature","id":282,"geometry":{"type":"Polygon","coordinates":[[[39.984961980000037,21.346502710000038],[39.985558787000116,21.346147502000122],[39.98569350300005,21.346339068000191],[39.985624798000117,21.346679127000186],[39.985828656000137,21.346860388000152],[39.986182390000067,21.347174910000092],[39.986408760000188,21.346972439000126],[39.986505628000032,21.34688579800013],[39.986622977000025,21.347024259000136],[39.986651210000161,21.347057572000153],[39.986267331000079,21.347309831000132],[39.985954878000086,21.347498314000177],[39.985523847000024,21.34775832400004],[39.985268957000073,21.347404593000135],[39.985516616000098,21.34724969500013],[39.984961980000037,21.346502710000038]]]},"properties":{"OBJECTID":282,"camp_label":"13/522","gate_number":"13","Street":"522","Block":"8-9","Type":"external","Transport_mode":"النقل التقليدي","Capacity":4656,"Gate_Lat":21.347359999999998,"Gate_Lon":39.986184999999999,"Shape_Length":0.0056667196132841741,"Shape_Area":9.7212302598145704e-07}},{"type":"Feature","id":283,"geometry":{"type":"Polygon","coordinates":[[[39.987839571000166,21.348006084000076],[39.987700103000179,21.34777525700008],[39.98768184700009,21.34774183900015],[39.987679224000146,21.347728781000171],[39.98768238200006,21.34770303900018],[39.987701790000017,21.347674814000015],[39.988041563000024,21.347460434000084],[39.988200840000104,21.34735385700003],[39.988243927000042,21.347341791000133],[39.988285737000126,21.347337196000183],[39.988319038000157,21.347351296999989],[39.988440018000176,21.347524776000057],[39.988495447000048,21.347605415000089],[39.988587339000048,21.347739132000015],[39.988601815000152,21.347759775000043],[39.988803306000079,21.34804718200013],[39.988845255000058,21.348116547000075],[39.988839664000068,21.348146801000098],[39.988820456000042,21.348178006000126],[39.988786075000121,21.348210866000159],[39.988694711000051,21.34827992999999],[39.988583942000048,21.348357686000043],[39.988229462000163,21.348571816000174],[39.988148782000053,21.348543341000038],[39.988126527000077,21.348508222000078],[39.988014271000054,21.34828887700013],[39.988355855000066,21.348069808000048],[39.988190166000152,21.34781012600007],[39.987839571000166,21.348006084000076]]]},"properties":{"OBJECTID":283,"camp_label":"22/608","gate_number":"22","Street":"608","Block":"100B","Type":"external","Transport_mode":"النقل التقليدي","Capacity":1466,"Gate_Lat":21.347446999999999,"Gate_Lon":39.988385999999998,"Shape_Length":0.0042944984955309868,"Shape_Area":6.78345552910263e-07}},{"type":"Feature","id":284,"geometry":{"type":"Polygon","coordinates":[[[39.98333034000018,21.348371989999976],[39.982817545000103,21.348689207000064],[39.982384538000076,21.34804929500001],[39.982376592000151,21.34803120100014],[39.982401727000024,21.348015638000163],[39.982503239000039,21.347953795000137],[39.982518968000193,21.34797536800005],[39.982583877000138,21.347936966000077],[39.982569106000085,21.347915101000126],[39.98274642500013,21.347806922000132],[39.982896139000047,21.347715584000014],[39.982914320000077,21.347741448000022],[39.982972853000035,21.347706636000169],[39.982957360000057,21.347683774000075],[39.98321813400014,21.347526152000171],[39.983234118000041,21.347550586000068],[39.983292095000138,21.347513227999968],[39.983276267000065,21.347491336000132],[39.98339611900002,21.347417949000032],[39.983605438000041,21.347728793000158],[39.983650481000097,21.347795685000165],[39.983331976000159,21.347995785000023],[39.983508155000095,21.348261988000104],[39.98333034000018,21.348371989999976]]]},"properties":{"OBJECTID":284,"camp_label":"4/56","gate_number":"4","Street":"56","Block":"50A","Type":"external","Transport_mode":"النقل التقليدي","Capacity":2568,"Gate_Lat":21.347773,"Gate_Lon":39.982801000000002,"Shape_Length":0.0041130260391924311,"Shape_Area":8.0780164960739702e-07}},{"type":"Feature","id":285,"geometry":{"type":"Polygon","coordinates":[[[39.984041161000107,21.374308497000072],[39.984300019000045,21.374696393000022],[39.984069637000175,21.374837390000039],[39.983808947000114,21.374995790000185],[39.983788607000179,21.375007930000095],[39.983342452000102,21.374336993000099],[39.983304359999977,21.374279696000087],[39.983277263000161,21.374238935000164],[39.983180983000182,21.374094114000172],[39.983086702000094,21.373952297000073],[39.983042006000119,21.373884892000092],[39.982993326000042,21.373808439000072],[39.983168582000133,21.373697506000042],[39.983273918000123,21.373631118000048],[39.983274910000034,21.373632492000183],[39.983491835000166,21.373498330000075],[39.983500243000151,21.373493003000078],[39.983610030000079,21.373658647000127],[39.983858098000155,21.374032563000128],[39.984041161000107,21.374308497000072]]]},"properties":{"OBJECTID":285,"camp_label":"2/611","gate_number":"2","Street":"611","Block":"109","Type":"external","Transport_mode":"النقل الترددي","Capacity":5976,"Gate_Lat":21.374836999999999,"Gate_Lon":39.984070000000003,"Shape_Length":0.004081586549462393,"Shape_Area":8.6303556671403224e-07}},{"type":"Feature","id":286,"geometry":{"type":"Polygon","coordinates":[[[39.985661366000159,21.368717920000165],[39.98566269700018,21.368719806000115],[39.985398785000029,21.36888216400007],[39.985046356000055,21.368380750000142],[39.984807194000155,21.368530662000126],[39.984569006000186,21.368180724000126],[39.985066431000064,21.367873080000038],[39.985373755000069,21.367682602999992],[39.985709652000082,21.368182565000154],[39.985989075000191,21.368031814000062],[39.986072353000111,21.368157006000104],[39.986307095000029,21.368018855000116],[39.986455228000125,21.368228382000154],[39.985661366000159,21.368717920000165]]]},"properties":{"OBJECTID":286,"camp_label":"6/625","gate_number":"6","Street":"625","Block":"97","Type":"external","Transport_mode":"النقل الترددي","Capacity":3586,"Gate_Lat":21.367913000000001,"Gate_Lon":39.985002999999999,"Shape_Length":0.0051088726007366535,"Shape_Area":1.0030737629746847e-06}},{"type":"Feature","id":287,"geometry":{"type":"Polygon","coordinates":[[[39.975883800000076,21.350383195000063],[39.975903207000044,21.350411780000172],[39.975521165000032,21.350641783000128],[39.975067485000125,21.349925873000018],[39.974932769000191,21.349723606000111],[39.975085476000118,21.349630379000132],[39.97540960300006,21.350094621000153],[39.975837971000146,21.349807574000124],[39.975501480999981,21.349355906000028],[39.976351947000182,21.348820410000144],[39.977067970000007,21.34983287100016],[39.976882713000066,21.349944300000061],[39.976824431000011,21.349855442000148],[39.976773643000115,21.349887892000027],[39.976748858000065,21.349851771000147],[39.976695016000065,21.349884011000142],[39.976719248000109,21.349919745000079],[39.976370639000152,21.350131892000149],[39.97629867600017,21.350175685000124],[39.975959116000126,21.350382313000125],[39.975937567000187,21.350350973000047],[39.975883800000076,21.350383195000063]]]},"properties":{"OBJECTID":287,"camp_label":"37/533","gate_number":"37","Street":"533","Block":"7-9B","Type":"external","Transport_mode":"النقل التقليدي","Capacity":2024,"Gate_Lat":21.349197,"Gate_Lon":39.976618000000002,"Shape_Length":0.0071631293155064776,"Shape_Area":1.6319147281717864e-06}},{"type":"Feature","id":288,"geometry":{"type":"Polygon","coordinates":[[[39.973714441000084,21.349684949000164],[39.97396708600013,21.350053462000005],[39.973911488000169,21.35008691500002],[39.973832318000177,21.350134551000053],[39.973785159000101,21.35016292500012],[39.973513690999994,21.350020703000098],[39.972197873000027,21.349331334000169],[39.972359930000039,21.34923383000006],[39.972327872000051,21.349187071000188],[39.972885545000111,21.348851535000165],[39.973013793000064,21.348991451000188],[39.97317149600002,21.348892985000191],[39.973714441000084,21.349684949000164]]]},"properties":{"OBJECTID":288,"camp_label":"35/533","gate_number":"35","Street":"533","Block":"7-9B","Type":"external","Transport_mode":"النقل التقليدي","Capacity":3511,"Gate_Lat":21.349800999999999,"Gate_Lon":39.973094000000003,"Shape_Length":0.0046836323666501574,"Shape_Area":9.8039489890487247e-07}},{"type":"Feature","id":289,"geometry":{"type":"Polygon","coordinates":[[[39.989523222000116,21.353806232000011],[39.989354074000175,21.353907702000072],[39.989123758000119,21.35404769500019],[39.988562237999986,21.354388990000132],[39.988095134000105,21.353723891000072],[39.987982135000038,21.353792303000034],[39.987832917000162,21.353574225000102],[39.988607525000134,21.353091511000116],[39.988897770000051,21.352910641999983],[39.989151284000059,21.353285619000189],[39.98931801100008,21.353180388000112],[39.9896112240001,21.353604889000167],[39.989551349000067,21.353639577000024],[39.989625031999992,21.353745152000101],[39.989523222000116,21.353806232000011]]]},"properties":{"OBJECTID":289,"camp_label":"3/427","gate_number":"3","Street":"427","Block":"85","Type":"external","Transport_mode":"النقل الترددي","Capacity":4166,"Gate_Lat":21.354253,"Gate_Lon":39.988787000000002,"Shape_Length":0.0050700288931476512,"Shape_Area":1.3635517190322326e-06}},{"type":"Feature","id":290,"geometry":{"type":"Polygon","coordinates":[[[39.994111261000057,21.354834843000162],[39.994011161999993,21.354694609000092],[39.993893501000116,21.354529768000191],[39.993574324999997,21.354082206000101],[39.994871781000086,21.353281853000055],[39.995037275000072,21.353171514999985],[39.995213657000136,21.353444703000036],[39.995419673000129,21.353763790000073],[39.995307907000097,21.354066537000165],[39.994111261000057,21.354834843000162]]]},"properties":{"OBJECTID":290,"camp_label":"12/524","gate_number":"12","Street":"524","Block":"8-9","Type":"external","Transport_mode":"النقل الترددي","Capacity":2872,"Gate_Lat":21.353625999999998,"Gate_Lon":39.994312999999998,"Shape_Length":0.005097664764904755,"Shape_Area":1.5201778379867335e-06}},{"type":"Feature","id":291,"geometry":{"type":"Polygon","coordinates":[[[39.99393702499998,21.352479795000136],[39.993718334000107,21.35213529300006],[39.99382743100017,21.352069695000125],[39.993480905000126,21.351536951000128],[39.994434505000129,21.350944062000167],[39.994616521000069,21.351200767000023],[39.994852457999968,21.351547138000171],[39.99492580399999,21.351515109000104],[39.995072415000152,21.351735509000036],[39.994952453000167,21.351814824000087],[39.99393702499998,21.352479795000136]]]},"properties":{"OBJECTID":291,"camp_label":"5/524","gate_number":"5","Street":"524","Block":"8-3","Type":"external","Transport_mode":"النقل الترددي","Capacity":3552,"Gate_Lat":21.351232,"Gate_Lon":39.993971000000002,"Shape_Length":0.0047298881978495213,"Shape_Area":1.2406525483737087e-06}},{"type":"Feature","id":292,"geometry":{"type":"MultiPolygon","coordinates":[[[[39.993501755000068,21.348711838000042],[39.993178745000137,21.348918754000124],[39.993139968000037,21.348895028000129],[39.992938347000177,21.348721037000189],[39.992617224000128,21.34852958100015],[39.992400677000091,21.348450276000051],[39.992276169999968,21.348409926000102],[39.991621860000009,21.348347783000008],[39.992098397999996,21.348062410000125],[39.99231445200013,21.347933026000078],[39.992643264000151,21.347736117000068],[39.993007873000067,21.348224892000076],[39.993128906000038,21.348154415000181],[39.993501755000068,21.348711838000042]]],[[[39.994393205000108,21.349441194000178],[39.993926284000111,21.349691995000057],[39.993758181000146,21.349357338000175],[39.993531442000119,21.349133431000041],[39.993295079000177,21.348989925000069],[39.993256300999974,21.348966203000032],[39.993811148000134,21.348628532000077],[39.994393205000108,21.349441194000178]]]]},"properties":{"OBJECTID":292,"camp_label":"9/408","gate_number":"9","Street":"408","Block":"87","Type":"external","Transport_mode":"النقل الترددي","Capacity":4204,"Gate_Lat":21.348801999999999,"Gate_Lon":39.993361999999998,"Shape_Length":0.0078932871843064266,"Shape_Area":1.363835535319031e-06}},{"type":"Feature","id":293,"geometry":{"type":"Polygon","coordinates":[[[39.977620424000065,21.355091519000041],[39.977571844000124,21.35502113199999],[39.977601809000078,21.355002981000041],[39.977580863000071,21.35497263600007],[39.97755090000004,21.354990787000077],[39.977358731000038,21.354712364000022],[39.97815078300016,21.354232602000138],[39.978397814000118,21.354596299000093],[39.978167033000091,21.354740382000045],[39.978264532000082,21.354881722000187],[39.978417519000061,21.355107047000104],[39.978008348000003,21.355354891000161],[39.97786298200009,21.355442936000088],[39.97775282900011,21.355283348000057],[39.977684101000136,21.355183775000057],[39.977620424000065,21.355091519000041]]]},"properties":{"OBJECTID":293,"camp_label":"9/204","gate_number":"9","Street":"204","Block":"39","Type":"external","Transport_mode":"النقل التقليدي","Capacity":2627,"Gate_Lat":21.355325000000001,"Gate_Lon":39.977781,"Shape_Length":0.0036879005845819328,"Shape_Area":6.9557211249023748e-07}},{"type":"Feature","id":294,"geometry":{"type":"MultiPolygon","coordinates":[[[[39.978042743000117,21.343368913000177],[39.978025568000191,21.343379240000047],[39.977520863000109,21.343682718000139],[39.977080738000041,21.343040272999986],[39.977488035000079,21.342795360000082],[39.977620963000049,21.342991860000154],[39.977732210000113,21.342925333999972],[39.978042743000117,21.343368913000177]]],[[[39.977144878000161,21.343908811000119],[39.976810772000078,21.344109693000007],[39.977076409999995,21.344497440000055],[39.976912480000124,21.344596011000135],[39.976516629000173,21.34401818900011],[39.976566944000126,21.343987935000087],[39.976488815000152,21.343873892000147],[39.976442558000144,21.343901706000111],[39.976244634000125,21.343612795000126],[39.976274661000048,21.343594740000128],[39.976243408000187,21.343549123000173],[39.976217368000164,21.343511108000143],[39.976233596999975,21.343501349000121],[39.97618151000006,21.343425319000062],[39.976578253000071,21.343186759000048],[39.976934765999999,21.342972767000106],[39.977338235000104,21.343526838000002],[39.977472767000052,21.343711656000039],[39.977144878000161,21.343908811000119]]]]},"properties":{"OBJECTID":294,"camp_label":"F/204","gate_number":"F","Street":"204","Block":"38","Type":"external","Transport_mode":"النقل التقليدي","Capacity":2860,"Gate_Lat":21.343800999999999,"Gate_Lon":39.976374,"Shape_Length":0.007546841742838783,"Shape_Area":1.3763321586373612e-06}},{"type":"Feature","id":295,"geometry":{"type":"Polygon","coordinates":[[[39.981021540000143,21.351493803000096],[39.981360286999973,21.35198989100013],[39.981093201000078,21.352149429000178],[39.980667799000059,21.351522051000131],[39.980479402000185,21.351244205000057],[39.980160714000135,21.350777552000068],[39.980413836000082,21.350625104000073],[39.980661989000112,21.350475653000046],[39.981054417000109,21.351047491000145],[39.981005746000051,21.351076804000172],[39.9810344280001,21.351118599000131],[39.98104254000009,21.351113714000178],[39.981092082000089,21.351185907000001],[39.98109321700008,21.351245113000118],[39.981180570000106,21.351392290000149],[39.981021540000143,21.351493803000096]]]},"properties":{"OBJECTID":295,"camp_label":"43/204","gate_number":"43","Street":"204","Block":"36","Type":"external","Transport_mode":"النقل التقليدي","Capacity":3406,"Gate_Lat":21.350883,"Gate_Lon":39.980941999999999,"Shape_Length":0.0044728792656039424,"Shape_Area":7.8053832915576872e-07}},{"type":"Feature","id":296,"geometry":{"type":"Polygon","coordinates":[[[39.972030827000083,21.351175506000118],[39.972051636999993,21.351205855000103],[39.972045253000033,21.35120991600013],[39.971879476000083,21.351309660000027],[39.971297311000114,21.35046047700007],[39.971526048000158,21.350322854000126],[39.971309783000095,21.350007394000102],[39.971081046000108,21.350145015000066],[39.971031272000062,21.350072410000166],[39.971145600999989,21.350003626000159],[39.971099742000035,21.349936731000071],[39.971124084999985,21.34992208500006],[39.971144930000037,21.349952492],[39.971177385000146,21.349932965000107],[39.971161751000125,21.34991015900016],[39.971186824000142,21.349884339000141],[39.971538715000008,21.349672619000046],[39.97243278000019,21.350976756000023],[39.972106921000147,21.351172814000108],[39.972100322000074,21.351176562000035],[39.972079512000107,21.351146212000003],[39.972030827000083,21.351175506000118]]]},"properties":{"OBJECTID":296,"camp_label":"45/68","gate_number":"45","Street":"68","Block":"35C","Type":"external","Transport_mode":"النقل التقليدي","Capacity":4823,"Gate_Lat":21.350155999999998,"Gate_Lon":39.971870000000003,"Shape_Length":0.0051264806032473072,"Shape_Area":9.0284160618353076e-07}},{"type":"Feature","id":297,"geometry":{"type":"Polygon","coordinates":[[[39.992596317000107,21.341588689000162],[39.992316332000087,21.341757210000139],[39.991631344000098,21.340759466000009],[39.991879609000136,21.340604443000075],[39.992128260000186,21.340450782000062],[39.992297953000104,21.34069219800017],[39.99241169700008,21.340760050000085],[39.992703265000046,21.340922735000106],[39.992799658000138,21.340970936000133],[39.992934321000178,21.341038276000177],[39.993056452000076,21.341089960000033],[39.993188175000057,21.341266920000066],[39.993139496000026,21.341296215000114],[39.993155132000084,21.341319017000046],[39.993121917000053,21.341338110000095],[39.993087649000074,21.341288134000081],[39.992981775000032,21.34135185700012],[39.993010931000128,21.34139437500005],[39.99267927000011,21.341581587999997],[39.992412419000175,21.341256275000035],[39.991971632000173,21.340718906000063],[39.991912552000088,21.340755112000181],[39.992543145000127,21.341523868000024],[39.992516384000169,21.341543136000041],[39.992551639000112,21.341586113000119],[39.99257840100006,21.341566846000035],[39.992596317000107,21.341588689000162]]]},"properties":{"OBJECTID":297,"camp_label":"3/652","gate_number":"3","Street":"652","Block":"122","Type":"external","Transport_mode":"النقل التقليدي","Capacity":5228,"Gate_Lat":21.341251,"Gate_Lon":39.992319000000002,"Shape_Length":0.006563510742827362,"Shape_Area":8.7187464553194993e-07}},{"type":"Feature","id":298,"geometry":{"type":"Polygon","coordinates":[[[39.97526840400019,21.355699962000017],[39.975059180000073,21.355381912000041],[39.974729521000086,21.35558358500009],[39.974505048000083,21.355257156000164],[39.97454847400013,21.35523040400011],[39.974498632000063,21.355160083000044],[39.974444561000098,21.355193715000155],[39.974435565000078,21.355179699000075],[39.97463588200003,21.355052140000112],[39.974553337000089,21.354931845000181],[39.974349649000089,21.35505657200008],[39.974245752999991,21.354902537000044],[39.974325883000063,21.354854181000121],[39.974242158000152,21.354732426999988],[39.974162229000058,21.354780664000032],[39.974089393000042,21.35467474800015],[39.974113708000175,21.35466006300004],[39.97408235600011,21.354614504000097],[39.974058042000024,21.354629191000186],[39.973887910000144,21.354405892000102],[39.974377643000082,21.354127635000054],[39.974524077000126,21.354044437000084],[39.974641929000086,21.3539774730001],[39.974959164000154,21.354442176000077],[39.975297547000025,21.35493785400007],[39.975353836000124,21.355020307000188],[39.975526359000128,21.355271087000176],[39.975559979000025,21.355315692000033],[39.975628162000078,21.355415079000181],[39.975666083000135,21.355470355000136],[39.975395467000112,21.355635926000048],[39.975379314999998,21.355612215000178],[39.975330534000136,21.355641366000157],[39.97535128300018,21.355671830000006],[39.975312037000151,21.355695285000081],[39.975311026000156,21.355693802000076],[39.975299872000107,21.355679062000092],[39.97526840400019,21.355699962000017]]]},"properties":{"OBJECTID":298,"camp_label":"8/62","gate_number":"8","Street":"62","Block":"49","Type":"external","Transport_mode":"النقل التقليدي","Capacity":5209,"Gate_Lat":21.354153,"Gate_Lon":39.974331999999997,"Shape_Length":0.0062660552174177925,"Shape_Area":1.3316053471264503e-06}},{"type":"Feature","id":299,"geometry":{"type":"Polygon","coordinates":[[[39.972972114000072,21.353696992000039],[39.973098831000129,21.353881658000034],[39.97333408500009,21.353739990000065],[39.973392489000105,21.35382510400018],[39.9733275910001,21.353864185000134],[39.973369309000134,21.353924980999977],[39.973460280000154,21.353923897000072],[39.97356908800009,21.35408245900004],[39.9735053120001,21.354120868000109],[39.973547030000191,21.35418166200003],[39.973610805000078,21.354143256000043],[39.973670955000046,21.354230912000162],[39.973387030000083,21.35440189100018],[39.973475126000096,21.354530274000069],[39.97309456000005,21.354752554000186],[39.973067696000157,21.354713403000062],[39.97302064600018,21.354741737000097],[39.973047093000162,21.354780279000067],[39.97295962600009,21.35483136900001],[39.97269607100003,21.35498530600006],[39.972444977000066,21.354628733000141],[39.972344683000131,21.354482579000148],[39.972146699000064,21.354194051000036],[39.972736862000147,21.353838661000111],[39.972755112000073,21.353865258000098],[39.972844347000034,21.353811523000047],[39.972862599000166,21.353838121000081],[39.972911270000168,21.353808810000089],[39.972893018000093,21.353782212000169],[39.972923946000151,21.353726000000165],[39.972972114000072,21.353696992000039]]]},"properties":{"OBJECTID":299,"camp_label":"1/204","gate_number":"1","Street":"204","Block":"29","Type":"external","Transport_mode":"النقل التقليدي","Capacity":3709,"Gate_Lat":21.354626,"Gate_Lon":39.973309999999998,"Shape_Length":0.0048773680092946145,"Shape_Area":1.0622313274433455e-06}},{"type":"Feature","id":300,"geometry":{"type":"Polygon","coordinates":[[[39.97786390300007,21.350342793000095],[39.977882262999969,21.350368947000106],[39.977646519000189,21.350507673000038],[39.97741700600011,21.350178991000007],[39.977440076000107,21.350164239000037],[39.97741084900008,21.350121611000077],[39.977387779000082,21.35013636400015],[39.97664977800008,21.349084031000189],[39.976692900000103,21.349054300000148],[39.97663146900004,21.348967436000066],[39.976533586000016,21.348829028000125],[39.976472547000071,21.348742720000132],[39.976441512000065,21.348745833999999],[39.976429700000153,21.34872856200019],[39.976431194000099,21.348705773000177],[39.976938642000164,21.348383409000121],[39.977185341000052,21.348226687000135],[39.9777374250001,21.348982906000117],[39.978109877000179,21.349503870000035],[39.978468727000177,21.350018653000063],[39.978377828000021,21.350073841000039],[39.978363610000088,21.350053846000037],[39.978297183000052,21.350094035000097],[39.978310757000088,21.350110469000015],[39.977980913000181,21.350313368000059],[39.977952261000098,21.350330989000156],[39.977930466000146,21.350299619000054],[39.97786390300007,21.350342793000095]]]},"properties":{"OBJECTID":300,"camp_label":"C/206","gate_number":"C","Street":"206","Block":"38","Type":"external","Transport_mode":"النقل التقليدي","Capacity":2860,"Gate_Lat":21.350166000000002,"Gate_Lon":39.978220999999998,"Shape_Length":0.0064730390802578358,"Shape_Area":2.0470138508768029e-06}},{"type":"Feature","id":301,"geometry":{"type":"Polygon","coordinates":[[[39.985331195000072,21.344944336000083],[39.985302775000036,21.344918795000183],[39.985336231000133,21.344890162000013],[39.985300458000154,21.344853479000108],[39.985264417000053,21.344884324000077],[39.985215259000086,21.344840151000085],[39.984973408000087,21.344622805000029],[39.985140479000108,21.344465890000095],[39.985383658000103,21.344325898000079],[39.985865184000147,21.344044848000067],[39.986022787000138,21.344242248000057],[39.986066036000068,21.344296420000092],[39.986342798000067,21.344643075000079],[39.986201223000137,21.344725417000177],[39.986211395000112,21.344740768000122],[39.986086593000095,21.344820376000143],[39.98593279500011,21.344615702000056],[39.985425053000029,21.344911014000161],[39.985414136000145,21.344896094000148],[39.985331195000072,21.344944336000083]]]},"properties":{"OBJECTID":301,"camp_label":"32/206","gate_number":"32","Street":"206","Block":"36","Type":"external","Transport_mode":"النقل التقليدي","Capacity":3774,"Gate_Lat":21.344203,"Gate_Lon":39.985990999999999,"Shape_Length":0.0036930782992797167,"Shape_Area":6.0829473111965146e-07}},{"type":"Feature","id":302,"geometry":{"type":"Polygon","coordinates":[[[39.983556449000162,21.363943569000071],[39.984174782000082,21.364256717000046],[39.983670508999978,21.364565094000113],[39.983388064000167,21.364734668999972],[39.983211385000004,21.36433883300009],[39.982844538000165,21.363814446000163],[39.982589112000142,21.363967527000113],[39.982275387000016,21.363514030000147],[39.982785077000131,21.363220624000064],[39.982987894000075,21.363089856000045],[39.983469890000038,21.363804991000166],[39.983556449000162,21.363943569000071]]]},"properties":{"OBJECTID":302,"camp_label":"5/655","gate_number":"5","Street":"655","Block":"94","Type":"external","Transport_mode":"النقل الترددي","Capacity":3612,"Gate_Lat":21.364447999999999,"Gate_Lon":39.983860999999997,"Shape_Length":0.0053915238103723435,"Shape_Area":1.1136417115679934e-06}},{"type":"Feature","id":303,"geometry":{"type":"Polygon","coordinates":[[[39.990315484000121,21.352579264000099],[39.990484312000035,21.352833481999994],[39.990755465000177,21.35266228200004],[39.990951547000066,21.352945236000039],[39.990426892000073,21.353264617000093],[39.989808228000072,21.353635369000187],[39.989625031999992,21.353745152000101],[39.989551349000067,21.353639577000024],[39.9896112240001,21.353604889000167],[39.98931801100008,21.353180388000112],[39.989151284000059,21.353285620000122],[39.988897770000051,21.352910641999983],[39.98955446500014,21.35250235500007],[39.99004352999998,21.35219222700016],[39.990290070000128,21.352543095000044],[39.990315484000121,21.352579264000099]]]},"properties":{"OBJECTID":303,"camp_label":"12/408","gate_number":"12","Street":"408","Block":"86","Type":"external","Transport_mode":"النقل الترددي","Capacity":3920,"Gate_Lat":21.353401999999999,"Gate_Lon":39.990197000000002,"Shape_Length":0.0057082083416175548,"Shape_Area":1.4879307650320292e-06}},{"type":"Feature","id":304,"geometry":{"type":"Polygon","coordinates":[[[39.995143443000188,21.349349377000124],[39.995319797000036,21.349608664000186],[39.995477640000047,21.349840732000189],[39.995644169000059,21.350076101000013],[39.994376534000025,21.350847183000042],[39.994232876000069,21.350655285000187],[39.994109476000176,21.350490446000151],[39.993781068000146,21.350027585000134],[39.994667321000009,21.349585923000177],[39.994782348000058,21.349517777000187],[39.994941163000135,21.349441148000153],[39.995143443000188,21.349349377000124]]]},"properties":{"OBJECTID":304,"camp_label":"16/421","gate_number":"16","Street":"421","Block":"79","Type":"external","Transport_mode":"النقل الترددي","Capacity":4766,"Gate_Lat":21.350738,"Gate_Lon":39.994557,"Shape_Length":0.0049018145609282431,"Shape_Area":1.4189345282693412e-06}},{"type":"Feature","id":305,"geometry":{"type":"Polygon","coordinates":[[[39.990820555000084,21.356910845000129],[39.991030791000071,21.356841372000133],[39.99113623900007,21.356772633000048],[39.991196930000058,21.356630117000179],[39.991124852000098,21.356489866000004],[39.991130698000063,21.356418752000025],[39.991103305000024,21.356283484000187],[39.991160549000142,21.356156473000055],[39.991430636000189,21.356123782000111],[39.991565411000067,21.356185180000068],[39.991635027000143,21.356264246000023],[39.991699052000001,21.356347355000025],[39.991757222000047,21.356434159000116],[39.991809292000084,21.356524298000011],[39.991855046000126,21.356617397000036],[39.99189429400019,21.356713065999998],[39.991926872000022,21.356810908000114],[39.99193072300011,21.356897488000186],[39.991940925000051,21.356983613000125],[39.991957431000174,21.357068877000074],[39.991980160000026,21.357152875000111],[39.992009006999979,21.357235208000077],[39.992043834000128,21.357315487000051],[39.992259403000105,21.357386794000149],[39.992259890000071,21.357459096000127],[39.992136835999986,21.357524898000065],[39.99157328299998,21.357510150000053],[39.991469209000115,21.357528841000089],[39.991156475000139,21.357508995000046],[39.991151311000067,21.357439142000032],[39.991139300000043,21.35737003100013],[39.991120543000193,21.357302251000192],[39.991095200000132,21.357236378000152],[39.99106348600003,21.357172972000058],[39.991025672000092,21.357112572000062],[39.990982077000126,21.35705569400011],[39.990933075000157,21.357002819000115],[39.990879081000116,21.35695440000012],[39.990820555000084,21.356910845000129]]]},"properties":{"OBJECTID":305,"camp_label":"6/529","gate_number":"6","Street":"529","Block":"8-14","Type":"external","Transport_mode":"النقل الترددي","Capacity":3848,"Gate_Lat":21.356591999999999,"Gate_Lon":39.991843000000003,"Shape_Length":0.0048140775909897709,"Shape_Area":1.1185728871903954e-06}},{"type":"Feature","id":306,"geometry":{"type":"MultiPolygon","coordinates":[[[[39.977657701000055,21.340451045000179],[39.977665185000149,21.340462863000084],[39.977753305000135,21.340585433999991],[39.977761746000056,21.340598972000066],[39.977846822000174,21.340721940000094],[39.977851471000122,21.340736693000167],[39.977959492000082,21.340863015000139],[39.977946653000174,21.340871083000138],[39.977806641000143,21.340765792000184],[39.977792120000061,21.34075445700006],[39.977662255999974,21.34065960200013],[39.977646534000087,21.340651725999976],[39.977519536000102,21.340554153000028],[39.977503491999983,21.340542917000164],[39.97733722900017,21.340425119000145],[39.977529993000132,21.340284237000049],[39.977657701000055,21.340451045000179]]],[[[39.977904869000099,21.341774263000048],[39.977923422999993,21.341801436000083],[39.977792085000146,21.341780574000154],[39.977691111000183,21.341764884000099],[39.977623609000091,21.341755920000026],[39.977541940000151,21.341745076000052],[39.977462894000041,21.341734580000036],[39.977444200000093,21.341732098000023],[39.977451758000143,21.341727935000108],[39.977215147000038,21.341708391000111],[39.977189524000153,21.341706275000092],[39.977168801999994,21.341704563000178],[39.977142038000125,21.341702352000084],[39.977049984000132,21.341694748000123],[39.977021324000077,21.34169238100003],[39.976766861000044,21.341671361000067],[39.976637293000181,21.341660657999967],[39.976502703000051,21.341646529000172],[39.976472008000087,21.341643385000054],[39.976184426000088,21.341628925000123],[39.976157623999995,21.341627576000064],[39.976127600000041,21.34162606700005],[39.97603171600008,21.341621246000102],[39.976027301000158,21.341587934000188],[39.976027068000064,21.341550667000035],[39.975912277000077,21.341550078000068],[39.975910925000107,21.341609034000157],[39.975807049000082,21.341599742000085],[39.975868186000071,21.341464077000126],[39.976024390000191,21.341354915000181],[39.976174807999996,21.341249794000078],[39.976346800000044,21.341129599000169],[39.976386453000032,21.341101887000036],[39.976531979000185,21.341000185000155],[39.976568400000076,21.340974732000063],[39.976727598000082,21.340863476000095],[39.976755810000157,21.340843760000098],[39.976848030000099,21.340778211000043],[39.976848911000104,21.340779488000067],[39.976870695000116,21.34076235200007],[39.976906917999997,21.34073522500006],[39.976967052000191,21.34069219800017],[39.976997945000164,21.340670242000101],[39.977064129000155,21.340618590000076],[39.977263342000185,21.340463118000002],[39.977299006000123,21.340505937000103],[39.977355866000039,21.340571102000069],[39.977371480000102,21.340582740000173],[39.97739938400008,21.340603538000096],[39.977414028000055,21.340614453000001],[39.977495899000189,21.340677501000073],[39.977677260000178,21.340817031000086],[39.977693577000025,21.340829334000148],[39.977794189000178,21.340905194000186],[39.97783645700008,21.340937063000069],[39.977956507999977,21.341027580000173],[39.977983422000079,21.34104787299998],[39.978105381000148,21.341139828000053],[39.977873701000192,21.341283474000022],[39.977656834000072,21.341411010000115],[39.977904869000099,21.341774263000048]]]]},"properties":{"OBJECTID":306,"camp_label":"D/204","gate_number":"D","Street":"204","Block":"38","Type":"external","Transport_mode":"النقل التقليدي","Capacity":2860,"Gate_Lat":21.341676,"Gate_Lon":39.976819999999996,"Shape_Length":0.0079455962044434406,"Shape_Area":1.6509588057349579e-06}},{"type":"Feature","id":307,"geometry":{"type":"MultiPolygon","coordinates":[[[[39.981073355000035,21.341709718000118],[39.98103583700015,21.34187238800007],[39.980641910000145,21.341599742000085],[39.980613174999974,21.341557900000169],[39.980576377000148,21.341553552000164],[39.980175777000056,21.341279440000051],[39.98024850000013,21.341223592000063],[39.980640916000084,21.341249424000068],[39.980602933000057,21.341443262000098],[39.98061366200011,21.341460056000074],[39.980664664000074,21.341472439000142],[39.98073784200011,21.341256547000057],[39.98076358600008,21.34125977500014],[39.981102344000078,21.341280907999987],[39.981159446000163,21.341362262000189],[39.981073355000035,21.341709718000118]]],[[[39.980067719000147,21.341355853999971],[39.979990376000046,21.341813198000182],[39.979784126000027,21.34184287100004],[39.979664255000159,21.341885255000022],[39.979617282000106,21.341911697000057],[39.979357130000096,21.341563514000143],[39.979487550000044,21.341483068000059],[39.979337333000103,21.341271371000175],[39.980067719000147,21.341355853999971]]],[[[39.980515844000024,21.341931504000172],[39.980420577000018,21.34179473800009],[39.980366971000024,21.34183090800002],[39.980338923000033,21.341830006000123],[39.980223688000194,21.341830055000059],[39.98019719600012,21.341831022000065],[39.980080956999984,21.341817715000104],[39.980149842000117,21.341372853000053],[39.98038735300014,21.341531708000161],[39.980754639000168,21.341788336000093],[39.980515844000024,21.341931504000172]]]]},"properties":{"OBJECTID":307,"camp_label":"4/643","gate_number":"4","Street":"643","Block":"120","Type":"internal","Transport_mode":"النقل التقليدي","Capacity":1700,"Gate_Lat":21.341843000000001,"Gate_Lon":39.979784000000002,"Shape_Length":0.0074413049190571066,"Shape_Area":7.8996224123959861e-07}},{"type":"Feature","id":308,"geometry":{"type":"Polygon","coordinates":[[[39.978751689000148,21.365321458000153],[39.978274187000068,21.365602630000126],[39.977168570000174,21.363939873000163],[39.977249526000151,21.363868603000128],[39.97733552800014,21.363802723000163],[39.977427699000032,21.363753773000042],[39.977651484000148,21.363634932000025],[39.978173523000123,21.364455540000108],[39.978751689000148,21.365321458000153]]]},"properties":{"OBJECTID":308,"camp_label":"6/554","gate_number":"6","Street":"554","Block":"9-7","Type":"external","Transport_mode":"النقل الترددي","Capacity":3052,"Gate_Lat":21.364588999999999,"Gate_Lon":39.977600000000002,"Shape_Length":0.0051386404653029384,"Shape_Area":1.1242470833482091e-06}},{"type":"Feature","id":309,"geometry":{"type":"Polygon","coordinates":[[[39.988523396000176,21.352820715999997],[39.988240599000108,21.353000052000141],[39.987983954000129,21.352640823000172],[39.987835732999997,21.352730110000152],[39.987742612000034,21.352595960000087],[39.987841871000171,21.352533750000077],[39.98768383200013,21.352308409000159],[39.987589141000058,21.352366689000007],[39.987411845000111,21.35211126300004],[39.987836266000159,21.351813621000076],[39.988344076000089,21.351466776000109],[39.988528276000011,21.351726982000116],[39.988683994000155,21.351949808000086],[39.988723204000166,21.351927523000086],[39.989095549000183,21.352457876000187],[39.988523396000176,21.352820715999997]]]},"properties":{"OBJECTID":309,"camp_label":"2/425","gate_number":"2","Street":"425","Block":"85","Type":"external","Transport_mode":"النقل الترددي","Capacity":3304,"Gate_Lat":21.351685,"Gate_Lon":39.988025,"Shape_Length":0.0050217961580127299,"Shape_Area":1.3106706944464162e-06}},{"type":"Feature","id":310,"geometry":{"type":"Polygon","coordinates":[[[39.987438490000102,21.378757704000066],[39.98680768000014,21.379169431000093],[39.986806659000138,21.379169940000054],[39.9868047920001,21.379171031000055],[39.986802949000037,21.379172107000159],[39.986801061000051,21.379173211000023],[39.986799255000051,21.379174386000045],[39.98679747000017,21.379175544000134],[39.986795671000095,21.37917677500019],[39.98679392400004,21.379178032000027],[39.986792198000103,21.379179278000095],[39.986790480000138,21.379180577000113],[39.986788814000192,21.379181905000053],[39.986787147000143,21.379183233000163],[39.986785488000066,21.379184617000078],[39.98678390300006,21.37918601400014],[39.986782325000092,21.379187468000055],[39.98678076900012,21.379188908000174],[39.986779243000171,21.379190390000133],[39.986777747000076,21.379191914999979],[39.986777388000121,21.379192316000115],[39.986776788000043,21.379193107000106],[39.986776151000129,21.379193800000053],[39.986775523000063,21.379194549000033],[39.986774864000097,21.37919525500007],[39.986774205000131,21.379195961000164],[39.986773545000062,21.379196669000009],[39.986772828000085,21.379197291000082],[39.986772140000028,21.379197955000166],[39.986771429000044,21.37919863400009],[39.986770690000071,21.379199271000061],[39.986769972000047,21.37919989400001],[39.986769233000075,21.379200530999981],[39.9867684620001,21.379201126000112],[39.986767693000104,21.379201720000026],[39.986766923000062,21.379202315000157],[39.986766124000098,21.379202868000107],[39.986765326000182,21.379203421000057],[39.986764504000121,21.379203987000096],[39.986763677000113,21.379204498000036],[39.986762848000183,21.379205009000032],[39.986762020000072,21.379205520000141],[39.986761160000185,21.379205988000024],[39.986760280000112,21.379206470000042],[39.986759422000034,21.379206940000074],[39.986758564000183,21.379207408000127],[39.986757676000082,21.379207835000045],[39.986756759999992,21.379208221000113],[39.986755872000117,21.379208647000155],[39.986754956000027,21.379209032000063],[39.986754061000056,21.379209403000004],[39.986753114000066,21.379209747000061],[39.986752167000077,21.379210089000082],[39.986751244000061,21.379210418000184],[39.986750320000169,21.379210748000048],[39.986749367000186,21.379211035000139],[39.986748412000054,21.379211322000117],[39.98674743000015,21.37921156800013],[39.986746499000162,21.379211841000028],[39.986745539000083,21.379212073000076],[39.98674454900015,21.379212263000056],[39.986743587999968,21.379212493000125],[39.986742619000154,21.37921266900014],[39.986741601000062,21.379212818000042],[39.986740633000181,21.379212993000124],[39.986739636000038,21.379213126000082],[39.986738662000107,21.379213247000166],[39.986737657000106,21.379213324999967],[39.986736682000128,21.379213444000072],[39.986735677000127,21.379213523000033],[39.986734667000064,21.379213546000074],[39.986733684000058,21.379213609000033],[39.986732674000166,21.37921363200013],[39.986731684000063,21.379213640000103],[39.986730666000142,21.379213606000121],[39.986729699000193,21.379213601000174],[39.986728681000102,21.379213568000125],[39.986727707000171,21.379213507000031],[39.986726681999983,21.379213417000187],[39.986725709000041,21.379213356999969],[39.986724727000137,21.37921324000007],[39.986723717000189,21.379213082000035],[39.986722736000047,21.379212965000136],[39.986721749000026,21.379212792000033],[39.986720760000026,21.3792126190001],[39.986719773000061,21.3792124470001],[39.986718809000138,21.379212261000077],[39.986717835999968,21.379212019000079],[39.986716892000061,21.379211818000158],[39.986715941999989,21.379211562000137],[39.986714940000127,21.379211279000174],[39.98671401200005,21.37921100900013],[39.986713055000052,21.379210698000065],[39.986712098000055,21.379210386000182],[39.986711163000052,21.379210060000162],[39.986710251000147,21.379209721000052],[39.986709309000105,21.379209340000102],[39.986708419000024,21.37920898699997],[39.986707500000193,21.379208591000122],[39.986706603000016,21.379208183000117],[39.986705705000134,21.379207773000076],[39.986704830000178,21.379207350000115],[39.986703949000173,21.379206872000054],[39.986703097000088,21.379206436000061],[39.986702215000037,21.379205957000067],[39.98670135500015,21.379205466000144],[39.986700541000062,21.379204945000026],[39.98669970300017,21.37920444000008],[39.986698889000081,21.379203921000112],[39.986698068000123,21.379203345000064],[39.986697274000051,21.379202812000074],[39.986696476000191,21.37920222200006],[39.986695677,21.379201632000161],[39.986694929000123,21.379201071000068],[39.986694174000149,21.379200455000159],[39.986693419000176,21.379199838000034],[39.986692688000062,21.379199207000056],[39.986691955000083,21.379198575000032],[39.986691238999981,21.379197876000035],[39.9866905290001,21.379197230000159],[39.986689863000095,21.379196558000103],[39.986689198000079,21.379195887000151],[39.986688526000023,21.379195158000186],[39.986687907000089,21.379194459000189],[39.986687234000101,21.379193731000157],[39.986686607000138,21.379192976000184],[39.986686010000028,21.379192262000117],[39.98668540500006,21.379191492000075],[39.986684851000177,21.37919075200017],[39.986684269000136,21.379189968000105],[39.986683707999987,21.379189171000121],[39.986683201000062,21.379188402000125],[39.986682663000181,21.379187591000175],[39.98668214900016,21.379186766000032],[39.986681684000189,21.379185970000151],[39.986681221000083,21.379185174000042],[39.98614393500003,21.378784586000108],[39.986048378000191,21.37869656700002],[39.985787041000151,21.378332240000191],[39.985786021000081,21.378331427000035],[39.985784806000083,21.378330431000109],[39.985783615000059,21.378329423000025],[39.985782448000066,21.378328398000065],[39.985781301000031,21.378327362000164],[39.985780201000125,21.378326297000115],[39.985779099000013,21.378325233000055],[39.985777990000031,21.37832411200003],[39.985776934000114,21.378323020000153],[39.985775871000101,21.378321872000015],[39.985774831000015,21.378320710000139],[39.985773864000066,21.378319563000105],[39.98577286800014,21.378318374000116],[39.985771894000038,21.378317171000106],[39.985770964000153,21.378315940000107],[39.985770064000064,21.378314751000062],[39.985769179000101,21.378313492000075],[39.985768295000184,21.378312234000134],[39.985767456000019,21.378310949000138],[39.985766617000081,21.378309662999982],[39.985765851000167,21.378308391000076],[39.985765078000043,21.378307062000033],[39.985764307000068,21.378305735000026],[39.985763578000103,21.378304381000078],[39.985762903000136,21.378303054000071],[39.985762198000145,21.378301685000054],[39.985761567000168,21.378300332000038],[39.985760958000014,21.378298962000088],[39.985760342000162,21.37829753800014],[39.985759779000034,21.378296142000067],[39.985759236999968,21.378294733000189],[39.985758718000056,21.378293309000071],[39.985758251000107,21.378291913000112],[39.98575777700006,21.378290463000042],[39.985757332000105,21.378289054000163],[39.985756903000151,21.378287576000048],[39.985756525000113,21.378286124000113],[39.985756169000069,21.378284660000133],[39.985755837000056,21.378283181000143],[39.985755557000061,21.378281731000186],[39.985755298000129,21.37828026800014],[39.985755061000191,21.378278790000024],[39.985754796000037,21.378277271000172],[39.985754634000045,21.378275807000023],[39.985754444000008,21.378274302000023],[39.98575432500013,21.378272811000159],[39.985754209000106,21.378271320000124],[39.985754115000077,21.378269815000067],[39.985754094000185,21.378268325000136],[39.985754051000072,21.378266848000123],[39.985754053000107,21.37826534400017],[39.985754077000081,21.378263826000023],[39.985754154000176,21.378262337000024],[39.985754229000122,21.37826084600016],[39.985754350000036,21.378259328000183],[39.985754501000145,21.37825785300015],[39.985754674000077,21.378256364000151],[39.985754846000077,21.378254875000096],[39.985755094000069,21.37825339900013],[39.985755342000118,21.378251925000029],[39.985755610000126,21.378250435000098],[39.985755931000085,21.378248975000133],[39.985756276000188,21.3782475000001],[39.985756649000109,21.37824606800018],[39.985757015000161,21.378244579000125],[39.985757463000027,21.378243162000103],[39.985757880000165,21.378241701000093],[39.985758351000072,21.378240270000049],[39.985758872000019,21.378238865000185],[39.98575939400007,21.378237462000186],[39.985759938000115,21.378236044000062],[39.98576050600019,21.378234612000085],[39.985761131000118,21.378233265000063],[39.985761749000176,21.378231861000131],[39.985762396000155,21.378230500000143],[39.985763044000009,21.378229139000098],[39.98576376699998,21.378227792000075],[39.985764520000146,21.378226486000131],[39.985765293000156,21.378225168000029],[39.985766044999991,21.378223862000084],[39.9857668410001,21.378222530000187],[39.985767675000147,21.37822129400007],[39.985768523000047,21.378219990000161],[39.985769378000043,21.378218741000126],[39.985770306999996,21.378217507000045],[39.98577121600016,21.378216286000168],[39.985772145000169,21.378215051000154],[39.985773103000042,21.378213860000187],[39.98577411500014,21.378212695000173],[39.98577510400014,21.378211544000123],[39.985776166000051,21.378210408000029],[39.985777207000069,21.378209286000128],[39.98577826900015,21.378208149000159],[39.98577936200013,21.378207054000143],[39.985780483000156,21.37820600200007],[39.985781627000051,21.378204936000145],[39.98578274900018,21.378203884000072],[39.985783923000099,21.378202859000055],[39.985785127000156,21.378201877000151],[39.985786330000167,21.378200895000077],[39.985787562000098,21.378199955000184],[39.985788817000127,21.378199001000098],[39.985790102000124,21.37819808800009],[39.985791364000079,21.378197190000037],[39.985792649000075,21.378196278000132],[39.985793970000088,21.378195463000168],[39.98579528300013,21.378194593000103],[39.985796634000167,21.378193821000025],[39.985797978000107,21.378192992000038],[39.985799350000036,21.378192206000165],[39.98580073100004,21.378191474000062],[39.985802162000084,21.378190772000039],[39.985803543000088,21.378190042000142],[39.985804983000037,21.378189395000163],[39.985806444000048,21.378188734000048],[39.98580788300012,21.378188087000069],[39.985809329000062,21.378187496999999],[39.985810796000067,21.378186893000134],[39.985812325000097,21.378186371000083],[39.98581380000013,21.378185822000148],[39.985815305000187,21.378185314999996],[39.985816810000017,21.378184808000071],[39.985818322000171,21.378184357000123],[39.985819865000053,21.378183948000185],[39.985821406000071,21.378183538000144],[39.985933717000194,21.378154334000044],[39.986100160000035,21.378060312000059],[39.986277494000149,21.377948452000055],[39.986717883999972,21.377685735000057],[39.986868911000158,21.37791040400009],[39.986869583000043,21.377911403000098],[39.987126287000137,21.378293275999965],[39.987126380000063,21.378293414000154],[39.987438490000102,21.378757704000066]]]},"properties":{"OBJECTID":310,"camp_label":"8/613","gate_number":"8","Street":"613","Block":"110","Type":"external","Transport_mode":"النقل الترددي","Capacity":3182,"Gate_Lat":21.378032999999999,"Gate_Lon":39.986142999999998,"Shape_Length":0.0046653059762193812,"Shape_Area":1.3735702078877114e-06}},{"type":"Feature","id":311,"geometry":{"type":"Polygon","coordinates":[[[39.974120388000017,21.346811775000106],[39.974309668000046,21.34708374600018],[39.97407185600008,21.347227286000134],[39.974347926000007,21.34764230799999],[39.973890601000107,21.347920406000128],[39.97345544600006,21.348185523000097],[39.973343148000026,21.348253355000054],[39.973058073000175,21.347836714000096],[39.973298139000121,21.347695854000165],[39.973111749000168,21.347424463000038],[39.973394556000187,21.347251455999981],[39.973875140000189,21.346961997000108],[39.973889526000107,21.346953183000096],[39.97411183100013,21.346817015000056],[39.974120388000017,21.346811775000106]]]},"properties":{"OBJECTID":311,"camp_label":"30/608","gate_number":"30","Street":"608","Block":"90","Type":"external","Transport_mode":"النقل التقليدي","Capacity":4514,"Gate_Lat":21.347850999999999,"Gate_Lon":39.974004999999998,"Shape_Length":0.0045761340499208374,"Shape_Area":9.7854993013798283e-07}},{"type":"Feature","id":312,"geometry":{"type":"MultiPolygon","coordinates":[[[[39.973111749000168,21.347424463000038],[39.973298139000121,21.347695854000165],[39.973058073000175,21.347836714000096],[39.973343148000026,21.348253355000054],[39.973184048000178,21.348349454000072],[39.973114575000011,21.348391712000023],[39.973045772000091,21.348353066000186],[39.973026886000127,21.348328131000187],[39.972912748000113,21.348161281000046],[39.972680058000037,21.347822781000104],[39.972626204000051,21.347743659000116],[39.97261862400012,21.347732523000104],[39.972639997000044,21.347712198000124],[39.972893293000027,21.347558106000179],[39.973111749000168,21.347424463000038]]],[[[39.972909094000158,21.348503778000065],[39.971969856999976,21.349067193000053],[39.971950500000105,21.349078830000053],[39.9719088330001,21.349018005000062],[39.971872117000089,21.34882917300007],[39.971825915000181,21.348548661000109],[39.971695404000116,21.348347318000094],[39.971638769000151,21.348269791000178],[39.97173254900008,21.34821507200013],[39.971739969000168,21.348226042000192],[39.971807229000035,21.348184500000116],[39.971799062000173,21.348173943000063],[39.972021096000049,21.348041475000116],[39.972328188000063,21.348503029000085],[39.972756326000138,21.348241647000123],[39.972839942000121,21.348361848000025],[39.972813672000086,21.348378640000192],[39.972845964000101,21.348422252000091],[39.972871303000147,21.34840553500004],[39.972927387000027,21.348477361000107],[39.972903153000118,21.34849597800013],[39.972909094000158,21.348503778000065]]]]},"properties":{"OBJECTID":312,"camp_label":"33/68","gate_number":"33","Street":"68","Block":"31A","Type":"external","Transport_mode":"النقل التقليدي","Capacity":2534,"Gate_Lat":21.348067,"Gate_Lon":39.972847999999999,"Shape_Length":0.006720635267168742,"Shape_Area":9.2607482345107443e-07}},{"type":"Feature","id":313,"geometry":{"type":"Polygon","coordinates":[[[39.983722666000119,21.368598916000053],[39.983722254000099,21.368598327000086],[39.983659112000055,21.368507879999981],[39.983573453000133,21.368385449000073],[39.983378762000086,21.36849966900013],[39.982905172000187,21.367807863000053],[39.983317063000072,21.36756242600012],[39.98331798900017,21.367561872000067],[39.983653865000065,21.36736154800019],[39.983940853000149,21.367768464000108],[39.984183195000128,21.367617778000067],[39.984267811000052,21.36773795300013],[39.984524432000057,21.368101269000192],[39.984501932000114,21.368118389000188],[39.983722666000119,21.368598916000053]]]},"properties":{"OBJECTID":313,"camp_label":"24/616","gate_number":"24","Street":"616","Block":"91A","Type":"external","Transport_mode":"النقل الترددي","Capacity":4305,"Gate_Lat":21.367650999999999,"Gate_Lon":39.983168999999997,"Shape_Length":0.0045150558731443047,"Shape_Area":1.0723579292900064e-06}},{"type":"Feature","id":314,"geometry":{"type":"Polygon","coordinates":[[[39.973800132000179,21.358974146000037],[39.973491195999998,21.358526540000128],[39.974366361000023,21.357996476000153],[39.974873458000161,21.35768934000015],[39.975155090000044,21.357513567000069],[39.975196301000153,21.35757348900006],[39.975305684000034,21.357508237000161],[39.975266413000099,21.357451337999976],[39.975493172000085,21.357313993000105],[39.975621459000138,21.357499862000111],[39.97581420500012,21.357383119000133],[39.97599485700016,21.357644852000192],[39.975429268000141,21.357987425000033],[39.975218903000041,21.358115145000113],[39.974814085000162,21.358360025000138],[39.974815205000084,21.358380862000161],[39.974664989000075,21.358471849000125],[39.974599048000186,21.358511782000164],[39.974579223999967,21.358502274000102],[39.974291721999975,21.35867640500004],[39.974292844000104,21.358697243000165],[39.974080734000154,21.358825713000101],[39.974060910000105,21.358816201000025],[39.973800132000179,21.358974146000037]]]},"properties":{"OBJECTID":314,"camp_label":"B/204","gate_number":"B","Street":"204","Block":"38","Type":"external","Transport_mode":"النقل التقليدي","Capacity":2860,"Gate_Lat":21.357689000000001,"Gate_Lon":39.974873000000002,"Shape_Length":0.0064033073360197429,"Shape_Area":1.3439622754371808e-06}},{"type":"Feature","id":315,"geometry":{"type":"MultiPolygon","coordinates":[[[[39.988244602000179,21.36600654200015],[39.988048487000015,21.36608067800006],[39.98797679200004,21.365906983000173],[39.98792761500016,21.365914046000171],[39.987901854000086,21.365919698000084],[39.987870787000077,21.365869020000162],[39.9878299290001,21.365797439000175],[39.987737661000097,21.365824379000117],[39.987728242999992,21.365826740000045],[39.98764768000018,21.365759167000192],[39.987646813000026,21.365629956000078],[39.987706996000099,21.365581994000024],[39.987813233000111,21.365545099000087],[39.987949435000189,21.365586400000041],[39.988124582000012,21.36561615700009],[39.98815592800014,21.365622242000143],[39.988219848000085,21.365634656000111],[39.988466299000152,21.365550855000038],[39.988536510000188,21.365776855000092],[39.988562779000119,21.365886257000057],[39.988244602000179,21.36600654200015]]],[[[39.989256736000073,21.366025495000031],[39.989166506000061,21.366158472000109],[39.98897983300003,21.366437059000191],[39.988837589000127,21.366661329000067],[39.988746691000074,21.366804643000023],[39.98820043700016,21.366984168000045],[39.988096285000097,21.366762766000022],[39.987974443000155,21.366503753000188],[39.987925033000124,21.366453009000054],[39.98783011900008,21.366266311000061],[39.987945963000072,21.3662377980001],[39.988485340000011,21.366038899999978],[39.988621033000186,21.365988862000108],[39.988694286999987,21.365964860000076],[39.988945167000168,21.365871594000168],[39.988973453000028,21.365858041000024],[39.988995635000094,21.365840260000084],[39.989256736000073,21.366025495000031]]],[[[39.99014098400005,21.365989107000075],[39.990150442000129,21.366001586000095],[39.990128203000154,21.366029023000181],[39.989800409000054,21.366235927000048],[39.989785137000183,21.366249551999999],[39.989758942000094,21.366303780000067],[39.990064861000064,21.366799049000122],[39.990307672000029,21.367235940000114],[39.990076522000038,21.367300135000164],[39.989903856000183,21.367303136000146],[39.98974546200003,21.367305885999997],[39.989533116000018,21.367303979000155],[39.989087618000156,21.367289447000189],[39.988870634000136,21.367278175000138],[39.988829106000082,21.367268859000092],[39.98875887700018,21.367070875000024],[39.988764421000099,21.367044706000058],[39.989154715000097,21.366522727000131],[39.989210198000137,21.366448527000045],[39.989350183000113,21.366205689000026],[39.989384823000137,21.366145602000131],[39.989438508000035,21.36605247100016],[39.989465195000037,21.366005726000083],[39.989481974000057,21.365993278000133],[39.989907010000081,21.365678013000093],[39.99014098400005,21.365989107000075]]]]},"properties":{"OBJECTID":315,"camp_label":"19/68","gate_number":"19","Street":"68","Block":"28B","Type":"external","Transport_mode":"النقل التقليدي","Capacity":3879,"Gate_Lat":21.366523000000001,"Gate_Lon":39.988925999999999,"Shape_Length":0.011914495994078338,"Shape_Area":2.5098728953121392e-06}},{"type":"Feature","id":316,"geometry":{"type":"MultiPolygon","coordinates":[[[[39.988203820000194,21.375029515000051],[39.988246544000162,21.375092547000122],[39.988306368000167,21.375180807000106],[39.987509282000076,21.37566614800005],[39.987436778000131,21.375530628000035],[39.987370162000161,21.375406112000178],[39.987277320000089,21.375232574000051],[39.987192276000144,21.375073613000154],[39.987141045000101,21.374977854000122],[39.98710609800014,21.374912530000017],[39.987068051999984,21.374841417000084],[39.98722503800019,21.374743301000137],[39.987319637000155,21.37468417600013],[39.987572575000115,21.374526089000142],[39.987635240000031,21.374611058000141],[39.987591584000143,21.37463890500004],[39.987808912000048,21.374960797000028],[39.988053148000176,21.374807220000037],[39.988132945000075,21.374924948000171],[39.988203820000194,21.375029515000051]]],[[[39.98702240200015,21.375959920000184],[39.986863280000136,21.37572653400008],[39.986621352000157,21.375880867000149],[39.986420174000045,21.375595454000063],[39.986540418000061,21.375522748000094],[39.986367396000105,21.375267776000101],[39.986640130000126,21.375100742000143],[39.986826999000073,21.37498683900003],[39.987005302000171,21.374879629000077],[39.987461529000143,21.375693540000157],[39.98702240200015,21.375959920000184]]]]},"properties":{"OBJECTID":316,"camp_label":"4/612","gate_number":"4","Street":"612","Block":"108","Type":"external","Transport_mode":"النقل الترددي","Capacity":4326,"Gate_Lat":21.375378999999999,"Gate_Lon":39.98798,"Shape_Length":0.0073097491511134784,"Shape_Area":1.3571206670424624e-06}},{"type":"Feature","id":317,"geometry":{"type":"Polygon","coordinates":[[[39.98579532500014,21.37680957300006],[39.986113526000054,21.376617454000041],[39.986312925000163,21.376496343000099],[39.986394858999972,21.376446901000065],[39.986452739000185,21.376411955000037],[39.986646465000035,21.376295632000051],[39.986934419000079,21.376123620000044],[39.98696491700008,21.376167882000175],[39.986994154000115,21.376218754000092],[39.987090801000193,21.376161691999982],[39.987203577000116,21.376328372000103],[39.986952417000111,21.376484558000072],[39.987227673000177,21.37689543700003],[39.987481115000151,21.376746255000171],[39.987592237000115,21.376900488000047],[39.987413505000063,21.377005518000033],[39.987483907000069,21.377109347000157],[39.986621009000032,21.377608494000185],[39.986517751000065,21.37745753500019],[39.986353044000168,21.377216736000094],[39.986158864999993,21.376932848000024],[39.98595152900009,21.377045710000118],[39.98579532500014,21.37680957300006]]]},"properties":{"OBJECTID":317,"camp_label":"11/610","gate_number":"11","Street":"610","Block":"108","Type":"external","Transport_mode":"النقل الترددي","Capacity":4217,"Gate_Lat":21.377320000000001,"Gate_Lon":39.987119,"Shape_Length":0.0056974943594474466,"Shape_Area":1.2317750051998687e-06}},{"type":"Feature","id":318,"geometry":{"type":"Polygon","coordinates":[[[39.98860702800016,21.376297586000078],[39.988309999000194,21.375855783000191],[39.988073992000125,21.376001800000097],[39.987787713000159,21.375596395000059],[39.988328345000127,21.375263153000162],[39.988543395000136,21.375128153000048],[39.988783445000081,21.374986224000111],[39.988915793000047,21.374907979999989],[39.989021843000103,21.374845118000167],[39.98911237700014,21.374789176000149],[39.989202996000074,21.374725547000082],[39.989226995000024,21.37469114999999],[39.989306984000166,21.374676099000112],[39.989315379000061,21.374678005000078],[39.989323348000084,21.374681122000084],[39.989330697000071,21.374685375000183],[39.989337240000168,21.374690655000052],[39.989342817000193,21.374696835000066],[39.989347286000111,21.374703757000077],[39.989350540000032,21.374711251000178],[39.989352496000038,21.37471913100012],[39.989353105000134,21.374727201000042],[39.989409708000153,21.375213237000139],[39.989462854000067,21.375669627000036],[39.989464823000162,21.375717289000079],[39.989459695999983,21.375764744000037],[39.989447572000074,21.375811070000111],[39.989428687000043,21.375855366000053],[39.989410673000123,21.375886548000153],[39.989389648000099,21.375916032000134],[39.98936579500014,21.375943562000089],[39.989302714000189,21.376005288000044],[39.989235120000103,21.376062671000057],[39.988978894000184,21.376218131000144],[39.988922263000063,21.376252306000026],[39.988847801000077,21.376149874000077],[39.98860702800016,21.376297586000078]]]},"properties":{"OBJECTID":318,"camp_label":"10/612","gate_number":"10","Street":"612","Block":"108","Type":"external","Transport_mode":"النقل الترددي","Capacity":4316,"Gate_Lat":21.376128999999999,"Gate_Lon":39.989125999999999,"Shape_Length":0.0053673721254617326,"Shape_Area":1.5252711306759074e-06}},{"type":"Feature","id":319,"geometry":{"type":"Polygon","coordinates":[[[39.985521841000036,21.375793576000092],[39.986035973000128,21.375472387000059],[39.986367396000105,21.375267776000101],[39.986540418000061,21.375522748000094],[39.986420174000045,21.375595454000063],[39.986476469000024,21.375675320000084],[39.986621352000157,21.375880867000149],[39.986863280000136,21.37572653400008],[39.98702240200015,21.375959920000184],[39.986351138000032,21.376367272000152],[39.986086989000114,21.375990311000123],[39.985840978000113,21.376141810000149],[39.986106986000095,21.376514797000027],[39.985800611000059,21.376705038000182],[39.985534846000178,21.376322554000183],[39.985251194000114,21.376498547999972],[39.985004044000107,21.37611600300005],[39.985521841000036,21.375793576000092]]]},"properties":{"OBJECTID":319,"camp_label":"3/610","gate_number":"3","Street":"610","Block":"108","Type":"external","Transport_mode":"النقل الترددي","Capacity":4173,"Gate_Lat":21.376194000000002,"Gate_Lon":39.986637000000002,"Shape_Length":0.0065811355074052637,"Shape_Area":1.1993787353151333e-06}},{"type":"Feature","id":320,"geometry":{"type":"Polygon","coordinates":[[[39.982354150000049,21.347656001000189],[39.982373692000067,21.347684503000039],[39.982205867000118,21.347785455000064],[39.9816538930001,21.346969128000069],[39.982095971000092,21.346700019000139],[39.981901507000032,21.346423781000169],[39.982150650000108,21.346274123000057],[39.982628655000156,21.346958964000123],[39.982853683000087,21.34682863200004],[39.983005279000054,21.34704949800016],[39.983227617000125,21.346911515000045],[39.983333598999991,21.347061878000147],[39.983309930000075,21.347125696999967],[39.983119897999984,21.34723925600008],[39.983099429000163,21.347210785000129],[39.983058861000188,21.347235199000181],[39.983078403000036,21.347263701000031],[39.982658610000044,21.347514786000147],[39.982416201000149,21.347659766000049],[39.982394717000147,21.347631589000116],[39.982354150000049,21.347656001000189]]]},"properties":{"OBJECTID":320,"camp_label":"1/631","gate_number":"1","Street":"631","Block":"117E","Type":"external","Transport_mode":"النقل التقليدي","Capacity":4712,"Gate_Lat":21.347301000000002,"Gate_Lon":39.981878000000002,"Shape_Length":0.0054313670927171502,"Shape_Area":1.0822448161504516e-06}},{"type":"Feature","id":321,"geometry":{"type":"Polygon","coordinates":[[[39.981209069999977,21.346478922000017],[39.98136442700013,21.346709048000093],[39.981370923000156,21.346718672000179],[39.981760947999987,21.347296405000066],[39.981621739000104,21.347375642000145],[39.981392915000185,21.347505880000085],[39.981124760000114,21.347658507000006],[39.981057032000194,21.347562799999992],[39.98100036600016,21.34748417600008],[39.980748397000184,21.347119626000108],[39.980474521000076,21.346717419000129],[39.980310103000136,21.346473693000064],[39.980204677000131,21.346317411000086],[39.98067439800019,21.346019867000166],[39.980823489000159,21.345924319000062],[39.981009479000079,21.346191830000066],[39.981209069999977,21.346478922000017]]]},"properties":{"OBJECTID":321,"camp_label":"2/631","gate_number":"2","Street":"631","Block":"117E","Type":"external","Transport_mode":"النقل التقليدي","Capacity":4736,"Gate_Lat":21.346719,"Gate_Lon":39.981371000000003,"Shape_Length":0.0047533623868605988,"Shape_Area":1.2119040821095487e-06}},{"type":"Feature","id":322,"geometry":{"type":"MultiPolygon","coordinates":[[[[39.980169613000044,21.355124444000012],[39.978744854000013,21.355987236000033],[39.979283219000081,21.355402795000032],[39.979298658000005,21.355382624000072],[39.979313467000111,21.355359989000078],[39.979328277000093,21.355337355000131],[39.979451157000142,21.354982380000024],[39.979435298000169,21.354897710000103],[39.979721220000158,21.354724466000164],[39.97999804300008,21.355130539000072],[39.980120063000072,21.355054765000034],[39.980169613000044,21.355124444000012]]],[[[39.979271390000065,21.355103628000109],[39.979202622000059,21.355296486000043],[39.978895823000187,21.355631962000075],[39.97881213800008,21.355723463000118],[39.978686067000069,21.355839776000039],[39.978558776000114,21.35600484400004],[39.978565269000171,21.356096014000116],[39.9784375750001,21.356173360000128],[39.978118158000029,21.355710590000058],[39.978700204000063,21.355358033000073],[39.979226819000019,21.355039053000155],[39.979271390000065,21.355103628000109]]],[[[39.978256544000146,21.356269934000125],[39.977818015000025,21.356537156000059],[39.977747175000161,21.356580325000152],[39.977444138000067,21.356125221000127],[39.977681368000162,21.355981120000024],[39.977960370000119,21.355811645000131],[39.978051324000035,21.355958342000122],[39.978055144000166,21.355957825000132],[39.978256544000146,21.356269934000125]]]]},"properties":{"OBJECTID":322,"camp_label":"20/206","gate_number":"20","Street":"206","Block":"37","Type":"external","Transport_mode":"النقل التقليدي","Capacity":3292,"Gate_Lat":21.355454000000002,"Gate_Lon":39.979058000000002,"Shape_Length":0.0096925817252948247,"Shape_Area":1.2152769426730204e-06}},{"type":"Feature","id":323,"geometry":{"type":"Polygon","coordinates":[[[39.979315333000102,21.34838715300009],[39.97937598700014,21.348485045000189],[39.978699049000056,21.34879236300003],[39.978155826000147,21.348082502000182],[39.977912617000186,21.3477646770001],[39.978554881000036,21.347356675000071],[39.978603848000091,21.34740888400006],[39.97865441600004,21.347466080000174],[39.978629792000106,21.347486333000177],[39.978669846000059,21.34753415400013],[39.978700028000048,21.347511246000181],[39.979152306000174,21.348155065000071],[39.979126920000056,21.348171464000075],[39.979168275000177,21.348229270000104],[39.979191441000125,21.348217116000171],[39.979315333000102,21.34838715300009]]]},"properties":{"OBJECTID":323,"camp_label":"2/632","gate_number":"2","Street":"632","Block":"117C","Type":"external","Transport_mode":"النقل التقليدي","Capacity":3408,"Gate_Lat":21.347978000000001,"Gate_Lon":39.979028,"Shape_Length":0.0043182821190192464,"Shape_Area":1.0156230691086548e-06}},{"type":"Feature","id":324,"geometry":{"type":"Polygon","coordinates":[[[39.976112730000011,21.357571305000079],[39.975804314000072,21.357124462000115],[39.976597493000099,21.356644037000081],[39.976648056000101,21.356728485000133],[39.976740803000041,21.356671969999979],[39.976832691000027,21.356812020000064],[39.977134845000137,21.356636942000137],[39.976979705000076,21.356407344000104],[39.977444138000067,21.356125221000127],[39.977747175000161,21.356580325000152],[39.977470498000116,21.356748913000047],[39.977180924000152,21.35692430600011],[39.977175197000122,21.356949289000113],[39.976998651000088,21.357056223000086],[39.976971982000066,21.357050860000072],[39.976891736000027,21.357099469000104],[39.976554099000055,21.357303971000135],[39.976548375000107,21.357328953000092],[39.976403413000185,21.35741675800017],[39.976376742000014,21.357411395000156],[39.976112730000011,21.357571305000079]]]},"properties":{"OBJECTID":324,"camp_label":"36/204","gate_number":"36","Street":"204","Block":"43","Type":"external","Transport_mode":"النقل التقليدي","Capacity":3816,"Gate_Lat":21.357336,"Gate_Lon":39.975951000000002,"Shape_Length":0.0055026209129048782,"Shape_Area":9.4470250584328167e-07}},{"type":"Feature","id":325,"geometry":{"type":"Polygon","coordinates":[[[39.980413542000065,21.348873022000078],[39.98024689500005,21.348643447000143],[39.980199379000055,21.348623331999988],[39.979913135000174,21.348794232000103],[39.97945211900003,21.348107295000034],[39.979451414000039,21.348106296000026],[39.979507456000078,21.348066835000054],[39.98028466500017,21.347588705000135],[39.980521810000141,21.347442819000094],[39.98071668700004,21.347716859000059],[39.980801342000177,21.347835909000139],[39.981080959000167,21.348258194000152],[39.981136250000191,21.348440364000169],[39.980413542000065,21.348873022000078]]]},"properties":{"OBJECTID":325,"camp_label":"4/632","gate_number":"4","Street":"632","Block":"117C","Type":"external","Transport_mode":"النقل التقليدي","Capacity":3960,"Gate_Lat":21.348420999999998,"Gate_Lon":39.979663000000002,"Shape_Length":0.0047781577936508801,"Shape_Area":1.3540035622689373e-06}},{"type":"Feature","id":326,"geometry":{"type":"Polygon","coordinates":[[[39.986906938000175,21.356664751000039],[39.984742144000109,21.357332233000022],[39.984917050000035,21.35785824800007],[39.984690209000178,21.357984142000191],[39.984546151000131,21.35772756700004],[39.984407563000048,21.357315822000146],[39.984232378000058,21.356795341000179],[39.984281760000044,21.35674340900016],[39.984752553000192,21.356593679000184],[39.985260778000054,21.356432046000066],[39.985409069000127,21.356708739000112],[39.985676829000113,21.356594897000093],[39.985532515000045,21.356280984000136],[39.985636500000055,21.35622928500004],[39.985738454000114,21.356228687000169],[39.985712547000048,21.356267430000116],[39.985693288000107,21.356309438000039],[39.985681134000174,21.356353714000136],[39.985676371000068,21.356399212000156],[39.985679112000184,21.356444857000099],[39.985689291000085,21.356489569000075],[39.985706669000081,21.356532288000153],[39.98573083500014,21.356572007000182],[39.985761216000071,21.356607785000108],[39.985797094000191,21.356638775000192],[39.985837621000087,21.356664245000161],[39.985881839000172,21.356683592000081],[39.985928700000045,21.356696359000125],[39.98597709600017,21.356702243000086],[39.986025883000025,21.356701106000116],[39.98607390799998,21.356692973000065],[39.986120032000088,21.356678040000133],[39.986163167000029,21.356656657000087],[39.986202292000144,21.356629330000032],[39.986236481000049,21.356596707000051],[39.986267683000108,21.35655912500016],[39.986303906000046,21.35652573100009],[39.986344516000031,21.356497109000031],[39.986388805000047,21.356473757000003],[39.986435996000125,21.356456085000161],[39.986485263000191,21.356444402000022],[39.986535747000119,21.356438912000101],[39.986586561000024,21.356439713000043],[39.986636819000125,21.356446789000131],[39.986689871000067,21.356465060999994],[39.986739957000111,21.356489602000181],[39.986786237000047,21.356520002000025],[39.986827936000054,21.356555747000073],[39.986864353000101,21.356596243000013],[39.986894878000044,21.356640809000169],[39.986906938000175,21.356664751000039]]]},"properties":{"OBJECTID":326,"camp_label":"A2/527","gate_number":"A2","Street":"527","Block":"7-1B","Type":"external","Transport_mode":"النقل الترددي","Capacity":11856,"Gate_Lat":21.356552000000001,"Gate_Lon":39.985719000000003,"Shape_Length":0.0083787556574314581,"Shape_Area":1.4424964871677504e-06}},{"type":"Feature","id":327,"geometry":{"type":"Polygon","coordinates":[[[39.981868207000105,21.37464555300005],[39.981837098000085,21.374666176000062],[39.981872975000158,21.374718603000076],[39.982100169000091,21.374580699000035],[39.98234766700017,21.374936605000187],[39.982280164000144,21.374979435000171],[39.982369097000173,21.375104505000024],[39.98252602499997,21.375011537000148],[39.982832467000094,21.375458801000036],[39.982998017000114,21.375354772000037],[39.983065268000132,21.375447137000151],[39.98259750800014,21.375725061000026],[39.982569416000104,21.375739796000119],[39.982442186000071,21.375789919000056],[39.982328856000095,21.375800272000106],[39.982296857000051,21.375777433999986],[39.982251316000088,21.375718519000031],[39.981381278000015,21.374895191999997],[39.981406629000105,21.374829242999965],[39.981447403000118,21.374763824000183],[39.981540256000073,21.37471108900013],[39.981627759999981,21.374653894000119],[39.981798246999972,21.374546862000159],[39.981868207000105,21.37464555300005]]]},"properties":{"OBJECTID":327,"camp_label":"1/613","gate_number":"1","Street":"613","Block":"109","Type":"external","Transport_mode":"النقل الترددي","Capacity":3427,"Gate_Lat":21.375644999999999,"Gate_Lon":39.982731999999999,"Shape_Length":0.0048872066801552748,"Shape_Area":9.2637765501980975e-07}},{"type":"Feature","id":328,"geometry":{"type":"MultiPolygon","coordinates":[[[[39.99010643400004,21.354522915000075],[39.990058611000109,21.35453196200001],[39.990012826000111,21.354547754000123],[39.989970154000162,21.354569916000173],[39.989931603000059,21.3545979270001],[39.989898074000052,21.354631132000065],[39.989870360000054,21.354668746000186],[39.989849109000147,21.354709889000105],[39.989834821000045,21.354753593000169],[39.989827834000096,21.354798825000159],[39.989828309000018,21.354844528000115],[39.989836238000066,21.354889628000137],[39.989360714000156,21.35421628500012],[39.989351979000048,21.354194119000056],[39.98934728100005,21.354170905000103],[39.989346752000074,21.354147281999985],[39.989350408000007,21.354123903000129],[39.989358148000122,21.354101416000105],[39.989369755000098,21.354080439000086],[39.989384912000048,21.354061553000122],[39.989770178000128,21.353824717000066],[39.990250816000071,21.354537532000165],[39.990203681000025,21.354525733000116],[39.990155174000165,21.354520821000108],[39.99010643400004,21.354522915000075]]],[[[39.989870125000152,21.355077431000154],[39.989926548000085,21.355118324000046],[39.990220102000023,21.355218946000036],[39.99026597000011,21.355495883000117],[39.990216401000168,21.355443840000191],[39.990162954000084,21.355395282000075],[39.990105905000121,21.355350459000192],[39.990045556000155,21.355309611000166],[39.989982216000101,21.355272948000049],[39.989589646000127,21.355116045000159],[39.98922513600013,21.355069859000025],[39.988589218000129,21.355283996000082],[39.988420598000175,21.355305147000138],[39.988252318000093,21.355281714000057],[39.988234626000065,21.355132552000157],[39.989180062000116,21.354458846],[39.989278773000024,21.354243607000058],[39.989870125000152,21.355077431000154]]]]},"properties":{"OBJECTID":328,"camp_label":"5/526","gate_number":"5","Street":"526","Block":"8-12","Type":"external","Transport_mode":"النقل الترددي","Capacity":3832,"Gate_Lat":21.353883,"Gate_Lon":39.989682999999999,"Shape_Length":0.0083600892759675711,"Shape_Area":1.2484276016639235e-06}},{"type":"Feature","id":329,"geometry":{"type":"Polygon","coordinates":[[[39.990762635000067,21.353218292000065],[39.990774056000021,21.353234847000067],[39.991018310000186,21.353588895000087],[39.991166170000156,21.353810256000031],[39.991363475000071,21.354092539000192],[39.991187276000119,21.354208863000053],[39.991166952000071,21.354221410000093],[39.990763868999977,21.354470199000161],[39.990737425000134,21.354486519000091],[39.990684055000145,21.354506206000053],[39.990629411000043,21.354522536000161],[39.990573730000165,21.354535438000141],[39.990517260000104,21.354544854000039],[39.990459224000119,21.354550467000081],[39.990389447000098,21.354551668000056],[39.990319813000042,21.354547345000128],[39.990250816000071,21.354537532000165],[39.989772420000122,21.353828041000156],[39.990762635000067,21.353218292000065]]]},"properties":{"OBJECTID":329,"camp_label":"8/528","gate_number":"8","Street":"528","Block":"8-12","Type":"external","Transport_mode":"النقل الترددي","Capacity":3328,"Gate_Lat":21.353466999999998,"Gate_Lon":39.990358000000001,"Shape_Length":0.0043150959453908668,"Shape_Area":1.2095535002870227e-06}},{"type":"Feature","id":330,"geometry":{"type":"Polygon","coordinates":[[[39.98820043700016,21.366984168000045],[39.988746691000074,21.366804643000023],[39.988702551000131,21.366874235000125],[39.98864458900016,21.366948744000126],[39.988630935000117,21.366995143000167],[39.988627096000016,21.367061173000138],[39.98866439000011,21.367204886000025],[39.988736660000029,21.36735200600009],[39.988800708000042,21.36737785300005],[39.988859332000061,21.367394742000101],[39.988919501000169,21.367405893000011],[39.988939768000137,21.367406853000091],[39.988948746000176,21.367407279000133],[39.988946185000088,21.367457942000158],[39.988948020000123,21.367516587000125],[39.988948027000049,21.367516829000181],[39.988952398000151,21.367656680000096],[39.988952835000077,21.367670627999985],[39.989056508000033,21.367671235000159],[39.989079978000007,21.367671370000039],[39.989308855000047,21.36767271399998],[39.989325282000095,21.367424694000078],[39.989678967000145,21.367434908000064],[39.989781830000027,21.367662992000078],[39.988941488000137,21.367985998000165],[39.988702357000136,21.368077294000102],[39.988496868000084,21.367614292000155],[39.98820043700016,21.366984168000045]]]},"properties":{"OBJECTID":330,"camp_label":"21/68","gate_number":"21","Street":"68","Block":"28B","Type":"external","Transport_mode":"النقل التقليدي","Capacity":3178,"Gate_Lat":21.367107000000001,"Gate_Lon":39.988258000000002,"Shape_Length":0.0052305612865821962,"Shape_Area":6.8089960864980204e-07}},{"type":"Feature","id":331,"geometry":{"type":"Polygon","coordinates":[[[39.980378403000088,21.366586808000022],[39.98017943300016,21.366708973000129],[39.979885373000172,21.366886184999998],[39.979670673000157,21.366577385000028],[39.979549900000052,21.366408696000065],[39.979302741000083,21.366559332000065],[39.978669640000192,21.365656580000177],[39.978939480000179,21.365483383000139],[39.979181331000177,21.365338309000037],[39.979420537000067,21.365710308000189],[39.979515374000187,21.365655180000033],[39.97970139600011,21.365927295000063],[39.97962035400019,21.36597972300018],[39.979713554000057,21.366110692000063],[39.979958237000176,21.365965917999972],[39.980378403000088,21.366586808000022]]]},"properties":{"OBJECTID":331,"camp_label":"24/651","gate_number":"24","Street":"651","Block":"115A","Type":"external","Transport_mode":"النقل الترددي","Capacity":3088,"Gate_Lat":21.366709,"Gate_Lon":39.980179,"Shape_Length":0.0053279715730532784,"Shape_Area":1.0758445220004782e-06}},{"type":"Feature","id":332,"geometry":{"type":"Polygon","coordinates":[[[39.983737719000032,21.337298213000054],[39.983730086000037,21.337351080000076],[39.983692240000096,21.337412051000058],[39.983519779000119,21.337433373000067],[39.983519728000033,21.33746710700018],[39.983362155000066,21.337452190000135],[39.983185631000026,21.337435477000042],[39.983214128000157,21.336974694000048],[39.983232740000119,21.336700843000017],[39.983120844000098,21.336694713000043],[39.982875781000132,21.336890322000158],[39.982878451000033,21.336849883000127],[39.982588184000065,21.336613883000098],[39.982837731000188,21.336402613000075],[39.983010834000027,21.336273466000137],[39.983223088000045,21.336127504000103],[39.983392975000129,21.336346360000107],[39.983435977000113,21.336380715000189],[39.983860062000133,21.336450520000028],[39.983737719000032,21.337298213000054]]]},"properties":{"OBJECTID":332,"camp_label":"4/535","gate_number":"4","Street":"535","Block":"7-13","Type":"external","Transport_mode":"النقل التقليدي","Capacity":0,"Gate_Lat":21.336283000000002,"Gate_Lon":39.983344000000002,"Shape_Length":0.0046635727611457865,"Shape_Area":8.7211604094796564e-07}},{"type":"Feature","id":333,"geometry":{"type":"Polygon","coordinates":[[[39.976440907000097,21.362414786000159],[39.975950818000115,21.361689360000184],[39.976131593000105,21.361641403000192],[39.976288648000036,21.361579136000103],[39.976419331000102,21.361765853000009],[39.976271208000185,21.361853660000122],[39.976583325000149,21.36232816800009],[39.976440907000097,21.362414786000159]]]},"properties":{"OBJECTID":333,"camp_label":"T5/527","gate_number":"T5","Street":"527","Block":"7-5B","Type":"external","Transport_mode":"النقل الترددي","Capacity":391,"Gate_Lat":21.361654000000001,"Gate_Lon":39.976086000000002,"Shape_Length":0.0023661822819883598,"Shape_Area":1.8636935730892064e-07}},{"type":"Feature","id":334,"geometry":{"type":"MultiPolygon","coordinates":[[[[39.987200851000068,21.355636611000023],[39.987096308000048,21.355777467000166],[39.98704956000006,21.355999034000092],[39.987014965000128,21.356383351000034],[39.986893930000178,21.356263477000027],[39.986724410000193,21.356160266000131],[39.986499409000146,21.356079132000161],[39.986211814038597,21.356046397646423],[39.987161210000068,21.35549784900013],[39.987200851000068,21.355636611000023]]],[[[39.984546150546635,21.357727566798246],[39.984690208839595,21.357984142176065],[39.983644264268094,21.358575325023821],[39.983474761908951,21.35740473773626],[39.983482048660392,21.357345155526673],[39.983507825405582,21.357290258617979],[39.983549781439592,21.357244964344261],[39.983868921954866,21.357099270901131],[39.984060170723694,21.356976454919959],[39.984232378130798,21.356795340994836],[39.984546150546635,21.357727566798246]]]]},"properties":{"OBJECTID":334,"camp_label":"A3/527","gate_number":"A3","Street":"527","Block":"7-1B","Type":"external","Transport_mode":"النقل الترددي","Capacity":5000,"Gate_Lat":21.356128999999999,"Gate_Lon":39.986638999999997,"Shape_Length":0.0075985287029147084,"Shape_Area":1.5606498317998803e-06}},{"type":"Feature","id":335,"geometry":{"type":"Polygon","coordinates":[[[39.982517758000085,21.362968233000061],[39.982476489000135,21.362995602000069],[39.982555067000078,21.363107587000002],[39.982404634000147,21.363203163000094],[39.982133286000078,21.363359625000101],[39.981603889000098,21.362582070000144],[39.981534557000032,21.362623339000095],[39.98150686300005,21.362581324000075],[39.981310781000161,21.362692379000123],[39.9808236880001,21.361918850000166],[39.980893964000018,21.361881022000034],[39.980909717000031,21.361872030000029],[39.981455752000159,21.361567223000122],[39.981478030000062,21.361554780000063],[39.981581031000132,21.361497242000098],[39.981614071000024,21.361555104000104],[39.981705848000047,21.361715826000079],[39.981469548000064,21.361843113000191],[39.98164435200016,21.362122094000085],[39.982092332000093,21.36282093300008],[39.982329579000066,21.362684917000024],[39.982517758000085,21.362968233000061]]]},"properties":{"OBJECTID":335,"camp_label":"3/552","gate_number":"3","Street":"552","Block":"9-6","Type":"external","Transport_mode":"النقل الترددي","Capacity":3592,"Gate_Lat":21.361732,"Gate_Lon":39.981160000000003,"Shape_Length":0.0060487274245945325,"Shape_Area":1.0008812161423645e-06}},{"type":"Feature","id":336,"geometry":{"type":"MultiPolygon","coordinates":[[[[39.981586336000134,21.36367709200016],[39.981354218000092,21.363814805000118],[39.981318529000077,21.363758614000176],[39.980981769000095,21.363262858000155],[39.980619949000186,21.362697468000079],[39.980855883000174,21.362567370000022],[39.981586336000134,21.36367709200016]]],[[[39.980199657000071,21.362246592000076],[39.980214557000068,21.362249582000175],[39.980228768000075,21.362254731000178],[39.98024193800012,21.36226190900004],[39.980253739000091,21.362270939000098],[39.980263876000151,21.362281596000173],[39.98062042000015,21.362839177000183],[39.981251170000121,21.363825573000099],[39.9809957760001,21.363971447000097],[39.980748319000156,21.364112781000074],[39.980220918000157,21.363323806000039],[39.979811687000108,21.36271161000019],[39.979691474000049,21.36250873400013],[39.980140665000135,21.362256868000088],[39.98015457300005,21.362251037000192],[39.980169287000194,21.36224732900007],[39.980184441000063,21.362245834000021],[39.980199657000071,21.362246592000076]]]]},"properties":{"OBJECTID":336,"camp_label":"7/552","gate_number":"7","Street":"552","Block":"9-6","Type":"external","Transport_mode":"النقل الترددي","Capacity":4648,"Gate_Lat":21.36309,"Gate_Lon":39.980781,"Shape_Length":0.0081885460641588515,"Shape_Area":1.5062884601658657e-06}},{"type":"Feature","id":337,"geometry":{"type":"Polygon","coordinates":[[[39.983953556000074,21.362205127000152],[39.983466698000086,21.362528361000045],[39.983329248000075,21.362312049000082],[39.982874735000053,21.361596756000154],[39.982720978000032,21.361688103000176],[39.982622824000089,21.361541363000129],[39.982542843000147,21.361592381000037],[39.982233042000189,21.36112555700015],[39.982321988000081,21.361076160000096],[39.982830711000133,21.360793613000055],[39.983128999000144,21.361254644000098],[39.983035130000076,21.361314228000026],[39.983398137000052,21.361871957999995],[39.983626079000032,21.361744773000055],[39.983626346000165,21.361745197000118],[39.98364770600017,21.361732706000055],[39.983953556000074,21.362205127000152]]]},"properties":{"OBJECTID":337,"camp_label":"4/552","gate_number":"4","Street":"552","Block":"9-5","Type":"external","Transport_mode":"النقل الترددي","Capacity":2891,"Gate_Lat":21.360949999999999,"Gate_Lon":39.982548999999999,"Shape_Length":0.0055571540106912022,"Shape_Area":9.4184312106394025e-07}},{"type":"Feature","id":338,"geometry":{"type":"Polygon","coordinates":[[[39.979324204000193,21.367231363000144],[39.979119148000109,21.367354674000126],[39.979065874000128,21.36737689500012],[39.978979000000038,21.367413122000187],[39.978907174000142,21.367428122000035],[39.978907458000151,21.367428625000116],[39.978879855000116,21.367434605000085],[39.978724480000153,21.367459975000088],[39.978615074000118,21.367468629000086],[39.978520915000047,21.367461601000002],[39.97824514000007,21.367436718000192],[39.97819292600019,21.367409872999986],[39.978166703000056,21.367402702000049],[39.977816078000103,21.366889736000076],[39.978055517000087,21.366749032000143],[39.977716982000061,21.366253645000086],[39.977753043000121,21.366225473000043],[39.978111624000064,21.366003067000122],[39.978575054000032,21.36667026900011],[39.978575446000036,21.366670832000068],[39.978965479000067,21.36723235900007],[39.979215693000185,21.367076890000078],[39.979324204000193,21.367231363000144]]]},"properties":{"OBJECTID":338,"camp_label":"20/651","gate_number":"20","Street":"651","Block":"115A","Type":"external","Transport_mode":"النقل الترددي","Capacity":3463,"Gate_Lat":21.367469,"Gate_Lon":39.978614999999998,"Shape_Length":0.0051646036726300092,"Shape_Area":1.0183358435156281e-06}},{"type":"Feature","id":339,"geometry":{"type":"Polygon","coordinates":[[[39.988728740000113,21.359040075999985],[39.988375924000024,21.35929654600011],[39.988210657000138,21.359406376000095],[39.988116710999975,21.359468803000027],[39.987797961000069,21.359679845000073],[39.987464721000038,21.359905506000189],[39.987273354000138,21.360036455000113],[39.987215585000058,21.360071538000057],[39.986974637000174,21.359688458000164],[39.9868554950001,21.359498344000087],[39.98710808300001,21.359345217000111],[39.98709922300003,21.359331926000152],[39.986971757000106,21.359126942000103],[39.986908913999969,21.359028336999984],[39.986881821000168,21.358961035000107],[39.987112957000079,21.35890196500003],[39.987037505000046,21.358675469000104],[39.98714113300008,21.358676876000175],[39.987992578000103,21.3587200770001],[39.988092816000062,21.358725166000056],[39.988140348000115,21.358743098000105],[39.989148955000132,21.358796017000145],[39.989161468000191,21.35881262800018],[39.98895200600009,21.35891161100011],[39.988926712000136,21.358906637000075],[39.988728740000113,21.359040075999985]]]},"properties":{"OBJECTID":339,"camp_label":"3/88","gate_number":"3","Street":"88","Block":"93","Type":"external","Transport_mode":"النقل الترددي","Capacity":3427,"Gate_Lat":21.358725,"Gate_Lon":39.988092999999999,"Shape_Length":0.006362383900135069,"Shape_Area":1.5947132503649168e-06}},{"type":"Feature","id":340,"geometry":{"type":"Polygon","coordinates":[[[39.986974638000106,21.359688459000097],[39.987215585000058,21.360071538000057],[39.986627641000098,21.360428550000108],[39.986583397000118,21.360343004000185],[39.98649178300019,21.360140575000003],[39.986433944000112,21.360005952000165],[39.986273042000107,21.35971992900005],[39.986266564000118,21.359709591000069],[39.986535405999973,21.359557799000129],[39.986123873000111,21.358930793000127],[39.986109887000055,21.358905892000109],[39.986250870000049,21.358831133000024],[39.986387782000008,21.358769962000054],[39.986479843000097,21.358740057000148],[39.986715931999981,21.358683607000103],[39.986793555000133,21.358983593000062],[39.986881821000168,21.358961035000107],[39.986908913999969,21.359028336999984],[39.986971757000106,21.359126942000103],[39.98709922300003,21.359331926000152],[39.987108084000113,21.359345216000008],[39.9868554950001,21.359498344000087],[39.986974638000106,21.359688459000097]]]},"properties":{"OBJECTID":340,"camp_label":"7/88","gate_number":"7","Street":"88","Block":"93","Type":"external","Transport_mode":"النقل الترددي","Capacity":2760,"Gate_Lat":21.35877,"Gate_Lon":39.986387999999998,"Shape_Length":0.0050497173770494919,"Shape_Area":9.8323564244551908e-07}},{"type":"Feature","id":341,"geometry":{"type":"Polygon","coordinates":[[[39.985397418000161,21.359800758000063],[39.985771288000194,21.36038352200012],[39.98603096700009,21.360826806000034],[39.985551427000189,21.361152112000127],[39.985320847000139,21.360797286000093],[39.985071361999985,21.36037489600011],[39.984825313000158,21.359983034000038],[39.984619941000062,21.359761999000114],[39.984933593000051,21.359585343999981],[39.985178656000187,21.35944838000006],[39.985397418000161,21.359800758000063]]]},"properties":{"OBJECTID":341,"camp_label":"13/88","gate_number":"13","Street":"88","Block":"93","Type":"external","Transport_mode":"النقل الترددي","Capacity":4077,"Gate_Lat":21.359511999999999,"Gate_Lon":39.985064999999999,"Shape_Length":0.0045192302473204939,"Shape_Area":9.7459090212569671e-07}},{"type":"Feature","id":342,"geometry":{"type":"Polygon","coordinates":[[[39.976686031000156,21.366143574000148],[39.976667582000118,21.366301766000049],[39.976630595000188,21.366502627999978],[39.97640646200017,21.366991764000147],[39.976192646000072,21.366501221000135],[39.976143654000111,21.366391201999988],[39.976137397000059,21.366149482000083],[39.976143802000138,21.365840175000187],[39.976142044000142,21.365145313000028],[39.976087102000065,21.365012436000143],[39.97594081900013,21.364796788000092],[39.975817242999995,21.364676669000175],[39.976629493000075,21.364197021000109],[39.976559242000008,21.364091509000048],[39.97679449900005,21.363951101000168],[39.976839369000004,21.364021773000161],[39.976875173000167,21.364077204000068],[39.976776517000133,21.364262345000157],[39.976709829000129,21.364379765000137],[39.976671239000154,21.364494575000037],[39.976602141000114,21.364736226000048],[39.976596587000188,21.365055919000099],[39.97662393100012,21.36528300100008],[39.976687006000134,21.365548392999983],[39.976698948000035,21.366032767000092],[39.976686031000156,21.366143574000148]]]},"properties":{"OBJECTID":342,"camp_label":"16/649","gate_number":"16","Street":"649","Block":"114B","Type":"external","Transport_mode":"النقل الترددي","Capacity":2536,"Gate_Lat":21.365548,"Gate_Lon":39.976686999999998,"Shape_Length":0.0070081777265629487,"Shape_Area":1.3753607965414572e-06}},{"type":"Feature","id":343,"geometry":{"type":"Polygon","coordinates":[[[39.978166703000056,21.367402702000049],[39.977815346000057,21.367306583000186],[39.977503274000185,21.367235330000028],[39.977203632000055,21.367215774000044],[39.976902955000128,21.367251158000101],[39.976452951000056,21.367416254000091],[39.976670504000026,21.367196719000162],[39.977010560000053,21.366831609000144],[39.977358108000033,21.36652863400019],[39.977551695000159,21.36638278300012],[39.977716982000061,21.366253645000086],[39.978055517000087,21.366749032000143],[39.977816078000103,21.366889736000076],[39.978166703000056,21.367402702000049]]]},"properties":{"OBJECTID":343,"camp_label":"20/649","gate_number":"20","Street":"649","Block":"115B","Type":"external","Transport_mode":"النقل الترددي","Capacity":1894,"Gate_Lat":21.367235000000001,"Gate_Lon":39.977502999999999,"Shape_Length":0.0049870290333609473,"Shape_Area":8.2915326838584694e-07}},{"type":"Feature","id":344,"geometry":{"type":"Polygon","coordinates":[[[39.984988195000142,21.36363968500018],[39.984775907000142,21.363802685000167],[39.984289185000193,21.364166860000182],[39.984059260000095,21.364058045000149],[39.983645841000111,21.363862379000125],[39.983588127000132,21.363781857000049],[39.983568260000141,21.363754133000043],[39.983454409000046,21.36361107800019],[39.983066495000116,21.36303146500012],[39.98360060300007,21.362691925000092],[39.983683546999998,21.362638343000071],[39.983902805000014,21.362496968000016],[39.984080467000183,21.362378760000183],[39.984124712000039,21.362349319000145],[39.984637707000104,21.363064300000076],[39.984385093000128,21.363228192000122],[39.984588153000061,21.36350018700017],[39.984698583000181,21.363635764000094],[39.984889094000039,21.363505104000126],[39.984988195000142,21.36363968500018]]]},"properties":{"OBJECTID":344,"camp_label":"1/655","gate_number":"1","Street":"655","Block":"94","Type":"external","Transport_mode":"النقل الترددي","Capacity":4107,"Gate_Lat":21.363918999999999,"Gate_Lon":39.984620999999997,"Shape_Length":0.0059533429357243066,"Shape_Area":1.7599309697019293e-06}},{"type":"Feature","id":345,"geometry":{"type":"Polygon","coordinates":[[[39.982664242000169,21.365176878000057],[39.982432887000073,21.365319332000126],[39.982434658000159,21.36532186400018],[39.98218425400006,21.365473739000038],[39.981857809000132,21.364992340000072],[39.98209944600012,21.364842284000133],[39.982124940999995,21.364826147000088],[39.981755652000118,21.364286923000066],[39.981515658000149,21.363936487000046],[39.981530685000052,21.363928783999995],[39.981751497000005,21.363803917000098],[39.981991904000097,21.363671490000058],[39.982008404000055,21.363662398000031],[39.982632868000053,21.364530321000132],[39.982382053000151,21.364681034000114],[39.982704565000176,21.365152049000073],[39.982664242000169,21.365176878000057]]]},"properties":{"OBJECTID":345,"camp_label":"10/651","gate_number":"10","Street":"651","Block":"114A","Type":"external","Transport_mode":"النقل الترددي","Capacity":3882,"Gate_Lat":21.365319,"Gate_Lon":39.982433,"Shape_Length":0.0050861082078346468,"Shape_Area":9.7053319032235255e-07}},{"type":"Feature","id":346,"geometry":{"type":"Polygon","coordinates":[[[39.980210255000031,21.365810451000186],[39.980117212999971,21.365672312000015],[39.980117112000073,21.36567216200001],[39.979686678000178,21.365033122000114],[39.980172464000191,21.364722911000115],[39.980410383000105,21.364570978000017],[39.980857885000148,21.365219728000056],[39.980613292999976,21.36536897700006],[39.980802604000132,21.365643043000034],[39.981133223000029,21.366121679000173],[39.980884876000175,21.366274919999967],[39.980463109000027,21.365663228000187],[39.980210255000031,21.365810451000186]]]},"properties":{"OBJECTID":346,"camp_label":"4/88","gate_number":"4","Street":"88","Block":"114A","Type":"external","Transport_mode":"النقل الترددي","Capacity":3458,"Gate_Lat":21.366197,"Gate_Lon":39.981011000000002,"Shape_Length":0.0051127763052592609,"Shape_Area":9.8803088060527461e-07}},{"type":"Feature","id":347,"geometry":{"type":"Polygon","coordinates":[[[39.977078575000121,21.363476701000025],[39.976834447000158,21.36361751000004],[39.976481633999981,21.363079469000184],[39.977588011000137,21.362435401000027],[39.978055464000192,21.362157891000152],[39.978361381000184,21.362618428000133],[39.978612966000128,21.362463290000107],[39.978852295000138,21.362840060000167],[39.97832676500019,21.363132637000149],[39.977513616000124,21.363583963000167],[39.977336702000059,21.363329005000026],[39.977078575000121,21.363476701000025]]]},"properties":{"OBJECTID":347,"camp_label":"20/647","gate_number":"20","Street":"647","Block":"116","Type":"external","Transport_mode":"النقل الترددي","Capacity":3527,"Gate_Lat":21.363282999999999,"Gate_Lon":39.978056000000002,"Shape_Length":0.0061830603985038703,"Shape_Area":1.7086410052321389e-06}},{"type":"Feature","id":348,"geometry":{"type":"MultiPolygon","coordinates":[[[[39.986123873000111,21.358930793000127],[39.986535405999973,21.359557799000129],[39.986266564000118,21.359709591000069],[39.986175993000188,21.359564945000159],[39.985989051000161,21.359291281000083],[39.985890474000087,21.359149341999967],[39.985840383000152,21.359074404000182],[39.986109887000055,21.358905892000109],[39.986123873000111,21.358930793000127]]],[[[39.985828288000107,21.359153613000046],[39.985867907000113,21.359211303000052],[39.985931397000002,21.359303418000138],[39.986381402000063,21.360044801000072],[39.986464393000063,21.36020351999997],[39.986589495000089,21.360455814999966],[39.986029700000074,21.360827488000098],[39.985771288000194,21.36038352200012],[39.985397418000161,21.359800759000166],[39.985178656000187,21.35944838000006],[39.985449391000088,21.35929707300005],[39.985788504000027,21.359102847000145],[39.985828288000107,21.359153613000046]]]]},"properties":{"OBJECTID":348,"camp_label":"11/88","gate_number":"11","Street":"88","Block":"93","Type":"external","Transport_mode":"النقل الترددي","Capacity":4585,"Gate_Lat":21.359310000000001,"Gate_Lon":39.985425999999997,"Shape_Length":0.0067382415201408946,"Shape_Area":1.357136477616317e-06}},{"type":"Feature","id":349,"geometry":{"type":"MultiPolygon","coordinates":[[[[39.980697120000116,21.361332586000174],[39.980937341000185,21.361684126000114],[39.98057006900018,21.361890575000018],[39.980358087000184,21.362009735000129],[39.979461749000109,21.362506848000123],[39.97886741800005,21.361684222000122],[39.980060010000159,21.360958188999973],[39.980331884000066,21.360792677000177],[39.980365401000086,21.360773507000147],[39.980368834000103,21.360771542000066],[39.980380392000029,21.360788264000064],[39.980430929000192,21.360863777000191],[39.980646887000091,21.360735345000023],[39.980730571000095,21.360854425000127],[39.980697120000116,21.361332586000174]]],[[[39.979392942000175,21.362539056000116],[39.978852295000138,21.362840060000167],[39.978612966000128,21.362463290000107],[39.978361381000184,21.362618428000133],[39.978055464000192,21.362157891000152],[39.97881752100011,21.361705486000119],[39.979392942000175,21.362539056000116]]]]},"properties":{"OBJECTID":349,"camp_label":"19/649","gate_number":"19","Street":"649","Block":"116","Type":"external","Transport_mode":"النقل الترددي","Capacity":4140,"Gate_Lat":21.362295,"Gate_Lon":39.979843000000002,"Shape_Length":0.0096872132670771764,"Shape_Area":2.6464892417235942e-06}},{"type":"Feature","id":350,"geometry":{"type":"Polygon","coordinates":[[[39.976894974000118,21.36404004200017],[39.976875173000167,21.364077204000068],[39.976839369000004,21.364021773000161],[39.97679449900005,21.363951101000168],[39.976559242000008,21.364091509000048],[39.976629493000075,21.364197021000109],[39.975817242999995,21.364676669000175],[39.975746190000109,21.364640302000112],[39.975624278000112,21.364617410000164],[39.975535863000175,21.364627620000135],[39.975231496000106,21.363826204000077],[39.97581567400016,21.363484633000155],[39.976203611000187,21.363248188],[39.976481633999981,21.363079469000184],[39.976834447000158,21.36361751000004],[39.977336702000059,21.363329005000026],[39.977513616000124,21.363583963000167],[39.977300754999987,21.363702108000098],[39.977132912000059,21.363818234999997],[39.976894974000118,21.36404004200017]]]},"properties":{"OBJECTID":350,"camp_label":"23/649","gate_number":"23","Street":"649","Block":"116","Type":"external","Transport_mode":"النقل الترددي","Capacity":4077,"Gate_Lat":21.363817999999998,"Gate_Lon":39.977133000000002,"Shape_Length":0.0064479911976065432,"Shape_Area":1.7366281702309704e-06}},{"type":"Feature","id":351,"geometry":{"type":"Polygon","coordinates":[[[39.98444926600007,21.360572630000149],[39.984654683000088,21.360854946000075],[39.984706552000034,21.360926238000104],[39.984903853999981,21.361282219000145],[39.985039959000176,21.361487042000135],[39.98491204100003,21.361571738000066],[39.984633114000133,21.361752008000053],[39.98445676200015,21.361869364000142],[39.983532881000144,21.360396614000138],[39.983553343999972,21.36038510100019],[39.983556706000115,21.360383745000092],[39.983579530000043,21.360374555000192],[39.983795977000057,21.360249936000116],[39.983980857999995,21.360531793000064],[39.984003384000118,21.360517647000108],[39.984267187000171,21.36035197800004],[39.984293715000035,21.360382031000086],[39.984324645000129,21.360423589000163],[39.98444926600007,21.360572630000149]]]},"properties":{"OBJECTID":351,"camp_label":"1/561","gate_number":"1","Street":"561","Block":"9-2","Type":"external","Transport_mode":"النقل الترددي","Capacity":2124,"Gate_Lat":21.360305,"Gate_Lon":39.983701000000003,"Shape_Length":0.0047889592774501104,"Shape_Area":1.0575162507401265e-06}},{"type":"Feature","id":352,"geometry":{"type":"Polygon","coordinates":[[[39.981580086000122,21.365635140000165],[39.981498305000059,21.365693227000065],[39.98159668500017,21.365834705000054],[39.981426021000118,21.36594100300016],[39.981382114000098,21.365968099000099],[39.981133223000029,21.366121679000173],[39.980802604000132,21.365643043000034],[39.980613292999976,21.36536897700006],[39.980857885000148,21.365219728000056],[39.980410383000105,21.364570978000017],[39.980645178000088,21.364421048000054],[39.980668213999991,21.364407350000192],[39.980919942000071,21.364257713000143],[39.981459996000183,21.365043556000046],[39.981211640000026,21.365202508000095],[39.981400902000075,21.365468471000156],[39.981318831000124,21.365520087000164],[39.981388707000008,21.365611723000086],[39.981490504000192,21.365534922000052],[39.981580086000122,21.365635140000165]]]},"properties":{"OBJECTID":352,"camp_label":"14/651","gate_number":"14","Street":"651","Block":"114A","Type":"external","Transport_mode":"النقل الترددي","Capacity":3801,"Gate_Lat":21.365967999999999,"Gate_Lon":39.981382000000004,"Shape_Length":0.0054543942383946352,"Shape_Area":1.0471880756618325e-06}},{"type":"Feature","id":353,"geometry":{"type":"Polygon","coordinates":[[[39.97556539500016,21.363264289000028],[39.97540563400014,21.363013332000151],[39.975381554000137,21.363023342000076],[39.975230281000108,21.362786549000077],[39.975246659000049,21.362773602000175],[39.974932797000179,21.362301855000169],[39.975076942000157,21.362212344000113],[39.974765169000193,21.361745083000073],[39.974731631000054,21.361756201000105],[39.974651081000161,21.361608236000052],[39.975132822000148,21.361676643999999],[39.975848222000025,21.362757436000095],[39.975700397000139,21.362842189000105],[39.975869567000075,21.363086958000167],[39.97556539500016,21.363264289000028]]]},"properties":{"OBJECTID":353,"camp_label":"T2/527","gate_number":"T2","Street":"527","Block":"7-5B","Type":"internal","Transport_mode":"النقل الترددي","Capacity":2000,"Gate_Lat":21.361659,"Gate_Lon":39.975008000000003,"Shape_Length":0.0047299722627548967,"Shape_Area":7.5132094499900417e-07}},{"type":"Feature","id":354,"geometry":{"type":"Polygon","coordinates":[[[39.987718636000182,21.37272304600009],[39.987957658000084,21.372564004000026],[39.98815873000018,21.372431131000155],[39.988368935999972,21.372290713999973],[39.988436327000159,21.372383948000049],[39.988415786000132,21.372405395000158],[39.988554915000179,21.37258999800008],[39.988400280999997,21.372701976000087],[39.98847308500018,21.372808830000054],[39.988561439000193,21.37275865800018],[39.988704175000123,21.372953068000072],[39.988915199000189,21.373240488000079],[39.989025113000025,21.373390194000024],[39.989072356999998,21.373454540000182],[39.989048990000128,21.373480869000161],[39.989025623000089,21.373507198000084],[39.989005769000187,21.373521920000087],[39.988982564000139,21.373539126000082],[39.988953170000002,21.373558500000115],[39.98891441100011,21.373584818000154],[39.988870589000044,21.373612469000022],[39.988622722000059,21.373768631000132],[39.988622769000131,21.373768697000173],[39.988620033000075,21.373770330000013],[39.988581911000097,21.373793168000134],[39.988323806000153,21.373957498000038],[39.988081417000103,21.373596057999976],[39.987847668000029,21.37374345500001],[39.987315980000119,21.373001853000119],[39.987385690000167,21.372954663000144],[39.987486194000155,21.372886924000113],[39.987586696000108,21.372819185000139],[39.987619755000082,21.372793000000172],[39.987652814000057,21.372766815000034],[39.987718636000182,21.37272304600009]]]},"properties":{"OBJECTID":354,"camp_label":"1/608","gate_number":"1","Street":"608","Block":"109","Type":"external","Transport_mode":"النقل الترددي","Capacity":3944,"Gate_Lat":21.373661999999999,"Gate_Lon":39.988791999999997,"Shape_Length":0.0054604562581952558,"Shape_Area":1.4865647880363814e-06}},{"type":"Feature","id":355,"geometry":{"type":"Polygon","coordinates":[[[39.989740715000096,21.340628613000149],[39.989724710000075,21.34058208099998],[39.98971671400011,21.340509312000108],[39.9897217030001,21.34046880600016],[39.989744999000095,21.340398076000156],[39.989785817000097,21.340404561000071],[39.989795167000125,21.340352901000074],[39.989762686000006,21.340347740000084],[39.989765040000066,21.34029745800018],[39.98975940300005,21.340272761000165],[39.989749399000061,21.340249309000171],[39.989735311000175,21.340227777000166],[39.989717546000008,21.340208781000001],[39.989696613000149,21.340192868000031],[39.989673114000084,21.340180493000162],[39.98964772100004,21.340172014000075],[39.989621165000131,21.340167673000167],[39.989594208000142,21.34016759300016],[39.989567624000074,21.340171779000173],[39.989542175000167,21.34018010900013],[39.989518593000184,21.340192344000172],[39.989487145000055,21.3402191240001],[39.989479662000065,21.340227025000104],[39.989465430000109,21.340248474000191],[39.989455267999972,21.34027186700007],[39.989449467000156,21.340296530999979],[39.989448194000147,21.340321758000073],[39.989451485000131,21.340346825999973],[39.989859236000029,21.340941484000155],[39.989432560000068,21.341204689000165],[39.989109123000048,21.340743983000095],[39.988976065000031,21.34055445600012],[39.98944914700013,21.340200892000155],[39.990097635000097,21.339691813000059],[39.99043007500012,21.339997933000177],[39.990570729000183,21.340127453000036],[39.990450941000063,21.340201036000167],[39.989740715000096,21.340628613000149]]]},"properties":{"OBJECTID":355,"camp_label":"4/216","gate_number":"4","Street":"216","Block":"101D","Type":"external","Transport_mode":"النقل التقليدي","Capacity":3664,"Gate_Lat":21.340273,"Gate_Lon":39.989758999999999,"Shape_Length":0.0059549504449267921,"Shape_Area":8.641436787119879e-07}},{"type":"Feature","id":356,"geometry":{"type":"Polygon","coordinates":[[[39.996042148000186,21.344364162000034],[39.995754950000048,21.344538558000067],[39.996179337000058,21.345137537000141],[39.996158353000112,21.345150052000065],[39.995712190000063,21.34545921800003],[39.99530497500001,21.345702135000181],[39.994786700000077,21.344979016000082],[39.995168227000079,21.344744794000064],[39.995420649000039,21.344595707999986],[39.995689566000124,21.344436876000032],[39.995976768000105,21.344267240000022],[39.996042148000186,21.344364162000034]]]},"properties":{"OBJECTID":356,"camp_label":"6/114","gate_number":"6","Street":"114","Block":"15","Type":"external","Transport_mode":"النقل التقليدي","Capacity":2752,"Gate_Lat":21.344508999999999,"Gate_Lon":39.995567000000001,"Shape_Length":0.0045048023424930144,"Shape_Area":9.5989830675455464e-07}},{"type":"Feature","id":357,"geometry":{"type":"Polygon","coordinates":[[[39.985071361000109,21.360374895000064],[39.985320847000139,21.360797286000093],[39.985551427000189,21.361152112000127],[39.985144775000151,21.361410067000065],[39.984961793000082,21.361023852000187],[39.984873239000024,21.360853211000176],[39.984699604000127,21.36059718000007],[39.9846896090001,21.360585962000187],[39.984506986000042,21.360380920000125],[39.98438284700012,21.360226584000145],[39.984825313000158,21.359983034000038],[39.985071361000109,21.360374895000064]]]},"properties":{"OBJECTID":357,"camp_label":"17/88","gate_number":"17","Street":"88","Block":"9-1","Type":"external","Transport_mode":"النقل الترددي","Capacity":620,"Gate_Lat":21.361265,"Gate_Lon":39.985373000000003,"Shape_Length":0.0037797154810925333,"Shape_Area":6.2320125101934476e-07}},{"type":"Feature","id":358,"geometry":{"type":"Polygon","coordinates":[[[39.975869567000075,21.363086958000167],[39.975700397000139,21.362842189000105],[39.975848222000025,21.362757436000095],[39.975132822000148,21.361676643999999],[39.975322045000098,21.361705022000081],[39.975518018000059,21.361710158000108],[39.975713971000175,21.361712156999999],[39.975761646000137,21.361712306000129],[39.976289566000105,21.362500234000152],[39.97614386500004,21.362586697000097],[39.976308222000057,21.362831256000163],[39.975869567000075,21.363086958000167]]]},"properties":{"OBJECTID":358,"camp_label":"T3/527","gate_number":"T3","Street":"527","Block":"7-5B","Type":"internal","Transport_mode":"النقل الترددي","Capacity":2000,"Gate_Lat":21.361712000000001,"Gate_Lon":39.975651999999997,"Shape_Length":0.0043153267321781076,"Shape_Area":7.1361316088897815e-07}},{"type":"Feature","id":359,"geometry":{"type":"MultiPolygon","coordinates":[[[[39.982038128000056,21.361060364000025],[39.981765782000082,21.361215467000136],[39.981157708000183,21.360320386000069],[39.981671102000064,21.360026781000045],[39.981854521000002,21.359921886000109],[39.98189874000002,21.359893434000071],[39.982325015000072,21.360433958000044],[39.982075978000125,21.360583741000085],[39.98223818200006,21.36082318900003],[39.982457040000043,21.360699603000114],[39.98251398900004,21.360789371000067],[39.982038128000056,21.361060364000025]]],[[[39.98170540600006,21.361249847000124],[39.981412013000181,21.361416930000189],[39.981363633000115,21.361444477000077],[39.98114541800004,21.361567150000042],[39.980937341000185,21.361684126000114],[39.980697120000116,21.361332586000174],[39.980730571000095,21.360854425000127],[39.980646887000091,21.360735345000023],[39.980430929000192,21.360863777000191],[39.980380392000029,21.360788264000064],[39.980368834000103,21.360771542000066],[39.980566461000194,21.360658521000062],[39.980829969000183,21.36050781900019],[39.981100328000082,21.360353204000091],[39.98170540600006,21.361249847000124]]]]},"properties":{"OBJECTID":359,"camp_label":"22/647","gate_number":"22","Street":"647","Block":"116","Type":"external","Transport_mode":"النقل الترددي","Capacity":3669,"Gate_Lat":21.360956999999999,"Gate_Lon":39.982219999999998,"Shape_Length":0.0086441014545130465,"Shape_Area":1.7170730978557597e-06}},{"type":"Feature","id":360,"geometry":{"type":"Polygon","coordinates":[[[39.972278374000041,21.355188721000104],[39.972298233000174,21.35521766300019],[39.972051068000042,21.355362022000122],[39.971619860000089,21.354733613999997],[39.971697737000056,21.354686719000142],[39.971669057000156,21.354644921000045],[39.971687715000087,21.354633685000181],[39.971618881000097,21.354533372000162],[39.971929987000067,21.354346031000034],[39.972217837000073,21.354765521000104],[39.972444977000066,21.354628733000141],[39.97269607100003,21.35498530600006],[39.972678044000077,21.354995833000146],[39.97234570300003,21.355189938000137],[39.972325425999998,21.355160389000048],[39.972278374000041,21.355188721000104]]]},"properties":{"OBJECTID":360,"camp_label":"3/204","gate_number":"3","Street":"204","Block":"29","Type":"external","Transport_mode":"النقل التقليدي","Capacity":1907,"Gate_Lat":21.355121,"Gate_Lon":39.972462999999998,"Shape_Length":0.0034381761645229719,"Shape_Area":5.4117033312352563e-07}},{"type":"Feature","id":361,"geometry":{"type":"Polygon","coordinates":[[[39.978965477000088,21.367232361000049],[39.978575446000036,21.366670832000068],[39.978575054000032,21.36667026900011],[39.978111624000064,21.366003067000122],[39.978349030000174,21.365855823000061],[39.978669640000192,21.365656582000156],[39.979302741000083,21.366559332000065],[39.979549900000052,21.366408696000065],[39.97955016800006,21.366408512000191],[39.979885373000172,21.366886184999998],[39.979397913000184,21.367187035000029],[39.979324204000193,21.367231363000144],[39.979215693000185,21.367076890000078],[39.978965477000088,21.367232361000049]]]},"properties":{"OBJECTID":361,"camp_label":"22/651","gate_number":"22","Street":"651","Block":"115A","Type":"external","Transport_mode":"النقل الترددي","Capacity":3688,"Gate_Lat":21.367037,"Gate_Lon":39.979641999999998,"Shape_Length":0.00527171649272715,"Shape_Area":1.2258470321210026e-06}},{"type":"Feature","id":362,"geometry":{"type":"MultiPolygon","coordinates":[[[[39.99159589400017,21.342197806000001],[39.991453102000094,21.342279508000047],[39.991433285000141,21.342285710000169],[39.991262336000148,21.342370272999972],[39.991235237000126,21.342383677000043],[39.990869912000164,21.342597684000054],[39.990839536000124,21.342573763000132],[39.990860903000055,21.342537794000066],[39.990719508000154,21.341912490000027],[39.990715791000127,21.341896045000169],[39.990667442000131,21.341549565000093],[39.990763324000056,21.341496126000038],[39.990944653000042,21.341771311000173],[39.991202756000177,21.341622960000052],[39.99159589400017,21.342197806000001]]],[[[39.990734792000183,21.342513522000047],[39.990602312000021,21.342593261000161],[39.990337067000041,21.342752900000107],[39.990229047000184,21.342593203000149],[39.99013045900017,21.342447446000051],[39.990403937000053,21.342287567000085],[39.990219677000084,21.342003630000136],[39.990079892000153,21.341787737999994],[39.990293033000114,21.341659462000052],[39.990303457000095,21.341674663000163],[39.990335910000056,21.341655133000131],[39.990325486000074,21.341639931000145],[39.990377408000086,21.341608679000046],[39.990416496000137,21.341665687000159],[39.990463553000041,21.341637365000111],[39.990424463000181,21.34158036000008],[39.990581789000032,21.34148567200009],[39.990734792000183,21.342513522000047]]]]},"properties":{"OBJECTID":362,"camp_label":"1/654","gate_number":"1","Street":"654","Block":"124","Type":"external","Transport_mode":"النقل التقليدي","Capacity":3341,"Gate_Lat":21.341895999999998,"Gate_Lon":39.990715999999999,"Shape_Length":0.0068968659749763577,"Shape_Area":1.0002825757034863e-06}},{"type":"Feature","id":363,"geometry":{"type":"Polygon","coordinates":[[[39.995521279000172,21.353551123000159],[39.995518794000077,21.353563244000156],[39.995514199000127,21.35357481200009],[39.99550761900008,21.353585506000059],[39.995499237000104,21.353595029000076],[39.995489287000169,21.353603119000184],[39.995478041000126,21.353609551000034],[39.995465815000045,21.353614148000133],[39.995452943000032,21.353616783000064],[39.995439783000165,21.353617381000106],[39.995426698000074,21.353615927000192],[39.995414053000161,21.353612459999965],[39.995402196000157,21.353607079000142],[39.995391456000164,21.35359993000003],[39.995170830000063,21.353280898000094],[39.99503311300009,21.353076629000157],[39.995335481000097,21.352881546000106],[39.995175159000155,21.352652661000036],[39.995131580000191,21.352679046000048],[39.994811927000114,21.352246370000103],[39.995758351000063,21.351600547000032],[39.995781109000177,21.351592427000071],[39.995804969000176,21.351587866000159],[39.995829304000154,21.351586987000189],[39.995853471000146,21.351589810000121],[39.99587682900011,21.351596261000054],[39.99589876400006,21.351606170000082],[39.995918697000036,21.351619278000101],[39.995936102000144,21.351635236000163],[39.995950518000086,21.351653622000072],[39.995961564000083,21.351673953999978],[39.995968951000066,21.351695694],[39.995808961000193,21.352351999000064],[39.995736863000047,21.352652524000121],[39.99565076500005,21.353014456000039],[39.995521279000172,21.353551123000159]]]},"properties":{"OBJECTID":363,"camp_label":"8/526","gate_number":"8","Street":"526","Block":"8-11","Type":"external","Transport_mode":"النقل الترددي","Capacity":3040,"Gate_Lat":21.353389,"Gate_Lon":39.995244999999997,"Shape_Length":0.0053466648494014026,"Shape_Area":1.1253389792194043e-06}},{"type":"Feature","id":364,"geometry":{"type":"Polygon","coordinates":[[[39.993153548999999,21.345928610000158],[39.99366390300014,21.346655062000025],[39.993673416000149,21.346688494000148],[39.993657404000032,21.346711471000162],[39.992942287000119,21.347154852000187],[39.992901173000121,21.347162220000087],[39.992871356000194,21.34714161100004],[39.992357903000084,21.346417831000053],[39.993153548999999,21.345928610000158]]]},"properties":{"OBJECTID":364,"camp_label":"23/62","gate_number":"23","Street":"62","Block":"42","Type":"external","Transport_mode":"النقل التقليدي","Capacity":3120,"Gate_Lat":21.346641999999999,"Gate_Lon":39.992516999999999,"Shape_Length":0.0036914229677212293,"Shape_Area":8.6770408036076208e-07}},{"type":"Feature","id":365,"geometry":{"type":"Polygon","coordinates":[[[39.991724527000088,21.351135503000137],[39.9919307830001,21.351007032000041],[39.991970015000163,21.350987890000056],[39.992051874000083,21.350940497000124],[39.992230922000147,21.35119862900018],[39.992421405000186,21.351473260000091],[39.992709339000044,21.351871323000069],[39.992083132000175,21.352254923000032],[39.991871819000039,21.351961983000137],[39.991794743000014,21.35185513100015],[39.991564523000193,21.351997144000109],[39.991187305000039,21.351470127000084],[39.991724527000088,21.351135503000137]]]},"properties":{"OBJECTID":365,"camp_label":"11/406","gate_number":"11","Street":"406","Block":"86","Type":"external","Transport_mode":"النقل الترددي","Capacity":3752,"Gate_Lat":21.352098000000002,"Gate_Lon":39.992339000000001,"Shape_Length":0.004299723689705914,"Shape_Area":1.0155794758183751e-06}},{"type":"Feature","id":366,"geometry":{"type":"Polygon","coordinates":[[[39.976440907000097,21.362414786000159],[39.976583325000149,21.36232816800009],[39.976271208000185,21.361853660000122],[39.976419331000102,21.361765853000009],[39.976288648000036,21.361579136000103],[39.976444429000026,21.361502562000169],[39.976880265000034,21.362151943000185],[39.976733336000052,21.362239389000138],[39.976895849000073,21.362490373000128],[39.97660425100014,21.362656565000179],[39.976440907000097,21.362414786000159]]]},"properties":{"OBJECTID":366,"camp_label":"T6/527","gate_number":"T6","Street":"527","Block":"7-5B","Type":"internal","Transport_mode":"النقل الترددي","Capacity":2000,"Gate_Lat":21.361543999999999,"Gate_Lon":39.976360999999997,"Shape_Length":0.0031878132877233068,"Shape_Area":3.318403075813278e-07}},{"type":"Feature","id":367,"geometry":{"type":"MultiPolygon","coordinates":[[[[39.99231633100004,21.341757209000093],[39.991861710000137,21.342030828000077],[39.991688734000036,21.341820486000074],[39.991701670000054,21.341787361000058],[39.991661394000118,21.341743362000102],[39.991637259000129,21.341757887000142],[39.991199541000185,21.341225611000141],[39.991405535000183,21.341044867000107],[39.991592045000118,21.340905025999973],[39.99169760400008,21.340855973000089],[39.99231633100004,21.341757209000093]]],[[[39.991704593000009,21.341974186000186],[39.991653901999996,21.342007668000122],[39.991716774000054,21.342091214000106],[39.991669143000138,21.342119882000134],[39.991689991000044,21.342150285000059],[39.991665652000108,21.342164933000049],[39.991645855000172,21.342169219000027],[39.99159589400017,21.342197806000001],[39.991202756000177,21.341622960000052],[39.990944653000042,21.341771311000173],[39.990763324000056,21.341496126000038],[39.990667442000131,21.341549565000093],[39.990657671000122,21.341479525000182],[39.990765322000016,21.341366745000073],[39.991060158000096,21.34118929400006],[39.991083645000174,21.341218020000156],[39.991053166000029,21.341239892000146],[39.991088349000051,21.341282923000108],[39.99111898200016,21.341260939000051],[39.991704593000009,21.341974186000186]]]]},"properties":{"OBJECTID":367,"camp_label":"3/654","gate_number":"3","Street":"654","Block":"124","Type":"external","Transport_mode":"النقل التقليدي","Capacity":2566,"Gate_Lat":21.3415,"Gate_Lon":39.991425,"Shape_Length":0.0067911544970981532,"Shape_Area":9.4713728273546075e-07}},{"type":"Feature","id":368,"geometry":{"type":"Polygon","coordinates":[[[39.976702351000085,21.346208406000017],[39.976721208000129,21.346236362000013],[39.976679813000146,21.346261627999979],[39.976483304000169,21.345979764000106],[39.976240876000134,21.345632028000125],[39.976164747000155,21.345522830000164],[39.976290070000118,21.345447248000141],[39.97631291100015,21.345480918000078],[39.976381747000175,21.345439878000036],[39.976358712000149,21.34540585100018],[39.976412569000047,21.34537337200004],[39.976726098000142,21.345830049000085],[39.976889403000087,21.346061129000191],[39.976925037000171,21.346115627000074],[39.976780947000179,21.346202348000077],[39.97676144400009,21.34617326200015],[39.976702351000085,21.346208406000017]]]},"properties":{"OBJECTID":368,"camp_label":"1/535","gate_number":"1","Street":"535","Block":"7-13A","Type":"external","Transport_mode":"النقل التقليدي","Capacity":1160,"Gate_Lat":21.346176,"Gate_Lon":39.976824000000001,"Shape_Length":0.0025279646206287205,"Shape_Area":2.5256596775710476e-07}},{"type":"Feature","id":369,"geometry":{"type":"Polygon","coordinates":[[[39.973302203000117,21.357406411999989],[39.973552181000173,21.357259062000082],[39.973721167000122,21.357496166000146],[39.973815012000159,21.357627841000124],[39.973934090000057,21.357794919000071],[39.973670918000153,21.357954313000164],[39.973552251000172,21.357785485000022],[39.973706262000064,21.357690696000077],[39.973636026999998,21.357581776000131],[39.973493329000121,21.357670671000108],[39.973302203000117,21.357406411999989]]]},"properties":{"OBJECTID":369,"camp_label":"4/116","gate_number":"4","Street":"116","Block":"20","Type":"external","Transport_mode":"النقل التقليدي","Capacity":424,"Gate_Lat":21.357873000000001,"Gate_Lon":39.973804999999999,"Shape_Length":0.0022669371476676361,"Shape_Area":1.7226551450822162e-07}},{"type":"Feature","id":370,"geometry":{"type":"Polygon","coordinates":[[[39.990311478000137,21.339154214000075],[39.99014822700002,21.33896929500014],[39.990147680000064,21.338969626000107],[39.989953446000186,21.33879226200014],[39.989525962000187,21.338401891999979],[39.989521680000166,21.338397255000075],[39.989518296000085,21.338392006000049],[39.989515908000044,21.338386297000056],[39.989514584999995,21.338380292000181],[39.989514365000161,21.338374163000083],[39.989515253000093,21.338368089000141],[39.989517225000043,21.338362241000027],[39.989520224000046,21.338356791000081],[39.989524163999988,21.338351895000017],[39.989528931000166,21.33834769300006],[39.990014028000019,21.337987571000099],[39.990256315000124,21.33779518900019],[39.990644168261611,21.338354505021016],[39.990800009000168,21.338577007000026],[39.990937298000063,21.338777222000147],[39.990311478000137,21.339154214000075]]]},"properties":{"OBJECTID":370,"camp_label":"16/643","gate_number":"16","Street":"643","Block":"122","Type":"external","Transport_mode":"النقل التقليدي","Capacity":3130,"Gate_Lat":21.338792000000002,"Gate_Lon":39.989953,"Shape_Length":0.0039906229964571166,"Shape_Area":9.543785545987382e-07}},{"type":"Feature","id":371,"geometry":{"type":"Polygon","coordinates":[[[39.969650039000101,21.34753044100006],[39.969676244000027,21.347569155000087],[39.96976023600007,21.347693073000016],[39.969768566000027,21.347706599999981],[39.969852682000067,21.347830620000138],[39.969866829000068,21.347851064000054],[39.969909704000145,21.347915358000023],[39.969887380000102,21.347929721000071],[39.96987709900003,21.34791412900006],[39.96968697900013,21.34802415900009],[39.969740049000052,21.348102272000062],[39.969725783000115,21.348110522000013],[39.969702808000079,21.348080254000024],[39.969700357000136,21.348076508000077],[39.969641124000134,21.347983702000022],[39.969561089000194,21.348031492000075],[39.969341015000111,21.347708019000038],[39.969422464000161,21.347659535000105],[39.969425412000078,21.347663929000134],[39.969574796000188,21.347575116000144],[39.969628015000012,21.347543563000102],[39.969650039000101,21.34753044100006]]]},"properties":{"OBJECTID":371,"camp_label":"F/62","gate_number":"F","Street":"62","Block":"S1","Type":"internal","Transport_mode":"النقل التقليدي","Capacity":630,"Gate_Lat":21.347875999999999,"Gate_Lon":39.969456000000001,"Shape_Length":0.0018385378697659863,"Shape_Area":1.5511921863249268e-07}},{"type":"Feature","id":372,"geometry":{"type":"Polygon","coordinates":[[[39.982883322000134,21.367350885000121],[39.983061281000062,21.367610537000076],[39.983024075000174,21.367632576000062],[39.982850466000116,21.36773626500019],[39.982350210000106,21.368035034000116],[39.982280402000185,21.367935646000092],[39.982170767000071,21.368001112000172],[39.98207823100006,21.367868006000151],[39.981929125000136,21.367958950000059],[39.981826345000172,21.367808860000082],[39.981674497000029,21.367584631000057],[39.981742317000169,21.36754299800009],[39.981689485000061,21.367464991000134],[39.98238359700008,21.367050135000113],[39.982449207000002,21.367143855000052],[39.982615922000036,21.367041039000071],[39.98277492200009,21.367273683999997],[39.982610939000097,21.367374867000137],[39.982674876000146,21.367473072000166],[39.982820470000092,21.367387727000107],[39.982883322000134,21.367350885000121]]]},"properties":{"OBJECTID":372,"camp_label":"3/550","gate_number":"3","Street":"550","Block":"8-22","Type":"external","Transport_mode":"النقل الترددي","Capacity":2840,"Gate_Lat":21.367902000000001,"Gate_Lon":39.982571999999998,"Shape_Length":0.0043075369654969262,"Shape_Area":7.9674530523822627e-07}},{"type":"Feature","id":373,"geometry":{"type":"Polygon","coordinates":[[[39.998709869000038,21.345466657000031],[39.998734073000094,21.3467450710001],[39.998741382000048,21.347131001999969],[39.998650719000125,21.347115904000134],[39.997652075000076,21.346949632000076],[39.997623370000099,21.346891745000164],[39.997548461000008,21.346600484000135],[39.997540702000038,21.346570307000036],[39.997533515000043,21.346200443000157],[39.997530482000059,21.345963921000134],[39.998166318000074,21.345885164000094],[39.99829981900001,21.345861871000068],[39.998342410000078,21.345731684000043],[39.998377316000131,21.345631337000157],[39.998615726000139,21.34551327700018],[39.998709869000038,21.345466657000031]]]},"properties":{"OBJECTID":373,"camp_label":"E/206","gate_number":"E","Street":"206","Block":"38","Type":"external","Transport_mode":"النقل التقليدي","Capacity":2860,"Gate_Lat":21.347080999999999,"Gate_Lon":39.998441999999997,"Shape_Length":0.0051624616527241561,"Shape_Area":1.448303935208503e-06}},{"type":"Feature","id":374,"geometry":{"type":"MultiPolygon","coordinates":[[[[39.980536705000077,21.356387381000161],[39.980215873000134,21.35658042100016],[39.979948264000143,21.356749618000038],[39.979853316000117,21.35661261000007],[39.979577618000178,21.356218018000106],[39.979555424000125,21.356186715999968],[39.980149904000143,21.355816843000014],[39.980536705000077,21.356387381000161]]],[[[39.979891990000112,21.356777430000022],[39.979130507000036,21.357242126000074],[39.978749560000097,21.356661485000132],[39.979503108000074,21.356212422000169],[39.979891990000112,21.356777430000022]]],[[[39.978019370000027,21.357914312000105],[39.977965793000124,21.357946769000023],[39.977783509000176,21.357661374000145],[39.977509757000064,21.35781485300015],[39.977307118999988,21.357505182000182],[39.97861015899997,21.356735303000164],[39.979009003000158,21.357314781000184],[39.978019370000027,21.357914312000105]]]]},"properties":{"OBJECTID":374,"camp_label":"17/406","gate_number":"17","Street":"406","Block":"80","Type":"external","Transport_mode":"النقل الترددي","Capacity":3567,"Gate_Lat":21.356895999999999,"Gate_Lon":39.978904,"Shape_Length":0.010375779691014896,"Shape_Area":2.0598436628989742e-06}},{"type":"Feature","id":375,"geometry":{"type":"Polygon","coordinates":[[[39.983626080000136,21.361744773000055],[39.983398137000052,21.361871957999995],[39.983035130000076,21.361314228000026],[39.983128999000144,21.361254644000098],[39.982830711000133,21.360793613000055],[39.982948315000101,21.360728299000129],[39.98297046100015,21.360713116000056],[39.98300169800018,21.360695534000001],[39.98303307000009,21.360743713000033],[39.983219171000144,21.361029521000034],[39.983466497000165,21.360890664000181],[39.984160737000082,21.361972424000157],[39.984203200000138,21.362038312000095],[39.983953556000074,21.362205127000152],[39.98364770600017,21.361732706000055],[39.983626346000165,21.361745197000118],[39.983626080000136,21.361744773000055]]]},"properties":{"OBJECTID":375,"camp_label":"2/552","gate_number":"2","Street":"552","Block":"9-5","Type":"external","Transport_mode":"النقل الترددي","Capacity":2810,"Gate_Lat":21.360752000000002,"Gate_Lon":39.982905000000002,"Shape_Length":0.004718222448863353,"Shape_Area":7.1342602920837963e-07}},{"type":"Feature","id":376,"geometry":{"type":"Polygon","coordinates":[[[39.977279163000162,21.361595170000044],[39.977163260999987,21.361660821000044],[39.977476215000138,21.362129646000028],[39.976895849000073,21.362490373000128],[39.976733336000052,21.362239389000138],[39.976880265000034,21.362151943000185],[39.976444429000026,21.361502562000169],[39.976593940000043,21.361407518000135],[39.976982058000033,21.361147824000113],[39.977279163000162,21.361595170000044]]]},"properties":{"OBJECTID":376,"camp_label":"T7/527","gate_number":"T7","Street":"527","Block":"7-5B","Type":"internal","Transport_mode":"النقل الترددي","Capacity":2000,"Gate_Lat":21.361363999999998,"Gate_Lon":39.976658999999998,"Shape_Length":0.0038134578556611731,"Shape_Area":6.7340710526871297e-07}},{"type":"Feature","id":377,"geometry":{"type":"Polygon","coordinates":[[[39.96983697100012,21.347281686000031],[39.969920607000063,21.347405253000034],[39.969929579000109,21.347418870000183],[39.97002244700019,21.347555576000104],[39.969768566000027,21.347706599999981],[39.96976023600007,21.347693073000016],[39.969676244000027,21.347569155000087],[39.96965005900006,21.347530468000173],[39.969583444000193,21.347432351000123],[39.969814231000157,21.347294158000182],[39.96983697100012,21.347281686000031]]]},"properties":{"OBJECTID":377,"camp_label":"E/62","gate_number":"E","Street":"62","Block":"S1","Type":"internal","Transport_mode":"النقل التقليدي","Capacity":618,"Gate_Lat":21.347619999999999,"Gate_Lon":39.969914000000003,"Shape_Length":0.0012520184648960261,"Shape_Area":9.7472706591980694e-08}},{"type":"Feature","id":378,"geometry":{"type":"Polygon","coordinates":[[[39.995407241549401,21.347466828173765],[39.995737131865894,21.347254149731839],[39.996073925977612,21.347760907946565],[39.996007977380941,21.347786285041309],[39.995945030672658,21.347817645777582],[39.995885700944882,21.347854682057402],[39.995830571115448,21.347897033575578],[39.995780181284658,21.347944282462151],[39.995735024011537,21.347995967763893],[39.995695542366207,21.348051582747075],[39.99566212418739,21.348110581253593],[39.995635095392743,21.3481723867759],[39.995614721907259,21.348236392444562],[39.995601202985483,21.348301971909848],[39.995594671230947,21.348368482050489],[39.995595190719939,21.348435271116671],[39.99557736700018,21.348522531000128],[39.995434024000133,21.348753051000187],[39.995326071000193,21.348926655000128],[39.995124133000161,21.348644136000132],[39.995235562000062,21.348574853000173],[39.995152443000052,21.348460145000104],[39.995041979000121,21.348528358000124],[39.994942981999998,21.348388844000169],[39.995052503000124,21.34831927100015],[39.994818596000187,21.347992365000096],[39.994927185000051,21.347895726000047],[39.995035772000051,21.34779908600018],[39.995407241549401,21.347466828173765]]]},"properties":{"OBJECTID":378,"camp_label":"4/421","gate_number":"4","Street":"421","Block":"79","Type":"external","Transport_mode":"النقل الترددي","Capacity":0,"Gate_Lat":21.347906999999999,"Gate_Lon":39.994909,"Shape_Length":0.004697160146449472,"Shape_Area":9.2575985914343589e-07}},{"type":"Feature","id":379,"geometry":{"type":"Polygon","coordinates":[[[39.985689680000178,21.343825029000072],[39.985865184000147,21.344044848000067],[39.985383658000103,21.344325898000079],[39.985140479000108,21.344465890000095],[39.984973408000087,21.344622805000029],[39.984786247000102,21.344454602000042],[39.984779031000073,21.344446730000129],[39.984773285000131,21.344437858999981],[39.984769165000159,21.344428227000094],[39.984766783000111,21.344418093000115],[39.984766202000174,21.344407730000057],[39.984767437000187,21.344397419000188],[39.984770456000149,21.344387435000101],[39.984775177000074,21.344378048000124],[39.984781472000179,21.344369511000025],[39.984789174000127,21.344362054000044],[39.984798074000139,21.344355876000066],[39.985474362000105,21.343962538000028],[39.985494844000073,21.343950624999991],[39.985689680000178,21.343825029000072]]]},"properties":{"OBJECTID":379,"camp_label":"9/522","gate_number":"9","Street":"522","Block":"8-9","Type":"external","Transport_mode":"النقل التقليدي","Capacity":3520,"Gate_Lat":21.344087999999999,"Gate_Lon":39.985258000000002,"Shape_Length":0.0027541266071166061,"Shape_Area":3.0076900881895038e-07}},{"type":"Feature","id":380,"geometry":{"type":"MultiPolygon","coordinates":[[[[39.994044140000085,21.348383555000169],[39.993761618000121,21.348559382000019],[39.993501755000068,21.348711838000042],[39.993128906000038,21.348154415000181],[39.993007873000067,21.348224892000076],[39.992642985000032,21.34773574400009],[39.993298583000126,21.347337852000067],[39.99345044100005,21.347551072000101],[39.994044140000085,21.348383555000169]]],[[[39.994696323000142,21.34929803100016],[39.994393205000108,21.349441194000178],[39.993811148000134,21.348628532000077],[39.994092903000137,21.34845193000001],[39.994696323000142,21.34929803100016]]]]},"properties":{"OBJECTID":380,"camp_label":"7/408","gate_number":"7","Street":"408","Block":"87","Type":"external","Transport_mode":"النقل الترددي","Capacity":4610,"Gate_Lat":21.348572000000001,"Gate_Lon":39.993901999999999,"Shape_Length":0.0068127382639900829,"Shape_Area":1.2203882069288375e-06}},{"type":"Feature","id":381,"geometry":{"type":"MultiPolygon","coordinates":[[[[39.977783509000176,21.357661374000145],[39.977965793000124,21.357946769000023],[39.977536886000109,21.358206602000166],[39.976853195000103,21.358620773000041],[39.976455330000135,21.358009603000085],[39.977307118999988,21.357505182000182],[39.977509757000064,21.35781485300015],[39.977783509000176,21.357661374000145]]],[[[39.976749945000108,21.358681777000129],[39.97569103800015,21.359321943000168],[39.975492425000141,21.359028589000047],[39.975270182000145,21.358700334000162],[39.975484017000156,21.358575362000124],[39.975756124000043,21.358414944000174],[39.976048306000052,21.358242032000078],[39.97633718700007,21.358072045000085],[39.976749945000108,21.358681777000129]]]]},"properties":{"OBJECTID":381,"camp_label":"18/406","gate_number":"18","Street":"406","Block":"80","Type":"external","Transport_mode":"النقل الترددي","Capacity":4596,"Gate_Lat":21.358387,"Gate_Lon":39.976551000000001,"Shape_Length":0.0080051964458752907,"Shape_Area":1.7424526148811229e-06}},{"type":"Feature","id":382,"geometry":{"type":"MultiPolygon","coordinates":[[[[39.986370306000026,21.361733125000171],[39.986126219000141,21.36188934200004],[39.986522585999978,21.362422501000026],[39.986499668000079,21.362440109000033],[39.986147957000185,21.362718874999985],[39.985284570000033,21.361574994000136],[39.985436560000039,21.361471744000141],[39.985663893000094,21.361322936000079],[39.985926546000087,21.361148239999977],[39.986370306000026,21.361733125000171]]],[[[39.985195480000129,21.361703943000066],[39.985422080000092,21.361982624999996],[39.985525602000109,21.362114323000071],[39.985631287000047,21.362242489000039],[39.985642312000152,21.362257443000033],[39.985732941000094,21.362374880000061],[39.985742412000093,21.362389294000025],[39.985776429000168,21.362427297000067],[39.985792416000152,21.362445164000178],[39.98580132100011,21.362458884999967],[39.986041294000131,21.362820060000104],[39.985536670000158,21.363218533000122],[39.985518721000176,21.363232318000144],[39.98537519600012,21.36300546199999],[39.98526940000005,21.362838237000119],[39.984726786000067,21.361946200000091],[39.98493907500017,21.361801925000179],[39.984974856000179,21.361777611000093],[39.98515739700008,21.361656469000025],[39.985195480000129,21.361703943000066]]]]},"properties":{"OBJECTID":382,"camp_label":"6/655","gate_number":"6","Street":"655","Block":"92","Type":"external","Transport_mode":"النقل الترددي","Capacity":3738,"Gate_Lat":21.363004,"Gate_Lon":39.985809000000003,"Shape_Length":0.0085279267452902669,"Shape_Area":1.79475858215869e-06}},{"type":"Feature","id":383,"geometry":{"type":"Polygon","coordinates":[[[39.990885389000084,21.35199307400012],[39.990929118000111,21.352054336000037],[39.991021186000069,21.352123228000039],[39.99115206100015,21.352312792000077],[39.991400158000147,21.352672140000152],[39.990951547000066,21.352945236000039],[39.990755465000177,21.35266228200004],[39.990484312000035,21.352833481999994],[39.990361373000098,21.352648363000071],[39.990315484000121,21.352579264000099],[39.990290070000128,21.352543095000044],[39.990235906999999,21.352466013000083],[39.990111654000145,21.352289181000174],[39.99004352999998,21.35219222700016],[39.990279878000194,21.352043014000174],[39.990721851000103,21.351763984000172],[39.990885389000084,21.35199307400012]]]},"properties":{"OBJECTID":383,"camp_label":"2/427","gate_number":"2","Street":"427","Block":"86","Type":"external","Transport_mode":"النقل الترددي","Capacity":4052,"Gate_Lat":21.352810000000002,"Gate_Lon":39.991174000000001,"Shape_Length":0.0039092782835226164,"Shape_Area":8.2213488272782168e-07}},{"type":"Feature","id":384,"geometry":{"type":"Polygon","coordinates":[[[39.969482089000053,21.347281394000163],[39.969712119000064,21.347144443000104],[39.969733728000165,21.347131209999986],[39.969961442000169,21.346997984000154],[39.969976541000108,21.347021177000045],[39.970067354000037,21.347145382999997],[39.96983697100012,21.347281686000031],[39.969814231000157,21.347294158000182],[39.969583515000068,21.347432453000124],[39.969482089000053,21.347281394000163]]]},"properties":{"OBJECTID":384,"camp_label":"C/62","gate_number":"C","Street":"62","Block":"S1","Type":"internal","Transport_mode":"النقل التقليدي","Capacity":627,"Gate_Lat":21.347217000000001,"Gate_Lon":39.969589999999997,"Shape_Length":0.001482972707344341,"Shape_Area":1.0139064038507379e-07}},{"type":"Feature","id":385,"geometry":{"type":"Polygon","coordinates":[[[39.982883322000134,21.367350885000121],[39.982820470000092,21.367387727000107],[39.982674876000146,21.367473072000166],[39.982610939000097,21.367374867000137],[39.98277492200009,21.367273683999997],[39.982615922000036,21.367041039000071],[39.982449207000002,21.367143855000052],[39.98238359700008,21.367050135000113],[39.982650576000083,21.366890158000103],[39.982759843000167,21.366825827000184],[39.983065675000034,21.366649818000099],[39.983134931000109,21.366622779000068],[39.983206027000108,21.366601033000052],[39.983278558000166,21.366584708000062],[39.983352115000116,21.366573893000123],[39.983426276000159,21.366568651000023],[39.983500622000065,21.366569012000184],[39.983500624000044,21.366569057000049],[39.98354781200004,21.366574843000024],[39.983636940000167,21.366586146000145],[39.98369885000011,21.366595860000075],[39.983778871000084,21.366608626000072],[39.983858890000022,21.366621393000116],[39.98392118300012,21.366632223000124],[39.983983476000049,21.366643052000086],[39.984042067000189,21.36665267800015],[39.984097748000067,21.36664861800017],[39.984128280000107,21.366646391000074],[39.984153427000194,21.366644557000086],[39.984174331000133,21.366639184000121],[39.984195233999969,21.366633812000032],[39.984216125000046,21.366628446000107],[39.984237015000133,21.366623080000181],[39.984265448000087,21.366608089000124],[39.984294548000037,21.366592746000151],[39.984313725000106,21.366582635000157],[39.984325961000081,21.366568719000043],[39.984344244000056,21.3665479390001],[39.984362673000078,21.366527025000153],[39.984372738000104,21.366507052000031],[39.984393038000178,21.366467392999994],[39.984406030000002,21.366436446000023],[39.984417633000191,21.36639295100008],[39.984424781000087,21.366359715000158],[39.98442161100013,21.366339905000132],[39.984417856000107,21.366316248000032],[39.984410930000081,21.366272783000056],[39.984393733000161,21.366225612000164],[39.984381963000089,21.366207686000109],[39.984367025999973,21.366184935000092],[39.984350350000057,21.366159535000122],[39.98431084300006,21.366122632000156],[39.984397920000049,21.366128041000024],[39.984468552000067,21.366132429000174],[39.984513683000159,21.366137465000065],[39.984566187000041,21.366145399000175],[39.984608938999997,21.366152434000128],[39.984641769000064,21.366157835000138],[39.984660900000165,21.366162126000063],[39.984716221000042,21.366175294000072],[39.984756646000051,21.366185067999993],[39.984810600999992,21.366200667000157],[39.984871397000063,21.36621874400015],[39.98490181599999,21.366227789000106],[39.984937489000004,21.366243919000169],[39.984976505000077,21.366276963000075],[39.984997218999979,21.366308590000131],[39.985005607000176,21.366332130000103],[39.985009590000061,21.366356666000172],[39.985006531000067,21.366393659000153],[39.984994612000037,21.366429044000142],[39.984972545000062,21.366459857999985],[39.98494360400008,21.366485191000038],[39.984881972000153,21.366520692000051],[39.984757355000056,21.366595097000072],[39.984667811000122,21.366648560000158],[39.984574388999988,21.36670433900008],[39.984395284000186,21.366811275000032],[39.984216278000133,21.366918153000029],[39.983963149000033,21.367069285000071],[39.983787919000122,21.367173907000051],[39.983718971000087,21.367215073000068],[39.983494226000062,21.366936892000069],[39.983029104000138,21.367252093000104],[39.982883322000134,21.367350885000121]]]},"properties":{"OBJECTID":385,"camp_label":"5/550","gate_number":"5","Street":"550","Block":"8-22","Type":"external","Transport_mode":"النقل الترددي","Capacity":2764,"Gate_Lat":21.366917999999998,"Gate_Lon":39.984216000000004,"Shape_Length":0.0071906283785958588,"Shape_Area":1.1232429104869096e-06}},{"type":"Feature","id":386,"geometry":{"type":"Polygon","coordinates":[[[39.994590209000023,21.337275498000054],[39.994804530000124,21.337458685000058],[39.995158485000161,21.337085843000068],[39.995420609000178,21.337315626000191],[39.995473019000087,21.33728275600015],[39.995900791000111,21.337661259000072],[39.994810525000162,21.338768378000111],[39.993922546000135,21.337991758000157],[39.994590209000023,21.337275498000054]]]},"properties":{"OBJECTID":386,"camp_label":"A/206","gate_number":"A","Street":"206","Block":"38","Type":"external","Transport_mode":"النقل التقليدي","Capacity":2002,"Gate_Lat":21.338436000000002,"Gate_Lon":39.994428999999997,"Shape_Length":0.005490366636182218,"Shape_Area":1.6816425937944938e-06}},{"type":"Feature","id":387,"geometry":{"type":"Polygon","coordinates":[[[39.975915299000121,21.345673250000175],[39.975935709000055,21.345703771000103],[39.975952825000036,21.345693171000107],[39.976148557000045,21.345987764000085],[39.976245179000045,21.346128078000163],[39.975977133000072,21.346289401000092],[39.976167294000106,21.346570692000171],[39.975985835000131,21.346679839000046],[39.97596612500007,21.346652440000184],[39.975907034000045,21.346687585000154],[39.975419736000049,21.345972378000056],[39.975477075000128,21.345937977000119],[39.975498465000101,21.34596732000017],[39.975556858000061,21.345931164000035],[39.975536830000181,21.345901931000185],[39.975915299000121,21.345673250000175]]]},"properties":{"OBJECTID":387,"camp_label":"1/637","gate_number":"1","Street":"637","Block":"118","Type":"external","Transport_mode":"النقل التقليدي","Capacity":2528,"Gate_Lat":21.346619,"Gate_Lon":39.976087999999997,"Shape_Length":0.0030624709456963505,"Shape_Area":4.2356791671323238e-07}},{"type":"Feature","id":388,"geometry":{"type":"Polygon","coordinates":[[[39.984988195000142,21.36363968500018],[39.984889094000039,21.363505104000126],[39.984698583000181,21.363635764000094],[39.984588153000061,21.36350018700017],[39.984385093000128,21.363228192000122],[39.984637707000104,21.363064300000076],[39.984124712000039,21.362349319000145],[39.984507229000144,21.362094825000042],[39.984639448000166,21.362005560000057],[39.984726786000067,21.361946200000091],[39.98526940000005,21.362838237000119],[39.98537519600012,21.36300546199999],[39.985518721000176,21.363232318000144],[39.984988195000142,21.36363968500018]]]},"properties":{"OBJECTID":388,"camp_label":"8/655","gate_number":"8","Street":"655","Block":"92","Type":"external","Transport_mode":"النقل الترددي","Capacity":3236,"Gate_Lat":21.363427999999999,"Gate_Lon":39.985264000000001,"Shape_Length":0.0049974276614434552,"Shape_Area":1.179626706805793e-06}},{"type":"Feature","id":389,"geometry":{"type":"Polygon","coordinates":[[[39.977476215000138,21.362129646000028],[39.977163260999987,21.361660821000044],[39.977279163000162,21.361595170000044],[39.976982058000033,21.361147824000113],[39.977245464000134,21.360994082000047],[39.977861390000101,21.361909956000147],[39.977476215000138,21.362129646000028]]]},"properties":{"OBJECTID":389,"camp_label":"T8/527","gate_number":"T8","Street":"527","Block":"7-5B","Type":"internal","Transport_mode":"النقل الترددي","Capacity":2000,"Gate_Lat":21.361066999999998,"Gate_Lon":39.977120999999997,"Shape_Length":0.0030860348075882399,"Shape_Area":4.134567361912141e-07}},{"type":"Feature","id":390,"geometry":{"type":"Polygon","coordinates":[[[39.969938143000093,21.346832781000103],[39.970302351000043,21.347076374000096],[39.970660064000072,21.347373622000191],[39.970704313999988,21.347431849000088],[39.970418758000164,21.34761387900005],[39.970395337000127,21.347626608000155],[39.970361099000115,21.347646748000045],[39.970346103000111,21.347655296000028],[39.970257110000148,21.347523195000178],[39.970074516000125,21.347631155000045],[39.970065765000186,21.34761882600003],[39.97002244700019,21.347555576000104],[39.970013920999975,21.347542695000016],[39.969929579000109,21.347418870000183],[39.969920607000063,21.347405253000034],[39.96983697100012,21.347281686000031],[39.970067354000037,21.347145382999997],[39.969976541000108,21.347021177000045],[39.969961442000169,21.346997984000154],[39.969743604000087,21.347125332000076],[39.969665481000106,21.347002367000073],[39.969938143000093,21.346832781000103]]]},"properties":{"OBJECTID":390,"camp_label":"3/504","gate_number":"3","Street":"504","Block":"6-7","Type":"external","Transport_mode":"النقل التقليدي","Capacity":1744,"Gate_Lat":21.347104000000002,"Gate_Lon":39.970336000000003,"Shape_Length":0.0033609754686457268,"Shape_Area":3.7942791615716258e-07}},{"type":"Feature","id":391,"geometry":{"type":"Polygon","coordinates":[[[39.975797827000179,21.342191583000101],[39.97564599400016,21.342283301000066],[39.975999027000114,21.342784502000086],[39.975772042000074,21.342921380000007],[39.975586000000135,21.34264865800003],[39.975362021000194,21.342317931000082],[39.97573698500014,21.342099597000129],[39.975797827000179,21.342191583000101]]]},"properties":{"OBJECTID":391,"camp_label":"16/608","gate_number":"16","Street":"608","Block":"101C","Type":"internal","Transport_mode":"النقل التقليدي","Capacity":650,"Gate_Lat":21.342807000000001,"Gate_Lon":39.975693999999997,"Shape_Length":0.0023292535401007379,"Shape_Area":2.0832884811753381e-07}},{"type":"Feature","id":392,"geometry":{"type":"Polygon","coordinates":[[[39.993579721000117,21.337558020000188],[39.993273156000043,21.337288922000084],[39.993949311000108,21.336582358000101],[39.993720236999991,21.336380800000086],[39.993102697000097,21.335837425000022],[39.993319832000168,21.3356432490001],[39.993923712000083,21.33617784900008],[39.994253370000138,21.336469684000178],[39.994564420000131,21.33674505100015],[39.994587943000056,21.336765879999973],[39.994686178000109,21.336666031000163],[39.995158485000161,21.337085843000068],[39.994804530000124,21.337458685000058],[39.994590209000023,21.337275498000054],[39.993990349000171,21.337918456000125],[39.993579721000117,21.337558020000188]]]},"properties":{"OBJECTID":392,"camp_label":"G/206","gate_number":"G","Street":"206","Block":"38","Type":"external","Transport_mode":"النقل التقليدي","Capacity":2860,"Gate_Lat":21.337751000000001,"Gate_Lon":39.9938,"Shape_Length":0.0074922369025152069,"Shape_Area":1.709431559745265e-06}},{"type":"Feature","id":393,"geometry":{"type":"MultiPolygon","coordinates":[[[[39.975479183000118,21.346947464000095],[39.975498095000091,21.34697537500017],[39.975311225000041,21.347094603000073],[39.974782244999972,21.346352572000058],[39.974834657000088,21.346322433000125],[39.974859766999998,21.346354833000134],[39.974918161000062,21.346318676000124],[39.974894317000008,21.34628767300012],[39.975403787000062,21.345981948000144],[39.975419736000049,21.345972378000056],[39.975907034000045,21.346687585000154],[39.975925543000074,21.346715461000144],[39.975903340000116,21.346729064000101],[39.97569353200015,21.346857586000112],[39.975557224000056,21.346941080000079],[39.975538279000034,21.346912320000172],[39.975479183000118,21.346947464000095]]],[[[39.975171923000062,21.347083354000119],[39.975194691000183,21.34711100300018],[39.975207775000058,21.347126390000142],[39.975086819000126,21.347197188000109],[39.974971813000025,21.347264499000119],[39.974669563000077,21.347447127000123],[39.974347926000007,21.34764230799999],[39.97407185600008,21.347227286000134],[39.974309667000171,21.347083747000056],[39.974120388000017,21.346811775000106],[39.974458084000105,21.346604935000073],[39.974646005000068,21.346489542000029],[39.97473291100016,21.346434819000024],[39.974752037000144,21.346464812000136],[39.974838924000153,21.346592608000037],[39.974858748000031,21.346621330000119],[39.974918804000026,21.346708331000116],[39.974968359000115,21.346780014000103],[39.974998369000105,21.346823424000092],[39.975171923000062,21.347083354000119]]]]},"properties":{"OBJECTID":393,"camp_label":"5/631","gate_number":"5","Street":"631","Block":"117E","Type":"external","Transport_mode":"النقل التقليدي","Capacity":4208,"Gate_Lat":21.346779999999999,"Gate_Lon":39.974967999999997,"Shape_Length":0.0070914728112667054,"Shape_Area":1.3895190913220939e-06}},{"type":"Feature","id":394,"geometry":{"type":"Polygon","coordinates":[[[39.982874735000053,21.361596756000154],[39.983329248000075,21.362312049000082],[39.983466698000086,21.362528361000045],[39.983251762000066,21.362664923000182],[39.983106754000175,21.362753772000133],[39.982951540000101,21.362848872000029],[39.982501994000017,21.362193804000185],[39.98189709400009,21.361312338000062],[39.982002274000081,21.361255320000168],[39.98204121800012,21.361232098000187],[39.982212041000139,21.361137224000174],[39.982233042000189,21.36112555700015],[39.982542843000147,21.361592381000037],[39.982622824000089,21.361541363000129],[39.982780061000028,21.361450087000037],[39.982874735000053,21.361596756000154]]]},"properties":{"OBJECTID":394,"camp_label":"6/552","gate_number":"6","Street":"552","Block":"9-5","Type":"external","Transport_mode":"النقل الترددي","Capacity":2956,"Gate_Lat":21.362003000000001,"Gate_Lon":39.982371000000001,"Shape_Length":0.0049699822238273772,"Shape_Area":1.0233873609612588e-06}},{"type":"Feature","id":395,"geometry":{"type":"MultiPolygon","coordinates":[[[[39.993142441000145,21.336052991000088],[39.99332597019378,21.336229866982194],[39.993216927000105,21.336324860000104],[39.993088587000159,21.336436666000111],[39.992629791000184,21.336836331000029],[39.992167503000132,21.33645728800002],[39.99267458900016,21.336021988000084],[39.992905018000158,21.335824182000067],[39.993142441000145,21.336052991000088]]],[[[39.993799158073045,21.336628825029948],[39.993790261209028,21.336654798805455],[39.99321033418812,21.337226483564166],[39.993176780079637,21.337228155357025],[39.992779242524421,21.336875427947405],[39.993429671499086,21.336318373612471],[39.99345530922551,21.336317199382734],[39.993799158073045,21.336628825029948]]]]},"properties":{"OBJECTID":395,"camp_label":"H/204","gate_number":"H","Street":"204","Block":"38","Type":"external","Transport_mode":"النقل التقليدي","Capacity":2860,"Gate_Lat":21.336817,"Gate_Lon":39.992606000000002,"Shape_Length":0.0058306400950121256,"Shape_Area":1.0064660187776658e-06}},{"type":"Feature","id":396,"geometry":{"type":"MultiPolygon","coordinates":[[[[39.990314651000119,21.368027063999989],[39.990272148000088,21.368096666999975],[39.990183559000116,21.368241736000186],[39.990145726000094,21.368321520000052],[39.990114809000147,21.368386724999993],[39.990067459000102,21.368486587999996],[39.990005492000023,21.368617473000086],[39.989945698000099,21.368743768000172],[39.989899081000033,21.368842235000045],[39.989852779000103,21.3688561190001],[39.989830660000166,21.368795044000137],[39.989822806000006,21.368756650000137],[39.98979160500005,21.368681997000124],[39.989774463000003,21.368646764000118],[39.989758663000146,21.368613894000077],[39.98973364800014,21.368563779000112],[39.989713364000011,21.368521201000135],[39.989697487000058,21.368496784000172],[39.989636442000062,21.368386459000192],[39.989556545000141,21.368252919000156],[39.989667711000095,21.368212049000135],[39.990371068999991,21.367934679000086],[39.990314651000119,21.368027063999989]]],[[[39.990152085000034,21.369151687000056],[39.989926450000098,21.369145106000133],[39.989944003000005,21.368986314000153],[39.989968535999992,21.368968276000089],[39.990003468000054,21.368913595000095],[39.99007666600005,21.368799016000082],[39.99010736800011,21.368735365000077],[39.990150867000068,21.368645181999966],[39.990158941000061,21.368628444000024],[39.990212925000094,21.368488174000163],[39.990290716000004,21.368351379000103],[39.990354131000004,21.368481649000046],[39.990554418000158,21.368751568999983],[39.990636330000029,21.368760184000109],[39.990737982000098,21.368699450000065],[39.990771141000096,21.36870774300013],[39.990826673000072,21.36882863500017],[39.990798827000049,21.368864318000192],[39.990660481000134,21.369013531000178],[39.990209668000091,21.368952814000068],[39.990152085000034,21.369151687000056]]]]},"properties":{"OBJECTID":396,"camp_label":"1/15","gate_number":"1","Street":"15","Block":"28D","Type":"external","Transport_mode":"النقل التقليدي","Capacity":622,"Gate_Lat":21.368614000000001,"Gate_Lon":39.989758999999999,"Shape_Length":0.0054953180617385612,"Shape_Area":5.9167830305241498e-07}},{"type":"Feature","id":397,"geometry":{"type":"Polygon","coordinates":[[[39.969482089000053,21.347281394000163],[39.969495912000014,21.347306424000124],[39.969574329000011,21.347419004000187],[39.969583444000193,21.347432351000123],[39.96965005900006,21.347530468000173],[39.969628015000012,21.347543563000102],[39.969425412000078,21.347663929000134],[39.969422464000161,21.347659535000105],[39.969351536000147,21.347551323000062],[39.969268729000134,21.347600767000017],[39.969175985000106,21.347464445000128],[39.969190685000115,21.347455667000133],[39.969458883000073,21.347294357000067],[39.969482089000053,21.347281394000163]]]},"properties":{"OBJECTID":397,"camp_label":"D/62","gate_number":"D","Street":"62","Block":"S1","Type":"internal","Transport_mode":"النقل التقليدي","Capacity":635,"Gate_Lat":21.347553000000001,"Gate_Lon":39.969236000000002,"Shape_Length":0.001314524466452191,"Shape_Area":9.3672421182686053e-08}},{"type":"Feature","id":398,"geometry":{"type":"Polygon","coordinates":[[[39.975950818000115,21.361689360000184],[39.97660425100014,21.362656565000179],[39.976308222000057,21.362831256000163],[39.97614386500004,21.362586697000097],[39.976289566000105,21.362500234000152],[39.975761646000137,21.361712306000129],[39.975950818000115,21.361689360000184]]]},"properties":{"OBJECTID":398,"camp_label":"T4/527","gate_number":"T4","Street":"527","Block":"7-5B","Type":"internal","Transport_mode":"النقل الترددي","Capacity":2000,"Gate_Lat":21.361696999999999,"Gate_Lon":39.975884000000001,"Shape_Length":0.0031140492601698681,"Shape_Area":2.5723753806439781e-07}},{"type":"Feature","id":399,"geometry":{"type":"MultiPolygon","coordinates":[[[[39.980804178000085,21.358184301000165],[39.98100759600004,21.358473392000178],[39.980824250000126,21.358586798000147],[39.980644107000046,21.358704621000072],[39.98046728900016,21.35882678500019],[39.980293914000129,21.358953205000034],[39.980081196000128,21.358643056000176],[39.979961785000114,21.358468949000098],[39.980202239999983,21.358316571999978],[39.98052425700007,21.35811250900008],[39.980391083000086,21.357906359000083],[39.980304203000173,21.357962675000124],[39.980258743000149,21.357904164000161],[39.980509072000189,21.357753507000041],[39.980804178000085,21.358184301000165]]],[[[39.979646512000045,21.358310717000165],[39.97969169300012,21.358318853000128],[39.979773050000006,21.35843390600013],[39.980185397000128,21.359017025000128],[39.97998009700018,21.359162231000084],[39.979568611000047,21.359442215000172],[39.979313886000057,21.359604957000101],[39.978964523000172,21.35982815300008],[39.978472916000101,21.359039855000049],[39.978450770000052,21.359004342000048],[39.97849466800011,21.358977172000152],[39.978750938000189,21.358818546000123],[39.978786735000028,21.358796390000066],[39.979104676000134,21.358608806000007],[39.979593828000134,21.358307141000182],[39.979646512000045,21.358310717000165]]],[[[39.978911686000174,21.359860892000086],[39.978475410000101,21.360133804999975],[39.978274469000098,21.360256905000028],[39.978070995000166,21.360376301000144],[39.977516070000149,21.359568117000094],[39.978379571999994,21.35904657399999],[39.978911686000174,21.359860892000086]]],[[[39.977947404000133,21.360445757000036],[39.97774583100005,21.360567582000101],[39.977485392999995,21.360724976000142],[39.977100719000134,21.360144515000172],[39.977252646000011,21.360055479999971],[39.97755702600017,21.359879022000143],[39.977947404000133,21.360445757000036]]]]},"properties":{"OBJECTID":399,"camp_label":"1/415","gate_number":"1","Street":"415","Block":"76","Type":"external","Transport_mode":"النقل الترددي","Capacity":4096,"Gate_Lat":21.358741999999999,"Gate_Lon":39.978878999999999,"Shape_Length":0.014834342850841948,"Shape_Area":3.2632512113628396e-06}},{"type":"Feature","id":400,"geometry":{"type":"Polygon","coordinates":[[[39.969740049000052,21.348102272000062],[39.96992509200004,21.347985949000133],[39.96993777199998,21.348004706000154],[39.969817578000175,21.348080303000131],[39.970102860000168,21.348497630000111],[39.970173458000147,21.348609797000051],[39.97003912200006,21.348690099000123],[39.969961555999987,21.348583322000081],[39.97002431500016,21.348540554000067],[39.969958471000041,21.348442359000046],[39.969880449000129,21.348487278000107],[39.969623052000088,21.348121810000066],[39.969699807000097,21.348075647000087],[39.969702808000079,21.348080254000024],[39.969725783000115,21.348110522000013],[39.969740049000052,21.348102272000062]]]},"properties":{"OBJECTID":400,"camp_label":"B/62","gate_number":"B","Street":"62","Block":"S1","Type":"internal","Transport_mode":"النقل التقليدي","Capacity":460,"Gate_Lat":21.34835,"Gate_Lon":39.969783999999997,"Shape_Length":0.0021904959679790162,"Shape_Area":1.1240252985756525e-07}},{"type":"Feature","id":401,"geometry":{"type":"MultiPolygon","coordinates":[[[[39.978254151000044,21.358273969000095],[39.978531714000155,21.358648893000066],[39.978079088000186,21.358920596000075],[39.977983080000058,21.358977705000086],[39.977596068000025,21.359214970000096],[39.977401321000173,21.35933435700008],[39.977340276000177,21.359372890000031],[39.976905041000123,21.358725089000131],[39.977272621000168,21.358502904000147],[39.977471804000061,21.358382510000126],[39.977943151000034,21.358097600000178],[39.978073262000066,21.358018950000087],[39.978254151000044,21.358273969000095]]],[[[39.977236871000059,21.359429836000118],[39.976663212000119,21.359777712000096],[39.976435231000153,21.359915966000187],[39.97452755900008,21.361072777000061],[39.974384595000117,21.361168128000031],[39.974383144000114,21.361168852000105],[39.974381582000149,21.36116933600016],[39.974379955000131,21.36116956300009],[39.974378310000077,21.361169527000072],[39.974376697000025,21.361169231000019],[39.974375160000136,21.361168680999981],[39.974373746000026,21.361167894000005],[39.974372495000182,21.361166894000121],[39.974371444000042,21.361165710000023],[39.974370623000027,21.361164375000158],[39.974370056000112,21.361162928000169],[39.974369760000059,21.361161412000001],[39.974369744000057,21.361159872000087],[39.974370008000108,21.361158350000096],[39.974390872000015,21.361071805000165],[39.974406768000108,21.360984338000094],[39.97441765100001,21.360896201000173],[39.974423490000049,21.360807645000136],[39.974438830999986,21.360711182000045],[39.974461495000128,21.360615995000103],[39.974491365000063,21.360522569000182],[39.974528290000194,21.360431382000172],[39.974572078000108,21.360342900000148],[39.974622508000039,21.36025757900012],[39.974679320000121,21.360175852000168],[39.974742224000124,21.360098139000058],[39.974810898000158,21.360024838000129],[39.974884990000078,21.359956324000166],[39.974960721000002,21.359900164000123],[39.975095011000121,21.359819376000189],[39.975415046000023,21.359626849000165],[39.975747490000174,21.359426852000013],[39.975771850000058,21.359412199000133],[39.976207993000173,21.359147686000028],[39.976797046000172,21.358790506000162],[39.977236871000059,21.359429836000118]]]]},"properties":{"OBJECTID":401,"camp_label":"1/406","gate_number":"1","Street":"406","Block":"83","Type":"external","Transport_mode":"النقل الترددي","Capacity":5191,"Gate_Lat":21.359106000000001,"Gate_Lon":39.977013999999997,"Shape_Length":0.012043607282784079,"Shape_Area":3.3512999747262246e-06}},{"type":"Feature","id":402,"geometry":{"type":"Polygon","coordinates":[[[39.978402987000095,21.342331072000036],[39.978485762999981,21.342281303000107],[39.97845971900017,21.342243286000041],[39.978516525000089,21.34220912700016],[39.978548927000077,21.342222969000034],[39.978683502000138,21.342258069000138],[39.978675226000121,21.342285920000052],[39.978721674000099,21.342298035000056],[39.978729950000059,21.342270187000054],[39.978939556000171,21.342324855000129],[39.978981040000065,21.342335233000085],[39.979220898000165,21.342402832999994],[39.979431934000047,21.3424691620001],[39.979449441000156,21.34247473500011],[39.980036085000052,21.342685556000049],[39.980049947000111,21.342694976000132],[39.980062018000126,21.34270659900011],[39.980071956000074,21.342720093000139],[39.980079473000046,21.342735069000128],[39.980084353000109,21.342751102000136],[39.98008645900012,21.342767727000023],[39.980085730000155,21.342784470000083],[39.980082184000025,21.342800848000024],[39.980075924000062,21.342816393000135],[39.980067132000045,21.342830659000072],[39.98005605700007,21.342843238000114],[39.980043018000174,21.342853765000029],[39.98002839000003,21.342861940999967],[39.980016922000118,21.342868836000093],[39.979990879000184,21.342830826000181],[39.979889438000043,21.342891821000137],[39.979907669000056,21.342918432000147],[39.979635810000048,21.343081905000076],[39.979622789000132,21.343062900000177],[39.979533522000111,21.343116577000103],[39.979546543000026,21.343135583000048],[39.97947350600009,21.343179502000055],[39.979455276000181,21.343152891999978],[39.979394414000126,21.343189493000068],[39.979415246000087,21.343219902000044],[39.979301635000184,21.343288218000168],[39.979288612000062,21.343269212000052],[39.979264268000009,21.343283852000184],[39.97927764800005,21.343302643000015],[39.979192079000029,21.343354097000031],[39.979166035000162,21.343316082000172],[39.979137635000143,21.343333162000192],[39.979084884000088,21.343364880000138],[39.978782782000167,21.342923916000075],[39.978042743000117,21.343368913000177],[39.977954504000024,21.343242870000154],[39.977732210000113,21.342925333999972],[39.977620963000049,21.342991860000154],[39.977488035000079,21.342795360000082],[39.978361318999987,21.342270252000162],[39.978402987000095,21.342331072000036]]]},"properties":{"OBJECTID":402,"camp_label":"I/206","gate_number":"I","Street":"206","Block":"38","Type":"external","Transport_mode":"النقل التقليدي","Capacity":2860,"Gate_Lat":21.343150000000001,"Gate_Lon":39.978937999999999,"Shape_Length":0.0068284924546713928,"Shape_Area":1.6746372656211113e-06}},{"type":"Feature","id":403,"geometry":{"type":"Polygon","coordinates":[[[39.984472782000012,21.346797806000154],[39.984647099000142,21.346692653000048],[39.98464187999997,21.346685059000151],[39.984778457000175,21.346602673000064],[39.984872953000036,21.346545670000069],[39.984878171999981,21.346553266000171],[39.984897425000099,21.346541651000166],[39.984918412000127,21.346528991000184],[39.984961980000037,21.346502710000038],[39.985506102000102,21.34723553800012],[39.985516615000165,21.347249696000063],[39.985441113000149,21.347296919000144],[39.985268957000073,21.347404593000135],[39.985396402000049,21.347581459000025],[39.985523847000024,21.34775832400004],[39.985247516000186,21.347925011000029],[39.984472782000012,21.346797806000154]]]},"properties":{"OBJECTID":403,"camp_label":"9/50","gate_number":"9","Street":"50","Block":"50","Type":"external","Transport_mode":"النقل التقليدي","Capacity":1616,"Gate_Lat":21.347459000000001,"Gate_Lon":39.984926999999999,"Shape_Length":0.0039387163296222862,"Shape_Area":6.8762366868363932e-07}},{"type":"Feature","id":404,"geometry":{"type":"MultiPolygon","coordinates":[[[[39.978327891999982,21.350725269999998],[39.978450554000005,21.350749995000001],[39.978307171000154,21.350836752000191],[39.978172708000102,21.350641716000041],[39.978165215000104,21.350627969000072],[39.978160199000058,21.350613267000085],[39.978157793000037,21.350597997000079],[39.978158059000066,21.350582564000092],[39.978160991000152,21.350567375000026],[39.97816651100004,21.350552832000119],[39.978174473000024,21.350539319000177],[39.97818466800004,21.350527193000062],[39.978196824000179,21.350516775000074],[39.978210622000063,21.3505083390001],[39.978225697000141,21.350502109000104],[39.978241394000122,21.350524875000019],[39.978289997000161,21.350495467000087],[39.978297845999975,21.350506850000045],[39.978395055000135,21.350448034000181],[39.978371510000045,21.350413882000169],[39.978703638000184,21.350212924000061],[39.978737647000059,21.35026225200005],[39.978802454000174,21.350223039000127],[39.978807685000163,21.350230628000133],[39.978872490000128,21.35019141700019],[39.978833250000093,21.35013450100007],[39.979051970000057,21.350002160000031],[39.979075513000112,21.35003631100011],[39.979140320000056,21.349997099000063],[39.979116775000193,21.349962949000087],[39.979384097000093,21.349801200000115],[39.97955421000006,21.349698269000044],[39.979602815000078,21.349668859000076],[39.979611623999972,21.349664125000061],[39.979616131000114,21.349662124000133],[39.979630408000105,21.349657425000032],[39.979645293000033,21.349654874000066],[39.979651610000076,21.349654734000069],[39.979660422000109,21.349654538000038],[39.979675420000092,21.349656423000113],[39.979689776000043,21.349660437000125],[39.979703561000065,21.349666620000164],[39.979716010000118,21.349674678000156],[39.979722902000162,21.349680475000184],[39.979745391000108,21.34970915100007],[39.979757192000136,21.349726266000118],[39.979773826000098,21.349750394000182],[39.979791633000048,21.349776222000173],[39.9798176810001,21.349814001000027],[39.979830895000077,21.349835785000039],[39.979836538000143,21.349851737000108],[39.979839234000167,21.349868351000055],[39.97983890900008,21.349885153000059],[39.979835571000137,21.349901665000175],[39.979829315000131,21.349917414000117],[39.979820321000091,21.349931954000112],[39.979707957000073,21.349896165000075],[39.979679748000137,21.349913112000138],[39.978327891999982,21.350725269999998]]],[[[39.978729732000033,21.351508268000146],[39.977736459000027,21.352117112000087],[39.977557092000154,21.351855364000073],[39.977810438000176,21.351704203000111],[39.97736004900014,21.351069021000114],[39.977789890000054,21.35081212900019],[39.978040803000113,21.350662174000149],[39.978154226000186,21.350684289000071],[39.978185360000111,21.350728863000029],[39.978108700000178,21.350775854000119],[39.97816149900018,21.35085145100004],[39.978238159000114,21.350804460000177],[39.978512688000194,21.351197515000081],[39.978456200000153,21.351232140000036],[39.978490524000108,21.351281275000076],[39.978547008000191,21.351246653999965],[39.978557634000026,21.351261869000098],[39.978803108000079,21.351349009000046],[39.979011790000072,21.35122273800016],[39.980079674000194,21.350576599000078],[39.980113570000128,21.350450408000029],[39.980189494000001,21.350369795000177],[39.980220503000169,21.3503569720001],[39.980244039000183,21.350391108000053],[39.980332664000116,21.3503374820001],[39.980472991000113,21.350252572000159],[39.98048991100012,21.35024557700001],[39.980587744000104,21.350387476000151],[39.979067857000189,21.351304311000035],[39.979066375000059,21.351305203000152],[39.978729732000033,21.351508268000146]]],[[[39.972051068000042,21.355362022000122],[39.971673565000174,21.355587274000129],[39.971613534000085,21.355576866000149],[39.971228815000131,21.355046377000065],[39.971131970000044,21.354912837000029],[39.971071488000177,21.354829437000035],[39.971290116000148,21.354701238000189],[39.971508743000015,21.354573037000137],[39.971622126000113,21.354737989000114],[39.972051068000042,21.355362022000122]]],[[[39.972516497000129,21.356207363000181],[39.972427261000178,21.356261098999994],[39.972736343000179,21.357183840000062],[39.972721345000025,21.357183927000165],[39.971675527000173,21.355691243000138],[39.972090285000036,21.355469182000149],[39.972316670000168,21.355817142000149],[39.972388476000106,21.356053551000059],[39.972404380000171,21.356043977000184],[39.972516497000129,21.356207363000181]]]]},"properties":{"OBJECTID":404,"camp_label":"10/56","gate_number":"10","Street":"56","Block":"50B","Type":"external","Transport_mode":"النقل التقليدي","Capacity":4713,"Gate_Lat":21.351025,"Gate_Lon":39.978391999999999,"Shape_Length":0.021095237470182264,"Shape_Area":2.7295003266891727e-06}},{"type":"Feature","id":405,"geometry":{"type":"Polygon","coordinates":[[[39.990531572000066,21.344138891000114],[39.989963673000034,21.344504984000139],[39.989487168000153,21.343809847999978],[39.989735180000082,21.343665346000137],[39.989906311000084,21.343561173000126],[39.989943029000131,21.343537746000038],[39.989974767999968,21.343524832000014],[39.990001914999993,21.343520073000093],[39.990028008000138,21.343519376000131],[39.990057795000041,21.343521553000016],[39.990112004000139,21.343540081000128],[39.990147472000046,21.343572870000116],[39.990184661000058,21.343628235000153],[39.990269996000109,21.343755300999987],[39.990531572000066,21.344138891000114]]]},"properties":{"OBJECTID":405,"camp_label":"8/114","gate_number":"8","Street":"114","Block":"14","Type":"external","Transport_mode":"النقل التقليدي","Capacity":2492,"Gate_Lat":21.343681,"Gate_Lon":39.989708,"Shape_Length":0.002956816058643068,"Shape_Area":5.5646029149541236e-07}},{"type":"Feature","id":406,"geometry":{"type":"MultiPolygon","coordinates":[[[[39.9858131740001,21.347968682000044],[39.985668404000194,21.348056098000143],[39.985823752000101,21.348287281000182],[39.985598334000088,21.348422568999979],[39.98531976400011,21.348017354000149],[39.985657028000162,21.347813859999974],[39.985709242000041,21.347889812000062],[39.985741671000142,21.347870247000117],[39.985689457000092,21.347794295000085],[39.985895497000058,21.347669977000066],[39.98594995600007,21.347681023999996],[39.986048443000129,21.347824276000154],[39.9858131740001,21.347968682000044]]],[[[39.985976042000061,21.349161446000096],[39.986006679000013,21.349207508000006],[39.985483422000186,21.349521654000057],[39.985363765000102,21.349351678000062],[39.984721078000177,21.349036466000086],[39.98486361300013,21.3487058340001],[39.984746980000182,21.348634710000056],[39.984658444000104,21.34859696500007],[39.984503396999969,21.348526382000159],[39.985233496000092,21.348065804000043],[39.985976042000061,21.349161446000096]]]]},"properties":{"OBJECTID":406,"camp_label":"3/210","gate_number":"3","Street":"210","Block":"28E","Type":"external","Transport_mode":"النقل التقليدي","Capacity":3920,"Gate_Lat":21.348572000000001,"Gate_Lon":39.985576999999999,"Shape_Length":0.007103870098427654,"Shape_Area":1.2614564998368457e-06}},{"type":"Feature","id":407,"geometry":{"type":"MultiPolygon","coordinates":[[[[39.984022368000069,21.351934736999965],[39.984055164000097,21.351985800000023],[39.984023692000164,21.351996700000029],[39.983932094000068,21.351859359000173],[39.984108603000038,21.351826835000111],[39.984194603000049,21.351575391000097],[39.984341199000085,21.351090295999995],[39.984037170000079,21.350647074000108],[39.984239116000083,21.350522712000156],[39.984250668000129,21.350539347000165],[39.984455702000048,21.350414367000155],[39.984696489000157,21.350264484000093],[39.984864198000082,21.350535436000143],[39.98462702900008,21.350681945000076],[39.985156676000145,21.351481877000026],[39.984360535000064,21.351841627999988],[39.984340946000145,21.351852121000093],[39.984314385000175,21.351807583000152],[39.984269408999978,21.351834862000146],[39.98429416800019,21.351874900000098],[39.984161952000079,21.351940647000106],[39.984122263000074,21.351886515000103],[39.984022368000069,21.351934736999965]]],[[[39.98372026100003,21.350858651000124],[39.983665786000074,21.351917610999976],[39.983665851000126,21.351936104000174],[39.983774809000124,21.352095226000017],[39.983471112000132,21.352239127000132],[39.983180974000106,21.351776542000152],[39.983420282000168,21.351623591000191],[39.983335405000162,21.351479120000022],[39.983285375000094,21.351437769000086],[39.983133434000081,21.351183700000092],[39.983554513000172,21.350931147000097],[39.983567526999991,21.350921325000172],[39.983706099000131,21.350837984000123],[39.98372026100003,21.350858651000124]]]]},"properties":{"OBJECTID":407,"camp_label":"11/210","gate_number":"11","Street":"210","Block":"101A","Type":"external","Transport_mode":"النقل التقليدي","Capacity":5120,"Gate_Lat":21.350912000000001,"Gate_Lon":39.984219000000003,"Shape_Length":0.0091200297242374183,"Shape_Area":1.4377050022313469e-06}},{"type":"Feature","id":408,"geometry":{"type":"Polygon","coordinates":[[[39.984696489000157,21.350264484000093],[39.985219498000163,21.349938936000171],[39.985262516000034,21.350005587000055],[39.985370578000072,21.350171487000125],[39.985357384000054,21.350179108000134],[39.985382959000106,21.350216425000099],[39.985129497999992,21.350380242000085],[39.985702507000099,21.351234810000051],[39.985229305000189,21.351449054000057],[39.985156676000145,21.351481877000026],[39.98462702900008,21.350681945000076],[39.984864198000082,21.350535436000143],[39.984696489000157,21.350264484000093]]]},"properties":{"OBJECTID":408,"camp_label":"37/68","gate_number":"37","Street":"68","Block":"101","Type":"external","Transport_mode":"النقل التقليدي","Capacity":3079,"Gate_Lat":21.350152000000001,"Gate_Lon":39.984876999999997,"Shape_Length":0.0044404898902661296,"Shape_Area":7.8576725238619193e-07}},{"type":"Feature","id":409,"geometry":{"type":"MultiPolygon","coordinates":[[[[39.986512964000099,21.350846082000089],[39.986114151000038,21.351033403000031],[39.986081855000009,21.351052173000141],[39.986046568000063,21.351051829000141],[39.985965255000167,21.350914643000124],[39.985522665000133,21.350262741000051],[39.985281349000047,21.349928729999988],[39.985332574000097,21.349897906000137],[39.985853895000162,21.349585703000116],[39.985977196000192,21.349511860000177],[39.986161754000136,21.349402368000142],[39.986309623000068,21.349617537000086],[39.986112271000081,21.349741490000156],[39.986083822000126,21.34993169500018],[39.986049004000051,21.350161710999998],[39.986088792000146,21.35028225700006],[39.986205038000037,21.350321273000077],[39.986266742000169,21.350316154000097],[39.986512964000099,21.350846082000089]]],[[[39.985840085999996,21.350858018000167],[39.985827520000043,21.350865156000054],[39.985914660000162,21.350992314000109],[39.985898312000018,21.351001906000192],[39.985655333000068,21.351115569000058],[39.985725562000141,21.351224366999986],[39.985702507000099,21.351234810000051],[39.985129497999992,21.350380242000085],[39.985382959000106,21.350216425000099],[39.985589466000079,21.350517775000185],[39.985714682000093,21.350700498000094],[39.985733839000034,21.350689611000178],[39.985840085999996,21.350858018000167]]]]},"properties":{"OBJECTID":409,"camp_label":"39/68","gate_number":"39","Street":"68","Block":"101","Type":"external","Transport_mode":"النقل التقليدي","Capacity":3606,"Gate_Lat":21.350366000000001,"Gate_Lon":39.985593000000001,"Shape_Length":0.0074626825883894942,"Shape_Area":1.1927076254516063e-06}},{"type":"Feature","id":410,"geometry":{"type":"Polygon","coordinates":[[[39.986095091000038,21.349101757000085],[39.986110748000044,21.349124538000069],[39.98607644700013,21.349118026999975],[39.985598334000088,21.348422568999979],[39.985823750000066,21.348287277000168],[39.985668404000194,21.348056098000143],[39.986048443000129,21.347824276000154],[39.986372638000034,21.348295852000092],[39.986149835000163,21.348433987000078],[39.986301448000177,21.348663415000033],[39.986176635000049,21.348743685000102],[39.986158777000185,21.348755682000103],[39.98613181800016,21.348773783000127],[39.986288542000182,21.349023725000166],[39.986162367000134,21.349099850000187],[39.986159235000059,21.349095293000062],[39.986159396000119,21.349095195000075],[39.986143731000027,21.349072410000019],[39.986095091000038,21.349101757000085]]]},"properties":{"OBJECTID":410,"camp_label":"9/210","gate_number":"9","Street":"210","Block":"28E","Type":"external","Transport_mode":"النقل التقليدي","Capacity":1744,"Gate_Lat":21.348721999999999,"Gate_Lon":39.985804000000002,"Shape_Length":0.0037374409623769748,"Shape_Area":5.2540741124398982e-07}},{"type":"Feature","id":411,"geometry":{"type":"Polygon","coordinates":[[[39.987750549000054,21.348491766000109],[39.987802534000025,21.348567628000183],[39.987840729000084,21.348648293000053],[39.987863038000057,21.348793404000048],[39.987994698000136,21.349102951000191],[39.988342407000005,21.349993184000027],[39.987854676999973,21.350220252000156],[39.987686399000097,21.349832745000128],[39.98753269000008,21.349854670000127],[39.987193054000045,21.349405073000128],[39.986398733000158,21.349502073000167],[39.986329137000041,21.349541738000141],[39.98621234899997,21.349372767000091],[39.986251635000031,21.349349785000186],[39.986425510000117,21.349239724000029],[39.987181516000135,21.348780916000067],[39.987528276000091,21.348575169000185],[39.987669065000091,21.348491342000102],[39.987750549000054,21.348491766000109]]]},"properties":{"OBJECTID":411,"camp_label":"2/212","gate_number":"2","Street":"212","Block":"101B","Type":"external","Transport_mode":"النقل التقليدي","Capacity":3700,"Gate_Lat":21.349029000000002,"Gate_Lon":39.986772000000002,"Shape_Length":0.0061692424906275578,"Shape_Area":1.5135802241476013e-06}},{"type":"Feature","id":412,"geometry":{"type":"Polygon","coordinates":[[[39.973542383000108,21.350308997000127],[39.973092542000074,21.350579663000133],[39.972938581000051,21.350672293000173],[39.972792706000121,21.350760064000042],[39.972642622000137,21.350850365000156],[39.972515476000126,21.350926860000186],[39.972328872000105,21.350654673000122],[39.972172209000064,21.350426158000118],[39.972445037000057,21.350262037000164],[39.972916756000075,21.349981225000022],[39.973542383000108,21.350308997000127]]]},"properties":{"OBJECTID":412,"camp_label":"59/68","gate_number":"59","Street":"68","Block":"91B","Type":"external","Transport_mode":"النقل التقليدي","Capacity":2627,"Gate_Lat":21.35014,"Gate_Lon":39.973219,"Shape_Length":0.0033791769565679995,"Shape_Area":6.2474278650853933e-07}},{"type":"Feature","id":413,"geometry":{"type":"Polygon","coordinates":[[[39.983539419000181,21.342854197000065],[39.983068939000134,21.342695958000036],[39.983156562000033,21.342545353999981],[39.983064077999984,21.342480271000056],[39.983252492000133,21.342272090000108],[39.98328739100009,21.342295712000123],[39.983469470000159,21.342086863000191],[39.983291406000149,21.341938603000131],[39.983401770000057,21.341828766000049],[39.983854740000083,21.342154301000051],[39.984229272000164,21.34172803000007],[39.985098905000086,21.342376912000077],[39.985034378000137,21.342443634000119],[39.984908740000037,21.342563509000172],[39.984889076000002,21.34258227100014],[39.984833405000131,21.342635477000101],[39.984548960000097,21.342254284999967],[39.984450428000116,21.342208853000159],[39.984171292000156,21.342406592000088],[39.983539419000181,21.342854197000065]]]},"properties":{"OBJECTID":413,"camp_label":"4/634","gate_number":"4","Street":"634","Block":"117D","Type":"external","Transport_mode":"النقل التقليدي","Capacity":3120,"Gate_Lat":21.342756999999999,"Gate_Lon":39.983251000000003,"Shape_Length":0.0060526113404262179,"Shape_Area":1.0059211552459243e-06}},{"type":"Feature","id":414,"geometry":{"type":"MultiPolygon","coordinates":[[[[39.979353015000186,21.33929397899999],[39.979193360000181,21.33934086000005],[39.979106093000155,21.339345624000089],[39.979034165000087,21.339303372000188],[39.978992884000149,21.339272196000081],[39.979460275000179,21.338937222000084],[39.979646452000054,21.339161013000023],[39.979985958000043,21.338909421000153],[39.979803000000175,21.338691595000057],[39.979982659000029,21.338562839000076],[39.980372214000056,21.338940761000117],[39.980384899000114,21.338952537000182],[39.980284174000019,21.339155219000077],[39.980159682000021,21.339255275000028],[39.980006989000117,21.339285614000119],[39.979442140000174,21.339272994000112],[39.979353015000186,21.33929397899999]]],[[[39.979322272000047,21.339384279000001],[39.97944281000008,21.339357428000028],[39.979623995000054,21.339371876000143],[39.979922889000079,21.33939571000019],[39.980024642000046,21.339403824000101],[39.980052178000051,21.339403993000076],[39.980079404000151,21.339400136000165],[39.98010565400017,21.339392345000135],[39.98013028500003,21.339380812000172],[39.980232855000168,21.339346823000142],[39.980396148000068,21.339192982999975],[39.980403816000148,21.339133754000159],[39.980430711000167,21.339067647000093],[39.980461657000092,21.33896823300006],[39.980494763000138,21.338973895000152],[39.980352575000097,21.339711210000132],[39.979893593000156,21.339672691000089],[39.979596506000178,21.33964511500011],[39.97932642100011,21.339622239000164],[39.979300042000148,21.339617379000117],[39.978744524000035,21.339526183000032],[39.97861898299999,21.339488383000116],[39.978936480000073,21.339254867000136],[39.978950870000006,21.339299864000054],[39.978955023000083,21.339312057000086],[39.97896129500009,21.339323427000124],[39.978969510000127,21.339333654000029],[39.978979435000156,21.339342448000025],[39.979041575000167,21.33938890200011],[39.979146533000119,21.339423425000064],[39.979322272000047,21.339384279000001]]]]},"properties":{"OBJECTID":414,"camp_label":"6/631","gate_number":"6","Street":"631","Block":"117E","Type":"external","Transport_mode":"النقل التقليدي","Capacity":2784,"Gate_Lat":21.339279999999999,"Gate_Lon":39.979742999999999,"Shape_Length":0.0087229996331271292,"Shape_Area":8.990944774999383e-07}},{"type":"Feature","id":415,"geometry":{"type":"Polygon","coordinates":[[[39.983996277000131,21.340960808000148],[39.984134862000133,21.341236912999989],[39.983588119000103,21.341612536000071],[39.983422782000048,21.341723329000104],[39.983277956000109,21.341820377000147],[39.983039027000132,21.34129621400001],[39.982826292000027,21.341507537000041],[39.982648166000047,21.341381521000073],[39.982985438000071,21.341158780000001],[39.983077490000028,21.341124994000097],[39.983178192000025,21.341075040000192],[39.983311899000171,21.340996560000121],[39.98383443400013,21.340689866000105],[39.983996277000131,21.340960808000148]]]},"properties":{"OBJECTID":415,"camp_label":"3/633","gate_number":"3","Street":"633","Block":"117E","Type":"external","Transport_mode":"النقل التقليدي","Capacity":3400,"Gate_Lat":21.340913,"Gate_Lon":39.983454999999999,"Shape_Length":0.004130917316170755,"Shape_Area":7.2996192072040431e-07}},{"type":"Feature","id":416,"geometry":{"type":"Polygon","coordinates":[[[39.984464714000069,21.342988382000044],[39.984276760000171,21.343154058000096],[39.984269485000027,21.343160751000028],[39.984162092000076,21.343259549000038],[39.984133145000101,21.343286749000129],[39.984120949000157,21.343297398000061],[39.984045653000123,21.343363167000064],[39.984027832000152,21.343378735000101],[39.983617034000133,21.342924712000126],[39.984548960000097,21.342254284999967],[39.984833405000131,21.342635477000101],[39.984674283000118,21.342792823000138],[39.984464714000069,21.342988382000044]]]},"properties":{"OBJECTID":416,"camp_label":"2/634","gate_number":"2","Street":"634","Block":"117D","Type":"external","Transport_mode":"النقل التقليدي","Capacity":2368,"Gate_Lat":21.342528999999999,"Gate_Lon":39.984166999999999,"Shape_Length":0.0033322615564274909,"Shape_Area":6.1442268882567377e-07}},{"type":"Feature","id":417,"geometry":{"type":"Polygon","coordinates":[[[39.983854740000083,21.342154301000051],[39.983401770000057,21.341828766000049],[39.983345559000099,21.341775071000143],[39.984134862000133,21.341236912999989],[39.983996273000116,21.340960808000148],[39.98383443400013,21.340689866000105],[39.983660170000121,21.340392077000104],[39.983420433000106,21.339982391000149],[39.983815769000103,21.339744349000171],[39.984059234000085,21.340200114000083],[39.984346709000192,21.340738273000113],[39.984399928000073,21.340764945000046],[39.98461714300015,21.340873817000158],[39.984727034000116,21.340959881000174],[39.984828585000059,21.341039414000079],[39.984229272000164,21.34172803000007],[39.984081892000006,21.341895770000065],[39.983854740000083,21.342154301000051]]]},"properties":{"OBJECTID":417,"camp_label":"8/631","gate_number":"8","Street":"631","Block":"117E","Type":"external","Transport_mode":"النقل التقليدي","Capacity":4352,"Gate_Lat":21.340606000000001,"Gate_Lon":39.983784999999997,"Shape_Length":0.0066748051848651794,"Shape_Area":1.3016839371487898e-06}},{"type":"Feature","id":418,"geometry":{"type":"Polygon","coordinates":[[[39.984968624000032,21.341149095000048],[39.98505237400019,21.341214692000051],[39.985298819000093,21.341407715000116],[39.985296891000075,21.341408719000185],[39.985296144000131,21.341409118000115],[39.985294009000029,21.341410379000138],[39.985293641000169,21.341410616000076],[39.985263497000176,21.341430224000078],[39.98526182300003,21.341431376000003],[39.985260596000046,21.341432308000094],[39.985236794000173,21.341451157000165],[39.985236080000107,21.341451736000124],[39.985234249000086,21.341453363000142],[39.98523253500008,21.341455099000143],[39.985232323000105,21.341455331000134],[39.985212121000188,21.341477563000183],[39.985210743999971,21.341479169000138],[39.985209287000146,21.341481100000067],[39.985208436000164,21.34148236600015],[39.985192375000167,21.341507386000103],[39.985191907000114,21.341508137000062],[39.985190731000046,21.341510230000154],[39.985189704000049,21.341512389000059],[39.985189576000039,21.341512686000158],[39.985178088000112,21.341539828000123],[39.985177340000064,21.34154175000009],[39.985176624000189,21.341544016000114],[39.985176562000163,21.341544236000118],[39.985164206000036,21.341589714000179],[39.985163708000186,21.341591800000174],[39.985163312000168,21.341594137000072],[39.985163277000083,21.341594401000123],[39.985157417000096,21.341641007000021],[39.98515722000019,21.341643098000134],[39.985157153000102,21.341645462000145],[39.98515715700006,21.34164576600017],[39.985157893000121,21.34169268900007],[39.985157988000083,21.341694747000076],[39.985158250999973,21.341697100000147],[39.985158263000187,21.341697186000147],[39.985163793000083,21.34173407000003],[39.985164207000139,21.341736315000105],[39.985164795000173,21.341738615000111],[39.985164993000183,21.34173926200009],[39.985176234000164,21.341774988000054],[39.985176786000181,21.34177659900007],[39.985177690000114,21.341778807000082],[39.985178233000056,21.341779959000178],[39.985194944999989,21.341813756000022],[39.985195457000032,21.341814751000015],[39.985196660000042,21.341816829000038],[39.985197701000061,21.341818400000079],[39.98521952100009,21.341849534000175],[39.985219828000027,21.341849965000108],[39.985221310000156,21.341851879000103],[39.985222924000084,21.341853696000157],[39.985222972000088,21.341853748000176],[39.985448011000187,21.342018152000094],[39.985445792000064,21.342020477000176],[39.985405740000147,21.342062471000077],[39.985291684000117,21.342180499000108],[39.985225582000169,21.342248897000047],[39.985113384000101,21.342361936000088],[39.985098905000086,21.342376912000077],[39.984229272000164,21.34172803000007],[39.984828585000059,21.341039414000079],[39.984968624000032,21.341149095000048]]]},"properties":{"OBJECTID":418,"camp_label":"4/631","gate_number":"4","Street":"631","Block":"117E","Type":"external","Transport_mode":"النقل التقليدي","Capacity":3232,"Gate_Lat":21.342248999999999,"Gate_Lon":39.985225999999997,"Shape_Length":0.0038895615006767632,"Shape_Area":8.0301956716439291e-07}},{"type":"Feature","id":419,"geometry":{"type":"Polygon","coordinates":[[[39.988184922000073,21.337438025000097],[39.988407271000085,21.337009685000169],[39.988732299000105,21.336346433000188],[39.988823586000137,21.336333160000095],[39.988993422000135,21.336400538000134],[39.989104933000078,21.33655922500003],[39.989268626000182,21.336961127000052],[39.98927550600007,21.337255937000123],[39.989787828000146,21.337838506000082],[39.989482168000109,21.338058406000187],[39.98939564900013,21.338126668000143],[39.98918258599997,21.337920116000134],[39.988951812999971,21.337900954000133],[39.988838443000191,21.337789230000112],[39.988714580000192,21.337908666000033],[39.988561560000107,21.337990990000094],[39.988562665000131,21.337464715000181],[39.98840923400013,21.337433514000168],[39.988369462000037,21.337511033000112],[39.988184922000073,21.337438025000097]]]},"properties":{"OBJECTID":419,"camp_label":"21/56","gate_number":"21","Street":"56","Block":"47","Type":"external","Transport_mode":"النقل التقليدي","Capacity":3920,"Gate_Lat":21.337219000000001,"Gate_Lon":39.988298,"Shape_Length":0.0056832683948310897,"Shape_Area":1.3721866575519628e-06}},{"type":"Feature","id":420,"geometry":{"type":"Polygon","coordinates":[[[39.990937298000063,21.338777222000147],[39.990256315000124,21.33779518900019],[39.990690623000148,21.337464849000185],[39.990743762000193,21.337521793000121],[39.991425923000065,21.338324431000103],[39.991145862000053,21.338509170000179],[39.991208686000107,21.338602007000134],[39.990937298000063,21.338777222000147]]]},"properties":{"OBJECTID":420,"camp_label":"24/62","gate_number":"24","Street":"62","Block":"47","Type":"external","Transport_mode":"النقل التقليدي","Capacity":2731,"Gate_Lat":21.337928000000002,"Gate_Lon":39.991089000000002,"Shape_Length":0.0036425892816396473,"Shape_Area":7.0393957136204414e-07}},{"type":"Feature","id":421,"geometry":{"type":"Polygon","coordinates":[[[39.986754206000171,21.337620098000173],[39.986713467000072,21.337393300000031],[39.986710421000168,21.337116606000052],[39.986716838000063,21.336974964000092],[39.986669465000148,21.336818230000063],[39.986864620000063,21.336829008000052],[39.986924158000193,21.336879747000069],[39.986973062000118,21.336837287000151],[39.987610603000064,21.336901025000088],[39.987671328000033,21.336898535000046],[39.988134816000183,21.337358707000135],[39.98788321800015,21.337749203999977],[39.987811230000034,21.33772813600001],[39.987815165000086,21.337661771000114],[39.986951092000083,21.337583572000142],[39.98688446400007,21.33750269900014],[39.986754206000171,21.337620098000173]]]},"properties":{"OBJECTID":421,"camp_label":"7/56","gate_number":"7","Street":"56","Block":"48","Type":"external","Transport_mode":"النقل التقليدي","Capacity":3000,"Gate_Lat":21.337558999999999,"Gate_Lon":39.988005999999999,"Shape_Length":0.0042594957486959684,"Shape_Area":9.3329059867791764e-07}},{"type":"Feature","id":422,"geometry":{"type":"Polygon","coordinates":[[[39.987708070000053,21.338331017000087],[39.987801819000083,21.338160724000147],[39.988175530000149,21.337456122000106],[39.988184922000073,21.337438025000097],[39.988369462000037,21.337511033000112],[39.98840923400013,21.337433514000168],[39.988562665000131,21.337464715000181],[39.988561560000107,21.337990990000094],[39.988714580000192,21.337908666000033],[39.988838443000191,21.337789230000112],[39.988951812999971,21.337900954000133],[39.98918258599997,21.337920116000134],[39.98939564900013,21.338126668000143],[39.988629944000081,21.338730764000047],[39.988396142000113,21.338937283000178],[39.988182140000163,21.338827469000137],[39.988281314000005,21.338655446000189],[39.987931273000129,21.338443288000065],[39.987708070000053,21.338331017000087]]]},"properties":{"OBJECTID":422,"camp_label":"12/62","gate_number":"12","Street":"62","Block":"48","Type":"external","Transport_mode":"النقل التقليدي","Capacity":4144,"Gate_Lat":21.337900999999999,"Gate_Lon":39.987940000000002,"Shape_Length":0.0053996233076452002,"Shape_Area":1.2328077245519994e-06}},{"type":"Feature","id":423,"geometry":{"type":"Polygon","coordinates":[[[39.990937298000063,21.338777222000147],[39.991208686000107,21.338602007000134],[39.991145862000053,21.338509170000179],[39.991425923000065,21.338324431000103],[39.991655394000134,21.338592308000102],[39.991776608000066,21.338694187000101],[39.991813842000113,21.338680081000177],[39.991852810000125,21.338670974000081],[39.991892754000048,21.33866704400009],[39.991932892000193,21.338668367000139],[39.992174591000037,21.338691963000088],[39.992194704000156,21.338695125000186],[39.992214048000164,21.338701181000147],[39.992232150000063,21.338709983000172],[39.992248569000083,21.338721317000079],[39.992246912000041,21.338832243000184],[39.992243673000075,21.339048937000143],[39.992068899000174,21.339123345000075],[39.991298552000103,21.339453503000072],[39.991295660000048,21.339455149000003],[39.991292521000048,21.339456332000054],[39.99128921800002,21.339457023000023],[39.991285840000103,21.339457201000187],[39.991282475000105,21.339456862000077],[39.991279215000191,21.33945601500011],[39.991276144000039,21.339454684000088],[39.991273345000081,21.339452901000186],[39.991270893000035,21.339450716000101],[39.991106011000056,21.339278481000122],[39.9910408880001,21.339210340000079],[39.991020212000137,21.339192005000086],[39.99099659500007,21.339177111000083],[39.990970682000125,21.339166062000174],[39.990943182000194,21.339159162000158],[39.990914844000145,21.339156599000034],[39.990651710000066,21.339197933000037],[39.990569329000095,21.339205435000167],[39.99048667500017,21.339209509000113],[39.990403909000065,21.339210148000063],[39.990433821000067,21.339185302000146],[39.990395439000054,21.33914474200003],[39.990365528000154,21.339169588000118],[39.990359485000113,21.339163202000123],[39.990333681000095,21.339178732000164],[39.990322511000102,21.33916670800005],[39.990311478000137,21.339154214000075],[39.990937298000063,21.338777222000147]]]},"properties":{"OBJECTID":423,"camp_label":"13/56","gate_number":"13","Street":"56","Block":"48","Type":"external","Transport_mode":"النقل التقليدي","Capacity":3740,"Gate_Lat":21.339165999999999,"Gate_Lon":39.990971000000002,"Shape_Length":0.0050752829454972547,"Shape_Area":1.0180232284279935e-06}},{"type":"Feature","id":424,"geometry":{"type":"MultiPolygon","coordinates":[[[[39.992257184000039,21.338595618000056],[39.991909087000067,21.338594590000127],[39.991788788000179,21.338584638000043],[39.991766251000172,21.338571487000081],[39.991794154000047,21.338529096000059],[39.99174654900014,21.33850159300016],[39.991718780000042,21.338543784000024],[39.991674389000025,21.338517885000101],[39.991599817000065,21.338430208000034],[39.991692187000069,21.338367166000126],[39.991586239000185,21.338210318000165],[39.991751474000068,21.338096650000125],[39.992026128000077,21.337929977000101],[39.99222859300005,21.337914545999979],[39.992137041000092,21.337785151000048],[39.992357263000031,21.337595048000026],[39.992506805000176,21.33745130900013],[39.992629745000045,21.337529011000186],[39.992854348000037,21.337676466000005],[39.993073762000051,21.337827448000098],[39.992910350000045,21.33795391600006],[39.992890085000056,21.337930931000187],[39.992851426000129,21.337960849000183],[39.992871692000051,21.337983835000159],[39.992636942000161,21.338165511000057],[39.99234400600011,21.338361096000028],[39.992257974000097,21.338360843000089],[39.992257184000039,21.338595618000056]]],[[[39.993165652000016,21.337909480000121],[39.993181571000036,21.337913607000189],[39.993196506000118,21.337920220000115],[39.993210016000148,21.337929123000038],[39.993621068000039,21.338252668999985],[39.99359836900004,21.338276466000082],[39.993468599000153,21.338392268000121],[39.993390888000192,21.338450658000113],[39.992334888000073,21.338996363000092],[39.992334117000098,21.338491029000181],[39.992537957000081,21.33833866000009],[39.993008220000149,21.338001395000163],[39.993087858000195,21.337927671000102],[39.993101606000096,21.337919091000117],[39.993116714000053,21.337912836000044],[39.993132740000135,21.337909089000163],[39.993149214000084,21.337907960000166],[39.993165652000016,21.337909480000121]]]]},"properties":{"OBJECTID":424,"camp_label":"20/62","gate_number":"20","Street":"62","Block":"48","Type":"external","Transport_mode":"النقل التقليدي","Capacity":3845,"Gate_Lat":21.338265,"Gate_Lon":39.992488000000002,"Shape_Length":0.0080614632490185779,"Shape_Area":1.4499873961867777e-06}},{"type":"Feature","id":425,"geometry":{"type":"Polygon","coordinates":[[[39.992506805000176,21.33745130900013],[39.992338432000167,21.337611303000074],[39.992137041000092,21.337785151000048],[39.99222859300005,21.337914545999979],[39.992026128000077,21.337929977000101],[39.991751474000068,21.338096650000125],[39.991586239000185,21.338210318000165],[39.991692187000069,21.338367166000126],[39.991599817000065,21.338430208000034],[39.991388725000036,21.338190076000046],[39.991128024000034,21.33787549300007],[39.990759201000174,21.337441834000174],[39.991344768000033,21.33702394200003],[39.991382987000065,21.337065160000066],[39.991405207000128,21.3370470750001],[39.991542363999997,21.337192960000152],[39.99171539300005,21.337005618000092],[39.991795215000081,21.337050848000104],[39.992334305000099,21.33732349200011],[39.992506805000176,21.33745130900013]]]},"properties":{"OBJECTID":425,"camp_label":"17/56","gate_number":"17","Street":"56","Block":"48","Type":"external","Transport_mode":"النقل التقليدي","Capacity":3272,"Gate_Lat":21.337634000000001,"Gate_Lon":39.990923000000002,"Shape_Length":0.0051504540401539111,"Shape_Area":1.2463529285168603e-06}},{"type":"Feature","id":426,"geometry":{"type":"Polygon","coordinates":[[[39.987363057000152,21.336876276000055],[39.987397067000131,21.336360580000019],[39.987414841000032,21.336189774000104],[39.987068166000029,21.336122860999978],[39.987103729000012,21.335943131000022],[39.987278587000105,21.335975319000056],[39.987308157000086,21.335790806000148],[39.98841759600009,21.33594216500012],[39.988383425000052,21.336307520000105],[39.988344915000027,21.336554645000035],[39.988304189000075,21.336667886000043],[39.988466879000043,21.336743771000044],[39.988134816000183,21.337358707000135],[39.987671328000033,21.336898535000046],[39.987610603000064,21.336901025000088],[39.987363057000152,21.336876276000055]]]},"properties":{"OBJECTID":426,"camp_label":"7/643","gate_number":"7","Street":"643","Block":"123","Type":"external","Transport_mode":"النقل التقليدي","Capacity":3191,"Gate_Lat":21.337064000000002,"Gate_Lon":39.988294000000003,"Shape_Length":0.0052876800867380069,"Shape_Area":1.2635390939020779e-06}},{"type":"Feature","id":427,"geometry":{"type":"Polygon","coordinates":[[[39.987308157000086,21.335790806000148],[39.987278587000105,21.335975319000056],[39.987103729000012,21.335943131000022],[39.987068166000029,21.336122860999978],[39.987414841000032,21.336189774000104],[39.987363057000152,21.336876276000055],[39.986973062000118,21.336837287000151],[39.986924158000193,21.336879747000069],[39.986864620000063,21.336829008000052],[39.986669465000148,21.336818230000063],[39.986602045999973,21.336527179000029],[39.986503202000165,21.336286907000044],[39.986430591000101,21.336065291000011],[39.986363654000172,21.335991820000061],[39.986246043000108,21.335836896000046],[39.98621565000019,21.33575318000004],[39.986170191000042,21.335648020000065],[39.987308157000086,21.335790806000148]]]},"properties":{"OBJECTID":427,"camp_label":"8/641","gate_number":"8","Street":"641","Block":"123","Type":"external","Transport_mode":"النقل التقليدي","Capacity":2542,"Gate_Lat":21.335837000000001,"Gate_Lon":39.986246000000001,"Shape_Length":0.0047559763371122976,"Shape_Area":9.4139442422262958e-07}},{"type":"Feature","id":428,"geometry":{"type":"MultiPolygon","coordinates":[[[[39.986951092000083,21.337583572000142],[39.987815165000086,21.337661771000114],[39.987811230000034,21.33772813600001],[39.98788321800015,21.337749203999977],[39.987540280000189,21.338401499000042],[39.987532345000147,21.338415670000074],[39.986816052000108,21.337697127000069],[39.986754206000171,21.337620098000173],[39.98688446400007,21.33750269900014],[39.986951092000083,21.337583572000142]]],[[[39.987708070000053,21.338331017000087],[39.98804974900014,21.338515096000151],[39.988281314000005,21.338655446000189],[39.988182140000163,21.338827469000137],[39.988396142000113,21.338937283000178],[39.988004444000012,21.339283263000027],[39.987459548000061,21.339797177999969],[39.987374504000115,21.339881062000188],[39.987365214000079,21.339882211000031],[39.987355851000132,21.33988185000004],[39.987346693000063,21.339879990000099],[39.987338011000077,21.339876685999968],[39.987330063000115,21.339872035000042],[39.987323084000138,21.339866175999987],[39.987317282000049,21.339859283000067],[39.987312828000029,21.339851558000021],[39.987309853000056,21.339843233000181],[39.987298882999994,21.339802495000185],[39.987306727000146,21.33971617800006],[39.987326987000188,21.339605267000024],[39.987437809000141,21.33902476500009],[39.987503541000081,21.338780672000098],[39.987610567000047,21.338508139000169],[39.987708070000053,21.338331017000087]]],[[[39.987412694000113,21.338750371000174],[39.987361541000041,21.339017271000046],[39.987161588000106,21.340060498000128],[39.987027694000062,21.340299994000191],[39.986880488000111,21.340453509000042],[39.986814316000164,21.340526189000173],[39.98669070700015,21.340454079000096],[39.987046621000104,21.339602766000041],[39.987083286000029,21.339317969000035],[39.987053759000162,21.339055592000079],[39.987043136000068,21.338961218000122],[39.987026898000181,21.338816897000129],[39.986929800000098,21.338578862000077],[39.986909254000182,21.338528490000158],[39.98681279900012,21.33852454100014],[39.986728086000142,21.338597910000033],[39.986647941000172,21.337721482000177],[39.986575449000043,21.337606717000028],[39.986577853000028,21.33753954000008],[39.986634881000157,21.337598096000136],[39.986739358000193,21.337726075000148],[39.986904622000168,21.33789186000007],[39.986925675000066,21.337912978000077],[39.98750472800009,21.338493849000088],[39.987412694000113,21.338750371000174]]]]},"properties":{"OBJECTID":428,"camp_label":"10/62","gate_number":"10","Street":"62","Block":"49","Type":"external","Transport_mode":"النقل التقليدي","Capacity":5056,"Gate_Lat":21.337814000000002,"Gate_Lon":39.986932000000003,"Shape_Length":0.014290925476994372,"Shape_Area":2.2454209125479538e-06}},{"type":"Feature","id":429,"geometry":{"type":"Polygon","coordinates":[[[39.989362496000126,21.339608773000123],[39.98911750100001,21.339778448000061],[39.988854113000059,21.339459543000032],[39.988989543000116,21.339374327000087],[39.988833665000186,21.339142651000088],[39.988966052000194,21.339034595000044],[39.988849438000159,21.338884959000097],[39.989095111000154,21.338674803000117],[39.989271974000133,21.338531068000009],[39.989450599000065,21.338389258000007],[39.989960404000044,21.338893143000064],[39.98992690700004,21.338917882000089],[39.990054471000121,21.33901423500015],[39.990272822000122,21.339244347000147],[39.989932248000002,21.339242700000113],[39.989362496000126,21.339608773000123]]]},"properties":{"OBJECTID":429,"camp_label":"16/62","gate_number":"16","Street":"62","Block":"48","Type":"external","Transport_mode":"النقل التقليدي","Capacity":3749,"Gate_Lat":21.338774999999998,"Gate_Lon":39.989840999999998,"Shape_Length":0.0045440612594810741,"Shape_Area":1.0024565528390726e-06}},{"type":"Feature","id":430,"geometry":{"type":"Polygon","coordinates":[[[39.98170067500007,21.373010113000078],[39.981207990000087,21.373300353000161],[39.98114324800008,21.373206985000024],[39.980756414000041,21.372651218000158],[39.98098596900013,21.372506108000039],[39.980604286000073,21.371952481000164],[39.980870194000033,21.371790790000034],[39.980967114000066,21.37192884600006],[39.981117928000117,21.371837457000083],[39.981218143000149,21.371982397000181],[39.981306477000146,21.371929622000152],[39.981306884000105,21.371929410000121],[39.981488261000095,21.372200973000133],[39.981487681000033,21.372201375000145],[39.98125112800011,21.372346066000148],[39.98170067500007,21.373010113000078]],[[39.98153034500001,21.372778113000095],[39.981436006000138,21.372641488000056],[39.981434812000032,21.372642209000048],[39.98153034500001,21.372778113000095]]]},"properties":{"OBJECTID":430,"camp_label":"2/616","gate_number":"2","Street":"616","Block":"103","Type":"external","Transport_mode":"النقل الترددي","Capacity":3162,"Gate_Lat":21.373163000000002,"Gate_Lon":39.981440999999997,"Shape_Length":0.0049824164482692801,"Shape_Area":7.9079824530952924e-07}},{"type":"Feature","id":431,"geometry":{"type":"Polygon","coordinates":[[[39.980957454000134,21.373452348000171],[39.980948048000073,21.373458358000164],[39.98060510900001,21.372967102000189],[39.98051383100011,21.373023536000062],[39.980445602000088,21.37292648600004],[39.980550340000036,21.372862033000104],[39.98050157900019,21.372791230000189],[39.980249391000086,21.372944732000121],[39.979902957000036,21.3724629190001],[39.979945618999977,21.372435036000013],[39.97990740900002,21.372377487000165],[39.979964713000186,21.372336627000152],[39.980118498000024,21.37224392100012],[39.980271600000037,21.372152296000081],[39.980403002000116,21.372073269000055],[39.980604286000073,21.371952481000164],[39.980987047000042,21.372505425999975],[39.980756414000041,21.372651218000158],[39.98114324800008,21.373206986000127],[39.981207902000108,21.373300227000129],[39.980957454000134,21.373452348000171]]]},"properties":{"OBJECTID":431,"camp_label":"7/620","gate_number":"7","Street":"620","Block":"103","Type":"external","Transport_mode":"النقل الترددي","Capacity":3263,"Gate_Lat":21.373367999999999,"Gate_Lon":39.981096000000001,"Shape_Length":0.0048993131001131363,"Shape_Area":8.2982552835759237e-07}},{"type":"Feature","id":432,"geometry":{"type":"MultiPolygon","coordinates":[[[[39.988637030000177,21.369282098000099],[39.988721474000045,21.369582638000111],[39.98876926700018,21.369805497000186],[39.98878325700008,21.369891802000097],[39.988784355000178,21.369943370000101],[39.988739078000094,21.370072291000042],[39.988670084000034,21.370161665000126],[39.9886031690001,21.370212304000177],[39.988568144000112,21.370233841000072],[39.988510842000039,21.370272539999974],[39.988494942000102,21.370251561000146],[39.988460715000031,21.370202444000029],[39.988444554000012,21.370179222000104],[39.988357755000038,21.370058632000053],[39.988347023000074,21.370043726000063],[39.988260832000094,21.369923727000184],[39.987969817000078,21.369522062000044],[39.988212041000054,21.369379413000104],[39.98812408100008,21.369247455000163],[39.988046380000128,21.369285129000104],[39.987985973000036,21.369188003000033],[39.988283076000187,21.369024847000048],[39.988314163000155,21.369007843000077],[39.988454471000068,21.368929025000114],[39.988499319000027,21.368929870000102],[39.988512497000045,21.368936474999998],[39.988637030000177,21.369282098000099]]],[[[39.980948048000073,21.373458358000164],[39.980683150000175,21.373627472000123],[39.980568851000044,21.373695354000063],[39.980508898000153,21.373741153000026],[39.980410883000104,21.373916468000061],[39.980300930000169,21.373751594000055],[39.979622628000186,21.372801107000043],[39.97962552000007,21.37274636900014],[39.979635746000042,21.372692409000081],[39.979653144000054,21.372640084000125],[39.979677438000124,21.372590228000092],[39.979708239000104,21.372543633000078],[39.979745059000095,21.372501042000181],[39.97978731000012,21.372463132000064],[39.97990740900002,21.372377487000165],[39.979945618999977,21.372435036000013],[39.979902957000036,21.3724629190001],[39.980249391000086,21.372944732000121],[39.980501581000169,21.372791229000086],[39.980550340000036,21.372862033000104],[39.980445602000088,21.37292648600004],[39.98051383100011,21.373023536000062],[39.980605108000134,21.372967099999983],[39.980948048000073,21.373458358000164]]]]},"properties":{"OBJECTID":432,"camp_label":"6/622","gate_number":"6","Street":"622","Block":"103","Type":"external","Transport_mode":"النقل الترددي","Capacity":3587,"Gate_Lat":21.373626999999999,"Gate_Lon":39.980682999999999,"Shape_Length":0.0083196157517190922,"Shape_Area":1.460801148987702e-06}},{"type":"Feature","id":433,"geometry":{"type":"Polygon","coordinates":[[[39.987733872000035,21.369326450000074],[39.987985973000036,21.369188003000033],[39.988046380000128,21.369285129000104],[39.98812408100008,21.369247455000163],[39.988212041000054,21.369379413000104],[39.987969817000078,21.369522062000044],[39.988260831000048,21.369923726000081],[39.988510842000039,21.370272539999974],[39.988347798000007,21.370378782000103],[39.988004507000142,21.370589670000129],[39.987956479000047,21.370521647000089],[39.987847407999993,21.370366396000122],[39.987290639000037,21.369569253000179],[39.987733872000035,21.369326450000074]]]},"properties":{"OBJECTID":433,"camp_label":"4/622","gate_number":"4","Street":"622","Block":"103","Type":"external","Transport_mode":"النقل الترددي","Capacity":3411,"Gate_Lat":21.370379,"Gate_Lon":39.988348000000002,"Shape_Length":0.0042014184556319429,"Shape_Area":7.9509437719516693e-07}},{"type":"Feature","id":434,"geometry":{"type":"Polygon","coordinates":[[[39.987956479000047,21.370521647000089],[39.988004507000142,21.370589670000129],[39.987978722000037,21.370605449000095],[39.987871825000184,21.370672261000095],[39.987621451000052,21.370828682000024],[39.987284063000004,21.371041942000033],[39.987233655000125,21.370970395000086],[39.987145664000025,21.370850301000075],[39.987034503000189,21.370693446000189],[39.986965729000133,21.370596131000013],[39.986833236000109,21.370427309000092],[39.987076263000063,21.370279288000177],[39.986832815000184,21.369939977000115],[39.986746039000082,21.369989328000031],[39.986684753000191,21.369900330000121],[39.98708530600004,21.369681798000158],[39.987085276000187,21.369681755000045],[39.987290639000037,21.369569253000179],[39.987847407000118,21.370366396000122],[39.987956479000047,21.370521647000089]]]},"properties":{"OBJECTID":434,"camp_label":"1/620","gate_number":"1","Street":"620","Block":"103","Type":"external","Transport_mode":"النقل الترددي","Capacity":3914,"Gate_Lat":21.370716000000002,"Gate_Lon":39.987802000000002,"Shape_Length":0.0044589548763710263,"Shape_Area":9.5369399589172918e-07}},{"type":"Feature","id":435,"geometry":{"type":"Polygon","coordinates":[[[39.985800611000059,21.376705038000182],[39.985558501000071,21.376855368000008],[39.985078457000157,21.377157286000113],[39.984940206000147,21.377242283000157],[39.984903310000107,21.377258237000035],[39.984832186999995,21.377269443000102],[39.984760216000041,21.377273813000102],[39.984688144000074,21.377271300000132],[39.984616718000041,21.37726193300017],[39.98454668100004,21.377245807000065],[39.983905715000105,21.376667880000127],[39.984002600000053,21.37666321800009],[39.984129400000029,21.376636685000165],[39.984236695000106,21.37659043400015],[39.984359003000122,21.376519056000063],[39.98446771000016,21.376450110000064],[39.984592739000107,21.376371461000019],[39.985004044000107,21.37611600300005],[39.985251194000114,21.376498547999972],[39.985534846000178,21.376322554000183],[39.985800611000059,21.376705038000182]]]},"properties":{"OBJECTID":435,"camp_label":"12/614","gate_number":"12","Street":"614","Block":"107","Type":"external","Transport_mode":"النقل الترددي","Capacity":3289,"Gate_Lat":21.376273000000001,"Gate_Lon":39.984751000000003,"Shape_Length":0.0047783495443034993,"Shape_Area":1.13488332012589e-06}},{"type":"Feature","id":436,"geometry":{"type":"Polygon","coordinates":[[[39.988323806000153,21.373957498000038],[39.988094124000156,21.374098255999968],[39.987601143000177,21.374404859000038],[39.98753147400015,21.37430544900019],[39.98735289900003,21.374051943000154],[39.987246699000139,21.373903154000175],[39.987149949000127,21.373766993000004],[39.987077684000099,21.373661969000011],[39.98682044100002,21.373820995000074],[39.986591417000113,21.37348795000014],[39.98661398500019,21.373473338000167],[39.986614358000111,21.373473829000091],[39.987098159000084,21.373149322000188],[39.987315980000119,21.373001853000119],[39.987385706000168,21.373097749000067],[39.987497055000063,21.373245882000163],[39.987647326000172,21.373457560000077],[39.987753223000141,21.37360755800006],[39.98775404700018,21.373608733000083],[39.987847668000029,21.37374345500001],[39.988081419000082,21.3735960570001],[39.988323806000153,21.373957498000038]]]},"properties":{"OBJECTID":436,"camp_label":"11/612","gate_number":"11","Street":"612","Block":"107","Type":"external","Transport_mode":"النقل الترددي","Capacity":3962,"Gate_Lat":21.374275000000001,"Gate_Lon":39.987810000000003,"Shape_Length":0.0049625666269986074,"Shape_Area":1.0161314303664804e-06}},{"type":"Feature","id":437,"geometry":{"type":"MultiPolygon","coordinates":[[[[39.987000734000105,21.374772317000065],[39.986380434000125,21.373624321000136],[39.98640722600004,21.373607252000056],[39.986591417000113,21.37348795000014],[39.98682044100002,21.373820995000074],[39.987077685000031,21.373661967000032],[39.987149949000127,21.373766993000004],[39.987246699000139,21.373903154000175],[39.987351125000089,21.37405129199999],[39.987530700000093,21.374304304000134],[39.987601143000177,21.374404859000038],[39.987049903000184,21.374741908000146],[39.987049849000186,21.374741822000146],[39.987000734000105,21.374772317000065]]],[[[39.986957051000161,21.374799439000185],[39.986702608000144,21.374957395000081],[39.986454069000104,21.374580233000188],[39.986216816000081,21.374727155000073],[39.986129235000021,21.374593582000102],[39.986128798000095,21.374592943000152],[39.985842490000039,21.374190875000124],[39.985616515000061,21.374328278000178],[39.985510298000065,21.374178776000065],[39.986327840000058,21.373657833000038],[39.986957051000161,21.374799439000185]]]]},"properties":{"OBJECTID":437,"camp_label":"8/614","gate_number":"8","Street":"614","Block":"107","Type":"external","Transport_mode":"النقل الترددي","Capacity":3953,"Gate_Lat":21.374884999999999,"Gate_Lon":39.986818999999997,"Shape_Length":0.0082806556131261259,"Shape_Area":1.4461288029674449e-06}},{"type":"Feature","id":438,"geometry":{"type":"Polygon","coordinates":[[[39.98550947199999,21.374177602000145],[39.985616073000017,21.374330113000099],[39.985843587000033,21.374190199000054],[39.98612880200011,21.374592946000064],[39.986216816000081,21.374727155000073],[39.986454069000104,21.374580233000188],[39.986702608000144,21.374957395000081],[39.986256391000097,21.375232720000042],[39.986050167000087,21.375360374000138],[39.985813393000001,21.374979099000143],[39.985703309000144,21.375043002000155],[39.985611670000139,21.374910048000174],[39.98536864099998,21.375052335000134],[39.985272174000102,21.37491796300003],[39.985522939000134,21.374763326000107],[39.98545880000006,21.374662270000101],[39.985197011000025,21.374820090000185],[39.984986398000103,21.374497483000084],[39.98550947199999,21.374177602000145]]]},"properties":{"OBJECTID":438,"camp_label":"7/612","gate_number":"7","Street":"612","Block":"107","Type":"external","Transport_mode":"النقل الترددي","Capacity":3893,"Gate_Lat":21.375292000000002,"Gate_Lon":39.986161000000003,"Shape_Length":0.0055077723578014154,"Shape_Area":9.5619442969066607e-07}},{"type":"Feature","id":439,"geometry":{"type":"Polygon","coordinates":[[[39.984479571000179,21.374806363000062],[39.984916740000187,21.374539865000031],[39.984986398000103,21.374497483000084],[39.985197011000025,21.374820090000185],[39.985459191000189,21.374660406000146],[39.985522939000134,21.374763326000107],[39.985272174000102,21.37491796300003],[39.98536864099998,21.375052335000134],[39.985611670000139,21.374910048000174],[39.985703309000144,21.375043002000155],[39.985813393000001,21.374979099000143],[39.986050167000087,21.375360374000138],[39.98573143200008,21.375557675000039],[39.985484958000143,21.375709969000184],[39.985259922000125,21.375851721000004],[39.985191549000092,21.375761371000181],[39.985102570000095,21.375640739000175],[39.985028887000112,21.375542420000102],[39.984802426000158,21.375241544000062],[39.98461259000004,21.374988310999981],[39.984479571000179,21.374806363000062]]]},"properties":{"OBJECTID":439,"camp_label":"5/612","gate_number":"5","Street":"612","Block":"107","Type":"external","Transport_mode":"النقل الترددي","Capacity":3899,"Gate_Lat":21.375672999999999,"Gate_Lon":39.985543999999997,"Shape_Length":0.0051211342345098901,"Shape_Area":9.9784522008383374e-07}},{"type":"Feature","id":440,"geometry":{"type":"Polygon","coordinates":[[[39.984113114000138,21.375823638000099],[39.983726015000173,21.37526157700006],[39.984257674000162,21.374941637000063],[39.984479571000179,21.374806363000062],[39.984613849000084,21.374987591000092],[39.984993524000117,21.375492740000084],[39.985029079000128,21.375543926000034],[39.985259922000125,21.375851721000004],[39.984756589000142,21.37616282700003],[39.98469318400015,21.376069956000038],[39.984655712000063,21.376025905000063],[39.984585424000102,21.375919872000054],[39.984388719000094,21.376043062000122],[39.984304537000071,21.375918910000166],[39.984460597000179,21.375813779000111],[39.984365153999988,21.375675706000095],[39.984113114000138,21.375823638000099]]]},"properties":{"OBJECTID":440,"camp_label":"2/614","gate_number":"2","Street":"614","Block":"107","Type":"external","Transport_mode":"النقل الترددي","Capacity":4288,"Gate_Lat":21.375972000000001,"Gate_Lon":39.985064999999999,"Shape_Length":0.0047869670119683747,"Shape_Area":1.0130098349433706e-06}},{"type":"Feature","id":441,"geometry":{"type":"Polygon","coordinates":[[[39.984756589000142,21.37616282700003],[39.984251854000036,21.376473913000154],[39.98418548900014,21.376516794000054],[39.984152696000194,21.376535570000044],[39.984097820000102,21.376560144000109],[39.984042934000172,21.376573241000017],[39.983986440000137,21.376583002000075],[39.983937560000186,21.376583499000162],[39.983873433000099,21.376572715000179],[39.983845117000044,21.376567267000098],[39.983774950000054,21.376548663000165],[39.983639653000125,21.37643007600019],[39.983545434000064,21.376341533000073],[39.983513795000192,21.37631450400005],[39.983388302000037,21.376203520000104],[39.98327015000018,21.376095944000099],[39.983189660999983,21.376027853000039],[39.9830652280001,21.375942488000192],[39.982997066000166,21.375895774000014],[39.982967421000069,21.375878685000146],[39.98293523500007,21.375866267000163],[39.982901341000115,21.375858839000102],[39.982811916999992,21.375848862000055],[39.982790398000077,21.375846739000167],[39.982788886000151,21.375846470000056],[39.982787445000099,21.375845966000156],[39.982786115000181,21.375845241000036],[39.982784934000165,21.375844316000041],[39.982783938000125,21.375843219000046],[39.982783153000128,21.375841978000039],[39.982782603000089,21.375840632000063],[39.982782304000125,21.375839219000056],[39.982782263000047,21.375837778000005],[39.982782483000051,21.375836350999975],[39.982782955999994,21.375834981000082],[39.98278367000006,21.375833704000058],[39.98278460400013,21.375832558000127],[39.982785730000046,21.375831577000156],[39.982787018000181,21.375830787000098],[39.982964208999988,21.375725211000031],[39.983197879000159,21.375582591000125],[39.983726015000173,21.37526157700006],[39.984113114000138,21.375823638000099],[39.984365153999988,21.375675706000095],[39.984460597000179,21.375813779000111],[39.984304537000071,21.375918910000166],[39.984388719000094,21.376043062000122],[39.984585424000102,21.375919872000054],[39.984756589000142,21.37616282700003]]]},"properties":{"OBJECTID":441,"camp_label":"1/612","gate_number":"1","Street":"612","Block":"107","Type":"external","Transport_mode":"النقل الترددي","Capacity":4038,"Gate_Lat":21.376373000000001,"Gate_Lon":39.984416000000003,"Shape_Length":0.0054613232583900408,"Shape_Area":1.2246103836909821e-06}},{"type":"Feature","id":442,"geometry":{"type":"Polygon","coordinates":[[[39.982281722000096,21.372751084000072],[39.982816434000142,21.372411807000162],[39.982816345000003,21.372411683000166],[39.983131722999985,21.37220406900019],[39.983806272000152,21.373195613000178],[39.983643691000111,21.373295646000031],[39.983499066000093,21.373100201999989],[39.983288551000044,21.37323840900018],[39.98342448600016,21.373429534000081],[39.983183222000093,21.373580126000093],[39.982922743000131,21.373208609000187],[39.982698530000164,21.373343816999977],[39.982698232000132,21.373344003],[39.982515006000028,21.373083838000071],[39.982281722000096,21.372751084000072]]]},"properties":{"OBJECTID":442,"camp_label":"15/613","gate_number":"15","Street":"613","Block":"105","Type":"external","Transport_mode":"النقل الترددي","Capacity":3600,"Gate_Lat":21.373469,"Gate_Lon":39.983361000000002,"Shape_Length":0.0048555370587951468,"Shape_Area":1.0098043320312101e-06}},{"type":"Feature","id":443,"geometry":{"type":"Polygon","coordinates":[[[39.982717541,21.373870979000117],[39.982440111000187,21.374041061000128],[39.982374644000174,21.373949041000174],[39.982184951000193,21.373678095000116],[39.982092067000167,21.37354683000018],[39.981864791000191,21.373683884000172],[39.981770736000101,21.37354702600004],[39.981984653000154,21.373407265000083],[39.981753803000061,21.373077292000062],[39.982023327000149,21.372913228000186],[39.982281722000096,21.372751084000072],[39.982515005000153,21.373083836000092],[39.982698530000164,21.373343816999977],[39.982922743000131,21.373208609000187],[39.983183222000093,21.373580126000093],[39.982960222000145,21.373719312000048],[39.982960206000143,21.373719288000075],[39.982717541,21.373870979000117]]]},"properties":{"OBJECTID":443,"camp_label":"13/613","gate_number":"13","Street":"613","Block":"105","Type":"external","Transport_mode":"النقل الترددي","Capacity":3843,"Gate_Lat":21.373871000000001,"Gate_Lon":39.982717999999998,"Shape_Length":0.0046294334070511702,"Shape_Area":8.9104589297524954e-07}},{"type":"Feature","id":444,"geometry":{"type":"Polygon","coordinates":[[[39.981798603000186,21.374440051000136],[39.981735301000128,21.37434453100019],[39.981652140000051,21.37439790600007],[39.981543916000192,21.374246189000075],[39.981519503000186,21.374261847000128],[39.981344477000107,21.374368051000033],[39.981307411000046,21.374310089000176],[39.981239095000092,21.374353935000102],[39.980762869000102,21.373676372999967],[39.980798621000076,21.37365391700007],[39.981025821000003,21.373517031000119],[39.981160614000089,21.373435611000161],[39.98141119100012,21.373287558000072],[39.981677711000145,21.373123964000001],[39.981756505000078,21.373074606000046],[39.981984653000154,21.373407265000083],[39.981770736000101,21.37354702600004],[39.981864791000191,21.373683884000172],[39.982092067000167,21.37354683000018],[39.982182948000116,21.373677711000084],[39.982184951000193,21.373678095000116],[39.982374643000071,21.373949041000174],[39.982443958000033,21.374040371000092],[39.981798603000186,21.374440051000136]]]},"properties":{"OBJECTID":444,"camp_label":"11/613","gate_number":"11","Street":"613","Block":"105","Type":"external","Transport_mode":"النقل الترددي","Capacity":5408,"Gate_Lat":21.374324999999999,"Gate_Lon":39.981983999999997,"Shape_Length":0.0052295940097102965,"Shape_Area":1.2252685442065356e-06}},{"type":"Feature","id":445,"geometry":{"type":"Polygon","coordinates":[[[39.988088350000055,21.372268782000162],[39.987729521000119,21.37174004100018],[39.987968535000164,21.371592645000078],[39.987854565000134,21.371427109000024],[39.98781209800012,21.371365425000079],[39.987646070000039,21.371124276000103],[39.987548905000097,21.370983146000185],[39.987851417000059,21.370793966000122],[39.987850952000144,21.370793349000166],[39.988003756000182,21.370698290000064],[39.98813119100015,21.370619054000088],[39.988316573000191,21.370505052000055],[39.988489978000075,21.370398070000078],[39.988644688000079,21.370299191000129],[39.98875428000008,21.370234983000159],[39.988757009000039,21.370234860000096],[39.988759726000183,21.370235134000097],[39.988762365000127,21.370235799000056],[39.988764863000142,21.370236840000075],[39.988767158000087,21.370238228000176],[39.988769196000078,21.37023993300005],[39.988770928000065,21.370241914000133],[39.98877365300018,21.370241797000006],[39.988776365000035,21.37024207800016],[39.988778998000157,21.370242747000077],[39.988781489000132,21.370243790000075],[39.988783777000151,21.370245182000019],[39.988785807000113,21.370246889999976],[39.988787531000071,21.370248870000182],[39.98879196900009,21.37024867100007],[39.98879638599999,21.370249118000174],[39.988800677000086,21.370250199000168],[39.988804737000066,21.370251888000041],[39.988808470000151,21.37025414500016],[39.988811786000042,21.37025691600013],[39.988814605000186,21.370260132000055],[39.988818914000092,21.370260489000145],[39.988823113000194,21.370261466000159],[39.988827100000094,21.370263039000179],[39.988830779000125,21.370265171000028],[39.988834062000137,21.370267811000019],[39.988836869000068,21.370270895000147],[39.988839133000113,21.370274349000056],[39.98885804300005,21.370449304000033],[39.988890244000117,21.370754461000161],[39.988922200000104,21.371057669000038],[39.988952052000116,21.3713439550001],[39.98896318900006,21.371477711000125],[39.988963003000038,21.371492014000182],[39.988960648000102,21.371538361000034],[39.988951474000032,21.371583958000144],[39.98893565700007,21.371627928000066],[39.988913502000116,21.371669428000132],[39.988885433000178,21.371707661000187],[39.988851990000171,21.371741889000134],[39.988813816000061,21.371771460000048],[39.98859930500015,21.371915026000181],[39.988578065000183,21.371929144000092],[39.988512331000038,21.371974734000162],[39.988278997999998,21.372136560000058],[39.988088350000055,21.372268782000162]]]},"properties":{"OBJECTID":445,"camp_label":"3/604","gate_number":"3","Street":"604","Block":"105","Type":"external","Transport_mode":"النقل الترددي","Capacity":4032,"Gate_Lat":21.372114,"Gate_Lon":39.988311000000003,"Shape_Length":0.0056113539248997708,"Shape_Area":1.7176899166828165e-06}},{"type":"Feature","id":446,"geometry":{"type":"Polygon","coordinates":[[[39.987857949000102,21.372423804000164],[39.98775927600019,21.372487885000055],[39.987661447000164,21.372551416000078],[39.987356049000141,21.372749745000078],[39.986782317000063,21.371918860000164],[39.987031017000049,21.371767988000101],[39.986809754000149,21.371437436000122],[39.987220785000147,21.371189775000119],[39.987352705000035,21.371106692000069],[39.987548905000097,21.370983146000185],[39.987968535000164,21.371592645000078],[39.987729521000119,21.37174004100018],[39.988026640000101,21.372177853000153],[39.988088350000055,21.372268782000162],[39.987966844000141,21.372353086000032],[39.987857949000102,21.372423804000164]]]},"properties":{"OBJECTID":446,"camp_label":"1/604","gate_number":"1","Street":"604","Block":"105","Type":"external","Transport_mode":"النقل الترددي","Capacity":4296,"Gate_Lat":21.372520000000002,"Gate_Lon":39.98771,"Shape_Length":0.0051019929808919567,"Shape_Area":1.3167876070449547e-06}},{"type":"Feature","id":447,"geometry":{"type":"Polygon","coordinates":[[[39.98697275000012,21.372200241000087],[39.987001481999982,21.37224143200018],[39.987068470000054,21.372337467000023],[39.987157966000154,21.372465770000076],[39.987247625000009,21.372594306000053],[39.987356049000141,21.372749745000078],[39.987276457999997,21.372803832000159],[39.987105180000071,21.37292028100012],[39.986807352000085,21.372474941000064],[39.986497265000139,21.372661048000111],[39.986226704000046,21.372257265000144],[39.986011110000106,21.371935512000107],[39.986245581000105,21.371789118000038],[39.986393718000159,21.37169671900017],[39.986809754000149,21.371437436000122],[39.987031017000049,21.371767988000101],[39.986782317000063,21.371918860000164],[39.986943711000094,21.372158610000099],[39.98697275000012,21.372200241000087]]]},"properties":{"OBJECTID":447,"camp_label":"9/613","gate_number":"9","Street":"613","Block":"106","Type":"external","Transport_mode":"النقل الترددي","Capacity":2750,"Gate_Lat":21.372828999999999,"Gate_Lon":39.987239000000002,"Shape_Length":0.0047137346156119336,"Shape_Area":8.4429929050276411e-07}},{"type":"Feature","id":448,"geometry":{"type":"Polygon","coordinates":[[[39.986056961000088,21.372938274000091],[39.98556484900007,21.372210833000054],[39.985876807000125,21.372017439000047],[39.986011110000106,21.371935512000107],[39.986289366000051,21.372350782000183],[39.98639171200017,21.372503522000045],[39.986497265000139,21.372661048000111],[39.986807352000085,21.372474941000064],[39.987105180000071,21.37292028100012],[39.986963003000085,21.373012632000041],[39.986612595000054,21.373240238000051],[39.986295681000115,21.372792392000122],[39.986056961000088,21.372938274000091]]]},"properties":{"OBJECTID":448,"camp_label":"4/604","gate_number":"4","Street":"604","Block":"106","Type":"external","Transport_mode":"النقل الترددي","Capacity":2360,"Gate_Lat":21.372978,"Gate_Lon":39.987017000000002,"Shape_Length":0.0045891556485675219,"Shape_Area":7.8216837329669208e-07}},{"type":"Feature","id":449,"geometry":{"type":"Polygon","coordinates":[[[39.98556484900007,21.372210833000054],[39.985646462000147,21.372331474000191],[39.985761840999999,21.372502027000166],[39.985841819000086,21.372620251000171],[39.98592195700013,21.372738710000135],[39.986056961000088,21.372938274000091],[39.986020772000018,21.372960255000066],[39.986344466000162,21.373423922000143],[39.986126987000034,21.373566548000042],[39.985534805000043,21.372694383000066],[39.98531322600013,21.372368037000115],[39.98556484900007,21.372210833000054]]]},"properties":{"OBJECTID":449,"camp_label":"2/604","gate_number":"2","Street":"604","Block":"106","Type":"external","Transport_mode":"النقل الترددي","Capacity":1168,"Gate_Lat":21.37229,"Gate_Lon":39.985438000000002,"Shape_Length":0.0034915176353797497,"Shape_Area":4.0523638518115029e-07}},{"type":"Feature","id":450,"geometry":{"type":"Polygon","coordinates":[[[39.988862564000158,21.336001731000124],[39.989126839000107,21.336055410000029],[39.989389593000169,21.33611529000018],[39.989650659000063,21.336181330000102],[39.989909873000045,21.336253492000083],[39.990167072000077,21.336331728000118],[39.99042209300012,21.336415989000102],[39.990674776000162,21.336506223000072],[39.990924962000122,21.336602373000062],[39.991172492000146,21.336704376000057],[39.991186767000158,21.336711890000174],[39.991199480000091,21.336721558000079],[39.991210262999971,21.336733102000153],[39.991218806000063,21.336746189000053],[39.991224862000024,21.336760440999967],[39.991228257000046,21.336775449000186],[39.991228892000038,21.336790778000079],[39.99122675000018,21.336805987000048],[39.991221892000169,21.336820636000084],[39.991214458000059,21.336834304000149],[39.991204663000076,21.336846597000033],[39.991192789000138,21.336857160000079],[39.990433052000071,21.337380731000167],[39.990038820000166,21.337652406000188],[39.989897075000044,21.337680872000192],[39.989864087000171,21.337707060000071],[39.989708176000136,21.337554033000117],[39.989556628000059,21.337397204000183],[39.989409547000037,21.33723668600004],[39.989404025000113,21.337229679000075],[39.989399773000116,21.337221932999967],[39.989396899000042,21.337213649000034],[39.989395479000109,21.337205042000107],[39.989395549000108,21.337196330999973],[39.989397108000162,21.337187744000062],[39.989400114000034,21.33717950200014],[39.98940449100013,21.337171816000023],[39.989410125000063,21.337164888000132],[39.989416871000117,21.337158894000027],[39.990130417000159,21.336619940000162],[39.990172595000104,21.33658808500013],[39.990160486999969,21.33657048300006],[39.989904900000056,21.336510498000166],[39.989845407000018,21.336730402000057],[39.989218034000089,21.336581418000037],[39.989063003000126,21.336375821000161],[39.98906257900012,21.336312804000158],[39.988991675000079,21.336294290000069],[39.988922803999969,21.33626995700007],[39.988856509000129,21.336239992000174],[39.988793313000031,21.336204636000105],[39.988862564000158,21.336001731000124]]]},"properties":{"OBJECTID":450,"camp_label":"9/56","gate_number":"9","Street":"56","Block":"48","Type":"external","Transport_mode":"النقل التقليدي","Capacity":3672,"Gate_Lat":21.336652000000001,"Gate_Lon":39.989516999999999,"Shape_Length":0.0078673688693226881,"Shape_Area":1.7529178634651385e-06}},{"type":"Feature","id":451,"geometry":{"type":"MultiPolygon","coordinates":[[[[39.987433502000044,21.349942315000135],[39.987619667999979,21.350329662000149],[39.987055334000047,21.350592385000141],[39.986329137000041,21.349541738000141],[39.986398733000158,21.349502073000167],[39.987193054000045,21.349405073000128],[39.98753269000008,21.349854670000127],[39.987686399000097,21.349832745000128],[39.987433502000044,21.349942315000135]]],[[[39.986997917000167,21.350619114000096],[39.986800172000073,21.350711174000082],[39.986512963000166,21.350846082000089],[39.986266742000169,21.350316153000165],[39.986205038000037,21.350321273000077],[39.9860887910001,21.35028225700006],[39.986049003000176,21.350161710999998],[39.986083821000193,21.349931694000077],[39.986112270000149,21.349741489000053],[39.986309623000068,21.349617537000086],[39.986997917000167,21.350619114000096]]]]},"properties":{"OBJECTID":451,"camp_label":"4/212","gate_number":"4","Street":"212","Block":"101B","Type":"external","Transport_mode":"النقل التقليدي","Capacity":1909,"Gate_Lat":21.350493,"Gate_Lon":39.987268999999998,"Shape_Length":0.0075086574001309433,"Shape_Area":1.4188034720072995e-06}},{"type":"Feature","id":452,"geometry":{"type":"MultiPolygon","coordinates":[[[[39.981383527000162,21.356915580000077],[39.981267759000161,21.356987113000059],[39.981081080000081,21.357102460000078],[39.980990024000164,21.356966121000085],[39.980644115000075,21.356463480000173],[39.980862638000133,21.356328413000085],[39.981029768999974,21.356271640999978],[39.981180915000095,21.356257942000184],[39.98124712300006,21.356268107000062],[39.981359186000191,21.356288347000145],[39.981455406000123,21.356327652999994],[39.981546213999991,21.356381002999967],[39.981614729000057,21.356437155000037],[39.981659755000067,21.356486391000033],[39.981703347000121,21.356543892000047],[39.981892308000056,21.356819894000182],[39.981886228000064,21.356825775000004],[39.981862837000165,21.356837048000159],[39.981834083000138,21.356836963000035],[39.981803497000044,21.356826263000073],[39.981751466000105,21.356813411000076],[39.981704147000187,21.356811059000052],[39.981648473000007,21.356815659000063],[39.981603304000089,21.356828268000129],[39.981551844000137,21.356852782000033],[39.981505086000141,21.356842108000023],[39.981383527000162,21.356915580000077]]],[[[39.981023811000057,21.357133573000112],[39.980449642000053,21.357483193000064],[39.980026997000152,21.356851404999986],[39.980599937000136,21.356499947000088],[39.981023811000057,21.357133573000112]]],[[[39.980383714000084,21.357520744000055],[39.980121285000166,21.357680467000023],[39.979833143000121,21.357318645000134],[39.979362973000093,21.35759008600013],[39.979198404000101,21.357351171000175],[39.979961388000163,21.356889428000045],[39.980383714000084,21.357520744000055]]],[[[39.982254327000078,21.357556182000167],[39.982246046000171,21.357630154000049],[39.982219733000022,21.357698775000131],[39.982187271000043,21.357777141000042],[39.982125167000049,21.357862894000107],[39.982058552000126,21.35792874200007],[39.981929713000056,21.358001412000021],[39.981679263999979,21.357646632000183],[39.981583301000171,21.357509705000098],[39.981555946000128,21.357515483000043],[39.981505439000102,21.35736528700005],[39.981534201000159,21.357374862000086],[39.981571613000085,21.357383865000031],[39.981615552000051,21.357394438000085],[39.981664242000193,21.357406155000092],[39.981704823000086,21.357406495000134],[39.981731906999983,21.357406164000167],[39.981826365000188,21.357387949000156],[39.981842781000125,21.357366552000087],[39.98185823100016,21.35733787800001],[39.981920740000078,21.357269800000097],[39.981961588000104,21.357210704000181],[39.981983471000035,21.357141923000086],[39.981983028000116,21.357084708000059],[39.981976196000062,21.357023851000065],[39.981981032000078,21.357018216000029],[39.982006052000031,21.357038146000093],[39.982079260000035,21.357106453000142],[39.982110252000155,21.357141140000067],[39.982156531000157,21.357204944000046],[39.982198524000182,21.357286669000132],[39.982228711000062,21.357355710999968],[39.982250669000109,21.357459761000086],[39.982254327000078,21.357556182000167]]],[[[39.981641395000167,21.357711300000176],[39.981788771000083,21.357923948000007],[39.981860426000082,21.358028031000003],[39.981709997000166,21.358101040999998],[39.981474886000171,21.358209372000033],[39.981346934000044,21.358274446000053],[39.981198408000182,21.358354254999995],[39.981045861000098,21.358438807000084],[39.980721178000124,21.357955477000075],[39.980562514000155,21.357719286000133],[39.980965759000014,21.357475532000024],[39.981001011000103,21.357456561000163],[39.981037244000163,21.35743928800008],[39.981104118000189,21.357412800000191],[39.981173277000153,21.357392090000076],[39.981244151000169,21.357377326000119],[39.981316162000155,21.35736863000011],[39.981388717000016,21.35736607500013],[39.981461221000188,21.357369679000101],[39.981491032000065,21.357520394000005],[39.981507034000117,21.35751588200003],[39.981641395000167,21.357711300000176]]],[[[39.979373001000056,21.357839560000173],[39.979175638000129,21.3579612260001],[39.97915999200012,21.357970701000056],[39.979144348000034,21.357980176000069],[39.979216056000098,21.35807984500002],[39.979293899000083,21.358188038000037],[39.979258805000029,21.358209499000111],[39.978915590000156,21.358415092000143],[39.978531714000155,21.358648893000066],[39.978254151000044,21.358273969000095],[39.978474522000056,21.358138075000056],[39.978303868000125,21.357879558000093],[39.978784201000167,21.357589213000153],[39.979076636000116,21.357412447000058],[39.979373001000056,21.357839560000173]]]]},"properties":{"OBJECTID":452,"camp_label":"5/406","gate_number":"5","Street":"406","Block":"84","Type":"external","Transport_mode":"النقل الترددي","Capacity":4394,"Gate_Lat":21.357361000000001,"Gate_Lon":39.980649999999997,"Shape_Length":0.019510340502836714,"Shape_Area":3.4148737781212982e-06}},{"type":"Feature","id":453,"geometry":{"type":"Polygon","coordinates":[[[39.985639714000115,21.373877081000046],[39.985105925000084,21.373105095000142],[39.984874104000028,21.373242073000085],[39.984583802000145,21.372820935000107],[39.984891122000192,21.372630344000015],[39.985198442000012,21.372439752000048],[39.98531322600013,21.372368037000115],[39.986126987000034,21.373566548000042],[39.985938336000174,21.373685066000064],[39.985639714000115,21.373877081000046]]]},"properties":{"OBJECTID":453,"camp_label":"6/611","gate_number":"6","Street":"611","Block":"106","Type":"external","Transport_mode":"النقل الترددي","Capacity":3904,"Gate_Lat":21.373721,"Gate_Lon":39.985881999999997,"Shape_Length":0.004604400525153836,"Shape_Area":9.8507328930295244e-07}},{"type":"Feature","id":454,"geometry":{"type":"Polygon","coordinates":[[[39.984637861000124,21.372897628000146],[39.984874104000028,21.373242073000085],[39.985105925000084,21.373105095000142],[39.985483031000058,21.373652342000014],[39.985571227000037,21.373778985000115],[39.985639714000115,21.373877081000046],[39.985328138000114,21.374072370000135],[39.985217641000133,21.374141280000174],[39.985162808000098,21.374174726000092],[39.985029206000092,21.374256635000052],[39.984879050000075,21.374039174000075],[39.984989185000018,21.373972875000163],[39.984322098000177,21.372981778000167],[39.984434432000057,21.37291292600014],[39.984503137000161,21.372870909000142],[39.984583802000145,21.372820935000107],[39.984637861000124,21.372897628000146]]]},"properties":{"OBJECTID":454,"camp_label":"1/602","gate_number":"1","Street":"602","Block":"106","Type":"external","Transport_mode":"النقل الترددي","Capacity":2920,"Gate_Lat":21.374103000000002,"Gate_Lon":39.985278000000001,"Shape_Length":0.004332901192856624,"Shape_Area":7.4588907273159071e-07}},{"type":"Feature","id":455,"geometry":{"type":"Polygon","coordinates":[[[39.984051508000164,21.373150678999991],[39.984077813000113,21.373134223000079],[39.984322098000177,21.372981778000167],[39.984792051000056,21.373683497000059],[39.984989185000018,21.373972875000163],[39.984879050000075,21.374039174000075],[39.985029206000092,21.374256635000052],[39.98485976700016,21.374360241999966],[39.984695033000037,21.374461987000132],[39.98439114700011,21.374026684000114],[39.984332417000076,21.373942260000035],[39.983843384000181,21.373264188000064],[39.984051508000164,21.373150678999991]]]},"properties":{"OBJECTID":455,"camp_label":"7/613","gate_number":"7","Street":"613","Block":"106","Type":"external","Transport_mode":"النقل الترددي","Capacity":2224,"Gate_Lat":21.374359999999999,"Gate_Lon":39.984859999999998,"Shape_Length":0.0040055280757630403,"Shape_Area":7.4286810247571777e-07}},{"type":"Feature","id":456,"geometry":{"type":"Polygon","coordinates":[[[39.985997756000074,21.370290373000159],[39.986414657000012,21.370047690000035],[39.986684753000191,21.369900330000121],[39.986746039000082,21.369989328000031],[39.986832815000184,21.369939977000115],[39.987076263000063,21.370279288000177],[39.986833236000109,21.370427309000092],[39.986966702000132,21.370597516000032],[39.987161798000102,21.370872756000097],[39.987283650000109,21.37104135400017],[39.986638737000078,21.371445879000191],[39.986291836000078,21.370942866000007],[39.986415523000119,21.370869784000035],[39.986329277999971,21.370749753000155],[39.986318680000181,21.370734765000122],[39.986232436000137,21.370614733000139],[39.986221756000134,21.370599854999966],[39.986136345000091,21.370481054000038],[39.986125795000135,21.370466637000163],[39.98605776300019,21.370372980000127],[39.985846743000138,21.370488378000061],[39.985791828000117,21.370416353000053],[39.985997756000074,21.370290373000159]]]},"properties":{"OBJECTID":456,"camp_label":"1/618","gate_number":"1","Street":"618","Block":"102","Type":"external","Transport_mode":"النقل الترددي","Capacity":4021,"Gate_Lat":21.371096000000001,"Gate_Lon":39.987197000000002,"Shape_Length":0.0051625034009712975,"Shape_Area":1.0430525537863182e-06}},{"type":"Feature","id":457,"geometry":{"type":"Polygon","coordinates":[[[39.986534554999992,21.371511224000187],[39.986406330000136,21.371591666000086],[39.986258621000104,21.371675525000171],[39.986193719000028,21.37158321600009],[39.985912307000035,21.371757627000022],[39.985646305000046,21.371372257000132],[39.985504297000034,21.371171777000029],[39.985364418000074,21.37096897400005],[39.985144097000045,21.371102738000104],[39.985007999000175,21.370906713000124],[39.985221882000189,21.370762317000128],[39.985309301000086,21.37071569200009],[39.985492928000042,21.370974438000133],[39.985574848000113,21.370923869000137],[39.985693002999994,21.370849876000136],[39.985507686000062,21.370590188000165],[39.985791828000117,21.370416353000053],[39.985846743000138,21.370488378000061],[39.986057443000163,21.370373150000148],[39.986415523000119,21.370869784000035],[39.986291836000078,21.370942866000007],[39.986638737000078,21.371445879000191],[39.986534554999992,21.371511224000187]]]},"properties":{"OBJECTID":457,"camp_label":"4/620","gate_number":"4","Street":"620","Block":"102","Type":"external","Transport_mode":"النقل الترددي","Capacity":3930,"Gate_Lat":21.371572,"Gate_Lon":39.986438,"Shape_Length":0.0056047268984599887,"Shape_Area":1.0509501399695229e-06}},{"type":"Feature","id":458,"geometry":{"type":"Polygon","coordinates":[[[39.985782343000096,21.371972368000115],[39.985499298000036,21.372142854000003],[39.985260425000092,21.371793120000063],[39.985148134000156,21.371862536000094],[39.985078376000047,21.37176335900017],[39.985062657000071,21.371773051000048],[39.984932195000113,21.371588158000122],[39.984819624000124,21.37165487600015],[39.984649822000108,21.371421317000113],[39.984394263000183,21.371581725000055],[39.984392452000122,21.37158302000006],[39.984325001000173,21.371487631999969],[39.984266545000139,21.371404965000181],[39.984347137000043,21.37135287000001],[39.984450062000121,21.371283098000106],[39.984525375000032,21.371231827000031],[39.984708644000193,21.371107076000101],[39.984774583000046,21.371064316000115],[39.984775404000004,21.371063750000076],[39.985007999000175,21.370906713000124],[39.985144097000045,21.371102738000104],[39.985364418000074,21.37096897400005],[39.985365276000152,21.37096852000019],[39.985912721000091,21.371755749000044],[39.986193719000028,21.37158321600009],[39.986258621000104,21.371675525000171],[39.985782343000096,21.371972368000115]]]},"properties":{"OBJECTID":458,"camp_label":"5/618","gate_number":"5","Street":"618","Block":"102","Type":"external","Transport_mode":"النقل الترددي","Capacity":3890,"Gate_Lat":21.371918000000001,"Gate_Lon":39.985869999999998,"Shape_Length":0.0055469796310151902,"Shape_Area":9.7457993488193114e-07}},{"type":"Feature","id":459,"geometry":{"type":"Polygon","coordinates":[[[39.984496767000167,21.372224278000033],[39.984604435000165,21.37237841700005],[39.984354829000154,21.372524588000147],[39.983788063000134,21.371747616000164],[39.984268505000102,21.371407664000117],[39.984341749000123,21.37150709399998],[39.984394264000116,21.371581725000055],[39.984649822000108,21.371421317000113],[39.984819624000124,21.37165487600015],[39.984932195000113,21.371588158000122],[39.984963847000074,21.37163107300006],[39.985062434000156,21.371773189000066],[39.985075988000006,21.371762428000181],[39.985146858000007,21.371863321999967],[39.98526156700018,21.371792416000176],[39.985500048000119,21.372144014000128],[39.98501346900008,21.372448166000083],[39.984798027000011,21.372133827000084],[39.984754724000084,21.372066496999992],[39.984496767000167,21.372224278000033]]]},"properties":{"OBJECTID":459,"camp_label":"8/620","gate_number":"8","Street":"620","Block":"102","Type":"external","Transport_mode":"النقل الترددي","Capacity":3593,"Gate_Lat":21.372350999999998,"Gate_Lon":39.985168999999999,"Shape_Length":0.0052275774517290168,"Shape_Area":1.0064687410468875e-06}},{"type":"Feature","id":460,"geometry":{"type":"Polygon","coordinates":[[[39.984259401000031,21.372914712000124],[39.984081656000171,21.373026164000123],[39.983806272000152,21.373195613000178],[39.983131722999985,21.37220406900019],[39.983274294000182,21.372110219999968],[39.983550036000054,21.371916046000081],[39.983788063000134,21.371747616000164],[39.984354829000154,21.372524588000147],[39.984604435000165,21.37237841700005],[39.98476117600012,21.372602818000075],[39.984259401000031,21.372914712000124]]]},"properties":{"OBJECTID":460,"camp_label":"3/608","gate_number":"3","Street":"608","Block":"102","Type":"external","Transport_mode":"النقل الترددي","Capacity":3845,"Gate_Lat":21.372941999999998,"Gate_Lon":39.984216000000004,"Shape_Length":0.0046474151306454548,"Shape_Area":1.0784853733672469e-06}},{"type":"Feature","id":461,"geometry":{"type":"Polygon","coordinates":[[[39.984524432000057,21.368101269000192],[39.984267811000052,21.36773795300013],[39.984183195000128,21.367617778000067],[39.983940853000149,21.367768464000108],[39.983653865000065,21.36736154800019],[39.983899586000064,21.367214993000061],[39.984655994000093,21.366762503000075],[39.98465679200018,21.366763632000072],[39.984786741000164,21.366947196000183],[39.984857313000134,21.366908793000107],[39.984987690000025,21.367098345000159],[39.985190590999991,21.366989775000093],[39.985275419999994,21.367115607000187],[39.985442776000184,21.367352759000084],[39.985433324000098,21.367357986000059],[39.985471673000177,21.36741333700013],[39.985517948000165,21.367474025000149],[39.985524145000056,21.367482709000171],[39.984524432000057,21.368101269000192]]]},"properties":{"OBJECTID":461,"camp_label":"2/542","gate_number":"2","Street":"542","Block":"8-16","Type":"external","Transport_mode":"النقل الترددي","Capacity":3896,"Gate_Lat":21.366979000000001,"Gate_Lon":39.984295000000003,"Shape_Length":0.0050921730231325534,"Shape_Area":1.2889768507141332e-06}},{"type":"Feature","id":462,"geometry":{"type":"MultiPolygon","coordinates":[[[[39.986383787000136,21.366622726000173],[39.986403893000045,21.36663672300017],[39.986418136000054,21.36665361200005],[39.986429532000102,21.366673940000112],[39.986440906000155,21.366694283000129],[39.986448377000158,21.366714866000166],[39.986455853000052,21.366735506000055],[39.986458694000021,21.366759186000081],[39.986461511000186,21.366782880000073],[39.986459923000041,21.366805142000146],[39.986455745000058,21.366826595000077],[39.986451596000165,21.366848091000065],[39.986442022000062,21.366869266000151],[39.986432425000089,21.366890452999996],[39.98641794700012,21.366908760000001],[39.986403468999981,21.36692706600013],[39.986362224000061,21.366963679000037],[39.986019341000031,21.367174494000153],[39.986014071000113,21.367167043000165],[39.985875426000121,21.366969592000089],[39.986117602000036,21.366818563000095],[39.986005802000022,21.366662052000038],[39.986005594000005,21.366661725000085],[39.986145634000081,21.366574540000101],[39.98617489999998,21.366557095000132],[39.986383787000136,21.366622726000173]]],[[[39.978828305000093,21.369840403000012],[39.97859417799998,21.369983164000189],[39.978698082000051,21.370131060000176],[39.978698258000065,21.370131311000137],[39.978709138999989,21.370146625000132],[39.978767383000047,21.370228592000103],[39.978237933999992,21.370563658000094],[39.978189418000113,21.370624409000072],[39.978144150000048,21.370686584000168],[39.977821644000016,21.370231442000147],[39.977828333000161,21.370144596000046],[39.977831264000145,21.370106478000082],[39.977834453000128,21.370091104000096],[39.977849869000124,21.37002923700004],[39.977860572000054,21.369986328000095],[39.977883419000079,21.36992252500005],[39.977904949000106,21.369882559000132],[39.977980984000055,21.369758490000095],[39.978034701000183,21.369692309000015],[39.978113304000033,21.369617337000022],[39.978163324000036,21.369577542000059],[39.978201151000064,21.369552958000156],[39.978501696000194,21.369370435000064],[39.978828305000093,21.369840403000012]]]]},"properties":{"OBJECTID":462,"camp_label":"4/547","gate_number":"4","Street":"547","Block":"8-17","Type":"external","Transport_mode":"النقل الترددي","Capacity":3216,"Gate_Lat":21.370381999999999,"Gate_Lon":39.978524999999998,"Shape_Length":0.0055963720050888188,"Shape_Area":9.5899128367248686e-07}},{"type":"Feature","id":463,"geometry":{"type":"Polygon","coordinates":[[[39.986018983000179,21.36717471500009],[39.985524381000118,21.367483044000096],[39.985524145000056,21.367482709000171],[39.985517991999984,21.367473998000094],[39.985471673000177,21.36741333700013],[39.985433324000098,21.367357986000059],[39.985442776000184,21.367352759000084],[39.985190450000061,21.366995958000132],[39.984987690000025,21.367098345000159],[39.984857313000134,21.366908793000107],[39.984785667000097,21.366948039000192],[39.984666039000103,21.366777711000111],[39.98465679200018,21.366763632000072],[39.985252668999976,21.366408133000107],[39.985284992000118,21.366387183000143],[39.985308659000168,21.36637258900015],[39.985315976000152,21.366368620000117],[39.985328675000062,21.366363855000145],[39.985341425000058,21.366359120000027],[39.985355705000188,21.366356927000083],[39.98536998000003,21.366354680000029],[39.985381153000162,21.366354643000079],[39.985392350000097,21.366354593000096],[39.985410023000043,21.366358004999995],[39.98543705600008,21.366363822000039],[39.985478406000084,21.366374760000099],[39.98617489999998,21.366557095000132],[39.986005802000022,21.366662052000038],[39.986117602000036,21.366818563000095],[39.985875426000121,21.366969592000089],[39.986018983000179,21.36717471500009]]]},"properties":{"OBJECTID":463,"camp_label":"2/547","gate_number":"2","Street":"547","Block":"8-17","Type":"external","Transport_mode":"النقل الترددي","Capacity":3132,"Gate_Lat":21.367345,"Gate_Lon":39.985745999999999,"Shape_Length":0.0045317370205378371,"Shape_Area":9.1628761044815631e-07}},{"type":"Feature","id":464,"geometry":{"type":"Polygon","coordinates":[[[39.978200286000117,21.365645977000099],[39.978071704000115,21.365719921000164],[39.977944730000104,21.365796264000153],[39.97776668400013,21.365909120000083],[39.977706974000114,21.365949758000056],[39.977636353000094,21.365779071000077],[39.977529105000087,21.365557349000028],[39.977701674000059,21.365553378000129],[39.977696827000102,21.365421474000073],[39.977515432000075,21.365424301000019],[39.97746294000018,21.36542278800016],[39.977191351000045,21.365028448000032],[39.977319121000107,21.364951071000121],[39.97722561300003,21.364807853000173],[39.97709738400016,21.364883975000112],[39.976808948000098,21.364473200000134],[39.976918354000077,21.364249813000185],[39.97710647700012,21.36400865100012],[39.977530988000126,21.364637402000028],[39.978200286000117,21.365645977000099]]]},"properties":{"OBJECTID":464,"camp_label":"5/554","gate_number":"5","Street":"554","Block":"9-8","Type":"external","Transport_mode":"النقل الترددي","Capacity":1876,"Gate_Lat":21.364467999999999,"Gate_Lon":39.977417000000003,"Shape_Length":0.0055230360904124391,"Shape_Area":8.9462860209128482e-07}},{"type":"Feature","id":465,"geometry":{"type":"Polygon","coordinates":[[[39.97709738400016,21.364883975000112],[39.97722561300003,21.364807853000173],[39.977319121000107,21.364951071000121],[39.977191351000045,21.365028448000032],[39.97746294000018,21.36542278800016],[39.977696827000102,21.365421474000073],[39.977701674000059,21.365553378000129],[39.977529105000087,21.365557349000028],[39.977636353000094,21.365779071000077],[39.977706974000114,21.365949758000056],[39.977529949000143,21.366070233000187],[39.977347616000088,21.366203799000061],[39.977169736000121,21.36634253200009],[39.976996472000167,21.366486300000076],[39.976827988000082,21.366634970000121],[39.976664442000015,21.366788401999997],[39.976709477000099,21.366678371000035],[39.976747966000175,21.36656618000012],[39.97677979100007,21.366452172999971],[39.976804855000182,21.366336693000051],[39.976823081000077,21.366220095000131],[39.976834416000088,21.366102733000048],[39.976838823000151,21.365984964000177],[39.976836290000051,21.365867148000177],[39.976826825000046,21.365749640000047],[39.97681045600001,21.365632801000061],[39.976787232000049,21.365516985000056],[39.976757226000075,21.365402544999995],[39.976732953999999,21.365307330000064],[39.976715317000071,21.365210843000114],[39.976704389000076,21.365113488000191],[39.976690920000067,21.364993754000011],[39.97671283000011,21.364768018000177],[39.976783279000188,21.364525619000119],[39.976808948000098,21.364473200000134],[39.97709738400016,21.364883975000112]]]},"properties":{"OBJECTID":465,"camp_label":"7/554","gate_number":"7","Street":"554","Block":"9-8","Type":"external","Transport_mode":"النقل الترددي","Capacity":2832,"Gate_Lat":21.365113000000001,"Gate_Lon":39.976703999999998,"Shape_Length":0.0061299684386494739,"Shape_Area":1.1636482826906787e-06}},{"type":"Feature","id":466,"geometry":{"type":"MultiPolygon","coordinates":[[[[39.981755652000118,21.364286923000066],[39.982124940999995,21.364826147000088],[39.982099448000156,21.364842284000133],[39.981857809000132,21.364992340000072],[39.981669824000107,21.364715121000131],[39.981283543000018,21.364145463000114],[39.98125803400012,21.364081585000122],[39.98125587100003,21.364069759000074],[39.981256589000111,21.364069372000131],[39.981515658000149,21.363936487000046],[39.981755652000118,21.364286923000066]]],[[[39.981932003000054,21.365628785000069],[39.98159668500017,21.365834705000054],[39.981498305000059,21.365693227000065],[39.981580086000122,21.365635140000165],[39.981490504000192,21.365534922000052],[39.981388707000008,21.365611723000086],[39.981318831000124,21.365520087000164],[39.981400902000075,21.365468471000156],[39.981211638000048,21.36520250600006],[39.981459996000183,21.365043556000046],[39.980919942000071,21.364257713000143],[39.980996785000116,21.364212038000176],[39.981127465999975,21.364138302000129],[39.981163340000137,21.364136194000139],[39.981205137000131,21.364165997000043],[39.981220540000038,21.364181899000073],[39.981310964000102,21.364280277000034],[39.981648946000178,21.364767283000049],[39.981725778000111,21.364877105000062],[39.981744442000092,21.364903789000152],[39.981985731000066,21.365248699000063],[39.982074630000056,21.365374612000096],[39.982155619000082,21.365490802000124],[39.981932003000054,21.365628785000069]]]]},"properties":{"OBJECTID":466,"camp_label":"8/88","gate_number":"8","Street":"88","Block":"114A","Type":"external","Transport_mode":"النقل الترددي","Capacity":3738,"Gate_Lat":21.364535,"Gate_Lon":39.981487999999999,"Shape_Length":0.0077253119214477171,"Shape_Area":1.0957267213390143e-06}},{"type":"Feature","id":467,"geometry":{"type":"Polygon","coordinates":[[[39.978488430000141,21.355011376999983],[39.978504139000108,21.355034137000132],[39.978505204000101,21.355053932000033],[39.978417518000128,21.355107046000171],[39.978167033000091,21.354740382000045],[39.978397814000118,21.354596299000093],[39.97838340900006,21.354575377000174],[39.97815078300016,21.354232602000138],[39.978214466000054,21.354194030000144],[39.978359663000049,21.354277228000115],[39.978540597999995,21.354358189000152],[39.978570015000059,21.354371350000065],[39.979051811000147,21.354586938000125],[39.979117958000188,21.35468277300015],[39.978868144000103,21.354834097000094],[39.978652454000041,21.354964745000075],[39.97859585600014,21.354999022000129],[39.978577024000174,21.354989988999989],[39.978561315000036,21.35496723000017],[39.978488430000141,21.355011376999983]]]},"properties":{"OBJECTID":467,"camp_label":"11/204","gate_number":"11","Street":"204","Block":"39","Type":"external","Transport_mode":"النقل التقليدي","Capacity":2131,"Gate_Lat":21.354381,"Gate_Lon":39.978589999999997,"Shape_Length":0.0031664672646645581,"Shape_Area":4.1350668294564699e-07}},{"type":"Feature","id":468,"geometry":{"type":"Polygon","coordinates":[[[39.975544165000144,21.343204214000139],[39.975564561000056,21.34323370300018],[39.975494000000026,21.343276536000076],[39.975405249000005,21.343148636000024],[39.97565438200013,21.342998011000077],[39.975744619000068,21.343126004000055],[39.975693556000181,21.343156855000075],[39.975671985000076,21.343126639000047],[39.975544165000144,21.343204214000139]]]},"properties":{"OBJECTID":468,"camp_label":"0/68","gate_number":"0","Street":"68","Block":"31B","Type":"internal","Transport_mode":"النقل التقليدي","Capacity":110,"Gate_Lat":21.343063000000001,"Gate_Lon":39.975700000000003,"Shape_Length":0.00096811091773155763,"Shape_Area":3.9964409603956118e-08}},{"type":"Feature","id":469,"geometry":{"type":"Polygon","coordinates":[[[39.97556539500016,21.363264289000028],[39.975079635999975,21.363519666999991],[39.97502863700015,21.363425586000119],[39.974524435000149,21.36214263200003],[39.974407673000087,21.361935429000027],[39.974434978000147,21.361915351000164],[39.974342118000095,21.361669145000178],[39.974342217000185,21.361580471000138],[39.974651081000161,21.361608236000052],[39.974731631000054,21.361756201000105],[39.974765169000193,21.361745083000073],[39.975076942000157,21.362212344000113],[39.974932797000179,21.362301855000169],[39.975246659000049,21.362773602000175],[39.975230281000108,21.362786549000077],[39.975381554000137,21.363023342000076],[39.97540563400014,21.363013332000151],[39.97556539500016,21.363264289000028]]]},"properties":{"OBJECTID":469,"camp_label":"T1/527","gate_number":"T1","Street":"527","Block":"7-5B","Type":"internal","Transport_mode":"النقل الترددي","Capacity":2000,"Gate_Lat":21.361598999999998,"Gate_Lon":39.974542999999997,"Shape_Length":0.0050951939170123545,"Shape_Area":8.3755413129021539e-07}},{"type":"Feature","id":470,"geometry":{"type":"Polygon","coordinates":[[[39.980677451000133,21.366403185000024],[39.980629385999976,21.366432701000178],[39.980378403000088,21.366586808000022],[39.979958237000176,21.365965917999972],[39.979713554000057,21.366110692000063],[39.97962035400019,21.36597972300018],[39.97970139600011,21.365927295000063],[39.979515374000187,21.365655180000033],[39.979420537000067,21.365710308000189],[39.979181331000177,21.365338309000037],[39.979633530000001,21.365067066000051],[39.979686678000178,21.365033122000114],[39.980117112000073,21.36567216200001],[39.980117212999971,21.365672312000015],[39.980210257000067,21.365810451000186],[39.980463109000027,21.365663228000187],[39.980884876000175,21.366274919999967],[39.980679035000094,21.366401926000037],[39.980677451000133,21.366403185000024]]]},"properties":{"OBJECTID":470,"camp_label":"18/651","gate_number":"18","Street":"651","Block":"114A","Type":"external","Transport_mode":"النقل الترددي","Capacity":3563,"Gate_Lat":21.366402999999998,"Gate_Lon":39.980677,"Shape_Length":0.005330856447884634,"Shape_Area":9.6244345714309147e-07}},{"type":"Feature","id":471,"geometry":{"type":"Polygon","coordinates":[[[39.98445676200015,21.361869364000142],[39.984282151000173,21.361985551000089],[39.984203200000138,21.362038312000095],[39.984160737000082,21.361972424000157],[39.983466497000165,21.360890664000181],[39.983219171000144,21.361029521000034],[39.98303307000009,21.360743713000033],[39.98300169800018,21.360695534000001],[39.983236337000164,21.360563495000179],[39.983532881000144,21.360396614000138],[39.98445676200015,21.361869364000142]]]},"properties":{"OBJECTID":471,"camp_label":"2/561","gate_number":"2","Street":"561","Block":"9-2","Type":"external","Transport_mode":"النقل الترددي","Capacity":1808,"Gate_Lat":21.360548000000001,"Gate_Lon":39.983263999999998,"Shape_Length":0.0046986990385228218,"Shape_Area":6.6260756504649209e-07}},{"type":"Feature","id":472,"geometry":{"type":"Polygon","coordinates":[[[39.969220611000082,21.345133016000034],[39.968984112000157,21.344786614000157],[39.968755697000176,21.344452050000029],[39.969321052000112,21.344111856000097],[39.969745562000071,21.343858080000075],[39.970210868000038,21.344539630000156],[39.970138146000068,21.344583207000142],[39.969979231000138,21.344356584000138],[39.969731464000176,21.344505052000159],[39.969826716000057,21.344640875000096],[39.969917741000188,21.344715278000137],[39.96951939600018,21.344953979000081],[39.969281231000139,21.344615834000081],[39.969109263000121,21.344718880000073],[39.96934949700011,21.345055784000067],[39.969220611000082,21.345133016000034]]]},"properties":{"OBJECTID":472,"camp_label":"32/62","gate_number":"32","Street":"62","Block":"47","Type":"external","Transport_mode":"النقل بالقطار","Capacity":3763,"Gate_Lat":21.344455652349954,"Gate_Lon":39.969456010716378,"Shape_Length":0.005380548529155425,"Shape_Area":7.9091176573890424e-07}},{"type":"Feature","id":473,"geometry":{"type":"Polygon","coordinates":[[[39.968661728000086,21.344314405000091],[39.968610088000105,21.344238769000071],[39.96856845800005,21.344177794000075],[39.96912731499998,21.343843733000028],[39.968986347000055,21.343630444000098],[39.96909432800004,21.343564507000053],[39.969412496000075,21.343370226000047],[39.969745562000071,21.343858080000075],[39.969321052000112,21.344111856000097],[39.968755697000176,21.344452050000029],[39.968661728000086,21.344314405000091]]]},"properties":{"OBJECTID":473,"camp_label":"25/56","gate_number":"25","Street":"56","Block":"47","Type":"external","Transport_mode":"النقل بالقطار","Capacity":3583,"Gate_Lat":21.343914313490536,"Gate_Lon":39.969185904830589,"Shape_Length":0.0034832515881574604,"Shape_Area":5.1035460525620162e-07}},{"type":"Feature","id":474,"geometry":{"type":"Polygon","coordinates":[[[39.96856845800005,21.344177794000075],[39.968478989000175,21.34404674100017],[39.96823288000013,21.343686246000061],[39.96855538300008,21.343492995000133],[39.968524208000076,21.343447331000107],[39.968802844000038,21.34328036800008],[39.968834018000166,21.343326032000107],[39.969223132000025,21.343092865000074],[39.969412496000075,21.343370226000047],[39.96909432800004,21.343564507000053],[39.968986347000055,21.343630444000098],[39.96912731499998,21.343843733000028],[39.968730293000192,21.34408105600005],[39.96856845800005,21.344177794000075]]]},"properties":{"OBJECTID":474,"camp_label":"28/62","gate_number":"28","Street":"62","Block":"47","Type":"external","Transport_mode":"النقل بالقطار","Capacity":3119,"Gate_Lat":21.343634082870309,"Gate_Lon":39.968804898719746,"Shape_Length":0.0036020911772998826,"Shape_Area":5.7527246823331194e-07}},{"type":"Feature","id":475,"geometry":{"type":"MultiPolygon","coordinates":[[[[39.972151269999983,21.342635237000081],[39.971793912000123,21.342853458000093],[39.9716448530001,21.342637098000125],[39.971641340000076,21.342632039000137],[39.97153110000005,21.342473236000046],[39.971855910000102,21.342292302000033],[39.972011720000182,21.342520518000072],[39.972047464000127,21.342499098000076],[39.972151269999983,21.342635237000081]]],[[[39.971742772000141,21.341603373000112],[39.972190697000144,21.341636136000091],[39.972215652000159,21.341881727000043],[39.972196944000075,21.34190136300009],[39.972276202000046,21.341989898000065],[39.972928390000163,21.342932625000174],[39.972719293000182,21.343057924000107],[39.972587649000161,21.343135214000142],[39.972090922000177,21.342407669000067],[39.972037335999971,21.342329181000139],[39.971947301000114,21.342197308000152],[39.971877104000043,21.342094497000062],[39.971752313000138,21.34191171100008],[39.971621329000129,21.341719852000097],[39.971665819000066,21.341597597000032],[39.971742772000141,21.341603373000112]]]]},"properties":{"OBJECTID":475,"camp_label":"29/62","gate_number":"29","Street":"62","Block":"44","Type":"external","Transport_mode":"النقل بالقطار","Capacity":3567,"Gate_Lat":21.342366005621489,"Gate_Lon":39.972179997369103,"Shape_Length":0.0060476634292498284,"Shape_Area":8.6481329533665982e-07}},{"type":"Feature","id":476,"geometry":{"type":"Polygon","coordinates":[[[39.972190697000144,21.341636136000091],[39.972200097000041,21.341636824000147],[39.972921341000017,21.341689585000154],[39.972924571000135,21.341862911000135],[39.973445799999979,21.342622559000063],[39.972928390000163,21.342932625000174],[39.972276202000046,21.341989898000065],[39.972196944000075,21.34190136300009],[39.972215652000159,21.341881727000043],[39.972190697000144,21.341636136000091]]]},"properties":{"OBJECTID":476,"camp_label":"8/202","gate_number":"8","Street":"202","Block":"44","Type":"external","Transport_mode":"النقل بالقطار","Capacity":4200,"Gate_Lat":21.342224757542208,"Gate_Lon":39.972799162509254,"Shape_Length":0.0039695694365531557,"Shape_Area":8.1539800494113293e-07}},{"type":"Feature","id":477,"geometry":{"type":"Polygon","coordinates":[[[39.973220653000112,21.342294428000002],[39.972924571000135,21.341862911000135],[39.972921341000017,21.341689585000154],[39.974567015000105,21.341809970999975],[39.97462694900014,21.341897099000107],[39.974526622000099,21.341955688000041],[39.974259392000192,21.342111747999979],[39.974236114000178,21.342125435000185],[39.974025501000085,21.34226798900005],[39.974022465000189,21.342269361000149],[39.973956790000159,21.34231633700017],[39.973445799999979,21.342622559000063],[39.973266519000163,21.342361272000062],[39.973220653000112,21.342294428000002]]]},"properties":{"OBJECTID":477,"camp_label":"33/62","gate_number":"33","Street":"62","Block":"44","Type":"external","Transport_mode":"النقل بالقطار","Capacity":3795,"Gate_Lat":21.342048303458778,"Gate_Lon":39.97366313292077,"Shape_Length":0.004237219305947313,"Shape_Area":8.5210845587112408e-07}},{"type":"Feature","id":478,"geometry":{"type":"Polygon","coordinates":[[[39.974471796000159,21.340901123000094],[39.974190761000102,21.341102651000085],[39.974247409000156,21.341176602000075],[39.974265284000126,21.341206852000084],[39.974148999000192,21.341285168000184],[39.974126459999979,21.341488652000123],[39.974056276000056,21.341484184000137],[39.973262440000099,21.341427270000054],[39.972844440000131,21.34139730000004],[39.972491650000109,21.341372005000153],[39.972540681000169,21.341306791000079],[39.972743857000069,21.341037601000039],[39.972887273000083,21.340831363000007],[39.972891000000118,21.34078184800012],[39.972954030000153,21.340631215000144],[39.973033840000028,21.340519522000079],[39.973050303000036,21.340478203000089],[39.973191308000082,21.340435457000126],[39.973395854000103,21.340375428000073],[39.973424185000056,21.340368005000073],[39.973537916000168,21.340347518000044],[39.973539361000178,21.340347595000139],[39.973931200000038,21.340580207000187],[39.97402259100005,21.340642894000155],[39.974122755000167,21.340695726000092],[39.974152419999996,21.340711531000068],[39.974471796000159,21.340901123000094]]]},"properties":{"OBJECTID":478,"camp_label":"39/56","gate_number":"39","Street":"56","Block":"75B","Type":"external","Transport_mode":"النقل بالقطار","Capacity":3422,"Gate_Lat":21.340981617619256,"Gate_Lon":39.973497966141416,"Shape_Length":0.0051143426209085668,"Shape_Area":1.3889208304674577e-06}},{"type":"Feature","id":479,"geometry":{"type":"MultiPolygon","coordinates":[[[[39.973198527000079,21.340191074000074],[39.973199597000132,21.340192903000116],[39.973174373000177,21.340249064000091],[39.973072605000141,21.340322126000103],[39.973003536000192,21.340393126000095],[39.971611789000065,21.340833744000122],[39.97156810000007,21.340838492000159],[39.971523059000162,21.340835835000064],[39.97146428200017,21.340823920000048],[39.971425017000058,21.340812975000119],[39.971383243000162,21.340795942],[39.971371632000171,21.340792308000061],[39.971387682000056,21.340777079000134],[39.971405648000143,21.340762652000137],[39.972711689999983,21.339824464000117],[39.973198527000079,21.340191074000074]]],[[[39.972887691000096,21.34056714400009],[39.972889303000045,21.340571984000121],[39.972891146000109,21.340610801000082],[39.972774712000046,21.340851604000022],[39.972706478000134,21.340959500000054],[39.972615128000029,21.341076851000082],[39.972508136000044,21.341217682000092],[39.972415645000126,21.341365341000142],[39.972069298000122,21.341339128000186],[39.971907084000065,21.341326850000087],[39.971866926000075,21.341324324000027],[39.971902833000115,21.340995770000063],[39.971628779000184,21.340968848000102],[39.97162586100012,21.340906968000127],[39.971634093000091,21.340906159000156],[39.971700700000042,21.340890228000035],[39.971808814000099,21.340857243000016],[39.972000761000061,21.340798436000057],[39.972478742000078,21.340648265000141],[39.97274900300016,21.340564656000083],[39.972859143000051,21.34053105400011],[39.972887691000096,21.34056714400009]]]]},"properties":{"OBJECTID":479,"camp_label":"39/62","gate_number":"39","Street":"62","Block":"45","Type":"external","Transport_mode":"النقل بالقطار","Capacity":3289,"Gate_Lat":21.340623441811598,"Gate_Lon":39.972352471076682,"Shape_Length":0.0077502396193439042,"Shape_Area":1.2391526973395287e-06}},{"type":"Feature","id":480,"geometry":{"type":"Polygon","coordinates":[[[39.97242420900011,21.339439282000058],[39.972661499000026,21.339722937000147],[39.972444923000069,21.339880983000057],[39.972136334000027,21.340106086000162],[39.971522436000043,21.340557195000088],[39.971300045000191,21.340715344000103],[39.971270213000025,21.340676577000181],[39.971259085000156,21.340662116000146],[39.970839721000118,21.34014865100005],[39.971987223000042,21.339323794000052],[39.972215171000073,21.339601561000052],[39.97242420900011,21.339439282000058]]]},"properties":{"OBJECTID":480,"camp_label":"12/202","gate_number":"12","Street":"202","Block":"45","Type":"external","Transport_mode":"النقل بالقطار","Capacity":4003,"Gate_Lat":21.339987674140442,"Gate_Lon":39.971711072206496,"Shape_Length":0.0048218942479826303,"Shape_Area":1.1232372396953363e-06}},{"type":"Feature","id":481,"geometry":{"type":"MultiPolygon","coordinates":[[[[39.977418986000089,21.336581582000008],[39.977430464000179,21.336602368000172],[39.97756251800007,21.336821380000174],[39.97761246500005,21.336904223000147],[39.977716052000176,21.337090293000131],[39.977724157000068,21.337103076000176],[39.977763443000129,21.337183878000133],[39.977195061000145,21.337582161000114],[39.977296785000021,21.33771185300003],[39.977084752000167,21.337885327000151],[39.976897879000092,21.337653055000146],[39.976866505000146,21.337614060000192],[39.976817144000051,21.337552707000157],[39.976793839000152,21.337523739000062],[39.976567144000171,21.33721518700014],[39.976553163000176,21.337191101000087],[39.976706092000086,21.337076389000003],[39.977249825000058,21.336678035000091],[39.977412552000089,21.336562000000185],[39.977418986000089,21.336581582000008]]],[[[39.976493046000087,21.337276368000119],[39.976714662999996,21.337544053000158],[39.976833416000147,21.337739729000191],[39.976842353999984,21.337775188000023],[39.976652944000136,21.337914297000054],[39.976630792000094,21.337930814000117],[39.976386911000077,21.338108658000067],[39.976333830000044,21.338147366000101],[39.976218857000049,21.338230951000185],[39.976215952000075,21.338232938000033],[39.976170867000121,21.338265714000102],[39.976044021000121,21.338358411000058],[39.976041807000115,21.338358984000024],[39.976032208000106,21.33835483900009],[39.975971006000009,21.338273652000055],[39.975863036000135,21.338143768000123],[39.976039471000092,21.338015878000022],[39.975859028000173,21.337791169000184],[39.975878394000176,21.337775022000187],[39.975959799000066,21.337707860000137],[39.97611296000008,21.337574780000125],[39.976267576000055,21.337439253000184],[39.976285660000144,21.337422913000069],[39.97644938500008,21.337279789000149],[39.976473537000118,21.337261659000092],[39.976480603000027,21.337260469000171],[39.976493046000087,21.337276368000119]]]]},"properties":{"OBJECTID":481,"camp_label":"49/62","gate_number":"49","Street":"62","Block":"78","Type":"external","Transport_mode":"النقل بالقطار","Capacity":4071,"Gate_Lat":21.337450630150006,"Gate_Lon":39.97681758515369,"Shape_Length":0.0070172036444255889,"Shape_Area":1.3155754420827841e-06}},{"type":"Feature","id":482,"geometry":{"type":"MultiPolygon","coordinates":[[[[39.977826303000143,21.337313179999967],[39.977910282000096,21.337464797000166],[39.97793028500007,21.337496730000055],[39.97794046000007,21.337530243000117],[39.977999655000133,21.337750670000105],[39.97799836500019,21.337766650000049],[39.977966839000032,21.337881389000188],[39.977882847000046,21.337944304000132],[39.977649010000164,21.338113495000016],[39.977436391000026,21.338276022000059],[39.977396055000099,21.338270521000084],[39.977308105000077,21.338164128000074],[39.977257879000035,21.338100502000088],[39.977084752000167,21.337885327000151],[39.977296785000021,21.33771185300003],[39.977195061000145,21.337582161000114],[39.977763443000129,21.337183878000133],[39.977826303000143,21.337313179999967]]],[[[39.977202474000137,21.338177837000046],[39.977416635000168,21.338438772000018],[39.977679649000095,21.33876868800013],[39.977843443000154,21.338970134000135],[39.977713907000066,21.338997277000146],[39.977592671000025,21.339023199000167],[39.977391422000153,21.339087690999975],[39.977249553000036,21.339102503000163],[39.977131656000154,21.33895090600015],[39.977112967000096,21.338816476000034],[39.977034006000054,21.33868879400012],[39.977200078000124,21.338530576000153],[39.977214170000025,21.338449917000162],[39.977209831000152,21.338400190000016],[39.977159088999997,21.338275640000063],[39.977135648000115,21.338238708000176],[39.977040581000153,21.338155990000075],[39.976956845000132,21.338110376000031],[39.976754599000117,21.338094965000096],[39.976535821000141,21.338120603999982],[39.976544366000041,21.338092642000163],[39.976909790000093,21.337835470000016],[39.976916350000067,21.337831732999973],[39.976921286000163,21.337831705000156],[39.976926375000119,21.337834823000094],[39.977202474000137,21.338177837000046]]],[[[39.976866013999995,21.338285721999966],[39.97695867900012,21.338350492000188],[39.977011438000147,21.338456182000073],[39.976984248000008,21.338520301000131],[39.976914004999969,21.338700237000069],[39.976937699000189,21.338848033000033],[39.976960642000051,21.338991186000101],[39.977035902000011,21.339077255000177],[39.977104921000148,21.339156578000086],[39.977167242000064,21.339216594000106],[39.97714923000018,21.339221162000115],[39.976782079000088,21.339303243000074],[39.976755601000036,21.339206603000036],[39.976625447000117,21.338731544000098],[39.976518364000185,21.338340694000067],[39.976554375000092,21.338313657000072],[39.976704665000057,21.338279387000057],[39.976866013999995,21.338285721999966]]]]},"properties":{"OBJECTID":482,"camp_label":"57/62","gate_number":"57","Street":"62","Block":"78","Type":"external","Transport_mode":"النقل بالقطار","Capacity":4159,"Gate_Lat":21.338278854130568,"Gate_Lon":39.97728198983998,"Shape_Length":0.010157239658499677,"Shape_Area":1.3522689883207473e-06}},{"type":"Feature","id":483,"geometry":{"type":"Polygon","coordinates":[[[39.97870908200008,21.338196179000136],[39.978753021999978,21.338160612000138],[39.978829346000111,21.338103822000051],[39.978934513000183,21.337967821000063],[39.978961084000161,21.337924213000178],[39.978976760000023,21.33789143000007],[39.978988291000178,21.337861310000051],[39.97899549300007,21.337837887000148],[39.979007161000141,21.33777976600004],[39.979013727000165,21.337707878000117],[39.979013854000073,21.337663933000158],[39.979008000000135,21.337580707000029],[39.978898714000138,21.336683779000055],[39.978875695000113,21.336492760000112],[39.979299855000022,21.336441741999977],[39.979273053000156,21.336141704000056],[39.979542326000114,21.33611751300009],[39.979709797000055,21.336468692000096],[39.979699766000181,21.336583953000115],[39.979595184000061,21.33665468300012],[39.979549956000028,21.336729619000096],[39.979480006000131,21.336987040000167],[39.97942793500016,21.337174238000046],[39.979332785999986,21.337528081000073],[39.97932460800007,21.337558240000192],[39.979248919000099,21.337837257999979],[39.979276881000089,21.338041424000039],[39.979367101000093,21.338268301000028],[39.979183600999988,21.338417826000068],[39.978926063000188,21.338463005000165],[39.978679158000091,21.338431540000158],[39.978476345000104,21.338351421000027],[39.97870908200008,21.338196179000136]]]},"properties":{"OBJECTID":483,"camp_label":"51/62","gate_number":"51","Street":"62","Block":"78","Type":"external","Transport_mode":"النقل بالقطار","Capacity":4184,"Gate_Lat":21.337277102065904,"Gate_Lon":39.979180460722588,"Shape_Length":0.0063828624186810642,"Shape_Area":1.1077477445775092e-06}},{"type":"Feature","id":484,"geometry":{"type":"MultiPolygon","coordinates":[[[[39.979634865000037,21.335418430000061],[39.979628419000051,21.335429097000144],[39.979366027000026,21.335620692000077],[39.979309680000028,21.335691712000141],[39.97933598100019,21.335850915000037],[39.979354460000025,21.335912510000071],[39.979542326000114,21.33611751300009],[39.979273053000156,21.336141704000056],[39.979299855000022,21.336441741999977],[39.978875695000113,21.336492760000112],[39.978850495000188,21.336285413000098],[39.978813757000125,21.336102681999989],[39.978760456000089,21.335913677000121],[39.978662692000171,21.335641752000072],[39.978533043000027,21.33543359700019],[39.978410676000124,21.335229415000128],[39.978388535000136,21.335193067000148],[39.979634865000037,21.335418430000061]]],[[[39.97853630000003,21.335692044000155],[39.978576400000122,21.335744365000096],[39.978622563000158,21.335824520000074],[39.978645391000043,21.335870099000033],[39.978749630000095,21.33612592500009],[39.97876649900013,21.33629513000011],[39.978787254000167,21.336467232000132],[39.978791977000128,21.336506397000107],[39.978247076000059,21.33654462200019],[39.978247852000152,21.336517975000163],[39.978272900000093,21.335980585000129],[39.978293212000153,21.33542093200009],[39.978300332000003,21.335414119000177],[39.97853630000003,21.335692044000155]]]]},"properties":{"OBJECTID":484,"camp_label":"53/62","gate_number":"53","Street":"62","Block":"78","Type":"external","Transport_mode":"النقل بالقطار","Capacity":3893,"Gate_Lat":21.335893626840367,"Gate_Lon":39.978840108255312,"Shape_Length":0.0075173514643238895,"Shape_Area":1.1911597174047803e-06}},{"type":"Feature","id":485,"geometry":{"type":"Polygon","coordinates":[[[39.976782079000088,21.339303243000074],[39.976165583000068,21.339441032000025],[39.974797527000192,21.339711676000036],[39.974792765000132,21.339668583000105],[39.975087293000172,21.339394797000182],[39.975233306999996,21.339252357000134],[39.975385451000193,21.339148103000184],[39.975730364000185,21.338927766000154],[39.976424429000133,21.338411230000077],[39.97646619600016,21.338374138000177],[39.976518364000185,21.338340694000067],[39.976782079000088,21.339303243000074]]]},"properties":{"OBJECTID":485,"camp_label":"1/513","gate_number":"1","Street":"513","Block":"7-2","Type":"external","Transport_mode":"النقل بالقطار","Capacity":2572,"Gate_Lat":21.339128820571915,"Gate_Lon":39.975979927897619,"Shape_Length":0.0052504896698396843,"Shape_Area":1.1090275019092926e-06}},{"type":"Feature","id":486,"geometry":{"type":"Polygon","coordinates":[[[39.978597800000102,21.338591760000099],[39.9786706000001,21.33860118400014],[39.978926319000038,21.338634283000147],[39.979067960000123,21.338615006000055],[39.979119542000149,21.338636629000177],[39.978560294000033,21.33905350200007],[39.978544609000096,21.339049427000191],[39.978383595000082,21.33886969100007],[39.978206798000087,21.338825024000187],[39.978185510000117,21.338840705000166],[39.978137706000098,21.338787582000123],[39.977966092000088,21.33889758000015],[39.977833026999974,21.338830497000004],[39.977760496000144,21.338741652000067],[39.977783384000077,21.33872272300016],[39.97781229900005,21.338698808000061],[39.977735725000116,21.338617534000093],[39.977706807000061,21.338641449000022],[39.97769002400014,21.338655328000186],[39.977642929000069,21.338597640000046],[39.977700541000047,21.338581388000136],[39.978240700000072,21.338464347000127],[39.978353966000043,21.338506082000094],[39.978597800000102,21.338591760000099]]]},"properties":{"OBJECTID":486,"camp_label":"6/510","gate_number":"6","Street":"510","Block":"7-3","Type":"external","Transport_mode":"النقل بالقطار","Capacity":1844,"Gate_Lat":21.33871653674192,"Gate_Lon":39.978361378351451,"Shape_Length":0.0035373630950153315,"Shape_Area":4.1097656985432398e-07}},{"type":"Feature","id":487,"geometry":{"type":"Polygon","coordinates":[[[39.976994575000106,21.340217082000095],[39.976751723000064,21.340396411000086],[39.976736280000125,21.340367928000148],[39.976736006000067,21.340338174000181],[39.976714432000108,21.34030979400012],[39.976060911000104,21.340285860999984],[39.975557851000019,21.340267705000088],[39.975552536000066,21.340267505999975],[39.975022197000158,21.340247544000135],[39.975002474000178,21.340246802000081],[39.975001532000135,21.340239309000083],[39.97461361600017,21.340210084000034],[39.974611473999971,21.340231103000121],[39.973532581000143,21.340273901000103],[39.973529247000045,21.340266520000114],[39.973847425000088,21.340046028000131],[39.973899067000104,21.340039010000112],[39.973915536000163,21.340006705000178],[39.974095005000152,21.339970286000096],[39.974336515000061,21.339957441000024],[39.974356492000027,21.339955345000192],[39.974364593000075,21.339966412000138],[39.974551306000137,21.339954826000053],[39.974558375000129,21.339964243000054],[39.974568563000105,21.339991893000047],[39.974568524000176,21.340010750999966],[39.974591945000043,21.340044437000131],[39.974605506000046,21.340068021000093],[39.974615947000075,21.34007337200012],[39.974971312000093,21.340176448000079],[39.975058133000061,21.340176506000091],[39.975483618000055,21.340176793000069],[39.975998050000157,21.34017486200014],[39.976221938000037,21.340126255000143],[39.976520822000055,21.340054782000152],[39.976797465000118,21.339958479000074],[39.976994575000106,21.340217082000095]]]},"properties":{"OBJECTID":487,"camp_label":"4/510","gate_number":"4","Street":"510","Block":"7-3","Type":"external","Transport_mode":"النقل بالقطار","Capacity":1744,"Gate_Lat":21.340163995239585,"Gate_Lon":39.975305175884124,"Shape_Length":0.007431001856168319,"Shape_Area":5.8559587375053886e-07}},{"type":"Feature","id":488,"geometry":{"type":"Polygon","coordinates":[[[39.975009977000184,21.338727629000061],[39.974858103000031,21.33853375100017],[39.975595122000186,21.33800259700007],[39.975946080000085,21.338433071000168],[39.975206712000045,21.338962595000112],[39.975009977000184,21.338727629000061]]]},"properties":{"OBJECTID":488,"camp_label":"1/519","gate_number":"1","Street":"519","Block":"7-6","Type":"external","Transport_mode":"النقل بالقطار","Capacity":2184,"Gate_Lat":21.338483449781805,"Gate_Lon":39.975400910417378,"Shape_Length":0.0029260446080591066,"Shape_Area":5.0390399364102525e-07}},{"type":"Feature","id":489,"geometry":{"type":"Polygon","coordinates":[[[39.974958279000191,21.338775063000071],[39.97432969200014,21.339231938000125],[39.97350446400003,21.338209053000128],[39.974052467000035,21.337809049000043],[39.97461196200004,21.338476777000096],[39.974665519000098,21.338515308000126],[39.97475638300017,21.338538559000028],[39.974958279000191,21.338775063000071]]]},"properties":{"OBJECTID":489,"camp_label":"43/56","gate_number":"43","Street":"56","Block":"75C","Type":"external","Transport_mode":"النقل بالقطار","Capacity":3610,"Gate_Lat":21.338524029135534,"Gate_Lon":39.974215902864643,"Shape_Length":0.0041116846363080124,"Shape_Area":9.3338799791380213e-07}},{"type":"Feature","id":490,"geometry":{"type":"Polygon","coordinates":[[[39.974121462000141,21.339117817000158],[39.973455176000073,21.339622174000056],[39.972921106000115,21.338971583000159],[39.972746019999988,21.338757656000155],[39.972988245000067,21.338583156000084],[39.973450697000146,21.338250003000155],[39.974121462000141,21.339117817000158]]]},"properties":{"OBJECTID":490,"camp_label":"49/56","gate_number":"49","Street":"56","Block":"75D","Type":"external","Transport_mode":"النقل بالقطار","Capacity":4131,"Gate_Lat":21.338934993593547,"Gate_Lon":39.973440059706917,"Shape_Length":0.0039191362217732137,"Shape_Area":9.4303548458418717e-07}},{"type":"Feature","id":491,"geometry":{"type":"MultiPolygon","coordinates":[[[[39.975133511000081,21.338980332000062],[39.974499562000119,21.339442493000035],[39.97432969200014,21.339231938000125],[39.974958279000191,21.338775063000071],[39.975133511000081,21.338980332000062]]],[[[39.974421242000062,21.339476316000059],[39.973739278000096,21.339968256000134],[39.973455176000073,21.339622174000056],[39.974121462000141,21.339117817000158],[39.974421242000062,21.339476316000059]]]]},"properties":{"OBJECTID":491,"camp_label":"46/62","gate_number":"46","Street":"62","Block":"75C","Type":"external","Transport_mode":"النقل بالقطار","Capacity":2994,"Gate_Lat":21.339389587790006,"Gate_Lon":39.974218254834881,"Shape_Length":0.0046936476417565416,"Shape_Area":5.9345628730878803e-07}},{"type":"Feature","id":492,"geometry":{"type":"Polygon","coordinates":[[[39.975406432000057,21.340337089000172],[39.975433005000184,21.34033971600013],[39.975436788000081,21.340339879000055],[39.975494984000079,21.340342396000153],[39.97589860800008,21.340364856000065],[39.976258561000122,21.340385533000074],[39.976577636000115,21.340402254000139],[39.976577719000034,21.340414899000052],[39.976683575000095,21.340422614000033],[39.975929844000177,21.340981032000059],[39.975896845000193,21.341005991000088],[39.975876325000115,21.341021512000054],[39.975638980000099,21.34119448600012],[39.975637471000084,21.34119558500015],[39.975629627000103,21.341201227000056],[39.975597337000124,21.341224453000052],[39.975368875000015,21.34138875300016],[39.975269059000141,21.341461200000026],[39.975235285000167,21.341468716000065],[39.97523374900004,21.341465192000157],[39.975232556000037,21.341421853000043],[39.975214410000149,21.341386887000169],[39.975100572000144,21.341232173000151],[39.975097136000045,21.34122760200006],[39.975095602000067,21.341225561000158],[39.975495018000061,21.340986773999987],[39.975402234000057,21.340844264000111],[39.975653570000077,21.340693143000124],[39.975406432000057,21.340337089000172]]]},"properties":{"OBJECTID":492,"camp_label":"8/510","gate_number":"8","Street":"510","Block":"7-3","Type":"external","Transport_mode":"النقل بالقطار","Capacity":1956,"Gate_Lat":21.340772077992057,"Gate_Lon":39.975811800359388,"Shape_Length":0.0047303604407492802,"Shape_Area":6.7004797303174298e-07}},{"type":"Feature","id":493,"geometry":{"type":"Polygon","coordinates":[[[39.974349626000162,21.340729528000054],[39.974790924999979,21.340469299000063],[39.974934549000182,21.340685384000096],[39.974963636000155,21.340727474000062],[39.975215919000163,21.340575229000137],[39.975303977000181,21.340710644000069],[39.97555709500017,21.340554151000163],[39.975559462000092,21.340557560000036],[39.975653570000077,21.340693143000124],[39.975402234000057,21.340844264000111],[39.975495018000061,21.340986773999987],[39.975095602000067,21.341225561000158],[39.974987274000171,21.341081411999994],[39.974847384000157,21.341005124000105],[39.974830768000174,21.340996062000045],[39.974684722000177,21.34091764600015],[39.974349626000162,21.340729528000054]]]},"properties":{"OBJECTID":493,"camp_label":"10/518","gate_number":"10","Street":"518","Block":"7-5","Type":"external","Transport_mode":"النقل بالقطار","Capacity":1732,"Gate_Lat":21.340821291415967,"Gate_Lon":39.975027854093668,"Shape_Length":0.003583219727518436,"Shape_Area":4.4416058794828582e-07}},{"type":"Feature","id":494,"geometry":{"type":"Polygon","coordinates":[[[39.975202963000186,21.340583047000109],[39.974963636000155,21.340727474000062],[39.974790924999979,21.340469299000063],[39.974349626000162,21.340729528000054],[39.974011889000053,21.340535937000084],[39.974025187000052,21.340335847000063],[39.974716791999981,21.340307070000051],[39.975406432000057,21.340337089000172],[39.975466686000061,21.340423898000154],[39.97555709500017,21.340554151000163],[39.975303977000181,21.340710644000069],[39.975215919000163,21.340575229000137],[39.975202963000186,21.340583047000109]]]},"properties":{"OBJECTID":494,"camp_label":"5/508","gate_number":"5","Street":"508","Block":"7-3","Type":"external","Transport_mode":"النقل بالقطار","Capacity":2056,"Gate_Lat":21.340482624116945,"Gate_Lon":39.974759024833546,"Shape_Length":0.0038132479466561511,"Shape_Area":4.4520124416461715e-07}},{"type":"Feature","id":495,"geometry":{"type":"Polygon","coordinates":[[[39.969105292000052,21.336946141000055],[39.969471463000048,21.336681738000152],[39.970015318000037,21.336802151000086],[39.969985787000155,21.337128590000191],[39.969289901000138,21.337640666000084],[39.969260884000107,21.337620105000042],[39.968953505000172,21.337248039000031],[39.969209134000096,21.337074833000088],[39.969105292000052,21.336946141000055]]]},"properties":{"OBJECTID":495,"camp_label":"10/513","gate_number":"10","Street":"513","Block":"7-5A","Type":"external","Transport_mode":"النقل بالقطار","Capacity":1904,"Gate_Lat":21.337113029186199,"Gate_Lon":39.969499655188429,"Shape_Length":0.0031927613254243664,"Shape_Area":5.8664711110653274e-07}},{"type":"Feature","id":496,"geometry":{"type":"Polygon","coordinates":[[[39.968813824000108,21.336536130000184],[39.969253436000031,21.336633464000045],[39.969471463000048,21.336681738000152],[39.969105292000052,21.336946141000055],[39.969001086000105,21.336819103000039],[39.96877675900015,21.33698796200008],[39.96877554800011,21.336986498000158],[39.96877475500014,21.336987083999986],[39.968561468000189,21.336733096000103],[39.968813824000108,21.336536130000184]]]},"properties":{"OBJECTID":496,"camp_label":"7/521","gate_number":"7","Street":"521","Block":"7-8","Type":"external","Transport_mode":"النقل بالقطار","Capacity":1310,"Gate_Lat":21.336742745064182,"Gate_Lon":39.968968335245826,"Shape_Length":0.0022249790958655063,"Shape_Area":2.1751941023833269e-07}},{"type":"Feature","id":497,"geometry":{"type":"Polygon","coordinates":[[[39.968862084000193,21.337091076999968],[39.968877974000065,21.337110280000047],[39.969105292000052,21.336946141000055],[39.969209134000096,21.337074833000088],[39.968953505000172,21.337248039000031],[39.969260884000107,21.337620105000042],[39.969289901000138,21.337640666000084],[39.968728190000093,21.338054001999978],[39.968553784000051,21.337329998000143],[39.968543295000188,21.337286457000175],[39.968649699000082,21.337255761000108],[39.968733305000057,21.337196330000097],[39.968862084000193,21.337091076999968]]]},"properties":{"OBJECTID":497,"camp_label":"4/513","gate_number":"4","Street":"513","Block":"7-1","Type":"external","Transport_mode":"النقل بالقطار","Capacity":1272,"Gate_Lat":21.337509351122318,"Gate_Lon":39.968885843650995,"Shape_Length":0.0031641692266935828,"Shape_Area":4.140766266647044e-07}},{"type":"Feature","id":498,"geometry":{"type":"Polygon","coordinates":[[[39.968733305000057,21.337196330000097],[39.968649699000082,21.337255761000108],[39.968543295000188,21.337286457000175],[39.968514447000075,21.337166697000043],[39.968513673000189,21.337163485000133],[39.968372214000112,21.336576245000003],[39.968408945000078,21.336551465000127],[39.96852610600007,21.336472425000125],[39.968813824000108,21.336536130000184],[39.968561468000189,21.336733096000103],[39.96877475500014,21.336987083999986],[39.96877554800011,21.336986498000158],[39.96877675900015,21.33698796200008],[39.969001086000105,21.336819103000039],[39.969105292000052,21.336946141000055],[39.968877974000065,21.337110280000047],[39.968862084000193,21.337091076999968],[39.968733305000057,21.337196330000097]]]},"properties":{"OBJECTID":498,"camp_label":"6/513","gate_number":"6","Street":"513","Block":"7-1","Type":"external","Transport_mode":"النقل بالقطار","Capacity":1467,"Gate_Lat":21.336885913668098,"Gate_Lon":39.968655051977024,"Shape_Length":0.0029955599992305439,"Shape_Area":2.4988009613530609e-07}},{"type":"Feature","id":499,"geometry":{"type":"Polygon","coordinates":[[[39.969605612000066,21.336644929000045],[39.968914864000112,21.336519533000114],[39.968575370000053,21.33645317100013],[39.968574335000085,21.336428809000097],[39.969512972000189,21.335731017000057],[39.969640211000183,21.335900534000189],[39.969447883000043,21.33603466500017],[39.969652093999969,21.336279042000058],[39.969754995000073,21.336390281000092],[39.969605612000066,21.336644929000045]]]},"properties":{"OBJECTID":499,"camp_label":"9/521","gate_number":"9","Street":"521","Block":"7-8","Type":"external","Transport_mode":"النقل بالقطار","Capacity":2256,"Gate_Lat":21.336279031165002,"Gate_Lon":39.969258800454469,"Shape_Length":0.0034536072569826999,"Shape_Area":5.2079780312814309e-07}},{"type":"Feature","id":500,"geometry":{"type":"Polygon","coordinates":[[[39.970038914000042,21.335576119000052],[39.970036980000032,21.335627305000003],[39.970040218000122,21.335711951000121],[39.970040495000035,21.335825922000026],[39.970037728000079,21.336390278000181],[39.969995223000069,21.336420198000155],[39.969866496000122,21.336510815000111],[39.969652093999969,21.336279042000058],[39.969552080000085,21.33615935600011],[39.969447883000043,21.33603466500017],[39.969640211000183,21.335900534000189],[39.969513363000146,21.335731538000061],[39.970033044000047,21.3354124600001],[39.970038914000042,21.335576119000052]]]},"properties":{"OBJECTID":500,"camp_label":"8/513","gate_number":"8","Street":"513","Block":"7-5A","Type":"external","Transport_mode":"النقل بالقطار","Capacity":1864,"Gate_Lat":21.335973227926644,"Gate_Lon":39.969820000085377,"Shape_Length":0.0028772378639257191,"Shape_Area":4.0280366754498226e-07}},{"type":"Feature","id":501,"geometry":{"type":"Polygon","coordinates":[[[39.97164223600015,21.337069890000123],[39.971765686000083,21.337199225000063],[39.972168005000071,21.337590670000054],[39.972033790000069,21.337687458000062],[39.971973058000174,21.337613790000148],[39.971710949000055,21.337804092000113],[39.97166559600015,21.337835272000177],[39.971701590000123,21.337879408000106],[39.971699448000095,21.337932519000162],[39.971540223000147,21.338048864000086],[39.971419657000126,21.338136961000032],[39.971069509000131,21.3384009560001],[39.970565812000075,21.337846925000179],[39.97164223600015,21.337069890000123]]]},"properties":{"OBJECTID":501,"camp_label":"12/56","gate_number":"12","Street":"56","Block":"51A","Type":"external","Transport_mode":"النقل بالقطار","Capacity":4169,"Gate_Lat":21.337728068022319,"Gate_Lon":39.971340102703969,"Shape_Length":0.0043515180550191554,"Shape_Area":9.5037484371020975e-07}},{"type":"Feature","id":502,"geometry":{"type":"Polygon","coordinates":[[[39.972397175000026,21.338630324000064],[39.972249694000141,21.338740113000028],[39.971733300000039,21.339124528000127],[39.971095008000191,21.338428778000093],[39.971338007000099,21.338260374000185],[39.971455937000087,21.33817344900018],[39.971651848000079,21.338397306000161],[39.971759816000144,21.338519468000129],[39.971858765000036,21.338446224000108],[39.971987159000037,21.338594932000149],[39.972459544999992,21.338239624000096],[39.972521204000032,21.338193673000092],[39.972554630000161,21.338237221000156],[39.972627615000079,21.338322075000065],[39.972574578000035,21.338366880000137],[39.972638852000046,21.3384504120001],[39.972397175000026,21.338630324000064]]]},"properties":{"OBJECTID":502,"camp_label":"36/56","gate_number":"36","Street":"56","Block":"74B","Type":"external","Transport_mode":"النقل بالقطار","Capacity":2049,"Gate_Lat":21.338609316284103,"Gate_Lon":39.971825762526599,"Shape_Length":0.0043049855101555956,"Shape_Area":6.3341788366549781e-07}},{"type":"Feature","id":503,"geometry":{"type":"Polygon","coordinates":[[[39.973164165000071,21.338085919000036],[39.973090753000179,21.337999192999973],[39.973238022000032,21.337890836000156],[39.973321708000014,21.33782926400005],[39.972743647000073,21.337205151000035],[39.973368078000135,21.336770383000101],[39.97397896300015,21.337487631000101],[39.973662789000116,21.337719790000051],[39.973469241000089,21.337861910000072],[39.973164165000071,21.338085919000036]]]},"properties":{"OBJECTID":503,"camp_label":"52/62","gate_number":"52","Street":"62","Block":"75D","Type":"external","Transport_mode":"النقل بالقطار","Capacity":4390,"Gate_Lat":21.337369104007593,"Gate_Lon":39.973363128849797,"Shape_Length":0.003964928740727955,"Shape_Area":7.3426128371062735e-07}},{"type":"Feature","id":504,"geometry":{"type":"Polygon","coordinates":[[[39.973179733999984,21.338063526000099],[39.97297167500011,21.338216298000077],[39.972300259000178,21.337534491000099],[39.972759216000043,21.337182759000143],[39.973337277000155,21.337806871000055],[39.973106322000149,21.337976801000082],[39.973179733999984,21.338063526000099]]]},"properties":{"OBJECTID":504,"camp_label":"38/56","gate_number":"38","Street":"56","Block":"74B","Type":"external","Transport_mode":"النقل بالقطار","Capacity":1858,"Gate_Lat":21.337687632730741,"Gate_Lon":39.972833057511799,"Shape_Length":0.0030443078722571545,"Shape_Area":5.0537785703511428e-07}},{"type":"Feature","id":505,"geometry":{"type":"Polygon","coordinates":[[[39.96859445500013,21.335497655000154],[39.968710615000134,21.335636790000024],[39.968956342000126,21.335443651000105],[39.969197080000185,21.335765659999993],[39.969137101999991,21.335810128000162],[39.96910092100012,21.335780931000102],[39.969023475000085,21.33585001300014],[39.969037996000168,21.335883605999982],[39.968972167000118,21.33593417600008],[39.968909497000084,21.335983930000111],[39.968888471000128,21.335959395000145],[39.96879824500013,21.336027270000159],[39.968821190000142,21.336054040000079],[39.968343286000049,21.336422599000116],[39.9682098830001,21.335758381000062],[39.96859445500013,21.335497655000154]]]},"properties":{"OBJECTID":505,"camp_label":"63/62","gate_number":"63","Street":"62","Block":"7-1A","Type":"external","Transport_mode":"النقل بالقطار","Capacity":2368,"Gate_Lat":21.33587210312626,"Gate_Lon":39.968632687848753,"Shape_Length":0.0032465013103320671,"Shape_Area":4.8427492237108444e-07}},{"type":"Feature","id":506,"geometry":{"type":"Polygon","coordinates":[[[39.971084131000055,21.342275541000163],[39.971309181000038,21.342140501000188],[39.971626362999984,21.341946481000093],[39.971855910000102,21.342292302000033],[39.97153422000008,21.34247149700019],[39.971793912000123,21.342853458000093],[39.971054756000058,21.343283915000086],[39.970719723000116,21.342783648000022],[39.971214536000105,21.342490420000047],[39.971225192000134,21.342478425000081],[39.971084131000055,21.342275541000163]]]},"properties":{"OBJECTID":506,"camp_label":"25/62","gate_number":"25","Street":"62","Block":"44","Type":"external","Transport_mode":"النقل بالقطار","Capacity":3962,"Gate_Lat":21.342647466378672,"Gate_Lon":39.971324028833088,"Shape_Length":0.0041752322957243349,"Shape_Area":7.3187733819576593e-07}},{"type":"Feature","id":507,"geometry":{"type":"Polygon","coordinates":[[[39.972151269999983,21.342635237000081],[39.972523464000062,21.343184628000131],[39.971440721000079,21.343827123000096],[39.971054756000058,21.343283915000086],[39.971654686000136,21.342934539000112],[39.971793912000123,21.342853458000093],[39.972151269999983,21.342635237000081]]]},"properties":{"OBJECTID":507,"camp_label":"4/202","gate_number":"4","Street":"202","Block":"44","Type":"external","Transport_mode":"النقل بالقطار","Capacity":4360,"Gate_Lat":21.343233705566959,"Gate_Lon":39.971792508845944,"Shape_Length":0.0038630627844260458,"Shape_Area":8.3625570722938594e-07}},{"type":"Feature","id":508,"geometry":{"type":"Polygon","coordinates":[[[39.968980412000178,21.344928163000077],[39.968328741000164,21.344623804000037],[39.967409133000103,21.344194299000094],[39.968143454000028,21.343750170000192],[39.968980412000178,21.344928163000077]]]},"properties":{"OBJECTID":508,"camp_label":"29/56","gate_number":"29","Street":"56","Block":"46","Type":"external","Transport_mode":"النقل بالقطار","Capacity":3825,"Gate_Lat":21.344290878506424,"Gate_Lon":39.968177666582207,"Shape_Length":0.0040374388061317368,"Shape_Area":6.1837364932164202e-07}},{"type":"Feature","id":509,"geometry":{"type":"Polygon","coordinates":[[[39.966870893390819,21.336719313992262],[39.966020130992149,21.336938728550763],[39.965971995000075,21.336731896000003],[39.965851052000062,21.336212222000029],[39.965784500999973,21.335926257000096],[39.96587034900017,21.335878428000115],[39.966644666000036,21.335740953000027],[39.966645914000139,21.335746343000096],[39.96669867300011,21.335974234000048],[39.966703051000138,21.335993146000192],[39.966728894000084,21.336104771000123],[39.966870893390819,21.336719313992262]]]},"properties":{"OBJECTID":509,"camp_label":"16/56","gate_number":"16","Street":"56","Block":"51A","Type":"external","Transport_mode":"النقل بالقطار","Capacity":4483,"Gate_Lat":21.336325059486462,"Gate_Lon":39.966324418286455,"Shape_Length":0.0038070042182201851,"Shape_Area":9.1093983587889548e-07}},{"type":"Feature","id":510,"geometry":{"type":"MultiPolygon","coordinates":[[[[39.964693867000165,21.337435783999979],[39.964662051000005,21.33732606500007],[39.964583121000089,21.337029375000043],[39.964365297000143,21.336877515000083],[39.964385796000158,21.336817128000177],[39.964557845000115,21.336689874000115],[39.965040975000136,21.336389018999967],[39.965752398000063,21.336213674000135],[39.965976269000066,21.337158723000073],[39.965774403000069,21.337194284000077],[39.965758538000046,21.337201762000177],[39.965730622000081,21.337251986000069],[39.965094780000015,21.337377877999984],[39.96508961800015,21.337354739000148],[39.964693867000165,21.337435783999979]]],[[[39.964478624000037,21.337065205000158],[39.964492510000127,21.337124039000059],[39.964582104000044,21.337503652999999],[39.964856240000188,21.338665164000133],[39.96492038100007,21.338936926000031],[39.964426653000089,21.339295530000072],[39.96431104200019,21.339285609000001],[39.96399709700006,21.33796219200002],[39.964333472000078,21.336970921000159],[39.964478624000037,21.337065205000158]]]]},"properties":{"OBJECTID":510,"camp_label":"52A/50","gate_number":"52","Street":"50A","Block":"72B","Type":"internal","Transport_mode":"النقل بالقطار","Capacity":400,"Gate_Lat":21.337538413525689,"Gate_Lon":39.964839220099613,"Shape_Length":0.0098228627749385872,"Shape_Area":2.4726931453386379e-06}},{"type":"Feature","id":511,"geometry":{"type":"Polygon","coordinates":[[[39.966718587000173,21.343837504000135],[39.966862973000048,21.34373579600009],[39.966868284000043,21.343743589000098],[39.967518621000124,21.343354549000082],[39.967434369000102,21.343231192000076],[39.967517142000077,21.343181695000169],[39.967489214000068,21.343140704000064],[39.96765934900003,21.343040198999972],[39.967871059000174,21.34335901500009],[39.967645783000137,21.343496916000049],[39.967885299999978,21.343841785000052],[39.967351840000106,21.344157044000099],[39.967339527000036,21.344152719000192],[39.966717824000057,21.343874699000139],[39.966718587000173,21.343837504000135]]]},"properties":{"OBJECTID":511,"camp_label":"43/62","gate_number":"43","Street":"62","Block":"75A","Type":"external","Transport_mode":"النقل بالقطار","Capacity":2050,"Gate_Lat":21.34369493785973,"Gate_Lon":39.967397332466852,"Shape_Length":0.0038545577909718945,"Shape_Area":5.9288152162783984e-07}},{"type":"Feature","id":512,"geometry":{"type":"Polygon","coordinates":[[[39.971626362999984,21.341946481000093],[39.971084116000156,21.342275520000044],[39.970957042000123,21.342092753000145],[39.970750911000039,21.341796281000086],[39.970735594000132,21.341804965000108],[39.970734626000194,21.341803565000191],[39.97067608600014,21.341838704000168],[39.970242378000137,21.342099045000111],[39.969833048000055,21.341511984000135],[39.969866311000033,21.34147296000009],[39.969879193000054,21.34143680800014],[39.971021650000125,21.341535885000042],[39.97101953300006,21.341615655000055],[39.971084805000146,21.341621520000103],[39.971176703000083,21.341713040000059],[39.97122424600002,21.34160307000019],[39.971557380000093,21.341660140000101],[39.97154408300014,21.341695095999967],[39.971498414000166,21.341728462000106],[39.971471429000133,21.341734956000096],[39.971497118000059,21.341770028000155],[39.971626362999984,21.341946481000093]]]},"properties":{"OBJECTID":512,"camp_label":"42/62","gate_number":"42","Street":"62","Block":"75B","Type":"external","Transport_mode":"النقل بالقطار","Capacity":3384,"Gate_Lat":21.341784699638772,"Gate_Lon":39.970745834386982,"Shape_Length":0.0048802043194969835,"Shape_Area":7.6960533949012662e-07}},{"type":"Feature","id":513,"geometry":{"type":"Polygon","coordinates":[[[39.970719723000116,21.342783648000022],[39.970232255000099,21.342084528000044],[39.970750911000039,21.341796281000086],[39.971084131000055,21.342275541000163],[39.971225192000134,21.342478425000081],[39.971214536000105,21.342490420000047],[39.970719723000116,21.342783648000022]]]},"properties":{"OBJECTID":513,"camp_label":"16/202","gate_number":"16","Street":"202","Block":"45","Type":"external","Transport_mode":"النقل بالقطار","Capacity":3100,"Gate_Lat":21.342287080209307,"Gate_Lon":39.97073177024847,"Shape_Length":0.0028676964760796131,"Shape_Area":4.9774442117320638e-07}},{"type":"Feature","id":514,"geometry":{"type":"MultiPolygon","coordinates":[[[[39.970303444000081,21.342325808000112],[39.970263516000102,21.34234985400019],[39.969247378000091,21.34296181000019],[39.968926264000174,21.342504821000091],[39.969954192000102,21.341822481000122],[39.970303444000081,21.342325808000112]]],[[[39.970646597000098,21.342820339000127],[39.970891450000011,21.343173210000089],[39.970877790000145,21.343180350000125],[39.970894100000066,21.343197450000105],[39.971072250000077,21.343458990000101],[39.971362380000073,21.343877820000102],[39.970309500000042,21.344499940000048],[39.970066697999982,21.344155749000095],[39.97002091000013,21.344090590000121],[39.969935330000169,21.343967130000067],[39.969927280000036,21.343954190000034],[39.969838100000118,21.343822890000183],[39.969830319999971,21.343809090000093],[39.969716590000189,21.343647530000055],[39.969707820000167,21.343633899999986],[39.96960394000007,21.343480020000072],[39.969596662000185,21.343468810000047],[39.969590480000022,21.343459280000104],[39.969506260000173,21.343335720000027],[39.969496320000076,21.343322240000134],[39.969413490000136,21.343198870000094],[39.969402730000127,21.343185880000078],[39.969317610000189,21.343061760000069],[39.969278530000167,21.343006145000004],[39.970340805000035,21.342379654000126],[39.970646597000098,21.342820339000127]]]]},"properties":{"OBJECTID":514,"camp_label":"24/56","gate_number":"24","Street":"56","Block":"46","Type":"external","Transport_mode":"النقل بالقطار","Capacity":1506,"Gate_Lat":21.34318524276329,"Gate_Lon":39.970148803410993,"Shape_Length":0.0097400848829071445,"Shape_Area":2.9493804538975761e-06}},{"type":"Feature","id":515,"geometry":{"type":"Polygon","coordinates":[[[39.966454160000069,21.342686285000184],[39.966384164000146,21.342728719000149],[39.966250309000145,21.342809867000142],[39.966097563000119,21.342892443000039],[39.96605758600009,21.342913624000118],[39.965962040000193,21.34277349000007],[39.965915458999973,21.342706570000189],[39.965815570000188,21.342558584000187],[39.965652956000042,21.342319943000064],[39.965648343000112,21.342313169000079],[39.965495579000049,21.342089634000104],[39.965384032000145,21.341924235000192],[39.965199774000041,21.341651542000136],[39.965013757000179,21.341375627000104],[39.964870955000094,21.341162216000157],[39.964887089000172,21.341150731000141],[39.964884870000049,21.341135792000102],[39.964887348000104,21.341131288000042],[39.964891793000049,21.34112820900009],[39.964894024000102,21.341124438000008],[39.964914295000085,21.341110614000115],[39.964919109000164,21.341102873000125],[39.965030113000125,21.341039899000066],[39.965059359000008,21.340998399000171],[39.96512967100017,21.340946029000122],[39.965144317000124,21.340966028000082],[39.965144497000153,21.340965910000079],[39.965205981000111,21.340929167000127],[39.965228929000034,21.34091690200006],[39.965332840000031,21.341048560000161],[39.965340703000038,21.341037298000117],[39.965506960000027,21.341058610000061],[39.96586542,21.341106540000169],[39.965927620000002,21.341113410000162],[39.96606472000019,21.34113147000005],[39.966108040000051,21.341133450000086],[39.966129708000039,21.341106867000065],[39.966284331000111,21.341375694000192],[39.966029312999979,21.341543455000135],[39.965780590999998,21.341694660000144],[39.966454160000069,21.342686285000184]]]},"properties":{"OBJECTID":515,"camp_label":"14/44","gate_number":"14","Street":"44","Block":"59C","Type":"external","Transport_mode":"النقل بالقطار","Capacity":3804,"Gate_Lat":21.341765811723814,"Gate_Lon":39.9656995366337,"Shape_Length":0.006139484058253205,"Shape_Area":1.3072710518413029e-06}},{"type":"Feature","id":516,"geometry":{"type":"MultiPolygon","coordinates":[[[[39.96672234100015,21.340991450000047],[39.967020441000102,21.341036343000098],[39.967319238000073,21.341080128999977],[39.96746388300005,21.341105081000137],[39.967473177000102,21.34111656400006],[39.9672691130001,21.341369833000158],[39.967117337000161,21.341452689000107],[39.967067087000089,21.341385342000137],[39.966911278000055,21.341237272000114],[39.966832054000065,21.341188498000179],[39.966677151000113,21.341093133000186],[39.966491609000059,21.340977745000032],[39.966470492000155,21.340952499000082],[39.96672234100015,21.340991450000047]]],[[[39.96645439800011,21.341020682000135],[39.966878452000174,21.341282731000092],[39.967026315000055,21.341426412000146],[39.967156634000105,21.341601882000077],[39.966848729000105,21.341786792000107],[39.966667132999987,21.341898736000132],[39.966818692000004,21.342119510000089],[39.966984381000145,21.342361375000166],[39.966731668000136,21.342515850000041],[39.96648014699997,21.342670528000042],[39.966454160000069,21.342686285000184],[39.966072556000086,21.342126656000175],[39.965780590999998,21.341694660000144],[39.966029312999979,21.341543455000135],[39.966284331000111,21.341375694000192],[39.966129708000039,21.341106867000065],[39.966148610000175,21.341007950000176],[39.966193090000161,21.340976500000068],[39.966331714000034,21.340996341000164],[39.96642030400011,21.341009431000032],[39.966424630999995,21.341011918000106],[39.966439253000146,21.341002086000003],[39.96645439800011,21.341020682000135]]]]},"properties":{"OBJECTID":516,"camp_label":"10/44","gate_number":"10","Street":"44","Block":"59C","Type":"external","Transport_mode":"النقل بالقطار","Capacity":2072,"Gate_Lat":21.341706332146515,"Gate_Lon":39.966555386465501,"Shape_Length":0.0075584496569992702,"Shape_Area":1.3990044336141052e-06}},{"type":"Feature","id":517,"geometry":{"type":"Polygon","coordinates":[[[39.964884059000099,21.342950282000118],[39.964968823000163,21.342898458999969],[39.964977568000108,21.342893113000059],[39.964977774000147,21.342892986000152],[39.965097889000049,21.342819551000048],[39.965002401000106,21.342689161000067],[39.965533455000184,21.34236130000005],[39.9659509170001,21.342971980000129],[39.965936851000151,21.342980357000044],[39.965921043000094,21.34298977200018],[39.965912790000061,21.342994011000087],[39.965906285000131,21.342997352000111],[39.965899495000087,21.342986273000179],[39.965822125999978,21.342860030000111],[39.965627747000156,21.342983054000172],[39.96565847100004,21.343031015000122],[39.965682158000163,21.343067991000169],[39.965702504000035,21.343099751000125],[39.965711862000092,21.343114359000083],[39.965299179000169,21.343360148999977],[39.965142888999992,21.343328247000045],[39.965129342000068,21.343324004000124],[39.964884059000099,21.342950282000118]]]},"properties":{"OBJECTID":517,"camp_label":"9/68","gate_number":"9","Street":"68","Block":"27","Type":"0","Transport_mode":"النقل بالقطار","Capacity":0,"Gate_Lat":21.342886167587029,"Gate_Lon":39.965376747861278,"Shape_Length":0.00347554793325673,"Shape_Area":5.5619277448892458e-07}},{"type":"Feature","id":518,"geometry":{"type":"Polygon","coordinates":[[[39.965044055000192,21.342663445000085],[39.965002401000106,21.342689161000067],[39.965097889000049,21.342819551000048],[39.964884059000099,21.342950282000118],[39.965129342000068,21.343324004000124],[39.965115757999968,21.343319751000024],[39.964628376000178,21.343127947000141],[39.964312374000144,21.342998641000122],[39.964184041000067,21.342947108000033],[39.964153068000087,21.342901304000122],[39.964080981000109,21.342795709000029],[39.964039731000071,21.342735289000188],[39.964726860000155,21.342320905000179],[39.964790980000146,21.342282234999971],[39.965044055000192,21.342663445000085]]]},"properties":{"OBJECTID":518,"camp_label":"4/124","gate_number":"4","Street":"124","Block":"27","Type":"external","Transport_mode":"النقل بالقطار","Capacity":2189,"Gate_Lat":21.342786135111655,"Gate_Lon":39.96463505770766,"Shape_Length":0.0035171084032345878,"Shape_Area":5.6122905853490329e-07}},{"type":"Feature","id":519,"geometry":{"type":"Polygon","coordinates":[[[39.964997344000153,21.341575986000066],[39.965278689000058,21.341988110000102],[39.965322264000008,21.342051944000048],[39.965533455000184,21.34236130000005],[39.965044055000192,21.342663445000085],[39.964790980000146,21.342282234999971],[39.964726860000155,21.342320905000179],[39.964453292000087,21.341900739000039],[39.964997344000153,21.341575986000066]]]},"properties":{"OBJECTID":519,"camp_label":"2/124","gate_number":"2","Street":"124","Block":"27","Type":"0","Transport_mode":"النقل بالقطار","Capacity":0,"Gate_Lat":21.342116508402363,"Gate_Lon":39.964997619828075,"Shape_Length":0.0031934438566649861,"Shape_Area":5.7922783305148135e-07}},{"type":"Feature","id":520,"geometry":{"type":"MultiPolygon","coordinates":[[[[39.964726860000155,21.342320905000179],[39.964039731000071,21.342735289000188],[39.963754691000076,21.342317741000102],[39.963489731000038,21.341929607000111],[39.963733939000122,21.341783280000186],[39.963994228000104,21.342174759000159],[39.964453292000087,21.341900739000039],[39.964601289000143,21.342128044000106],[39.964726860000155,21.342320905000179]]],[[[39.964498378000087,21.343385897000189],[39.964634010999987,21.343441030000008],[39.964635025000121,21.343441442000085],[39.964669233000109,21.343455347000088],[39.964722746000177,21.343477099000097],[39.9649037370001,21.343550669000138],[39.964940076000005,21.343564940000135],[39.964947737000045,21.343570729000191],[39.964922550000153,21.343585329000177],[39.964663134000034,21.343742346000113],[39.964408492000075,21.343349360000104],[39.964498378000087,21.343385897000189]]]]},"properties":{"OBJECTID":520,"camp_label":"3/115","gate_number":"3","Street":"115","Block":"23B","Type":"0","Transport_mode":"النقل بالقطار","Capacity":0,"Gate_Lat":21.342417767174275,"Gate_Lon":39.964190313563265,"Shape_Length":0.004952589877884119,"Shape_Area":6.1686764225715583e-07}},{"type":"Feature","id":521,"geometry":{"type":"Polygon","coordinates":[[[39.969832993000125,21.339364349000164],[39.970013320000191,21.339233770000078],[39.970544790000133,21.338844730000062],[39.971040799000036,21.338484333000167],[39.971676630000161,21.339172479000069],[39.971494770000049,21.339311920000171],[39.970894523000027,21.339762849000067],[39.970679754000116,21.339923681000073],[39.970591160000083,21.339816880000001],[39.970534650000161,21.339767419999987],[39.970513870000048,21.33974773000017],[39.97048193500018,21.339720892000059],[39.970468570000037,21.339706830000125],[39.970399907000115,21.339657204000105],[39.970336300000099,21.339618810000161],[39.970317869000098,21.339609416000087],[39.970288295000159,21.339593113000092],[39.970254434000083,21.339576590000036],[39.970210530000031,21.339558294000142],[39.970164310000087,21.339542530000074],[39.970139770000173,21.339533700000061],[39.970068900000172,21.339513610000154],[39.969969070000104,21.339490810000029],[39.969832993000125,21.339364349000164]]]},"properties":{"OBJECTID":521,"camp_label":"44/50","gate_number":"44","Street":"50","Block":"52","Type":"external","Transport_mode":"النقل بالقطار","Capacity":4211,"Gate_Lat":21.339217256850166,"Gate_Lon":39.97080341692142,"Shape_Length":0.0047186206143039642,"Shape_Area":1.2643322675612076e-06}},{"type":"Feature","id":522,"geometry":{"type":"Polygon","coordinates":[[[39.969927977000168,21.338737738000077],[39.970021504000158,21.338668858000062],[39.969900759000041,21.338523579000025],[39.969900677000055,21.338523568000141],[39.96985670100014,21.338475266000046],[39.969913727000062,21.338187111000082],[39.969931289999977,21.33809836100005],[39.970377246000112,21.337772123000036],[39.971001940000122,21.338442549999968],[39.970771220000017,21.338612860000069],[39.970298810000031,21.338958320000017],[39.969778020000092,21.339334060000056],[39.969658230000164,21.33922737600011],[39.969657430000098,21.339221730000133],[39.969634610000128,21.339199720000124],[39.969654091000052,21.339187793999997],[39.969599628000083,21.339126649000036],[39.969576369000038,21.339147734000051],[39.969486734000157,21.33906270000017],[39.969721567000136,21.33888975300016],[39.969927977000168,21.338737738000077]]]},"properties":{"OBJECTID":522,"camp_label":"46/50","gate_number":"46","Street":"50","Block":"52","Type":"external","Transport_mode":"النقل بالقطار","Capacity":3539,"Gate_Lat":21.338530647218533,"Gate_Lon":39.97024813245482,"Shape_Length":0.0047432687178192321,"Shape_Area":1.0085452557753025e-06}},{"type":"Feature","id":523,"geometry":{"type":"MultiPolygon","coordinates":[[[[39.969817308000131,21.338139669000043],[39.969752965000055,21.338358415000073],[39.969737408000128,21.338411302000054],[39.969721391000121,21.338465753000037],[39.969653547000178,21.338514304000057],[39.969573997000168,21.338571232000163],[39.969538712000031,21.338596482000128],[39.969434083000181,21.33867135700018],[39.969373140000187,21.338714971000059],[39.969323628000154,21.338750401000141],[39.969225867000148,21.338820361000103],[39.969114152000088,21.338715977000163],[39.969034930000078,21.338642317000108],[39.968988939000099,21.338599555000087],[39.968804790000036,21.338421658000016],[39.968823315000066,21.33840993900003],[39.968824466000058,21.338404877000187],[39.968920563000097,21.338331788000062],[39.968983485000194,21.338288922000061],[39.969137409000098,21.338174300000162],[39.969193007000115,21.338131898000029],[39.969316852000134,21.3380422460001],[39.969330271000103,21.338033097000107],[39.969467196000153,21.337931582000181],[39.969515385000136,21.337895533000108],[39.969525983000096,21.337909284000091],[39.969541821000178,21.337929020000161],[39.969585335000033,21.337894529000039],[39.969567159000178,21.337870630999987],[39.969568115000072,21.337869724000029],[39.969583778000185,21.33784547200014],[39.969817308000131,21.338139669000043]]],[[[39.968838829000106,21.340073673000063],[39.968752731999984,21.340104476000192],[39.968715816000156,21.340069757000094],[39.968726294000135,21.340060965000077],[39.968704982000133,21.340041455000062],[39.968694818000188,21.340050520000148],[39.968361506000122,21.339745430000164],[39.968117942000049,21.339530235000041],[39.967864454000051,21.339283386000091],[39.967846141000052,21.339261921000002],[39.967827828000054,21.339240457000187],[39.967790456000159,21.339166406000004],[39.967968104000079,21.339031438000063],[39.967990286000145,21.339050154000176],[39.968017705000193,21.339023286000099],[39.968001369000092,21.339006234000067],[39.968277939000075,21.338803589000122],[39.968305894000139,21.338783108000086],[39.968753528000093,21.338457800000185],[39.968866130000151,21.338585277000163],[39.96888803600018,21.33860702100003],[39.968966123000143,21.338680744000158],[39.969091669000079,21.338799269000106],[39.969215154000096,21.338914152000086],[39.969338282000137,21.339025351000146],[39.969506473000081,21.339178412000138],[39.969484554000132,21.339199860000122],[39.9695010800001,21.339215687000092],[39.969523803000129,21.339194547000147],[39.969593956000153,21.339260103000072],[39.969616142000007,21.339281065000023],[39.969704282000066,21.339363493000064],[39.969804348000139,21.339493373000153],[39.969428986000025,21.339717846000156],[39.969221975000039,21.339842662000024],[39.969138250000128,21.339893144000087],[39.96898469700011,21.339985727000055],[39.968924485000116,21.340022031000046],[39.968838829000106,21.340073673000063]]]]},"properties":{"OBJECTID":523,"camp_label":"40/50","gate_number":"40","Street":"50","Block":"53","Type":"external","Transport_mode":"النقل بالقطار","Capacity":3925,"Gate_Lat":21.339087155569207,"Gate_Lon":39.968911919570829,"Shape_Length":0.0083273577469538777,"Shape_Area":2.2057522614856621e-06}},{"type":"Feature","id":524,"geometry":{"type":"MultiPolygon","coordinates":[[[[39.967938628000127,21.340369664000093],[39.967410368000117,21.340350398000112],[39.967321338000033,21.340338121000059],[39.967231128000037,21.340318927000055],[39.967015245000027,21.340272992999985],[39.966431867000097,21.340148864000128],[39.966918119000184,21.339796424000099],[39.96711113200007,21.33965653000007],[39.967938628000127,21.340369664000093]]],[[[39.968681565000054,21.340146358000084],[39.968685326000127,21.340162559000134],[39.968478640000058,21.340287628000056],[39.968417068000122,21.340327340000158],[39.968374149000056,21.340349663000154],[39.96833573300006,21.34037521800019],[39.968291225000087,21.340393873000039],[39.968255149000129,21.340409066000177],[39.968232078000085,21.340415570000175],[39.968200969000065,21.340420666000057],[39.968179685000109,21.340421871000046],[39.968164508000029,21.340422209999986],[39.968054519000077,21.340390566000053],[39.967970607000041,21.34031520800005],[39.967182315000173,21.339604590000022],[39.967359483999985,21.339474058000064],[39.967471678000038,21.339389571000083],[39.967642968000177,21.339268253000171],[39.967655096000158,21.339282088000175],[39.967695462000108,21.339250491000143],[39.967683653999984,21.339238184000124],[39.967710180000097,21.339221437000049],[39.967732172000126,21.339205253000102],[39.967862270000069,21.339354273000026],[39.967847865000181,21.339370045000067],[39.96848273400002,21.339963242000067],[39.968494263000025,21.339973942000029],[39.968484616000183,21.339999704000036],[39.968524528000103,21.34003826300011],[39.968545275000167,21.34002172400011],[39.968681565000054,21.340146358000084]]],[[[39.966754099000127,21.340329473000054],[39.967130550000093,21.340412961000027],[39.967418287000157,21.340455924000139],[39.967342117000101,21.340771887000074],[39.96716810800018,21.340747812000131],[39.96689124400018,21.340709506000167],[39.966786595000144,21.340695027000095],[39.966398848000097,21.340641378000043],[39.966180417000089,21.34061115500009],[39.966429164000147,21.340228283000044],[39.966754099000127,21.340329473000054]]]]},"properties":{"OBJECTID":524,"camp_label":"9/44","gate_number":"9","Street":"44","Block":"52","Type":"external","Transport_mode":"النقل بالقطار","Capacity":3319,"Gate_Lat":21.340073828821595,"Gate_Lon":39.967450972345326,"Shape_Length":0.01043813655060425,"Shape_Area":1.6996056783520494e-06}},{"type":"Feature","id":525,"geometry":{"type":"Polygon","coordinates":[[[39.960459162000177,21.345332783000174],[39.959940916000107,21.345636422000155],[39.959175503000097,21.344589953000138],[39.959715163000169,21.344257593000179],[39.960459162000177,21.345332783000174]]]},"properties":{"OBJECTID":525,"camp_label":"6/50","gate_number":"6","Street":"50","Block":"12D","Type":"external","Transport_mode":"النقل بالقطار","Capacity":5300,"Gate_Lat":21.344949011852911,"Gate_Lon":39.959819662191045,"Shape_Length":0.0038384617160541219,"Shape_Area":8.0112507721877438e-07}},{"type":"Feature","id":526,"geometry":{"type":"Polygon","coordinates":[[[39.961386196105821,21.342274448372848],[39.962186849000034,21.342480082000122],[39.961068950000026,21.343186798000147],[39.960812918550971,21.34280824940538],[39.960698640704038,21.342878320932755],[39.960601922020317,21.342738912068569],[39.961386196105821,21.342274448372848]]]},"properties":{"OBJECTID":526,"camp_label":"4/50","gate_number":"4","Street":"50","Block":"12D","Type":"external","Transport_mode":"النقل بالقطار","Capacity":1896,"Gate_Lat":21.342674496007945,"Gate_Lon":39.961339985487349,"Shape_Length":0.003821406428092331,"Shape_Area":6.6224168866905345e-07}},{"type":"Feature","id":527,"geometry":{"type":"Polygon","coordinates":[[[39.96702449999998,21.337384083000074],[39.966572952000149,21.337724052000056],[39.966254662999972,21.337946465000073],[39.966165549235598,21.337473696088068],[39.966100316070822,21.337179422108647],[39.966432864528201,21.337103741102283],[39.966497826012358,21.337363076707561],[39.966996708000181,21.337263807000056],[39.967000808000194,21.337281554000015],[39.96702449999998,21.337384083000074]]]},"properties":{"OBJECTID":527,"camp_label":"52/38","gate_number":"52","Street":"38","Block":"61A","Type":"internal","Transport_mode":"النقل بالقطار","Capacity":883,"Gate_Lat":21.33747889350607,"Gate_Lon":39.966471402123304,"Shape_Length":0.0029765380132515578,"Shape_Area":3.7300314371328278e-07}},{"type":"Feature","id":528,"geometry":{"type":"Polygon","coordinates":[[[39.968653195000002,21.342289514000129],[39.96866226200018,21.342303077000111],[39.968756280000093,21.342439369000033],[39.968552132000127,21.342561519000185],[39.968635387000177,21.342683214000033],[39.968189382000105,21.342953314000169],[39.967959605000033,21.343090267000036],[39.967861833000086,21.343149624000091],[39.967767005000042,21.343012563000002],[39.967750407000096,21.342987906000189],[39.967682756000102,21.342889998000089],[39.96767795500017,21.34287989000012],[39.967705814000055,21.34285484000003],[39.967678600000113,21.342817413000034],[39.967646893000051,21.342836389000183],[39.967626986000141,21.342808514000126],[39.967604629000107,21.342776477000029],[39.967544842000052,21.342690321000191],[39.967491385000187,21.342611714000157],[39.967463351000163,21.342596797000056],[39.967403824000144,21.342524829000183],[39.967405849000045,21.342504201000054],[39.967379092000044,21.342461912000033],[39.967383282000185,21.342459222000173],[39.967395416000159,21.342476134000151],[39.967466235000074,21.342430829000023],[39.967452666999975,21.342414056000166],[39.967526249000059,21.342366206000122],[39.967538361000152,21.342358641000089],[39.967670607000059,21.342276421000065],[39.967685398000128,21.342297302000077],[39.967727885000045,21.342273982000108],[39.967751182000086,21.342259162000119],[39.967831896000177,21.342212080000138],[39.967856680000125,21.342249375000108],[39.967886616000101,21.342228652000074],[39.96786598500006,21.342192234000095],[39.967909261000102,21.342166571000178],[39.967966676000174,21.342249388000027],[39.968142090000129,21.342143927000109],[39.968171913000162,21.342189115999986],[39.968183365000073,21.342203476000122],[39.968469130000187,21.342031444000099],[39.968614848000129,21.342235750000157],[39.968653195000002,21.342289514000129]]]},"properties":{"OBJECTID":528,"camp_label":"32/56","gate_number":"32","Street":"56","Block":"74A","Type":"internal","Transport_mode":"النقل بالقطار","Capacity":2235,"Gate_Lat":21.342557557363456,"Gate_Lon":39.968078978190967,"Shape_Length":0.0041731537047122865,"Shape_Area":8.2490315661526488e-07}},{"type":"Feature","id":529,"geometry":{"type":"Polygon","coordinates":[[[39.966718587000173,21.343837504000135],[39.966704559000107,21.343815913000071],[39.966732834000027,21.343796029000032],[39.966687554000032,21.34373875700004],[39.966735283000162,21.343691585000045],[39.966715211000064,21.343663838000168],[39.96663210100013,21.343711825000128],[39.96660909100018,21.343678387000068],[39.966656434000129,21.343651700000066],[39.966612748000045,21.343589615000155],[39.96656606900018,21.343614881000121],[39.96652710900014,21.343557371000145],[39.966816916000084,21.343366367000158],[39.966570154000067,21.343007027999988],[39.966606616000092,21.342985136000152],[39.966588411000089,21.342961842000022],[39.966563078000036,21.342921725000167],[39.967030566000176,21.342642247000128],[39.967052968000075,21.342628185000024],[39.967210228999988,21.342533709000179],[39.967254836000052,21.34250679600018],[39.967299568000044,21.342515338000169],[39.967321637000168,21.342548513000168],[39.96765934900003,21.343040198999972],[39.967489214000068,21.343140704000064],[39.967517142000077,21.343181695000169],[39.967434369000102,21.343231192000076],[39.967518621000124,21.343354549000082],[39.966868284000043,21.343743589000098],[39.966862973000048,21.34373579600009],[39.966718587000173,21.343837504000135]]]},"properties":{"OBJECTID":529,"camp_label":"28/56","gate_number":"28","Street":"56","Block":"74A","Type":"internal","Transport_mode":"النقل بالقطار","Capacity":2398,"Gate_Lat":21.34313506645514,"Gate_Lon":39.967072329032661,"Shape_Length":0.0044520100948203462,"Shape_Area":8.1009417684501842e-07}},{"type":"Feature","id":530,"geometry":{"type":"Polygon","coordinates":[[[39.96785762799999,21.343146398000158],[39.968635387000177,21.342683214000033],[39.96863194600013,21.342685298000049],[39.968648294000047,21.342708250000157],[39.968727499000124,21.342819214000087],[39.968877710000015,21.342725853000104],[39.968781166000042,21.342592891000095],[39.96884890400014,21.3425500190001],[39.968991025000093,21.342780562000087],[39.969025296000154,21.342832968000153],[39.969180490000042,21.343058837000115],[39.968862305000073,21.343250144000024],[39.9687978770001,21.3432282710001],[39.968449176000092,21.34342706700005],[39.968467504000046,21.343455721999987],[39.968430108000121,21.343480059000171],[39.968443089000061,21.343498697000086],[39.968399791000024,21.343526741000119],[39.968398139000044,21.343525051000142],[39.968297436000171,21.34358862199997],[39.968274977000192,21.343601203000048],[39.968200785000079,21.343646121000063],[39.96785762799999,21.343146398000158]]]},"properties":{"OBJECTID":530,"camp_label":"28/50","gate_number":"28","Street":"50","Block":"55","Type":"internal","Transport_mode":"النقل بالقطار","Capacity":2118,"Gate_Lat":21.343109760782443,"Gate_Lon":39.968505589016864,"Shape_Length":0.0039363577986985211,"Shape_Area":6.3837919884939144e-07}},{"type":"Feature","id":531,"geometry":{"type":"Polygon","coordinates":[[[39.960864338000135,21.342884275000074],[39.961033211000142,21.343133956000031],[39.960998515000142,21.343154817000084],[39.961019378000174,21.343186977000073],[39.960847182000123,21.34329179600013],[39.960702465000168,21.343093468000063],[39.960679459000175,21.343064970000171],[39.960266974999968,21.343288451000092],[39.960440802000051,21.343539896000038],[39.960334354000167,21.343603830000177],[39.96030697700013,21.343564087000175],[39.960233090000145,21.343614388000162],[39.960168212999974,21.343657763000124],[39.960191046000034,21.343691231000037],[39.959936856000127,21.343843439000182],[39.959596661000148,21.343351150000046],[39.959848790000137,21.343198321000102],[39.959821232000138,21.343158601000027],[39.960031203000028,21.34299281400007],[39.959926188000111,21.342842920000123],[39.960185502000115,21.342653301000155],[39.960422367000035,21.342480102000081],[39.960698641000192,21.342878321000114],[39.960812919000034,21.342808248999972],[39.960864338000135,21.342884275000074]]]},"properties":{"OBJECTID":531,"camp_label":"5/126","gate_number":"5","Street":"126","Block":"26B","Type":"internal","Transport_mode":"النقل بالقطار","Capacity":2328,"Gate_Lat":21.343151489267115,"Gate_Lon":39.960254841293995,"Shape_Length":0.0050327464532139623,"Shape_Area":8.0974970304247504e-07}},{"type":"Feature","id":532,"geometry":{"type":"Polygon","coordinates":[[[39.959820975000014,21.343675750000102],[39.959936856000127,21.343843439000182],[39.959784771000045,21.343934917000126],[39.959764073000144,21.34390478500012],[39.959716980000053,21.343932247000112],[39.959738128000026,21.343963037000151],[39.959685382000089,21.343994837000139],[39.959432856000149,21.344145425000136],[39.959158901000137,21.344312355999989],[39.958742961000041,21.343709049000097],[39.959237807000079,21.34334654100013],[39.959263979000127,21.343376732000024],[39.959338857000091,21.343323199000167],[39.959347732000026,21.343316582000057],[39.959421362000114,21.343264767000107],[39.959394564000036,21.343231661000004],[39.959474097000111,21.343173466999986],[39.959502482000062,21.343214230000115],[39.95956844900013,21.343173940000156],[39.959557227000062,21.343153586000028],[39.959617376000153,21.343109872000184],[39.959677526000178,21.343066160000092],[39.959656994000056,21.343039261000115],[39.959710979000192,21.342999612000085],[39.959741398000119,21.343043291000072],[39.959821232000138,21.343158601000027],[39.959848790000137,21.343198321000102],[39.959596626000064,21.343351099000131],[39.959596661000148,21.343351150000046],[39.959740012000168,21.34355859100009],[39.959820975000014,21.343675750000102]]]},"properties":{"OBJECTID":532,"camp_label":"10/110","gate_number":"10","Street":"110","Block":"57","Type":"internal","Transport_mode":"النقل بالقطار","Capacity":2170,"Gate_Lat":21.343715121571101,"Gate_Lon":39.959360037625281,"Shape_Length":0.0042376396143495388,"Shape_Area":7.4864198084158403e-07}},{"type":"Feature","id":533,"geometry":{"type":"Polygon","coordinates":[[[39.958487434000119,21.344373065000127],[39.95845393500008,21.344324600000107],[39.958410771000047,21.344262152000113],[39.958182516000079,21.344400628000187],[39.958054083000036,21.344214584000099],[39.958346894000044,21.343998375000069],[39.958528271000034,21.343867364000118],[39.958742961000041,21.343709049000097],[39.959158901000137,21.344312355999989],[39.958792334000123,21.344533494000189],[39.958751869000025,21.344474629000047],[39.958711693999987,21.34449902199998],[39.95866949200007,21.344437863000167],[39.958580943000129,21.344508348000033],[39.958487434000119,21.344373065000127]]]},"properties":{"OBJECTID":533,"camp_label":"9/108","gate_number":"9","Street":"108","Block":"2","Type":"#N/A","Transport_mode":"النقل بالقطار","Capacity":0,"Gate_Lat":21.344165223563259,"Gate_Lon":39.95864452402239,"Shape_Length":0.0031136206220135337,"Shape_Area":4.5937058093862802e-07}},{"type":"Feature","id":534,"geometry":{"type":"Polygon","coordinates":[[[39.958047832000148,21.344983090000085],[39.958024917000103,21.344996004000109],[39.957906297000079,21.344856563000178],[39.957818775000135,21.344907104000185],[39.957693645000063,21.344726487000059],[39.957458666000093,21.344871348000083],[39.957359492000194,21.344724381000105],[39.957587365000165,21.344556917999967],[39.95758813600014,21.344556352000097],[39.957809840000152,21.344393614000182],[39.957858551000186,21.344446779000009],[39.957888746000151,21.344426316000181],[39.957837789000109,21.344373099000165],[39.957938874000035,21.344298899000023],[39.958031205999987,21.344228808000025],[39.958054083000036,21.344214584000099],[39.958182516000079,21.344400628000187],[39.958285598000089,21.344338090000178],[39.958324685000036,21.344314377000103],[39.958410771000047,21.344262152000113],[39.95845393500008,21.344324600000107],[39.958487434000119,21.344373065000127],[39.958580943000129,21.344508348000033],[39.95866949200007,21.344437863000167],[39.958711693999987,21.34449902199998],[39.958752191000087,21.344557710000061],[39.958600056000193,21.344648632000144],[39.958579640000096,21.344620932000112],[39.958560530000113,21.344631722000145],[39.958557510000048,21.344627029000037],[39.958501156000182,21.344663119000188],[39.958523393000121,21.344694449000087],[39.958369653000034,21.344786330000147],[39.958047832000148,21.344983090000085]]]},"properties":{"OBJECTID":534,"camp_label":"3/122","gate_number":"3","Street":"122","Block":"26A","Type":"internal","Transport_mode":"النقل بالقطار","Capacity":1138,"Gate_Lat":21.344607900026663,"Gate_Lon":39.958063648604679,"Shape_Length":0.0039447271466211921,"Shape_Area":5.2502193784429312e-07}},{"type":"Feature","id":535,"geometry":{"type":"Polygon","coordinates":[[[39.957848835000107,21.345101276000094],[39.957776331000161,21.345144624000113],[39.957691134000129,21.345197454000072],[39.957614739000121,21.345097544000112],[39.957574870000087,21.345038244000023],[39.95753908100005,21.344985015000134],[39.9575381840001,21.344985556000097],[39.957458666000093,21.344871348000083],[39.957693645000063,21.344726487000059],[39.95781099300018,21.34489587000013],[39.957730868000056,21.344943443000091],[39.957848835000107,21.345101276000094]]]},"properties":{"OBJECTID":535,"camp_label":"2/102","gate_number":"2","Street":"102","Block":"12F","Type":"internal","Transport_mode":"النقل بالقطار","Capacity":210,"Gate_Lat":21.344956217396494,"Gate_Lon":39.957664527853296,"Shape_Length":0.0013586364888611569,"Shape_Area":9.2507867967586069e-08}},{"type":"Feature","id":536,"geometry":{"type":"Polygon","coordinates":[[[39.957089983000003,21.345936299000186],[39.957075308000128,21.345951858000149],[39.956959444000177,21.346074698000166],[39.957019714000182,21.34611740500003],[39.956959376000157,21.34617887700017],[39.956927465000092,21.346155121000152],[39.956843250000134,21.346247006000056],[39.956842150000057,21.346245968000119],[39.95684127700008,21.346246898000004],[39.956620022000152,21.346037332000094],[39.956620749000081,21.346037133000152],[39.95662227300005,21.346036715000139],[39.957042802000103,21.345847678000041],[39.957166469000128,21.34579208700012],[39.957195124000123,21.345824827000172],[39.957195062000096,21.345824894000089],[39.957091330000026,21.345934871000054],[39.957089983000003,21.345936299000186]]]},"properties":{"OBJECTID":536,"camp_label":"23/68","gate_number":"23","Street":"68","Block":"28C","Type":"internal","Transport_mode":"النقل بالقطار","Capacity":220,"Gate_Lat":21.346023562527272,"Gate_Lon":39.956897587864198,"Shape_Length":0.0016179389691243482,"Shape_Area":9.7489204941112863e-08}},{"type":"Feature","id":537,"geometry":{"type":"Polygon","coordinates":[[[39.957530913000085,21.346084613000187],[39.957775329000071,21.346283276000179],[39.957357229000138,21.346731809000062],[39.957320252000159,21.346696930000121],[39.957208656000148,21.346590113000104],[39.95713653200005,21.346523639999987],[39.956843250000134,21.346247006000056],[39.956927465000092,21.346155121000152],[39.956959376000157,21.34617887700017],[39.957088655000121,21.346275119000154],[39.957384999000112,21.345966013000123],[39.957489068000086,21.346050601000059],[39.957524912000054,21.34607973500016],[39.957530913000085,21.346084613000187]]]},"properties":{"OBJECTID":537,"camp_label":"10/68","gate_number":"10","Street":"68","Block":"18A","Type":"internal","Transport_mode":"النقل بالقطار","Capacity":803,"Gate_Lat":21.346336661972337,"Gate_Lon":39.957343360137408,"Shape_Length":0.0025765460906567493,"Shape_Area":3.2761640531957071e-07}},{"type":"Feature","id":538,"geometry":{"type":"Polygon","coordinates":[[[39.957532933000095,21.346849993000092],[39.957509596000193,21.34687552600019],[39.957380816000182,21.346754057000169],[39.957380670000191,21.346753917000115],[39.957790225000053,21.346304946000032],[39.957793130000027,21.346307290000027],[39.957904197000062,21.346396913000092],[39.957858199000157,21.346447175000151],[39.957919404000165,21.346497437000039],[39.957964552000192,21.346445616000096],[39.957968796000159,21.346440745000166],[39.958118117000026,21.34655980600013],[39.958113024000056,21.346565424000062],[39.95808563900016,21.346595632000117],[39.958162074000029,21.346656683000106],[39.958188269000118,21.346626140000126],[39.958192299000132,21.346621440000092],[39.958574221000106,21.346927666000056],[39.958569006000118,21.346933367000076],[39.958106692000058,21.347438719000138],[39.957663262000096,21.34702046600006],[39.957701011000154,21.346986701000048],[39.957532933000095,21.346849993000092]]]},"properties":{"OBJECTID":538,"camp_label":"8/108","gate_number":"8","Street":"108","Block":"12B","Type":"internal","Transport_mode":"النقل بالقطار","Capacity":2098,"Gate_Lat":21.346867100590828,"Gate_Lon":39.957976228330061,"Shape_Length":0.0036311258367832792,"Shape_Area":6.3163353164515217e-07}},{"type":"Feature","id":539,"geometry":{"type":"Polygon","coordinates":[[[39.959474796000109,21.347699095000166],[39.959540016000176,21.347751415000062],[39.959770100000185,21.347935991000043],[39.959796205000146,21.347947848000047],[39.960044779999976,21.348158863000037],[39.960041803000024,21.348161609000101],[39.960029973000076,21.348172518000183],[39.959886129000097,21.348301420000041],[39.959870348000152,21.348315561000049],[39.95986500600003,21.348319174000039],[39.959807922000095,21.348357774000078],[39.959727439000119,21.348417334000032],[39.959717512000111,21.348423960000048],[39.959692177000022,21.348393276000138],[39.959652592000054,21.34841632600012],[39.959649636000165,21.348432791000164],[39.959668316000091,21.348457115000031],[39.959376422000105,21.348653845000115],[39.958943792000184,21.34824584200004],[39.958870527999977,21.348174926000013],[39.958876695000072,21.348167069000169],[39.958796748000111,21.348095494000006],[39.958792763000076,21.34809965200003],[39.958749907000083,21.348058170000115],[39.95895931300015,21.347847034999972],[39.9589564690001,21.347844609000163],[39.958803629000045,21.347714242000109],[39.958810492000168,21.347707183000125],[39.958734249000031,21.347643314000095],[39.958828882000091,21.347577403000059],[39.95885633000006,21.34761571100006],[39.958879277000108,21.347602326000072],[39.958940014000063,21.347545959000115],[39.95894777500007,21.347538755000073],[39.958980765000149,21.347508139000183],[39.95896007500005,21.347484639000186],[39.958980171999997,21.347473427000182],[39.959076500000151,21.347415256000033],[39.959078194000142,21.347417718000088],[39.959092017000103,21.347437807000063],[39.959135063000133,21.347471657000028],[39.95915707600011,21.347447412000065],[39.95928849000012,21.347553724000136],[39.959215488000098,21.347634485000185],[39.959355241000026,21.347746950000158],[39.959429111000134,21.347667485000045],[39.959431795000171,21.347664599000154],[39.959474796000109,21.347699095000166]]]},"properties":{"OBJECTID":539,"camp_label":"35/50","gate_number":"35","Street":"50","Block":"5-8","Type":"internal","Transport_mode":"النقل بالقطار","Capacity":2386,"Gate_Lat":21.348053432210111,"Gate_Lon":39.959331871843439,"Shape_Length":0.0043649060596601709,"Shape_Area":8.1295703096077525e-07}},{"type":"Feature","id":540,"geometry":{"type":"Polygon","coordinates":[[[39.96054032800015,21.348528037000051],[39.960722905000068,21.348675234000041],[39.960824903000173,21.348757666000097],[39.960810851000076,21.348772963000044],[39.960811008000178,21.348787856000115],[39.96081108900006,21.348795542000062],[39.960856869000111,21.348828809000054],[39.960858875000099,21.348826968000139],[39.960883118000083,21.348804714000096],[39.961032707000129,21.348925610000151],[39.960989864000055,21.348970566000162],[39.960917050000035,21.349046972000053],[39.960825693000061,21.34914283400019],[39.96082198199997,21.349146728000164],[39.960752256000092,21.349219894000157],[39.960634312000082,21.349343654000108],[39.960561342999995,21.349420222000049],[39.960458371000186,21.349533019000035],[39.960413019000157,21.349578372000167],[39.960382268000046,21.349609123000107],[39.95950477000008,21.348788835000107],[39.959457483000165,21.348743063000029],[39.959610637000026,21.348638210000161],[39.959778068000105,21.348774916000139],[39.95978166500015,21.348770662000106],[39.959889422000117,21.348643183000149],[39.95988890600006,21.348642722000022],[39.95989984900018,21.348630846999981],[39.959920478000186,21.348606443000108],[39.95983083700014,21.348521436000112],[39.959836086000109,21.348516529000165],[39.959812244000091,21.348493768000139],[39.959848281000177,21.348470728000166],[39.95988622100009,21.348446754000122],[39.959911994000038,21.348434104000148],[39.959941300000139,21.34840554800013],[39.95997192599998,21.348375706000127],[39.96001693400018,21.348331850000022],[39.96015063700014,21.348214100000064],[39.960256310000091,21.348299231000112],[39.960360417000061,21.348383100000035],[39.96054032800015,21.348528037000051]]]},"properties":{"OBJECTID":540,"camp_label":"11/714","gate_number":"11","Street":"714","Block":"5-6","Type":"internal","Transport_mode":"النقل بالقطار","Capacity":2998,"Gate_Lat":21.348901030684413,"Gate_Lon":39.960279331168216,"Shape_Length":0.0046323790799264776,"Shape_Area":1.0224317704206031e-06}},{"type":"Feature","id":541,"geometry":{"type":"Polygon","coordinates":[[[39.961370098000032,21.349204281000027],[39.961871270000131,21.349604907000128],[39.961633725000127,21.349753110000051],[39.961610331000145,21.349719298000082],[39.961568353000189,21.349747709000042],[39.961382818000061,21.349512587000106],[39.961372820000122,21.34951942400005],[39.961364207000031,21.349509273000024],[39.961195872000189,21.349640404000127],[39.961162526000123,21.349666380000144],[39.961380161000079,21.349876485000038],[39.961396046000061,21.349897313000156],[39.961196878999999,21.35001596800015],[39.96116981199998,21.350032172000056],[39.961143954000192,21.350047672000073],[39.96111260400005,21.350066557000162],[39.961079586000153,21.350086447000024],[39.961077890000013,21.350085403000094],[39.961050967000006,21.350068844000077],[39.960964303000139,21.350004588000047],[39.960773795000193,21.349892322000187],[39.960627001000091,21.349837898000146],[39.960451938000119,21.349674250000078],[39.960457753000128,21.349668252000129],[39.960462458999984,21.349663400000111],[39.960466920000101,21.349658797000131],[39.960473612000101,21.349651895000136],[39.960479759000179,21.349645554000006],[39.960485946000063,21.349639172000025],[39.960492979000037,21.349631917000067],[39.96049920300004,21.349625498000137],[39.96050630700006,21.349618170000099],[39.960513744000082,21.349610498000175],[39.960519714000043,21.349604341000088],[39.960526946000073,21.34959690800008],[39.96053402400014,21.349589656000035],[39.960541521000152,21.349581974000102],[39.960547795000139,21.349575544999993],[39.960554242000057,21.349568937000186],[39.960561368000128,21.349561636000033],[39.960567584000103,21.349555265000106],[39.960581287000082,21.34954122400012],[39.960594301000071,21.349527889000171],[39.960602283000185,21.349519708000116],[39.960614836000104,21.349506846000111],[39.960640283000146,21.349480768000092],[39.960652374000176,21.349468378000097],[39.960674246000053,21.349445965000143],[39.960691318000045,21.34942847200017],[39.960723082000186,21.349395921000053],[39.960760903000164,21.349357164000139],[39.960803270000042,21.349313750000135],[39.961111681000091,21.348997706000091],[39.961116209000068,21.348993066000048],[39.961264516000028,21.349113243000147],[39.961370098000032,21.349204281000027]]]},"properties":{"OBJECTID":541,"camp_label":"2/108","gate_number":"2","Street":"108","Block":"12B","Type":"internal","Transport_mode":"النقل بالقطار","Capacity":2181,"Gate_Lat":21.349559360383623,"Gate_Lon":39.961105602167251,"Shape_Length":0.0043319297247105251,"Shape_Area":6.9802502504727848e-07}},{"type":"Feature","id":542,"geometry":{"type":"Polygon","coordinates":[[[39.960411124000132,21.348333560000185],[39.960362219000046,21.348296070999993],[39.960204245000114,21.348168198000167],[39.960384560000023,21.348060095000051],[39.960678642000062,21.347883785000022],[39.960695315000066,21.347873313000036],[39.960695545000078,21.347873651000043],[39.961326699000097,21.348802730000102],[39.961286002000179,21.348830324000062],[39.961284209000155,21.34883139100009],[39.961090599000102,21.348669585000039],[39.961079059000042,21.348686417000181],[39.961067334000063,21.34867916799999],[39.960985649000122,21.348795647000145],[39.960411124000132,21.348333560000185]]]},"properties":{"OBJECTID":542,"camp_label":"10/126","gate_number":"10","Street":"126","Block":"26B","Type":"internal","Transport_mode":"النقل بالقطار","Capacity":981,"Gate_Lat":21.348340893153825,"Gate_Lon":39.960752692607855,"Shape_Length":0.0031785980115767885,"Shape_Area":4.0880638675027239e-07}},{"type":"Feature","id":543,"geometry":{"type":"Polygon","coordinates":[[[39.96126425000017,21.348697146000063],[39.961261508000121,21.348693119000188],[39.96109398800013,21.348447153000109],[39.960931016000131,21.348207863000027],[39.960701121000056,21.34787030800004],[39.960944073000064,21.347723749000068],[39.961199767000096,21.347570016000077],[39.961550929000168,21.348091891000024],[39.961529335000193,21.348106301000144],[39.96155498700017,21.348144776000026],[39.961576210000032,21.348129461999974],[39.962011166000138,21.348775859000114],[39.961891924000042,21.348846451999975],[39.961792499000069,21.348902340000166],[39.96142132600005,21.349102742000071],[39.961364541000194,21.349018124000168],[39.961308463000194,21.349051858000109],[39.96116682000013,21.348914594000121],[39.961293324999986,21.34882608099997],[39.961335063999968,21.348801121000065],[39.96126425000017,21.348697146000063]]]},"properties":{"OBJECTID":543,"camp_label":"19/714","gate_number":"19","Street":"714","Block":"5-6","Type":"internal","Transport_mode":"النقل بالقطار","Capacity":2863,"Gate_Lat":21.348351051076531,"Gate_Lon":39.961354336052523,"Shape_Length":0.0044568434018685803,"Shape_Area":8.8015155692468542e-07}},{"type":"Feature","id":544,"geometry":{"type":"Polygon","coordinates":[[[39.962181838000049,21.347689504000186],[39.962055134000082,21.347765064000043],[39.9620566050001,21.347767171000157],[39.962051122999981,21.347770440000147],[39.962156194000102,21.347921896000059],[39.961701939000079,21.348191693000103],[39.961558690000004,21.347975661000135],[39.961585770000113,21.347958610000092],[39.961558983000145,21.347920494000107],[39.961533177000149,21.347937185000148],[39.96152913300017,21.347939801000052],[39.961242917000106,21.347520007000128],[39.961326330000134,21.347470295000107],[39.961327847000177,21.347473286000081],[39.961346954000078,21.347510945000067],[39.961466415000132,21.347438437000108],[39.961443578000114,21.347403938000184],[39.961441907000051,21.34740141400016],[39.961468531000094,21.347385548000091],[39.961470280000185,21.347387938000111],[39.961493507000057,21.347419689000162],[39.961515417999976,21.347406545000126],[39.961492836000104,21.34737442200003],[39.961491172000137,21.347372054000061],[39.961671481000053,21.347264596000002],[39.961736651000081,21.347225757000103],[39.961737973000027,21.347227532000147],[39.961756054000034,21.347251828000026],[39.961798188000103,21.347226878000129],[39.961780309000176,21.347202165000112],[39.961779082000135,21.347200469000143],[39.96208509700017,21.347018093000145],[39.962143954000112,21.346983015000092],[39.962162657000192,21.346971869000072],[39.962197604000153,21.346951042000001],[39.962219512000161,21.346937985000068],[39.962236857000107,21.346928702000127],[39.962241493000136,21.346931015000052],[39.962250355000151,21.346935438000173],[39.962254271999996,21.346937392000143],[39.962263370000073,21.346951289000117],[39.962267053000119,21.346971418000123],[39.962268570000163,21.346979709000152],[39.962294461000056,21.347017323999978],[39.962514227000099,21.347333977000176],[39.962591628000041,21.347445502000085],[39.962575517000062,21.347455096000147],[39.962567944000057,21.347459605999973],[39.962556839999991,21.347466031000067],[39.962547683000025,21.347471328999973],[39.962547650000147,21.347471348000056],[39.96229213200013,21.34762372900019],[39.962181838000049,21.347689504000186]]]},"properties":{"OBJECTID":544,"camp_label":"2/126","gate_number":"2","Street":"126","Block":"26A","Type":"internal","Transport_mode":"النقل بالقطار","Capacity":2122,"Gate_Lat":21.34754279921928,"Gate_Lon":39.961917358876633,"Shape_Length":0.0042593849632799659,"Shape_Area":8.1156073511044798e-07}},{"type":"Feature","id":545,"geometry":{"type":"Polygon","coordinates":[[[39.961865178000153,21.348094741000068],[39.962008327000035,21.34800972000005],[39.962156194000102,21.347921896000059],[39.962051122999981,21.347770440000147],[39.9620566050001,21.347767171000157],[39.96255820500005,21.347468042000173],[39.962575277000042,21.3474931720001],[39.962659357000064,21.34761694700012],[39.962436207000053,21.347751609000113],[39.962529714000084,21.347884883999996],[39.962705003999986,21.347780483000179],[39.962743579000119,21.347757678000164],[39.96274545000017,21.347756572000037],[39.962767576000033,21.347743492000063],[39.962792795000098,21.34772850100012],[39.962902021000048,21.347879971000054],[39.962921399000038,21.34786832500015],[39.962926650000043,21.34787781700004],[39.962982588000045,21.347955647000106],[39.963026694000177,21.348017014000106],[39.962976336000054,21.348052519000134],[39.963067286000125,21.348196201999997],[39.963122075000172,21.34828232000001],[39.96301836900011,21.348344386000178],[39.962951234000116,21.348386682000125],[39.962944841000024,21.348375246000103],[39.962934086000132,21.348356004000095],[39.962862374000053,21.348397722000186],[39.96287540100019,21.348416685000075],[39.962881857000184,21.348426083000106],[39.962758528000165,21.34849989200012],[39.962651005000055,21.348564242000066],[39.962565729000119,21.348615084000016],[39.962483104000114,21.348664504000055],[39.962368621000167,21.34873297900009],[39.962258459999987,21.348798869000063],[39.962148188000128,21.348864825000192],[39.962141524999993,21.348854623000022],[39.961990579000144,21.348626986000113],[39.961764859000141,21.348286582000014],[39.9617033560001,21.34819383100006],[39.961701939000079,21.348191693000103],[39.961865178000153,21.348094741000068]]]},"properties":{"OBJECTID":545,"camp_label":"31/502","gate_number":"31","Street":"502","Block":"6-5","Type":"internal","Transport_mode":"النقل بالقطار","Capacity":2953,"Gate_Lat":21.348194265138414,"Gate_Lon":39.962405808187988,"Shape_Length":0.0049531198675244904,"Shape_Area":9.935537549120843e-07}},{"type":"Feature","id":546,"geometry":{"type":"MultiPolygon","coordinates":[[[[39.961803133000103,21.346949635000158],[39.961873454000113,21.347050976000105],[39.961867837000113,21.347054397000136],[39.961841314000139,21.347070547000044],[39.96125656900017,21.347426638000115],[39.961240841999995,21.347436216000176],[39.961233832000119,21.347440484000174],[39.961196023000127,21.347463509000079],[39.961034295000047,21.347220224000068],[39.962035243000116,21.346623077000174],[39.962195162000114,21.346856697000135],[39.962186524000117,21.346861931000035],[39.961940124000137,21.347011231000124],[39.961934263000103,21.347014782000144],[39.961861560000045,21.346914052000159],[39.961803133000103,21.346949635000158]]],[[[39.960109820000071,21.348112676000028],[39.960072332000152,21.34807168399999],[39.960071218000053,21.348070105000147],[39.960070085000041,21.348069228000156],[39.960047796000083,21.348044856000115],[39.960074464000115,21.34800519800018],[39.959948005000058,21.347883053000146],[39.960054080000077,21.347814039000127],[39.960976049000067,21.347249687000101],[39.961122724000177,21.347457289999966],[39.961147724000114,21.347492673000147],[39.960666212999968,21.347770829000069],[39.960109820000071,21.348112676000028]]]]},"properties":{"OBJECTID":546,"camp_label":"56/44","gate_number":"56","Street":"44","Block":"4-4","Type":"internal","Transport_mode":"النقل بالقطار","Capacity":1808,"Gate_Lat":21.347368849327637,"Gate_Lon":39.961065434239359,"Shape_Length":0.0061846740086933883,"Shape_Area":6.6927067368878815e-07}},{"type":"Feature","id":547,"geometry":{"type":"Polygon","coordinates":[[[39.963169327000173,21.348500452000167],[39.963182059000133,21.348517599000047],[39.963327299000071,21.34870952600005],[39.962678970000184,21.349145161000081],[39.962415775000125,21.348785784000142],[39.963081353000177,21.348381971000038],[39.963168659000075,21.348499553000181],[39.963169327000173,21.348500452000167]]]},"properties":{"OBJECTID":547,"camp_label":"22/50","gate_number":"22","Street":"50","Block":"2","Type":"internal","Transport_mode":"النقل بالقطار","Capacity":708,"Gate_Lat":21.34875888264958,"Gate_Lon":39.962871172381305,"Shape_Length":0.0024146554831088228,"Shape_Area":3.3230530091596987e-07}},{"type":"Feature","id":548,"geometry":{"type":"Polygon","coordinates":[[[39.962790869000116,21.346922966000022],[39.962695238000094,21.346980334000136],[39.962609660000112,21.347031671000025],[39.962605351000036,21.347029202999977],[39.962566213000173,21.347006773000089],[39.962522766000006,21.346981875000154],[39.962521328000093,21.34698271200017],[39.962404518000028,21.34705067200008],[39.962399409000056,21.347043375000112],[39.962194873000158,21.346751228000187],[39.962253986000178,21.346713297000178],[39.962223934000178,21.346665506000022],[39.962210770000127,21.346674669000151],[39.962208865000093,21.346672055000113],[39.962160823000033,21.34670237500012],[39.962141827000039,21.346673962000182],[39.962171707000039,21.346653552000078],[39.962148106000143,21.346624868000049],[39.962144263000084,21.346627130000059],[39.962140821000162,21.34662312800009],[39.962134294000066,21.346615542000166],[39.962112168000147,21.346632502000148],[39.962092806000157,21.34660543800004],[39.962243600000193,21.34649225600009],[39.962256597000135,21.346507453000186],[39.962405424999986,21.346412606000058],[39.962406832000056,21.346414753000147],[39.96242493200009,21.346443373],[39.962427345000037,21.346447108000064],[39.962577978000184,21.346680239000079],[39.962578964000045,21.346679645000052],[39.962580203000073,21.346681580000109],[39.962629045000028,21.346762650000073],[39.962745991000133,21.346695110000155],[39.962747212000124,21.346694404999994],[39.962691973000062,21.346615742000154],[39.962689825999973,21.346612686000071],[39.962689453000053,21.34661215400007],[39.962857511000095,21.346514725000077],[39.962957953000057,21.346453430000054],[39.962964817000113,21.34644924100013],[39.96299237900007,21.346487808000063],[39.963119256000027,21.346665346000179],[39.96295824900011,21.346765071000164],[39.962949601999981,21.346752821000052],[39.962931368000113,21.346763420000116],[39.962967043000106,21.346817280000153],[39.962794167000027,21.346920988000022],[39.962790869000116,21.346922966000022]]]},"properties":{"OBJECTID":548,"camp_label":"62/44","gate_number":"62","Street":"44","Block":"4-4","Type":"internal","Transport_mode":"النقل بالقطار","Capacity":1046,"Gate_Lat":21.346730073502453,"Gate_Lon":39.962587553390954,"Shape_Length":0.0033246145757112231,"Shape_Area":3.2786664220871435e-07}},{"type":"Feature","id":549,"geometry":{"type":"Polygon","coordinates":[[[39.963763765000124,21.346118138000008],[39.96376299200017,21.346115265000037],[39.963837918000138,21.346233759000086],[39.963837216000059,21.34623418000001],[39.963674949000051,21.346331470000109],[39.963675548000026,21.346331731000191],[39.963685271000031,21.346346580000102],[39.963522111000032,21.346440367000127],[39.963534050000021,21.346458597000037],[39.963545989000067,21.346476827000117],[39.963219931000083,21.346672447000174],[39.962924065000095,21.346247652999978],[39.962815615000181,21.346086223000157],[39.962796637000054,21.346096883000143],[39.962745976000008,21.346024578000083],[39.962582516000168,21.345791281000061],[39.962874535000083,21.345604751999986],[39.962966234000135,21.345737631000077],[39.963199313000132,21.345597054000052],[39.963128205000146,21.34549357800006],[39.963103793000073,21.34545805200014],[39.96339280899997,21.345275676000142],[39.9635409280001,21.345491212000184],[39.963541082000063,21.345491436000032],[39.963573120000092,21.34553805600018],[39.963292817000081,21.345705460000147],[39.963319426000055,21.345742408000035],[39.963364425000123,21.345804835000138],[39.963396028000147,21.345848680000131],[39.963522877000116,21.345774818000052],[39.963600415000087,21.34572966900015],[39.963718063000101,21.345904288000099],[39.963652521000142,21.345942388000026],[39.963708553000174,21.346030912000117],[39.963763765000124,21.346118138000008]]]},"properties":{"OBJECTID":549,"camp_label":"9/716","gate_number":"9","Street":"716","Block":"5-5","Type":"internal","Transport_mode":"النقل بالقطار","Capacity":2233,"Gate_Lat":21.34600605215946,"Gate_Lon":39.96324547368355,"Shape_Length":0.0049134853668569055,"Shape_Area":8.2806641321901666e-07}},{"type":"Feature","id":550,"geometry":{"type":"Polygon","coordinates":[[[39.963697233000119,21.345303017000163],[39.963558213000169,21.345037829000091],[39.96353936200012,21.345001871000136],[39.963544001000059,21.344999099000063],[39.963728604000153,21.344888787000173],[39.96373089400015,21.344887419000088],[39.963887333000059,21.345117195000057],[39.964060977000031,21.345014996000032],[39.964128528000003,21.345113860000083],[39.964118383000141,21.345119904000057],[39.963964863000058,21.345211358000142],[39.964044854000008,21.345329303000028],[39.964200158999972,21.345239035000191],[39.964210283000114,21.345233150000183],[39.964448585000127,21.345583512000189],[39.964515356000049,21.345680887000185],[39.964507015000152,21.345686059000059],[39.96447614900012,21.345705198000132],[39.964448551000146,21.345722708000153],[39.964468048000072,21.345752039000047],[39.964496130000043,21.34573466500018],[39.964534972000081,21.345791333000079],[39.964566534000028,21.345772766000039],[39.964574919000086,21.345767833000082],[39.964657736000106,21.345889654000132],[39.964649959000099,21.345894298000132],[39.964650968000058,21.345895769000037],[39.964561187000186,21.345947301000024],[39.964469328000177,21.346002147000092],[39.9644611330001,21.346037807000016],[39.964173012000174,21.346210578000012],[39.964129473000185,21.346127529000171],[39.963698430000136,21.345305299000188],[39.963697233000119,21.345303017000163]]]},"properties":{"OBJECTID":550,"camp_label":"51/44","gate_number":"51","Street":"44","Block":"4-5","Type":"internal","Transport_mode":"النقل بالقطار","Capacity":1490,"Gate_Lat":21.345566595404605,"Gate_Lon":39.9640998979283,"Shape_Length":0.0042565050628892162,"Shape_Area":5.9027636854985104e-07}},{"type":"Feature","id":551,"geometry":{"type":"Polygon","coordinates":[[[39.965425869000171,21.346809311000129],[39.965115658000173,21.346994690000088],[39.96513410100016,21.347021858000176],[39.964744994000057,21.347255544000177],[39.964635710000039,21.347049643000105],[39.964606407000019,21.346994434000067],[39.964664865000088,21.346959972000036],[39.964624326000035,21.346896215000186],[39.964397534000057,21.34652911000012],[39.964609919000168,21.346398096000087],[39.964603893000174,21.346389102000046],[39.964518411000029,21.346261531999971],[39.964311361000114,21.346389075000161],[39.964307078000047,21.346382417000143],[39.964268384000036,21.34632364800018],[39.964239799999973,21.346340791000046],[39.964197680000041,21.346257496000192],[39.964228162000097,21.346239274000084],[39.964377049000063,21.34615027000018],[39.964540562000025,21.346052523000026],[39.964615360000153,21.346007809000071],[39.964620733000174,21.34600459700016],[39.964643250000165,21.34599113600018],[39.964701411000078,21.345956368000145],[39.964731645000086,21.346000432000039],[39.964841834000083,21.346161029000086],[39.964997450000169,21.34638783000014],[39.96501501500012,21.346413430000098],[39.965050467000026,21.346409450000124],[39.9650963630001,21.346472956000071],[39.96519809800003,21.346614096000053],[39.96524166800009,21.346674557000142],[39.965305861000161,21.346637563000115],[39.965425869000171,21.346809311000129]]]},"properties":{"OBJECTID":551,"camp_label":"1/124","gate_number":"1","Street":"124","Block":"26C","Type":"internal","Transport_mode":"النقل بالقطار","Capacity":1897,"Gate_Lat":21.346612546956361,"Gate_Lon":39.964810690542173,"Shape_Length":0.0043680286014628079,"Shape_Area":6.798182019208741e-07}},{"type":"Feature","id":552,"geometry":{"type":"Polygon","coordinates":[[[39.965585198000099,21.345983562000072],[39.965590366000185,21.345990310000104],[39.96575926200012,21.346237688000144],[39.96579065300017,21.34621888800018],[39.965812898000138,21.346252114000094],[39.966062463000071,21.346101396000051],[39.966158246000077,21.346242016000133],[39.966257791000089,21.34618266800004],[39.966350810000051,21.346319281000035],[39.965555179000035,21.346790849000172],[39.965410104000171,21.346577965000165],[39.965530253000111,21.346504284000162],[39.965454623000028,21.346396042000094],[39.965225973000145,21.346536730000025],[39.965153779000048,21.346433066000145],[39.965015981000192,21.346236408000038],[39.965176581000151,21.346136823000052],[39.965541495000139,21.345919561000187],[39.965541898000083,21.345919321000167],[39.965553429000067,21.345936209000172],[39.965585198000099,21.345983562000072]]]},"properties":{"OBJECTID":552,"camp_label":"95/38","gate_number":"95","Street":"38","Block":"4-4","Type":"internal","Transport_mode":"النقل بالقطار","Capacity":1480,"Gate_Lat":21.346340656192517,"Gate_Lon":39.965642832092712,"Shape_Length":0.0039094792382619913,"Shape_Area":5.2296847321859284e-07}},{"type":"Feature","id":553,"geometry":{"type":"Polygon","coordinates":[[[39.965541199000086,21.345919128000105],[39.965541098000188,21.345918978000043],[39.965526714000077,21.345897915000023],[39.965433811000082,21.345760992000123],[39.965779849000114,21.34555464500005],[39.965943755000183,21.345794619000173],[39.96590511300019,21.345820294000077],[39.965935798000146,21.345867431000158],[39.965981747000171,21.345912817000169],[39.965998623000132,21.345926172000134],[39.966023038999992,21.345911232000162],[39.966033989000039,21.345926728000165],[39.965940089000071,21.345982151000044],[39.966024618000063,21.346103638000045],[39.966039494000029,21.346116399000152],[39.965812898000138,21.346252114000094],[39.96579065300017,21.34621888800018],[39.96575926200012,21.346237688000144],[39.965652683000087,21.346081584000046],[39.965541199000086,21.345919128000105]]]},"properties":{"OBJECTID":553,"camp_label":"1B/720","gate_number":"1B","Street":"720","Block":"9-5","Type":"internal","Transport_mode":"النقل بالقطار","Capacity":500,"Gate_Lat":21.345902926975835,"Gate_Lon":39.965755362622993,"Shape_Length":0.0021243822732964776,"Shape_Area":2.2286809644097693e-07}},{"type":"Feature","id":554,"geometry":{"type":"Polygon","coordinates":[[[39.965491284000166,21.345845624000049],[39.965518291000194,21.345885394000106],[39.965541098000188,21.345918978000043],[39.965541199000086,21.345919128000105],[39.965176581000151,21.346136823000052],[39.964997331000063,21.345885897000073],[39.964861145000157,21.345976778000079],[39.964838535000069,21.345943176000105],[39.964767466000126,21.345839855000179],[39.965026861000183,21.345682736000072],[39.965051331999973,21.345717610999998],[39.965052990000117,21.345716595000113],[39.965081395000084,21.345699197999977],[39.965057332000129,21.345664260000149],[39.965081099000031,21.345649833000095],[39.965126098000155,21.345711833000053],[39.965158994000035,21.345691704999979],[39.9651140470001,21.345630492000168],[39.965294498000048,21.345523371000127],[39.965322156000184,21.345561442000133],[39.965364931000067,21.345535963000088],[39.965338604000124,21.345496808000121],[39.965358630000026,21.345485311000175],[39.965420683000104,21.345576060000099],[39.965570098000114,21.345487012000035],[39.965519630000188,21.34541268900017],[39.96550762600009,21.345395011000164],[39.965566508000165,21.34536040200004],[39.965624220000166,21.345326481000143],[39.965647042000057,21.345359939000105],[39.965682384000161,21.345411753000121],[39.965779849000114,21.34555464500005],[39.965433811000082,21.345760992000123],[39.965491284000166,21.345845624000049]]]},"properties":{"OBJECTID":554,"camp_label":"97/38","gate_number":"97","Street":"38","Block":"4-4","Type":"internal","Transport_mode":"النقل بالقطار","Capacity":1138,"Gate_Lat":21.345760045728106,"Gate_Lon":39.96529047244443,"Shape_Length":0.0034826585672529729,"Shape_Area":3.1205165128707535e-07}},{"type":"Feature","id":555,"geometry":{"type":"Polygon","coordinates":[[[39.964544717000081,21.345526704000122],[39.964005897999982,21.34474262000009],[39.964327156000138,21.3444969950001],[39.964432078000073,21.344638178000139],[39.964639949000173,21.344513529000039],[39.964427817000171,21.344214229000158],[39.964681686000119,21.344061779000128],[39.964702439000177,21.344090761000075],[39.964755180000168,21.344062189000169],[39.96509355500018,21.344546075000096],[39.965065070000037,21.344564769000044],[39.965095498000096,21.344611909000037],[39.965126251000072,21.344593169000063],[39.965407218000109,21.345005911000101],[39.964544717000081,21.345526704000122]]]},"properties":{"OBJECTID":555,"camp_label":"16/502","gate_number":"16","Street":"502","Block":"6-6","Type":"internal","Transport_mode":"النقل بالقطار","Capacity":2935,"Gate_Lat":21.344831292099862,"Gate_Lon":39.964703711596471,"Shape_Length":0.0047561492367675035,"Shape_Area":1.0135688151065718e-06}},{"type":"Feature","id":556,"geometry":{"type":"Polygon","coordinates":[[[39.964544717000081,21.345526704000122],[39.964897754000049,21.345313535000173],[39.965401069000052,21.345003888000008],[39.965588149999974,21.345277464000105],[39.964731714000038,21.345790308000062],[39.964544717000081,21.345526704000122]]]},"properties":{"OBJECTID":556,"camp_label":"79/38","gate_number":"79","Street":"38","Block":"4-4","Type":"internal","Transport_mode":"النقل بالقطار","Capacity":600,"Gate_Lat":21.345398695200789,"Gate_Lon":39.965068572743419,"Shape_Length":0.0026562055592942967,"Shape_Area":3.258604234201135e-07}},{"type":"Feature","id":557,"geometry":{"type":"Polygon","coordinates":[[[39.96649231400005,21.345892835000143],[39.966476525000076,21.345869403000165],[39.966469239000162,21.345858590000034],[39.966468108000129,21.345859265000172],[39.966238767999982,21.345996217000163],[39.966235285000153,21.345988416000125],[39.966231839000045,21.345980699000108],[39.966217987000164,21.345961021000107],[39.966196033000131,21.345974861000172],[39.966184232000103,21.345957780000106],[39.966199362000111,21.345948606000036],[39.966225369000028,21.345934269000168],[39.966176885000152,21.345864969000104],[39.96618020000011,21.345858690000057],[39.966169993999983,21.345843767000133],[39.966156037000189,21.34585214700013],[39.966124398000147,21.345871140000042],[39.966117180000083,21.345860785000127],[39.966046363000146,21.345759178000151],[39.966046944000141,21.345758872000147],[39.966107474000182,21.345726926000168],[39.966088529000103,21.345699261999982],[39.966124932000184,21.345677381000087],[39.966111563000027,21.345657863000042],[39.966072889000031,21.345601270000088],[39.965978942000163,21.345656260000169],[39.965963642000133,21.345636831999968],[39.965714555000091,21.345271714000148],[39.966447608000067,21.344833290000111],[39.966710062000118,21.345216482000012],[39.966710823000085,21.345216026000173],[39.966942798000161,21.345554715000048],[39.9669480660001,21.345562425000139],[39.966739759000177,21.345690531000059],[39.966835791000108,21.345827914000154],[39.966837246000125,21.345827049000036],[39.966841119000037,21.345832717000121],[39.96707021800006,21.345695929000158],[39.967071638000164,21.345695080000041],[39.967165030999979,21.345832885000164],[39.966427238000165,21.346272857000145],[39.966410347000078,21.346248594000144],[39.966329619000135,21.346132636000164],[39.966560617000084,21.345994197000152],[39.96649837200016,21.345901824000066],[39.96649231400005,21.345892835000143]]]},"properties":{"OBJECTID":557,"camp_label":"21/716","gate_number":"21","Street":"716","Block":"5-7","Type":"internal","Transport_mode":"النقل بالقطار","Capacity":2821,"Gate_Lat":21.345524841392258,"Gate_Lon":39.966418815977285,"Shape_Length":0.0055736208215653857,"Shape_Area":9.3979674902995156e-07}},{"type":"Feature","id":558,"geometry":{"type":"Polygon","coordinates":[[[39.967234485000063,21.344902352000133],[39.966928850999977,21.345085427000129],[39.966923480000162,21.3450886440001],[39.966717936000066,21.345211765999977],[39.966710823000085,21.345216026000173],[39.966710062000118,21.345216482000012],[39.966447608000067,21.344833290000111],[39.966446157000007,21.344831170000134],[39.966458287000137,21.34482391500012],[39.966971247000117,21.344517113000165],[39.967234485000063,21.344902352000133]]]},"properties":{"OBJECTID":558,"camp_label":"1A/720","gate_number":"1A","Street":"720","Block":"5-9","Type":"internal","Transport_mode":"النقل بالقطار","Capacity":1205,"Gate_Lat":21.344866775299955,"Gate_Lon":39.966840431155198,"Shape_Length":0.0021567609301996749,"Shape_Area":2.8496211927888315e-07}},{"type":"Feature","id":559,"geometry":{"type":"Polygon","coordinates":[[[39.965303412000083,21.34466900000001],[39.965301708000084,21.344666476000157],[39.965265543000044,21.34461286700008],[39.965166344000068,21.344465820000096],[39.965197006000153,21.344446376000064],[39.965164888000174,21.344401352000091],[39.965135913000154,21.344419389000052],[39.964836987000126,21.343983086000094],[39.964825901000097,21.343966905000116],[39.965030391000141,21.343843930000162],[39.965400296000098,21.343624583000008],[39.965451605000169,21.343689010000105],[39.965640235000137,21.343746315000146],[39.965734464000036,21.343782372000192],[39.966121960000123,21.343939538000086],[39.966228145000116,21.344092485000033],[39.966245768000078,21.344117868000069],[39.966066481000041,21.344225620000088],[39.966159513000093,21.344362174000025],[39.965908117000083,21.344513188000121],[39.966001760000097,21.344650308000098],[39.965496749000181,21.344950367000138],[39.965495959000123,21.344950833000155],[39.965494234000062,21.344951862000187],[39.965457659000151,21.344897645000003],[39.965303412000083,21.34466900000001]]]},"properties":{"OBJECTID":559,"camp_label":"17/716","gate_number":"17","Street":"716","Block":"5-7","Type":"internal","Transport_mode":"النقل بالقطار","Capacity":2782,"Gate_Lat":21.344228619741564,"Gate_Lon":39.965549786219718,"Shape_Length":0.0043689302172408321,"Shape_Area":1.0304337614727622e-06}},{"type":"Feature","id":560,"geometry":{"type":"Polygon","coordinates":[[[39.965526797000166,21.344996308000134],[39.965495959000123,21.344950833000155],[39.965496749000181,21.344950367000138],[39.966001760000097,21.344650308000098],[39.965908117000083,21.344513188000121],[39.966159513000093,21.344362174000025],[39.966066481000041,21.344225620000088],[39.966245768000078,21.344117868000069],[39.96626180100003,21.344108232000167],[39.966263113000139,21.344107443000041],[39.966384326000139,21.344281919000082],[39.966583956000136,21.34416196300009],[39.966567061000092,21.344137250000074],[39.966590242000109,21.344123917000161],[39.966754690000073,21.344197739000037],[39.966755706000129,21.34419941200008],[39.96676283000005,21.344211144000155],[39.966861245000075,21.34435681400015],[39.96690962800011,21.34443262200017],[39.96687746200007,21.344449777000079],[39.966904566000039,21.344487021000134],[39.965844509000135,21.345126664000077],[39.965679810000097,21.345221944000116],[39.965560917000118,21.345046621999984],[39.965526797000166,21.344996308000134]]]},"properties":{"OBJECTID":560,"camp_label":"15/716","gate_number":"15","Street":"716","Block":"5-5","Type":"internal","Transport_mode":"النقل بالقطار","Capacity":2068,"Gate_Lat":21.344620068337353,"Gate_Lon":39.966229334775527,"Shape_Length":0.0042444479813049966,"Shape_Area":6.4048620393530466e-07}},{"type":"Feature","id":561,"geometry":{"type":"Polygon","coordinates":[[[39.963652989000025,21.343871205000028],[39.963644877000036,21.343858687000022],[39.963620698000113,21.343821372000036],[39.963585925000132,21.343767711000169],[39.96332691300006,21.343921661000081],[39.963295877000121,21.343878240000151],[39.963593777000085,21.343696407000095],[39.963577781000026,21.343673405000175],[39.963560670000106,21.343647399000133],[39.963743022000074,21.343534887999965],[39.963555760000077,21.343263024000066],[39.963740450000046,21.343150893000086],[39.963762559000031,21.34313137800018],[39.96377831000018,21.343106877000025],[39.963819173000104,21.343123834999972],[39.964203438000027,21.34319957800011],[39.964234423000164,21.343236703000116],[39.964399721000177,21.343501220000064],[39.964171033000071,21.343639933000077],[39.964217260000055,21.34370682399998],[39.964194629000076,21.343719423000039],[39.964176681000026,21.343730349000055],[39.964329949000103,21.343962875000159],[39.963970620999987,21.344184808000136],[39.963784492000173,21.344294712000135],[39.96361974500013,21.344055971000046],[39.963728883000101,21.343988324000179],[39.963652989000025,21.343871205000028]]]},"properties":{"OBJECTID":561,"camp_label":"4/122","gate_number":"4","Street":"122","Block":"26C","Type":"internal","Transport_mode":"النقل بالقطار","Capacity":1844,"Gate_Lat":21.343660433210733,"Gate_Lon":39.963930539651869,"Shape_Length":0.0043721148414682881,"Shape_Area":6.4648173616427537e-07}},{"type":"Feature","id":562,"geometry":{"type":"Polygon","coordinates":[[[39.963471225000092,21.34314081500014],[39.96296502088785,21.343425959415811],[39.962816831000112,21.343258263000109],[39.962795544000016,21.343229235000024],[39.962783135000166,21.343213171000116],[39.962773662000188,21.343199448000121],[39.962666798000043,21.343071175999967],[39.962570178000021,21.342955187000086],[39.962546816000042,21.342927557999985],[39.962428672000044,21.342786296000043],[39.962349845000006,21.342692989000057],[39.962380289000066,21.342673590000118],[39.962423246000128,21.3426465390001],[39.96244265100006,21.342649942000151],[39.962450689000036,21.342644501000109],[39.962473990000092,21.342655554000032],[39.962485458000117,21.342651585000169],[39.962505860000078,21.342640363000157],[39.962611097000149,21.342674942000087],[39.962630891000174,21.342683258000022],[39.962801531000082,21.342741554000042],[39.962876043000051,21.342768104000129],[39.962925565000035,21.342783531000066],[39.963049531000024,21.342838571000186],[39.963083255000129,21.342835984000089],[39.963270903000193,21.342917704000058],[39.963280526000005,21.342920309000192],[39.96329034300004,21.342926269000145],[39.963326868000138,21.34293166100008],[39.963605036000047,21.343039517000136],[39.963614364000136,21.343053080000061],[39.963471225000092,21.34314081500014]]]},"properties":{"OBJECTID":562,"camp_label":"9/126","gate_number":"9","Street":"126","Block":"26C","Type":"internal","Transport_mode":"النقل بالقطار","Capacity":1818,"Gate_Lat":21.343015316845769,"Gate_Lon":39.962958402588399,"Shape_Length":0.0030743643284541215,"Shape_Area":4.2865753160531226e-07}},{"type":"Feature","id":563,"geometry":{"type":"Polygon","coordinates":[[[39.96294648200012,21.34459757500008],[39.962918892000118,21.344542834000094],[39.962840379000113,21.344429127000183],[39.962827786000048,21.344407682000053],[39.962263642000096,21.34474848800005],[39.962006787000064,21.344902723000075],[39.961950550000097,21.344820607000031],[39.961832507000054,21.344642409000073],[39.962394801000187,21.344300302000079],[39.962418146000061,21.344334362000041],[39.962432758000034,21.344325571000127],[39.962432095000054,21.344319747000156],[39.962466042000131,21.344299749000129],[39.96244526300012,21.344269688000054],[39.96253952100011,21.344212709000033],[39.962893199000064,21.343999500000052],[39.963071888000172,21.344258348000153],[39.963086704000148,21.344279812000138],[39.962957379000045,21.344358201000148],[39.963102213000127,21.344566742000097],[39.9634555720001,21.344354010000075],[39.963523652000049,21.344453619000035],[39.963057610000078,21.344743733000087],[39.962956364000036,21.344597103000012],[39.96294648200012,21.34459757500008]]]},"properties":{"OBJECTID":563,"camp_label":"3/108","gate_number":"3","Street":"108","Block":"12A","Type":"internal","Transport_mode":"النقل بالقطار","Capacity":1695,"Gate_Lat":21.344466683489618,"Gate_Lon":39.962605005082537,"Shape_Length":0.0048336734172723019,"Shape_Area":5.0009947706628847e-07}},{"type":"Feature","id":564,"geometry":{"type":"Polygon","coordinates":[[[39.963210812000113,21.343981094000128],[39.96331927600005,21.344138164000185],[39.963086704000148,21.344279812000138],[39.962893199000064,21.343999500000052],[39.963125495000099,21.343857543000126],[39.963168177000057,21.343919353000103],[39.963125577000085,21.343945519000101],[39.963167383000155,21.344006660000105],[39.963210812000113,21.343981094000128]]]},"properties":{"OBJECTID":564,"camp_label":"1/301","gate_number":"1","Street":"301","Block":"2","Type":"internal","Transport_mode":"النقل بالقطار","Capacity":280,"Gate_Lat":21.344073180136739,"Gate_Lon":39.963103596106336,"Shape_Length":0.0013256175131804242,"Shape_Area":8.8914015394600423e-08}},{"type":"Feature","id":565,"geometry":{"type":"Polygon","coordinates":[[[39.960624816000177,21.345057516500049],[39.960368986820129,21.345202468432831],[39.959986068000092,21.344649093000044],[39.959982663000119,21.344644957000071],[39.95994278500018,21.344587209999986],[39.959715163000169,21.344257593000179],[39.95974876400004,21.344236796000132],[39.959770370000001,21.344267434000187],[39.95998746600003,21.344135256000072],[39.959966396000084,21.344104589000153],[39.960094583000114,21.344027354000048],[39.960135189000084,21.344038930000124],[39.960586733000184,21.344718414000056],[39.960609599000122,21.344722728000022],[39.96057018700003,21.344746855000153],[39.96055302100001,21.344757240000035],[39.960457658000053,21.344814732000032],[39.960624816000177,21.345057516500049]]]},"properties":{"OBJECTID":565,"camp_label":"2/128","gate_number":"2","Street":"128","Block":"B6","Type":"internal","Transport_mode":"النقل بالقطار","Capacity":1680,"Gate_Lat":21.344589958980439,"Gate_Lon":39.960209326821442,"Shape_Length":0.003314852053343499,"Shape_Area":4.7464194833249007e-07}},{"type":"Feature","id":566,"geometry":{"type":"Polygon","coordinates":[[[39.961247742000069,21.344477012000141],[39.961276723000026,21.344519218000073],[39.961315481000042,21.344573892000142],[39.961372909000033,21.34454045800004],[39.961546921000036,21.344437188000029],[39.961659991000147,21.344604413000127],[39.961088479000125,21.344950907000168],[39.96105614999999,21.34497062500003],[39.961019464000174,21.344916636000107],[39.960989154000174,21.344934859000091],[39.960722860000146,21.344547104000071],[39.960623998000131,21.344604847000141],[39.960399986000084,21.344267449000085],[39.960371996000049,21.344238635000011],[39.96020725000011,21.34395859100016],[39.960363291000135,21.343863861000102],[39.960511410000038,21.343773958000043],[39.960548975000052,21.343826489000037],[39.960581087000037,21.343808616000047],[39.960543037000093,21.34375476200006],[39.960916286000156,21.343528210000159],[39.961101898000038,21.343796276000091],[39.961219549000134,21.343966289000036],[39.961314037000136,21.344102655000142],[39.961337175999972,21.344088684000155],[39.961456640000108,21.344262278000144],[39.961456724000129,21.344262400000162],[39.961204697000142,21.344414325000173],[39.961242144000096,21.344468859000074],[39.961247742000069,21.344477012000141]]]},"properties":{"OBJECTID":566,"camp_label":"6/128","gate_number":"6","Street":"128","Block":"A4","Type":"internal","Transport_mode":"النقل بالقطار","Capacity":2348,"Gate_Lat":21.34424936121658,"Gate_Lon":39.960912497547803,"Shape_Length":0.0050173258173110248,"Shape_Area":9.9774957233104783e-07}},{"type":"Feature","id":567,"geometry":{"type":"Polygon","coordinates":[[[39.96139915100008,21.344178739000029],[39.961401656000191,21.344182029000137],[39.961337545000106,21.344088461000069],[39.961380181999971,21.344062820000147],[39.961289928000156,21.343923197000038],[39.961694408000085,21.343674643000099],[39.961793155000123,21.343817534000095],[39.961781514000165,21.34382462200017],[39.961756117000107,21.343841708000127],[39.961788649000141,21.343884002000095],[39.961791757000015,21.343909542000063],[39.961825231000148,21.343957767000063],[39.961871074000101,21.343929840000158],[39.961965718000101,21.344065798000031],[39.961976441000047,21.34408787600006],[39.962132256000075,21.344316983000112],[39.961682669000083,21.344590570000094],[39.96147378500018,21.344287190000045],[39.961456724000129,21.344262400000162],[39.961456640000108,21.344262278000144],[39.96139915100008,21.344178739000029]]]},"properties":{"OBJECTID":567,"camp_label":"1/126","gate_number":"1","Street":"126","Block":"26A","Type":"internal","Transport_mode":"النقل بالقطار","Capacity":1087,"Gate_Lat":21.344139594828437,"Gate_Lon":39.961694681188526,"Shape_Length":0.0027112592178415093,"Shape_Area":3.9494322761680253e-07}},{"type":"Feature","id":568,"geometry":{"type":"Polygon","coordinates":[[[39.96137179100009,21.343872892000036],[39.961330406000116,21.343898323000133],[39.961289928000156,21.343923197000038],[39.961289784000144,21.343923285000074],[39.961380181999971,21.344062820000147],[39.961337545000106,21.344088461000069],[39.961337175999972,21.344088684000155],[39.961314037000136,21.344102655000142],[39.961219549000134,21.343966289000036],[39.961101898000038,21.343796276000091],[39.960916286000156,21.343528210000159],[39.96132655100007,21.343279312000163],[39.961347598000145,21.343311598000184],[39.961409038000056,21.343273846000045],[39.9614782700001,21.343373323000037],[39.961486418000106,21.343388030000085],[39.961573178000151,21.343509379000068],[39.961603421000063,21.343542209000134],[39.961691858000052,21.343670644000042],[39.961694408000085,21.343674643000099],[39.96137179100009,21.343872892000036]]]},"properties":{"OBJECTID":568,"camp_label":"3A/38","gate_number":"3","Street":"38","Block":"12E","Type":"internal","Transport_mode":"النقل بالقطار","Capacity":604,"Gate_Lat":21.343624672491497,"Gate_Lon":39.961303501980375,"Shape_Length":0.0025001104914722998,"Shape_Area":3.0394240162141533e-07}},{"type":"Feature","id":569,"geometry":{"type":"Polygon","coordinates":[[[39.962057406000099,21.343793814000094],[39.96196672800005,21.343848603000083],[39.961959716000138,21.343838427000151],[39.96189908600013,21.343872208000164],[39.961650699000074,21.343512107000151],[39.962132162000046,21.343220522000081],[39.962226164000185,21.343356344000142],[39.962576227999989,21.343144891000122],[39.962623564000182,21.343203627000037],[39.962785041000132,21.343403315000046],[39.962880663000078,21.34352146000009],[39.962979923000091,21.34365323500009],[39.963056540000139,21.34375832600017],[39.962737390000029,21.343950678000112],[39.962717873000088,21.343922740000096],[39.962686474000066,21.34394474700008],[39.96268094900006,21.343939206000016],[39.962664437000115,21.343951252000124],[39.962685310000154,21.343982382000036],[39.9626612080001,21.343994978000012],[39.962434340000186,21.344134827000175],[39.96240855200017,21.344145140000023],[39.962181467000107,21.344286129000068],[39.962117793000175,21.34419426400018],[39.962107813000046,21.344179883000152],[39.962025271000186,21.344057841000165],[39.962017740000192,21.344044621000137],[39.96208663900012,21.344002904000149],[39.962055329000179,21.34395847900015],[39.962278395000169,21.34382049400017],[39.962200142000142,21.343707572000085],[39.962057406000099,21.343793814000094]]]},"properties":{"OBJECTID":569,"camp_label":"8/128","gate_number":"8","Street":"128","Block":"A3","Type":"internal","Transport_mode":"النقل بالقطار","Capacity":2232,"Gate_Lat":21.343668169555567,"Gate_Lon":39.962360804232937,"Shape_Length":0.0046341992368950065,"Shape_Area":8.1070424173741582e-07}},{"type":"Feature","id":570,"geometry":{"type":"Polygon","coordinates":[[[39.961650699000074,21.343512107000151],[39.961622133000049,21.343480758000112],[39.961526923000122,21.343344153000089],[39.961437126000078,21.343214130000092],[39.961762504000035,21.343016028000022],[39.961850650000031,21.342962361000104],[39.961892082000077,21.342995307000024],[39.961929509000072,21.342971440999975],[39.961973354000065,21.342943481000191],[39.961982669000179,21.342937785000061],[39.961955716000034,21.342899097000043],[39.962144605999981,21.342784590000065],[39.962180295000053,21.342762956000058],[39.962240124000118,21.342751313000065],[39.962243045000093,21.342772091000029],[39.962266596000177,21.342763699000045],[39.962282906000098,21.342783798000028],[39.962530975999982,21.343089519000159],[39.962491956000122,21.343115298999976],[39.962522433000117,21.343159139000079],[39.962565946000041,21.343132727000182],[39.962576227999989,21.343144891000122],[39.962226164000185,21.343356344000142],[39.962132162000046,21.343220522000081],[39.961855077000109,21.343388332000131],[39.961650699000074,21.343512107000151]]]},"properties":{"OBJECTID":570,"camp_label":"4/38","gate_number":"4","Street":"38","Block":"13E","Type":"internal","Transport_mode":"النقل بالقطار","Capacity":975,"Gate_Lat":21.343132866399753,"Gate_Lon":39.962010385103191,"Shape_Length":0.0031516326330805803,"Shape_Area":4.0503778884554709e-07}},{"type":"Feature","id":571,"geometry":{"type":"Polygon","coordinates":[[[39.959171450000042,21.344736004000083],[39.959206607000169,21.344781738000108],[39.959418533000132,21.345057418000181],[39.959223604999977,21.345174831000065],[39.959307757000033,21.34529930900004],[39.959031743000082,21.345466536000117],[39.958726880000029,21.345650909000028],[39.958522825000102,21.34539284400006],[39.958488129000045,21.345378117000166],[39.958383519000108,21.34523879000011],[39.958506965000026,21.345163354000078],[39.958422352000071,21.34503984000014],[39.958445185000073,21.345026104000112],[39.958624566000083,21.344918683000174],[39.958639468000058,21.34491067700003],[39.958674064000093,21.344887458000187],[39.958926267000095,21.344734901000038],[39.958948597000131,21.34472104200006],[39.959068460000026,21.344647956000074],[39.959111438000036,21.344657938000182],[39.959171450000042,21.344736004000083]]]},"properties":{"OBJECTID":571,"camp_label":"1/68","gate_number":"1","Street":"68","Block":"23A","Type":"internal","Transport_mode":"النقل بالقطار","Capacity":1881,"Gate_Lat":21.345142651954987,"Gate_Lon":39.958895178052423,"Shape_Length":0.0031958466310471187,"Shape_Area":5.7371697026832283e-07}},{"type":"Feature","id":572,"geometry":{"type":"Polygon","coordinates":[[[39.959205300000178,21.345361384000114],[39.959307757000033,21.34529930900004],[39.959223604999977,21.345174831000065],[39.959418533000132,21.345057418000181],[39.959888585000101,21.345664487000079],[39.959157552000136,21.346101646000079],[39.959100436000028,21.346020560000113],[39.959048312000164,21.346055983000099],[39.958830681000165,21.345781687000169],[39.958926014000156,21.345723938999981],[39.958826631000193,21.345590807000178],[39.959031743000082,21.345466536000117],[39.959108195000056,21.345420300000001],[39.959205300000178,21.345361384000114]]]},"properties":{"OBJECTID":572,"camp_label":"12/128","gate_number":"12","Street":"128","Block":"B1","Type":"internal","Transport_mode":"النقل بالقطار","Capacity":1540,"Gate_Lat":21.345620445152928,"Gate_Lon":39.959330486436578,"Shape_Length":0.0033498486874304193,"Shape_Area":5.6731780246380861e-07}},{"type":"Feature","id":573,"geometry":{"type":"Polygon","coordinates":[[[39.958206823000069,21.345170369000016],[39.958231438000041,21.345206494000081],[39.958231952000119,21.345206187000144],[39.95837850200013,21.345401332000051],[39.958238674000143,21.345495320000168],[39.958237840000038,21.345495880000044],[39.958247084000106,21.345509204999985],[39.95825920700014,21.345526683000003],[39.958279031000188,21.345554450000122],[39.958422133000113,21.345459430000062],[39.958430789000147,21.345453682000141],[39.958607187000155,21.345703189000062],[39.958634418000031,21.345739673000082],[39.958633192999969,21.34574047600006],[39.958477752000192,21.345842307000055],[39.958552531000066,21.345950419000076],[39.958716226000035,21.345851043000039],[39.958823034000147,21.345993266000164],[39.958651214000156,21.346098743000084],[39.958637556000099,21.346106914000188],[39.958637661000182,21.34610706300009],[39.958635149000145,21.34610860500004],[39.958719769000027,21.346233613999971],[39.958702146000121,21.346244281000054],[39.958193047000179,21.34654950800018],[39.958145725000179,21.346511429000145],[39.95807234800003,21.346451682000065],[39.957984865000185,21.346380449000151],[39.957847534000109,21.346268625000107],[39.957840720000036,21.346263078000106],[39.957785354000123,21.346221759000173],[39.957534771000041,21.346019806000072],[39.957549716000131,21.34601079600003],[39.957761121000146,21.345883344000129],[39.957784325000091,21.345868855999981],[39.957876714000179,21.345811702000049],[39.957870378000052,21.345802666000054],[39.957745525000064,21.345624590000057],[39.957747316000166,21.345623518000139],[39.957746018000023,21.345621628000174],[39.957865235000043,21.345544073000042],[39.957975013000066,21.345692407000058],[39.958225307000191,21.345536293000123],[39.958222105000061,21.345532110000022],[39.958233818000053,21.345521369000096],[39.958042788000057,21.345270532000086],[39.958206823000069,21.345170369000016]]]},"properties":{"OBJECTID":573,"camp_label":"4/128","gate_number":"4","Street":"128","Block":"A5","Type":"internal","Transport_mode":"النقل بالقطار","Capacity":2382,"Gate_Lat":21.34595671251212,"Gate_Lon":39.958205373973648,"Shape_Length":0.0053652017907235387,"Shape_Area":8.0595232529821166e-07}},{"type":"Feature","id":574,"geometry":{"type":"Polygon","coordinates":[[[39.958422870000106,21.346411719000059],[39.958425980000186,21.346409855000104],[39.958702146000121,21.346244281000054],[39.958719769000027,21.346233613999971],[39.958635149000145,21.34610860500004],[39.958637661000182,21.34610706300009],[39.958637556000099,21.346106914000188],[39.958651214000156,21.346098743000084],[39.958828072000017,21.345992934000151],[39.958973284000137,21.346186904000035],[39.95879111500011,21.346297866000157],[39.958850014000063,21.346379072000104],[39.959032753000031,21.346267078000096],[39.959235284000158,21.346538342000144],[39.959130770000058,21.346601196000051],[39.95916767600005,21.346653971000023],[39.959075962000099,21.346709935000035],[39.959053939000171,21.346723332000181],[39.959103402000096,21.346794694000039],[39.959268290000068,21.347033282000098],[39.959025372000042,21.347179222000079],[39.95898303000007,21.347146393999992],[39.958947300000148,21.347113486000126],[39.958923129000027,21.347136835000185],[39.958758775000092,21.347004444000163],[39.958608495000078,21.34688182900004],[39.958468947000085,21.346770952000043],[39.95833509900018,21.34666004200011],[39.958420816000114,21.346608178000054],[39.958329338000169,21.346490352000103],[39.958319625000172,21.346476408000171],[39.958422870000106,21.346411719000059]]]},"properties":{"OBJECTID":574,"camp_label":"10/128","gate_number":"10","Street":"128","Block":"B2","Type":"internal","Transport_mode":"النقل بالقطار","Capacity":1540,"Gate_Lat":21.346624844301925,"Gate_Lon":39.95882218208061,"Shape_Length":0.004091915310325012,"Shape_Area":5.7498283789112387e-07}},{"type":"Feature","id":575,"geometry":{"type":"Polygon","coordinates":[[[39.957673030000024,21.345936452999979],[39.957669194000061,21.345938765000028],[39.957534771000041,21.346019806000072],[39.95729529100015,21.345759243000089],[39.957478165000168,21.34563616500003],[39.957497714000112,21.345662308000158],[39.957556902000192,21.345736583000189],[39.957648272000142,21.345681849000073],[39.957649882000055,21.345684167000115],[39.957713604000048,21.345642714000121],[39.957718422000085,21.34563982800006],[39.957718296000053,21.345639662000053],[39.957746018000023,21.345621628000174],[39.957747316000166,21.345623518000139],[39.957745525000064,21.345624590000057],[39.957758562000038,21.345643185000085],[39.957870378000052,21.345802666000054],[39.957876714000179,21.345811702000049],[39.957784325000091,21.345868855999981],[39.957761121000146,21.345883344000129],[39.957673030000024,21.345936452999979]]]},"properties":{"OBJECTID":575,"camp_label":"1/102","gate_number":"1","Street":"102","Block":"13D","Type":"internal","Transport_mode":"النقل بالقطار","Capacity":230,"Gate_Lat":21.345807220795919,"Gate_Lon":39.957587879243007,"Shape_Length":0.0015593936274602529,"Shape_Area":1.2211968717219681e-07}},{"type":"Feature","id":576,"geometry":{"type":"Polygon","coordinates":[[[39.962391571000126,21.341147469000077],[39.962451994000048,21.341224335000049],[39.962511489000065,21.341187905000027],[39.962654267000175,21.34110047900009],[39.962538002000031,21.340935818000048],[39.962907802000075,21.340670191000186],[39.96301595500006,21.34059598000016],[39.963106673000141,21.340560742000093],[39.963135839000017,21.340551509000136],[39.963268383000184,21.340743385000053],[39.963017973000035,21.340896053000051],[39.963197948000129,21.341155162000064],[39.962695079000184,21.341458333000048],[39.962695194999981,21.341458499000055],[39.962444104000099,21.341610461000187],[39.962203972000111,21.341755790000036],[39.961931708000179,21.341369752000048],[39.962338014000181,21.34107933700011],[39.962359182000171,21.341106265000008],[39.962391571000126,21.341147469000077]]]},"properties":{"OBJECTID":576,"camp_label":"33/44","gate_number":"33","Street":"44","Block":"73B","Type":"internal","Transport_mode":"النقل بالقطار","Capacity":2013,"Gate_Lat":21.341184652611542,"Gate_Lon":39.962630861662177,"Shape_Length":0.0043129284119570064,"Shape_Area":6.2708980574235785e-07}},{"type":"Feature","id":577,"geometry":{"type":"Polygon","coordinates":[[[39.96351316900018,21.340964469000028],[39.963197948000129,21.341155162000064],[39.963075926000158,21.34097948800013],[39.9630497120001,21.340941748000034],[39.963017973000035,21.340896053000051],[39.963268383000184,21.340743385000053],[39.963135839000017,21.340551509000136],[39.963423638000165,21.340485473000172],[39.96389316200009,21.340559170000176],[39.96387317600005,21.340575665000188],[39.963645428000177,21.340712730000064],[39.963730044579563,21.340836593479196],[39.963823662212121,21.340973644966141],[39.963607792163373,21.341100556111371],[39.96351316900018,21.340964469000028]]]},"properties":{"OBJECTID":577,"camp_label":"56/50","gate_number":"56","Street":"50","Block":"72B","Type":"internal","Transport_mode":"النقل بالقطار","Capacity":924,"Gate_Lat":21.340798939758951,"Gate_Lon":39.963440300052135,"Shape_Length":0.0030047980192601936,"Shape_Area":3.340948660653728e-07}},{"type":"Feature","id":578,"geometry":{"type":"Polygon","coordinates":[[[39.964616155000158,21.340290533000029],[39.964614708999989,21.340299942000001],[39.964606703000072,21.340352044000042],[39.964303069000152,21.340307282000083],[39.964316208000071,21.340251893000016],[39.964197173000116,21.340229410000063],[39.964187866000145,21.34028992500015],[39.964012561999994,21.340263990000039],[39.963787179999997,21.340231012000174],[39.963548001000049,21.34019601500006],[39.963941155000043,21.339869266999983],[39.963982048000162,21.339919951000127],[39.964029912000058,21.339794741000048],[39.9645598890001,21.339405858000134],[39.964797293000004,21.339524525000058],[39.964814661000048,21.339534968000123],[39.965025974000184,21.339642185000059],[39.964886774000036,21.339674062000086],[39.964942549000114,21.339898708000021],[39.964916243000118,21.339905497000132],[39.964897753000173,21.339883262000171],[39.964661629000148,21.340055610000036],[39.964746065000043,21.340157683000086],[39.964746133000062,21.34016085900015],[39.964746853999998,21.34019470000004],[39.964715118000072,21.340190774000064],[39.964633045000085,21.340180620000069],[39.964618201000121,21.340277219000029],[39.964616155000158,21.340290533000029]]]},"properties":{"OBJECTID":578,"camp_label":"4/44","gate_number":"4","Street":"44","Block":"53","Type":"internal","Transport_mode":"النقل بالقطار","Capacity":1289,"Gate_Lat":21.339921861132837,"Gate_Lon":39.964368722415486,"Shape_Length":0.0042635842307563888,"Shape_Area":6.8690645864256191e-07}},{"type":"Feature","id":579,"geometry":{"type":"Polygon","coordinates":[[[39.964606703000072,21.340352044000042],[39.964616155000158,21.340290533000029],[39.964633045000085,21.340180620000069],[39.964715118000072,21.340190774000064],[39.964746853999998,21.34019470000004],[39.964746133000062,21.34016085900015],[39.964746065000043,21.340157683000086],[39.964661629000148,21.340055610000036],[39.964897753000173,21.339883262000171],[39.964916243000118,21.339905497000132],[39.965094130000182,21.339866152000184],[39.965036639000118,21.339656949000187],[39.965044720000151,21.339652526000123],[39.965055877999987,21.339658682000049],[39.965318202000049,21.339780466000036],[39.965946120000126,21.340044107999972],[39.96588448000017,21.340096495000125],[39.965912431999982,21.340125638000188],[39.96550030200018,21.340426089000061],[39.965394220000121,21.340468862000137],[39.965296665000153,21.340454149000095],[39.965283040000145,21.340452113000083],[39.965280530000143,21.34041578800003],[39.965301282000041,21.340414530000089],[39.965273369000158,21.340229405000116],[39.965266634000045,21.340219976000128],[39.965255193000075,21.340210818999992],[39.965127437000149,21.340224335000073],[39.965105761000132,21.340240694000101],[39.965147213000193,21.340431894000119],[39.964606703000072,21.340352044000042]]]},"properties":{"OBJECTID":579,"camp_label":"56/38","gate_number":"56","Street":"38","Block":"68","Type":"internal","Transport_mode":"النقل بالقطار","Capacity":1485,"Gate_Lat":21.340111143638968,"Gate_Lon":39.965243708826662,"Shape_Length":0.0041966110862793971,"Shape_Area":5.8159810635398394e-07}},{"type":"Feature","id":580,"geometry":{"type":"Polygon","coordinates":[[[39.974702224000055,21.33561832900017],[39.974532162000173,21.335719491000191],[39.974508718000038,21.335710560000052],[39.974493060000157,21.335690411000087],[39.974493881000114,21.335664036000139],[39.974680353999986,21.335461394000049],[39.974700200000029,21.335439170000029],[39.974870138000085,21.335235723000153],[39.974882323000088,21.335211260000165],[39.974892103000002,21.335185573000047],[39.974896475000037,21.335158479000143],[39.974896492000141,21.335131253000043],[39.974890835999986,21.3351033080001],[39.974882443000126,21.33507707800004],[39.974860708000165,21.335027589000163],[39.974488964000159,21.334688994000089],[39.974489720000065,21.33468774500011],[39.97450299400009,21.334650716000112],[39.97453921400006,21.334615429000166],[39.974811361000093,21.334634413000117],[39.974823158999982,21.334566269000163],[39.975647430000095,21.334728187000053],[39.975734467000109,21.334768486000087],[39.975715752000042,21.334787392000067],[39.975689469000088,21.334800305000158],[39.975661559000116,21.334850754000172],[39.97563814800003,21.33490799000009],[39.975631722000003,21.334926334000045],[39.975580853000167,21.335051732000125],[39.975563926999996,21.335072255000114],[39.974816159000113,21.335552035000035],[39.974793813000076,21.335565456000154],[39.97478634100014,21.335569384000109],[39.974702224000055,21.33561832900017]]]},"properties":{"OBJECTID":580,"camp_label":"3/716","gate_number":"3","Street":"716","Block":"5-3","Type":"internal","Transport_mode":"النقل بالقطار","Capacity":1523,"Gate_Lat":21.334996204610412,"Gate_Lon":39.975077553112364,"Shape_Length":0.0043138426559999948,"Shape_Area":6.3435351823245757e-07}},{"type":"Feature","id":581,"geometry":{"type":"Polygon","coordinates":[[[39.974013306000074,21.335717515000056],[39.974014131000047,21.335716789000173],[39.974042174000147,21.335692146000156],[39.974071253000147,21.335666592000166],[39.973962416999996,21.335535791000098],[39.973731240000177,21.335259737000172],[39.973535091000031,21.335405713000171],[39.973528429000169,21.335410664000108],[39.973268614000062,21.335147801000119],[39.973385089000033,21.33506174200005],[39.973411279000061,21.335091687000102],[39.97373664700018,21.334847606999972],[39.974032618000081,21.334617954000066],[39.974056892000135,21.334617512000079],[39.974268788000074,21.33479162000009],[39.97435529500018,21.334868013000062],[39.974713050000048,21.335209470000166],[39.974571145000141,21.335357275000092],[39.974384801000156,21.335542806000035],[39.974364038000147,21.335565817000088],[39.974332565000111,21.335602515999994],[39.974325704000137,21.335617517999992],[39.974330474000169,21.335721306000096],[39.974406025000121,21.335856572000068],[39.974308667000059,21.335924406000174],[39.974153090000073,21.336040081000078],[39.973914633000163,21.335804225000118],[39.974013306000074,21.335717515000056]]]},"properties":{"OBJECTID":581,"camp_label":"7/502","gate_number":"7","Street":"502","Block":"6-2","Type":"internal","Transport_mode":"النقل بالقطار","Capacity":2442,"Gate_Lat":21.335245334015486,"Gate_Lon":39.974060777710996,"Shape_Length":0.0047060286518239396,"Shape_Area":8.8499311955658929e-07}},{"type":"Feature","id":582,"geometry":{"type":"Polygon","coordinates":[[[39.973816662000104,21.335361741999975],[39.97384630900018,21.335397145000172],[39.973962416999996,21.335535791000098],[39.973871561000124,21.335601200999974],[39.973839841000029,21.335625223000022],[39.97378336100013,21.335666165000021],[39.973635105000142,21.335506752000072],[39.973659816000122,21.335483603000057],[39.973620968000091,21.335444474999974],[39.973597268000105,21.335465893000162],[39.973535091000031,21.335405713000171],[39.973731240000177,21.335259737000172],[39.973816662000104,21.335361741999975]]]},"properties":{"OBJECTID":582,"camp_label":"1/716","gate_number":"1","Street":"716","Block":"4-1","Type":"internal","Transport_mode":"النقل بالقطار","Capacity":259,"Gate_Lat":21.335463887745544,"Gate_Lon":39.973754688642714,"Shape_Length":0.0012512449053662443,"Shape_Area":8.0974891889000118e-08}},{"type":"Feature","id":583,"geometry":{"type":"Polygon","coordinates":[[[39.973774996000031,21.3358149230001],[39.973779611000168,21.335820230000081],[39.974044697000068,21.336124928000061],[39.973692248000134,21.336381789000086],[39.973663313000145,21.336352102000035],[39.973611595000136,21.336399609000182],[39.973633612000071,21.336424604000172],[39.973444941000025,21.336562023000113],[39.972918722000088,21.335929520000093],[39.972919191000017,21.335929178000072],[39.973140355000055,21.335767684000189],[39.973241873000063,21.335880035000173],[39.973602231000086,21.335616340999991],[39.973606556000163,21.335621312000171],[39.973709954000185,21.335740162000036],[39.973774996000031,21.3358149230001]]]},"properties":{"OBJECTID":583,"camp_label":"27/50","gate_number":"27","Street":"50","Block":"5-2","Type":"internal","Transport_mode":"النقل بالقطار","Capacity":1700,"Gate_Lat":21.336072237341732,"Gate_Lon":39.973491788630518,"Shape_Length":0.0031838036741821908,"Shape_Area":5.3210050935715197e-07}},{"type":"Feature","id":584,"geometry":{"type":"Polygon","coordinates":[[[39.973602231000086,21.335616340999991],[39.973241873000063,21.335880035000173],[39.973140355000055,21.335767684000189],[39.972919191000017,21.335929178000072],[39.972674407000056,21.335636332000149],[39.972736691000193,21.335584951000101],[39.972707669000101,21.335552482000139],[39.972858769000027,21.335441809000145],[39.972881604000008,21.335430321000047],[39.972911039000053,21.335408326000106],[39.972930157000064,21.335436536000145],[39.972975009000038,21.335401991000026],[39.972986773000116,21.335393634000127],[39.973007833000111,21.335378675000072],[39.973030585000174,21.335404352000126],[39.973070323999991,21.335375348000071],[39.973026079000192,21.335322363000046],[39.973095638000132,21.335270385000172],[39.973117063000075,21.335255996000114],[39.973129098000072,21.33527064000009],[39.973183982000194,21.335337432000131],[39.973211127000013,21.335315329000139],[39.97322927800019,21.335300550000056],[39.973253628000066,21.335280725000132],[39.973265365000088,21.33529337900012],[39.973376642000119,21.335397280000109],[39.973571429000174,21.335581408000053],[39.973602509999978,21.335616121000157],[39.973602231000086,21.335616340999991]]]},"properties":{"OBJECTID":584,"camp_label":"3/720","gate_number":"3","Street":"720","Block":"5-2","Type":"internal","Transport_mode":"النقل بالقطار","Capacity":907,"Gate_Lat":21.335600142657672,"Gate_Lon":39.973123450769329,"Shape_Length":0.0027032149327122995,"Shape_Area":3.4170690515036693e-07}},{"type":"Feature","id":585,"geometry":{"type":"Polygon","coordinates":[[[39.973289716000068,21.336666359000048],[39.973123915000087,21.336788092000063],[39.973100847000126,21.336805028000015],[39.973063004000096,21.336832813000115],[39.972969232000025,21.336901661000127],[39.972878965000064,21.336793397000065],[39.97275967700017,21.336648696000054],[39.972756670000194,21.336645049000026],[39.972963352000022,21.336493706000056],[39.972859453000069,21.336369155000114],[39.972856391000164,21.336365483000179],[39.973037826000166,21.336231687000122],[39.973332588000062,21.336584616000096],[39.973261090000165,21.336635054000169],[39.973289716000068,21.336666359000048]]]},"properties":{"OBJECTID":585,"camp_label":"1/502","gate_number":"1","Street":"502","Block":"6-1","Type":"internal","Transport_mode":"النقل بالقطار","Capacity":617,"Gate_Lat":21.336579071034969,"Gate_Lon":39.973041767602098,"Shape_Length":0.001969133148873899,"Shape_Area":1.9448734286761181e-07}},{"type":"Feature","id":586,"geometry":{"type":"Polygon","coordinates":[[[39.972838109000065,21.335991730000046],[39.972934379000037,21.336107102000028],[39.972880503000056,21.336146578000069],[39.972709004000137,21.336282038000093],[39.972819545000164,21.336398600000166],[39.972859453000069,21.336369155000114],[39.972963352000022,21.336493706000056],[39.972756670000194,21.336645049000026],[39.97275967700017,21.336648696000054],[39.972758833000114,21.336649314000113],[39.972878965000064,21.336793397000065],[39.972969232000025,21.336901661000127],[39.97297283600011,21.336905984000055],[39.972951294000097,21.336921526000083],[39.972716142000024,21.337093143000175],[39.972076008000158,21.336324367000145],[39.972017505000053,21.336252310000134],[39.971958031000099,21.336289696000051],[39.971858637000025,21.336173446000032],[39.971993707000024,21.336075107000113],[39.972151550000035,21.335960181000019],[39.972172471000079,21.335945285000037],[39.972304845000167,21.335848009000188],[39.972414112000081,21.335968343000161],[39.972571518000109,21.33584288000003],[39.972523713000157,21.335783080000056],[39.972611554000082,21.335720222000191],[39.972784246000174,21.335927181000159],[39.972830472000055,21.335982578000028],[39.972838109000065,21.335991730000046]]]},"properties":{"OBJECTID":586,"camp_label":"1/714","gate_number":"1","Street":"714","Block":"5-4","Type":"internal","Transport_mode":"النقل بالقطار","Capacity":2109,"Gate_Lat":21.336356149053945,"Gate_Lon":39.972510415934593,"Shape_Length":0.0044925404310790593,"Shape_Area":7.2268507338394081e-07}},{"type":"Feature","id":587,"geometry":{"type":"Polygon","coordinates":[[[39.972424977000173,21.335298849000026],[39.972336019000124,21.335368260000166],[39.972358192000058,21.335395325000036],[39.972298477000038,21.335438916000157],[39.972249250000118,21.33542321200008],[39.972237743000164,21.335454882000079],[39.972214646999987,21.335448843000165],[39.972182764000138,21.335443687999998],[39.971993676000125,21.335216059999993],[39.971976535000181,21.335195543000168],[39.972070356000074,21.335126742000114],[39.972216226000057,21.335020020000115],[39.972247646000142,21.335013126000092],[39.972343186000046,21.334941418000028],[39.97243757300015,21.334921783000084],[39.972487468000111,21.334977413000104],[39.972602240000185,21.334853315000089],[39.972703198000033,21.334737472000029],[39.97271367999997,21.334724048000169],[39.972809220000102,21.334601718000158],[39.972908200999996,21.334461317000034],[39.972820429000194,21.334365384000137],[39.972820873000046,21.334346436000033],[39.972849735000125,21.334194077999996],[39.972932450000144,21.334202829000105],[39.972934512000165,21.334203045000152],[39.973681765000094,21.334337973999993],[39.973680923000188,21.334339062000083],[39.973531149000053,21.334460962000094],[39.973512244000176,21.334477659000129],[39.973296864000133,21.334616065000034],[39.973256795000054,21.334648165000033],[39.973165280000046,21.334721110000089],[39.973152338000034,21.334731150000039],[39.973034127000119,21.33482577400008],[39.973020975000111,21.334836203000123],[39.972901505000152,21.334931538000092],[39.97288818800007,21.334941616000037],[39.972821351000107,21.33499452000018],[39.972668259000045,21.335114809000061],[39.972636317000081,21.335139760000118],[39.972622754000099,21.335150564000116],[39.972563547999982,21.335085824000089],[39.972392450000086,21.335230017000185],[39.972442867000041,21.335284551000086],[39.972424977000173,21.335298849000026]]]},"properties":{"OBJECTID":587,"camp_label":"9/714","gate_number":"9","Street":"714","Block":"5-4","Type":"internal","Transport_mode":"النقل بالقطار","Capacity":1795,"Gate_Lat":21.334757950391754,"Gate_Lon":39.972816494838646,"Shape_Length":0.0048658493205107692,"Shape_Area":5.9264844314981283e-07}},{"type":"Feature","id":588,"geometry":{"type":"Polygon","coordinates":[[[39.972849735000125,21.334194077999996],[39.972820873000046,21.334346436000033],[39.972820429000194,21.334365384000137],[39.972908200999996,21.334461317000034],[39.972809220000102,21.334601718000158],[39.97271367999997,21.334724048000169],[39.972703198000033,21.334737472000029],[39.972602240000185,21.334853315000089],[39.972487468000111,21.334977413000104],[39.97243757300015,21.334921783000084],[39.972343186000046,21.334941418000028],[39.972247646000142,21.335013126000092],[39.972216226000057,21.335020020000115],[39.972070356000074,21.335126742000114],[39.971947341000089,21.334977180000124],[39.971856625000044,21.335050068000157],[39.971839823999971,21.335029686000041],[39.971672452000178,21.334829757000136],[39.971638417000122,21.334780844000079],[39.97165217200012,21.334772444000066],[39.971672561999981,21.334795273000111],[39.971917500000188,21.334600538000075],[39.971739975000162,21.334406392000176],[39.971739841000158,21.334406245000082],[39.971932018000132,21.334252607000167],[39.971933060000083,21.334233888000085],[39.971993994000115,21.334236863000115],[39.971997112000054,21.334118938000188],[39.972238120999975,21.33412958700012],[39.972849735000125,21.334194077999996]]]},"properties":{"OBJECTID":588,"camp_label":"5/714","gate_number":"5","Street":"714","Block":"5-4","Type":"internal","Transport_mode":"النقل بالقطار","Capacity":2144,"Gate_Lat":21.334570310951271,"Gate_Lon":39.972275756380199,"Shape_Length":0.0040539721123440241,"Shape_Area":8.0411789107880747e-07}},{"type":"Feature","id":589,"geometry":{"type":"Polygon","coordinates":[[[39.971997112000054,21.334118938000188],[39.971995931000038,21.334163585000056],[39.971993994000115,21.334236863000115],[39.971982422000053,21.334236298000121],[39.971982378000064,21.334237782000059],[39.971932992000063,21.334235116000059],[39.971932018000132,21.334252607000167],[39.971741144000191,21.334405204000063],[39.971913591000146,21.334594861000028],[39.971912848000159,21.33459545200003],[39.971669500000132,21.334789018000038],[39.971648161000189,21.334765459000153],[39.971635398000103,21.334775237000031],[39.971062691999975,21.334121927000183],[39.971040442999993,21.334100777000003],[39.97158722000006,21.334101941000142],[39.971682404000092,21.334102144000042],[39.971692448000056,21.33411741700013],[39.971720724000079,21.33412551400005],[39.971749904000035,21.334129983000139],[39.971779460000164,21.334130745000039],[39.971884267000007,21.334097327000109],[39.971997112000054,21.334118938000188]]]},"properties":{"OBJECTID":589,"camp_label":"25/50","gate_number":"25","Street":"50","Block":"5-1","Type":"internal","Transport_mode":"النقل بالقطار","Capacity":612,"Gate_Lat":21.334353739990025,"Gate_Lon":39.971575734035092,"Shape_Length":0.0029316152391127754,"Shape_Area":3.4505922016153376e-07}},{"type":"Feature","id":590,"geometry":{"type":"Polygon","coordinates":[[[39.971182038999984,21.336229243000105],[39.971171031000154,21.33623718900003],[39.971039035000103,21.336332463000133],[39.970850475000134,21.336105502000066],[39.97076357900005,21.336001483000075],[39.970798835000096,21.335976348000031],[39.970735962000163,21.335897686000123],[39.970697355000027,21.335926423000103],[39.970579413000053,21.335781028000042],[39.971266607000075,21.335277893000068],[39.97121691500007,21.335218456000064],[39.971626399000172,21.334917933000156],[39.971675319000155,21.334976446000098],[39.971483809999995,21.3351218090001],[39.971596303000183,21.335238625000045],[39.97178081300018,21.335103422000088],[39.971997994000105,21.335359871000094],[39.972034885000028,21.335402923000117],[39.972049313000184,21.335433990000126],[39.972047036000106,21.33544852100016],[39.972021799000061,21.335469177999983],[39.972110727000086,21.335558912000124],[39.97196605400012,21.335663338000074],[39.971939560000067,21.335632420000024],[39.971861322000166,21.335690568000189],[39.971886354000105,21.335720867000134],[39.971344981000186,21.336111632000041],[39.971182038999984,21.336229243000105]]]},"properties":{"OBJECTID":590,"camp_label":"19/502","gate_number":"19","Street":"502","Block":"6-3","Type":"internal","Transport_mode":"النقل بالقطار","Capacity":2904,"Gate_Lat":21.335654238877627,"Gate_Lon":39.971349653914565,"Shape_Length":0.0049562354348384385,"Shape_Area":9.6810892017065051e-07}},{"type":"Feature","id":591,"geometry":{"type":"Polygon","coordinates":[[[39.970851694000146,21.336342542000125],[39.970922265000183,21.336429341000155],[39.9708072090001,21.336513524000054],[39.970725803999983,21.336413106000123],[39.970609486000171,21.336497358000145],[39.970481225000128,21.336348801000042],[39.970328605000077,21.336164164000138],[39.97023783700007,21.336230874000137],[39.97012197500004,21.336316028000056],[39.970133331999989,21.336006146000045],[39.970235125000158,21.335930883999993],[39.970449408000036,21.335772450000036],[39.970610377000128,21.335964421000028],[39.970899540000175,21.336306892000039],[39.970851694000146,21.336342542000125]]]},"properties":{"OBJECTID":591,"camp_label":"21/50","gate_number":"21","Street":"50","Block":"5-1","Type":"internal","Transport_mode":"النقل بالقطار","Capacity":945,"Gate_Lat":21.336155660186655,"Gate_Lon":39.970507298797365,"Shape_Length":0.0026811679566367931,"Shape_Area":2.913407396886282e-07}},{"type":"Feature","id":592,"geometry":{"type":"Polygon","coordinates":[[[39.970394304000138,21.336417874000176],[39.970481225000128,21.33634880000011],[39.970609486000171,21.336497358000145],[39.970613276000108,21.336502533000157],[39.970600148000074,21.336511707],[39.970597698000063,21.336513512000067],[39.970376784000109,21.33667624800006],[39.970447410000077,21.336759291000078],[39.970380187000103,21.336798921000138],[39.970216762000177,21.336578143000168],[39.970101288000194,21.336650698000085],[39.97012197500004,21.336316028000056],[39.97023783700007,21.336230874000137],[39.970394304000138,21.336417874000176]]]},"properties":{"OBJECTID":592,"camp_label":"4/716","gate_number":"4","Street":"716","Block":"4-2","Type":"internal","Transport_mode":"النقل بالقطار","Capacity":250,"Gate_Lat":21.336495294222061,"Gate_Lon":39.970319436350252,"Shape_Length":0.0019281787729168345,"Shape_Area":1.4256917254976869e-07}},{"type":"Feature","id":593,"geometry":{"type":"Polygon","coordinates":[[[39.968649998000046,21.338068210000131],[39.968364197000085,21.33828223200004],[39.968347818000098,21.338262261000068],[39.968215905000079,21.338347631000033],[39.968241307000028,21.338378037000098],[39.968082964000189,21.338490104000186],[39.968080781000083,21.338487810000174],[39.967997817000139,21.338397679000082],[39.968092279000132,21.338328780000154],[39.967884833000028,21.33808066000006],[39.968103819000021,21.337922270000092],[39.968113774000074,21.337934087999997],[39.968525210000166,21.337628702000131],[39.968565543000068,21.337795645000028],[39.968565231000014,21.337796095000044],[39.968565001000172,21.337796588000174],[39.968564861000175,21.337797109000121],[39.968564816000082,21.337797644000091],[39.968565043000183,21.337832254000148],[39.968565100000092,21.337832818000152],[39.968565260000105,21.337833364000062],[39.968565518000162,21.337833876000104],[39.968565868000155,21.337834338000107],[39.968566298000042,21.337834736000161],[39.968566795000186,21.337835059000099],[39.968567345000054,21.337835295000104],[39.968567930000177,21.337835438000013],[39.968568533000109,21.337835484000038],[39.968575159000125,21.337835446000042],[39.968589180000151,21.337893477000136],[39.968642922000129,21.338033764000102],[39.968649998000046,21.338068210000131]]]},"properties":{"OBJECTID":593,"camp_label":"28A/44","gate_number":"28A","Street":"44","Block":"70","Type":"internal","Transport_mode":"النقل بالقطار","Capacity":1145,"Gate_Lat":21.338059700291723,"Gate_Lon":39.96828978077162,"Shape_Length":0.002603242629953702,"Shape_Area":3.0723582393915565e-07}},{"type":"Feature","id":594,"geometry":{"type":"Polygon","coordinates":[[[39.966962631000115,21.339310874999967],[39.966901175000032,21.339232997000124],[39.966852488000143,21.339264785000069],[39.966737447000128,21.339123991000179],[39.966725887000052,21.339112145000058],[39.966629716,21.338994383000113],[39.966620042000102,21.338982018000024],[39.966572680000127,21.338922368000055],[39.966605240000149,21.338895077000018],[39.966564515000073,21.338847635000036],[39.966532056000119,21.338871208000114],[39.966517643000088,21.338851081000143],[39.966771233000088,21.338667124000096],[39.966603100000157,21.338465866000149],[39.966809498000146,21.33831644300011],[39.966712481000059,21.338199564000149],[39.966985074000092,21.338006546000145],[39.967079530000092,21.338120952000054],[39.967294176000109,21.338378132000173],[39.967368003999979,21.33846658900012],[39.967605555000034,21.338755197000182],[39.967572422000046,21.338779328000157],[39.967614444000162,21.338836683000181],[39.967530172000124,21.338898832000098],[39.967079086000069,21.339226701000143],[39.966962631000115,21.339310874999967]]]},"properties":{"OBJECTID":594,"camp_label":"18/44","gate_number":"18","Street":"44","Block":"70","Type":"internal","Transport_mode":"النقل بالقطار","Capacity":2284,"Gate_Lat":21.338697311472536,"Gate_Lon":39.96704006043641,"Shape_Length":0.0039762627412570058,"Shape_Area":7.6627505003585087e-07}},{"type":"Feature","id":595,"geometry":{"type":"Polygon","coordinates":[[[39.966042148999975,21.339642820000165],[39.965629871000147,21.339163999000107],[39.965624778000176,21.33915783700013],[39.965517447000082,21.339029831000175],[39.965661628000021,21.338922275000186],[39.965652040000123,21.338910705000103],[39.965491721000092,21.338722065000127],[39.965488675000188,21.338718480000068],[39.96598860600011,21.338353140000038],[39.966085614000121,21.338467486000127],[39.96608904500016,21.338471930000139],[39.965926884000112,21.338590607000071],[39.966070091000176,21.338764535000053],[39.966185721000159,21.33858955300019],[39.966355823000185,21.338810168000009],[39.966364542999997,21.338821084000074],[39.966461469000023,21.338938949000124],[39.966471497000157,21.33894983100015],[39.966567540000028,21.33906676700002],[39.96667048400019,21.339179283000135],[39.966554231000089,21.339266181000028],[39.966655637000144,21.339401661000011],[39.966647574000092,21.339406858000189],[39.966617296000038,21.339429239000026],[39.96668897800015,21.339514333000125],[39.966691948000005,21.339516103999983],[39.966383693000182,21.339740281000161],[39.966331707000165,21.339568839000037],[39.966301015999989,21.339573779000091],[39.966219762000037,21.339594120000072],[39.966042148999975,21.339642820000165]]]},"properties":{"OBJECTID":595,"camp_label":"45/38","gate_number":"45","Street":"38","Block":"70","Type":"internal","Transport_mode":"النقل بالقطار","Capacity":2776,"Gate_Lat":21.339090261834038,"Gate_Lon":39.966091019648978,"Shape_Length":0.0047642421817185327,"Shape_Area":8.7465463273954927e-07}},{"type":"Feature","id":596,"geometry":{"type":"Polygon","coordinates":[[[39.965629871000147,21.339163999000107],[39.966209661000164,21.339839332999986],[39.966041690000054,21.339964250000151],[39.965242212000135,21.339624027000127],[39.965496232000191,21.339443099000107],[39.96544387400013,21.339380617000074],[39.965417370000068,21.339314945000126],[39.965624778000176,21.33915783700013],[39.965629871000147,21.339163999000107]]]},"properties":{"OBJECTID":596,"camp_label":"66A/38","gate_number":"66A","Street":"38","Block":"68","Type":"internal","Transport_mode":"النقل بالقطار","Capacity":612,"Gate_Lat":21.339598005741507,"Gate_Lon":39.965730475681539,"Shape_Length":0.0027006558574025259,"Shape_Area":3.4090718530367048e-07}},{"type":"Feature","id":597,"geometry":{"type":"Polygon","coordinates":[[[39.965003144000093,21.339498791000096],[39.964677503000075,21.33932820299998],[39.964983187000144,21.339084953000111],[39.965137809000112,21.339271406000023],[39.965323621000039,21.339150905000054],[39.96516493300004,21.338955997000085],[39.965488675000188,21.338718480000068],[39.965491721000092,21.338722065000127],[39.965652040000123,21.338910705000103],[39.965661628000021,21.338922275000186],[39.965517447000082,21.339029831000175],[39.965624778000176,21.33915783700013],[39.965417370000068,21.339314945000126],[39.96544387400013,21.339380617000074],[39.965496232000191,21.339443099000107],[39.965242212000135,21.339624027000127],[39.965015701000141,21.339505369000108],[39.965004681000153,21.339499596000053],[39.965003144000093,21.339498791000096]]]},"properties":{"OBJECTID":597,"camp_label":"66B/38","gate_number":"66B","Street":"38","Block":"68","Type":"internal","Transport_mode":"النقل بالقطار","Capacity":783,"Gate_Lat":21.339215940945088,"Gate_Lon":39.965242063460195,"Shape_Length":0.0034833331910257043,"Shape_Area":3.714571095015801e-07}},{"type":"Feature","id":598,"geometry":{"type":"Polygon","coordinates":[[[39.965505086000064,21.337296264000031],[39.965730623000127,21.33725198400009],[39.965738018000138,21.337235515000032],[39.965748155000028,21.33721293800005],[39.965758538000046,21.337201762000177],[39.965774403000069,21.337194284000077],[39.965976269000066,21.337158723000073],[39.966090511000061,21.337609596000163],[39.965921840000078,21.337735996000163],[39.965975775000175,21.337814038000033],[39.965974374000155,21.337814318000085],[39.965871398000161,21.337834876000159],[39.965568703000088,21.337895303000096],[39.965550884000095,21.337898856000152],[39.965561454000124,21.337810811000054],[39.965350686000079,21.337791144999983],[39.965360277000059,21.337768157000085],[39.965329215000168,21.337619885000038],[39.965312659000006,21.337623127000143],[39.965248242000143,21.337347603000069],[39.965344961000028,21.33732852300011],[39.965505086000064,21.337296264000031]]]},"properties":{"OBJECTID":598,"camp_label":"33/38","gate_number":"33","Street":"38","Block":"59C","Type":"internal","Transport_mode":"النقل بالقطار","Capacity":1200,"Gate_Lat":21.337531559823518,"Gate_Lon":39.965686970294769,"Shape_Length":0.0027529599314879143,"Shape_Area":4.17567225480016e-07}},{"type":"Feature","id":599,"geometry":{"type":"Polygon","coordinates":[[[39.965568703000088,21.337895303000096],[39.965783737000095,21.337852376000171],[39.965871398000161,21.337834876000159],[39.965974374000155,21.337814318000085],[39.965989353000055,21.337833684000088],[39.966123481000125,21.337750852000113],[39.966180732000169,21.337994476000063],[39.965940052000178,21.338171035000187],[39.965675277000173,21.338374786000088],[39.965655491000177,21.338288583000121],[39.965568703000088,21.337895303000096]]]},"properties":{"OBJECTID":599,"camp_label":"50/38","gate_number":"50","Street":"38","Block":"61","Type":"internal","Transport_mode":"النقل بالقطار","Capacity":609,"Gate_Lat":21.33802614821332,"Gate_Lon":39.965855291777807,"Shape_Length":0.0019698416752151121,"Shape_Area":2.0340780755297255e-07}},{"type":"Feature","id":600,"geometry":{"type":"Polygon","coordinates":[[[39.967527372000063,21.338525583000035],[39.967605008000078,21.338469119000138],[39.967980115000103,21.338196309000125],[39.968092279000132,21.338328780000154],[39.967997817000139,21.338397679000082],[39.968080781000083,21.338487810000174],[39.967718399000148,21.338755233000029],[39.967527372000063,21.338525583000035]]]},"properties":{"OBJECTID":600,"camp_label":"13/44","gate_number":"13","Street":"44","Block":"72B","Type":"internal","Transport_mode":"النقل بالقطار","Capacity":391,"Gate_Lat":21.338481151891685,"Gate_Lon":39.967827181259203,"Shape_Length":0.0017219057393309957,"Shape_Area":1.5227921961272024e-07}},{"type":"Feature","id":601,"geometry":{"type":"Polygon","coordinates":[[[39.967549741000028,21.338097633000132],[39.967665496000109,21.338232725000125],[39.967765713000119,21.338352179000083],[39.967720004000171,21.338385434000088],[39.967527372000063,21.338525583000035],[39.96731613500009,21.338267045000123],[39.967215950000025,21.338146291999976],[39.967447536000179,21.33797835300004],[39.967549741000028,21.338097633000132]]]},"properties":{"OBJECTID":601,"camp_label":"52A/50","gate_number":"52","Street":"50B","Block":"72B","Type":"internal","Transport_mode":"النقل بالقطار","Capacity":400,"Gate_Lat":21.338251348843396,"Gate_Lon":39.967490361154958,"Shape_Length":0.0015624838894409152,"Shape_Area":1.422795035060165e-07}},{"type":"Feature","id":602,"geometry":{"type":"Polygon","coordinates":[[[39.967679463000081,21.337677260000078],[39.967648324000095,21.337699778000172],[39.96759977500011,21.337734886000078],[39.967667044000052,21.337815843000101],[39.967447536000179,21.33797835300004],[39.967215950000025,21.338146291999976],[39.966859214000181,21.337716317000059],[39.967237485000112,21.337434035000115],[39.967420335000156,21.337656611000057],[39.967571868000164,21.337549305000096],[39.967679463000081,21.337677260000078]]]},"properties":{"OBJECTID":602,"camp_label":"54/50","gate_number":"54","Street":"50","Block":"72B","Type":"internal","Transport_mode":"النقل بالقطار","Capacity":1089,"Gate_Lat":21.337778915896379,"Gate_Lon":39.967271759748684,"Shape_Length":0.0024343786082793449,"Shape_Area":3.0463772174103921e-07}},{"type":"Feature","id":603,"geometry":{"type":"Polygon","coordinates":[[[39.967679463000081,21.337677260000078],[39.967571868000164,21.337549305000096],[39.967420335000156,21.337656611000057],[39.967237485000112,21.337434035000115],[39.967380886000171,21.337329302000057],[39.967503598000008,21.337243121000142],[39.967712564000067,21.337091606000115],[39.967884577000007,21.336965327000087],[39.967980241000134,21.337071863000176],[39.967790028000081,21.337212006000129],[39.967819145000135,21.337246905000086],[39.967884896000157,21.33732548100005],[39.967954262000035,21.337274610000179],[39.967998467000029,21.337325426999996],[39.967836805000161,21.337448867000091],[39.967903148000062,21.33753169400012],[39.967819402000032,21.337592869000105],[39.967810726000039,21.337582338000061],[39.967679463000081,21.337677260000078]]]},"properties":{"OBJECTID":603,"camp_label":"48/50","gate_number":"48","Street":"50","Block":"72B","Type":"internal","Transport_mode":"النقل بالقطار","Capacity":193,"Gate_Lat":21.337368627061679,"Gate_Lon":39.967646197064823,"Shape_Length":0.0027095365976422012,"Shape_Area":2.5790492536715016e-07}},{"type":"Feature","id":604,"geometry":{"type":"Polygon","coordinates":[[[39.967884833000028,21.33808066000006],[39.967665496000109,21.338232725000125],[39.967549741000028,21.338097633000132],[39.967447536000179,21.33797835300004],[39.967667044000052,21.337815843000101],[39.96759977500011,21.337734886000078],[39.967810726000039,21.337582338000061],[39.967819402000032,21.337592869000105],[39.967903148000062,21.33753169400012],[39.967979395000043,21.33747599700007],[39.96806757600018,21.337411583000062],[39.967997550000064,21.337326126000164],[39.967998467000029,21.337325426999996],[39.967954262000035,21.337274610000179],[39.968081879000181,21.337185052000052],[39.968072395000092,21.33717448900012],[39.968371494000053,21.336965207000048],[39.968416978000107,21.33715635100009],[39.968525210000166,21.337628702000131],[39.968113774000074,21.337934087999997],[39.968103819000021,21.337922270000092],[39.967884833000028,21.33808066000006]]]},"properties":{"OBJECTID":604,"camp_label":"15/44","gate_number":"15","Street":"44","Block":"72B","Type":"internal","Transport_mode":"النقل بالقطار","Capacity":1270,"Gate_Lat":21.337637749273654,"Gate_Lon":39.968050010816022,"Shape_Length":0.0037548721510183005,"Shape_Area":5.7630294023516606e-07}},{"type":"Feature","id":605,"geometry":{"type":"Polygon","coordinates":[[[39.968371494000053,21.336965207000048],[39.968072395000092,21.33717448900012],[39.968071926000164,21.337173966000023],[39.967980241000134,21.337071863000176],[39.967884577000007,21.336965327000087],[39.968264472000101,21.336687750999999],[39.968282058000113,21.336676820000093],[39.968313367000178,21.33674213400019],[39.968330509000168,21.336792502000094],[39.968335908000142,21.336814421000042],[39.968369886000119,21.336958450000111],[39.968371494000053,21.336965207000048]]]},"properties":{"OBJECTID":605,"camp_label":"11/44","gate_number":"11","Street":"44","Block":"72B","Type":"internal","Transport_mode":"النقل بالقطار","Capacity":390,"Gate_Lat":21.336936129906789,"Gate_Lon":39.968152906786251,"Shape_Length":0.0014405021999200124,"Shape_Area":1.2357156665652762e-07}},{"type":"Feature","id":606,"geometry":{"type":"Polygon","coordinates":[[[39.964086948000158,21.338750040000036],[39.964202806000117,21.339269501000103],[39.963567806000185,21.339265360000013],[39.963803221000035,21.338547510000126],[39.963951235000025,21.338141559000064],[39.964054026000099,21.338602434000052],[39.964086455000029,21.338747830000045],[39.964086948000158,21.338750040000036]]]},"properties":{"OBJECTID":606,"camp_label":"40/56","gate_number":"40","Street":"56","Block":"74C","Type":"external","Transport_mode":"النقل بالقطار","Capacity":579,"Gate_Lat":21.338888597626262,"Gate_Lon":39.963905321718833,"Shape_Length":0.002978228622283825,"Shape_Area":3.6294307909726632e-07}},{"type":"Feature","id":607,"geometry":{"type":"Polygon","coordinates":[[[39.968069342000149,21.344852946000174],[39.968107308000071,21.344873033000113],[39.968451162000122,21.345054957000059],[39.968886637000139,21.345285353000122],[39.968020541000101,21.345845023999971],[39.967784225000059,21.345485470000085],[39.967773215000022,21.345468716000141],[39.968128266000008,21.34526760500006],[39.967998551000051,21.345084661000044],[39.967649102000166,21.345279877000053],[39.967606664000016,21.345215308000093],[39.967575477000025,21.345167856000103],[39.968069342000149,21.344852946000174]]]},"properties":{"OBJECTID":607,"camp_label":"20/56","gate_number":"20","Street":"56","Block":"51B","Type":"external","Transport_mode":"النقل بالقطار","Capacity":1946,"Gate_Lat":21.345319645094683,"Gate_Lon":39.968211782202438,"Shape_Length":0.0041585015298241422,"Shape_Area":5.6262332500583006e-07}},{"type":"Feature","id":608,"geometry":{"type":"Polygon","coordinates":[[[39.966538299000035,21.338650570000141],[39.966416767000055,21.338737777000176],[39.966221982000036,21.338511828000037],[39.966389314000025,21.338390584000138],[39.96651734600016,21.33854825800006],[39.966478936000158,21.338576472000057],[39.966538299000035,21.338650570000141]]]},"properties":{"OBJECTID":608,"camp_label":"50/50","gate_number":"50","Street":"50","Block":"72B","Type":"internal","Transport_mode":"النقل بالقطار","Capacity":179,"Gate_Lat":21.338561939874605,"Gate_Lon":39.966390305709943,"Shape_Length":0.0010002543737809549,"Shape_Area":5.5644329452829393e-08}},{"type":"Feature","id":609,"geometry":{"type":"Polygon","coordinates":[[[39.96534191700016,21.338388258000123],[39.965387451000026,21.338587527000186],[39.965364028000124,21.338606580000089],[39.965213144000074,21.338716825000063],[39.965095273000145,21.338798423000014],[39.965004110000166,21.338817719000019],[39.965003038000077,21.338812824000058],[39.96493401400005,21.338497665000034],[39.964927242000044,21.338469752000094],[39.964916242000186,21.338410528000168],[39.965016501000036,21.338392649000014],[39.965029579000031,21.338449641000125],[39.96534191700016,21.338388258000123]]]},"properties":{"OBJECTID":609,"camp_label":"0/50","gate_number":"0","Street":"50","Block":"73C","Type":"internal","Transport_mode":"النقل بالقطار","Capacity":220,"Gate_Lat":21.33857521791704,"Gate_Lon":39.965140564029333,"Shape_Length":0.0015532355627089309,"Shape_Area":1.3217181881631588e-07}},{"type":"Feature","id":610,"geometry":{"type":"Polygon","coordinates":[[[39.965380672000038,21.338557858000115],[39.96534191700016,21.338388258000123],[39.965315232000137,21.338392493000185],[39.965284132000079,21.338254898000116],[39.965631632000054,21.338184629000068],[39.965675277000173,21.338374786000088],[39.965495857000064,21.338506625000036],[39.96547269500013,21.338477153000099],[39.965417763000005,21.338516045000119],[39.965442795000115,21.338546224000027],[39.965387451000026,21.338587527000186],[39.965380672000038,21.338557858000115]]]},"properties":{"OBJECTID":610,"camp_label":"66C/38","gate_number":"66C","Street":"38","Block":"68","Type":"internal","Transport_mode":"النقل بالقطار","Capacity":179,"Gate_Lat":21.338349586383565,"Gate_Lon":39.965480425093446,"Shape_Length":0.0013578320692249765,"Shape_Area":8.9945584398497982e-08}},{"type":"Feature","id":611,"geometry":{"type":"Polygon","coordinates":[[[39.965346932000102,21.338242199000035],[39.965284132000079,21.338254898000116],[39.965289759000086,21.338280726000107],[39.964905064000163,21.338357821000159],[39.964897476000033,21.338333856000077],[39.964857116000076,21.338143530000139],[39.965201857000125,21.337898225000174],[39.965217106000011,21.337964292000038],[39.965218494000169,21.33797030900007],[39.965396261000194,21.337934294000036],[39.965390701000103,21.337894477000191],[39.965551325000035,21.337927982000053],[39.965550884000095,21.337898856000152],[39.965568703000088,21.337895303000096],[39.965631632000054,21.338184629000068],[39.965346932000102,21.338242199000035]]]},"properties":{"OBJECTID":611,"camp_label":"28C/44","gate_number":"28C","Street":"44","Block":"70","Type":"internal","Transport_mode":"النقل بالقطار","Capacity":266,"Gate_Lat":21.338121815930236,"Gate_Lon":39.965241504224721,"Shape_Length":0.0022191476515150163,"Shape_Area":2.2538053354183745e-07}},{"type":"Feature","id":612,"geometry":{"type":"Polygon","coordinates":[[[39.96379330200017,21.347650095000063],[39.964115291999974,21.348108087000071],[39.963986410000189,21.348189917000127],[39.964024868000138,21.348241535000113],[39.963723790000131,21.348433544000102],[39.963471510000034,21.348074160000067],[39.963437581000164,21.347968951000155],[39.963484993000179,21.347942111000066],[39.963407011000072,21.347833942000079],[39.96355022400013,21.347743330000185],[39.963475348000145,21.34764033600004],[39.963626543000146,21.347543687000098],[39.963690518000192,21.347631285000091],[39.963752257000067,21.347591712999986],[39.963789984000073,21.347645375000184],[39.96379330200017,21.347650095000063]]]},"properties":{"OBJECTID":612,"camp_label":"D/108","gate_number":"D","Street":"108","Block":"A1","Type":"internal","Transport_mode":"النقل بالقطار","Capacity":1055,"Gate_Lat":21.347993083921654,"Gate_Lon":39.963736536873675,"Shape_Length":0.0026008702074780572,"Shape_Area":3.4443191128979953e-07}},{"type":"Feature","id":613,"geometry":{"type":"Polygon","coordinates":[[[39.963769362000164,21.347446209000054],[39.964253706000079,21.347141087000182],[39.964283497000167,21.347212323000065],[39.964484541000104,21.347085134999986],[39.964677247000054,21.347444955000128],[39.964436239000179,21.347583778000171],[39.964419366000129,21.347601552000185],[39.964015984000127,21.347803150000175],[39.963769362000164,21.347446209000054]]]},"properties":{"OBJECTID":613,"camp_label":"A/108","gate_number":"A","Street":"108","Block":"A1","Type":"internal","Transport_mode":"النقل بالقطار","Capacity":942,"Gate_Lat":21.347441106726837,"Gate_Lon":39.964227204355495,"Shape_Length":0.0024831726814594614,"Shape_Area":3.4287423633353565e-07}},{"type":"Feature","id":614,"geometry":{"type":"Polygon","coordinates":[[[39.96332114400019,21.348331000000144],[39.963267181000049,21.34825334300001],[39.963036389000138,21.347921209999981],[39.963161482000146,21.347841083000048],[39.963225760000114,21.347929117000035],[39.963270336000051,21.347900503000176],[39.963206160000084,21.347812658000066],[39.963475348000145,21.34764033600004],[39.96355022400013,21.347743330000185],[39.96340755600005,21.347834699000032],[39.963484993000179,21.347942111000066],[39.963437581000164,21.347968951000155],[39.963235860000054,21.348030878000031],[39.963275387000067,21.348134197000149],[39.963484317000109,21.348088939000093],[39.963723790000131,21.348433544000102],[39.963520715000072,21.348563240000033],[39.96349619700004,21.348530071000027],[39.963469832000044,21.348544974999982],[39.96332114400019,21.348331000000144]]]},"properties":{"OBJECTID":614,"camp_label":"E/108","gate_number":"E","Street":"108","Block":"A1","Type":"internal","Transport_mode":"النقل بالقطار","Capacity":745,"Gate_Lat":21.348124711099707,"Gate_Lon":39.963391375785015,"Shape_Length":0.0032497073317206758,"Shape_Area":2.3064540701631172e-07}},{"type":"Feature","id":615,"geometry":{"type":"Polygon","coordinates":[[[39.964263280000182,21.346711533000189],[39.964393565000194,21.346958315000165],[39.964205197000069,21.347072939000043],[39.964156264000167,21.346956099000181],[39.963932133000185,21.347099423000145],[39.963745101000029,21.346842779000042],[39.963728014000083,21.346819332000109],[39.964168148000113,21.346537109000167],[39.964170426999999,21.346535652000114],[39.964260857000056,21.346706943000186],[39.964263280000182,21.346711533000189]]]},"properties":{"OBJECTID":615,"camp_label":"B/108","gate_number":"B","Street":"108","Block":"A1","Type":"internal","Transport_mode":"النقل بالقطار","Capacity":633,"Gate_Lat":21.346840467407098,"Gate_Lon":39.964071238822079,"Shape_Length":0.0019632894068582953,"Shape_Area":2.0072459057304012e-07}},{"type":"Feature","id":616,"geometry":{"type":"Polygon","coordinates":[[[39.963453384000104,21.346994724000069],[39.963270846000114,21.346733979000078],[39.963726727000108,21.346461527000088],[39.963782252000158,21.346555991999992],[39.963948790000074,21.346449307000171],[39.963912901000015,21.346361696000088],[39.963986719000104,21.34631800700015],[39.964075427000182,21.346449556000096],[39.964110280000114,21.346428930000172],[39.964168148000113,21.346537109000167],[39.96372756500017,21.34681871700019],[39.963728014000083,21.346819332000109],[39.963453384000104,21.346994724000069]]]},"properties":{"OBJECTID":616,"camp_label":"C/108","gate_number":"C","Street":"108","Block":"A1","Type":"internal","Transport_mode":"النقل بالقطار","Capacity":675,"Gate_Lat":21.34666705763993,"Gate_Lon":39.963701592120636,"Shape_Length":0.0025085486606756051,"Shape_Area":2.3288103331612047e-07}},{"type":"Feature","id":617,"geometry":{"type":"Polygon","coordinates":[[[39.962517872000149,21.345829898000147],[39.962668271000098,21.346049583000138],[39.962724537000099,21.34613124200007],[39.962682970000117,21.346155934000137],[39.962631861000091,21.346186293000073],[39.962196456000015,21.346443769000075],[39.962135701000079,21.346361214000069],[39.962464436000175,21.346122212000182],[39.962350915000115,21.345936886000118],[39.962517872000149,21.345829898000147]]]},"properties":{"OBJECTID":617,"camp_label":"49/44","gate_number":"49","Street":"44","Block":"4-5","Type":"internal","Transport_mode":"النقل بالقطار","Capacity":310,"Gate_Lat":21.346135172942791,"Gate_Lon":39.962458830314318,"Shape_Length":0.0019035948894469881,"Shape_Area":1.2367265550236726e-07}},{"type":"Feature","id":618,"geometry":{"type":"Polygon","coordinates":[[[39.978391392000105,21.339113308000094],[39.978398047000042,21.339125164000166],[39.977965603000143,21.339412350000146],[39.977789805000157,21.339498948000028],[39.977469531000111,21.339592568000114],[39.977449064000098,21.339598728000112],[39.977443870000059,21.339600289000145],[39.977429357000176,21.339604654000027],[39.977169620000097,21.339682071000141],[39.976648687000079,21.339838649000114],[39.976575929999967,21.339859556000192],[39.97654272200009,21.339869096000086],[39.976513842000031,21.339877728999966],[39.976284048000025,21.33992530800009],[39.976038170000095,21.339976211000135],[39.976004418000116,21.339983129000188],[39.975990211000124,21.339986039000053],[39.975939498000116,21.33999762600007],[39.975908290000177,21.339996859000053],[39.975687373000085,21.339991341000143],[39.975182392000136,21.339979541000048],[39.975080600000069,21.339976512000078],[39.974997584000164,21.339976759000024],[39.97473228500013,21.339929758000096],[39.974796717000117,21.339902786000039],[39.974911112000086,21.339864679000129],[39.975000685000111,21.339835769000047],[39.975253597000119,21.339749864000169],[39.97558798700004,21.339668842000037],[39.975605996000013,21.339664482000046],[39.975906418000193,21.339597598000182],[39.97603787900016,21.339568197000119],[39.976477417000126,21.339469897000185],[39.976489650000133,21.339467099000103],[39.977305960000194,21.339305633000095],[39.977365784000142,21.339288090000139],[39.977369102000068,21.33928711700014],[39.977375271000142,21.339285309000161],[39.97764766500012,21.339205443000139],[39.977938436000102,21.339120673000082],[39.978310401000044,21.33901227500013],[39.978391392000105,21.339113308000094]]]},"properties":{"OBJECTID":618,"camp_label":"55/62","gate_number":"55","Street":"62","Block":"78","Type":"external","Transport_mode":"النقل بالقطار","Capacity":3973,"Gate_Lat":21.339605945956848,"Gate_Lon":39.976640881517554,"Shape_Length":0.0076857289280322276,"Shape_Area":1.1274363158500737e-06}},{"type":"Feature","id":619,"geometry":{"type":"Polygon","coordinates":[[[39.964997344000153,21.341575986000066],[39.964453292000087,21.341900739000039],[39.963994228000104,21.342174759000159],[39.963733939000122,21.341783280000186],[39.964200846000153,21.341503512000145],[39.964731008000115,21.34118584700002],[39.964997344000153,21.341575986000066]]]},"properties":{"OBJECTID":619,"camp_label":"7/68","gate_number":"7","Street":"68","Block":"23B","Type":"external","Transport_mode":"النقل بالقطار","Capacity":4039,"Gate_Lat":21.34167992221278,"Gate_Lon":39.964364584290863,"Shape_Length":0.0032730840216093956,"Shape_Area":5.4833496220515274e-07}},{"type":"Feature","id":620,"geometry":{"type":"MultiPolygon","coordinates":[[[[39.970009890000085,21.335294520000105],[39.969896313000049,21.335353170000189],[39.969621021000194,21.335284500000171],[39.969078416000116,21.335155112000109],[39.969554674999983,21.334783702000152],[39.96956278100015,21.334793492000074],[39.969950853000114,21.334514010000191],[39.970009890000085,21.335294520000105]]],[[[39.969449427000029,21.335578653000084],[39.969449561000033,21.335578815000076],[39.969197080000185,21.335765659999993],[39.968963261999988,21.335452908000093],[39.968956342000126,21.335443651000105],[39.968710615000134,21.335636790000024],[39.96859445500013,21.335497655000154],[39.9682098830001,21.335758381000062],[39.968053171000122,21.335035786000049],[39.968112375000032,21.33502407900005],[39.968585381000082,21.33513136900001],[39.968882607000182,21.335198788000184],[39.968889617000059,21.335200378000138],[39.969709061000174,21.335386246000041],[39.969449427000029,21.335578653000084]]]]},"properties":{"OBJECTID":620,"camp_label":"59/62","gate_number":"59","Street":"62","Block":"7-1A","Type":"external","Transport_mode":"النقل بالقطار","Capacity":2345,"Gate_Lat":21.335239220377751,"Gate_Lon":39.969114446973173,"Shape_Length":0.0072819403893798623,"Shape_Area":1.013628492751895e-06}},{"type":"Feature","id":621,"geometry":{"type":"Polygon","coordinates":[[[39.97164223600015,21.337069890000123],[39.971430069000121,21.337223048000169],[39.971132694000119,21.337437715000078],[39.970565812000075,21.337846925000179],[39.970133655000154,21.337400354000067],[39.971216820000109,21.336621595000054],[39.97164223600015,21.337069890000123]]]},"properties":{"OBJECTID":621,"camp_label":"14/202","gate_number":"14","Street":"202","Block":"45","Type":"external","Transport_mode":"النقل بالقطار","Capacity":3690,"Gate_Lat":21.337234788503558,"Gate_Lon":39.97088909432734,"Shape_Length":0.0039010966038509906,"Shape_Area":8.1668932293557782e-07}},{"type":"Feature","id":622,"geometry":{"type":"Polygon","coordinates":[[[39.967485681000085,21.336139732000049],[39.967516637000131,21.336134578000156],[39.967678016999969,21.336107704000085],[39.96774361100006,21.336096781000151],[39.968168238000146,21.336004808999974],[39.968241796000029,21.336283146000028],[39.968291522000015,21.336471301000074],[39.967336796000097,21.337163917000169],[39.967097719000094,21.337337357000138],[39.967057852000096,21.337165523000124],[39.966919124000185,21.336567572000092],[39.966844630000026,21.33624648000017],[39.967393849000075,21.336155025000153],[39.967480460000047,21.336140602000114],[39.967485681000085,21.336139732000049]]]},"properties":{"OBJECTID":622,"camp_label":"8/521","gate_number":"8","Street":"521","Block":"7-9","Type":"external","Transport_mode":"النقل بالقطار","Capacity":1414,"Gate_Lat":21.336556363453013,"Gate_Lon":39.967517185082393,"Shape_Length":0.0044230541069758388,"Shape_Area":1.0748070523134124e-06}},{"type":"Feature","id":623,"geometry":{"type":"Polygon","coordinates":[[[39.968168238000146,21.336004808999974],[39.968116221000173,21.336016076000135],[39.96774361100006,21.336096781000151],[39.967678016999969,21.336107704000085],[39.967516637000131,21.336134578000156],[39.967485681000085,21.336139732000049],[39.967480460000047,21.336140602000114],[39.967393849000075,21.336155025000153],[39.966844630000026,21.33624648000017],[39.966711219000103,21.33567143800002],[39.966734787999997,21.335665254000048],[39.966826525000045,21.335518655000101],[39.967471618000047,21.335253411000167],[39.967780740000023,21.335126308000042],[39.967861084000106,21.335067804000175],[39.967946672000096,21.335026434000156],[39.968146033000153,21.33592078900017],[39.968168238000146,21.336004808999974]]]},"properties":{"OBJECTID":623,"camp_label":"1/521","gate_number":"1","Street":"521","Block":"7-7","Type":"external","Transport_mode":"النقل بالقطار","Capacity":1656,"Gate_Lat":21.335711830304149,"Gate_Lon":39.967457683149355,"Shape_Length":0.0043628384653612868,"Shape_Area":1.1220032501576065e-06}},{"type":"Feature","id":624,"geometry":{"type":"Polygon","coordinates":[[[39.972410865000086,21.337814415000139],[39.972412566000116,21.337816193000151],[39.972667308000041,21.338082395000129],[39.972617032000187,21.338120687000071],[39.972566177000147,21.338159419000078],[39.972459544999992,21.338239624000096],[39.971987159000037,21.338594932000149],[39.971858765000036,21.338446224000108],[39.971759816000144,21.338519468000129],[39.971651848000079,21.338397306000161],[39.971455937000087,21.33817344900018],[39.971564645000058,21.338093322000077],[39.971780115000115,21.337934503000156],[39.972217372000159,21.337612216000025],[39.972342721000132,21.337743205000152],[39.972410865000086,21.337814415000139]]]},"properties":{"OBJECTID":624,"camp_label":"34/56","gate_number":"34","Street":"56","Block":"74B","Type":"external","Transport_mode":"النقل بالقطار","Capacity":1965,"Gate_Lat":21.338119212907564,"Gate_Lon":39.972065219672004,"Shape_Length":0.0032284312535464897,"Shape_Area":6.009399735670103e-07}},{"type":"Feature","id":625,"geometry":{"type":"Polygon","coordinates":[[[39.978514376000135,21.337334818000159],[39.978514235000034,21.337333590000071],[39.978503542000169,21.337244328000168],[39.97847086500019,21.33698568900013],[39.97836492600004,21.336799818000145],[39.978344721000042,21.336764362000054],[39.978245634000132,21.336594199000103],[39.978247076000059,21.33654462200019],[39.978791976000025,21.336506397000107],[39.978822372000081,21.336758500000087],[39.978921099000161,21.337583869000071],[39.978928437000036,21.337656832000164],[39.978928241000006,21.337715647000152],[39.97891551500004,21.337791501000027],[39.978904438000086,21.337828814000034],[39.978892327000096,21.33786466000015],[39.97886286500011,21.337920863000079],[39.978827981000052,21.337975967000034],[39.978788191000149,21.338021371000025],[39.978719727000168,21.338078586000051],[39.978715248000071,21.33808130500006],[39.978378283000154,21.338138772000093],[39.978446333000136,21.337930391000157],[39.97854739100012,21.337632635000034],[39.978514376000135,21.337334818000159]]]},"properties":{"OBJECTID":625,"camp_label":"3/508","gate_number":"3","Street":"508","Block":"7-3","Type":"external","Transport_mode":"النقل بالقطار","Capacity":1824,"Gate_Lat":21.337276989630308,"Gate_Lon":39.978649499872752,"Shape_Length":0.0042289612631422144,"Shape_Area":6.5367498263530157e-07}},{"type":"Feature","id":626,"geometry":{"type":"Polygon","coordinates":[[[39.971071837000125,21.334920786999987],[39.971068847000083,21.334903063000127],[39.971020263000128,21.334615103000147],[39.971307704000026,21.334585583000148],[39.971626399000172,21.334917933000156],[39.971217804000048,21.335217803999967],[39.971266607000075,21.335277893000068],[39.971135161000063,21.335374133000016],[39.971032976000004,21.335252098000183],[39.971165694000149,21.335153643000069],[39.971212370000103,21.335118029000171],[39.971071837000125,21.334920786999987]]]},"properties":{"OBJECTID":626,"camp_label":"6/508","gate_number":"6","Street":"508","Block":"7-2","Type":"external","Transport_mode":"النقل بالقطار","Capacity":1292,"Gate_Lat":21.334906796182917,"Gate_Lon":39.971270871835159,"Shape_Length":0.0024318790271947643,"Shape_Area":2.4196964398350612e-07}},{"type":"Feature","id":627,"geometry":{"type":"Polygon","coordinates":[[[39.980404699000132,21.336930709000058],[39.980513633000101,21.337057553000079],[39.980599317000099,21.337157323000156],[39.980363876000069,21.337337286000036],[39.980545435000067,21.337550716000123],[39.980594911000082,21.337600543000065],[39.980088938000051,21.337951858000054],[39.979958230000079,21.337804985000105],[39.979840300000092,21.337886098000126],[39.979968801000155,21.338036601000056],[39.979636185000174,21.338287882000145],[39.979507622000085,21.337999902000149],[39.979601778000074,21.337704838000036],[39.980308056000069,21.337171085000023],[39.980351303000191,21.336949928000138],[39.980404699000132,21.336930709000058]]]},"properties":{"OBJECTID":627,"camp_label":"2/510","gate_number":"2","Street":"510","Block":"7-3","Type":"external","Transport_mode":"النقل بالقطار","Capacity":1296,"Gate_Lat":21.337646611131103,"Gate_Lon":39.980054668259037,"Shape_Length":0.004308440397534816,"Shape_Area":5.6893457490323657e-07}},{"type":"Feature","id":628,"geometry":{"type":"Polygon","coordinates":[[[39.960624816000177,21.345057516500049],[39.960847605000083,21.344922833000169],[39.960932526000079,21.345044599999994],[39.960459162000177,21.345332783000174],[39.960368986820129,21.345202468432831],[39.960624816000177,21.345057516500049]]]},"properties":{"OBJECTID":628,"camp_label":"2A/128","gate_number":"2A","Street":"128","Block":"B6","Type":"internal","Transport_mode":"النقل بالقطار","Capacity":340,"Gate_Lat":21.345128087748563,"Gate_Lon":39.960649938456307,"Shape_Length":0.0014154892972695909,"Shape_Area":8.3768862990342772e-08}},{"type":"Feature","id":629,"geometry":{"type":"Polygon","coordinates":[[[39.963471225000092,21.34314081500014],[39.963555695000139,21.343262930000037],[39.963555760000077,21.343263024000066],[39.963564935000193,21.343276410000101],[39.963678081000126,21.343440631000078],[39.963701588000049,21.343474735000086],[39.963743022000074,21.343534887999965],[39.963743136000119,21.34353505100006],[39.963560793000056,21.343647586000088],[39.963560670000106,21.343647399000133],[39.963427983000031,21.343445737000138],[39.963389236000125,21.343382699000074],[39.96322053300014,21.343484981000188],[39.963074061999976,21.343573462000165],[39.962976994000144,21.343439508000074],[39.96296502088785,21.343425959415811],[39.963471225000092,21.34314081500014]]]},"properties":{"OBJECTID":629,"camp_label":"A2/38","gate_number":"A2","Street":"38","Block":"12E","Type":"internal","Transport_mode":"النقل بالقطار","Capacity":8000,"Gate_Lat":21.343398330163076,"Gate_Lon":39.963384322049286,"Shape_Length":0.002141710160388428,"Shape_Area":1.6622802298710054e-07}},{"type":"Feature","id":630,"geometry":{"type":"Polygon","coordinates":[[[39.966870893390819,21.336719313992262],[39.966933772562356,21.33699144227694],[39.966268401888044,21.33712342309309],[39.966265607196306,21.33711102417459],[39.966071018753667,21.337157387736625],[39.966020130992149,21.336938728550763],[39.966870893390819,21.336719313992262]]]},"properties":{"OBJECTID":630,"camp_label":"32C/50","gate_number":"32C","Street":"56","Block":"54","Type":"internal","Transport_mode":"النقل بالقطار","Capacity":0,"Gate_Lat":21.336948279849612,"Gate_Lon":39.966490627111327,"Shape_Length":0.0022734814060899862,"Shape_Area":2.216581037786972e-07}},{"type":"Feature","id":631,"geometry":{"type":"Polygon","coordinates":[[[39.963509183688188,21.340974986836557],[39.963852360532996,21.341474110069441],[39.962860953593861,21.342081275066846],[39.962702783731572,21.341870062305077],[39.963173536962302,21.341583984389047],[39.962973324951065,21.341290585343756],[39.963509183688188,21.340974986836557]]]},"properties":{"OBJECTID":631,"camp_label":"3/38","gate_number":"56","Street":"50","Block":"12E","Type":"internal","Transport_mode":"النقل بالقطار","Capacity":5000,"Gate_Lat":21.341507814604878,"Gate_Lon":39.963304193776814,"Shape_Length":0.0035600997155316979,"Shape_Area":5.2241786722477044e-07}},{"type":"Feature","id":632,"geometry":{"type":"Polygon","coordinates":[[[39.968686981911958,21.346113018210474],[39.968918590060639,21.345977378356793],[39.968797769917558,21.345799701438466],[39.96908855879218,21.345625062217152],[39.969540095766718,21.346332518598103],[39.969038610360258,21.346629921849456],[39.968686981911958,21.346113018210474]]]},"properties":{"OBJECTID":632,"camp_label":"2/504","gate_number":"2","Street":"504","Block":"6-8","Type":"external","Transport_mode":"النقل التقليدي","Capacity":2268,"Gate_Lat":21.346473,"Gate_Lon":39.969301999999999,"Shape_Length":0.0028699480183472827,"Shape_Area":4.412225132160854e-07}}]
}