{
  "type" : "FeatureCollection",
  "features" : [{"type":"Feature","id":1,"geometry":{"type":"Polygon","coordinates":[[[39.805349191000062,21.432690319000073],[39.804808186000059,21.432972474000053],[39.804144829000052,21.433298397000044],[39.803666300000032,21.433464335000053],[39.803155293000032,21.433462242000076],[39.802964201000066,21.433365428000059],[39.802709691000075,21.43321323400005],[39.802423352000062,21.433011193000027],[39.80213106900004,21.432831905000057],[39.801791489000038,21.432659662000049],[39.801448020000066,21.432539209000026],[39.801246366000044,21.432501787000035],[39.801049259000081,21.432488674000069],[39.800838535000025,21.432479045000036],[39.800575279000043,21.432500465000032],[39.800333693000027,21.43254659400003],[39.800093964000041,21.432629934000033],[39.79985937400005,21.432744267000032],[39.799585456000045,21.432936330000075],[39.799382683000033,21.433114094000075],[39.799190046000035,21.433302970000057],[39.798215520000042,21.43231477300003],[39.797780743000033,21.43186399700005],[39.797074485000053,21.431138463000025],[39.796689769000068,21.430754132000061],[39.796494947000042,21.430565856000044],[39.79619514500007,21.430261765000068],[39.796041345000049,21.43011434500005],[39.795723721000059,21.430329050000068],[39.795269102000077,21.430967958000053],[39.79514097100008,21.431650784000055],[39.794661031000032,21.431719870000052],[39.794108132000076,21.430894194000075],[39.793704091000052,21.430079051000064],[39.793301191000069,21.42956496100004],[39.792948366000076,21.429135526000039],[39.792434180000043,21.429214711000043],[39.791885195000077,21.428752538000026],[39.791387619000034,21.428533167000069],[39.790971373000048,21.428465502000051],[39.790631603000065,21.428474741000059],[39.790296354000077,21.428313423000077],[39.790008954000029,21.428389567000067],[39.789327011000069,21.428540363000025],[39.789260293000041,21.428259358000048],[39.789176655000063,21.42793542000004],[39.789131913000062,21.427684587000044],[39.789127697000026,21.427205068000035],[39.789169773000026,21.426958205000062],[39.789245710000046,21.426656193000042],[39.789336757000058,21.426390419000029],[39.789472506000038,21.426116057000058],[39.789641158000052,21.425858299000026],[39.789798147000056,21.425650871000073],[39.78988436000003,21.425513315000046],[39.789955374000044,21.425419756000053],[39.790010963000043,21.425349630000028],[39.790069643000038,21.425262027000031],[39.790112832000034,21.425197630000071],[39.790192962000049,21.425069093000047],[39.790229969000052,21.425004953000041],[39.790290037000034,21.424896929000056],[39.790377198000044,21.424778316000072],[39.790381952000075,21.424777970000036],[39.790652464000061,21.424760706000029],[39.790923160000034,21.424746222000067],[39.791314751000073,21.424730190000048],[39.791888241000038,21.42472362500007],[39.792461650000064,21.424712527000054],[39.792645979000042,21.424708001000056],[39.792838690000053,21.424706035000042],[39.79303897300008,21.424703991000058],[39.793431816000066,21.424693046000073],[39.793824370000038,21.424675173000026],[39.794399117000069,21.424616238000056],[39.794973171000038,21.424551651000058],[39.795174731000031,21.424523047000037],[39.795840687000066,21.424441620000039],[39.796511210000062,21.424358024000071],[39.796643677000077,21.424338960000057],[39.796774946000028,21.424313657000027],[39.796904683000037,21.424282176000077],[39.797077227000045,21.424227556000062],[39.797248722000063,21.424170111000024],[39.797446617000048,21.424096613000074],[39.797646412000063,21.424027771000056],[39.797881233000055,21.42394598900006],[39.798114961000067,21.423861505000048],[39.79837720900008,21.423766585000067],[39.79864064800006,21.423674597000058],[39.799330888000043,21.423427934000074],[39.800054270000032,21.423170389000063],[39.80032968900008,21.423073655000053],[39.800710228000071,21.422936751000066],[39.80124276500004,21.42274765600007],[39.801432472000045,21.422681350000062],[39.801897602000054,21.42251937900005],[39.802082506000033,21.422468484000035],[39.802269374000048,21.422424326000055],[39.802457926000045,21.422386969000058],[39.802596250000079,21.422368145000064],[39.80273515500005,21.42235355400004],[39.802874495000026,21.422343213000033],[39.803014121000047,21.422337131000063],[39.803174289000026,21.42233684200005],[39.803334350000057,21.422342318000062],[39.803494069000067,21.422353549000036],[39.803653208000071,21.422370519000026],[39.803954972000042,21.422418647000029],[39.80425602300005,21.422470549000025],[39.804446325000072,21.422506751000071],[39.804635176000033,21.422549103000051],[39.804819030000033,21.422596694000049],[39.804822346000037,21.422597555000038],[39.80555503800008,21.422803566000027],[39.806097249000061,21.422954223000033],[39.806341834000079,21.423023001000047],[39.806582438000078,21.423083761000044],[39.806588400000066,21.423085267000033],[39.806605422000075,21.423089094000034],[39.806757327000071,21.423123248000024],[39.806780924000066,21.423128554000073],[39.806781957000055,21.42312878000007],[39.806785193000053,21.42312948700004],[39.806801154000027,21.42428484800007],[39.80680471900007,21.424633725000035],[39.806815831000051,21.425756000000035],[39.806825184000047,21.426858214000049],[39.806833716000028,21.427810685000054],[39.80683685300005,21.428381869000077],[39.806826637000029,21.428622747000077],[39.806775406000042,21.429501405000053],[39.806734943000038,21.430239527000026],[39.806694201000028,21.430926706000037],[39.806682283000043,21.431117116000053],[39.806664634000072,21.431307136000044],[39.806641274000071,21.431496615000071],[39.806600945000071,21.431750715000078],[39.806566893000024,21.431965271000024],[39.806557582000039,21.432013855000037],[39.806536415000039,21.432124298000076],[39.80612631300005,21.432305887000041],[39.805349191000062,21.432690319000073]]]},"properties":{"OBJECTID":1,"OBJECTID_1":1,"RegionID":null,"city":"Makkah","discription":"al Zahraa district","Discription_AR":"حى الزهراء","Region":"مكة المكرمة","Fence_Type":"Year_1447H_2026G","Capacity":null,"Actual_Cap":null,"type":"حي","GIS_data_type":"Polygon","Shape_Length":0.051981376024608707,"Shape_Area":0.00013303800620668269}},{"type":"Feature","id":2,"geometry":{"type":"Polygon","coordinates":[[[39.860073930000055,21.431959089000031],[39.85940064600004,21.432171812000036],[39.858687314000065,21.43236231700007],[39.857981726000048,21.432511677000036],[39.857247922000056,21.432609165000031],[39.85619872500007,21.432703911000033],[39.855456339000057,21.432703967000066],[39.854314594000073,21.432664953000028],[39.851977741000042,21.432333062000055],[39.850951069000075,21.432177595000041],[39.850264067000069,21.432118682000066],[39.849487881000073,21.43198036900003],[39.849219909000055,21.431899487000067],[39.848879854000074,21.43178159100006],[39.848519622000026,21.43162641300006],[39.84788300200006,21.431315633000054],[39.84686776500007,21.43086359800003],[39.846026152000036,21.430573654000057],[39.845419703000061,21.43041693300006],[39.844729532000031,21.430297585000062],[39.844133197000076,21.430194459000063],[39.843236098000034,21.430039321000038],[39.840065481000067,21.429748122000035],[39.839542278000067,21.429697989000033],[39.838098292000041,21.429560094000067],[39.837633320000066,21.429343236000022],[39.837374959000044,21.429391398000064],[39.836942448000059,21.429409766000049],[39.836397026000043,21.429240500000049],[39.833436798000037,21.428899829000045],[39.833767101000035,21.428508520000037],[39.833992312000078,21.428200248000053],[39.83419477800004,21.427861030000031],[39.834633164000024,21.427126542000053],[39.83465611400004,21.427105630000028],[39.834659741000053,21.427099590000068],[39.83592531000005,21.424992666000037],[39.836163381000063,21.424329734000025],[39.836331272000052,21.424082336000026],[39.83649371100006,21.423831767000024],[39.836650630000065,21.423578133000035],[39.836801962000038,21.423321538000039],[39.83694764300003,21.423062094000045],[39.837084492000031,21.422805754000024],[39.837087611000072,21.422799907000069],[39.837146159000042,21.422608117000038],[39.837202976000071,21.422395683000047],[39.839106240000035,21.422153728000069],[39.842132588000027,21.421768954000072],[39.842137386000047,21.421768343000053],[39.842138491000071,21.421768203000056],[39.842139885000051,21.421768024000073],[39.842155145000049,21.421791703000054],[39.842848773000071,21.42277041400007],[39.843814269000063,21.423699825000028],[39.843814930000065,21.423700462000056],[39.845297064000079,21.424151708000068],[39.85108346800007,21.424683285000071],[39.853855458000055,21.424880107000035],[39.85491533000004,21.424784201000023],[39.855003699000065,21.424775749000048],[39.855003950000025,21.424775725000075],[39.855388453000046,21.425086221000072],[39.855639648000079,21.425318331000028],[39.855699812000069,21.425369212000078],[39.855700979000062,21.425370199000042],[39.855713772000058,21.425352779000036],[39.855714166000041,21.425352242000031],[39.855733169000075,21.425381282000046],[39.855733444000066,21.425381700000059],[39.855784699000026,21.425402290000022],[39.855785069000035,21.425402438000049],[39.855847253000036,21.425448498000037],[39.855847642000072,21.42544878700005],[39.855863074000069,21.425458067000022],[39.855864315000076,21.425458813000034],[39.855915842000059,21.425561832000028],[39.855916346000072,21.425562842000033],[39.855962190000071,21.425551743000028],[39.855963330000066,21.425551467000048],[39.855974733000039,21.425645221000025],[39.856010476000051,21.425761627000043],[39.856010729000047,21.425762451000026],[39.856069796000043,21.425762177000024],[39.85607120800006,21.425762171000031],[39.856034664000049,21.425975976000075],[39.856034598000065,21.425976356000035],[39.856125022000072,21.426005849000035],[39.856203174000029,21.426035592000062],[39.856366613000034,21.42609236100003],[39.856436899000073,21.426114337000058],[39.856438282000056,21.426114770000027],[39.856433974000026,21.426127703000077],[39.856433811000045,21.426128193000068],[39.856633575000046,21.426173801000061],[39.85690149900006,21.426154506000046],[39.856887207000057,21.426249391000056],[39.856868341000052,21.426343573000054],[39.85684494000003,21.426436858000045],[39.85679467600005,21.426572452000073],[39.856738155000073,21.426705868000056],[39.856675487000075,21.426836854000044],[39.856606788000079,21.426965163000034],[39.856532189000063,21.42709054900007],[39.856490766000036,21.427162987000031],[39.856443803000047,21.427232398000058],[39.856391553000037,21.427298414000063],[39.856334294000078,21.427360680000049],[39.856356316000074,21.427364788000034],[39.856588337000062,21.427396335000026],[39.856746910000027,21.427402417000053],[39.856822069000032,21.427401281000073],[39.856896856000049,21.42739419000003],[39.856970733000026,21.427381196000056],[39.857043171000043,21.427362392000077],[39.857113646000073,21.427337913000031],[39.857671412000059,21.427110363000054],[39.858293052000079,21.426892046000034],[39.858840812000039,21.426700399000026],[39.859694382000043,21.426348396000037],[39.859694929000057,21.426348171000029],[39.859751184000061,21.426479354000037],[39.859769368000059,21.426521754000078],[39.859769206000067,21.426521926000078],[39.859331165000071,21.426989156000047],[39.85966581200006,21.427260853000064],[39.859666799000024,21.427261650000048],[39.85950659100007,21.427978797000037],[39.859738371000049,21.428614954000068],[39.859739001000037,21.428616617000046],[39.859897225000054,21.429034288000025],[39.860169993000056,21.429264194000041],[39.860171351000076,21.42926533800005],[39.860933036000063,21.429907329000059],[39.860952186000077,21.429923468000027],[39.860953112000061,21.429924249000067],[39.860953153000025,21.429924172000028],[39.861377349000065,21.429141835000053],[39.861723565000034,21.429046166000035],[39.861724683000034,21.429045857000062],[39.861724675000062,21.429045899000073],[39.861641534000057,21.429447143000061],[39.861610003000067,21.429599318000044],[39.861598389000051,21.429630548000034],[39.861468485000046,21.429979842000023],[39.861334984000052,21.430351758000029],[39.861266146000048,21.430543530000023],[39.861216550000051,21.430670059000022],[39.860913294000056,21.431443718000025],[39.86091177000003,21.431444475000035],[39.860073930000055,21.431959089000031]]]},"properties":{"OBJECTID":2,"OBJECTID_1":2,"RegionID":null,"city":"Makkah","discription":"Al-Rawdah district","Discription_AR":"حي الروضه","Region":"مكة المكرمة","Fence_Type":"Year_1447H_2026G","Capacity":null,"Actual_Cap":null,"type":"حي","GIS_data_type":"Polygon","Shape_Length":0.070498351424796032,"Shape_Area":0.00017383881814078643}},{"type":"Feature","id":3,"geometry":{"type":"Polygon","coordinates":[[[39.85162646200007,21.405369360000066],[39.85162667700007,21.405370302000051],[39.850299663000044,21.408446059000028],[39.846095985000034,21.412377711000033],[39.843855547000032,21.414359171000058],[39.84343675000008,21.414729548000025],[39.842978513000048,21.41535387700003],[39.842415397000025,21.416121089000058],[39.842252706000068,21.416344898000034],[39.842251378000071,21.41634669900003],[39.842250883000077,21.416343937000022],[39.842149334000055,21.415778141000033],[39.842071966000049,21.415491597000027],[39.840861098000062,21.410413880000078],[39.840355534000025,21.408830230000035],[39.839730130000078,21.407442021000065],[39.838718098000072,21.403744622000033],[39.838152536000052,21.402942648000078],[39.836525618000053,21.400635597000075],[39.834479243000033,21.398782652000023],[39.831663758000047,21.397748934000049],[39.830993136000075,21.399960859000032],[39.830153305000067,21.400586106000048],[39.82987518200008,21.400414071000057],[39.829576280000026,21.400295352000057],[39.828105488000062,21.399739754000052],[39.827485502000059,21.399496971000076],[39.826837898000065,21.399038647000054],[39.826553923000063,21.398802498000066],[39.826243602000034,21.398418354000057],[39.825978014000043,21.397945855000046],[39.825857755000072,21.397533413000076],[39.825818990000073,21.397254990000079],[39.825803179000047,21.396641503000069],[39.825796670000045,21.396290658000055],[39.82577537800006,21.395648877000042],[39.825747222000075,21.39457229900006],[39.825724931000025,21.393752446000065],[39.825648514000079,21.391527795000059],[39.825577037000073,21.390398470000036],[39.825456227000075,21.388489641000035],[39.825442133000024,21.388272939000046],[39.825451852000072,21.388034771000036],[39.825477301000035,21.387842079000052],[39.825544750000063,21.387503054000035],[39.825924419000046,21.38675280800004],[39.826522433000036,21.385764251000069],[39.826726445000077,21.385506400000054],[39.826731124000048,21.385505009000042],[39.826739037000038,21.385502655000039],[39.826806138000052,21.385482698000033],[39.826845975000026,21.385470849000058],[39.826846431000035,21.385470713000075],[39.826908635000052,21.385452213000065],[39.827518307000048,21.385272905000022],[39.827800536000041,21.385188484000025],[39.828082059000053,21.385102021000023],[39.828737645000047,21.384914281000079],[39.829336371000068,21.38473502100004],[39.82966349700007,21.384635823000053],[39.829989690000048,21.384533962000035],[39.83031816700003,21.384436841000024],[39.830647437000039,21.384342104000041],[39.831048726000063,21.38422390900007],[39.831451607000076,21.38411056800004],[39.831656470000041,21.384068695000053],[39.831862419000061,21.384031790000051],[39.832069317000048,21.383999880000033],[39.832265858000028,21.383980540000039],[39.832463024000049,21.383967964000078],[39.832660549000025,21.383962171000064],[39.832858169000076,21.383963165000068],[39.833044600000051,21.383974605000049],[39.833230469000057,21.383992343000045],[39.83341553300005,21.384016355000028],[39.833599549000041,21.384046609000052],[39.833821963000048,21.384095979000051],[39.834042684000053,21.384151617000043],[39.834261512000069,21.384213470000077],[39.834397329000069,21.384257398000045],[39.834531249000065,21.38430616900007],[39.834663074000048,21.384359714000027],[39.834792610000079,21.384417952000035],[39.834919668000055,21.384480799000073],[39.835050172000081,21.384548228000028],[39.835178306000046,21.384619534000024],[39.835303939000028,21.384694642000056],[39.835426942000026,21.384773477000067],[39.835552131000043,21.384858362000045],[39.835553874000027,21.384859544000051],[39.835555787000033,21.384860931000048],[39.83567196100006,21.384945166000023],[39.83567778500003,21.384949390000031],[39.835683106000033,21.384953516000053],[39.835788600000058,21.385035219000031],[39.835798546000035,21.385042922000025],[39.835809178000034,21.385051711000074],[39.835901915000079,21.385128375000022],[39.835916032000057,21.385140044000025],[39.835928779000028,21.385151316000076],[39.836020950000034,21.385232826000049],[39.836037365000038,21.385247341000024],[39.836054971000067,21.385264075000066],[39.836133419000078,21.385338636000029],[39.83615448900008,21.385358664000023],[39.836176433000048,21.385381079000069],[39.836241948000065,21.385448011000051],[39.836267257000031,21.38547386700003],[39.836435856000037,21.385662259000071],[39.836736633000044,21.385999801000025],[39.837343378000071,21.386660591000066],[39.837792492000062,21.387158824000039],[39.837987867000038,21.387375385000041],[39.838188837000075,21.387587407000069],[39.838395281000032,21.387794764000034],[39.838524104000044,21.387912025000048],[39.838657694000062,21.388024509000047],[39.838795848000075,21.388132047000056],[39.838936815000068,21.388233366000065],[39.838938360000043,21.388234477000026],[39.83894003100005,21.388235583000039],[39.83907931300007,21.388327867000044],[39.839085014000034,21.388331644000061],[39.839095478000047,21.388337877000026],[39.839214687000037,21.38840889100004],[39.839229472000056,21.388417699000058],[39.839245771000037,21.388426767000055],[39.839356269000064,21.388488250000023],[39.839376660000028,21.388499596000031],[39.839399084000036,21.388511223000023],[39.839499702000069,21.388563395000062],[39.839526440000043,21.388577259000044],[39.839556930000072,21.388591958000063],[39.839644538000073,21.388634168000067],[39.839678676000062,21.388650618000042],[39.839717308000047,21.388667862000034],[39.839790041000072,21.388700329000073],[39.839833225000064,21.388719605000063],[39.839875569000071,21.38873671500005],[39.839937029000055,21.388761551000073],[39.83998346900006,21.388780317000055],[39.840036739000027,21.388799789000075],[39.840075013000046,21.38881378800005],[39.840135899000074,21.388836050000066],[39.84029032400008,21.388886733000049],[39.840446554000039,21.388932306000072],[39.840604399000028,21.388972710000075],[39.840800745000024,21.389013230000046],[39.840998464000052,21.38904739700007],[39.841197322000028,21.389075174000027],[39.841397082000071,21.38909652600006],[39.841750202000071,21.389121146000036],[39.842309553000064,21.389160009000022],[39.843211675000077,21.38922909300004],[39.843562414000075,21.389247430000069],[39.843913370000053,21.389261680000061],[39.844190473000026,21.389284688000032],[39.844466848000025,21.389314401000036],[39.845026474000065,21.389353388000075],[39.845604851000076,21.389397673000076],[39.84578369500008,21.389420877000077],[39.845961736000049,21.389448982000033],[39.846138820000078,21.389481963000037],[39.846311134000075,21.389520461000075],[39.846481635000032,21.389565477000076],[39.846650045000047,21.389616937000028],[39.846819569000047,21.389674490000061],[39.84698656900008,21.389738186000045],[39.847150793000026,21.38980792600006],[39.84730546000003,21.389879020000024],[39.847456709000028,21.389956297000026],[39.847604259000036,21.390039612000066],[39.847747057000049,21.390128138000023],[39.847762541000066,21.390137737000032],[39.847768432000066,21.390141713000048],[39.847916535000024,21.390241678000052],[39.84806599500007,21.390351267000028],[39.848210686000073,21.390466335000042],[39.848350380000056,21.39058669800005],[39.848484856000027,21.390712166000071],[39.848613900000032,21.39084254100004],[39.848737310000047,21.390977616000043],[39.848854888000062,21.391117179000048],[39.84896645200007,21.391261008000072],[39.849071824000077,21.39140887700006],[39.849170836000042,21.391560551000055],[39.849263333000067,21.391715791000024],[39.84934916900005,21.391874352000059],[39.849428208000063,21.392035983000028],[39.849500324000076,21.392200427000034],[39.849565405000078,21.392367427000067],[39.849623347000033,21.392536718000031],[39.849674058000062,21.39270803200003],[39.849717458000043,21.392881097000043],[39.849753479000071,21.393055643000025],[39.849782064000067,21.393231391000029],[39.849803167000061,21.393408063000038],[39.849816756000052,21.393585382000026],[39.849822807000066,21.393763066000076],[39.849813321000056,21.393988421000074],[39.849796727000069,21.394213414000035],[39.849773041000049,21.394437849000042],[39.849742282000079,21.394661531000054],[39.849704477000046,21.394884264000041],[39.849659661000032,21.395105853000075],[39.849607870000057,21.395326105000038],[39.849549151000076,21.395544827000037],[39.849483557000042,21.395761828000047],[39.849411142000065,21.395976920000066],[39.849567434000051,21.396058182000047],[39.849569311000039,21.396059158000071],[39.850394630000039,21.396394785000041],[39.851315493000072,21.396739706000062],[39.851459228000067,21.397318642000073],[39.851400546000036,21.400408500000026],[39.851140964000081,21.403242413000044],[39.85162646200007,21.405369360000066]]]},"properties":{"OBJECTID":3,"OBJECTID_1":3,"RegionID":null,"city":"Makkah","discription":"Kuday district","Discription_AR":"حى كدي","Region":"مكة المكرمة","Fence_Type":"Year_1447H_2026G","Capacity":null,"Actual_Cap":null,"type":"حي","GIS_data_type":"Polygon","Shape_Length":0.099131513847037875,"Shape_Area":0.00045155895135842619}},{"type":"Feature","id":4,"geometry":{"type":"Polygon","coordinates":[[[39.836650630000065,21.423578133000035],[39.83649371100006,21.423831767000024],[39.836331272000052,21.424082336000026],[39.836163381000063,21.424329734000025],[39.83592531000005,21.424992666000037],[39.832816776000072,21.423566896000068],[39.832134230000065,21.424882507000063],[39.83166882200004,21.424704981000048],[39.831783707000056,21.422548567000035],[39.831489724000051,21.422543602000076],[39.83115633400007,21.422537971000054],[39.830793401000051,21.422531839000044],[39.830354285000055,21.422524418000023],[39.830273284000043,21.422577495000041],[39.83019635800008,21.42263564700005],[39.830123869000033,21.422698599000057],[39.830056160000026,21.422766055000068],[39.829993547000072,21.422837698000023],[39.829936327000041,21.422913192000067],[39.829884768000056,21.422992181000041],[39.829839112000059,21.423074292000024],[39.829799575000038,21.423159141000042],[39.829766341000038,21.423246328000062],[39.829739569000026,21.423335443000042],[39.829719383000054,21.423426066000047],[39.829705878000027,21.423517771000036],[39.829699119000054,21.423610128000064],[39.829699136000045,21.423702702000071],[39.829725838000059,21.423943521000069],[39.829723498000078,21.423942513000043],[39.829544916000032,21.42386562300004],[39.82933975900005,21.423769274000051],[39.829167191000067,21.423702079000066],[39.829165476000071,21.423701477000066],[39.829049557000076,21.423660784000049],[39.829049500000053,21.423660740000059],[39.828764315000058,21.42344024700003],[39.828418365000061,21.423176112000078],[39.828217402000064,21.422845400000028],[39.828110686000059,21.422669790000043],[39.828067731000033,21.422600576000036],[39.828023786000074,21.422519416000057],[39.827934447000075,21.422354419000044],[39.827740983000069,21.42172240900004],[39.827740618000064,21.421728186000053],[39.827738581000062,21.421721532000049],[39.827703411000073,21.42164426100004],[39.827434174000075,21.421420194000063],[39.826580263000039,21.420780800000045],[39.826593114000048,21.420432417000029],[39.826606510000033,21.420155666000028],[39.826766645000077,21.41968829800004],[39.827003708000063,21.419228714000042],[39.827256258000034,21.418802398000025],[39.827528193000035,21.418180233000044],[39.827966324000045,21.417204082000069],[39.828026211000065,21.416969702000074],[39.827771836000068,21.416173669000045],[39.827692582000054,21.415930450000076],[39.827624505000074,21.415546137000035],[39.827622508000047,21.415187944000024],[39.827671670000029,21.414912337000032],[39.82776326000004,21.414529682000023],[39.827873446000069,21.413833918000023],[39.827902341000026,21.413565497000036],[39.827902349000055,21.41356544100006],[39.827916949000041,21.413463297000078],[39.82793676600005,21.413377914000023],[39.827975672000036,21.41331004400007],[39.828037432000031,21.412888840000051],[39.828039935000049,21.412889092000057],[39.828046110000059,21.412849848000064],[39.828050397000027,21.412822609000045],[39.828053631000046,21.412787147000074],[39.828061998000067,21.412752428000033],[39.828075340000055,21.41271910200004],[39.828117752000026,21.412657680000052],[39.828118763000077,21.412656441000024],[39.82816517200007,21.412599560000046],[39.828208417000042,21.412554388000046],[39.82821731100006,21.412545097000077],[39.828236286000049,21.412527775000058],[39.828396990000044,21.412381066000023],[39.828457507000053,21.412332100000071],[39.828521157000068,21.412286749000032],[39.828618299000027,21.412198422000074],[39.828697404000025,21.412123168000051],[39.829160803000036,21.412314026000047],[39.829565291000051,21.412519988000042],[39.830253429000038,21.412786652000023],[39.831451164000043,21.413711034000073],[39.831758647000072,21.413988093000057],[39.831927281000048,21.413815103000047],[39.831927647000043,21.413814727000045],[39.832131076000053,21.413964123000028],[39.832132819000037,21.413965403000077],[39.832253036000054,21.413894780000078],[39.832253689000026,21.413894396000046],[39.832527127000048,21.414135004000059],[39.832356355000059,21.414281639000023],[39.832314330000031,21.414323351000064],[39.832432594000068,21.414430688000039],[39.832433792000074,21.414431775000025],[39.832514268000068,21.414423928000076],[39.832630036000069,21.414412641000069],[39.832630146000042,21.414412631000062],[39.832785794000074,21.41448680600007],[39.832977406000055,21.414709224000035],[39.83297867400006,21.414710697000032],[39.833343826000032,21.414518100000066],[39.833391832000075,21.41442928400005],[39.833420641000032,21.414376903000061],[39.833474458000069,21.41438757800006],[39.833476489000077,21.414387981000061],[39.833523666000076,21.414580799000078],[39.833589486000051,21.414639523000062],[39.833796275000054,21.414749783000048],[39.834259369000051,21.415147208000064],[39.834259404000079,21.415151889000072],[39.834259581000026,21.415175342000055],[39.834255082000027,21.415203159000043],[39.834245984000063,21.415229971000031],[39.834188797000024,21.41540881700007],[39.834130688000073,21.41565005700005],[39.834088290000068,21.415825961000053],[39.834073789000058,21.415886847000024],[39.834054086000037,21.415946438000049],[39.834029309000073,21.416004345000033],[39.833999621000032,21.416060191000042],[39.834742159000029,21.417084420000037],[39.834742299000027,21.417084586000044],[39.834760291000066,21.417109430000039],[39.83528928000004,21.417839872000059],[39.835496988000045,21.417738511000039],[39.835498056000063,21.417737989000045],[39.835615542000028,21.417905424000026],[39.836256021000054,21.418635832000064],[39.83649395100008,21.418786973000067],[39.836780025000053,21.419140853000044],[39.83683516800005,21.419517722000023],[39.837158524000074,21.420089760000053],[39.837285505000068,21.421540133000065],[39.837203086000045,21.422394544000042],[39.837202976000071,21.422395683000047],[39.837146159000042,21.422608117000038],[39.837087611000072,21.422799907000069],[39.837084492000031,21.422805754000024],[39.83694764300003,21.423062094000045],[39.836801962000038,21.423321538000039],[39.836650630000065,21.423578133000035]]]},"properties":{"OBJECTID":4,"OBJECTID_1":4,"RegionID":null,"city":"Makkah","discription":"Ajyad district","Discription_AR":"حى أجياد","Region":"مكة المكرمة","Fence_Type":"Year_1447H_2026G","Capacity":null,"Actual_Cap":null,"type":"حي","GIS_data_type":"Polygon","Shape_Length":0.043708329650777394,"Shape_Area":8.4916800727603849e-05}},{"type":"Feature","id":5,"geometry":{"type":"Polygon","coordinates":[[[39.82160882200003,21.433473426000035],[39.821539162000079,21.433534215000066],[39.821469918000048,21.43359547600005],[39.821401089000062,21.433657204000042],[39.821332680000069,21.433719397000061],[39.821264694000035,21.433782052000026],[39.821226749000061,21.433817400000066],[39.821133019000058,21.433905057000061],[39.821038900000076,21.433992296000042],[39.820944393000048,21.434079116000078],[39.820849501000055,21.434165514000028],[39.820754226000076,21.434251489000076],[39.820658568000056,21.43433703900007],[39.820562531000064,21.434422162000033],[39.82046611700008,21.434506858000077],[39.820369326000048,21.434591123000075],[39.820330790000071,21.434624984000038],[39.820291830000031,21.434658357000046],[39.82025245300008,21.434691237000038],[39.820212665000042,21.434723618000078],[39.820172472000024,21.434755494000058],[39.820131881000066,21.434786862000067],[39.820090897000057,21.434817716000055],[39.820049528000027,21.434848051000074],[39.820007780000026,21.434877862000064],[39.819965660000037,21.434907145000068],[39.819923174000053,21.434935895000024],[39.819880329000057,21.434964107000042],[39.819837133000078,21.43499177800004],[39.819793590000074,21.435018901000035],[39.819749710000053,21.435045474000049],[39.81971446600005,21.435067667000055],[39.819678850000059,21.435089259000051],[39.819642872000031,21.435110242000064],[39.819606543000077,21.435130610000044],[39.819569873000034,21.435150359000033],[39.819532873000071,21.435169481000059],[39.819495553000024,21.435187973000041],[39.819457925000052,21.435205827000061],[39.819419998000058,21.43522303900005],[39.819381785000076,21.435239605000049],[39.819343295000067,21.435255518000076],[39.819304541000065,21.435270776000038],[39.819265533000078,21.435285372000067],[39.819226283000035,21.435299304000068],[39.819186801000058,21.43531256700004],[39.819147100000066,21.435325157000023],[39.819101506000038,21.435338815000023],[39.819055717000026,21.43535180300006],[39.819009743000038,21.435364120000031],[39.818963593000035,21.435375763000025],[39.818917278000072,21.435386728000026],[39.818870808000042,21.435397014000046],[39.818824191000033,21.435406619000048],[39.81877743900003,21.435415540000065],[39.818730562000042,21.435423775000061],[39.818683569000029,21.435431323000046],[39.818636470000058,21.435438183000031],[39.818589276000068,21.435444352000047],[39.818541997000068,21.435449829000049],[39.818494642000076,21.435454614000037],[39.818447223000078,21.43545870500003],[39.818399749000037,21.435462101000041],[39.818352230000073,21.435464801000023],[39.81830657200004,21.435466117000033],[39.818260901000031,21.435466793000046],[39.818215224000028,21.435466829000063],[39.81816955100004,21.435466224000038],[39.818123892000074,21.435464979000074],[39.818078254000056,21.435463093000067],[39.818032647000052,21.435460568000053],[39.81798708000008,21.435457404000033],[39.817941562000044,21.435453601000063],[39.817896102000077,21.435449160000076],[39.817850709000027,21.43544408200006],[39.817805391000036,21.435438369000053],[39.817760158000056,21.435432020000064],[39.817715018000058,21.435425038000062],[39.817669980000062,21.435417423000047],[39.817625054000075,21.435409178000043],[39.817575138000052,21.435398042000031],[39.817525379000074,21.435386224000069],[39.817475787000035,21.435373725000034],[39.817426371000067,21.435360547000073],[39.817377140000076,21.435346694000032],[39.817328103000079,21.43533216700007],[39.817279271000075,21.435316970000031],[39.817230650000056,21.435301105000065],[39.817182252000066,21.435284576000072],[39.817134085000077,21.435267385000031],[39.817086158000052,21.435249535000025],[39.817038480000065,21.435231031000058],[39.81690216700008,21.435170059000029],[39.816766029000064,21.435108696000043],[39.816630068000052,21.435046942000042],[39.816494285000033,21.434984799000063],[39.816392650000068,21.434937661000049],[39.81629078900005,21.434891011000047],[39.816188707000038,21.434844851000037],[39.816086404000032,21.434799180000027],[39.815983883000058,21.434754000000055],[39.815881147000027,21.434709312000052],[39.815628544000049,21.434595745000024],[39.815375713000037,21.434482686000024],[39.815122655000039,21.434370135000052],[39.814926783000033,21.434282471000074],[39.814643383000032,21.434155951000037],[39.814354855000033,21.434027516000072],[39.813982852000038,21.433858260000022],[39.813613082000074,21.433684769000024],[39.813259952000067,21.433514660000071],[39.812904571000047,21.433348712000054],[39.812546995000048,21.433186950000049],[39.812307025000052,21.433053924000035],[39.812152956000034,21.432976858000075],[39.811996191000048,21.432904716000053],[39.811836909000078,21.432837581000058],[39.811675293000064,21.432775528000036],[39.811495042000047,21.432705567000028],[39.811421794000069,21.432677136000052],[39.811287231000051,21.432625665000046],[39.81115309300003,21.432570799000075],[39.811020745000064,21.432512247000034],[39.810890303000065,21.432450059000075],[39.810677029000033,21.432359645000076],[39.810566320000078,21.432323876000055],[39.810165016000042,21.432238205000033],[39.809992308000062,21.432202923000034],[39.809967508000057,21.431867587000056],[39.809943238000074,21.431418588000042],[39.809894698000051,21.430848237000077],[39.809979643000077,21.42979248100005],[39.810125265000067,21.428773130000025],[39.810283022000078,21.428081428000041],[39.810380103000057,21.427523213000029],[39.810477184000035,21.426904321000052],[39.810610670000074,21.425702944000022],[39.810634940000057,21.424841350000065],[39.810711351000066,21.42382105400003],[39.810665007000068,21.422660105000034],[39.810643395000056,21.421640995000075],[39.816824641000039,21.422273869000037],[39.816967249000072,21.423026150000055],[39.817185915000039,21.423760725000022],[39.81732200600004,21.424095184000066],[39.817454545000032,21.42408295000007],[39.817457248000039,21.424082700000042],[39.817782415000067,21.424052695000057],[39.817783311000028,21.424052635000066],[39.818241026000067,21.424021969000023],[39.818478238000068,21.42400420000007],[39.818715040000029,21.423982151000075],[39.818951343000037,21.423955826000054],[39.819186331000026,21.423915396000041],[39.81942060700004,21.423871492000046],[39.819498764000059,21.423849432000054],[39.81957531200004,21.423822886000039],[39.819649961000039,21.423791957000049],[39.819720782000047,21.423757558000034],[39.819796110000027,21.423715208000033],[39.819866748000038,21.423669244000052],[39.819936823000035,21.423617083000067],[39.820003615000076,21.423561273000075],[39.820066905000033,21.423501994000048],[39.820126491000053,21.423439439000049],[39.820182179000028,21.423373810000044],[39.820736292000049,21.422725507000052],[39.820866440000032,21.422571471000026],[39.820941408000067,21.422483827000065],[39.82102040500007,21.422399343000052],[39.821094243000061,21.422331677000045],[39.821172106000063,21.422268089000056],[39.821264810000059,21.422201672000028],[39.821355845000028,21.422142870000073],[39.821450215000027,21.422088874000053],[39.821547630000055,21.422039848000054],[39.821855197000048,21.421960805000026],[39.821988928000053,21.421945683000047],[39.82212336300006,21.42193773200006],[39.82198945600004,21.422232376000068],[39.821865192000075,21.422500786000057],[39.821765781000067,21.422699607000027],[39.821656429000029,21.422898429000043],[39.821477489000074,21.423181751000072],[39.821348255000032,21.423430278000069],[39.821243874000061,21.423624129000075],[39.821144463000053,21.423748393000039],[39.82091084700005,21.424096331000044],[39.820572850000076,21.424459181000032],[39.820473439000068,21.424583445000053],[39.82017800400007,21.425278698000056],[39.819930446000058,21.425593728000024],[39.819724148000034,21.425945646000059],[39.819408635000059,21.426358241000059],[39.81914166200005,21.426807240000073],[39.81888682500005,21.427147024000078],[39.818680528000073,21.427535348000049],[39.818559176000065,21.427899402000037],[39.818328609000048,21.428275590000055],[39.818037366000055,21.428736725000078],[39.817818934000059,21.428967292000038],[39.817564096000069,21.429355616000066],[39.817369934000055,21.429610454000056],[39.81705442100008,21.430095859000062],[39.816799583000034,21.430520588000036],[39.816593286000057,21.430860372000041],[39.816484070000058,21.431090939000057],[39.816314178000027,21.43139431700007],[39.816302043000064,21.431721966000055],[39.816423395000072,21.431952533000072],[39.816690367000035,21.432243776000064],[39.816945205000025,21.432547154000076],[39.817321394000032,21.432886938000024],[39.817600502000062,21.433093235000058],[39.817855339000062,21.43337234300003],[39.818170852000037,21.43363931500005],[39.818352879000031,21.433954829000072],[39.818729068000039,21.434331018000023],[39.818935365000073,21.434112585000037],[39.819117392000067,21.433833477000064],[39.819323689000043,21.433311667000055],[39.81956639200007,21.433032559000026],[39.81980909400005,21.43272918100007],[39.820330905000048,21.432425803000058],[39.820597877000068,21.432437938000078],[39.820804174000045,21.432619965000072],[39.821071147000055,21.432801992000066],[39.821277444000032,21.433020424000063],[39.82160882200003,21.433473426000035]]]},"properties":{"OBJECTID":5,"OBJECTID_1":5,"RegionID":null,"city":"Makkah","discription":"Jarwal district","Discription_AR":"حى جرول","Region":"مكة المكرمة","Fence_Type":"Year_1447H_2026G","Capacity":null,"Actual_Cap":null,"type":"حي","GIS_data_type":"Polygon","Shape_Length":0.056586731518256328,"Shape_Area":9.9671736444759574e-05}},{"type":"Feature","id":6,"geometry":{"type":"Polygon","coordinates":[[[39.825865677000024,21.41140136000007],[39.825866147000056,21.411402149000025],[39.825854984000046,21.411400787000048],[39.825282510000079,21.411330950000036],[39.824414516000047,21.411323630000027],[39.824394602000041,21.411323462000041],[39.822953476000066,21.411333883000054],[39.821526880000079,21.411325248000026],[39.821009963000051,21.411320932000024],[39.821007740000027,21.411320913000054],[39.821007292000047,21.411319897000055],[39.820925205000037,21.411140570000043],[39.819734769000036,21.409663591000026],[39.819429147000051,21.409265011000059],[39.819242820000056,21.409024582000029],[39.819061650000037,21.408757358000059],[39.818879457000037,21.408443224000052],[39.818765681000059,21.40815113900004],[39.818561983000052,21.407549865000078],[39.818291437000028,21.406787234000035],[39.818086336000079,21.406191278000051],[39.817664466000053,21.405190993000076],[39.817297203000066,21.40458738500007],[39.815994213000067,21.402760933000025],[39.816302556000039,21.40271229800004],[39.817854951000072,21.402195282000037],[39.819279954000081,21.401669798000057],[39.819801455000061,21.401453125000046],[39.820181324000032,21.401237824000077],[39.820486489000075,21.401053736000051],[39.820800004000034,21.400805065000043],[39.82174034500008,21.400081157000045],[39.822298490000037,21.39970500000004],[39.822941381000078,21.399197968000067],[39.823833641000078,21.398456206000048],[39.824241796000081,21.398130252000044],[39.824765205000062,21.397759312000062],[39.825126687000079,21.39760142800003],[39.825857755000072,21.397533413000076],[39.825978014000043,21.397945855000046],[39.826243602000034,21.398418354000057],[39.826553923000063,21.398802498000066],[39.826837898000065,21.399038647000054],[39.827485502000059,21.399496971000076],[39.828105488000062,21.399739754000052],[39.827816874000064,21.400356732000034],[39.827371750000054,21.401535702000047],[39.826975765000043,21.40275015900005],[39.82703267800008,21.403259195000032],[39.826777033000042,21.404054483000039],[39.826561212000058,21.40412198000007],[39.826436704000059,21.404208007000022],[39.826189021000062,21.404617314000063],[39.826279552000074,21.405097713000032],[39.826474097000073,21.405451062000054],[39.82663704600003,21.405592614000057],[39.826563587000066,21.40622363500006],[39.82648718400003,21.407307783000078],[39.826498125000057,21.409253418000048],[39.826211747000059,21.409261158000049],[39.826093990000061,21.409347150000031],[39.82605428800008,21.409496029000024],[39.826078947000042,21.409676226000045],[39.826048836000041,21.409796500000027],[39.826046571000063,21.409926297000027],[39.826118741000073,21.410144221000053],[39.825907675000053,21.410458442000049],[39.82587785700008,21.41056298500007],[39.825915852000037,21.410711478000053],[39.82598764800008,21.410862971000029],[39.825924529000076,21.411053090000053],[39.825865677000024,21.41140136000007]]]},"properties":{"OBJECTID":6,"OBJECTID_1":6,"RegionID":null,"city":"Makkah","discription":"Al Masfalah district","Discription_AR":"حى المسفلة","Region":"مكة المكرمة","Fence_Type":"Year_1447H_2026G","Capacity":null,"Actual_Cap":null,"type":"حي","GIS_data_type":"Polygon","Shape_Length":0.042336930626491867,"Shape_Area":9.8368953761156076e-05}},{"type":"Feature","id":7,"geometry":{"type":"Polygon","coordinates":[[[39.896942899000067,21.456101485000033],[39.89691810100004,21.456181925000067],[39.896861228000034,21.456366418000073],[39.896778612000048,21.456634414000064],[39.896677038000064,21.45696391000007],[39.896663887000045,21.45700544400006],[39.896610045000045,21.457175490000054],[39.896558480000067,21.457338347000075],[39.896434171000067,21.457711145000076],[39.896385385000031,21.457850367000049],[39.896349484000041,21.457952817000034],[39.896304136000026,21.458082228000023],[39.896283050000079,21.458139598000059],[39.896168402000058,21.458451517000071],[39.896147958000029,21.458504638000022],[39.896026996000046,21.458818938000036],[39.896005093000042,21.458873378000078],[39.895896890000074,21.459142309000072],[39.895879949000062,21.459184414000049],[39.895727291000071,21.459547867000026],[39.895676384000069,21.45966412100006],[39.895666413000072,21.459686891000047],[39.895569054000077,21.459909224000057],[39.895540708000055,21.459972648000075],[39.895183295000038,21.460772376000023],[39.895017075000055,21.461144296000043],[39.895014041000024,21.461143306000054],[39.893759420000038,21.46073401600006],[39.892609800000059,21.460530639000069],[39.89073673200005,21.460414284000024],[39.888910668000051,21.460307316000069],[39.887299529000074,21.460034415000052],[39.885314820000076,21.459565042000065],[39.882887415000027,21.458683596000071],[39.881498598000064,21.45812249100004],[39.880266248000055,21.457416010000031],[39.878380982000067,21.456095196000035],[39.877911121000068,21.455766007000022],[39.876985965000074,21.455254388000071],[39.875923543000056,21.454917223000052],[39.870675448000043,21.453804380000065],[39.868736909000063,21.453154856000026],[39.867900316000032,21.45277949900003],[39.867246449000049,21.452425048000066],[39.86594894600006,21.451571344000058],[39.865079470000069,21.450794732000077],[39.864077888000054,21.449717894000059],[39.862520780000068,21.447862805000057],[39.86060156800005,21.445601278000026],[39.860174837000045,21.445003072000077],[39.859822475000044,21.444580495000025],[39.859344035000049,21.443909290000022],[39.85857972000008,21.442795427000078],[39.857869830000027,21.441587480000067],[39.857458716000053,21.440887920000023],[39.857036232000041,21.440168378000067],[39.85677607000008,21.43982251400007],[39.856366550000075,21.43942635600007],[39.855602352000062,21.438876649000065],[39.855236939000065,21.438685490000069],[39.854781270000046,21.438515420000044],[39.85573458600004,21.437298955000074],[39.856626635000055,21.436266742000043],[39.857316691000051,21.43550461600006],[39.857971320000047,21.43482861800004],[39.858256615000073,21.434472148000054],[39.860132414000077,21.432403482000041],[39.860910638000064,21.431445868000026],[39.860912710000036,21.431445207000024],[39.860916744000065,21.431443272000024],[39.86092212300008,21.43144069300007],[39.860965797000063,21.431419748000053],[39.86099753700006,21.431404527000041],[39.861069692000058,21.431369923000034],[39.86128820700003,21.431258826000033],[39.861293964000026,21.431255899000064],[39.861605716000042,21.431081755000037],[39.863259707000054,21.430157835000045],[39.863961152000059,21.42966111800007],[39.863961258000074,21.429661043000067],[39.863961310000036,21.429661104000047],[39.865351584000052,21.431284079000022],[39.865352026000039,21.431284593000044],[39.867234158000031,21.432565980000049],[39.86755239300004,21.43278259300007],[39.867917418000047,21.433031054000026],[39.881377502000078,21.442193501000077],[39.89241166000005,21.449702889000037],[39.894519408000065,21.45113716000003],[39.895505177000075,21.451807933000055],[39.896141818000046,21.452241220000076],[39.895941348000065,21.452938647000053],[39.895834003000061,21.453312094000069],[39.895711953000045,21.453736697000068],[39.895625651000046,21.454036936000023],[39.895502928000042,21.454463877000023],[39.89540353600006,21.454809650000072],[39.895388819000061,21.454860847000077],[39.895343256000046,21.455019352000022],[39.895305423000025,21.455150971000023],[39.89530478100005,21.455153203000066],[39.895301405000055,21.455164951000029],[39.895300298000052,21.455168800000024],[39.895302938000043,21.455170887000065],[39.895308338000063,21.455175158000031],[39.895336882000038,21.455197727000041],[39.895422973000052,21.455265799000074],[39.895482430000072,21.455312812000045],[39.895601733000035,21.455407145000038],[39.895681406000051,21.455470142000024],[39.89570305500007,21.455487259000051],[39.895718963000036,21.455499837000048],[39.89574699700006,21.455522004000045],[39.895783343000062,21.455550742000071],[39.895813236000038,21.455574379000041],[39.895838763000029,21.455594563000034],[39.895867404000057,21.455617209000025],[39.895879832000048,21.455627036000067],[39.895881160000044,21.455628085000058],[39.895881271000064,21.455628174000026],[39.895881619000079,21.455628448000027],[39.895906438000054,21.455648072000031],[39.89602431600008,21.455741278000062],[39.896088364000036,21.45579192100007],[39.896168832000058,21.455855546000066],[39.896247005000077,21.455917356000043],[39.896268709000026,21.455934518000049],[39.896311601000036,21.455968431000031],[39.896347318000039,21.455996672000026],[39.896351639000045,21.456000089000042],[39.896353219000048,21.456001338000078],[39.896353358000056,21.456001343000025],[39.896405549000065,21.456004396000026],[39.896481487000074,21.456008839000049],[39.896587424000074,21.456015036000053],[39.896685691000073,21.456020784000032],[39.896721207000041,21.456022862000054],[39.896763686000043,21.456025346000047],[39.896800391000056,21.456027494000068],[39.896832823000068,21.456029391000072],[39.896845153000072,21.456030113000054],[39.896871610000062,21.456031660000065],[39.89690127800003,21.456033396000066],[39.896925482000029,21.456034811000052],[39.896937789000049,21.456035531000055],[39.896960113000034,21.456036838000045],[39.896962741000038,21.456036992000065],[39.896962775000077,21.456036993000055],[39.896962767000048,21.456037031000051],[39.896962718000054,21.456037192000053],[39.896962685000062,21.456037300000048],[39.896960533000026,21.456044280000071],[39.896942899000067,21.456101485000033]]]},"properties":{"OBJECTID":7,"OBJECTID_1":7,"RegionID":null,"city":"Makkah","discription":"Al Adl district","Discription_AR":"حي العدل","Region":"مكة المكرمة","Fence_Type":"Year_1447H_2026G","Capacity":null,"Actual_Cap":null,"type":"حي","GIS_data_type":"Polygon","Shape_Length":0.11116991857000151,"Shape_Area":0.00059293332681352906}},{"type":"Feature","id":8,"geometry":{"type":"Polygon","coordinates":[[[39.859694929000057,21.426348171000029],[39.859694382000043,21.426348396000037],[39.858840812000039,21.426700399000026],[39.858293052000079,21.426892046000034],[39.857671412000059,21.427110363000054],[39.857113646000073,21.427337913000031],[39.857043171000043,21.427362392000077],[39.856970733000026,21.427381196000056],[39.856896856000049,21.42739419000003],[39.856822069000032,21.427401281000073],[39.856746910000027,21.427402417000053],[39.856588337000062,21.427396335000026],[39.856356316000074,21.427364788000034],[39.856334294000078,21.427360680000049],[39.856391553000037,21.427298414000063],[39.856443803000047,21.427232398000058],[39.856490766000036,21.427162987000031],[39.856532189000063,21.42709054900007],[39.856606788000079,21.426965163000034],[39.856675487000075,21.426836854000044],[39.856738155000073,21.426705868000056],[39.85679467600005,21.426572452000073],[39.85684494000003,21.426436858000045],[39.856868341000052,21.426343573000054],[39.856887207000057,21.426249391000056],[39.85690149900006,21.426154506000046],[39.856633575000046,21.426173801000061],[39.856433811000045,21.426128193000068],[39.856433974000026,21.426127703000077],[39.856438282000056,21.426114770000027],[39.856436899000073,21.426114337000058],[39.856366613000034,21.42609236100003],[39.856203174000029,21.426035592000062],[39.856125022000072,21.426005849000035],[39.856034598000065,21.425976356000035],[39.856034664000049,21.425975976000075],[39.85607120800006,21.425762171000031],[39.856069796000043,21.425762177000024],[39.856010729000047,21.425762451000026],[39.856010476000051,21.425761627000043],[39.855974733000039,21.425645221000025],[39.855963330000066,21.425551467000048],[39.855962190000071,21.425551743000028],[39.855916346000072,21.425562842000033],[39.855915842000059,21.425561832000028],[39.855864315000076,21.425458813000034],[39.855863074000069,21.425458067000022],[39.855847642000072,21.42544878700005],[39.855847253000036,21.425448498000037],[39.855785069000035,21.425402438000049],[39.855784699000026,21.425402290000022],[39.855733444000066,21.425381700000059],[39.855733169000075,21.425381282000046],[39.855714166000041,21.425352242000031],[39.855713772000058,21.425352779000036],[39.855700979000062,21.425370199000042],[39.855699812000069,21.425369212000078],[39.855639648000079,21.425318331000028],[39.855388453000046,21.425086221000072],[39.855003950000025,21.424775725000075],[39.855003699000065,21.424775749000048],[39.85491533000004,21.424784201000023],[39.853855458000055,21.424880107000035],[39.85108346800007,21.424683285000071],[39.845297064000079,21.424151708000068],[39.843814930000065,21.423700462000056],[39.843814269000063,21.423699825000028],[39.842848773000071,21.42277041400007],[39.842155145000049,21.421791703000054],[39.842139885000051,21.421768024000073],[39.841723282000032,21.421121558000038],[39.84166624900007,21.421032733000061],[39.841363884000032,21.42056182400006],[39.841115441000056,21.419298230000038],[39.841796748000036,21.416963954000039],[39.841892164000058,21.416833955000072],[39.842251378000071,21.41634669900003],[39.842252706000068,21.416344898000034],[39.842415397000025,21.416121089000058],[39.842978513000048,21.41535387700003],[39.84343675000008,21.414729548000025],[39.843855547000032,21.414359171000058],[39.846095985000034,21.412377711000033],[39.850299663000044,21.408446059000028],[39.85162667700007,21.405370302000051],[39.85162646200007,21.405369360000066],[39.852402970000071,21.405486688000053],[39.85304281100008,21.40685714600005],[39.856893359000026,21.404890346000059],[39.858551401000057,21.403936096000052],[39.858973828000046,21.402898527000048],[39.860922251000034,21.406087469000056],[39.861287997000034,21.406337078000035],[39.861447191000025,21.406531463000078],[39.864013687000067,21.408582730000035],[39.866052110000055,21.410371508000026],[39.866526321000038,21.410773628000072],[39.867123924000055,21.410204336000049],[39.868165891000046,21.411006524000072],[39.868060252000078,21.411183564000055],[39.869160544000067,21.412027008000052],[39.867889340000033,21.413555407000047],[39.867673796000076,21.413459777000071],[39.867228693000072,21.413753868000072],[39.867505818000041,21.414385558000049],[39.86755545300008,21.414825732000054],[39.868116471000064,21.416735956000025],[39.868171777000043,21.417140318000065],[39.868030823000026,21.41766406000005],[39.865739391000034,21.42051553500005],[39.86499980800005,21.421921611000073],[39.864999387000069,21.42193228800005],[39.864959275000047,21.421957061000057],[39.86459000800005,21.422703076000062],[39.86264944800007,21.423432968000043],[39.862215400000025,21.423596220000036],[39.862204578000046,21.423593854000046],[39.860441536000053,21.423208462000048],[39.858693216000063,21.422853128000042],[39.86011086600007,21.423844537000036],[39.861049197000057,21.424754662000055],[39.859331037000061,21.425499610000031],[39.859659783000041,21.426266213000076],[39.859694929000057,21.426348171000029]]]},"properties":{"OBJECTID":8,"OBJECTID_1":8,"RegionID":null,"city":"Makkah","discription":"Alaaziziyah district","Discription_AR":"حي العزيزية","Region":"مكة المكرمة","Fence_Type":"Year_1447H_2026G","Capacity":null,"Actual_Cap":null,"type":"حي","GIS_data_type":"Polygon","Shape_Length":0.091426447205994452,"Shape_Area":0.00040243787198539682}},{"type":"Feature","id":9,"geometry":{"type":"Polygon","coordinates":[[[39.874344735000079,21.414920941000048],[39.869913190000034,21.418897480000055],[39.864999387000069,21.42193228800005],[39.86499980800005,21.421921611000073],[39.865739391000034,21.42051553500005],[39.868030823000026,21.41766406000005],[39.868171777000043,21.417140318000065],[39.868116471000064,21.416735956000025],[39.86755545300008,21.414825732000054],[39.867505818000041,21.414385558000049],[39.867228693000072,21.413753868000072],[39.867673796000076,21.413459777000071],[39.867889340000033,21.413555407000047],[39.869160544000067,21.412027008000052],[39.868060252000078,21.411183564000055],[39.868165891000046,21.411006524000072],[39.867123924000055,21.410204336000049],[39.867398320000063,21.409928647000072],[39.868264704000069,21.409036822000076],[39.869455462000076,21.407817372000068],[39.870218480000062,21.407134195000026],[39.871668555000042,21.406096081000044],[39.874337609000065,21.40417392300003],[39.874898383000072,21.403770873000042],[39.875714910000056,21.40317096900003],[39.877119209000057,21.402162655000041],[39.877767496000047,21.401723084000025],[39.878418860000068,21.401370135000036],[39.880394446000025,21.400462005000065],[39.885024530000067,21.398344279000071],[39.893009721000055,21.394594749000078],[39.894052158000079,21.393877511000028],[39.895693510000058,21.392528973000026],[39.89607240600003,21.392197026000076],[39.896519826000031,21.393309719000058],[39.897195973000066,21.394991201000039],[39.897518583000078,21.396066821000034],[39.897518770000033,21.396067446000075],[39.894120894000025,21.400598046000027],[39.890239734000033,21.402945623000051],[39.88794112000005,21.405203906000054],[39.887938828000074,21.405204978000029],[39.886244445000045,21.405997378000052],[39.883081191000031,21.408826604000069],[39.882604340000057,21.40875998000007],[39.882425202000036,21.408739130000072],[39.882305047000045,21.408831905000056],[39.881974136000053,21.409333907000075],[39.879923293000047,21.41024494100003],[39.877400030000047,21.411260020000043],[39.876406910000071,21.411361514000077],[39.874344735000079,21.414920941000048]]]},"properties":{"OBJECTID":9,"OBJECTID_1":9,"RegionID":null,"city":"Makkah","discription":"Al-Mursalat District","Discription_AR":"حي المرسلات","Region":"مكة المكرمة","Fence_Type":"Year_1447H_2026G","Capacity":null,"Actual_Cap":null,"type":"حي","GIS_data_type":"Polygon","Shape_Length":0.096261238230592808,"Shape_Area":0.00026082827005488682}},{"type":"Feature","id":10,"geometry":{"type":"Polygon","coordinates":[[[39.867123924000055,21.410204336000049],[39.866526321000038,21.410773628000072],[39.866052110000055,21.410371508000026],[39.864013687000067,21.408582730000035],[39.861447191000025,21.406531463000078],[39.861287997000034,21.406337078000035],[39.860922251000034,21.406087469000056],[39.858973828000046,21.402898527000048],[39.86036714800008,21.399476133000064],[39.861067372000036,21.397302847000049],[39.861641588000055,21.393906272000038],[39.862463197000068,21.392177421000042],[39.864955382000062,21.39166388700005],[39.866843924000079,21.391933330000029],[39.871429672000033,21.39240731600006],[39.87164854100007,21.392191359000037],[39.872258807000037,21.391347333000056],[39.872695579000037,21.390575394000052],[39.87302029500006,21.389728020000064],[39.873345572000062,21.388681387000076],[39.87365423600005,21.387850554000067],[39.874858423000035,21.383993412000052],[39.875795563000054,21.384288455000046],[39.875794126000073,21.384333409000078],[39.883065894000026,21.386577183000043],[39.890905587000077,21.388995761000047],[39.891768016000071,21.389296700000045],[39.891929528000048,21.389366960000075],[39.893100698000069,21.389876429000026],[39.89439062200006,21.390535556000032],[39.895690810000076,21.391248014000041],[39.89607240600003,21.392197026000076],[39.895693510000058,21.392528973000026],[39.894052158000079,21.393877511000028],[39.893009721000055,21.394594749000078],[39.885024530000067,21.398344279000071],[39.880394446000025,21.400462005000065],[39.878418860000068,21.401370135000036],[39.877767496000047,21.401723084000025],[39.877119209000057,21.402162655000041],[39.875714910000056,21.40317096900003],[39.874898383000072,21.403770873000042],[39.874337609000065,21.40417392300003],[39.871668555000042,21.406096081000044],[39.870218480000062,21.407134195000026],[39.869455462000076,21.407817372000068],[39.868264704000069,21.409036822000076],[39.867398320000063,21.409928647000072],[39.867123924000055,21.410204336000049]]]},"properties":{"OBJECTID":10,"OBJECTID_1":10,"RegionID":null,"city":"Makkah","discription":"Al Jamaa District","Discription_AR":"حي الجامعه","Region":"مكة المكرمة","Fence_Type":"Year_1447H_2026G","Capacity":null,"Actual_Cap":null,"type":"حي","GIS_data_type":"Polygon","Shape_Length":0.098975505107488343,"Shape_Area":0.00045834285477907932}},{"type":"Feature","id":11,"geometry":{"type":"Polygon","coordinates":[[[39.858973828000046,21.402898527000048],[39.858551401000057,21.403936096000052],[39.856893359000026,21.404890346000059],[39.85304281100008,21.40685714600005],[39.852402970000071,21.405486688000053],[39.85162646200007,21.405369360000066],[39.851140964000081,21.403242413000044],[39.851400546000036,21.400408500000026],[39.851459228000067,21.397318642000073],[39.851315493000072,21.396739706000062],[39.850394630000039,21.396394785000041],[39.849569311000039,21.396059158000071],[39.849567434000051,21.396058182000047],[39.849567776000072,21.39605788800003],[39.849627015000067,21.396011024000074],[39.849686478000081,21.395964445000061],[39.849746164000067,21.395918152000036],[39.849819528000069,21.395865343000025],[39.849893289000079,21.395813089000058],[39.849967442000036,21.395761394000033],[39.850020605000054,21.395727210000075],[39.850074101000075,21.395693549000043],[39.850127924000049,21.395660414000076],[39.850182069000027,21.395627807000039],[39.850236531000064,21.39559573300005],[39.850291304000052,21.395564194000031],[39.850366333000068,21.39552481100003],[39.850441592000038,21.395485869000026],[39.850517079000042,21.395447371000046],[39.850592791000054,21.395409317000031],[39.852422449000073,21.394467512000062],[39.852435879000041,21.394438561000072],[39.853994016000058,21.391079567000077],[39.854939667000053,21.389294207000034],[39.856815058000052,21.386237256000072],[39.860974920000046,21.379870754000024],[39.863891627000044,21.376262075000056],[39.865490513000054,21.372884697000075],[39.866377248000049,21.370746457000052],[39.866905577000068,21.368834611000068],[39.866788400000075,21.367175493000047],[39.866774749000058,21.366982189000055],[39.866346204000024,21.365468357000054],[39.86549369100004,21.36322681200005],[39.863682461000053,21.361046219000059],[39.86240276500007,21.359860517000072],[39.862356400000067,21.359817557000042],[39.862709537000057,21.357789171000036],[39.862894671000049,21.357816766000042],[39.873967717000028,21.359600003000025],[39.882096485000034,21.360883278000074],[39.891137877000062,21.362043880000044],[39.89565852100003,21.36262200300007],[39.896822951000047,21.36277089500004],[39.895641499000078,21.363022407000074],[39.894777229000056,21.36322050800004],[39.894248451000067,21.363289604000045],[39.893725047000032,21.363388297000029],[39.893208908000076,21.363516227000048],[39.892701891000058,21.363672934000078],[39.892205828000044,21.363857852000024],[39.891722497000046,21.364070320000053],[39.891253648000031,21.364309568000067],[39.89080096400005,21.36457473400003],[39.890366080000035,21.364864867000051],[39.889950561000035,21.365178914000069],[39.889240564000033,21.36580533800003],[39.88194360500006,21.372634753000057],[39.880588578000072,21.374014295000052],[39.879299360000061,21.375370552000049],[39.878710303000048,21.376063680000073],[39.878169960000037,21.376790801000027],[39.877680559000055,21.377548904000037],[39.877244125000061,21.37833487100005],[39.876862453000058,21.379145460000075],[39.87653712000008,21.379977321000069],[39.876269466000053,21.380827029000045],[39.876060603000042,21.381691076000038],[39.875911390000056,21.382565899000042],[39.875822439000046,21.38344789000007],[39.875795563000054,21.384288455000046],[39.874858423000035,21.383993412000052],[39.87365423600005,21.387850554000067],[39.873345572000062,21.388681387000076],[39.87302029500006,21.389728020000064],[39.872695579000037,21.390575394000052],[39.872258807000037,21.391347333000056],[39.87164854100007,21.392191359000037],[39.871429672000033,21.39240731600006],[39.866843924000079,21.391933330000029],[39.864955382000062,21.39166388700005],[39.862463197000068,21.392177421000042],[39.861641588000055,21.393906272000038],[39.861067372000036,21.397302847000049],[39.86036714800008,21.399476133000064],[39.858973828000046,21.402898527000048]]]},"properties":{"OBJECTID":11,"OBJECTID_1":11,"RegionID":null,"city":"Makkah","discription":"Alnaseem District","Discription_AR":"حي النسيم","Region":"مكة المكرمة","Fence_Type":"Year_1447H_2026G","Capacity":null,"Actual_Cap":null,"type":"حي","GIS_data_type":"Polygon","Shape_Length":0.16262115570876673,"Shape_Area":0.00072653052562863846}},{"type":"Feature","id":12,"geometry":{"type":"Polygon","coordinates":[[[39.832240062000039,21.434917587000029],[39.831198133000044,21.435488208000038],[39.831017958000075,21.435287948000052],[39.830910231000075,21.435198520000029],[39.830783470000029,21.435110490000056],[39.83065683600006,21.435044623000067],[39.830493374000071,21.434978940000065],[39.830337946000043,21.434937842000068],[39.830153653000025,21.434909204000064],[39.830003720000036,21.43490994900003],[39.829996425000047,21.434910473000059],[39.829937219000044,21.434765069000036],[39.829820501000029,21.434554697000067],[39.829748257000062,21.434420596000052],[39.829591508000078,21.434106083000074],[39.829501614000037,21.433920795000063],[39.829320863000078,21.433515088000036],[39.829230771000027,21.433294663000027],[39.829142843000056,21.43305801300005],[39.829055976000063,21.432821199000045],[39.828978822000067,21.432608239000047],[39.828913999000065,21.432431672000064],[39.82885408900006,21.432266196000057],[39.828767218000053,21.432028186000025],[39.828724358000045,21.431905413000038],[39.828657380000038,21.431673508000074],[39.828558663000081,21.431416827000078],[39.828594233000047,21.431411775000072],[39.828596383000047,21.431411470000057],[39.82869691500008,21.431396363000033],[39.828919140000039,21.431357095000067],[39.829140144000064,21.431312190000028],[39.82935976300007,21.431261681000024],[39.829577836000055,21.431205605000059],[39.82982417900007,21.431132432000027],[39.830068422000068,21.431053328000075],[39.830310403000055,21.430968345000053],[39.830549958000063,21.430877541000029],[39.830769266000061,21.430782621000048],[39.830986297000038,21.43068321800007],[39.83120094700007,21.43057938000004],[39.831368420000047,21.430490934000034],[39.831533572000069,21.430398741000033],[39.831696307000072,21.430302855000036],[39.831856532000074,21.43020333100003],[39.832050656000035,21.430077741000048],[39.832241475000046,21.429947785000024],[39.832428876000051,21.429813538000076],[39.83263254700006,21.429647905000024],[39.832831957000053,21.429477788000042],[39.833026993000033,21.429303282000035],[39.833234384000036,21.429104186000075],[39.83343639900005,21.428900302000045],[39.833436798000037,21.428899829000045],[39.836397026000043,21.429240500000049],[39.836942448000059,21.429409766000049],[39.837374959000044,21.429391398000064],[39.837633320000066,21.429343236000022],[39.838098292000041,21.429560094000067],[39.839542278000067,21.429697989000033],[39.839496939000071,21.430121473000042],[39.839459966000049,21.43033626700003],[39.839351857000054,21.430518204000066],[39.839281902000039,21.430692284000031],[39.839296802000035,21.430911929000047],[39.839230326000063,21.431216290000066],[39.839166476000059,21.431444167000052],[39.839110936000054,21.431552528000054],[39.839004467000052,21.431757540000035],[39.838876478000032,21.432018393000078],[39.838632114000063,21.432354554000028],[39.838453543000071,21.432587686000034],[39.838350767000065,21.432728561000033],[39.83828909500005,21.432907515000068],[39.838249492000045,21.433132295000064],[39.838139338000076,21.433413572000063],[39.838064024000062,21.433590042000048],[39.837797281000064,21.433180496000034],[39.83719295800006,21.432861064000065],[39.836820575000047,21.432676124000068],[39.836626201000058,21.432607045000054],[39.836425937000058,21.432610458000056],[39.836196010000037,21.432650481000053],[39.836085866000076,21.432658858000025],[39.835997014000043,21.432622927000068],[39.835906324000064,21.432576917000063],[39.835844185000042,21.432510113000035],[39.835800920000054,21.432586669000045],[39.835789516000034,21.432682809000028],[39.835826878000034,21.432774109000036],[39.835995781000065,21.432897747000027],[39.836100600000066,21.433020207000027],[39.835938049000049,21.433167996000066],[39.835789891000047,21.43331121500006],[39.835645121000027,21.433487411000044],[39.835592661000078,21.433558163000043],[39.835482372000058,21.433600707000039],[39.835391142000049,21.433614661000036],[39.835228070000028,21.433670967000069],[39.835202486000071,21.433644080000022],[39.835098732000063,21.433661124000025],[39.834954316000051,21.43365017900004],[39.834840966000058,21.433623517000058],[39.834799677000035,21.433667477000029],[39.834845136000069,21.43380920900006],[39.834829037000077,21.433899714000063],[39.834802898000078,21.43405152400004],[39.834751189000031,21.434089702000051],[39.83459090100007,21.434209121000038],[39.834472335000044,21.434069696000051],[39.834328442000071,21.434138597000072],[39.834167859000047,21.434231659000034],[39.834037678000072,21.434317358000044],[39.833900904000075,21.434323787000039],[39.83376185000003,21.434352305000061],[39.833640013000036,21.434382202000052],[39.83357747000008,21.43442286800007],[39.83354698800008,21.434527649000074],[39.833224372000075,21.434494769000025],[39.832653004000065,21.43449915900004],[39.832537433000027,21.434641735000071],[39.832240062000039,21.434917587000029]]]},"properties":{"OBJECTID":12,"OBJECTID_1":12,"RegionID":null,"city":"Makkah","discription":"Sulaymaniyah District","Discription_AR":"حي السليمانية","Region":"مكة المكرمة","Fence_Type":"Year_1447H_2026G","Capacity":null,"Actual_Cap":null,"type":"حي","GIS_data_type":"Polygon","Shape_Length":0.030699632199221241,"Shape_Area":4.2434919688021134e-05}},{"type":"Feature","id":13,"geometry":{"type":"Polygon","coordinates":[[[39.850619367000036,21.353728172000046],[39.848440317000041,21.356725705000031],[39.84839110300004,21.35679340300004],[39.848285951000037,21.356914417000041],[39.848129887000027,21.357109305000051],[39.847874667000042,21.357455767000033],[39.847704537000027,21.357689927000024],[39.847534402000065,21.357923131000064],[39.847428078000064,21.358070917000077],[39.84726955800005,21.358283027000027],[39.847182214000043,21.358403226000064],[39.84700067700004,21.358650830000045],[39.846832095000025,21.358888329000024],[39.846620916000063,21.359173371000054],[39.846438657000078,21.359428867000076],[39.846233547000054,21.359704556000054],[39.846057336000058,21.359947113000032],[39.845887966000078,21.360181029000046],[39.845675260000064,21.36046751300006],[39.845517251000047,21.36068057500006],[39.845322061000047,21.360951194000052],[39.845101760000034,21.361248472000057],[39.844886829000075,21.361547874000053],[39.844675659000075,21.36183578400005],[39.844456121000064,21.362133057000051],[39.844241163000049,21.362428156000078],[39.844020861000047,21.362726150000071],[39.843817331000025,21.363011868000058],[39.843602366000027,21.363306249000061],[39.843388137000034,21.363595607000036],[39.843172385000059,21.363886405000073],[39.842988571000035,21.364139753000075],[39.842723459000069,21.364501077000057],[39.842510770000047,21.36479257700006],[39.842286210000054,21.365085702000044],[39.842062183000053,21.36538048500006],[39.841860098000041,21.365706372000034],[39.841752193000048,21.365847468000027],[39.841620652000074,21.366005177000034],[39.84153709800006,21.366120334000072],[39.841332002000058,21.366401755000027],[39.84111547200007,21.366691838000065],[39.84094912900008,21.366922149000061],[39.840722750000054,21.367230926000047],[39.84050549300008,21.367528183000047],[39.840287473000046,21.367826161000039],[39.840093762000038,21.368091030000073],[39.839922105000028,21.368329971000037],[39.839747278000061,21.368550284000037],[39.839547437000078,21.368814465000071],[39.839359042000069,21.369072135000067],[39.839100013000063,21.369429239000056],[39.838910099000032,21.369737171000054],[39.838709391000066,21.37001418400007],[39.838510854000049,21.370283856000071],[39.838302184000042,21.370566965000023],[39.838069074000032,21.370860712000024],[39.837727197000049,21.371324481000045],[39.83751981100005,21.37160949400004],[39.837269862000028,21.371949220000033],[39.837057188000074,21.372247168000058],[39.836877116000039,21.372489017000078],[39.83670544000006,21.37272652200005],[39.836501076000047,21.37300506400004],[39.836274647000039,21.373308099000042],[39.836158323000063,21.373451385000067],[39.836058020000053,21.373584552000068],[39.835942807000038,21.373788787000024],[39.835808349000047,21.373974473000033],[39.835667697000076,21.374147998000069],[39.835486109000044,21.374393439000073],[39.835316668000075,21.374620892000053],[39.835149547000071,21.374852635000025],[39.835013545000038,21.375036177000027],[39.834857835000037,21.375254955000059],[39.834709653000061,21.375451465000026],[39.834507579000046,21.375729994000039],[39.834321471000067,21.375989081000057],[39.834156604000043,21.376213642000039],[39.833990996000068,21.376442508000025],[39.833877001000076,21.376592235000032],[39.833682485000054,21.376854232000028],[39.833522198000026,21.377076618000046],[39.833317846000057,21.377359460000037],[39.83311649500007,21.377631529000041],[39.832945540000026,21.37786329000005],[39.832719911000027,21.378174921000038],[39.832511737000061,21.378459215000078],[39.832282282000051,21.37877158200007],[39.832052130000079,21.379096144000073],[39.831825687000048,21.379399889000069],[39.831595489000051,21.379716563000045],[39.83148908000004,21.379854776000059],[39.83127942200008,21.380148399000063],[39.831052242000055,21.380457885000055],[39.830885069000033,21.380682453000077],[39.830674639000051,21.380975362000072],[39.830484682000076,21.381233030000033],[39.830290944000069,21.381499322000025],[39.830129119000048,21.381722430000025],[39.830023494000045,21.381864224000026],[39.829926250000028,21.38199880600007],[39.829822110000066,21.38213270500006],[39.829690696000057,21.38231765300003],[39.829493897000077,21.382584677000068],[39.829415269000037,21.382698743000049],[39.829332082000064,21.382809935000068],[39.829282725000041,21.382882046000077],[39.829229517000044,21.382951714000058],[39.829184382000051,21.383018485000036],[39.829134626000041,21.383082312000056],[39.829080469000075,21.383142914000075],[39.829022148000035,21.383200027000044],[39.828959920000045,21.383253399000068],[39.828808152000079,21.383380680000073],[39.828654440000037,21.383505899000056],[39.828533896000067,21.383627807000039],[39.82832202600008,21.383847574000072],[39.82814572500007,21.384039078000058],[39.828005915000062,21.384178441000074],[39.827912966000042,21.384260519000065],[39.827847011000074,21.384331958000075],[39.827746152000032,21.384437036000065],[39.827672574000076,21.384514608000075],[39.827260294000041,21.384996633000071],[39.827196887000071,21.385067462000052],[39.827049127000066,21.385228944000062],[39.826809022000077,21.385479686000053],[39.826806138000052,21.385482698000033],[39.826739037000038,21.385502655000039],[39.826731124000048,21.385505009000042],[39.826726445000077,21.385506400000054],[39.826728646000049,21.38550361800003],[39.826728676000073,21.385503581000023],[39.826085770000077,21.385001814000077],[39.826023895000048,21.384283611000058],[39.825714412000025,21.383925880000049],[39.825628506000044,21.383388696000054],[39.825624574000074,21.382687824000072],[39.825490358000025,21.381770064000023],[39.82512474300006,21.380998387000034],[39.824372686000061,21.380349276000061],[39.823853316000054,21.379771834000053],[39.822539600000027,21.378717863000077],[39.821984722000025,21.377895616000046],[39.821336036000048,21.377270257000077],[39.820410092000031,21.376515143000063],[39.816907484000069,21.367096011000058],[39.815623843000026,21.363889019000055],[39.814147948000027,21.357470220000039],[39.814311912000051,21.35734199500007],[39.814495300000033,21.357266246000052],[39.814641792000032,21.357022240000049],[39.814820105000081,21.356751878000068],[39.815050487000065,21.356503721000024],[39.815289476000032,21.35636781200003],[39.815613512000027,21.355714954000064],[39.815662992000057,21.355269296000074],[39.81601734700007,21.35359819100006],[39.816110689000027,21.35313734500005],[39.816133663000073,21.353075408000052],[39.818263569000067,21.353703209000059],[39.819939211000076,21.354157003000068],[39.821044421000067,21.354323025000042],[39.822102096000037,21.354378365000059],[39.823088466000058,21.354334093000034],[39.824039185000061,21.354179139000053],[39.825952507000068,21.353692141000067],[39.829695964000052,21.352607458000023],[39.832203484000047,21.351921226000059],[39.833700866000072,21.351511698000024],[39.835839984000074,21.351024691000077],[39.837586931000033,21.35077011900006],[39.838989240000046,21.350725845000056],[39.839844888000073,21.350714777000064],[39.840522275000069,21.35077011900006],[39.841698789000077,21.350914008000075],[39.843766603000063,21.351301400000068],[39.843997333000061,21.351376275000064],[39.846392964000074,21.352153659000066],[39.847478832000036,21.352558204000047],[39.850450544000068,21.353665282000065],[39.850619367000036,21.353728172000046]]]},"properties":{"OBJECTID":13,"OBJECTID_1":13,"RegionID":null,"city":"Makkah","discription":"Batha Quraish District - St","Discription_AR":"حي بطحاء قريش ","Region":"مكة المكرمة","Fence_Type":"Year_1447H_2026G","Capacity":null,"Actual_Cap":null,"type":"حي","GIS_data_type":"Polygon","Shape_Length":0.11210366208259037,"Shape_Area":0.00068171267545176939}},{"type":"Feature","id":14,"geometry":{"type":"Polygon","coordinates":[[[39.834433752000052,21.47687336100006],[39.834185863000073,21.476965625000048],[39.834003375000066,21.47704737600003],[39.83393495200005,21.477078028000051],[39.833719085000041,21.477200415000027],[39.833509462000052,21.477331415000037],[39.833261648000075,21.477473327000041],[39.833004302000063,21.477579760000026],[39.832680237000034,21.477650717000074],[39.832308517000058,21.477632977000042],[39.831936795000047,21.477517675000058],[39.831631793000042,21.477349154000024],[39.831383978000076,21.477145156000063],[39.831231478000063,21.476950027000044],[39.83108850800005,21.476719420000052],[39.831031320000079,21.476471073000027],[39.83098366400003,21.476045335000038],[39.830793037000035,21.473996452000051],[39.830735850000053,21.473677143000032],[39.830650068000068,21.473304614000028],[39.830507098000055,21.472896606000063],[39.83031647200005,21.472559556000078],[39.829982876000031,21.472045107000042],[39.827333171000078,21.468346352000026],[39.826824974000033,21.467609527000036],[39.82653381700004,21.467255623000028],[39.826135703000034,21.466741352000042],[39.825725706000071,21.466381915000056],[39.824388757000065,21.465674097000033],[39.821423702000061,21.464214213000048],[39.820383854000056,21.463694402000044],[39.820068928000069,21.463534034000077],[39.819765887000074,21.463362606000032],[39.819486612000048,21.463174588000072],[39.819165745000078,21.462947861000032],[39.819065506000072,21.462854573000072],[39.819065468000076,21.462854539000034],[39.819096285000057,21.462832040000023],[39.82467986000006,21.458744185000057],[39.825706593000064,21.457992452000042],[39.825883164000061,21.457857228000023],[39.82606411200004,21.457727172000034],[39.826249262000033,21.45760240900006],[39.826438439000071,21.457483056000058],[39.826631463000069,21.457369228000061],[39.826828146000025,21.457261034000055],[39.82702830900007,21.45715857700003],[39.827231752000046,21.457061954000039],[39.827438286000074,21.456971259000056],[39.827612797000029,21.456910124000046],[39.827789851000034,21.456855782000048],[39.827969151000048,21.456808326000044],[39.828150389000029,21.456767834000061],[39.828333258000043,21.456734379000068],[39.828517445000045,21.456708014000071],[39.828702638000038,21.456688787000076],[39.828888521000067,21.456676728000048],[39.829074775000038,21.456671860000029],[39.829261087000077,21.456674190000058],[39.829447137000045,21.456683715000054],[39.829632610000033,21.456700417000036],[39.82981718700006,21.456724269000063],[39.829987370000026,21.456750654000075],[39.830156346000081,21.45678312900003],[39.83032386900004,21.456821646000037],[39.830416046000039,21.456846385000063],[39.830489688000057,21.456866149000064],[39.83065356600008,21.456916572000068],[39.830815255000061,21.456972841000038],[39.830974522000076,21.457034873000055],[39.83110380200003,21.457089547000066],[39.831231426000045,21.457147535000047],[39.831357493000041,21.457208434000052],[39.831482140000048,21.457271848000062],[39.831605520000039,21.457337396000071],[39.831727814000033,21.457404704000055],[39.831849219000048,21.457473410000034],[39.831969946000072,21.457543158000078],[39.832090213000072,21.457613597000034],[39.832105316000025,21.457622502000049],[39.832207671000049,21.457495704000053],[39.83237984200008,21.457237883000062],[39.832418797000059,21.457127731000071],[39.83248393000008,21.456906298000035],[39.832553627000038,21.456589228000041],[39.832583209000063,21.456402632000049],[39.832612268000048,21.456124009000064],[39.832619997000052,21.455911228000048],[39.832618470000057,21.455642320000038],[39.832606091000059,21.455485811000074],[39.832580367000048,21.45522778000003],[39.832556648000036,21.455097623000029],[39.832513295000069,21.454882705000045],[39.832398139000077,21.454388472000062],[39.832285456000079,21.453914045000033],[39.832270039000036,21.453848444000073],[39.832216558000027,21.453619286000048],[39.832215824000059,21.453616142000044],[39.832142327000042,21.453301206000049],[39.832015750000039,21.452774042000044],[39.831950839000058,21.452494213000023],[39.831926683000063,21.452384416000029],[39.831884808000041,21.452204749000032],[39.831829239000058,21.451973757000076],[39.831787359000032,21.45179289400005],[39.831743534000054,21.451606664000053],[39.831699671000081,21.45141385900007],[39.831667438000068,21.451245499000038],[39.83163961200006,21.451066359000038],[39.831614730000069,21.450843581000072],[39.831603803000064,21.450605196000026],[39.831602912000051,21.450448033000043],[39.831616129000054,21.450189807000072],[39.831633114000056,21.450033154000039],[39.831637930000056,21.449981736000041],[39.83167297500006,21.449745513000039],[39.831718991000059,21.449530152000023],[39.831766137000045,21.449317175000033],[39.83178855400007,21.449217863000058],[39.83183692800003,21.449024450000024],[39.831862630000046,21.448919146000037],[39.831897939000044,21.44879706200004],[39.831945067000049,21.448665357000039],[39.832180005000055,21.448446067000077],[39.832340842000065,21.448104640000054],[39.832397154000034,21.447904166000058],[39.832612266000069,21.447003720000055],[39.832655675000069,21.446779406000076],[39.832673586000055,21.446561196000061],[39.832666050000057,21.446358051000061],[39.832623689000059,21.446092262000036],[39.832519336000075,21.445700760000022],[39.832435984000028,21.445410505000041],[39.832256331000053,21.444707673000039],[39.832194368000046,21.444488319000072],[39.835014525000076,21.443716122000069],[39.835762684000031,21.44337304000004],[39.835622010000066,21.443039030000023],[39.835591605000047,21.442726535000077],[39.835607468000035,21.442445917000043],[39.835644582000043,21.442191197000056],[39.835735376000059,21.441882053000029],[39.835825763000059,21.441753508000033],[39.83606248600006,21.441777414000057],[39.836376424000036,21.441769165000039],[39.838016595000056,21.441523139000026],[39.838237119000041,21.441455888000064],[39.838471799000047,21.441314417000058],[39.839000316000067,21.440770633000056],[39.839540775000046,21.440443909000066],[39.840582643000062,21.440448702000026],[39.840596364000078,21.441382407000049],[39.840325252000071,21.442154007000056],[39.839694622000025,21.444234427000026],[39.840102065000053,21.445035564000023],[39.839576564000026,21.445633388000033],[39.839389522000033,21.445707817000027],[39.839347007000072,21.44577789300007],[39.83927454600007,21.44574536500005],[39.83866977100007,21.445961159000035],[39.838508768000054,21.446252979000064],[39.838420172000042,21.446392240000023],[39.838558669000065,21.446425569000041],[39.838537644000041,21.446769087000064],[39.838567398000066,21.446848780000039],[39.838675107000029,21.447167608000029],[39.838615814000036,21.447286081000072],[39.838797576000047,21.447467536000033],[39.839253456000051,21.447453001000042],[39.839289864000079,21.447254348000058],[39.839567851000027,21.447079208000048],[39.839748063000059,21.447088283000028],[39.839785231000064,21.447098984000036],[39.840044140000032,21.44705050500005],[39.840226535000056,21.447113100000024],[39.840468238000028,21.447136612000065],[39.840613782000048,21.447342290000051],[39.840634211000065,21.447538842000029],[39.840532995000046,21.447601275000068],[39.840545664000047,21.447860698000056],[39.840617479000059,21.447943581000061],[39.840501563000032,21.448057346000041],[39.840477747000079,21.448163848000036],[39.840347355000063,21.448139099000059],[39.840207801000076,21.448368893000065],[39.84032852100006,21.448362842000051],[39.840450562000058,21.44840214900006],[39.840449309000064,21.448499237000078],[39.84030255700003,21.448606807000033],[39.840335455000059,21.44878787500005],[39.840433013000052,21.448915086000056],[39.840491345000032,21.449097839000046],[39.840453765000063,21.449157004000028],[39.841082632000052,21.450264600000025],[39.841029359000061,21.450387125000077],[39.841111183000066,21.450635313000078],[39.841221405000056,21.450617520000037],[39.841251204000059,21.450694038000051],[39.841209435000053,21.450774316000036],[39.841327196000066,21.450927057000058],[39.841635546000077,21.451187291000053],[39.841538937000053,21.451404299000046],[39.84140562400006,21.451549844000056],[39.841549888000031,21.451762339000027],[39.84108841300008,21.451956198000062],[39.841057781000075,21.45204379300003],[39.841183129000058,21.45218473500006],[39.841322280000043,21.45240472100005],[39.841425944000036,21.452641540000059],[39.841507269000033,21.452861816000052],[39.841571022000039,21.453119656000069],[39.841612057000077,21.453294333000031],[39.84159976400008,21.453477605000046],[39.841276622000066,21.453749882000068],[39.839481423000052,21.454062862000058],[39.839049905000024,21.454052535000073],[39.83906115700006,21.454173464000064],[39.839101246000041,21.454320223000025],[39.839154175000033,21.454498922000028],[39.839175751000028,21.454648090000035],[39.839605252000069,21.454780326000048],[39.840012986000033,21.455176004000066],[39.840386848000037,21.455655637000064],[39.84115709200006,21.456379617000039],[39.84127884000003,21.456509739000069],[39.841345102000048,21.456596322000053],[39.842002744000069,21.456591203000073],[39.842525058000035,21.456599436000033],[39.843057606000059,21.456597565000038],[39.843802352000068,21.456580606000045],[39.844216958000061,21.456557385000053],[39.844487696000044,21.456537533000073],[39.844729993000044,21.456478203000074],[39.844845680000049,21.456480261000024],[39.845100951000063,21.456714029000068],[39.844435652000072,21.457765058000064],[39.843654450000031,21.459203312000056],[39.843360205000067,21.459784968000065],[39.843190350000043,21.460186418000035],[39.843056154000067,21.460624388000042],[39.842967707000071,21.461102108000034],[39.842925033000029,21.46161064000006],[39.84282518100008,21.462988640000049],[39.842677007000077,21.463795670000025],[39.842294742000036,21.465901522000024],[39.841997711000033,21.467594815000041],[39.841998714000056,21.46776942300005],[39.84201253100008,21.46800993100004],[39.842059536000079,21.468254153000032],[39.842131211000037,21.468463327000052],[39.842227783000055,21.468676256000037],[39.842351715000063,21.468864028000041],[39.842446893000044,21.469034901000043],[39.842642357000045,21.469383150000056],[39.842824170000029,21.469760568000027],[39.84295073100003,21.470141498000032],[39.843036224000059,21.470483785000056],[39.843079320000072,21.470940925000036],[39.843096040000034,21.471379248000062],[39.843013690000078,21.473277805000066],[39.842916519000028,21.475603277000062],[39.842873079000071,21.475858955000035],[39.842788461000055,21.476163341000074],[39.842634718000056,21.476474507000034],[39.842425589000072,21.476743990000045],[39.842090263000046,21.477038593000032],[39.841758234000054,21.477245332000052],[39.841261662000079,21.477406278000046],[39.840879966000045,21.477451534000068],[39.840321933000041,21.477404536000051],[39.839721845000042,21.47729699100006],[39.838256280000053,21.477005619000067],[39.837959840000053,21.476979853000046],[39.837102028000061,21.476807373000042],[39.83672494800004,21.476714414000071],[39.836085397000033,21.476643239000055],[39.83557808300003,21.476650893000055],[39.835090747000038,21.476703182000051],[39.834439772000053,21.476885433000064],[39.834439735000046,21.47688544500005],[39.834439208000049,21.476885641000024],[39.83443832200004,21.476882525000065],[39.834435530000064,21.476872699000069],[39.834433752000052,21.47687336100006]]]},"properties":{"OBJECTID":14,"OBJECTID_1":14,"RegionID":null,"city":"Makkah","discription":"Ray Thakher District","Discription_AR":"حي ريع ذاخر","Region":"مكة المكرمة","Fence_Type":"Year_1447H_2026G","Capacity":null,"Actual_Cap":null,"type":"حي","GIS_data_type":"Polygon","Shape_Length":0.12064776503766222,"Shape_Area":0.00045627363981765864}},{"type":"Feature","id":15,"geometry":{"type":"Polygon","coordinates":[[[39.826710051000077,21.419853483000054],[39.826606510000033,21.420155666000028],[39.826593114000048,21.420432417000029],[39.826580263000039,21.420780800000045],[39.827434174000075,21.421420194000063],[39.827703411000073,21.42164426100004],[39.827738581000062,21.421721532000049],[39.827740618000064,21.421728186000053],[39.827934447000075,21.422354419000044],[39.828023786000074,21.422519416000057],[39.828110686000059,21.422669790000043],[39.828217402000064,21.422845400000028],[39.828418365000061,21.423176112000078],[39.829049557000076,21.423660783000059],[39.829165476000071,21.423701477000066],[39.82933975900005,21.423769274000051],[39.829544916000032,21.42386562300004],[39.829725838000059,21.423943521000069],[39.830010365000078,21.424183626000058],[39.83008803000007,21.424393321000025],[39.83009579700007,21.42468844800004],[39.83004919800004,21.424960274000057],[39.829831736000074,21.425123370000051],[39.829718626000044,21.425274033000051],[39.829536610000048,21.425542760000042],[39.829365747000054,21.426016516000061],[39.829233717000079,21.426614535000056],[39.829086154000038,21.427033924000057],[39.82882961200005,21.427540793000048],[39.828635698000028,21.428020267000022],[39.828045446000033,21.428253262000055],[39.827727020000054,21.42841635800005],[39.826546515000075,21.428579454000044],[39.825941086000057,21.428603838000072],[39.82548250800005,21.428610520000063],[39.82504758500005,21.428594987000054],[39.824549287000025,21.428520118000051],[39.823724177000031,21.428306384000052],[39.823063094000076,21.428028034000079],[39.822535046000041,21.42767243000003],[39.822190067000065,21.427406119000068],[39.821968404000074,21.42726996600004],[39.821795604000044,21.427153218000058],[39.821602759000029,21.427021011000022],[39.82144115300008,21.426894434000076],[39.821265309000069,21.42674656500003],[39.821024548000025,21.426513570000054],[39.820752722000066,21.426233977000038],[39.820535260000042,21.425954384000022],[39.820333332000075,21.425659258000053],[39.82017800400007,21.425278698000056],[39.820473439000068,21.424583445000053],[39.820572850000076,21.424459181000032],[39.82091084700005,21.424096331000044],[39.821144463000053,21.423748393000039],[39.821243874000061,21.423624129000075],[39.821348255000032,21.423430278000069],[39.821477489000074,21.423181751000072],[39.821656429000029,21.422898429000043],[39.821765781000067,21.422699607000027],[39.821865192000075,21.422500786000057],[39.82198945600004,21.422232376000068],[39.82212336300006,21.42193773200006],[39.821988928000053,21.421945683000047],[39.821855197000048,21.421960805000026],[39.821706506000055,21.421999018000065],[39.821707570000058,21.421997496000074],[39.82191122100005,21.421706210000025],[39.822102162000078,21.421383861000038],[39.822600173000069,21.421407110000075],[39.822867146000078,21.421285759000057],[39.823073443000055,21.420921705000069],[39.823304010000072,21.420448435000026],[39.823692334000043,21.42037562400003],[39.824104928000054,21.420230003000029],[39.824651009000036,21.420011571000032],[39.824978657000031,21.419744598000023],[39.825379116000079,21.419659652000064],[39.825852386000065,21.419647517000044],[39.826228575000073,21.419720328000039],[39.826471278000042,21.419768868000062],[39.826710051000077,21.419853483000054]]]},"properties":{"OBJECTID":15,"OBJECTID_1":15,"RegionID":null,"city":"Makkah","discription":"AL-Haram","Discription_AR":"الحرم","Region":"مكة المكرمة","Fence_Type":"Year_1447H_2026G","Capacity":null,"Actual_Cap":null,"type":"حي","GIS_data_type":"Polygon","Shape_Length":0.030399731944970376,"Shape_Area":5.8467759037582951e-05}},{"type":"Feature","id":16,"geometry":{"type":"Polygon","coordinates":[[[39.808957066000062,21.411283188000027],[39.808595955000044,21.411280387000033],[39.808513131000041,21.411281116000055],[39.808430305000059,21.411281139000039],[39.808347481000055,21.411280458000078],[39.808264666000071,21.411279070000035],[39.808181865000051,21.411276978000046],[39.808099086000027,21.411274180000078],[39.808016333000069,21.411270678000051],[39.807933613000046,21.411266471000033],[39.807850932000065,21.411261560000071],[39.807832374000043,21.411260361000075],[39.808527498000046,21.408965864000038],[39.808706457000028,21.408203823000065],[39.808917671000074,21.407023673000026],[39.809204850000071,21.405079605000026],[39.809379398000033,21.403739397000038],[39.809688870000059,21.401887418000058],[39.81003798900008,21.399429195000039],[39.810059810000041,21.399281458000075],[39.810110741000074,21.399104086000023],[39.810190575000036,21.398949138000035],[39.810433698000054,21.398661355000058],[39.810694392000073,21.398496704000024],[39.810945455000081,21.39837043700004],[39.811163290000025,21.398350104000031],[39.811401906000071,21.398364420000064],[39.811681797000062,21.398405435000029],[39.812007922000078,21.39862342400005],[39.812434476000078,21.39899351400004],[39.812560642000051,21.399106381000024],[39.812743412000032,21.399275661000047],[39.812972728000034,21.399468260000049],[39.814329713000063,21.400769842000045],[39.814825126000073,21.40124581200007],[39.815041989000065,21.401473383000052],[39.815325769000026,21.401812469000049],[39.815994213000067,21.402760933000025],[39.817297203000066,21.40458738500007],[39.817664466000053,21.405190993000076],[39.818086336000079,21.406191278000051],[39.818291437000028,21.406787234000035],[39.818561983000052,21.407549865000078],[39.818765681000059,21.40815113900004],[39.818879457000037,21.408443224000052],[39.819061650000037,21.408757358000059],[39.819242820000056,21.409024582000029],[39.819429147000051,21.409265011000059],[39.819734769000036,21.409663591000026],[39.820925205000037,21.411140570000043],[39.821007292000047,21.411319897000055],[39.821007740000027,21.411320913000054],[39.819788052000035,21.411310723000042],[39.818232116000047,21.411332346000052],[39.818229087000077,21.411332388000062],[39.818148138000026,21.411333513000045],[39.815422108000064,21.411313890000031],[39.813402140000051,21.411293550000039],[39.812567684000044,21.411284726000076],[39.811170180000033,21.411286081000071],[39.809641431000045,21.411287552000033],[39.808957066000062,21.411283188000027]]]},"properties":{"OBJECTID":16,"OBJECTID_1":16,"RegionID":null,"city":"Makkah","discription":"Jarhom South District","Discription_AR":"حي جرهم الجنوبي","Region":"مكة المكرمة","Fence_Type":"Year_1447H_2026G","Capacity":null,"Actual_Cap":null,"type":"حي","GIS_data_type":"Polygon","Shape_Length":0.04361798096902899,"Shape_Area":0.00010010268145423015}},{"type":"Feature","id":17,"geometry":{"type":"Polygon","coordinates":[[[39.842139885000051,21.421768024000073],[39.842138491000071,21.421768203000056],[39.842137386000047,21.421768343000053],[39.842132588000027,21.421768954000072],[39.839106240000035,21.422153728000069],[39.837202976000071,21.422395683000047],[39.837203086000045,21.422394544000042],[39.837285505000068,21.421540133000065],[39.837158524000074,21.420089760000053],[39.83683516800005,21.419517722000023],[39.836780025000053,21.419140853000044],[39.83649395100008,21.418786973000067],[39.836256021000054,21.418635832000064],[39.835615542000028,21.417905424000026],[39.835498056000063,21.417737989000045],[39.835496988000045,21.417738511000039],[39.83528928000004,21.417839872000059],[39.834760291000066,21.417109430000039],[39.834742299000027,21.417084586000044],[39.834742159000029,21.417084420000037],[39.833999621000032,21.416060191000042],[39.834029309000073,21.416004345000033],[39.834054086000037,21.415946438000049],[39.834073789000058,21.415886847000024],[39.834088290000068,21.415825961000053],[39.834130688000073,21.41565005700005],[39.834188797000024,21.41540881700007],[39.834245984000063,21.415229971000031],[39.834255082000027,21.415203159000043],[39.834259581000026,21.415175342000055],[39.834259404000079,21.415151889000072],[39.834259369000051,21.415147208000064],[39.833796275000054,21.414749783000048],[39.833589486000051,21.414639523000062],[39.833523666000076,21.414580799000078],[39.833476489000077,21.414387981000061],[39.833474458000069,21.41438757800006],[39.833420641000032,21.414376903000061],[39.833391832000075,21.41442928400005],[39.833343826000032,21.414518100000066],[39.83297867400006,21.414710697000032],[39.832977406000055,21.414709224000035],[39.832785794000074,21.41448680600007],[39.832630146000042,21.414412631000062],[39.832630036000069,21.414412641000069],[39.832514268000068,21.414423928000076],[39.832433792000074,21.414431775000025],[39.832432594000068,21.414430688000039],[39.832314330000031,21.414323351000064],[39.832356355000059,21.414281639000023],[39.832527127000048,21.414135004000059],[39.832253689000026,21.413894396000046],[39.832253036000054,21.413894780000078],[39.832132819000037,21.413965403000077],[39.832131076000053,21.413964123000028],[39.831927647000043,21.413814727000045],[39.831927281000048,21.413815103000047],[39.831758647000072,21.413988093000057],[39.831451164000043,21.413711034000073],[39.830253429000038,21.412786652000023],[39.829565291000051,21.412519988000042],[39.829160803000036,21.412314026000047],[39.828697404000025,21.412123168000051],[39.828618299000027,21.412198422000074],[39.828521157000068,21.412286749000032],[39.828457507000053,21.412332100000071],[39.828396990000044,21.412381066000023],[39.828236286000049,21.412527775000058],[39.82821731100006,21.412545097000077],[39.828208417000042,21.412554388000046],[39.82816517200007,21.412599560000046],[39.828118763000077,21.412656441000024],[39.828117752000026,21.412657680000052],[39.828075340000055,21.41271910200004],[39.828061998000067,21.412752428000033],[39.828053631000046,21.412787147000074],[39.828050397000027,21.412822609000045],[39.828046110000059,21.412849848000064],[39.828039935000049,21.412889092000057],[39.828037432000031,21.412888840000051],[39.827759719000028,21.412860866000074],[39.827342717000079,21.412849649000066],[39.827090337000072,21.412787948000073],[39.82708978900007,21.412787394000077],[39.82678257200007,21.412477324000065],[39.826501377000056,21.412226949000058],[39.826277054000059,21.411983457000076],[39.826018367000074,21.411654166000062],[39.825868154000034,21.411402394000049],[39.825866147000056,21.411402149000025],[39.825865677000024,21.41140136000007],[39.825924529000076,21.411053090000053],[39.82598764800008,21.410862971000029],[39.825915852000037,21.410711478000053],[39.82587785700008,21.41056298500007],[39.825907675000053,21.410458442000049],[39.826118741000073,21.410144221000053],[39.826046571000063,21.409926297000027],[39.826048836000041,21.409796500000027],[39.826078947000042,21.409676226000045],[39.82605428800008,21.409496029000024],[39.826093990000061,21.409347150000031],[39.826211747000059,21.409261158000049],[39.826498125000057,21.409253418000048],[39.82648718400003,21.407307783000078],[39.826563587000066,21.40622363500006],[39.82663704600003,21.405592614000057],[39.826474097000073,21.405451062000054],[39.826279552000074,21.405097713000032],[39.826189021000062,21.404617314000063],[39.826436704000059,21.404208007000022],[39.826561212000058,21.40412198000007],[39.826777033000042,21.404054483000039],[39.82703267800008,21.403259195000032],[39.826975765000043,21.40275015900005],[39.827371750000054,21.401535702000047],[39.827816874000064,21.400356732000034],[39.828105488000062,21.399739754000052],[39.829576280000026,21.400295352000057],[39.82987518200008,21.400414071000057],[39.830153305000067,21.400586106000048],[39.830993136000075,21.399960859000032],[39.831663758000047,21.397748934000049],[39.834479243000033,21.398782652000023],[39.836525618000053,21.400635597000075],[39.838152536000052,21.402942648000078],[39.838718098000072,21.403744622000033],[39.839730130000078,21.407442021000065],[39.840355534000025,21.408830230000035],[39.840861098000062,21.410413880000078],[39.842071966000049,21.415491597000027],[39.842149334000055,21.415778141000033],[39.842250883000077,21.416343937000022],[39.842251378000071,21.41634669900003],[39.841892164000058,21.416833955000072],[39.841796748000036,21.416963954000039],[39.841115441000056,21.419298230000038],[39.841363884000032,21.42056182400006],[39.84166624900007,21.421032733000061],[39.841723282000032,21.421121558000038],[39.842139885000051,21.421768024000073]]]},"properties":{"OBJECTID":17,"OBJECTID_1":17,"RegionID":null,"city":"Makkah","discription":"Al-Rawaby District","Discription_AR":"حى الروابي","Region":"مكة المكرمة","Fence_Type":"Year_1447H_2026G","Capacity":null,"Actual_Cap":null,"type":"حي","GIS_data_type":"Polygon","Shape_Length":0.07196558415432569,"Shape_Area":0.00022961148275895259}},{"type":"Feature","id":18,"geometry":{"type":"Polygon","coordinates":[[[39.840582643000062,21.440448702000026],[39.839540775000046,21.440443909000066],[39.839000316000067,21.440770633000056],[39.838471799000047,21.441314417000058],[39.838237119000041,21.441455888000064],[39.838016595000056,21.441523139000026],[39.836376424000036,21.441769165000039],[39.83606248600006,21.441777414000057],[39.835825763000059,21.441753508000033],[39.83557294700006,21.44164958500005],[39.835308086000055,21.441503931000057],[39.835071237000079,21.441264609000029],[39.834952623000049,21.441111544000023],[39.83451989100007,21.440150706000054],[39.834806540000045,21.439893045000076],[39.83506716200003,21.439921807000076],[39.835417127000028,21.439983982000058],[39.835780155000066,21.440015806000076],[39.836476650000066,21.43994817500004],[39.836546654000074,21.439710661000049],[39.836631540000042,21.439579962000039],[39.836920364000036,21.439353457000038],[39.837150117000078,21.439169848000063],[39.837327325000047,21.438961858000027],[39.837612658000069,21.438319083000067],[39.837947592000035,21.438240581000059],[39.838508061000027,21.438294560000031],[39.838875552000047,21.438257667000073],[39.838657610000041,21.438039256000025],[39.838478268000074,21.43773750400004],[39.838560563000044,21.437354351000067],[39.838559460000056,21.43726300700007],[39.838541260000056,21.436712598000042],[39.838614800000073,21.436387643000046],[39.838786461000041,21.436083292000035],[39.839028098000028,21.435735932000057],[39.839115743000036,21.43553262000006],[39.839203843000064,21.435241271000052],[39.839245025000025,21.435156153000037],[39.839282899000068,21.434946437000065],[39.83926135300004,21.434754036000072],[39.839018044000056,21.434598554000047],[39.838906995000059,21.434436146000053],[39.838708059000055,21.43423438800005],[39.838532192000059,21.434118745000035],[39.838314919000027,21.43403879300007],[39.838064024000062,21.433590042000048],[39.838139338000076,21.433413572000063],[39.838249492000045,21.433132295000064],[39.83828909500005,21.432907515000068],[39.838350767000065,21.432728561000033],[39.838453543000071,21.432587686000034],[39.838632114000063,21.432354554000028],[39.838876478000032,21.432018393000078],[39.839004467000052,21.431757540000035],[39.839110936000054,21.431552528000054],[39.839166476000059,21.431444167000052],[39.839230326000063,21.431216290000066],[39.839296802000035,21.430911929000047],[39.839281902000039,21.430692284000031],[39.839351857000054,21.430518204000066],[39.839459966000049,21.43033626700003],[39.839496939000071,21.430121473000042],[39.839542278000067,21.429697989000033],[39.840065481000067,21.429748122000035],[39.843236098000034,21.430039321000038],[39.844133197000076,21.430194459000063],[39.844729532000031,21.430297585000062],[39.845419703000061,21.43041693300006],[39.846026152000036,21.430573654000057],[39.84686776500007,21.43086359800003],[39.84788300200006,21.431315633000054],[39.848519622000026,21.43162641300006],[39.848879854000074,21.43178159100006],[39.849219909000055,21.431899487000067],[39.849487881000073,21.43198036900003],[39.850264067000069,21.432118682000066],[39.850951069000075,21.432177595000041],[39.851977741000042,21.432333062000055],[39.854314594000073,21.432664953000028],[39.855456339000057,21.432703967000066],[39.85619872500007,21.432703911000033],[39.857247922000056,21.432609165000031],[39.857981726000048,21.432511677000036],[39.858687314000065,21.43236231700007],[39.85940064600004,21.432171812000036],[39.860073930000055,21.431959089000031],[39.86091177000003,21.431444475000035],[39.860913294000056,21.431443718000025],[39.860912871000039,21.43144479800003],[39.860912710000036,21.431445207000024],[39.860910638000064,21.431445868000026],[39.860132414000077,21.432403482000041],[39.858256615000073,21.434472148000054],[39.857971320000047,21.43482861800004],[39.857316691000051,21.43550461600006],[39.856626635000055,21.436266742000043],[39.85573458600004,21.437298955000074],[39.854781270000046,21.438515420000044],[39.854176991000031,21.438378327000066],[39.853620251000052,21.438326956000026],[39.852942631000076,21.438340857000071],[39.852300566000054,21.43843755000006],[39.85124608700005,21.438675425000042],[39.849159300000053,21.439133630000072],[39.84720807900004,21.439554534000024],[39.845064286000024,21.439881663000051],[39.844305484000074,21.440101683000023],[39.842647849000059,21.440338109000038],[39.841749138000068,21.440409439000064],[39.840582643000062,21.440448702000026]]]},"properties":{"OBJECTID":18,"OBJECTID_1":18,"RegionID":null,"city":"Makkah","discription":"Al Maabdah District","Discription_AR":"حي المعابده","Region":"مكة المكرمة","Fence_Type":"Year_1447H_2026G","Capacity":null,"Actual_Cap":null,"type":"حي","GIS_data_type":"Polygon","Shape_Length":0.068279006311139742,"Shape_Area":0.00016005034174845705}},{"type":"Feature","id":19,"geometry":{"type":"Polygon","coordinates":[[[39.806169092000061,21.433497671000055],[39.806035092000059,21.433922849000055],[39.805908585000054,21.434317872000065],[39.805766729000027,21.434707231000061],[39.805638114000033,21.43499756500006],[39.805616488000055,21.435041196000043],[39.805544738000037,21.435171956000033],[39.805465688000027,21.435305601000039],[39.805265070000075,21.43561851100003],[39.805170289000046,21.435793465000074],[39.805096478000053,21.435951585000055],[39.804989487000057,21.436228189000076],[39.80493199700004,21.436382855000033],[39.804911248000053,21.436444732000041],[39.804818749000049,21.436688968000055],[39.804771752000079,21.436832288000062],[39.804770526000027,21.436836028000073],[39.804770121000047,21.436837455000045],[39.804728435000072,21.436984730000063],[39.80469253900003,21.437134849000074],[39.804662892000067,21.437286159000053],[39.804595924000068,21.437818110000023],[39.804570125000055,21.438059895000038],[39.804532942000037,21.438402855000049],[39.804513983000049,21.438577205000058],[39.804474601000038,21.438938104000044],[39.804446953000024,21.439204286000063],[39.804419660000065,21.439441783000063],[39.804397295000058,21.439646985000024],[39.804377903000045,21.439835440000024],[39.804358921000073,21.440005727000027],[39.80432042800004,21.440348435000033],[39.804289991000076,21.440637518000074],[39.804258123000068,21.440941171000077],[39.80425133600005,21.44102246500006],[39.804246239000065,21.441021896000052],[39.804083928000068,21.441005069000028],[39.802935482000066,21.440792682000051],[39.802043280000078,21.440576857000053],[39.800882935000061,21.440335943000036],[39.80043108700005,21.440274577000025],[39.799887841000043,21.440203868000026],[39.799485700000048,21.440164253000034],[39.797744683000076,21.440094173000034],[39.79472400800006,21.439973274000067],[39.792962421000027,21.439902652000058],[39.790676249000057,21.439776446000053],[39.790565745000038,21.439750404000051],[39.78979217300008,21.439485964000028],[39.78992700200007,21.439167653000027],[39.79079022600007,21.439000841000052],[39.791395518000058,21.438787632000071],[39.791953456000044,21.438541513000075],[39.792692122000062,21.438089949000073],[39.793019838000077,21.437875726000073],[39.794435954000051,21.436938543000053],[39.796005738000076,21.435901361000049],[39.79703833700006,21.435189666000042],[39.79787994000003,21.434457492000035],[39.798627090000025,21.433774324000069],[39.799190046000035,21.433302970000057],[39.799382683000033,21.433114094000075],[39.799585456000045,21.432936330000075],[39.79985937400005,21.432744267000032],[39.800093964000041,21.432629934000033],[39.800333693000027,21.43254659400003],[39.800575279000043,21.432500465000032],[39.800838535000025,21.432479045000036],[39.801049259000081,21.432488674000069],[39.801246366000044,21.432501787000035],[39.801448020000066,21.432539209000026],[39.801791489000038,21.432659662000049],[39.80213106900004,21.432831905000057],[39.802423352000062,21.433011193000027],[39.802709691000075,21.43321323400005],[39.802964201000066,21.433365428000059],[39.803155293000032,21.433462242000076],[39.803666300000032,21.433464335000053],[39.804144829000052,21.433298397000044],[39.804808186000059,21.432972474000053],[39.805349191000062,21.432690319000073],[39.80612631300005,21.432305887000041],[39.806536415000039,21.432124298000076],[39.806498789000045,21.432320621000031],[39.806427396000061,21.432617916000027],[39.806396292000045,21.432747440000071],[39.806308061000038,21.43305020300005],[39.806169092000061,21.433497671000055]]]},"properties":{"OBJECTID":19,"OBJECTID_1":19,"RegionID":null,"city":"Makkah","discription":"Aldiafah District","Discription_AR":"حى الضيافة","Region":"مكة المكرمة","Fence_Type":"Year_1447H_2026G","Capacity":null,"Actual_Cap":null,"type":"حي","GIS_data_type":"Polygon","Shape_Length":0.043447968992426617,"Shape_Area":7.5233485340791648e-05}},{"type":"Feature","id":20,"geometry":{"type":"Polygon","coordinates":[[[39.835014525000076,21.443716122000069],[39.832194368000046,21.444488319000072],[39.832087491000038,21.444109964000063],[39.831931275000045,21.443577209000068],[39.831796884000028,21.443291033000037],[39.831700148000039,21.443161477000046],[39.831589115000043,21.443031992000044],[39.83147208400004,21.442925485000046],[39.831328510000048,21.442821022000032],[39.831178811000029,21.442716589000042],[39.830694937000032,21.442393899000024],[39.830565630000081,21.442283628000041],[39.83028624700006,21.442001994000066],[39.830157442000029,21.442030102000047],[39.830090766000069,21.441953411000043],[39.829992295000068,21.441847627000072],[39.829762315000039,21.441588216000071],[39.829632552000078,21.441441851000036],[39.829378190000057,21.441159853000045],[39.829055707000066,21.440795723000065],[39.828773062000039,21.440478007000024],[39.828644180000026,21.440334758000063],[39.828522554000074,21.440199574000076],[39.828272028000072,21.439917554000033],[39.828135842000052,21.439764049000075],[39.828029856000057,21.439645652000024],[39.827907163000077,21.439507617000061],[39.827765904000046,21.439359514000046],[39.827617033000024,21.439219816000048],[39.827461863000053,21.439095088000045],[39.827313826000079,21.438990046000072],[39.827210045000072,21.438923031000058],[39.827011547000041,21.43881166400007],[39.826920782000059,21.438766217000023],[39.826784608000025,21.438704739000059],[39.826386498000033,21.438555633000078],[39.826256542000067,21.438510379000036],[39.826071262000028,21.438433607000036],[39.825956064000025,21.438379196000028],[39.82588946900006,21.438341279000042],[39.825717832000066,21.437785168000062],[39.825670088000038,21.437467483000034],[39.825666486000046,21.43728105100007],[39.825678459000073,21.437139960000025],[39.825723445000051,21.436967631000073],[39.825799120000056,21.436749434000035],[39.825818062000053,21.436688576000051],[39.825969282000074,21.436649865000049],[39.826119077000044,21.436606566000023],[39.826200279000034,21.436580283000069],[39.826279646000046,21.436549475000049],[39.826356889000067,21.436514254000031],[39.826431730000024,21.436474747000034],[39.826561198000036,21.436394593000045],[39.826686748000043,21.436309150000056],[39.826767498000038,21.436255811000024],[39.826852045000066,21.436207907000039],[39.826939973000037,21.436165673000062],[39.82706091600005,21.43611671900004],[39.827180677000058,21.436065282000072],[39.827319481000075,21.435997427000075],[39.827632072000029,21.435832380000022],[39.827924342000074,21.435686198000042],[39.827984878000052,21.435659219000058],[39.828163700000061,21.435579517000065],[39.828211421000049,21.435558248000063],[39.828500785000074,21.435434895000071],[39.828540327000042,21.435418794000043],[39.828664469000046,21.435368246000053],[39.828792351000061,21.435316177000061],[39.829449556000043,21.435051893000036],[39.829542037000067,21.435019170000032],[39.829636280000045,21.434991194000077],[39.82973200400005,21.434968046000051],[39.82982892900003,21.434949795000023],[39.829926768000064,21.434936495000045],[39.830004354000039,21.434929946000068],[39.829996425000047,21.434910473000059],[39.830003720000036,21.43490994900003],[39.830153653000025,21.434909204000064],[39.830337946000043,21.434937842000068],[39.830493374000071,21.434978940000065],[39.83065683600006,21.435044623000067],[39.830783470000029,21.435110490000056],[39.830910231000075,21.435198520000029],[39.831017958000075,21.435287948000052],[39.831198133000044,21.435488208000038],[39.832240062000039,21.434917587000029],[39.832537433000027,21.434641735000071],[39.832653004000065,21.43449915900004],[39.833224372000075,21.434494769000025],[39.83354698800008,21.434527649000074],[39.83357747000008,21.43442286800007],[39.833640013000036,21.434382202000052],[39.83376185000003,21.434352305000061],[39.833900904000075,21.434323787000039],[39.834037678000072,21.434317358000044],[39.834167859000047,21.434231659000034],[39.834328442000071,21.434138597000072],[39.834472335000044,21.434069696000051],[39.83459090100007,21.434209121000038],[39.834751189000031,21.434089702000051],[39.834802898000078,21.43405152400004],[39.834829037000077,21.433899714000063],[39.834845136000069,21.43380920900006],[39.834799677000035,21.433667477000029],[39.834840966000058,21.433623517000058],[39.834954316000051,21.43365017900004],[39.835098732000063,21.433661124000025],[39.835202486000071,21.433644080000022],[39.835228070000028,21.433670967000069],[39.835391142000049,21.433614661000036],[39.835482372000058,21.433600707000039],[39.835592661000078,21.433558163000043],[39.835645121000027,21.433487411000044],[39.835789891000047,21.43331121500006],[39.835938049000049,21.433167996000066],[39.836100600000066,21.433020207000027],[39.835995781000065,21.432897747000027],[39.835826878000034,21.432774109000036],[39.835789516000034,21.432682809000028],[39.835800920000054,21.432586669000045],[39.835844185000042,21.432510113000035],[39.835906324000064,21.432576917000063],[39.835997014000043,21.432622927000068],[39.836085866000076,21.432658858000025],[39.836196010000037,21.432650481000053],[39.836425937000058,21.432610458000056],[39.836626201000058,21.432607045000054],[39.836820575000047,21.432676124000068],[39.83719295800006,21.432861064000065],[39.837797281000064,21.433180496000034],[39.838064024000062,21.433590042000048],[39.838314919000027,21.43403879300007],[39.838532192000059,21.434118745000035],[39.838708059000055,21.43423438800005],[39.838906995000059,21.434436146000053],[39.839018044000056,21.434598554000047],[39.83926135300004,21.434754036000072],[39.839282899000068,21.434946437000065],[39.839245025000025,21.435156153000037],[39.839203843000064,21.435241271000052],[39.839115743000036,21.43553262000006],[39.839028098000028,21.435735932000057],[39.838786461000041,21.436083292000035],[39.838614800000073,21.436387643000046],[39.838541260000056,21.436712598000042],[39.838559460000056,21.43726300700007],[39.838560563000044,21.437354351000067],[39.838478268000074,21.43773750400004],[39.838657610000041,21.438039256000025],[39.838875552000047,21.438257667000073],[39.838508061000027,21.438294560000031],[39.837947592000035,21.438240581000059],[39.837612658000069,21.438319083000067],[39.837327325000047,21.438961858000027],[39.837150117000078,21.439169848000063],[39.836920364000036,21.439353457000038],[39.836631540000042,21.439579962000039],[39.836546654000074,21.439710661000049],[39.836476650000066,21.43994817500004],[39.835780155000066,21.440015806000076],[39.835417127000028,21.439983982000058],[39.83506716200003,21.439921807000076],[39.834806540000045,21.439893045000076],[39.83451989100007,21.440150706000054],[39.834952623000049,21.441111544000023],[39.835071237000079,21.441264609000029],[39.835308086000055,21.441503931000057],[39.83557294700006,21.44164958500005],[39.835825763000059,21.441753508000033],[39.835735376000059,21.441882053000029],[39.835644582000043,21.442191197000056],[39.835607468000035,21.442445917000043],[39.835591605000047,21.442726535000077],[39.835622010000066,21.443039030000023],[39.835762684000031,21.44337304000004],[39.835014525000076,21.443716122000069]]]},"properties":{"OBJECTID":20,"OBJECTID_1":20,"RegionID":null,"city":"Makkah","discription":"Gemmayzeh district","Discription_AR":"حي الجميزة","Region":"مكة المكرمة","Fence_Type":"Year_1447H_2026G","Capacity":null,"Actual_Cap":null,"type":"حي","GIS_data_type":"Polygon","Shape_Length":0.044822850594769606,"Shape_Area":8.4642600709972955e-05}},{"type":"Feature","id":21,"geometry":{"type":"Polygon","coordinates":[[[39.856815058000052,21.386237256000072],[39.854939667000053,21.389294207000034],[39.853994016000058,21.391079567000077],[39.852435879000041,21.394438561000072],[39.852422449000073,21.394467512000062],[39.850592791000054,21.395409317000031],[39.850441543000045,21.395485895000036],[39.850291304000052,21.395564194000031],[39.850127781000026,21.395660501000066],[39.849967442000036,21.395761394000033],[39.849746164000067,21.395918152000036],[39.849567776000072,21.39605788800003],[39.849567434000051,21.396058182000047],[39.849411142000065,21.395976920000066],[39.849483557000042,21.395761828000047],[39.849549151000076,21.395544827000037],[39.849607870000057,21.395326105000038],[39.849659661000032,21.395105853000075],[39.849704477000046,21.394884264000041],[39.849742282000079,21.394661531000054],[39.849773041000049,21.394437849000042],[39.849796727000069,21.394213414000035],[39.849813321000056,21.393988421000074],[39.849822807000066,21.393763066000076],[39.849816756000052,21.393585382000026],[39.849803167000061,21.393408063000038],[39.849782064000067,21.393231391000029],[39.849753479000071,21.393055643000025],[39.849717458000043,21.392881097000043],[39.849674058000062,21.39270803200003],[39.849623347000033,21.392536718000031],[39.849565405000078,21.392367427000067],[39.849500324000076,21.392200427000034],[39.849428208000063,21.392035982000039],[39.84934916900005,21.391874352000059],[39.849263333000067,21.391715791000024],[39.849170836000042,21.391560551000055],[39.849071824000077,21.39140887700006],[39.84896645200007,21.391261008000072],[39.848854888000062,21.391117179000048],[39.848737310000047,21.390977616000043],[39.848613900000032,21.390842540000051],[39.848484856000027,21.390712166000071],[39.848350380000056,21.39058669800005],[39.848210686000073,21.390466335000042],[39.84806599500007,21.390351268000074],[39.847916535000024,21.390241677000063],[39.847768432000066,21.390141713000048],[39.847762541000066,21.390137737000032],[39.847747057000049,21.390128138000023],[39.847604259000036,21.390039612000066],[39.847456709000028,21.389956297000026],[39.84730546000003,21.389879020000024],[39.847150793000026,21.38980792600006],[39.84698656900008,21.389738185000056],[39.846819569000047,21.389674490000061],[39.846650045000047,21.389616937000028],[39.846481635000032,21.389565477000076],[39.846311134000075,21.389520461000075],[39.846138821000068,21.389481962000048],[39.845961736000049,21.389448982000033],[39.84578369500008,21.389420877000077],[39.845604851000076,21.389397673000076],[39.845026474000065,21.389353388000075],[39.844466848000025,21.389314401000036],[39.844190473000026,21.389284688000032],[39.843913370000053,21.389261680000061],[39.843562414000075,21.389247430000069],[39.843211675000077,21.38922909300004],[39.842309553000064,21.389160009000022],[39.841750202000071,21.389121146000036],[39.841397082000071,21.38909652600006],[39.841197322000028,21.389075174000027],[39.840998464000052,21.38904739700007],[39.840800745000024,21.389013230000046],[39.840604399000028,21.388972710000075],[39.840446554000039,21.388932306000072],[39.84029032400008,21.388886733000049],[39.840135899000074,21.388836050000066],[39.840075015000025,21.38881378800005],[39.840036739000027,21.388799789000075],[39.83998346900006,21.388780317000055],[39.839937029000055,21.388761551000073],[39.839875569000071,21.38873671500005],[39.839833225000064,21.388719604000073],[39.839790041000072,21.388700329000073],[39.839717308000047,21.388667862000034],[39.839678676000062,21.388650618000042],[39.839644538000073,21.388634168000067],[39.839556930000072,21.388591958000063],[39.839526440000043,21.388577259000044],[39.839499702000069,21.388563395000062],[39.839399084000036,21.388511223000023],[39.839376660000028,21.388499596000031],[39.839356269000064,21.388488250000023],[39.839245771000037,21.388426767000055],[39.839229472000056,21.388417699000058],[39.839214687000037,21.38840889100004],[39.839095478000047,21.388337877000026],[39.839085014000034,21.388331644000061],[39.83907931300007,21.388327867000044],[39.83894003100005,21.388235583000039],[39.838938360000043,21.388234477000026],[39.838936815000068,21.388233366000065],[39.838795848000075,21.388132047000056],[39.838657694000062,21.388024509000047],[39.838524104000044,21.387912025000048],[39.838395281000032,21.387794764000034],[39.838188837000075,21.387587407000069],[39.837987867000038,21.387375385000041],[39.837792492000062,21.387158824000039],[39.837343378000071,21.386660591000066],[39.836736632000054,21.385999801000025],[39.836435856000037,21.385662259000071],[39.836267257000031,21.385473866000041],[39.836241948000065,21.385448011000051],[39.836176433000048,21.385381079000069],[39.836154490000069,21.385358664000023],[39.836133419000078,21.385338636000029],[39.836054971000067,21.385264075000066],[39.836037365000038,21.385247341000024],[39.836020950000034,21.385232826000049],[39.835928779000028,21.385151316000076],[39.835916032000057,21.385140044000025],[39.835901916000068,21.385128375000022],[39.835809178000034,21.385051711000074],[39.835798546000035,21.385042922000025],[39.835788600000058,21.385035219000031],[39.835683106000033,21.384953516000053],[39.83567778500003,21.384949390000031],[39.83567196100006,21.384945166000023],[39.835555787000033,21.384860931000048],[39.835553874000027,21.384859544000051],[39.835552131000043,21.384858361000056],[39.835426942000026,21.384773477000067],[39.835303939000028,21.384694642000056],[39.835178306000046,21.384619534000024],[39.835050172000081,21.384548228000028],[39.834919668000055,21.384480799000073],[39.834792610000079,21.384417952000035],[39.834663074000048,21.384359714000027],[39.834531249000065,21.38430616900007],[39.834397329000069,21.384257398000045],[39.834261512000069,21.384213470000077],[39.834042684000053,21.384151617000043],[39.833821963000048,21.384095979000051],[39.833599549000041,21.384046609000052],[39.83341553300005,21.384016355000028],[39.833230469000057,21.383992343000045],[39.833044600000051,21.383974605000049],[39.832858169000076,21.383963165000068],[39.832660549000025,21.383962171000064],[39.832463024000049,21.383967964000078],[39.832265858000028,21.383980540000039],[39.832069317000048,21.383999880000033],[39.831862419000061,21.384031790000051],[39.831656470000041,21.384068695000053],[39.831451607000076,21.38411056800004],[39.831048726000063,21.384223908000024],[39.830647437000039,21.384342104000041],[39.83031816700003,21.384436841000024],[39.829989690000048,21.384533962000035],[39.82966349700007,21.384635823000053],[39.829336371000068,21.38473502100004],[39.828737645000047,21.384914281000079],[39.828082059000053,21.385102021000023],[39.827800536000041,21.385188484000025],[39.827518307000048,21.385272905000022],[39.826908635000052,21.385452213000065],[39.826846431000035,21.385470713000075],[39.826845975000026,21.385470849000058],[39.826806138000052,21.385482698000033],[39.826809022000077,21.385479686000053],[39.827049127000066,21.385228944000062],[39.827196887000071,21.385067462000052],[39.827260294000041,21.384996633000071],[39.827672574000076,21.384514608000075],[39.827746152000032,21.384437036000065],[39.827847011000074,21.384331958000075],[39.827912966000042,21.384260519000065],[39.828005915000062,21.384178441000074],[39.82814572500007,21.384039078000058],[39.82832202600008,21.383847574000072],[39.828533897000057,21.383627807000039],[39.828654440000037,21.383505899000056],[39.828808152000079,21.383380680000073],[39.828959920000045,21.383253399000068],[39.829022148000035,21.383200027000044],[39.829080469000075,21.383142914000075],[39.829134626000041,21.383082312000056],[39.829184382000051,21.383018485000036],[39.829229517000044,21.382951714000058],[39.829282725000041,21.382882046000077],[39.829332082000064,21.382809935000068],[39.829415269000037,21.382698743000049],[39.829493897000077,21.382584677000068],[39.829690696000057,21.38231765300003],[39.829822110000066,21.38213270500006],[39.829926250000028,21.38199880600007],[39.830023494000045,21.381864224000026],[39.830129119000048,21.381722429000035],[39.830290944000069,21.381499322000025],[39.830484682000076,21.381233030000033],[39.830674639000051,21.380975362000072],[39.830885069000033,21.380682453000077],[39.831052242000055,21.380457885000055],[39.83127942200008,21.380148399000063],[39.83148908000004,21.379854776000059],[39.831595489000051,21.379716563000045],[39.831825687000048,21.379399889000069],[39.832052130000079,21.379096144000073],[39.832282282000051,21.37877158200007],[39.832511737000061,21.378459215000078],[39.832719911000027,21.378174921000038],[39.832945540000026,21.37786329000005],[39.83311649500007,21.377631529000041],[39.833317846000057,21.377359460000037],[39.833522198000026,21.377076618000046],[39.833682485000054,21.376854232000028],[39.833877001000076,21.376592234000043],[39.833990996000068,21.376442508000025],[39.834156604000043,21.376213642000039],[39.834321471000067,21.375989081000057],[39.834507579000046,21.375729994000039],[39.834709653000061,21.375451465000026],[39.834857835000037,21.375254955000059],[39.835013545000038,21.375036177000027],[39.835149548000061,21.374852635000025],[39.835316668000075,21.374620892000053],[39.835486109000044,21.374393439000073],[39.835667697000076,21.374147998000069],[39.835808349000047,21.373974473000033],[39.835942807000038,21.373788787000024],[39.836058020000053,21.373584552000068],[39.836158323000063,21.373451385000067],[39.836274647000039,21.373308099000042],[39.836501076000047,21.37300506400004],[39.83670544000006,21.37272652200005],[39.836877116000039,21.372489017000078],[39.837057188000074,21.372247168000058],[39.837269862000028,21.371949220000033],[39.83751981100005,21.37160949400004],[39.837727197000049,21.371324481000045],[39.838069074000032,21.370860712000024],[39.838302184000042,21.370566965000023],[39.838510854000049,21.370283856000071],[39.838709391000066,21.37001418400007],[39.838910099000032,21.369737170000064],[39.839100013000063,21.369429239000056],[39.839359042000069,21.369072135000067],[39.839547437000078,21.368814465000071],[39.839747278000061,21.368550284000037],[39.839922105000028,21.368329971000037],[39.840093762000038,21.368091030000073],[39.840287473000046,21.367826161000039],[39.84050549300008,21.367528183000047],[39.840722750000054,21.367230926000047],[39.840949127000044,21.366922149000061],[39.84111547200007,21.366691838000065],[39.841332002000058,21.366401755000027],[39.84153709800006,21.366120334000072],[39.841620652000074,21.366005177000034],[39.841752193000048,21.365847468000027],[39.841860098000041,21.365706372000034],[39.842062183000053,21.36538048500006],[39.842286210000054,21.365085702000044],[39.842510770000047,21.36479257700006],[39.842723459000069,21.364501077000057],[39.842988571000035,21.364139753000075],[39.843172385000059,21.363886405000073],[39.843388137000034,21.363595607000036],[39.843602366000027,21.363306249000061],[39.843817331000025,21.363011868000058],[39.844020861000047,21.362726150000071],[39.844241163000049,21.362428156000078],[39.844456121000064,21.362133057000051],[39.844675659000075,21.36183578400005],[39.844886829000075,21.361547874000053],[39.845101760000034,21.361248472000057],[39.845322061000047,21.360951194000052],[39.845517251000047,21.36068057500006],[39.845675259000075,21.36046751300006],[39.845887966000078,21.360181029000046],[39.846057336000058,21.359947113000032],[39.846233547000054,21.359704556000054],[39.846438657000078,21.359428867000076],[39.846620916000063,21.359173371000054],[39.846832095000025,21.358888329000024],[39.84700067700004,21.358650830000045],[39.847182214000043,21.358403226000064],[39.84726955800005,21.358283027000027],[39.847428078000064,21.358070917000077],[39.847534402000065,21.357923131000064],[39.847704537000027,21.357689927000024],[39.847874667000042,21.357455767000033],[39.848129887000027,21.357109305000051],[39.848285951000037,21.356914417000041],[39.84839110300004,21.356793402000051],[39.848440317000041,21.356725705000031],[39.850613391000024,21.353736393000077],[39.859513302000039,21.356844416000058],[39.860602976000052,21.357220613000038],[39.862709537000057,21.357789171000036],[39.862356400000067,21.359817557000042],[39.86240276500007,21.359860517000072],[39.863682461000053,21.36104621800007],[39.86549369100004,21.36322681200005],[39.866346204000024,21.365468357000054],[39.866774749000058,21.366982189000055],[39.866788400000075,21.367175493000047],[39.866905577000068,21.368834611000068],[39.866377248000049,21.370746457000052],[39.865490513000054,21.372884697000075],[39.863891627000044,21.376262075000056],[39.860974920000046,21.379870754000024],[39.856815058000052,21.386237256000072]]]},"properties":{"OBJECTID":21,"OBJECTID_1":21,"RegionID":null,"city":"Makkah","discription":"Al-Hijrah Disrict","Discription_AR":"حي الهجرة","Region":"مكة المكرمة","Fence_Type":"Year_1447H_2026G","Capacity":null,"Actual_Cap":null,"type":"حي","GIS_data_type":"Polygon","Shape_Length":0.12778005215615115,"Shape_Area":0.00083908228456412921}},{"type":"Feature","id":22,"geometry":{"type":"Polygon","coordinates":[[[39.819065468000076,21.462854539000034],[39.817092140000057,21.464299217000075],[39.816874056000074,21.464459797000075],[39.816653102000032,21.464616900000067],[39.816429342000049,21.464770484000042],[39.816202838000038,21.46492050300003],[39.815986727000052,21.465049830000055],[39.815766594000024,21.465173072000027],[39.815542635000043,21.465290117000052],[39.81531504700007,21.465400862000024],[39.815084035000041,21.465505207000035],[39.814849803000072,21.465603060000035],[39.814612559000068,21.46569433600007],[39.81437251400007,21.465778951000061],[39.814129880000053,21.465856831000053],[39.813884875000042,21.465927907000037],[39.813637715000027,21.465992115000063],[39.813388620000069,21.466049400000031],[39.813137813000026,21.466099709000048],[39.812885514000072,21.466142998000066],[39.812631949000036,21.466179228000044],[39.812377342000048,21.466208368000025],[39.812121921000028,21.466230391000067],[39.81186591200003,21.466245278000031],[39.811609544000078,21.466253015000063],[39.811353042000064,21.466253597000048],[39.811096636000059,21.466247022000061],[39.810840553000048,21.466233295000052],[39.810585021000065,21.466212430000041],[39.81033026700004,21.466184444000078],[39.810076518000074,21.466149364000046],[39.80982399800007,21.466107220000026],[39.809572932000037,21.466058048000036],[39.809323543000062,21.466001893000055],[39.809076054000059,21.465938806000054],[39.808830684000043,21.465868841000031],[39.808587651000039,21.465792061000059],[39.808347170000047,21.465708535000033],[39.807948777000036,21.465601261000074],[39.807552373000078,21.465487714000062],[39.80715807100006,21.465367925000066],[39.806765983000048,21.465241931000037],[39.80637622200004,21.465109765000022],[39.805988896000031,21.464971466000065],[39.80560411700003,21.464827074000027],[39.805221994000078,21.464676629000053],[39.804842636000046,21.464520173000039],[39.804722081000079,21.464468164000039],[39.804466150000053,21.464357751000023],[39.804047999000034,21.464176284000075],[39.803632988000061,21.463988609000069],[39.803221220000069,21.463794775000054],[39.802812801000073,21.463594831000023],[39.802407833000075,21.463388827000074],[39.802006420000055,21.463176815000054],[39.801857131000077,21.46309500600006],[39.801608663000025,21.462958850000064],[39.801214664000042,21.462734985000054],[39.800824521000038,21.462505279000027],[39.800438334000035,21.462269789000061],[39.800056201000075,21.462028576000023],[39.799888507000048,21.461919049000073],[39.799678217000064,21.461781700000074],[39.799304480000046,21.46152922300007],[39.79893508300006,21.461271210000064],[39.798570121000068,21.461007725000059],[39.798209686000064,21.460738837000065],[39.797853869000051,21.460464612000067],[39.797502759000054,21.460185121000052],[39.797156448000067,21.459900434000076],[39.796815020000054,21.459610624000049],[39.79647856400004,21.459315763000063],[39.796147165000036,21.459015926000063],[39.795820906000074,21.458711191000077],[39.795499870000071,21.458401632000061],[39.795184139000071,21.458087329000023],[39.794965063000063,21.457862171000045],[39.795234010000058,21.457788481000023],[39.795393457000046,21.45780469500005],[39.795617604000029,21.457716764000054],[39.796117711000079,21.457494723000025],[39.796384095000064,21.456864864000067],[39.797319275000063,21.45561118300003],[39.799222777000068,21.45415825200007],[39.801364178000028,21.451361146000067],[39.801890026000081,21.45079527300004],[39.802021539000066,21.45057483000005],[39.802081380000061,21.450316500000042],[39.802385706000052,21.44996143000003],[39.802594670000076,21.449903085000074],[39.802981842000065,21.449762650000025],[39.803337888000044,21.449531572000069],[39.803729114000078,21.449199973000077],[39.803845649000039,21.449041722000061],[39.804222897000045,21.448953897000024],[39.804702752000026,21.448961147000034],[39.805156056000044,21.448912016000065],[39.805494850000059,21.448983315000078],[39.805795723000074,21.449497145000066],[39.806136289000051,21.450078763000079],[39.806325332000029,21.450142613000025],[39.807050486000037,21.449860118000061],[39.807380335000062,21.450959339000065],[39.808489561000044,21.451229759000057],[39.808666106000032,21.448641996000049],[39.808696729000076,21.447944028000052],[39.809670271000073,21.449148511000033],[39.809991057000047,21.449547216000042],[39.810381806000066,21.450086652000039],[39.81058084700004,21.450404119000041],[39.81076623000007,21.450712096000075],[39.811543019000055,21.452057217000061],[39.811758682000061,21.452464502000055],[39.812527855000042,21.454226458000051],[39.813967059000049,21.45754290800005],[39.814092143000039,21.45780121100006],[39.814416213000072,21.458319718000041],[39.814787206000062,21.458742087000076],[39.815055514000051,21.459008826000058],[39.817172468000081,21.460555224000075],[39.817226461000075,21.460594662000062],[39.817297422000024,21.460640418000025],[39.81736535400006,21.460690040000031],[39.81743001500007,21.460743353000055],[39.817531668000072,21.460836144000041],[39.817629059000069,21.460932858000035],[39.817722017000051,21.461033322000048],[39.817809070000067,21.461131999000031],[39.817892880000045,21.461233108000044],[39.817973369000072,21.46133655400007],[39.81804863900004,21.461444008000058],[39.818119882000076,21.461553842000058],[39.818187013000056,21.461665923000055],[39.818249950000052,21.461780116000057],[39.818358721000038,21.461955148000072],[39.81847268100006,21.462127262000024],[39.818622786000049,21.462320920000025],[39.818778288000033,21.462510809000037],[39.818880543000034,21.462621077000051],[39.818986567000024,21.462728180000056],[39.819096248000051,21.462832006000042],[39.819096285000057,21.462832040000023],[39.819065468000076,21.462854539000034]]]},"properties":{"OBJECTID":22,"OBJECTID_1":22,"RegionID":null,"city":"Makkah","discription":"Al-Shuhadaa District","Discription_AR":"حي الشهداء","Region":"مكة المكرمة","Fence_Type":"Year_1447H_2026G","Capacity":null,"Actual_Cap":null,"type":"حي","GIS_data_type":"Polygon","Shape_Length":0.06832707302647302,"Shape_Area":0.00023926476769906092}},{"type":"Feature","id":23,"geometry":{"type":"Polygon","coordinates":[[[39.828888521000067,21.456676728000048],[39.828702638000038,21.456688787000076],[39.828517445000045,21.456708014000071],[39.828333258000043,21.456734379000068],[39.828150389000029,21.456767834000061],[39.827969151000048,21.456808326000044],[39.827789851000034,21.456855782000048],[39.827612797000029,21.456910124000046],[39.827438287000064,21.456971259000056],[39.827231752000046,21.457061954000039],[39.82702830900007,21.45715857700003],[39.826828147000072,21.457261034000055],[39.826631463000069,21.457369228000061],[39.826438439000071,21.457483056000058],[39.826249262000033,21.45760240900006],[39.82606411200004,21.457727172000034],[39.825883164000061,21.457857228000023],[39.825706593000064,21.457992452000042],[39.82467986000006,21.458744185000057],[39.824239628000043,21.45719758000007],[39.824239583000065,21.457197412000028],[39.824239520000049,21.457197181000026],[39.824141954000027,21.456850502000066],[39.823704693000025,21.455397158000039],[39.823180344000036,21.453794149000032],[39.823151333000055,21.453659255000048],[39.823143619000064,21.453536617000054],[39.823111599000072,21.453204225000036],[39.822851680000042,21.451937272000066],[39.822712380000041,21.451493867000067],[39.822486817000026,21.450866941000072],[39.822162458000037,21.44995687200003],[39.821967584000049,21.449414899000033],[39.82170899700003,21.448647712000025],[39.821359217000065,21.447528763000037],[39.820803669000043,21.445710174000055],[39.820732274000079,21.44550907100006],[39.820643139000026,21.445258925000076],[39.820570813000074,21.445089438000025],[39.820522738000079,21.445001970000078],[39.820418065000069,21.444898073000047],[39.820189581000079,21.444725176000077],[39.81987484800004,21.444551311000055],[39.819755429000054,21.444469759000071],[39.819684820000077,21.444411458000047],[39.819539098000064,21.444306533000031],[39.819493689000069,21.443942034000031],[39.819432770000049,21.443246541000065],[39.819338778000031,21.442800417000058],[39.819204241000079,21.442271366000057],[39.819132742000079,21.442061490000071],[39.818985865000059,21.44166694300003],[39.81865909000004,21.440896171000077],[39.818380570000045,21.439984125000024],[39.818341896000049,21.439839668000047],[39.818103977000078,21.439090254000064],[39.818129446000057,21.43908493400005],[39.818501791000074,21.43901020800007],[39.818824397000071,21.438944089000074],[39.819117666000068,21.438882298000067],[39.819424943000058,21.43881446100005],[39.819757106000054,21.438745307000033],[39.82004975600006,21.438687102000074],[39.820355140000061,21.438623456000073],[39.820668177000073,21.438558577000038],[39.820897012000046,21.438503074000039],[39.821260970000026,21.438412845000073],[39.821601960000066,21.438324520000037],[39.821896389000074,21.438242400000036],[39.822059071000069,21.438195604000043],[39.822220087000062,21.438144000000023],[39.822329241000034,21.438099601000033],[39.822431710000046,21.438047107000045],[39.822618160000047,21.437945795000076],[39.822831357000041,21.437833595000029],[39.822989171000074,21.437747960000024],[39.823164827000028,21.437656860000061],[39.82333286000005,21.437572371000044],[39.823458266000046,21.437512592000076],[39.823634623000032,21.437432842000078],[39.823775966000028,21.437369400000023],[39.824088005000078,21.437241174000064],[39.824328127000058,21.43715035200006],[39.824556795000035,21.437065563000033],[39.824837067000033,21.436963787000025],[39.825077836000048,21.436874755000076],[39.825200805000065,21.436835902000041],[39.82537926100008,21.436789008000062],[39.825500759000079,21.43676092000004],[39.825818062000053,21.436688576000051],[39.825799120000056,21.436749434000035],[39.825723445000051,21.436967631000073],[39.825678459000073,21.437139960000025],[39.825666486000046,21.43728105100007],[39.825670088000038,21.437467483000034],[39.825717832000066,21.437785168000062],[39.82588946900006,21.438341279000042],[39.825956064000025,21.438379196000028],[39.826071262000028,21.438433607000036],[39.826256542000067,21.438510379000036],[39.826386498000033,21.438555633000078],[39.826784608000025,21.438704739000059],[39.826920782000059,21.438766217000023],[39.827011547000041,21.43881166400007],[39.827210045000072,21.438923031000058],[39.827313826000079,21.438990046000072],[39.827461863000053,21.439095088000045],[39.827617033000024,21.439219816000048],[39.827765904000046,21.439359514000046],[39.827907163000077,21.439507617000061],[39.828029856000057,21.439645652000024],[39.828135842000052,21.439764049000075],[39.828272027000025,21.439917554000033],[39.828522554000074,21.440199574000076],[39.828644180000026,21.440334758000063],[39.828773062000039,21.440478007000024],[39.829055707000066,21.440795723000065],[39.829378190000057,21.441159853000045],[39.829632552000078,21.441441851000036],[39.829762315000039,21.441588216000071],[39.829992295000068,21.441847627000072],[39.830090766000069,21.441953411000043],[39.830157442000029,21.442030102000047],[39.83028624700006,21.442001994000066],[39.830565630000081,21.442283628000041],[39.830694937000032,21.442393899000024],[39.831178811000029,21.442716589000042],[39.831328511000038,21.442821022000032],[39.83147208400004,21.442925484000057],[39.831589115000043,21.443031992000044],[39.831700148000039,21.443161477000046],[39.831796884000028,21.443291033000037],[39.831931275000045,21.443577209000068],[39.832087491000038,21.444109964000063],[39.832194368000046,21.444488319000072],[39.832256331000053,21.444707673000039],[39.832435984000028,21.445410505000041],[39.832519336000075,21.445700760000022],[39.832623689000059,21.446092262000036],[39.832666050000057,21.446358051000061],[39.832673586000055,21.446561195000072],[39.832655675000069,21.446779406000076],[39.832612266000069,21.447003720000055],[39.832397154000034,21.447904166000058],[39.832340842000065,21.448104640000054],[39.832180005000055,21.448446067000077],[39.831945067000049,21.448665357000039],[39.831897939000044,21.44879706200004],[39.831862630000046,21.448919146000037],[39.83183692800003,21.449024450000024],[39.83178855400007,21.449217863000058],[39.831766137000045,21.449317174000043],[39.831718991000059,21.449530151000033],[39.83167297500006,21.449745513000039],[39.831637930000056,21.449981736000041],[39.831633114000056,21.450033154000039],[39.831616129000054,21.450189807000072],[39.831602912000051,21.450448033000043],[39.831603803000064,21.450605196000026],[39.831614730000069,21.450843581000072],[39.83163961200006,21.451066359000038],[39.831667438000068,21.451245499000038],[39.831699671000081,21.45141385900007],[39.831743534000054,21.451606664000053],[39.831787359000032,21.45179289400005],[39.831829239000058,21.451973757000076],[39.831884808000041,21.452204749000032],[39.831926683000063,21.452384416000029],[39.831950839000058,21.452494213000023],[39.832015750000039,21.452774042000044],[39.832142327000042,21.453301206000049],[39.832215824000059,21.453616142000044],[39.832216558000027,21.453619286000048],[39.832270039000036,21.453848444000073],[39.832285456000079,21.453914045000033],[39.832398139000077,21.454388472000062],[39.832513295000069,21.454882705000045],[39.832556648000036,21.455097623000029],[39.832580367000048,21.45522778000003],[39.832606091000059,21.455485811000074],[39.832618470000057,21.455642320000038],[39.832619997000052,21.455911228000048],[39.832612268000048,21.456124009000064],[39.832583209000063,21.456402632000049],[39.832553627000038,21.456589228000041],[39.83248393000008,21.456906298000035],[39.832418797000059,21.457127731000071],[39.832379843000069,21.457237883000062],[39.832207671000049,21.457495703000063],[39.832105316000025,21.457622502000049],[39.832090213000072,21.457613597000034],[39.831969946000072,21.457543158000078],[39.831849219000048,21.457473410000034],[39.831727814000033,21.457404704000055],[39.831605520000039,21.457337396000071],[39.831482140000048,21.457271848000062],[39.831357493000041,21.457208434000052],[39.831231426000045,21.457147535000047],[39.83110380200003,21.457089547000066],[39.830974522000076,21.457034873000055],[39.830815255000061,21.456972841000038],[39.83065356600008,21.456916572000068],[39.830489689000046,21.456866149000064],[39.830416046000039,21.456846385000063],[39.83032386900004,21.456821646000037],[39.830156346000081,21.45678312900003],[39.829987370000026,21.456750654000075],[39.82981718700006,21.456724269000063],[39.829632610000033,21.456700417000036],[39.829447137000045,21.456683715000054],[39.829261087000077,21.456674190000058],[39.829074775000038,21.456671860000029],[39.828888521000067,21.456676728000048]]]},"properties":{"OBJECTID":23,"OBJECTID_1":23,"RegionID":null,"city":"Makkah","discription":"Al-Andalus District","Discription_AR":"حي الأندلس","Region":"مكة المكرمة","Fence_Type":"Year_1447H_2026G","Capacity":null,"Actual_Cap":null,"type":"حي","GIS_data_type":"Polygon","Shape_Length":0.061803319503842678,"Shape_Area":0.00019456457730841488}},{"type":"Feature","id":24,"geometry":{"type":"Polygon","coordinates":[[[39.811421794000069,21.432677136000052],[39.811173815000075,21.433579472000076],[39.811025233000066,21.434306280000044],[39.810770612000056,21.43582899200004],[39.810499160000063,21.437182591000067],[39.810346111000058,21.437894226000026],[39.810008380000056,21.439599265000027],[39.809612985000058,21.441539651000028],[39.809610624000072,21.441569059000074],[39.809333171000048,21.441528684000048],[39.808861316000048,21.441461046000029],[39.808402006000051,21.441393943000037],[39.80777469700007,21.441303746000074],[39.807340943000042,21.441240701000027],[39.806935310000028,21.441184092000071],[39.806629358000066,21.441146723000031],[39.806230233000065,21.441112790000034],[39.80598825800007,21.441102003000026],[39.805794821000063,21.441096361000064],[39.805222231000073,21.441090152000072],[39.804795811000076,21.441083837000065],[39.80440119900004,21.44105800400007],[39.804249819000063,21.441040628000053],[39.80425133600005,21.44102246500006],[39.804258123000068,21.440941171000077],[39.804289991000076,21.440637518000074],[39.80432042800004,21.440348435000033],[39.804358921000073,21.440005727000027],[39.804377903000045,21.439835440000024],[39.804397295000058,21.439646985000024],[39.804419660000065,21.439441783000063],[39.804446953000024,21.439204286000063],[39.804474600000049,21.438938103000055],[39.804513983000049,21.438577205000058],[39.804532942000037,21.438402855000049],[39.804570125000055,21.438059895000038],[39.804595924000068,21.437818110000023],[39.804662892000067,21.437286159000053],[39.80469253900003,21.437134849000074],[39.804728435000072,21.436984730000063],[39.804770121000047,21.436837455000045],[39.804770526000027,21.436836028000073],[39.804771752000079,21.436832288000062],[39.804818749000049,21.436688968000055],[39.804911248000053,21.436444732000041],[39.80493199700004,21.436382855000033],[39.804989487000057,21.436228189000076],[39.805096478000053,21.435951585000055],[39.805170289000046,21.435793465000074],[39.805265070000075,21.43561851100003],[39.805465688000027,21.435305601000039],[39.805544738000037,21.435171956000033],[39.805616488000055,21.435041195000053],[39.805638114000033,21.43499756500006],[39.805766729000027,21.434707231000061],[39.805908585000054,21.434317872000065],[39.806035092000059,21.433922849000055],[39.806169092000061,21.433497671000055],[39.806308061000038,21.43305020300005],[39.806396292000045,21.432747440000071],[39.806427396000061,21.432617916000027],[39.806498789000045,21.432320621000031],[39.806536415000039,21.432124298000076],[39.806542536000052,21.43212158800003],[39.80654727700005,21.432118781000042],[39.806598248000057,21.432090697000035],[39.806653789000052,21.432064174000061],[39.806710979000059,21.432040923000045],[39.806875387000048,21.431985477000069],[39.807042051000053,21.431936289000078],[39.807210699000052,21.431893437000042],[39.807342157000051,21.431869048000067],[39.807474635000062,21.43185010600007],[39.807607876000077,21.431836648000058],[39.807741621000048,21.43182870000004],[39.807875452000076,21.431827057000078],[39.808009225000035,21.431831078000073],[39.808142668000073,21.431840751000038],[39.808275508000065,21.43185606000003],[39.808478550000075,21.43189114300003],[39.808680529000071,21.431931251000037],[39.809040042000049,21.432005509000078],[39.809877268000037,21.432178782000051],[39.810165016000042,21.432238205000033],[39.810453460000076,21.432294591000073],[39.810566320000078,21.432323876000055],[39.810677029000033,21.432359645000076],[39.810785161000069,21.432401760000062],[39.810890303000065,21.432450059000075],[39.811020745000064,21.432512247000034],[39.81115309300003,21.432570799000075],[39.811287231000051,21.432625665000046],[39.811421794000069,21.432677136000052]]]},"properties":{"OBJECTID":24,"OBJECTID_1":24,"RegionID":null,"city":"Makkah","discription":"Al-Biban District","Discription_AR":"حي البيبان","Region":"مكة المكرمة","Fence_Type":"Year_1447H_2026G","Capacity":null,"Actual_Cap":null,"type":"حي","GIS_data_type":"Polygon","Shape_Length":0.028819135675951096,"Shape_Area":4.9859782309181375e-05}},{"type":"Feature","id":25,"geometry":{"type":"Polygon","coordinates":[[[39.818103977000078,21.439090254000064],[39.817774969000027,21.439158975000055],[39.817504653000071,21.43921646900003],[39.817266205000067,21.439265441000032],[39.816954457000065,21.43933329500004],[39.816596172000061,21.439411536000023],[39.816191978000063,21.439498365000077],[39.815813297000034,21.439582082000072],[39.815420581000069,21.439667061000023],[39.815099909000025,21.439737346000072],[39.814728873000035,21.439818632000026],[39.814381423000043,21.439894425000034],[39.814091341000051,21.439956192000068],[39.813760183000056,21.440023498000073],[39.813657205000027,21.440046144000064],[39.813556234000032,21.440075671000045],[39.813457795000033,21.440111923000075],[39.813362396000059,21.440154714000073],[39.813270535000072,21.440203821000068],[39.813182686000061,21.440258991000064],[39.813099306000026,21.440319936000037],[39.81302082600007,21.440386341000078],[39.812732921000077,21.440617048000036],[39.812335131000054,21.440939409000066],[39.812062190000063,21.441169493000075],[39.811942482000063,21.441268319000073],[39.811863776000052,21.441330488000062],[39.811781170000074,21.441388050000057],[39.811694970000076,21.441440795000062],[39.811605500000042,21.441488525000068],[39.811513088000027,21.441531061000035],[39.811418081000056,21.441568248000067],[39.811317219000045,21.441606850000028],[39.811213750000036,21.441638838000074],[39.811108168000032,21.441664058000072],[39.811000978000038,21.44168239000004],[39.810892691000049,21.441693746000055],[39.810778906000053,21.441701293000051],[39.810664847000055,21.441702755000051],[39.810550884000065,21.441698127000052],[39.810437388000025,21.441687424000065],[39.810324729000058,21.441670680000072],[39.809953138000026,21.441618902000073],[39.809610624000072,21.441569059000074],[39.809612985000058,21.441539651000028],[39.810008380000056,21.439599265000027],[39.810346111000058,21.437894226000026],[39.810499160000063,21.437182591000067],[39.810770612000056,21.43582899200004],[39.811025233000066,21.434306280000044],[39.811173815000075,21.433579472000076],[39.811421794000069,21.432677136000052],[39.811495042000047,21.432705567000028],[39.81164119500005,21.432763187000035],[39.811675293000064,21.432775528000036],[39.811836909000078,21.432837581000058],[39.811996191000048,21.432904716000053],[39.812152956000034,21.432976858000075],[39.812307025000052,21.433053924000035],[39.812427970000044,21.433118920000027],[39.812546995000048,21.433186950000049],[39.812904571000047,21.433348712000054],[39.813259952000067,21.433514660000071],[39.813613082000074,21.433684769000024],[39.813982852000038,21.433858260000022],[39.814354855000033,21.434027516000072],[39.814643383000032,21.434155951000037],[39.814926783000033,21.434282471000074],[39.815122655000039,21.434370135000052],[39.815881147000027,21.434709312000052],[39.816188820000036,21.434844901000076],[39.816494285000033,21.434984799000063],[39.817038480000065,21.435231031000058],[39.81718188800005,21.435284465000052],[39.817327637000062,21.435332025000037],[39.817475451000064,21.435373622000043],[39.817625054000075,21.435409178000043],[39.817769017000046,21.435433326000066],[39.81791404900008,21.435450995000053],[39.818059818000052,21.435462145000031],[39.818205990000024,21.435466750000046],[39.818352230000073,21.435464800000034],[39.818487022000056,21.435455293000075],[39.81862123500008,21.43544023000004],[39.818754607000074,21.435419639000031],[39.818886880000036,21.435393561000069],[39.819017796000026,21.435362046000023],[39.819147100000066,21.435325157000023],[39.819274011000061,21.435282200000074],[39.819398121000063,21.435232583000072],[39.819519031000027,21.435176467000076],[39.819636352000032,21.435114030000022],[39.819749710000053,21.435045474000049],[39.819880922000038,21.434963672000038],[39.820008677000033,21.434877205000078],[39.820132784000066,21.434786200000076],[39.820253060000027,21.434690792000026],[39.820369326000048,21.434591123000075],[39.820658820000062,21.434336812000026],[39.820944644000065,21.434078888000045],[39.821226749000061,21.433817400000066],[39.821264694000035,21.433782052000026],[39.821455626000045,21.433608200000037],[39.821650074000047,21.433437799000046],[39.821847968000043,21.433270911000022],[39.822049234000076,21.43310759700006],[39.822253800000055,21.432947918000025],[39.82228354800003,21.432926713000029],[39.822304556000063,21.432911833000048],[39.82250343100003,21.432774639000058],[39.82270563600008,21.432641781000029],[39.822911064000039,21.432513330000063],[39.823119606000034,21.432389356000044],[39.823331150000058,21.432269924000025],[39.823545583000055,21.432155098000067],[39.823791025000048,21.432066924000026],[39.824038748000078,21.431984533000048],[39.824288598000066,21.431907977000037],[39.824540417000037,21.431837304000055],[39.824794047000069,21.431772559000024],[39.82504933000007,21.431713781000042],[39.82521222400004,21.431683414000076],[39.825376175000031,21.431658532000029],[39.825540974000035,21.431639166000025],[39.825706407000041,21.431625341000029],[39.825872264000054,21.431617076000066],[39.826038330000074,21.431614380000042],[39.826415239000028,21.431596187000025],[39.826737789000049,21.431580616000076],[39.826780308000025,21.431578563000073],[39.826780751000058,21.431578522000052],[39.82753724500003,21.431515791000038],[39.827780846000053,21.431500198000037],[39.82802401400005,21.431479507000063],[39.828266627000062,21.431453728000065],[39.828508563000071,21.431422875000067],[39.828558301000044,21.431415891000029],[39.828558663000081,21.431416827000078],[39.828657380000038,21.431673508000074],[39.828724358000045,21.431905413000038],[39.828767218000053,21.432028186000025],[39.82885408900006,21.432266196000057],[39.828913999000065,21.432431672000064],[39.828978822000067,21.432608239000047],[39.829055977000053,21.432821199000045],[39.829142843000056,21.43305801300005],[39.829230771000027,21.433294663000027],[39.829320863000078,21.433515088000036],[39.829501614000037,21.433920795000063],[39.829591508000078,21.434106083000074],[39.829748257000062,21.434420596000052],[39.829820501000029,21.434554696000077],[39.829937219000044,21.434765069000036],[39.829996425000047,21.434910473000059],[39.830004354000039,21.434929946000068],[39.829926768000064,21.434936495000045],[39.82982892900003,21.434949795000023],[39.82973200400005,21.434968046000051],[39.829636280000045,21.434991194000077],[39.829542037000067,21.435019170000032],[39.829449556000043,21.435051893000036],[39.828792351000061,21.435316177000061],[39.828664469000046,21.435368246000053],[39.828540327000042,21.435418794000043],[39.828500785000074,21.435434895000071],[39.828211421000049,21.435558248000063],[39.828163700000061,21.435579517000065],[39.827984878000052,21.435659218000069],[39.827924343000063,21.435686198000042],[39.827632072000029,21.435832380000022],[39.827319481000075,21.435997427000075],[39.827180677000058,21.436065282000072],[39.82706091600005,21.43611671900004],[39.826939973000037,21.436165673000062],[39.826852045000066,21.436207907000039],[39.826767498000038,21.436255811000024],[39.826686748000043,21.436309150000056],[39.826561198000036,21.436394593000045],[39.826431730000024,21.436474747000034],[39.826356889000067,21.436514254000031],[39.826279646000046,21.436549475000049],[39.826200279000034,21.436580283000069],[39.826119077000044,21.436606566000023],[39.825969282000074,21.436649865000049],[39.825818062000053,21.436688576000051],[39.825500759000079,21.43676092000004],[39.82537926100008,21.436789008000062],[39.825200805000065,21.436835902000041],[39.825077836000048,21.436874755000076],[39.824837067000033,21.436963787000025],[39.824556795000035,21.437065563000033],[39.824328127000058,21.43715035200006],[39.824088005000078,21.437241174000064],[39.823775966000028,21.437369400000023],[39.823634623000032,21.437432842000078],[39.823458266000046,21.437512592000076],[39.82333286000005,21.437572371000044],[39.823164827000028,21.437656860000061],[39.822989171000074,21.437747960000024],[39.822831357000041,21.437833595000029],[39.822618160000047,21.437945795000076],[39.822431710000046,21.438047107000045],[39.822329241000034,21.438099601000033],[39.822220087000062,21.438144000000023],[39.822059071000069,21.438195604000043],[39.821896389000074,21.438242400000036],[39.821601960000066,21.438324520000037],[39.821260970000026,21.438412845000073],[39.820897012000046,21.438503074000039],[39.820668177000073,21.438558577000038],[39.820355140000061,21.438623456000073],[39.82004975600006,21.438687102000074],[39.819757106000054,21.438745307000033],[39.819424943000058,21.43881446100005],[39.819117666000068,21.438882298000067],[39.818824397000071,21.438944089000074],[39.818501791000074,21.43901020800007],[39.818129446000057,21.43908493400005],[39.818103977000078,21.439090254000064]]]},"properties":{"OBJECTID":25,"OBJECTID_1":25,"RegionID":null,"city":"Makkah","discription":"Al-Hujun District","Discription_AR":"حي الحجون","Region":"مكة المكرمة","Fence_Type":"Year_1447H_2026G","Capacity":null,"Actual_Cap":null,"type":"حي","GIS_data_type":"Polygon","Shape_Length":0.053554276176596742,"Shape_Area":9.7768335673859778e-05}},{"type":"Feature","id":26,"geometry":{"type":"Polygon","coordinates":[[[39.806785193000053,21.42312948700004],[39.806605422000075,21.423089094000034],[39.806588400000066,21.423085267000033],[39.806582438000078,21.423083761000044],[39.806341834000079,21.423023001000047],[39.806097249000061,21.422954223000033],[39.805555037000033,21.422803566000027],[39.804822346000037,21.422597555000038],[39.804819030000033,21.422596694000049],[39.804635176000033,21.422549103000051],[39.804446325000072,21.422506751000071],[39.80425602300005,21.422470549000025],[39.803954972000042,21.42241864600004],[39.803653208000071,21.422370519000026],[39.803494069000067,21.422353549000036],[39.803334350000057,21.422342318000062],[39.803174289000026,21.42233684200005],[39.803014121000047,21.422337131000063],[39.802874495000026,21.422343213000033],[39.80273515500005,21.42235355400004],[39.802596250000079,21.422368145000064],[39.802457926000045,21.422386969000058],[39.802269374000048,21.422424326000055],[39.802082506000033,21.422468484000035],[39.801897602000054,21.42251937900005],[39.801432471000055,21.422681350000062],[39.80124276500004,21.42274765600007],[39.800710228000071,21.422936751000066],[39.80032968900008,21.423073655000053],[39.800054270000032,21.423170389000063],[39.799330888000043,21.423427934000074],[39.79864064800006,21.423674597000058],[39.79837720900008,21.423766585000067],[39.798114961000067,21.423861505000048],[39.797881233000055,21.42394598900006],[39.797646412000063,21.424027771000056],[39.797446617000048,21.424096613000074],[39.797248722000063,21.424170111000024],[39.797077227000045,21.424227556000062],[39.796904683000037,21.424282176000077],[39.796774946000028,21.424313657000027],[39.796643677000077,21.424338960000057],[39.796511210000062,21.424358024000071],[39.795840687000066,21.424441620000039],[39.795174731000031,21.424523047000037],[39.794973171000038,21.424551651000058],[39.794399117000069,21.424616238000056],[39.793824370000038,21.424675173000026],[39.793431816000066,21.424693046000073],[39.79303897300008,21.424703991000058],[39.792838690000053,21.424706035000042],[39.792645979000042,21.424708001000056],[39.792461650000064,21.424712527000054],[39.791888241000038,21.42472362500007],[39.791314751000073,21.424730190000048],[39.790923160000034,21.424746222000067],[39.790652464000061,21.424760706000029],[39.790381952000075,21.424777970000036],[39.790377198000044,21.424778316000072],[39.790378059000034,21.424777144000075],[39.790577553000048,21.424360340000078],[39.790714776000073,21.423976104000076],[39.790849685000069,21.423162258000048],[39.791126117000033,21.421348992000048],[39.792013859000065,21.421297773000049],[39.792721724000046,21.421292923000067],[39.792810622000047,21.420039299000052],[39.793032013000072,21.420031840000036],[39.793566164000026,21.420027173000051],[39.793750987000067,21.420011335000027],[39.793771184000036,21.41994711500007],[39.793654037000067,21.419813007000073],[39.793436056000075,21.419606705000035],[39.793142702000068,21.419340033000026],[39.792920073000062,21.41911258600004],[39.792918967000048,21.418965769000067],[39.792975342000034,21.418837253000049],[39.792972166000027,21.418351878000067],[39.792898403000038,21.417270837000046],[39.792778260000034,21.416735974000062],[39.793444611000041,21.416541508000023],[39.793916318000072,21.416389649000052],[39.794103815000028,21.416268873000035],[39.794291366000039,21.415970311000024],[39.794421593000038,21.415760586000033],[39.794664262000026,21.415451924000024],[39.79481034500003,21.415259346000028],[39.794954572000051,21.415058176000059],[39.794915571000047,21.414907381000035],[39.79481762000006,21.414661508000052],[39.794672674000026,21.414421082000047],[39.794551206000051,21.414168521000022],[39.794424556000024,21.413878601000079],[39.79426542300007,21.413601367000069],[39.79389425100004,21.41300461000003],[39.793637281000031,21.412687134000066],[39.793423811000025,21.412461411000038],[39.793246553000074,21.412387298000056],[39.793009118000043,21.412346112000023],[39.792785932000072,21.412328658000035],[39.792568619000065,21.412353483000061],[39.792283806000057,21.412428872000078],[39.791835288000073,21.410947520000036],[39.791525255000067,21.41001024600007],[39.792379780000033,21.409539725000059],[39.793110211000055,21.409101038000074],[39.793425592000062,21.408935596000049],[39.793862487000069,21.408785444000046],[39.794170010000073,21.408733745000063],[39.794861644000036,21.40869344500004],[39.79576232800008,21.408668016000036],[39.796061694000059,21.408674527000073],[39.796440314000051,21.408715038000025],[39.796974402000046,21.408783896000045],[39.797536815000058,21.408868486000074],[39.798099735000051,21.40900767200003],[39.798816907000059,21.409182571000031],[39.799191051000037,21.409272220000048],[39.800005592000048,21.409478272000058],[39.800566796000055,21.409610245000067],[39.80113091700008,21.409750122000048],[39.802187827000068,21.410011307000048],[39.802830645000029,21.410169711000037],[39.803211813000075,21.41025970000004],[39.803945768000062,21.410444588000075],[39.804728604000047,21.410631925000075],[39.80551437400004,21.410830014000055],[39.805995020000069,21.410946053000032],[39.806426685000076,21.411040870000022],[39.806777682000074,21.411101163000069],[39.807240817000036,21.411168910000072],[39.807832374000043,21.411260361000075],[39.808957066000062,21.411283188000027],[39.809758148000071,21.411287439000034],[39.809799488000067,21.411684875000049],[39.809864631000039,21.412079857000037],[39.81004026100004,21.412798278000025],[39.810124760000065,21.413190951000047],[39.810289385000033,21.41389259400006],[39.81039207200007,21.414659378000067],[39.810440935000031,21.41535159600005],[39.810524240000063,21.418246217000046],[39.81055088100004,21.418910617000051],[39.81061787200008,21.419947721000028],[39.810624975000053,21.420772370000066],[39.810643395000056,21.421640995000075],[39.810665007000068,21.422660105000034],[39.810711351000066,21.423821051000061],[39.810344436000037,21.423766899000043],[39.809781127000065,21.423670400000049],[39.808742868000024,21.423484798000061],[39.808292594000079,21.423402600000031],[39.807955435000054,21.423342622000064],[39.807742116000043,21.423304813000072],[39.807383476000041,21.423240250000049],[39.806863499000031,21.423145163000072],[39.806808180000075,21.423133717000042],[39.806785193000053,21.42312948700004]]]},"properties":{"OBJECTID":26,"OBJECTID_1":26,"RegionID":null,"city":"Makkah","discription":"Hindawiyah District","Discription_AR":"حي الهنداوية","Region":"مكة المكرمة","Fence_Type":"Year_1447H_2026G","Capacity":null,"Actual_Cap":null,"type":"حي","GIS_data_type":"Polygon","Shape_Length":0.072911146275960279,"Shape_Area":0.00024053806171508424}},{"type":"Feature","id":27,"geometry":{"type":"Polygon","coordinates":[[[39.790377198000044,21.424778316000072],[39.790185015000077,21.424792289000038],[39.789864718000047,21.424795392000078],[39.78954445800008,21.424800972000071],[39.789155871000048,21.42481106200006],[39.788767411000038,21.424824796000053],[39.788727748000042,21.424826404000044],[39.788579329000072,21.424834418000046],[39.788430693000066,21.424837179000065],[39.788282051000067,21.42483468100005],[39.788220463000073,21.424831464000079],[39.788187364000066,21.424829736000049],[39.788133616000039,21.424826930000052],[39.78802560500003,21.424816503000045],[39.787977357000045,21.424811202000058],[39.787719801000037,21.424782900000025],[39.787679710000077,21.424778494000066],[39.787642737000056,21.424773674000051],[39.787363610000057,21.424737277000077],[39.787334770000029,21.42473351700005],[39.787306945000068,21.424729315000036],[39.787010477000081,21.424684542000023],[39.78699094600006,21.424681591000024],[39.786972368000079,21.424678400000062],[39.786658695000028,21.424624511000047],[39.786648395000043,21.424622741000064],[39.786647468000069,21.424622476000025],[39.786366931000032,21.424542313000075],[39.786087569000074,21.424455695000063],[39.785810465000054,21.424362938000058],[39.78553577200006,21.424264093000033],[39.785263643000064,21.424159213000053],[39.785056414000053,21.424070370000038],[39.784851490000051,21.423976959000072],[39.784668085000078,21.423888515000044],[39.784486745000038,21.423796412000058],[39.784307555000055,21.423700692000068],[39.784130598000047,21.423601399000063],[39.783824518000074,21.423417060000077],[39.783521305000079,21.423228614000038],[39.783221019000052,21.423036101000037],[39.782923724000057,21.422839562000036],[39.78218882300007,21.422360717000061],[39.78110515000003,21.421616719000042],[39.779834562000076,21.420747641000048],[39.77983583300005,21.420742781000058],[39.779970461000062,21.420228215000066],[39.780192240000076,21.41932405600005],[39.780385632000048,21.418551915000023],[39.78056988000003,21.417788417000054],[39.780811226000026,21.416822525000043],[39.781059965000054,21.415807858000051],[39.781296675000078,21.414834819000077],[39.781487434000042,21.414082688000065],[39.781651959000044,21.413418518000071],[39.781813617000068,21.412759787000027],[39.782015086000058,21.411959779000028],[39.782016572000032,21.411953681000057],[39.782171045000041,21.411320067000077],[39.782232595000039,21.411078490000023],[39.782354111000075,21.410601543000041],[39.782524035000051,21.409864087000074],[39.78267270300006,21.409216269000069],[39.782839793000051,21.408491036000044],[39.782840081000074,21.408489648000057],[39.782951042000036,21.407954051000047],[39.782978210000067,21.407822916000043],[39.783090802000061,21.407202399000028],[39.783175025000048,21.406710056000065],[39.783234108000045,21.406364675000077],[39.783256463000043,21.406257750000066],[39.783380262000037,21.405665612000064],[39.783409283000026,21.405526800000075],[39.783576372000027,21.404802923000034],[39.78366456200007,21.404443417000039],[39.78375507800007,21.404084418000025],[39.783816522000052,21.403884507000043],[39.783880190000048,21.403685207000024],[39.783984528000076,21.403373815000066],[39.78408887300003,21.403103725000051],[39.784198716000049,21.402835552000056],[39.784273363000068,21.40266157700006],[39.784392826000044,21.402417815000035],[39.784516129000053,21.402175735000071],[39.78464324600003,21.401935392000041],[39.784714979000057,21.401808811000024],[39.784788813000034,21.401683294000065],[39.784906393000028,21.401492460000043],[39.78502883200008,21.401304326000059],[39.785156061000066,21.401119000000051],[39.785297939000031,21.400921065000034],[39.785443658000077,21.40072559500004],[39.785592441000063,21.400533593000034],[39.785593170000027,21.400532652000038],[39.785617883000043,21.400501463000069],[39.785692615000073,21.400408313000071],[39.785999551000032,21.400073442000064],[39.786309069000026,21.399740662000056],[39.786364397000057,21.399686195000072],[39.786517981000031,21.399539319000041],[39.786674855000058,21.399395525000045],[39.786834947000045,21.399254877000033],[39.786998187000052,21.399117439000065],[39.787002313000073,21.399113971000077],[39.787174378000032,21.398973175000037],[39.787350459000038,21.398836802000062],[39.787530426000046,21.398704954000038],[39.787714147000031,21.398577729000067],[39.787901487000056,21.398455219000027],[39.788032735000058,21.398365249000051],[39.788206500000058,21.398253956000076],[39.788380188000076,21.398151142000074],[39.788359637000042,21.398422083000071],[39.788299188000053,21.399108906000038],[39.787905870000031,21.39916656500003],[39.787828347000072,21.399978979000025],[39.789874930000053,21.400614111000039],[39.790333617000044,21.400786209000046],[39.789867361000063,21.40128330400006],[39.790749735000077,21.402038917000027],[39.790870197000061,21.402202412000065],[39.791098876000035,21.402194424000072],[39.791380724000078,21.40221136100007],[39.791654012000038,21.402248634000046],[39.791899189000048,21.402298216000077],[39.792285594000077,21.402412081000023],[39.792598539000039,21.40256891100006],[39.792846520000069,21.402736200000049],[39.793133862000047,21.402968248000036],[39.793430129000058,21.403246935000027],[39.794368026000029,21.404267266000033],[39.794942820000074,21.404842496000072],[39.796226856000033,21.406196228000056],[39.79687586600005,21.406876346000047],[39.797461484000053,21.40749756200006],[39.798216902000036,21.408348815000068],[39.798816907000059,21.409182571000031],[39.798099735000051,21.40900767200003],[39.797536815000058,21.408868486000074],[39.796974402000046,21.408783896000045],[39.796440314000051,21.408715038000025],[39.796061694000059,21.408674527000073],[39.79576232800008,21.408668016000036],[39.794861644000036,21.40869344500004],[39.794170010000073,21.408733745000063],[39.793862487000069,21.408785444000046],[39.793425592000062,21.408935596000049],[39.793110211000055,21.409101038000074],[39.792379780000033,21.409539725000059],[39.791525255000067,21.41001024600007],[39.791835288000073,21.410947520000036],[39.792283806000057,21.412428872000078],[39.792568619000065,21.412353483000061],[39.792785932000072,21.412328658000035],[39.793009118000043,21.412346112000023],[39.793246553000074,21.412387298000056],[39.793423811000025,21.412461411000038],[39.793637281000031,21.412687134000066],[39.79389425100004,21.41300461000003],[39.79426542300007,21.413601367000069],[39.794424556000024,21.413878601000079],[39.794551206000051,21.414168521000022],[39.794672674000026,21.414421082000047],[39.79481762000006,21.414661508000052],[39.794915571000047,21.414907381000035],[39.794954572000051,21.415058176000059],[39.79481034500003,21.415259346000028],[39.794664262000026,21.415451924000024],[39.794421593000038,21.415760586000033],[39.794291366000039,21.415970311000024],[39.794103815000028,21.416268873000035],[39.793916318000072,21.416389649000052],[39.793444611000041,21.416541508000023],[39.792778260000034,21.416735974000062],[39.792898403000038,21.417270837000046],[39.792972166000027,21.418351878000067],[39.792975342000034,21.418837253000049],[39.792918967000048,21.418965769000067],[39.792920073000062,21.41911258600004],[39.793142702000068,21.419340033000026],[39.793436056000075,21.419606705000035],[39.793654037000067,21.419813007000073],[39.793771184000036,21.41994711500007],[39.793750987000067,21.420011335000027],[39.793566164000026,21.420027173000051],[39.793032013000072,21.420031840000036],[39.792810622000047,21.420039299000052],[39.792721724000046,21.421292923000067],[39.792013859000065,21.421297773000049],[39.791126117000033,21.421348992000048],[39.790849685000069,21.423162258000048],[39.790714776000073,21.423976104000076],[39.790577553000048,21.424360340000078],[39.790378059000034,21.424777144000075],[39.790377198000044,21.424778316000072]]]},"properties":{"OBJECTID":27,"OBJECTID_1":27,"RegionID":null,"city":"Makkah","discription":"Al-Rasiffah District","Discription_AR":"حي الرصيفة","Region":"مكة المكرمة","Fence_Type":"Year_1447H_2026G","Capacity":null,"Actual_Cap":null,"type":"حي","GIS_data_type":"Polygon","Shape_Length":0.082491050258706566,"Shape_Area":0.000266479378940441}},{"type":"Feature","id":28,"geometry":{"type":"Polygon","coordinates":[[[39.810190576000025,21.398949138000035],[39.810110742000063,21.399104086000023],[39.810059810000041,21.399281458000075],[39.81003798900008,21.399429195000039],[39.809688870000059,21.401887417000069],[39.809379398000033,21.403739397000038],[39.809204850000071,21.405079605000026],[39.808917671000074,21.407023673000026],[39.808706457000028,21.408203823000065],[39.808527498000046,21.408965864000038],[39.807832374000043,21.411260361000075],[39.807240817000036,21.411168910000072],[39.806777682000074,21.411101163000069],[39.806426685000076,21.411040870000022],[39.805995020000069,21.410946053000032],[39.80551437400004,21.410830014000055],[39.804728604000047,21.410631925000075],[39.803945768000062,21.410444588000075],[39.803211813000075,21.41025970000004],[39.802830645000029,21.410169711000037],[39.802187827000068,21.410011307000048],[39.80113091700008,21.409750122000048],[39.800566796000055,21.409610245000067],[39.800005592000048,21.409478272000058],[39.799191051000037,21.409272220000048],[39.798816907000059,21.409182571000031],[39.798216902000036,21.408348815000068],[39.797461484000053,21.40749756200006],[39.79687586600005,21.406876346000047],[39.796226856000033,21.406196228000056],[39.794942820000074,21.404842496000072],[39.794368026000029,21.404267266000033],[39.793430129000058,21.403246935000027],[39.793133862000047,21.402968248000036],[39.792846520000069,21.402736200000049],[39.792598539000039,21.40256891100006],[39.792285594000077,21.402412081000023],[39.791899189000048,21.402298216000077],[39.791654012000038,21.402248634000046],[39.791380724000078,21.40221136100007],[39.791098876000035,21.402194424000072],[39.790870197000061,21.402202412000065],[39.790749735000077,21.402038917000027],[39.789867361000063,21.40128330400006],[39.790333617000044,21.400786209000046],[39.789874930000053,21.400614111000039],[39.787828347000072,21.399978979000025],[39.787905870000031,21.39916656500003],[39.788299188000053,21.399108906000038],[39.788359637000042,21.398422083000071],[39.788380188000076,21.398151142000074],[39.788384448000045,21.398148620000029],[39.788480308000032,21.398095290000072],[39.788577241000041,21.398043689000076],[39.788752550000027,21.39794151600006],[39.788930986000025,21.397844207000048],[39.789112396000064,21.397751845000073],[39.789296623000041,21.397664512000063],[39.789554601000077,21.397548671000038],[39.789815795000038,21.397439335000058],[39.790080018000026,21.397336582000037],[39.790297898000063,21.397257401000047],[39.790517616000045,21.397182808000025],[39.790739062000057,21.397112837000066],[39.790962124000032,21.397047526000051],[39.791191287000061,21.396984628000041],[39.791421820000039,21.396926288000031],[39.791653620000034,21.396872532000032],[39.791886585000043,21.396823385000062],[39.792883589000041,21.396620603000031],[39.793141322000054,21.396565250000037],[39.793399879000049,21.39651337500004],[39.793659206000029,21.396464989000037],[39.794024832000048,21.396382698000025],[39.794391920000066,21.396306336000066],[39.79476036300008,21.396235924000052],[39.79554027000006,21.396070785000063],[39.795869347000064,21.396005965000029],[39.79619985000005,21.395947860000035],[39.796531624000067,21.39589649800007],[39.796750300000042,21.395864804000041],[39.796975049000025,21.395837276000066],[39.797200433000057,21.395814764000022],[39.79742632500006,21.395797280000068],[39.79777269300007,21.395777907000024],[39.798078808000071,21.395764091000046],[39.798385063000069,21.395753376000073],[39.799078942000051,21.395752784000024],[39.800187097000048,21.395747499000038],[39.801150394000047,21.395742900000073],[39.802124043000049,21.395740529000022],[39.802307813000027,21.395740080000053],[39.803234903000032,21.395736998000075],[39.803619211000068,21.395734937000043],[39.803998290000038,21.395731984000065],[39.804469828000038,21.395729120000055],[39.804941261000067,21.395719320000069],[39.805294864000075,21.39569805800005],[39.805647908000026,21.395669801000054],[39.805914789000042,21.395636262000039],[39.806181146000029,21.395599255000036],[39.806446928000071,21.395558785000048],[39.806710446000068,21.395511638000073],[39.806972417000054,21.395457454000052],[39.80723262600003,21.395396276000042],[39.807527191000077,21.395321261000049],[39.807820363000076,21.395241608000049],[39.808112061000031,21.395157340000026],[39.808481008000058,21.395018514000071],[39.808852247000061,21.394885155000054],[39.809250273000032,21.394711050000069],[39.809515428000054,21.394594923000056],[39.809719739000059,21.396425467000029],[39.809973889000048,21.397928608000029],[39.810190576000025,21.398949138000035]]]},"properties":{"OBJECTID":28,"OBJECTID_1":28,"RegionID":null,"city":"Makkah","discription":"Al-Khalideyah District","Discription_AR":"حي الخالدية","Region":"مكة المكرمة","Fence_Type":"Year_1447H_2026G","Capacity":null,"Actual_Cap":null,"type":"حي","GIS_data_type":"Polygon","Shape_Length":0.065636901822680851,"Shape_Area":0.00023351967911085261}},{"type":"Feature","id":29,"geometry":{"type":"Polygon","coordinates":[[[39.825857755000072,21.397533413000076],[39.825126687000079,21.39760142800003],[39.824765205000062,21.397759312000062],[39.824241796000081,21.398130251000055],[39.823833642000068,21.398456206000048],[39.822941381000078,21.399197968000067],[39.822298490000037,21.39970500000004],[39.82174034500008,21.400081157000045],[39.820800004000034,21.400805065000043],[39.820486489000075,21.401053736000051],[39.820181324000032,21.401237824000077],[39.819801455000061,21.401453125000046],[39.819279954000081,21.401669798000057],[39.817854951000072,21.402195282000037],[39.816302556000039,21.40271229800004],[39.815994213000067,21.402760933000025],[39.815325769000026,21.401812469000049],[39.815041989000065,21.401473383000052],[39.814825126000073,21.401245811000024],[39.814329713000063,21.400769842000045],[39.812972728000034,21.399468260000049],[39.812743412000032,21.399275661000047],[39.812560642000051,21.399106381000024],[39.812434476000078,21.39899351400004],[39.812007922000078,21.39862342400005],[39.811681797000062,21.398405435000029],[39.811401906000071,21.398364420000064],[39.811163290000025,21.398350104000031],[39.810945455000081,21.39837043700004],[39.810694391000027,21.398496704000024],[39.810433698000054,21.398661355000058],[39.810190576000025,21.398949138000035],[39.809973889000048,21.397928608000029],[39.809719739000059,21.396425467000029],[39.809515428000054,21.394594923000056],[39.809518278000041,21.394593675000067],[39.809576248000042,21.39456827600003],[39.809818251000024,21.394446866000067],[39.810057573000051,21.394320882000045],[39.810294115000033,21.394190373000072],[39.810614007000027,21.394003864000069],[39.810930861000031,21.393812861000072],[39.811068563000049,21.39371925100005],[39.811204523000072,21.393623435000052],[39.811306543000057,21.393549247000067],[39.811423126000079,21.393461984000055],[39.811538288000065,21.39337308100005],[39.811544419000029,21.393368971000029],[39.81164639800005,21.39329788200007],[39.811745565000081,21.393223385000056],[39.811841789000027,21.393145576000052],[39.811934944000029,21.393064558000049],[39.812143819000028,21.392883599000072],[39.812348769000039,21.392698745000075],[39.812509243000079,21.392548693000037],[39.812667128000044,21.392396253000072],[39.812840516000051,21.392221170000028],[39.813009374000046,21.392042245000027],[39.813173605000031,21.391859582000052],[39.813343886000041,21.391660383000044],[39.813499920000027,21.391467376000037],[39.813650986000027,21.391270931000065],[39.813796996000065,21.391071163000049],[39.813904711000077,21.390916931000049],[39.814240089000066,21.390425508000078],[39.814346443000034,21.390269669000077],[39.814466920000029,21.390081811000073],[39.814591943000039,21.389896578000048],[39.814721449000047,21.389714066000067],[39.814855369000043,21.389534370000035],[39.814993633000029,21.389357584000038],[39.815106968000066,21.389213645000041],[39.815225439000073,21.389073383000039],[39.815348912000047,21.388936956000066],[39.815477246000057,21.388804522000044],[39.815659610000068,21.38862608900007],[39.815844537000032,21.388449985000022],[39.81605081500004,21.388259041000026],[39.816159632000051,21.388169348000076],[39.816330704000052,21.388032335000048],[39.816504288000033,21.38789812300007],[39.816680334000068,21.387766753000051],[39.816924878000066,21.38759847700004],[39.817092016000061,21.387489790000075],[39.817262585000037,21.387385882000046],[39.817436428000065,21.387286849000077],[39.817613387000051,21.387192781000067],[39.817812814000035,21.387085313000057],[39.818015840000044,21.386983926000028],[39.818222252000055,21.386888729000077],[39.818431837000048,21.386799818000043],[39.818631295000046,21.386720624000077],[39.818832693000047,21.386645865000048],[39.819035922000069,21.38657558400007],[39.819240867000076,21.386509820000072],[39.819454188000066,21.386446001000024],[39.819669635000025,21.386388784000076],[39.819886972000063,21.386338231000025],[39.820105968000064,21.386294396000039],[39.820239814000047,21.386267419000035],[39.820374177000076,21.386242792000075],[39.820560208000074,21.386212697000076],[39.820747005000044,21.386187106000023],[39.820934445000034,21.386166033000052],[39.821112173000074,21.386146960000076],[39.821290391000048,21.38613243900005],[39.821468965000065,21.386122481000029],[39.821647763000044,21.386117094000042],[39.821860842000035,21.386112108000077],[39.822073981000074,21.386110618000032],[39.822287116000041,21.386112625000067],[39.82248947800008,21.386114477000035],[39.822867847000055,21.386113454000053],[39.823246148000067,21.38610658500005],[39.823476443000061,21.386098349000065],[39.823706525000034,21.386085962000038],[39.823936310000079,21.386069429000031],[39.82416571300007,21.386048755000047],[39.824533232000078,21.386005768000075],[39.824900027000069,21.385957659000042],[39.825279150000028,21.385881261000065],[39.825657324000076,21.385800833000076],[39.82595423600003,21.385726784000042],[39.826249806000078,21.385648161000063],[39.826697526000032,21.385515001000044],[39.826726445000077,21.385506400000054],[39.826522433000036,21.385764251000069],[39.825924419000046,21.38675280800004],[39.825544750000063,21.387503054000035],[39.825477301000035,21.387842079000052],[39.825451852000072,21.388034771000036],[39.825442133000024,21.388272939000046],[39.825456227000075,21.388489641000035],[39.825577037000073,21.390398470000036],[39.825648514000079,21.391527795000059],[39.825724931000025,21.393752446000065],[39.825747222000075,21.39457229900006],[39.82577537800006,21.395648877000042],[39.825796670000045,21.396290658000055],[39.825803179000047,21.396641503000069],[39.825818990000073,21.397254990000079],[39.825857755000072,21.397533413000076]]]},"properties":{"OBJECTID":29,"OBJECTID_1":29,"RegionID":null,"city":"Makkah","discription":"Al Taqwa District","Discription_AR":"حي التقوى","Region":"مكة المكرمة","Fence_Type":"Year_1447H_2026G","Capacity":null,"Actual_Cap":null,"type":"حي","GIS_data_type":"Polygon","Shape_Length":0.056483920715130642,"Shape_Area":0.00018517845389645019}},{"type":"Feature","id":30,"geometry":{"type":"MultiPolygon","coordinates":[[[[39.895017075000055,21.461144296000043],[39.89501652000007,21.461145538000039],[39.895014041000024,21.461143306000054],[39.895017075000055,21.461144296000043]]],[[[39.889613118000057,21.477214098000047],[39.889600236000035,21.477234452000062],[39.889545647000034,21.477320699000074],[39.889475584000024,21.477431394000064],[39.88933161500006,21.477645006000046],[39.889181321000081,21.477854768000043],[39.889037204000033,21.478044844000067],[39.88888840900006,21.478231736000055],[39.888735525000072,21.47841571500004],[39.888579114000038,21.478597080000043],[39.888419721000048,21.478776158000073],[39.888257874000033,21.478953297000032],[39.888094081000077,21.479128864000074],[39.888070164000055,21.479154103000042],[39.88792883900004,21.479303239000046],[39.887762639000073,21.479476813000076],[39.887595961000045,21.479649985000037],[39.887441126000056,21.479810713000063],[39.885158152000031,21.482180515000039],[39.879326678000041,21.48833644900003],[39.877161251000075,21.490480730000058],[39.874564073000045,21.493176136000045],[39.874448374000053,21.493296244000078],[39.874340242000073,21.493408689000034],[39.874332791000029,21.493416450000041],[39.874217435000048,21.49353684700003],[39.874102426000036,21.493657534000079],[39.873987880000072,21.493778605000045],[39.873873914000058,21.493900156000052],[39.873760646000051,21.494022277000056],[39.873648198000069,21.494145060000051],[39.873536692000073,21.494268592000026],[39.873426253000048,21.494392962000063],[39.87320598000008,21.494647890000067],[39.873003918000052,21.494890620000035],[39.872990684000058,21.494906516000071],[39.872780438000063,21.495168756000055],[39.872575309000069,21.495434522000039],[39.872375366000028,21.495703728000024],[39.872180675000038,21.495976284000051],[39.872086577000061,21.496111914000039],[39.871993649000046,21.496248249000075],[39.871901766000065,21.496385203000045],[39.871810801000038,21.496522693000031],[39.871720627000059,21.496660637000048],[39.871631113000035,21.496798959000046],[39.871542129000034,21.496937580000065],[39.87145354200004,21.497076423000067],[39.871365221000076,21.497215414000038],[39.871277033000069,21.49735448000007],[39.870718748000058,21.49823513900003],[39.869227420000072,21.500587559000053],[39.86915401400006,21.500703320000071],[39.869080539000038,21.500819042000046],[39.869014054000047,21.500923498000077],[39.869006920000061,21.500934685000061],[39.868933092000077,21.501050210000074],[39.868858979000038,21.501165576000062],[39.868784512000047,21.501280742000063],[39.868709624000076,21.501395668000043],[39.868634243000031,21.50151031200005],[39.868558300000075,21.501624631000027],[39.868481729000052,21.501738581000041],[39.868434868000065,21.501806656000042],[39.868259589000047,21.502061276000063],[39.868031841000061,21.50238052900005],[39.867798549000042,21.502696258000071],[39.86755977200005,21.503008376000025],[39.867315576000067,21.50331680000005],[39.867066027000078,21.503621448000047],[39.866811190000078,21.503922239000076],[39.86655113300003,21.504219092000028],[39.866458727000065,21.50432225000003],[39.866365752000036,21.504424961000041],[39.866272276000075,21.504527271000029],[39.866180450000058,21.504626962000032],[39.866178357000081,21.504629228000056],[39.866084072000035,21.504730887000051],[39.86598947300007,21.504832290000024],[39.865894625000067,21.504933490000042],[39.865799591000041,21.505034537000029],[39.865710354000043,21.505129201000045],[39.865704434000065,21.505135481000025],[39.865609214000074,21.505236375000038],[39.863467779000075,21.507504931000028],[39.863153989000068,21.507831957000064],[39.862834572000054,21.508154178000041],[39.862509612000053,21.50847150900006],[39.862228122000033,21.508737613000051],[39.862179194000078,21.508783866000044],[39.861843407000038,21.509091167000065],[39.861502335000068,21.509393332000059],[39.861156071000039,21.509690282000065],[39.860804707000057,21.509981936000031],[39.860448332000033,21.510268220000057],[39.860087041000043,21.510549057000048],[39.859720932000073,21.510824374000038],[39.859350096000071,21.511094099000047],[39.858974635000038,21.511358160000043],[39.858594645000039,21.511616488000072],[39.858210228000075,21.511869015000059],[39.857821483000066,21.512115675000075],[39.857428514000048,21.512356402000023],[39.857199301000037,21.512491897000075],[39.85703142400007,21.512591133000058],[39.856630317000054,21.512819808000074],[39.856225298000027,21.513042364000057],[39.85581647500004,21.513258744000041],[39.855403955000043,21.513468892000049],[39.854987846000029,21.513672750000069],[39.854568257000039,21.513870268000062],[39.854145301000074,21.514061390000052],[39.853719086000069,21.514246069000023],[39.853289726000071,21.514424255000051],[39.852857334000078,21.514595901000064],[39.852422022000042,21.514760963000072],[39.852060339000047,21.514891756000054],[39.851983907000033,21.514919395000049],[39.851543102000051,21.515071157000023],[39.85109972500004,21.515216210000062],[39.850653892000025,21.51535451500007],[39.847166415000061,21.51640704600004],[39.841779943000063,21.51803252600007],[39.841554302000077,21.518099003000032],[39.841269712000042,21.518182846000059],[39.840757303000032,21.518326537000064],[39.840242816000057,21.518463571000041],[39.839726348000056,21.518593923000026],[39.839207999000052,21.518717566000078],[39.838687869000069,21.518834479000077],[39.83816605800007,21.518944637000061],[39.837642664000043,21.51904802100006],[39.837117791000026,21.519144608000033],[39.836591537000061,21.519234383000025],[39.836064003000047,21.519317326000078],[39.835535293000078,21.519393422000064],[39.835521012000072,21.519395289000045],[39.835005505000026,21.519462658000066],[39.834474744000033,21.519525019000071],[39.831331662000025,21.519873600000039],[39.831342195000047,21.519347437000079],[39.831342196000037,21.519347399000026],[39.831364839000059,21.519041409000067],[39.831368195000039,21.518996056000049],[39.831374475000075,21.518911181000078],[39.833944153000061,21.484179096000048],[39.833942314000069,21.484175028000038],[39.833509757000058,21.483218795000028],[39.83255047800003,21.481013133000033],[39.832672745000025,21.481001956000057],[39.833548432000043,21.480949784000074],[39.834188898000036,21.480841582000039],[39.834262833000025,21.480829092000079],[39.834721933000026,21.480724014000032],[39.835011922000035,21.480521776000046],[39.835040494000054,21.480487599000071],[39.835064110000076,21.480450255000051],[39.835082376000059,21.480410370000072],[39.835094987000048,21.480368611000074],[39.835101732000055,21.480325677000053],[39.835102496000047,21.480282287000023],[39.83505124800007,21.479804471000023],[39.83507596700008,21.479660926000065],[39.834968332000074,21.479147536000028],[39.834831898000061,21.478509991000067],[39.834640241000045,21.477593049000063],[39.834472780000056,21.477003781000064],[39.834439208000049,21.476885641000024],[39.834439735000046,21.47688544500005],[39.834439772000053,21.476885433000064],[39.835090747000038,21.476703182000051],[39.83557808300003,21.476650893000055],[39.836085397000033,21.476643239000055],[39.83672494800004,21.476714414000071],[39.837102028000061,21.476807373000042],[39.837959840000053,21.476979853000046],[39.838256280000053,21.477005619000067],[39.839721845000042,21.47729699100006],[39.840321933000041,21.477404536000051],[39.840879966000045,21.477451534000068],[39.841261662000079,21.477406278000046],[39.841758234000054,21.477245332000052],[39.842090263000046,21.477038593000032],[39.842425589000072,21.476743990000045],[39.842634718000056,21.476474507000034],[39.842788461000055,21.476163341000074],[39.842873079000071,21.475858955000035],[39.842916519000028,21.475603277000062],[39.843013690000078,21.473277805000066],[39.843096040000034,21.471379248000062],[39.843079320000072,21.470940925000036],[39.843036224000059,21.470483785000056],[39.84295073100003,21.470141498000032],[39.842824170000029,21.469760568000027],[39.842642357000045,21.469383150000056],[39.842446893000044,21.469034900000054],[39.842351715000063,21.468864028000041],[39.842227783000055,21.468676256000037],[39.842131211000037,21.468463326000062],[39.842059536000079,21.468254153000032],[39.84201253100008,21.46800993100004],[39.841998714000056,21.46776942300005],[39.841997711000033,21.467594815000041],[39.842294742000036,21.465901521000035],[39.842677005000041,21.463795670000025],[39.84282518100008,21.462988640000049],[39.842925033000029,21.46161064000006],[39.842967707000071,21.461102108000034],[39.843056154000067,21.460624388000042],[39.843190350000043,21.460186418000035],[39.843360205000067,21.459784968000065],[39.843654450000031,21.459203312000056],[39.844435652000072,21.457765058000064],[39.845100951000063,21.456714029000068],[39.846029017000035,21.455235494000078],[39.846296581000047,21.454734104000067],[39.846573760000069,21.454214758000035],[39.847531810000078,21.451864676000071],[39.84777327200004,21.451924912000038],[39.848264073000053,21.451906794000024],[39.848507654000059,21.452242442000056],[39.848477451000065,21.452399103000062],[39.848644114000081,21.452429559000052],[39.848674749000054,21.45263876100006],[39.848792846000038,21.45262137800006],[39.848847277000061,21.452875506000055],[39.849003760000073,21.452829102000067],[39.849088281000036,21.452792981000073],[39.84914320300004,21.452766924000059],[39.849091034000026,21.452612833000046],[39.849054472000034,21.452469440000073],[39.849335976000077,21.452395655000032],[39.849404579000065,21.452623491000054],[39.849425053000061,21.452707085000043],[39.84949535800007,21.452678828000046],[39.849572174000059,21.452761002000045],[39.849738133000074,21.452572575000033],[39.84981803800008,21.452465563000032],[39.849873113000058,21.452439879000053],[39.849933412000041,21.45234544300007],[39.849905786000079,21.452310652000051],[39.849945350000041,21.452227661000052],[39.849985791000051,21.452241971000035],[39.850005821000025,21.452184256000066],[39.849938330000043,21.452126532000023],[39.849981543000069,21.452037398000073],[39.850020154000049,21.452048771000022],[39.850000812000076,21.451934549000043],[39.850142445000074,21.451796375000072],[39.850155652000069,21.451693104000071],[39.849941136000041,21.451640890000078],[39.849951192000049,21.451521984000067],[39.850196272000062,21.451566103000062],[39.850208814000041,21.451444916000071],[39.850349558000062,21.451448008000057],[39.850359111000046,21.45131120700006],[39.85049889700008,21.451308514000061],[39.85061031500004,21.451401819000068],[39.850646303000076,21.45152390800007],[39.850495736000028,21.451788455000042],[39.850659479000058,21.451864742000055],[39.850617473000057,21.451957273000062],[39.850628870000037,21.452080608000074],[39.85061816700005,21.452150663000054],[39.850679871000068,21.452197941000065],[39.850720522000074,21.452221680000036],[39.850762919000033,21.452260931000069],[39.850623798000072,21.452373163000061],[39.850715078000064,21.452446261000034],[39.850651028000073,21.452529151000078],[39.850526621000029,21.45249235700004],[39.850466990000029,21.45262671200004],[39.850311911000063,21.452579641000057],[39.850246809000055,21.452707673000077],[39.850145086000055,21.452682788000061],[39.85011714400008,21.452755512000067],[39.850042694000081,21.45284412500007],[39.84993759200006,21.452926543000046],[39.85007637700005,21.45306170300006],[39.850193120000029,21.453198792000023],[39.850176160000046,21.453247417000057],[39.850509981000073,21.453705491000051],[39.850375750000069,21.453815597000073],[39.850452615000052,21.453920302000029],[39.850624399000026,21.454088244000047],[39.850657660000024,21.454156801000067],[39.850773788000026,21.454146709000042],[39.850793991000046,21.454342921000034],[39.851116546000071,21.45444241000007],[39.851016702000038,21.454644005000034],[39.851093437000031,21.454701002000036],[39.850991554000075,21.454842377000034],[39.850939187000051,21.454823699000031],[39.850907578000033,21.454935246000048],[39.850547978000066,21.454865896000058],[39.850544308000053,21.455003238000074],[39.850747043000069,21.455013397000073],[39.850737290000041,21.455158203000053],[39.850548686000025,21.455168530000037],[39.850533776000077,21.45529237900007],[39.850520863000042,21.455340183000033],[39.850459641000043,21.455396464000046],[39.850392094000028,21.455423146000044],[39.850320017000058,21.455427629000042],[39.850275574000079,21.455416477000028],[39.850239472000055,21.455426635000038],[39.850103777000072,21.455453864000049],[39.850126597000042,21.455722478000041],[39.850130732000025,21.455824196000037],[39.85023947600007,21.455834701000072],[39.850305031000062,21.455852962000051],[39.850410271000044,21.455816135000077],[39.850405871000078,21.455778959000043],[39.850395751000065,21.455681782000056],[39.850482093000039,21.455661758000076],[39.850629531000038,21.455629480000027],[39.850688285000047,21.455603742000051],[39.850781250000068,21.455570868000052],[39.850975395000034,21.45537345300005],[39.850991995000072,21.45528332300006],[39.851069769000048,21.455208525000046],[39.851484544000073,21.455061022000052],[39.85150144000005,21.45519476000004],[39.851485804000049,21.455288519000078],[39.851464036000039,21.455380948000027],[39.851529258000028,21.455488355000057],[39.851617349000037,21.455445944000076],[39.851748343000054,21.455637625000065],[39.851877344000059,21.455572322000023],[39.851946871000052,21.455679030000056],[39.851949522000041,21.455748197000048],[39.852048569000033,21.455903293000063],[39.852104819000033,21.456090137000047],[39.852147645000059,21.456172853000055],[39.852039680000075,21.456270564000079],[39.851944794000076,21.456321066000044],[39.851745187000063,21.456453384000042],[39.85199205400005,21.45716512100006],[39.852021825000065,21.45730439700003],[39.852084471000069,21.457404775000043],[39.852155186000061,21.457470255000032],[39.852263901000072,21.457667222000055],[39.852397342000074,21.457684574000041],[39.852508561000036,21.457805357000041],[39.852003754000066,21.458157235000044],[39.852330665000068,21.458357393000028],[39.85244655300005,21.458472472000039],[39.852653708000048,21.458776223000029],[39.852876228000071,21.459137730000066],[39.852959121000026,21.459321752000051],[39.852992803000063,21.459428075000062],[39.853065451000077,21.45954451700004],[39.853148393000026,21.45964775300007],[39.853360898000062,21.459856482000077],[39.853547703000061,21.460082579000073],[39.853635718000078,21.460235845000057],[39.853761266000049,21.460441001000049],[39.854050465000057,21.460916804000078],[39.854539406000072,21.459429357000033],[39.85459654400006,21.459205543000053],[39.854644086000064,21.459053677000043],[39.854713716000049,21.458967351000069],[39.854776867000055,21.458915447000038],[39.854866852000043,21.458883723000042],[39.854980505000071,21.458901900000058],[39.855268272000046,21.458997342000032],[39.85527707600005,21.459075453000025],[39.85477009300007,21.460617704000072],[39.855912516000046,21.46094636600003],[39.855861701000038,21.461109188000023],[39.857196524000074,21.461499383000046],[39.857429029000059,21.461566966000078],[39.857706645000064,21.461639010000056],[39.857820420000053,21.461677504000022],[39.857956032000061,21.461737768000035],[39.858073292000029,21.461801255000069],[39.858200629000066,21.461874067000053],[39.85834292800007,21.461935863000065],[39.858635959000026,21.462073473000032],[39.858805337000035,21.461911605000068],[39.858897312000067,21.461934578000069],[39.859013033000053,21.462019955000073],[39.859147131000043,21.462106799000026],[39.859269586000039,21.462201519000075],[39.859498702000053,21.461975257000063],[39.859661369000037,21.462093217000074],[39.859773850000067,21.462195803000043],[39.859881745000052,21.462276131000067],[39.859946490000027,21.462307792000047],[39.859963968000045,21.462330037000072],[39.860135006000064,21.462474615000076],[39.860091910000051,21.462696484000048],[39.859914138000079,21.462942497000029],[39.859853471000065,21.463002605000042],[39.859952845000066,21.463073091000069],[39.860066912000036,21.46312376700007],[39.860053143000073,21.463218195000024],[39.860304325000072,21.463166393000051],[39.860127112000043,21.462671236000062],[39.860225978000074,21.462464028000056],[39.860441531000049,21.462455661000035],[39.860497204000069,21.462317400000074],[39.860536671000034,21.462247879000074],[39.860717943000054,21.462331076000055],[39.860839955000074,21.462383977000059],[39.86093616900007,21.462214045000053],[39.860241390000056,21.461885778000067],[39.860465989000033,21.461428028000057],[39.860229189000052,21.46129854000003],[39.860364510000068,21.461061447000077],[39.860700479000059,21.461219053000036],[39.86070561400004,21.461093368000036],[39.860682611000072,21.460772305000035],[39.860974530000078,21.46071455200007],[39.860992494000072,21.46078409200004],[39.861258919000079,21.460751130000062],[39.861221262000072,21.461451626000041],[39.861211299000047,21.461695184000064],[39.861087571000041,21.462058347000038],[39.860981108000033,21.462266922000026],[39.861217106000026,21.462359908000053],[39.861501624000027,21.462488539000049],[39.861487899000053,21.462557587000049],[39.861376999000072,21.462750119000077],[39.86124949200007,21.463024497000049],[39.861572556000056,21.463069046000044],[39.861756840000055,21.463085871000033],[39.86181620900004,21.462849168000048],[39.863157710000053,21.463007552000022],[39.863243820000037,21.463103316000058],[39.863587047000067,21.463196357000072],[39.864733246000071,21.462129588000039],[39.865235212000073,21.462273746000051],[39.865722981000033,21.462372840000057],[39.865804719000039,21.462069155000052],[39.86616987900004,21.462131227000043],[39.866062347000025,21.462626257000068],[39.865708271000074,21.462579549000054],[39.865702849000058,21.462613374000057],[39.865623283000048,21.462618095000039],[39.865801581000028,21.463462993000064],[39.865724140000054,21.463552307000043],[39.865642978000039,21.463657067000042],[39.865544025000077,21.463743545000057],[39.865580622000039,21.463899864000041],[39.865955082000028,21.463991148000048],[39.865956299000061,21.464186662000031],[39.86616235200006,21.464272014000073],[39.866119496000067,21.464484089000052],[39.865876967000077,21.464474230000064],[39.865830655000025,21.46475663800004],[39.868315127000074,21.464772335000077],[39.870946494000066,21.465347258000065],[39.873144350000075,21.465638605000038],[39.874828759000025,21.466209332000062],[39.876525450000031,21.467483353000034],[39.889461324000081,21.475808181000048],[39.890096816000039,21.476311515000077],[39.889986051000051,21.476541820000023],[39.889868451000041,21.476769137000076],[39.88974410700007,21.476993288000074],[39.889613118000057,21.477214098000047]]]]},"properties":{"OBJECTID":30,"OBJECTID_1":30,"RegionID":null,"city":"Makkah","discription":"Wadi Jalil District","Discription_AR":"حي وادي جليل","Region":"مكة المكرمة","Fence_Type":"Year_1447H_2026G","Capacity":null,"Actual_Cap":null,"type":"حي","GIS_data_type":"Polygon","Shape_Length":0.23659054677440478,"Shape_Area":0.0021770450050695622}},{"type":"Feature","id":31,"geometry":{"type":"Polygon","coordinates":[[[39.847531810000078,21.451864676000071],[39.846573760000069,21.454214758000035],[39.846296581000047,21.454734104000067],[39.846029017000035,21.455235494000078],[39.845100951000063,21.456714029000068],[39.844845680000049,21.456480261000024],[39.844729993000044,21.456478203000074],[39.844487696000044,21.456537533000073],[39.844216958000061,21.456557385000053],[39.843802352000068,21.456580606000045],[39.843057606000059,21.456597565000038],[39.842525058000035,21.456599436000033],[39.842002744000069,21.456591203000073],[39.841345102000048,21.456596322000053],[39.84127884000003,21.456509739000069],[39.84115709200006,21.456379617000039],[39.840386848000037,21.455655637000064],[39.840012986000033,21.455176004000066],[39.839605252000069,21.454780326000048],[39.839175751000028,21.454648090000035],[39.839154175000033,21.454498922000028],[39.839101246000041,21.454320223000025],[39.83906115700006,21.454173464000064],[39.839049905000024,21.454052535000073],[39.839481423000052,21.454062862000058],[39.841276622000066,21.453749882000068],[39.84159976400008,21.453477605000046],[39.841612056000031,21.453294332000041],[39.841571022000039,21.453119655000023],[39.841507269000033,21.452861816000052],[39.841425944000036,21.452641540000059],[39.841322280000043,21.45240472100005],[39.841183130000047,21.45218473500006],[39.841057781000075,21.45204379300003],[39.84108841300008,21.451956198000062],[39.841549888000031,21.451762339000027],[39.84140562400006,21.451549844000056],[39.841538937000053,21.451404299000046],[39.841635546000077,21.451187291000053],[39.841327196000066,21.450927057000058],[39.841209435000053,21.450774316000036],[39.841251204000059,21.450694038000051],[39.841221405000056,21.450617520000037],[39.841111183000066,21.450635313000078],[39.841029359000061,21.450387125000077],[39.841082632000052,21.450264600000025],[39.840453764000074,21.449157004000028],[39.840491345000032,21.449097839000046],[39.840433013000052,21.448915086000056],[39.840335455000059,21.44878787500005],[39.84030255700003,21.448606807000033],[39.840449309000064,21.448499237000078],[39.840450563000047,21.44840214900006],[39.84032852100006,21.448362842000051],[39.840207801000076,21.448368893000065],[39.840347355000063,21.448139099000059],[39.840477747000079,21.448163848000036],[39.840501563000032,21.448057346000041],[39.840617479000059,21.447943581000061],[39.840545664000047,21.447860697000067],[39.840532995000046,21.447601275000068],[39.840634211000065,21.447538842000029],[39.840613782000048,21.447342290000051],[39.840468238000028,21.447136612000065],[39.840226535000056,21.447113100000024],[39.840044140000032,21.44705050500005],[39.839785231000064,21.447098984000036],[39.839748063000059,21.447088283000028],[39.839567851000027,21.447079208000048],[39.839289865000069,21.447254348000058],[39.839253456000051,21.447453001000042],[39.838797576000047,21.447467536000033],[39.838615814000036,21.447286081000072],[39.838675107000029,21.447167608000029],[39.838567398000066,21.446848780000039],[39.838537644000041,21.446769087000064],[39.838558669000065,21.446425569000041],[39.838420172000042,21.446392240000023],[39.838508768000054,21.446252979000064],[39.83866977100007,21.445961159000035],[39.83927454500008,21.44574536500005],[39.839347007000072,21.44577789300007],[39.839389522000033,21.445707817000027],[39.839576564000026,21.445633388000033],[39.840102065000053,21.445035564000023],[39.839694622000025,21.444234426000037],[39.840325252000071,21.442154007000056],[39.840596364000078,21.441382407000049],[39.840582643000062,21.440448702000026],[39.841749138000068,21.440409439000064],[39.842647849000059,21.440338109000038],[39.844305484000074,21.440101683000023],[39.845064286000024,21.439881663000051],[39.84720807900004,21.439554534000024],[39.849159300000053,21.439133630000072],[39.85124608700005,21.438675425000042],[39.852300566000054,21.43843755000006],[39.852942631000076,21.438340857000071],[39.853620251000052,21.438326956000026],[39.854176991000031,21.438378327000066],[39.854781270000046,21.438515420000044],[39.853960376000032,21.439660521000064],[39.852523843000029,21.442035172000033],[39.851267470000039,21.444190209000055],[39.849592894000068,21.447327932000064],[39.849570339000024,21.447494114000051],[39.849035766000043,21.448470001000032],[39.848472788000038,21.449629721000065],[39.847677425000029,21.451507475000028],[39.847531810000078,21.451864676000071]]]},"properties":{"OBJECTID":31,"OBJECTID_1":31,"RegionID":null,"city":"Makkah","discription":"Al-Khansa District","Discription_AR":"حي الخنساء","Region":"مكة المكرمة","Fence_Type":"Year_1447H_2026G","Capacity":null,"Actual_Cap":null,"type":"حي","GIS_data_type":"Polygon","Shape_Length":0.063680910022998999,"Shape_Area":0.00015625525269765263}},{"type":"Feature","id":32,"geometry":{"type":"Polygon","coordinates":[[[39.89501652000007,21.461145538000039],[39.89486237300008,21.461490444000049],[39.894632959000035,21.462012546000039],[39.894561180000039,21.462181651000037],[39.894410263000054,21.462537191000024],[39.894194316000039,21.463064303000067],[39.893985151000038,21.463593805000073],[39.893814185000053,21.46404313000005],[39.893782796000039,21.46412562200004],[39.893587283000045,21.464659676000053],[39.893398638000065,21.465195891000064],[39.893394957000055,21.465206791000071],[39.89321688800004,21.465734189000045],[39.893198917000063,21.465789731000029],[39.893042062000063,21.466274493000071],[39.892918224000027,21.466674475000048],[39.892874182000071,21.466816724000068],[39.892713276000052,21.467360805000055],[39.892684702000054,21.467462141000055],[39.892559365000068,21.467906655000036],[39.892308693000075,21.468817813000044],[39.892095808000079,21.469591614000024],[39.892009037000037,21.469907008000064],[39.891924482000036,21.470214347000024],[39.891518745000042,21.471689092000076],[39.891514462000032,21.471704661000047],[39.891318274000071,21.47241774500003],[39.890924229000063,21.473849952000023],[39.890864036000039,21.474068365000051],[39.890862024000057,21.474075644000038],[39.890799196000046,21.474301185000058],[39.890735125000049,21.474526419000028],[39.890669194000054,21.474751182000034],[39.890646079000078,21.474826912000026],[39.890600788000029,21.474975296000025],[39.890529299000036,21.475198564000038],[39.890454126000066,21.475420769000038],[39.890374678000057,21.475641666000058],[39.890290378000032,21.47586098000005],[39.890200659000072,21.476078402000041],[39.890096816000039,21.476311515000077],[39.889461324000081,21.475808181000048],[39.876525450000031,21.467483353000034],[39.874828759000025,21.466209332000062],[39.873144350000075,21.465638605000038],[39.870946494000066,21.465347258000065],[39.868315127000074,21.464772335000077],[39.865830655000025,21.46475663800004],[39.865876967000077,21.464474230000064],[39.866119496000067,21.464484089000052],[39.86616235200006,21.464272014000073],[39.865956299000061,21.464186662000031],[39.865955082000028,21.463991148000048],[39.865580622000039,21.463899864000041],[39.865544025000077,21.463743545000057],[39.865642978000039,21.463657067000042],[39.865724140000054,21.463552307000043],[39.865801581000028,21.463462993000064],[39.865623283000048,21.462618095000039],[39.865702849000058,21.462613374000057],[39.865708271000074,21.462579549000054],[39.866062347000025,21.462626257000068],[39.86616987900004,21.462131227000043],[39.865804719000039,21.462069155000052],[39.865722981000033,21.462372840000057],[39.865235212000073,21.462273746000051],[39.864733246000071,21.462129588000039],[39.863587047000067,21.463196357000072],[39.863243820000037,21.463103316000058],[39.863157710000053,21.463007552000022],[39.86181620900004,21.462849168000048],[39.861756840000055,21.463085871000033],[39.861572556000056,21.463069046000044],[39.86124949200007,21.463024497000049],[39.861376999000072,21.462750119000077],[39.861487899000053,21.462557587000049],[39.861501624000027,21.462488539000049],[39.861217106000026,21.462359908000053],[39.860981108000033,21.462266922000026],[39.861087571000041,21.462058347000038],[39.861211299000047,21.461695184000064],[39.861221262000072,21.461451626000041],[39.861258919000079,21.460751130000062],[39.860992494000072,21.46078409200004],[39.860974530000078,21.46071455200007],[39.860682611000072,21.460772305000035],[39.86070561400004,21.461093368000036],[39.860700479000059,21.461219053000036],[39.860364510000068,21.461061447000077],[39.860229189000052,21.46129854000003],[39.860465989000033,21.461428028000057],[39.860241390000056,21.461885778000067],[39.86093616900007,21.462214045000053],[39.860839955000074,21.462383977000059],[39.860717943000054,21.462331076000055],[39.860536671000034,21.462247879000074],[39.860497204000069,21.462317400000074],[39.860441531000049,21.462455661000035],[39.860225978000074,21.462464028000056],[39.860127112000043,21.462671236000062],[39.860304325000072,21.463166393000051],[39.860053143000073,21.463218195000024],[39.860066912000036,21.46312376700007],[39.859952845000066,21.463073091000069],[39.859853471000065,21.463002605000042],[39.859914138000079,21.462942497000029],[39.860091910000051,21.462696484000048],[39.860135006000064,21.462474615000076],[39.859963968000045,21.462330037000072],[39.859946490000027,21.462307792000047],[39.859881745000052,21.462276131000067],[39.859773850000067,21.462195803000043],[39.859661369000037,21.462093217000074],[39.859498702000053,21.461975257000063],[39.859269586000039,21.462201519000075],[39.859147131000043,21.462106799000026],[39.859013033000053,21.462019955000073],[39.858897312000067,21.461934578000069],[39.858805337000035,21.461911605000068],[39.858635959000026,21.462073473000032],[39.85834292800007,21.461935863000065],[39.858200629000066,21.461874067000053],[39.858073292000029,21.461801255000069],[39.857956032000061,21.461737768000035],[39.857820420000053,21.461677504000022],[39.857706645000064,21.461639010000056],[39.857429029000059,21.461566966000078],[39.857196524000074,21.461499383000046],[39.855861701000038,21.461109188000023],[39.855912516000046,21.46094636600003],[39.85477009300007,21.460617704000072],[39.85527707600005,21.459075453000025],[39.855268272000046,21.458997342000032],[39.854980505000071,21.458901900000058],[39.854866852000043,21.458883723000042],[39.854776867000055,21.458915447000038],[39.854713716000049,21.458967351000069],[39.854644086000064,21.459053677000043],[39.85459654400006,21.459205543000053],[39.854539406000072,21.459429357000033],[39.854050465000057,21.460916804000078],[39.853761266000049,21.460441001000049],[39.853635718000078,21.460235845000057],[39.853547703000061,21.460082579000073],[39.853360898000062,21.459856482000077],[39.853148393000026,21.45964775300007],[39.853065451000077,21.45954451700004],[39.852992803000063,21.459428075000062],[39.852959121000026,21.459321752000051],[39.852876228000071,21.459137730000066],[39.852653708000048,21.458776223000029],[39.85244655300005,21.458472472000039],[39.852330665000068,21.458357393000028],[39.852003754000066,21.458157235000044],[39.852508561000036,21.457805357000041],[39.852397342000074,21.457684574000041],[39.852263901000072,21.457667222000055],[39.852155186000061,21.457470255000032],[39.852084471000069,21.457404775000043],[39.852021825000065,21.45730439700003],[39.85199205400005,21.45716512100006],[39.851745187000063,21.456453384000042],[39.851944794000076,21.456321066000044],[39.852039680000075,21.456270564000079],[39.852147645000059,21.456172853000055],[39.852104819000033,21.456090137000047],[39.852048569000033,21.455903293000063],[39.851949522000041,21.455748197000048],[39.851946871000052,21.455679030000056],[39.851877344000059,21.455572322000023],[39.851748343000054,21.455637625000065],[39.851617349000037,21.455445944000076],[39.851529258000028,21.455488355000057],[39.851464036000039,21.455380948000027],[39.851485804000049,21.455288519000078],[39.85150144000005,21.45519476000004],[39.851484544000073,21.455061022000052],[39.851069769000048,21.455208525000046],[39.850991995000072,21.45528332300006],[39.850975395000034,21.45537345300005],[39.850781250000068,21.455570868000052],[39.850688285000047,21.455603742000051],[39.850629531000038,21.455629480000027],[39.850482093000039,21.455661758000076],[39.850395751000065,21.455681782000056],[39.850405871000078,21.455778959000043],[39.850410271000044,21.455816135000077],[39.850305031000062,21.455852962000051],[39.85023947600007,21.455834701000072],[39.850130732000025,21.455824196000037],[39.850126597000042,21.455722478000041],[39.850103777000072,21.455453864000049],[39.850239472000055,21.455426635000038],[39.850275574000079,21.455416477000028],[39.850320017000058,21.455427629000042],[39.850392094000028,21.455423146000044],[39.850459641000043,21.455396464000046],[39.850520863000042,21.455340183000033],[39.850533776000077,21.45529237900007],[39.850548686000025,21.455168530000037],[39.850737290000041,21.455158203000053],[39.850747043000069,21.455013397000073],[39.850544308000053,21.455003238000074],[39.850547978000066,21.454865896000058],[39.850907578000033,21.454935246000048],[39.850939187000051,21.454823699000031],[39.850991554000075,21.454842377000034],[39.851093437000031,21.454701002000036],[39.851016702000038,21.454644005000034],[39.851116546000071,21.45444241000007],[39.850793991000046,21.454342921000034],[39.850773788000026,21.454146709000042],[39.850657660000024,21.454156801000067],[39.850624399000026,21.454088244000047],[39.850452615000052,21.453920302000029],[39.850375750000069,21.453815597000073],[39.850509981000073,21.453705491000051],[39.850176160000046,21.453247417000057],[39.850193120000029,21.453198792000023],[39.85007637700005,21.45306170300006],[39.84993759200006,21.452926543000046],[39.850042694000081,21.45284412500007],[39.85011714400008,21.452755512000067],[39.850145086000055,21.452682788000061],[39.850246809000055,21.452707673000077],[39.850311911000063,21.452579641000057],[39.850466990000029,21.45262671200004],[39.850526621000029,21.45249235700004],[39.850651028000073,21.452529151000078],[39.850715078000064,21.452446261000034],[39.850623798000072,21.452373163000061],[39.850762919000033,21.452260931000069],[39.850720522000074,21.452221680000036],[39.850679871000068,21.452197941000065],[39.85061816700005,21.452150663000054],[39.850628870000037,21.452080608000074],[39.850617473000057,21.451957273000062],[39.850659479000058,21.451864742000055],[39.850495736000028,21.451788455000042],[39.850646303000076,21.45152390800007],[39.85061031500004,21.451401819000068],[39.85049889700008,21.451308514000061],[39.850359111000046,21.45131120700006],[39.850349558000062,21.451448008000057],[39.850208814000041,21.451444916000071],[39.850196272000062,21.451566103000062],[39.849951192000049,21.451521984000067],[39.849941136000041,21.451640890000078],[39.850155652000069,21.451693104000071],[39.850142445000074,21.451796375000072],[39.850000812000076,21.451934549000043],[39.850020154000049,21.452048771000022],[39.849981543000069,21.452037398000073],[39.849938330000043,21.452126532000023],[39.850005821000025,21.452184256000066],[39.849985791000051,21.452241971000035],[39.849945350000041,21.452227661000052],[39.849905786000079,21.452310652000051],[39.849933412000041,21.45234544300007],[39.849873113000058,21.452439879000053],[39.84981803800008,21.452465563000032],[39.849738133000074,21.452572575000033],[39.849572174000059,21.452761002000045],[39.84949535800007,21.452678828000046],[39.849425053000061,21.452707085000043],[39.849404579000065,21.452623491000054],[39.849335976000077,21.452395655000032],[39.849054472000034,21.452469440000073],[39.849091034000026,21.452612833000046],[39.84914320300004,21.452766924000059],[39.849088281000036,21.452792981000073],[39.849003760000073,21.452829102000067],[39.848847277000061,21.452875506000055],[39.848792846000038,21.45262137800006],[39.848674749000054,21.45263876100006],[39.848644114000081,21.452429559000052],[39.848477451000065,21.452399103000062],[39.848507654000059,21.452242442000056],[39.848264073000053,21.451906794000024],[39.84777327200004,21.451924912000038],[39.847531810000078,21.451864676000071],[39.847677425000029,21.451507475000028],[39.848472788000038,21.449629721000065],[39.849035766000043,21.448470001000032],[39.849570339000024,21.447494114000051],[39.849592894000068,21.447327932000064],[39.851267470000039,21.444190209000055],[39.852523843000029,21.442035172000033],[39.853960376000032,21.439660521000064],[39.854781270000046,21.438515420000044],[39.855236939000065,21.438685490000069],[39.855602352000062,21.438876649000065],[39.856366550000075,21.43942635600007],[39.85677607000008,21.43982251400007],[39.857036232000041,21.440168378000067],[39.857458716000053,21.440887920000023],[39.857869830000027,21.441587480000067],[39.85857972000008,21.442795427000078],[39.859344035000049,21.443909290000022],[39.859822475000044,21.444580495000025],[39.860174839000081,21.445003072000077],[39.86060156800005,21.445601278000026],[39.862520780000068,21.447862805000057],[39.864077888000054,21.44971789300007],[39.865079470000069,21.450794732000077],[39.86594894600006,21.451571344000058],[39.867246449000049,21.452425048000066],[39.867900316000032,21.45277949900003],[39.868736909000063,21.453154856000026],[39.870675448000043,21.453804380000065],[39.875923543000056,21.454917223000052],[39.876985965000074,21.455254388000071],[39.877911121000068,21.455766007000022],[39.878380982000067,21.456095196000035],[39.880266248000055,21.457416010000031],[39.881498598000064,21.45812249100004],[39.882887415000027,21.458683596000071],[39.885314820000076,21.459565042000065],[39.887299529000074,21.460034414000063],[39.888910668000051,21.460307316000069],[39.89073673200005,21.460414284000024],[39.892609800000059,21.460530639000069],[39.893759420000038,21.46073401600006],[39.895014041000024,21.461143306000054],[39.89501652000007,21.461145538000039]]]},"properties":{"OBJECTID":32,"OBJECTID_1":32,"RegionID":null,"city":"Makkah","discription":"Al-Noor District","Discription_AR":"حي النور","Region":"مكة المكرمة","Fence_Type":"Year_1447H_2026G","Capacity":null,"Actual_Cap":null,"type":"حي","GIS_data_type":"Polygon","Shape_Length":0.15968971945066823,"Shape_Area":0.00061441120801578931}},{"type":"Feature","id":33,"geometry":{"type":"Polygon","coordinates":[[[39.77737890800006,21.440388975000076],[39.777379024000027,21.440389298000071],[39.776017296000077,21.440303508000056],[39.775231984000072,21.440265314000044],[39.775228580000032,21.440264777000039],[39.774458995000032,21.440143397000043],[39.771940658000062,21.439491689000079],[39.770796560000065,21.439198162000025],[39.770755534000045,21.439187808000042],[39.770647947000043,21.439160680000043],[39.770616615000051,21.439152777000061],[39.770589401000052,21.439146998000069],[39.770453395000061,21.439118114000053],[39.770434872000067,21.439114180000047],[39.770418428000028,21.439111331000049],[39.770257589000039,21.439083473000039],[39.770251623000036,21.439082434000056],[39.770245154000065,21.439081563000059],[39.770067162000032,21.439057588000026],[39.769881787000031,21.439039684000022],[39.769695794000029,21.439028749000045],[39.769509481000057,21.439024802000063],[39.768969724000044,21.439031661000058],[39.768964715000038,21.439032355000052],[39.768211869000027,21.439136621000046],[39.76694892200004,21.439305436000041],[39.766180829000064,21.439385446000074],[39.765502282000057,21.439500900000041],[39.76429537100006,21.439645057000064],[39.763511290000054,21.439740267000047],[39.76337387600006,21.439752270000042],[39.763236008000035,21.439758136000023],[39.763097997000045,21.439757852000071],[39.762960158000055,21.439751418000071],[39.762822801000027,21.439738851000072],[39.762686239000061,21.439720177000027],[39.762550782000062,21.439695440000037],[39.762416736000034,21.439664695000033],[39.76228440400007,21.439628011000025],[39.762140867000028,21.439576701000078],[39.762000175000026,21.439518895000049],[39.761862664000034,21.439454730000023],[39.761794065000061,21.439418706000026],[39.761728660000074,21.43938435900003],[39.761598485000036,21.439307951000046],[39.761358570000027,21.439131896000049],[39.761352442000032,21.439127399000029],[39.761342349000074,21.439118526000073],[39.760837413000047,21.438674607000053],[39.760346829000071,21.438208317000033],[39.759786535000046,21.437690708000048],[39.759395256000062,21.437335330000053],[39.758984136000038,21.436961928000073],[39.758776916000045,21.436783109000032],[39.758759397000063,21.436763337000059],[39.758682408000027,21.436676447000025],[39.758187802000066,21.436219729000072],[39.757829745000038,21.435947893000048],[39.757689518000063,21.435841432000075],[39.757673751000027,21.435831619000055],[39.757421087000068,21.435674362000043],[39.757056524000063,21.43548095400007],[39.757037874000048,21.435471981000035],[39.756707384000038,21.435312972000077],[39.756595818000051,21.435259294000048],[39.75657693800008,21.435252641000034],[39.756416167000054,21.435195994000026],[39.75610643400006,21.435086860000069],[39.755969850000042,21.435045135000053],[39.755380543000058,21.434865105000029],[39.755129959000044,21.434784280000031],[39.754351462000045,21.43453317500007],[39.754169095000066,21.434488062000071],[39.753744071000028,21.434382924000033],[39.752807033000067,21.434075430000064],[39.75202557700004,21.433836076000034],[39.751491191000071,21.433662477000041],[39.751460180000038,21.433652403000053],[39.751415903000066,21.433638018000067],[39.751208120000058,21.433553890000042],[39.751018840000029,21.433477252000046],[39.750511547000031,21.433215666000024],[39.750390142000072,21.433153062000031],[39.750093023000034,21.432965073000048],[39.750033245000054,21.432923201000051],[39.749935432000029,21.432854686000042],[39.749782196000069,21.432739049000077],[39.749633513000049,21.43261831600006],[39.749489575000041,21.432492641000067],[39.749350571000036,21.432362190000049],[39.748564883000029,21.431690652000043],[39.748459057000048,21.431598835000045],[39.748133220000057,21.431316130000027],[39.747972158000039,21.43117638700005],[39.747829299000045,21.431067590000055],[39.747682173000044,21.430963898000073],[39.747530987000061,21.430865459000074],[39.747375956000042,21.430772411000078],[39.747217298000066,21.430684885000062],[39.74705523800003,21.430603007000059],[39.746932965000042,21.430541911000034],[39.746910425000067,21.430530649000048],[39.746773790000077,21.430468637000047],[39.74676271900006,21.43046361200004],[39.746612344000027,21.430401996000057],[39.746459528000059,21.430345895000073],[39.746304499000075,21.430295393000051],[39.746147492000034,21.430250565000051],[39.745988745000034,21.430211481000072],[39.745828496000058,21.430178198000078],[39.745666988000039,21.430150768000033],[39.74566628000008,21.43015067500005],[39.744618517000049,21.430012009000052],[39.744058534000033,21.42994182800004],[39.743679067000073,21.429911228000037],[39.743586540000081,21.429903766000052],[39.743448990000047,21.429903386000035],[39.743055500000025,21.429902298000059],[39.742001852000044,21.429950954000049],[39.741648528000042,21.429954431000056],[39.740068123000071,21.43000747800005],[39.738822447000075,21.430048834000047],[39.737382755000056,21.430093425000052],[39.736269736000054,21.430115055000044],[39.73440925500006,21.430180930000063],[39.734440513000038,21.430147598000076],[39.736927070000036,21.427496008000048],[39.737440184000036,21.426948822000043],[39.737481665000075,21.426904582000077],[39.737502401000029,21.426882458000023],[39.737504475000037,21.426880245000063],[39.737523133000025,21.426860331000057],[39.737568716000055,21.426811629000042],[39.73763285900003,21.426742932000025],[39.737696853000045,21.426674113000047],[39.737760649000052,21.426605134000056],[39.737824196000076,21.426535953000041],[39.737887446000059,21.426466533000053],[39.737950344000069,21.426396834000059],[39.738012840000067,21.426326819000053],[39.738074882000035,21.426256452000075],[39.738270353000075,21.426028294000048],[39.738460518000068,21.425796239000078],[39.738645291000068,21.425560396000037],[39.738824583000053,21.425320873000032],[39.738998311000046,21.425077782000074],[39.73916639600003,21.424831238000024],[39.739328758000056,21.424581354000054],[39.739485321000075,21.424328247000062],[39.739576984000053,21.424172400000032],[39.739636014000041,21.424072035000052],[39.73968182200008,21.423991495000053],[39.739727104000053,21.423910696000064],[39.739728072000048,21.423908953000023],[39.73977192600006,21.423829671000078],[39.739816337000036,21.423748449000072],[39.739860398000076,21.423667059000024],[39.739904165000041,21.423585531000072],[39.739947698000037,21.423503892000042],[39.739991054000029,21.423422172000073],[39.740034293000065,21.423340396000071],[39.740077473000042,21.42325859400006],[39.74039411900003,21.422658550000051],[39.740435906000073,21.422579387000042],[39.740437299000064,21.422576749000029],[39.740449843000079,21.422553003000075],[39.740463789000046,21.422526623000067],[39.740480537000053,21.422494973000028],[39.740523893000045,21.422413252000069],[39.740567425000052,21.422331614000029],[39.740611192000074,21.42225008500003],[39.740655251000078,21.422168695000039],[39.740699661000065,21.422087473000033],[39.740744480000046,21.422006447000058],[39.740789763000066,21.421925649000059],[39.740835570000058,21.42184510800007],[39.740987500000074,21.421586837000063],[39.741145393000068,21.421331722000048],[39.741309178000051,21.421079883000061],[39.741478775000076,21.420831441000075],[39.741633537000041,21.420615243000043],[39.74165410300003,21.420586513000046],[39.741835080000044,21.420345214000065],[39.74202162000006,21.420107659000053],[39.742213636000031,21.419873960000075],[39.742411036000078,21.419644228000038],[39.742613726000059,21.419418572000041],[39.742821610000078,21.419197097000051],[39.743034591000026,21.418979911000065],[39.743252566000081,21.418767114000048],[39.743475434000061,21.418558808000057],[39.743703089000064,21.418355091000024],[39.74393542200005,21.418156061000047],[39.744172325000079,21.417961810000065],[39.744246538000027,21.417902673000071],[39.744321132000039,21.417843957000059],[39.744396064000057,21.417785622000054],[39.744398042000057,21.417784092000034],[39.744471286000078,21.417727611000032],[39.744546759000059,21.41766989000007],[39.744622439000068,21.417612406000046],[39.744698285000027,21.417555112000059],[39.74477425300006,21.417497963000073],[39.744850304000067,21.417440910000039],[39.744926396000039,21.417383904000076],[39.745449688000065,21.41699195700005],[39.747020572000054,21.415815341000041],[39.747403769000073,21.415523989000064],[39.747782376000032,21.415227422000044],[39.748156312000049,21.414925704000041],[39.74852549600007,21.41461890000005],[39.748889850000069,21.414307075000067],[39.749249297000063,21.41399029400003],[39.749444921000077,21.41381276900006],[39.749603758000035,21.413668628000039],[39.750650255000039,21.41270495200007],[39.750650397000072,21.412704822000023],[39.751076349000073,21.412795663000054],[39.752166020000061,21.413025276000042],[39.753256638000039,21.413250914000059],[39.753804538000054,21.413365906000024],[39.754350981000073,21.413477814000032],[39.754353065000032,21.413478241000064],[39.754379525000047,21.413482870000053],[39.754390759000046,21.413484760000074],[39.75492068300008,21.413573921000022],[39.75494281400006,21.413577644000043],[39.754966213000046,21.413581278000038],[39.755472809000025,21.413659928000072],[39.755507415000068,21.413665300000048],[39.755543361000036,21.41367041500007],[39.756026365000025,21.413739150000026],[39.756073228000048,21.413745819000042],[39.756233498000029,21.413764924000077],[39.756349862000036,21.413777960000061],[39.756480639000074,21.413792611000076],[39.756603741000049,21.413806401000045],[39.756779908000055,21.413824372000022],[39.756783799000061,21.413824766000062],[39.756787338000038,21.413825127000052],[39.75697443200005,21.413844205000032],[39.757345530000066,21.413878332000024],[39.757636458000036,21.413902492000034],[39.757927590000065,21.413924392000069],[39.758318247000034,21.41394187700007],[39.758444862000033,21.413947545000042],[39.758867777000034,21.413966475000052],[39.759808256000042,21.414002376000042],[39.760765025000069,21.414032106000036],[39.761721627000043,21.414066238000032],[39.762336916000038,21.414086991000033],[39.763733374000026,21.414138000000037],[39.763827107000054,21.414141923000045],[39.764176473000077,21.414155103000041],[39.764353652000068,21.414161786000022],[39.764712960000054,21.41417533200007],[39.765149809000036,21.414188498000044],[39.765151087000049,21.41418853700003],[39.76515162100003,21.414188554000077],[39.765599072000043,21.414202035000073],[39.765686966000032,21.414205109000022],[39.766035621000071,21.414220507000039],[39.766383976000043,21.414241020000077],[39.76673194600005,21.414266643000076],[39.767079443000057,21.414297369000053],[39.767426384000032,21.414333191000026],[39.767766055000038,21.414382827000054],[39.768104497000024,21.41443934800003],[39.768441550000034,21.414502728000059],[39.768770749000055,21.414571617000036],[39.768777057000079,21.414572937000059],[39.768788356000073,21.414575504000027],[39.768983064000054,21.414619745000039],[39.76900381300004,21.414624460000027],[39.769025944000077,21.414629813000033],[39.769198318000065,21.414671505000058],[39.769229733000032,21.414679103000026],[39.769265282000049,21.414688226000067],[39.769410122000068,21.414725397000041],[39.769454772000074,21.414736856000047],[39.769533118000027,21.414758396000025],[39.769570773000055,21.414769240000055],[39.769811875000073,21.414838680000059],[39.769858848000069,21.41485220800007],[39.76990928500004,21.414867814000047],[39.770123844000068,21.41493420300003],[39.770182429000045,21.414952330000062],[39.770246756000063,21.414973630000077],[39.770431153000061,21.415034687000059],[39.770503723000047,21.415058716000033],[39.770583615000078,21.415086930000029],[39.770733432000043,21.415139838000073],[39.77082259000008,21.415171323000038],[39.771062717000063,21.415260836000073],[39.77130130900008,21.415353879000065],[39.771463779000044,21.415419615000076],[39.771768258000066,21.415554352000072],[39.772069778000059,21.415694805000044],[39.772368215000029,21.415840918000072],[39.772476032000043,21.415895483000043],[39.772708373000057,21.416016351000053],[39.772938632000034,21.416140664000068],[39.773166751000076,21.416268389000038],[39.773274387000072,21.416334729000027],[39.773603217000073,21.416540634000057],[39.773929594000037,21.416749936000031],[39.774253474000034,21.416962610000041],[39.774649827000076,21.417229774000077],[39.774832552000078,21.417354756000066],[39.775589500000081,21.417870032000053],[39.776348487000064,21.418382678000057],[39.777096836000055,21.418890862000069],[39.777846784000076,21.419396979000055],[39.778791839000064,21.420035842000061],[39.779616027000031,21.420586688000071],[39.779737915000055,21.420676461000028],[39.779830743000048,21.420744828000068],[39.779834562000076,21.420747641000048],[39.779834675000075,21.42074771800003],[39.779417949000049,21.42252392100005],[39.778588399000057,21.425101449000067],[39.77758108900008,21.428419648000045],[39.776870047000045,21.430730536000056],[39.776247884000043,21.433782093000048],[39.776188631000025,21.435174551000046],[39.77630713800005,21.43653738200004],[39.776781166000035,21.438670510000065],[39.77737890800006,21.440388975000076]]]},"properties":{"OBJECTID":33,"OBJECTID_1":33,"RegionID":null,"city":"Makkah","discription":"Al-Hamra District","Discription_AR":"حي الحمراء","Region":"مكة المكرمة","Fence_Type":"Year_1447H_2026G","Capacity":null,"Actual_Cap":null,"type":"حي","GIS_data_type":"Polygon","Shape_Length":0.12146472199492417,"Shape_Area":0.00078560872040604095}},{"type":"Feature","id":34,"geometry":{"type":"Polygon","coordinates":[[[39.794965063000063,21.457862171000045],[39.794873791000043,21.457768363000071],[39.794568908000031,21.457444813000052],[39.794269563000057,21.457116762000055],[39.793975835000026,21.456784292000066],[39.79075864400005,21.453124350000053],[39.79043286700005,21.452759356000058],[39.790101264000043,21.452398989000073],[39.789763910000033,21.452043333000063],[39.78951720200007,21.451790989000074],[39.789420881000069,21.451692466000054],[39.789072256000054,21.451346468000054],[39.788945178000063,21.451224090000039],[39.788841362000028,21.45112411100007],[39.788718112000026,21.451005418000022],[39.78835852900005,21.450669393000055],[39.787993591000031,21.450338468000041],[39.787623378000035,21.450012719000028],[39.787247975000071,21.449692218000052],[39.786867466000047,21.449377040000059],[39.786481939000055,21.449067253000067],[39.78609147800006,21.448762931000033],[39.785696174000066,21.448464140000056],[39.78529611600004,21.44817094800004],[39.784891394000056,21.447883422000075],[39.784482099000058,21.447601626000051],[39.784068325000078,21.447325625000076],[39.783650164000051,21.447055481000064],[39.78266921200003,21.446440657000039],[39.782045131000075,21.446095877000062],[39.781769497000028,21.445940645000064],[39.781496878000041,21.445780813000056],[39.781227363000028,21.445616432000065],[39.781021937000048,21.445482218000052],[39.780820591000065,21.445342688000039],[39.780623485000035,21.445197951000068],[39.780430770000066,21.445048120000024],[39.780242598000029,21.444893312000033],[39.780059114000039,21.444733647000078],[39.779880461000062,21.44456924900004],[39.779706781000073,21.444400248000022],[39.779538206000041,21.444226773000025],[39.779374869000037,21.444048962000068],[39.779216897000026,21.443866952000064],[39.779064412000025,21.443680884000059],[39.778917535000062,21.443490905000033],[39.778776378000032,21.443297162000079],[39.778641053000058,21.443099805000031],[39.778511664000064,21.44289899000006],[39.77838831300005,21.442694872000061],[39.778271095000036,21.442487609000068],[39.778160102000072,21.442277365000052],[39.778030363000028,21.442001835000042],[39.777905564000037,21.44172431100003],[39.777785742000049,21.441444872000034],[39.777670929000067,21.441163595000035],[39.777561156000047,21.440880560000039],[39.777456456000039,21.440595845000075],[39.777379023000037,21.440389295000045],[39.777378903000056,21.440388977000055],[39.77981215300008,21.440542236000056],[39.781555383000068,21.440653629000053],[39.782250813000076,21.440604112000074],[39.782509189000052,21.440585715000054],[39.782723080000039,21.440570483000045],[39.784687286000064,21.440195318000065],[39.785975975000042,21.439941447000024],[39.787601442000039,21.43963111100004],[39.788677646000053,21.439425631000063],[39.78979217300008,21.439485963000038],[39.790565745000038,21.439750404000051],[39.790676250000047,21.439776446000053],[39.792962421000027,21.439902652000058],[39.79472400800006,21.439973274000067],[39.797744683000076,21.440094173000034],[39.799485700000048,21.440164254000024],[39.799887841000043,21.440203868000026],[39.80043108700005,21.440274577000025],[39.800882935000061,21.440335943000036],[39.802043280000078,21.440576857000053],[39.802935482000066,21.440792682000051],[39.804083928000068,21.441005069000028],[39.804246239000065,21.441021896000052],[39.80425133600005,21.44102246500006],[39.804249819000063,21.441040628000053],[39.80440119900004,21.44105800400007],[39.804795811000076,21.441083837000065],[39.805222231000073,21.441090152000072],[39.805794821000063,21.441096361000064],[39.80598825800007,21.441102003000026],[39.806230233000065,21.441112790000034],[39.806629358000066,21.441146723000031],[39.806935310000028,21.441184092000071],[39.807340943000042,21.441240701000027],[39.80777469700007,21.441303746000074],[39.808402006000051,21.441393943000037],[39.808861316000048,21.441461046000029],[39.809333171000048,21.441528684000048],[39.809610624000072,21.441569059000074],[39.809601918000055,21.44167750400004],[39.80935962500007,21.442870493000044],[39.809148637000078,21.443925849000038],[39.808920241000067,21.445005690000073],[39.808786440000063,21.445906587000025],[39.808743100000072,21.446435553000072],[39.808696729000076,21.447944028000052],[39.808666106000032,21.448641996000049],[39.808489561000044,21.451229759000057],[39.807380335000062,21.450959339000065],[39.807050486000037,21.449860118000061],[39.806325332000029,21.450142613000025],[39.806136289000051,21.450078763000079],[39.805795723000074,21.449497145000066],[39.805494850000059,21.448983315000078],[39.805156056000044,21.448912016000065],[39.804702752000026,21.448961147000034],[39.804222897000045,21.448953897000024],[39.803845649000039,21.449041722000061],[39.803729114000078,21.449199973000077],[39.803337888000044,21.449531572000069],[39.802981842000065,21.449762650000025],[39.802594670000076,21.449903085000074],[39.802385706000052,21.44996143000003],[39.802081380000061,21.450316500000042],[39.802021539000066,21.45057483000005],[39.801890026000081,21.45079527300004],[39.801364178000028,21.451361146000067],[39.799222777000068,21.45415825200007],[39.797319275000063,21.45561118300003],[39.796384095000064,21.456864864000067],[39.796117711000079,21.457494723000025],[39.795617604000029,21.457716764000054],[39.795393457000046,21.45780469500005],[39.795234010000058,21.457788481000023],[39.794965063000063,21.457862171000045]]]},"properties":{"OBJECTID":34,"OBJECTID_1":34,"RegionID":null,"city":"Makkah","discription":"Al-Zahir District","Discription_AR":"حي الزاهر","Region":"مكة المكرمة","Fence_Type":"Year_1447H_2026G","Capacity":null,"Actual_Cap":null,"type":"حي","GIS_data_type":"Polygon","Shape_Length":0.086582190544383944,"Shape_Area":0.0003254817218679173}},{"type":"Feature","id":35,"geometry":{"type":"Polygon","coordinates":[[[39.82467986000006,21.458744185000057],[39.819096285000057,21.462832040000023],[39.819096248000051,21.462832006000042],[39.818986567000024,21.462728180000056],[39.818880543000034,21.462621077000051],[39.818778288000033,21.462510809000037],[39.818622786000049,21.462320920000025],[39.81847268100006,21.462127262000024],[39.818358721000038,21.461955148000072],[39.818249950000052,21.461780116000057],[39.818187013000056,21.461665923000055],[39.818119882000076,21.461553842000058],[39.81804863900004,21.461444008000058],[39.817973369000072,21.46133655400007],[39.817892880000045,21.461233108000044],[39.817809070000067,21.461131999000031],[39.817722017000051,21.461033322000048],[39.817629059000069,21.460932858000035],[39.817531668000072,21.460836144000041],[39.81743001500007,21.460743353000055],[39.81736535400006,21.460690040000031],[39.817297422000024,21.460640418000025],[39.817226461000075,21.460594662000062],[39.817172468000081,21.460555224000075],[39.815055514000051,21.459008826000058],[39.814787206000062,21.458742087000076],[39.814416213000072,21.458319718000041],[39.814092143000039,21.45780121100006],[39.813967059000049,21.45754290800005],[39.812527855000042,21.454226458000051],[39.811758682000061,21.452464502000055],[39.811543019000055,21.452057217000061],[39.81076623000007,21.450712096000075],[39.81058084700004,21.450404119000041],[39.810381806000066,21.450086652000039],[39.809991057000047,21.449547216000042],[39.809670271000073,21.449148511000033],[39.808696729000076,21.447944028000052],[39.808743100000072,21.446435553000072],[39.808786440000063,21.445906587000025],[39.808920241000067,21.445005690000073],[39.809148637000078,21.443925849000038],[39.80935962500007,21.442870493000044],[39.809601918000055,21.44167750400004],[39.809610624000072,21.441569059000074],[39.809953138000026,21.441618902000073],[39.810324729000058,21.441670680000072],[39.810437388000025,21.441687424000065],[39.810550884000065,21.441698127000052],[39.810664847000055,21.441702755000051],[39.810778906000053,21.441701293000051],[39.810892691000049,21.441693746000055],[39.811000978000038,21.44168239000004],[39.811108168000032,21.441664058000072],[39.811213750000036,21.441638838000074],[39.811317219000045,21.441606850000028],[39.811418081000056,21.441568248000067],[39.811513088000027,21.441531061000035],[39.811605500000042,21.441488525000068],[39.811694970000076,21.441440795000062],[39.811781170000074,21.441388050000057],[39.811863776000052,21.441330488000062],[39.811942482000063,21.441268319000073],[39.812062190000063,21.441169493000075],[39.812335131000054,21.440939409000066],[39.812732921000077,21.440617048000036],[39.81302082600007,21.440386341000078],[39.813099306000026,21.440319936000037],[39.813182686000061,21.440258991000064],[39.813270535000072,21.440203821000068],[39.813362396000059,21.440154714000073],[39.813457795000033,21.440111923000075],[39.813556234000032,21.440075671000045],[39.813657205000027,21.440046144000064],[39.813760183000056,21.440023498000073],[39.814091341000051,21.439956192000068],[39.814381423000043,21.439894425000034],[39.814728873000035,21.439818632000026],[39.815099909000025,21.439737346000072],[39.815420581000069,21.439667061000023],[39.815813297000034,21.439582082000072],[39.816191978000063,21.439498365000077],[39.816596172000061,21.439411536000023],[39.816954457000065,21.43933329500004],[39.817266205000067,21.439265441000032],[39.817504653000071,21.43921646900003],[39.817774969000027,21.439158975000055],[39.818103977000078,21.439090254000064],[39.818341896000049,21.439839668000047],[39.818380570000045,21.439984125000024],[39.81865909000004,21.440896171000077],[39.818985865000059,21.44166694300003],[39.819132742000079,21.442061490000071],[39.819204241000079,21.442271366000057],[39.819338778000031,21.442800417000058],[39.819432770000049,21.443246541000065],[39.819493689000069,21.443942034000031],[39.819539098000064,21.444306533000031],[39.819684820000077,21.444411458000047],[39.819755429000054,21.444469759000071],[39.81987484800004,21.444551311000055],[39.820189581000079,21.444725176000077],[39.820418065000069,21.444898073000047],[39.820522738000079,21.445001970000078],[39.820570813000074,21.445089438000025],[39.820643139000026,21.445258925000076],[39.820732274000079,21.44550907100006],[39.820803669000043,21.445710174000055],[39.821359217000065,21.447528763000037],[39.82170899700003,21.448647712000025],[39.821967584000049,21.449414899000033],[39.822162458000037,21.44995687200003],[39.822486817000026,21.450866941000072],[39.822712380000041,21.451493867000067],[39.822851680000042,21.451937272000066],[39.823111599000072,21.453204225000036],[39.823143619000064,21.453536617000054],[39.823151333000055,21.453659255000048],[39.823180344000036,21.453794149000032],[39.823704693000025,21.455397158000039],[39.824141954000027,21.456850502000066],[39.824239520000049,21.457197181000026],[39.824239583000065,21.457197412000028],[39.824239628000043,21.45719758000007],[39.82467986000006,21.458744185000057]]]},"properties":{"OBJECTID":35,"OBJECTID_1":35,"RegionID":null,"city":"Makkah","discription":"Al-Otaibiyah District","Discription_AR":"حي العتيبية","Region":"مكة المكرمة","Fence_Type":"Year_1447H_2026G","Capacity":null,"Actual_Cap":null,"type":"حي","GIS_data_type":"Polygon","Shape_Length":0.061991185715331014,"Shape_Area":0.00022221648428780711}},{"type":"Feature","id":36,"geometry":{"type":"Polygon","coordinates":[[[39.831342195000047,21.519347437000079],[39.831339951000075,21.519348008000065],[39.831331662000025,21.519873600000039],[39.828446352000071,21.520181900000068],[39.827538798000035,21.520284942000046],[39.82685864900003,21.520320702000049],[39.826469532000033,21.520349500000066],[39.825856050000027,21.520330527000056],[39.825172997000038,21.520305228000041],[39.824692331000051,21.520235658000047],[39.82346536600005,21.519805588000054],[39.823214580000069,21.519709232000025],[39.822181630000046,21.519153235000033],[39.817543889000035,21.516882954000039],[39.81706463900008,21.516660168000044],[39.816821129000061,21.516551365000055],[39.816393690000041,21.516398523000078],[39.81452218700008,21.515874748000044],[39.813923125000031,21.51577760300006],[39.813008341000057,21.515720935000047],[39.812198797000065,21.515729031000035],[39.811373063000076,21.51579784200004],[39.810632330000033,21.515939998000079],[39.809918999000047,21.51611833000004],[39.809298928000032,21.516322258000059],[39.808766727000034,21.516534475000071],[39.808294942000032,21.516730245000076],[39.807816414000058,21.516971032000072],[39.806795094000051,21.517566694000038],[39.80572244800004,21.518214329000045],[39.805265056000053,21.518473383000071],[39.804637660000026,21.518821487000025],[39.803795735000051,21.519169591000036],[39.803265484000065,21.519339595000076],[39.802680742000064,21.519475271000033],[39.802194765000024,21.519560158000047],[39.80162017400005,21.519619282000065],[39.801096847000053,21.519605863000038],[39.800378532000025,21.519560156000068],[39.799319718000049,21.519371457000034],[39.797943471000053,21.519008734000067],[39.796749214000045,21.518606176000048],[39.795702561000041,21.518290838000041],[39.794790933000058,21.518008628000075],[39.793805503000044,21.517746545000023],[39.792947838000032,21.517445806000069],[39.791123392000031,21.51695862300005],[39.791346799000053,21.514559503000044],[39.793667094000057,21.490435697000066],[39.793752636000079,21.489596605000031],[39.793787599000041,21.489239585000064],[39.793955143000062,21.488058048000028],[39.794261756000026,21.486275614000078],[39.794663896000031,21.484290452000039],[39.794872270000042,21.483187653000073],[39.795022719000031,21.482418963000043],[39.79528098600008,21.481121879000057],[39.795563788000038,21.479696328000045],[39.795578216000081,21.479624876000059],[39.795700047000025,21.479021518000025],[39.796106832000078,21.476927794000062],[39.796498206000081,21.474909787000058],[39.796647277000034,21.474168915000064],[39.79698256100005,21.472349799000028],[39.797154747000036,21.471578215000022],[39.797293039000067,21.471075213000063],[39.797429043000079,21.470649416000072],[39.797606053000038,21.470231696000042],[39.797814552000034,21.469818756000052],[39.798018285000069,21.469483951000029],[39.798240107000026,21.469161673000031],[39.798473407000074,21.468855228000052],[39.798712635000072,21.468586033000065],[39.799060269000051,21.468222586000024],[39.799348793000036,21.467972891000045],[39.79982645900003,21.46761375400007],[39.80023086500006,21.467351989000065],[39.800882792000039,21.466994498000076],[39.802503667000053,21.466280318000031],[39.802955036000071,21.466025772000023],[39.803317066000034,21.465764051000065],[39.803714295000077,21.465463515000067],[39.804004704000079,21.46522318500007],[39.804293121000057,21.464984497000046],[39.804722081000079,21.464468164000039],[39.804842636000046,21.464520173000039],[39.805221994000078,21.464676629000053],[39.80560411700003,21.464827074000027],[39.805988896000031,21.464971466000065],[39.80637622200004,21.465109765000022],[39.806765983000048,21.465241931000037],[39.80715807100006,21.465367925000066],[39.807552373000078,21.465487714000062],[39.807948777000036,21.465601261000074],[39.808347170000047,21.465708535000033],[39.808587651000039,21.465792061000059],[39.808830684000043,21.465868841000031],[39.809076054000059,21.465938806000054],[39.809323543000062,21.466001893000055],[39.809572932000037,21.466058048000036],[39.80982399800007,21.466107220000026],[39.810076518000074,21.466149364000046],[39.81033026700004,21.466184444000078],[39.810585021000065,21.466212430000041],[39.810840553000048,21.466233295000052],[39.811096636000059,21.466247022000061],[39.811353042000064,21.466253597000048],[39.811609544000078,21.466253015000063],[39.81186591200003,21.466245278000031],[39.812121921000028,21.466230391000067],[39.812377342000048,21.466208368000025],[39.812631949000036,21.466179228000044],[39.812885514000072,21.466142998000066],[39.813137813000026,21.466099709000048],[39.813388620000069,21.466049400000031],[39.813637715000027,21.465992115000063],[39.813884875000042,21.465927907000037],[39.814129880000053,21.465856831000053],[39.81437251400007,21.465778951000061],[39.814612559000068,21.46569433600007],[39.814849803000072,21.465603060000035],[39.815084035000041,21.465505207000035],[39.81531504700007,21.465400862000024],[39.815542635000043,21.465290117000052],[39.815766594000024,21.465173072000027],[39.815986727000052,21.465049830000055],[39.816202838000038,21.46492050300003],[39.816429342000049,21.464770484000042],[39.816653102000032,21.464616900000067],[39.816874056000074,21.464459797000075],[39.817092140000057,21.464299217000075],[39.819065468000076,21.462854539000034],[39.819065506000072,21.462854573000072],[39.819165745000078,21.462947861000032],[39.819486612000048,21.463174588000072],[39.819765887000074,21.463362606000032],[39.820068928000069,21.463534034000077],[39.820383854000056,21.463694402000044],[39.821423702000061,21.464214213000048],[39.824388757000065,21.465674097000033],[39.825725706000071,21.466381915000056],[39.826135703000034,21.466741352000042],[39.82653381700004,21.467255623000028],[39.826824974000033,21.467609527000036],[39.827333171000078,21.468346352000026],[39.829982876000031,21.472045107000042],[39.83031647200005,21.472559556000078],[39.830507098000055,21.472896606000063],[39.830650068000068,21.473304614000028],[39.830735850000053,21.473677143000032],[39.830793037000035,21.473996452000051],[39.83098366400003,21.476045335000038],[39.831031320000079,21.476471073000027],[39.83108850800005,21.476719420000052],[39.831231478000063,21.476950027000044],[39.831383978000076,21.477145156000063],[39.831631793000042,21.477349154000024],[39.831936795000047,21.477517675000058],[39.832308517000058,21.477632977000042],[39.832680237000034,21.477650717000074],[39.833004302000063,21.477579760000026],[39.833261648000075,21.477473327000041],[39.833509462000052,21.477331415000037],[39.833719085000041,21.477200415000027],[39.83393495200005,21.477078028000051],[39.834003375000066,21.47704737600003],[39.834185863000073,21.476965625000048],[39.834433752000052,21.47687336100006],[39.834435530000064,21.476872699000069],[39.83443832200004,21.476882525000065],[39.834439208000049,21.476885641000024],[39.834472780000056,21.477003781000064],[39.834640241000045,21.477593049000063],[39.834831898000061,21.478509991000067],[39.834968332000074,21.479147536000028],[39.83507596700008,21.479660926000065],[39.83505124800007,21.479804471000023],[39.835102496000047,21.480282287000023],[39.835101732000055,21.480325677000053],[39.835094987000048,21.480368611000074],[39.835082376000059,21.480410370000072],[39.835064110000076,21.480450255000051],[39.835040494000054,21.480487599000071],[39.835011922000035,21.480521776000046],[39.834721933000026,21.480724014000032],[39.834262833000025,21.480829092000079],[39.834188898000036,21.480841582000039],[39.833548432000043,21.480949784000074],[39.832672745000025,21.481001956000057],[39.83255047800003,21.481013133000033],[39.833509757000058,21.483218795000028],[39.833942314000069,21.484175028000038],[39.833944153000061,21.484179096000048],[39.831374475000075,21.518911181000078],[39.831368195000039,21.518996056000049],[39.831364839000059,21.519041409000067],[39.831342196000037,21.519347399000026],[39.831342195000047,21.519347437000079]]]},"properties":{"OBJECTID":36,"OBJECTID_1":36,"RegionID":null,"city":"Makkah","discription":"Al-Taneem District","Discription_AR":"حي التنعيم","Region":"مكة المكرمة","Fence_Type":"Year_1447H_2026G","Capacity":null,"Actual_Cap":null,"type":"حي","GIS_data_type":"Polygon","Shape_Length":0.1834750586201935,"Shape_Area":0.0020034832384884993}},{"type":"Feature","id":37,"geometry":{"type":"Polygon","coordinates":[[[39.821860842000035,21.386112108000077],[39.821647763000044,21.386117094000042],[39.821468965000065,21.386122481000029],[39.821290391000048,21.38613243900005],[39.821112173000074,21.386146960000076],[39.820934445000034,21.386166033000052],[39.820747005000044,21.386187106000023],[39.820560208000074,21.386212697000076],[39.820374177000076,21.386242792000075],[39.820239814000047,21.386267419000035],[39.820105968000064,21.386294396000039],[39.819886972000063,21.386338231000025],[39.819669635000025,21.386388784000076],[39.819454188000066,21.386446001000024],[39.819240867000076,21.386509820000072],[39.819035922000069,21.38657558400007],[39.818832693000047,21.386645865000048],[39.818631295000046,21.386720624000077],[39.818431837000048,21.386799818000043],[39.818222252000055,21.386888729000077],[39.818015840000044,21.386983926000028],[39.817812814000035,21.387085313000057],[39.817613387000051,21.387192781000067],[39.817436428000065,21.387286849000077],[39.817262585000037,21.387385882000046],[39.817092016000061,21.387489790000075],[39.816924878000066,21.38759847700004],[39.816680334000068,21.387766753000051],[39.816504288000033,21.38789812300007],[39.816330704000052,21.388032335000048],[39.816159632000051,21.388169348000076],[39.81605081500004,21.388259041000026],[39.815844537000032,21.388449985000022],[39.815659610000068,21.38862608900007],[39.815477246000057,21.388804522000044],[39.815348912000047,21.388936956000066],[39.815225439000073,21.389073383000039],[39.815106968000066,21.389213645000041],[39.814993633000029,21.389357584000038],[39.814855369000043,21.389534370000035],[39.814721449000047,21.389714066000067],[39.814591943000039,21.389896578000048],[39.814466920000029,21.390081811000073],[39.814346443000034,21.390269669000077],[39.814240089000066,21.390425508000078],[39.813904711000077,21.390916931000049],[39.813796996000065,21.391071163000049],[39.813650986000027,21.391270931000065],[39.813499920000027,21.391467376000037],[39.813343886000041,21.391660383000044],[39.813173605000031,21.391859582000052],[39.813009374000046,21.392042245000027],[39.812840516000051,21.392221170000028],[39.812667128000044,21.392396253000072],[39.812509243000079,21.392548693000037],[39.812348769000039,21.392698745000075],[39.812143819000028,21.392883599000072],[39.811934944000029,21.393064558000049],[39.811841789000027,21.393145576000052],[39.811745565000081,21.393223385000056],[39.81164639800005,21.39329788200007],[39.811544419000029,21.393368971000029],[39.811538288000065,21.39337308100005],[39.811423126000079,21.393461984000055],[39.811306543000057,21.393549247000067],[39.811204523000072,21.393623435000052],[39.811068563000049,21.39371925100005],[39.810930861000031,21.393812861000072],[39.810614007000027,21.394003864000069],[39.810294115000033,21.394190373000072],[39.810057573000051,21.394320882000045],[39.809818251000024,21.394446866000067],[39.809576248000042,21.39456827600003],[39.809518278000041,21.394593675000067],[39.809515428000054,21.394594923000056],[39.809515145000034,21.394592388000035],[39.809566890000042,21.394470959000046],[39.808978650000029,21.391126073000066],[39.80592503400004,21.378956020000032],[39.80433723200008,21.372583214000031],[39.804169887000057,21.371786308000026],[39.803864035000061,21.371086616000071],[39.803631299000074,21.370625109000059],[39.804111242000033,21.36991471500005],[39.804129830000079,21.369626670000059],[39.803913112000032,21.368702464000023],[39.803714084000035,21.367324996000036],[39.803531853000038,21.366254285000025],[39.803467729000033,21.366081598000051],[39.804043956000044,21.36597376800006],[39.80493223700006,21.365801744000066],[39.805863872000032,21.365660707000075],[39.806400977000067,21.365647982000041],[39.807105150000041,21.365687206000075],[39.807657750000033,21.365735271000062],[39.808134259000042,21.365763551000043],[39.808842394000067,21.365750056000024],[39.809065510000039,21.365727703000061],[39.809577144000059,21.365773708000063],[39.810551446000034,21.365817478000054],[39.810787183000059,21.364740138000059],[39.810902616000078,21.364361649000045],[39.811210247000076,21.36439722700004],[39.811989297000025,21.364362097000026],[39.812287544000071,21.364352101000065],[39.812528197000063,21.364385151000079],[39.813881749000075,21.364195525000071],[39.815623843000026,21.363889019000055],[39.816907484000069,21.367096011000058],[39.820410092000031,21.376515143000063],[39.821336036000048,21.377270257000077],[39.821984722000025,21.377895616000046],[39.822539600000027,21.378717863000077],[39.823853316000054,21.379771834000053],[39.824372686000061,21.380349276000061],[39.82512474300006,21.380998387000034],[39.825490358000025,21.381770064000023],[39.825624574000074,21.382687824000072],[39.825628506000044,21.383388696000054],[39.825714412000025,21.383925880000049],[39.826023895000048,21.384283611000058],[39.826085770000077,21.385001814000077],[39.826728676000073,21.385503581000023],[39.826728646000049,21.38550361800003],[39.826726445000077,21.385506400000054],[39.826697526000032,21.385515001000044],[39.826249806000078,21.385648161000063],[39.82595423600003,21.385726784000042],[39.825657324000076,21.385800833000076],[39.825279150000028,21.385881261000065],[39.824900027000069,21.385957659000042],[39.824533232000078,21.386005768000075],[39.82416571300007,21.386048755000047],[39.823936310000079,21.386069429000031],[39.823706525000034,21.386085962000038],[39.823476443000061,21.386098349000065],[39.823246148000067,21.38610658500005],[39.822867847000055,21.386113454000053],[39.82248947800008,21.386114477000035],[39.822287116000041,21.386112625000067],[39.822073981000074,21.386110618000032],[39.821860842000035,21.386112108000077]]]},"properties":{"OBJECTID":37,"OBJECTID_1":37,"RegionID":null,"city":"Makkah","discription":"Al-Kakiyah District","Discription_AR":"حي الكعكية","Region":"مكة المكرمة","Fence_Type":"Year_1447H_2026G","Capacity":null,"Actual_Cap":null,"type":"حي","GIS_data_type":"Polygon","Shape_Length":0.08845343265138518,"Shape_Area":0.00038000974008429382}},{"type":"Feature","id":38,"geometry":{"type":"MultiPolygon","coordinates":[[[[39.788176607000025,21.37611666600003],[39.785164695000049,21.375878841000031],[39.785984774000042,21.375925419000055],[39.788176607000025,21.37611666600003]]],[[[39.80592503400004,21.378956020000032],[39.808978650000029,21.391126073000066],[39.809566890000042,21.394470959000046],[39.809515145000034,21.394592388000035],[39.809515428000054,21.394594923000056],[39.809250273000032,21.394711050000069],[39.808852247000061,21.394885155000054],[39.808481008000058,21.395018514000071],[39.808112061000031,21.395157340000026],[39.807820363000076,21.395241608000049],[39.807527191000077,21.395321261000049],[39.80723262600003,21.395396276000042],[39.806972417000054,21.395457454000052],[39.806710446000068,21.395511638000073],[39.806446928000071,21.395558785000048],[39.806181146000029,21.395599255000036],[39.805914789000042,21.395636262000039],[39.805647908000026,21.395669801000054],[39.805294864000075,21.39569805800005],[39.804941261000067,21.395719320000069],[39.804469828000038,21.395729120000055],[39.803998290000038,21.395731984000065],[39.803619211000068,21.395734937000043],[39.803234903000032,21.395736998000075],[39.802307813000027,21.395740080000053],[39.802124043000049,21.395740529000022],[39.801150394000047,21.395742900000073],[39.800187097000048,21.395747499000038],[39.799078942000051,21.395752784000024],[39.798385063000069,21.395753376000073],[39.798078808000071,21.395764091000046],[39.79777269300007,21.395777907000024],[39.79742632500006,21.395797280000068],[39.797200433000057,21.395814764000022],[39.796975049000025,21.395837276000066],[39.796750300000042,21.395864804000041],[39.796531624000067,21.39589649800007],[39.79619985000005,21.395947860000035],[39.795869347000064,21.396005965000029],[39.79554027000006,21.396070785000063],[39.79476036300008,21.396235924000052],[39.794391920000066,21.396306336000066],[39.794024832000048,21.396382698000025],[39.793659206000029,21.396464989000037],[39.793399879000049,21.39651337500004],[39.793141322000054,21.396565250000037],[39.792883589000041,21.396620603000031],[39.791886585000043,21.396823385000062],[39.791653620000034,21.396872532000032],[39.791421820000039,21.396926288000031],[39.791191287000061,21.396984628000041],[39.790962124000032,21.397047526000051],[39.790739062000057,21.397112837000066],[39.790517616000045,21.397182808000025],[39.790297898000063,21.397257401000047],[39.790080018000026,21.397336582000037],[39.789815795000038,21.397439335000058],[39.789554601000077,21.397548671000038],[39.789296623000041,21.397664512000063],[39.789112396000064,21.397751845000073],[39.788930986000025,21.397844207000048],[39.788752550000027,21.39794151600006],[39.788577241000041,21.398043689000076],[39.788480308000032,21.398095290000072],[39.788384448000045,21.398148620000029],[39.788380188000076,21.398151142000074],[39.788206500000058,21.398253956000076],[39.788032735000058,21.398365249000051],[39.787901487000056,21.398455219000027],[39.787714147000031,21.398577729000067],[39.787530426000046,21.398704954000038],[39.787350459000038,21.398836802000062],[39.787174378000032,21.398973175000037],[39.787002313000073,21.399113971000077],[39.786998187000052,21.399117439000065],[39.786834947000045,21.399254877000033],[39.786674855000058,21.399395525000045],[39.786517981000031,21.399539319000041],[39.786364397000057,21.399686195000072],[39.786309069000026,21.399740662000056],[39.785999551000032,21.400073442000064],[39.785692615000073,21.400408313000071],[39.785617883000043,21.400501463000069],[39.785593170000027,21.400532652000038],[39.785592441000063,21.400533593000034],[39.785589084000037,21.400531456000067],[39.783563295000079,21.399158225000065],[39.784948047000057,21.397360970000022],[39.785112239000057,21.397088730000064],[39.785197794000055,21.396824614000025],[39.785310677000041,21.396250119000058],[39.785559259000024,21.394720963000054],[39.78610040600006,21.391371581000044],[39.786657864000063,21.387979458000075],[39.787023703000045,21.38592619800005],[39.78732552200006,21.384292077000055],[39.788176607000025,21.37611666600003],[39.789232490000074,21.376208796000071],[39.792016336000074,21.376467150000053],[39.792906828000071,21.376517238000076],[39.79378883000004,21.376528581000059],[39.794698612000047,21.376439045000041],[39.796009024000057,21.376198825000074],[39.797142913000073,21.375820416000067],[39.798365146000037,21.375286697000035],[39.799627126000075,21.374491543000033],[39.800490336000053,21.373817099000064],[39.80100494800007,21.373295374000065],[39.802214465000077,21.372052794000069],[39.80259376600003,21.371673331000068],[39.80302458400007,21.371194488000071],[39.803631299000074,21.370625109000059],[39.803864035000061,21.371086616000071],[39.804169887000057,21.371786308000026],[39.80433723200008,21.372583214000031],[39.80592503400004,21.378956020000032]]]]},"properties":{"OBJECTID":38,"OBJECTID_1":38,"RegionID":null,"city":"Makkah","discription":"Al-Shuqiyah District","Discription_AR":"حي الشوقية","Region":"مكة المكرمة","Fence_Type":"Year_1447H_2026G","Capacity":null,"Actual_Cap":null,"type":"حي","GIS_data_type":"Polygon","Shape_Length":0.099852670750472994,"Shape_Area":0.00044623240297247453}},{"type":"Feature","id":39,"geometry":{"type":"Polygon","coordinates":[[[39.821007740000027,21.411320913000054],[39.82185783500006,21.41324701800005],[39.822097961000054,21.413769126000034],[39.822455942000033,21.414626131000034],[39.822541665000074,21.414877487000069],[39.822681913000054,21.415351998000062],[39.822738279000077,21.415658389000043],[39.822784182000078,21.415925818000062],[39.822852831000034,21.416362801000048],[39.822861143000068,21.416541724000069],[39.822820750000062,21.417202891000045],[39.822796698000047,21.417502420000062],[39.822763360000067,21.418118868000022],[39.822718764000058,21.418687056000067],[39.82270482000007,21.418818003000069],[39.822648725000079,21.419307089000029],[39.822489137000048,21.420354443000065],[39.822102165000047,21.421383861000038],[39.82191122100005,21.421706210000025],[39.821707570000058,21.421997496000074],[39.821706506000055,21.421999018000065],[39.821680447000062,21.422005715000068],[39.821547630000055,21.422039848000054],[39.821450215000027,21.422088874000053],[39.821390465000036,21.422123062000026],[39.821355845000028,21.422142870000073],[39.821264810000059,21.422201672000028],[39.821253736000074,21.422208788000034],[39.821226031000037,21.422228915000062],[39.821213302000046,21.422238162000042],[39.821172106000063,21.422268089000056],[39.821094243000061,21.422331677000045],[39.821073770000055,21.422350440000059],[39.82102040500007,21.422399343000052],[39.820941408000067,21.422483827000065],[39.820866440000032,21.422571471000026],[39.820471699000052,21.423038666000025],[39.820182179000028,21.423373810000044],[39.820126491000053,21.423439439000049],[39.820066905000033,21.423501994000048],[39.820003615000076,21.423561273000075],[39.819936823000035,21.423617083000067],[39.819866748000038,21.423669244000052],[39.819796110000027,21.423715208000033],[39.819722422000041,21.42375676100005],[39.819720782000047,21.423757558000034],[39.819649961000039,21.423791957000049],[39.81957531200004,21.423822886000039],[39.819498764000059,21.423849432000054],[39.819420606000051,21.423871492000046],[39.819186331000026,21.423915396000041],[39.818951343000037,21.423955826000054],[39.818715040000029,21.423982151000075],[39.818478238000068,21.42400420000007],[39.818241026000067,21.424021969000023],[39.817783311000028,21.424052635000066],[39.817782415000067,21.424052695000057],[39.817457248000039,21.424082700000042],[39.817454545000032,21.424082949000024],[39.81732200600004,21.424095184000066],[39.817185915000039,21.423760725000022],[39.816967249000072,21.423026150000055],[39.816824641000039,21.422273869000037],[39.810643395000056,21.421640995000075],[39.810440935000031,21.41535159600005],[39.81039207200007,21.414659378000067],[39.810289385000033,21.41389259400006],[39.810124760000065,21.413190951000047],[39.81004026100004,21.412798278000025],[39.809864631000039,21.412079857000037],[39.809799488000067,21.411684875000049],[39.809758148000071,21.411287439000034],[39.811170180000033,21.411286081000071],[39.812567684000044,21.411284726000076],[39.813402140000051,21.411293550000039],[39.815422108000064,21.411313890000031],[39.818148138000026,21.411333513000045],[39.819788052000035,21.411310723000042],[39.821007740000027,21.411320913000054]]]},"properties":{"OBJECTID":39,"OBJECTID_1":39,"RegionID":null,"city":"Makkah","discription":"Jarhom North District","Discription_AR":"حي جرهم الشمالي","Region":"مكة المكرمة","Fence_Type":"Year_1447H_2026G","Capacity":null,"Actual_Cap":null,"type":"حي","GIS_data_type":"Polygon","Shape_Length":0.04614637521880148,"Shape_Area":0.00013429824728884612}},{"type":"Feature","id":40,"geometry":{"type":"Polygon","coordinates":[[[39.769000413000072,21.367284082000026],[39.765494468000043,21.365899409000065],[39.762172873000054,21.365499217000036],[39.758291009000061,21.365459198000053],[39.751112211000077,21.365661781000028],[39.750017971000034,21.365592355000047],[39.747980675000065,21.366797526000028],[39.745609192000074,21.369169008000028],[39.740529524000067,21.356991273000062],[39.736616487000049,21.350348211000039],[39.736388985000076,21.348300692000066],[39.737162493000028,21.345752668000046],[39.739210012000058,21.343659648000028],[39.742327272000068,21.342633898000031],[39.744594737000057,21.342886271000054],[39.747675066000056,21.343271471000037],[39.750769656000045,21.343669953000074],[39.752865991000078,21.343935606000059],[39.754620068000065,21.344108281000047],[39.755960581000068,21.344055149000042],[39.757400921000055,21.343895758000031],[39.758741434000058,21.34381606200003],[39.760196034000046,21.343882475000044],[39.761365418000025,21.34409499800006],[39.762549064000041,21.344373934000032],[39.765258612000025,21.345383410000068],[39.766162490000056,21.345687619000046],[39.766955646000042,21.345954558000074],[39.768239116000075,21.34632646700004],[39.769394239000064,21.346605398000065],[39.771504836000076,21.34693745900006],[39.772488829000054,21.347057001000053],[39.77420012400006,21.347216389000039],[39.77538376900003,21.347375777000025],[39.77621089400003,21.34752188300007],[39.776809847000038,21.347760965000077],[39.77733749600003,21.348000047000028],[39.777965499000061,21.348422258000028],[39.779133773000069,21.349207695000075],[39.778903808000052,21.349264811000069],[39.777620291000062,21.349731646000066],[39.77601952200007,21.350772146000054],[39.77489898400006,21.351852664000035],[39.774058581000077,21.35321331800003],[39.773298215000068,21.355014183000037],[39.772337754000034,21.357855547000042],[39.771577389000072,21.359816489000025],[39.77077700500007,21.361897488000068],[39.769856563000076,21.364578775000041],[39.769000413000072,21.367284082000026]]]},"properties":{"OBJECTID":40,"OBJECTID_1":40,"RegionID":null,"city":"Makkah","discription":"Ghaza New District","Discription_AR":"حي غزة الجديد","Region":"مكة المكرمة","Fence_Type":"Year_1447H_2026G","Capacity":null,"Actual_Cap":null,"type":"حي","GIS_data_type":"Polygon","Shape_Length":0.11631248215495756,"Shape_Area":0.0007280734451204162}},{"type":"Feature","id":41,"geometry":{"type":"Polygon","coordinates":[[[39.816133663000073,21.353075408000052],[39.81601734700007,21.35359819100006],[39.815662992000057,21.355269296000074],[39.815613512000027,21.355714954000064],[39.815289476000032,21.35636781200003],[39.815050487000065,21.356503721000024],[39.814641792000032,21.357022240000049],[39.814495300000033,21.357266246000052],[39.814311912000051,21.35734199500007],[39.814147948000027,21.357470220000039],[39.815623843000026,21.363889019000055],[39.813881749000075,21.364195525000071],[39.812528197000063,21.364385151000079],[39.812287544000071,21.364352101000065],[39.811989297000025,21.364362097000026],[39.811210247000076,21.36439722700004],[39.810902616000078,21.364361649000045],[39.810551446000034,21.365817478000054],[39.809577144000059,21.365773708000063],[39.808842394000067,21.365750056000024],[39.808134259000042,21.365763551000043],[39.807105150000041,21.365687206000075],[39.806400977000067,21.365647982000041],[39.805863872000032,21.365660707000075],[39.80493223700006,21.365801744000066],[39.804043956000044,21.36597376800006],[39.803467729000033,21.366081598000051],[39.803531853000038,21.366254285000025],[39.803714084000035,21.367324996000036],[39.803913112000032,21.368702464000023],[39.804129830000079,21.369626670000059],[39.804111242000033,21.36991471500005],[39.803631299000074,21.370625109000059],[39.80334765200007,21.370311704000073],[39.802954248000049,21.369639637000034],[39.802282181000066,21.368820044000074],[39.801069182000049,21.367787356000065],[39.799200509000059,21.36632847900006],[39.79762689000006,21.36491877900005],[39.796413891000043,21.363656604000028],[39.795217284000046,21.36200102600003],[39.792791288000046,21.358771827000055],[39.792037262000065,21.357804707000071],[39.790709520000064,21.35637861400005],[39.789398170000027,21.355247575000078],[39.787840943000049,21.353969009000025],[39.78634928200006,21.352985496000031],[39.784792055000025,21.352165903000071],[39.783874110000056,21.351756106000039],[39.781989045000046,21.350936513000022],[39.780595736000066,21.350297230000024],[39.77967779100004,21.349641555000062],[39.779448305000074,21.349395677000075],[39.78025150600007,21.349264542000071],[39.785693607000042,21.348067935000074],[39.787234480000052,21.347515980000026],[39.787436509000031,21.347479325000052],[39.790550112000062,21.347051097000076],[39.792499085000031,21.346984686000042],[39.794626319000031,21.347106440000061],[39.796397033000062,21.347394225000073],[39.798690643000043,21.347947656000031],[39.801507147000052,21.348788866000064],[39.804110413000046,21.34954980200007],[39.810328398000024,21.351373116000048],[39.816133663000073,21.353075408000052]]]},"properties":{"OBJECTID":41,"OBJECTID_1":41,"RegionID":null,"city":"Makkah","discription":"Al-Ekishiyah District","Discription_AR":"حي العكيشية","Region":"مكة المكرمة","Fence_Type":"Year_1447H_2026G","Capacity":null,"Actual_Cap":null,"type":"حي","GIS_data_type":"Polygon","Shape_Length":0.10026387074199894,"Shape_Area":0.00042017335562769486}},{"type":"Feature","id":42,"geometry":{"type":"Polygon","coordinates":[[[39.778903808000052,21.349264811000069],[39.779133773000069,21.349207695000075],[39.779448305000074,21.349395677000075],[39.77967779100004,21.349641555000062],[39.780595736000066,21.350297230000024],[39.781989045000046,21.350936513000022],[39.783874110000056,21.351756106000039],[39.784792055000025,21.352165903000071],[39.78634928200006,21.352985496000031],[39.787840943000049,21.353969009000025],[39.789398170000027,21.355247575000078],[39.790709520000064,21.35637861400005],[39.792037262000065,21.357804707000071],[39.792791288000046,21.358771827000055],[39.795217284000046,21.36200102600003],[39.796413891000043,21.363656604000028],[39.79762689000006,21.36491877900005],[39.799200509000059,21.36632847900006],[39.801069182000049,21.367787356000065],[39.802282181000066,21.368820044000074],[39.802954248000049,21.369639637000034],[39.80334765200007,21.370311704000073],[39.803631299000074,21.370625109000059],[39.80302458400007,21.371194488000071],[39.80259376600003,21.371673331000068],[39.802214465000077,21.372052794000069],[39.80100494800007,21.373295374000065],[39.800490336000053,21.373817099000064],[39.799627126000075,21.374491543000033],[39.798365146000037,21.375286697000035],[39.797142913000073,21.375820416000067],[39.796009024000057,21.376198825000074],[39.794698612000047,21.376439045000041],[39.79378883000004,21.376528581000059],[39.792906828000071,21.376517238000076],[39.792016336000074,21.376467150000053],[39.789232490000074,21.376208796000071],[39.785984774000042,21.375925419000055],[39.785164695000049,21.375878841000031],[39.784202409000045,21.37578338700007],[39.782091813000079,21.375606324000046],[39.781369267000059,21.375420406000046],[39.780921344000035,21.375142332000053],[39.780399534000026,21.374818387000062],[39.778925919000073,21.374083565000035],[39.777547377000076,21.373331033000056],[39.776615673000038,21.372782126000061],[39.775427274000037,21.371728571000062],[39.773896616000059,21.370736983000029],[39.772784275000049,21.370126091000031],[39.771415239000078,21.369240734000073],[39.769000413000072,21.367284082000026],[39.769856563000076,21.364578775000041],[39.77077700500007,21.361897488000068],[39.771577389000072,21.359816489000025],[39.772337754000034,21.357855547000042],[39.773298215000068,21.355014183000037],[39.774058581000077,21.35321331800003],[39.77489898400006,21.351852664000035],[39.77601952200007,21.350772146000054],[39.777620291000062,21.349731646000066],[39.778903808000052,21.349264811000069]]]},"properties":{"OBJECTID":42,"OBJECTID_1":42,"RegionID":null,"city":"Makkah","discription":"Al-Mahmadiyah District","Discription_AR":"حي المحمدية","Region":"مكة المكرمة","Fence_Type":"Year_1447H_2026G","Capacity":null,"Actual_Cap":null,"type":"حي","GIS_data_type":"Polygon","Shape_Length":0.093873580484259811,"Shape_Area":0.00057097573549374397}},{"type":"Feature","id":43,"geometry":{"type":"Polygon","coordinates":[[[39.784787111000071,21.375841387000037],[39.788176607000025,21.37611666600003],[39.78732552200006,21.384292077000055],[39.787023703000045,21.38592619800005],[39.785310677000041,21.396250119000058],[39.785197794000055,21.396824614000025],[39.785112239000057,21.397088730000064],[39.784948047000057,21.397360970000022],[39.783563295000079,21.399158225000065],[39.785589084000037,21.400531456000067],[39.785156061000066,21.401119000000051],[39.78502883200008,21.401304326000059],[39.784906393000028,21.401492460000043],[39.784788813000034,21.401683294000065],[39.784714979000057,21.401808811000024],[39.78464324600003,21.401935392000041],[39.784516129000053,21.402175735000071],[39.784392826000044,21.402417815000035],[39.784273363000068,21.40266157700006],[39.784198716000049,21.402835552000056],[39.78408887300003,21.403103725000051],[39.783984528000076,21.403373815000066],[39.783880190000048,21.403685207000024],[39.783816522000052,21.403884507000043],[39.78375507800007,21.404084418000025],[39.78366456200007,21.404443417000039],[39.783576372000027,21.404802923000034],[39.783409283000026,21.405526800000075],[39.783256463000043,21.406257750000066],[39.783175025000048,21.406710056000065],[39.783090802000061,21.407202399000028],[39.782978210000067,21.407822916000043],[39.782951042000036,21.407954051000047],[39.782839793000051,21.408491036000044],[39.78267270300006,21.409216269000069],[39.782524035000051,21.409864087000074],[39.782354111000075,21.410601543000041],[39.782232595000039,21.411078490000023],[39.782171045000041,21.411320067000077],[39.782016572000032,21.411953681000057],[39.781813617000068,21.412759787000027],[39.781651959000044,21.413418518000071],[39.781487434000042,21.414082688000065],[39.781296675000078,21.414834819000077],[39.781059965000054,21.415807858000051],[39.780811226000026,21.416822525000043],[39.78056988000003,21.417788417000054],[39.780385632000048,21.418551915000023],[39.780192240000076,21.41932405600005],[39.779970461000062,21.420228215000066],[39.77983583300005,21.420742781000058],[39.779616027000031,21.420586688000071],[39.778791839000064,21.420035842000061],[39.777846784000076,21.419396979000055],[39.777096836000055,21.418890862000069],[39.776348487000064,21.418382678000057],[39.775589500000081,21.417870032000053],[39.774832552000078,21.417354756000066],[39.774253474000034,21.416962610000041],[39.773603217000073,21.416540634000057],[39.773274387000072,21.416334729000027],[39.773166751000076,21.416268389000038],[39.772938632000034,21.416140664000068],[39.772708373000057,21.416016351000053],[39.772476032000043,21.415895483000043],[39.772368215000029,21.415840918000072],[39.772069778000059,21.415694805000044],[39.771768258000066,21.415554352000072],[39.771463779000044,21.415419615000076],[39.77130130900008,21.415353879000065],[39.771062717000063,21.415260836000073],[39.77082259000008,21.415171323000038],[39.770733432000043,21.415139838000073],[39.770583615000078,21.415086930000029],[39.770503723000047,21.415058716000033],[39.770431153000061,21.415034687000059],[39.770246756000063,21.414973630000077],[39.770123844000068,21.41493420300003],[39.76990928500004,21.414867814000047],[39.769811875000073,21.414838680000059],[39.769570773000055,21.414769240000055],[39.769454772000074,21.414736856000047],[39.769265282000049,21.414688226000067],[39.769025944000077,21.414629813000033],[39.768788356000073,21.414575504000027],[39.768441550000034,21.414502728000059],[39.768104497000024,21.41443934800003],[39.767766055000038,21.414382827000054],[39.767426384000032,21.414333191000026],[39.767079443000057,21.414297369000053],[39.76673194600005,21.414266643000076],[39.766383976000043,21.414241020000077],[39.766035621000071,21.414220507000039],[39.765599072000043,21.414202035000073],[39.76515162100003,21.414188554000077],[39.764712960000054,21.41417533200007],[39.764353652000068,21.414161786000022],[39.763827107000054,21.414141923000045],[39.762336916000038,21.414086991000033],[39.761721627000043,21.414066238000032],[39.760765025000069,21.414032106000036],[39.759808256000042,21.414002376000042],[39.758867777000034,21.413966475000052],[39.757927590000065,21.413924392000069],[39.757636458000036,21.413902492000034],[39.757345530000066,21.413878332000024],[39.75697443200005,21.413844205000032],[39.756779908000055,21.413824372000022],[39.756603741000049,21.413806401000045],[39.756349862000036,21.413777960000061],[39.756233498000029,21.413764924000077],[39.756073228000048,21.413745819000042],[39.755868169000053,21.413716638000039],[39.755507415000068,21.413665300000048],[39.754966213000046,21.413581278000038],[39.754390759000046,21.413484760000074],[39.753804538000054,21.413365906000024],[39.753256638000039,21.413250914000059],[39.752166020000061,21.413025276000042],[39.751076349000073,21.412795663000054],[39.750650255000039,21.41270495200007],[39.752936092000027,21.410595055000044],[39.754132043000027,21.409472540000024],[39.75681660500004,21.406527352000069],[39.758296890000054,21.404594319000068],[39.759566276000044,21.402506650000078],[39.760220640000057,21.401472651000063],[39.760843531000035,21.399915423000039],[39.761335287000065,21.398095925000064],[39.761728692000077,21.395325699000068],[39.761958178000043,21.393342283000038],[39.762236840000071,21.39186701400007],[39.762548286000026,21.390080301000069],[39.762876123000069,21.388637816000028],[39.763138393000077,21.387572344000034],[39.763433447000068,21.386326562000022],[39.763695717000076,21.385228307000034],[39.763941595000063,21.383949741000038],[39.764105513000061,21.382441689000075],[39.764367783000068,21.381031988000075],[39.76456448600004,21.379753422000078],[39.765416863000041,21.377507735000052],[39.766465943000071,21.374885036000023],[39.767269144000068,21.372918012000071],[39.76784286000003,21.371409959000061],[39.768564102000028,21.368885611000053],[39.768744413000036,21.367705397000066],[39.769000413000072,21.367284082000026],[39.771415239000078,21.369240734000073],[39.772784275000049,21.370126091000031],[39.773896616000059,21.370736983000029],[39.775427274000037,21.371728571000062],[39.776615673000038,21.372782126000061],[39.777547377000076,21.373331033000056],[39.778925919000073,21.374083565000035],[39.780399534000026,21.374818387000062],[39.780921344000035,21.375142332000053],[39.781369267000059,21.375420406000046],[39.782091813000079,21.375606324000046],[39.784202409000045,21.37578338700007],[39.784787111000071,21.375841387000037]]]},"properties":{"OBJECTID":43,"OBJECTID_1":43,"RegionID":null,"city":"Makkah","discription":"King Fahd District","Discription_AR":"حي الملك فهد","Region":"مكة المكرمة","Fence_Type":"Year_1447H_2026G","Capacity":null,"Actual_Cap":null,"type":"حي","GIS_data_type":"Polygon","Shape_Length":0.15043993895696603,"Shape_Area":0.0010492851105176346}},{"type":"Feature","id":44,"geometry":{"type":"Polygon","coordinates":[[[39.734440513000038,21.430147598000076],[39.733234375000052,21.430139411000027],[39.731828608000058,21.43007646600006],[39.730506768000055,21.429961067000022],[39.728975111000068,21.429814196000052],[39.727642780000053,21.429677815000048],[39.726698608000049,21.429520453000066],[39.726069160000065,21.429310638000061],[39.724810265000031,21.428754625000067],[39.722785541000064,21.427485239000077],[39.72033069400004,21.425901128000078],[39.719124252000029,21.425166773000058],[39.718578731000036,21.424873030000072],[39.717812903000038,21.42458977900003],[39.715494436000029,21.423928858000068],[39.71311040300003,21.423257447000026],[39.710258217000046,21.422355895000067],[39.706193033000034,21.421110112000065],[39.698685556000044,21.418749683000044],[39.694374494000044,21.417323590000024],[39.694571197000073,21.416012240000043],[39.695030169000063,21.415733579000062],[39.69575141100006,21.415504092000049],[39.695980897000027,21.414700891000052],[39.696357911000064,21.413897689000066],[39.697177504000081,21.413619027000038],[39.699275664000027,21.413684595000063],[39.700128041000028,21.413717378000058],[39.701111553000032,21.413274798000032],[39.701652485000068,21.411586435000061],[39.701144337000073,21.410193126000024],[39.699767420000057,21.408160534000046],[39.698275759000069,21.406767225000067],[39.69749931900003,21.400901216000022],[39.696874018000074,21.380641488000037],[39.696892369000068,21.379980119000038],[39.696964410000078,21.379704246000074],[39.697636476000071,21.380048475000024],[39.699341231000062,21.381523744000049],[39.700587013000074,21.382671175000041],[39.701619701000027,21.383818606000034],[39.703553942000042,21.386260995000043],[39.708389544000056,21.392539081000052],[39.713012051000078,21.398489330000075],[39.719834143000071,21.407348112000022],[39.72206241300006,21.409986179000043],[39.723404498000036,21.410941251000054],[39.725492166000038,21.411958859000038],[39.727275602000077,21.412378490000037],[39.72998222800004,21.412472908000041],[39.734231001000069,21.412084748000041],[39.740554493000047,21.411574141000074],[39.742910824000035,21.411420468000074],[39.745446442000059,21.411625366000067],[39.749057776000029,21.41234251000003],[39.750650255000039,21.41270495200007],[39.749603758000035,21.413668628000039],[39.749444921000077,21.41381276900006],[39.749249297000063,21.41399029400003],[39.748889850000069,21.414307075000067],[39.74852549600007,21.41461890000005],[39.748156312000049,21.414925704000041],[39.747782376000032,21.415227422000044],[39.747403769000073,21.415523989000064],[39.747020572000054,21.415815341000041],[39.745449688000065,21.41699195700005],[39.744926396000039,21.417383904000076],[39.744850304000067,21.417440910000039],[39.74477425300006,21.417497963000073],[39.744698285000027,21.417555112000059],[39.744622439000068,21.417612406000046],[39.744546759000059,21.41766989000007],[39.744471286000078,21.417727611000032],[39.744398042000057,21.417784092000034],[39.744321132000039,21.417843957000059],[39.744246538000027,21.417902673000071],[39.744172325000079,21.417961810000065],[39.74393542200005,21.418156061000047],[39.743703089000064,21.418355091000024],[39.743475434000061,21.418558808000057],[39.743252566000081,21.418767114000048],[39.743034591000026,21.418979911000065],[39.742821610000078,21.419197097000051],[39.742613726000059,21.419418572000041],[39.742411036000078,21.419644228000038],[39.742213636000031,21.419873960000075],[39.74202162000006,21.420107659000053],[39.741835080000044,21.420345214000065],[39.74165410300003,21.420586513000046],[39.741478775000076,21.420831441000075],[39.741309178000051,21.421079883000061],[39.741145393000068,21.421331722000048],[39.740987500000074,21.421586837000063],[39.740835570000058,21.42184510800007],[39.740789763000066,21.421925649000059],[39.740744480000046,21.422006447000058],[39.740699661000065,21.422087473000033],[39.740655251000078,21.422168695000039],[39.740611192000074,21.42225008500003],[39.740567425000052,21.422331614000029],[39.740523893000045,21.422413252000069],[39.740480537000053,21.422494973000028],[39.740463789000046,21.422526623000067],[39.740449843000079,21.422553003000075],[39.740437299000064,21.422576749000029],[39.74039411900003,21.422658550000051],[39.740077473000042,21.42325859400006],[39.740034293000065,21.423340396000071],[39.739991054000029,21.423422172000073],[39.739947698000037,21.423503892000042],[39.739904165000041,21.423585531000072],[39.739860398000076,21.423667059000024],[39.739816337000036,21.423748449000072],[39.73977192600006,21.423829671000078],[39.739728072000048,21.423908953000023],[39.73968182200008,21.423991495000053],[39.739636014000041,21.424072035000052],[39.739576984000053,21.424172400000032],[39.739485321000075,21.424328247000062],[39.739328758000056,21.424581354000054],[39.73916639600003,21.424831238000024],[39.738998311000046,21.425077782000074],[39.738824583000053,21.425320873000032],[39.738645291000068,21.425560396000037],[39.738460518000068,21.425796239000078],[39.738270353000075,21.426028294000048],[39.738074882000035,21.426256452000075],[39.737950344000069,21.426396834000059],[39.737887446000059,21.426466533000053],[39.737824196000076,21.426535953000041],[39.737760649000052,21.426605134000056],[39.737696853000045,21.426674113000047],[39.73763285900003,21.426742932000025],[39.737568716000055,21.426811629000042],[39.737523133000025,21.426860331000057],[39.737502401000029,21.426882458000023],[39.737440184000036,21.426948822000043],[39.736927070000036,21.427496008000048],[39.734440513000038,21.430147598000076]]]},"properties":{"OBJECTID":44,"OBJECTID_1":44,"RegionID":null,"city":"Makkah","discription":"Umm AL-Jud","Discription_AR":"حي أم الجود","Region":"مكة المكرمة","Fence_Type":"Year_1447H_2026G","Capacity":null,"Actual_Cap":null,"type":"حي","GIS_data_type":"Polygon","Shape_Length":0.17948022108935158,"Shape_Area":0.0010348749611707511}},{"type":"Feature","id":45,"geometry":{"type":"Polygon","coordinates":[[[39.804110413000046,21.34954980200007],[39.805050962000053,21.343256349000058],[39.805930291000038,21.340032145000066],[39.81071774600008,21.324497342000029],[39.813551138000037,21.315215541000043],[39.816482233000045,21.305933740000057],[39.818612847000054,21.298806821000028],[39.826447955000049,21.303881974000035],[39.828304316000072,21.305152115000055],[39.83592516200008,21.318244339000046],[39.837195304000034,21.320686918000035],[39.838953961000072,21.322152466000034],[39.839930992000063,21.324888154000064],[39.841298837000068,21.328210062000039],[39.841103430000032,21.33319292300007],[39.842471275000037,21.336124018000078],[39.84432763500007,21.337491863000025],[39.844816150000042,21.34130228600003],[39.854293357000074,21.348630023000055],[39.850619367000036,21.353728172000046],[39.847478832000036,21.352558204000047],[39.846392964000074,21.352153659000066],[39.843997333000061,21.351376275000064],[39.843766603000063,21.351301400000068],[39.841698789000077,21.350914008000075],[39.840522275000069,21.35077011900006],[39.839844888000073,21.350714777000064],[39.837586931000033,21.35077011900006],[39.835839984000074,21.351024691000077],[39.833700866000072,21.351511698000024],[39.829695964000052,21.352607458000023],[39.825952507000068,21.353692141000067],[39.824039185000061,21.354179139000053],[39.823088466000058,21.354334093000034],[39.822102096000037,21.354378365000059],[39.821044421000067,21.354323025000042],[39.819939211000076,21.354157003000068],[39.818263569000067,21.353703209000059],[39.816133022000031,21.353077593000023],[39.810328398000024,21.351373116000048],[39.804110413000046,21.34954980200007]]]},"properties":{"OBJECTID":45,"OBJECTID_1":45,"RegionID":null,"city":"Makkah","discription":"New Souq Al-sagherr District","Discription_AR":"حي سوق الصغير الجديد","Region":"مكة المكرمة","Fence_Type":"Year_1447H_2026G","Capacity":null,"Actual_Cap":null,"type":"حي","GIS_data_type":"Polygon","Shape_Length":0.1718385384242522,"Shape_Area":0.0015030529035240687}},{"type":"Feature","id":46,"geometry":{"type":"Polygon","coordinates":[[[39.828304316000072,21.305152115000055],[39.83191933300003,21.303979677000029],[39.848821980000025,21.310330383000064],[39.859569328000077,21.316192573000023],[39.871586818000026,21.322934091000036],[39.881943353000054,21.326549108000052],[39.880477806000044,21.331141157000047],[39.873931694000078,21.330945750000069],[39.868069504000061,21.33172737600006],[39.864161377000073,21.334658471000068],[39.861621095000032,21.340520661000028],[39.854293357000074,21.348630023000055],[39.844816150000042,21.34130228600003],[39.84432763500007,21.337491863000025],[39.842471275000037,21.336124018000078],[39.841103430000032,21.33319292300007],[39.841298837000068,21.328210062000039],[39.839930992000063,21.324888154000064],[39.838953961000072,21.322152466000034],[39.837195304000034,21.320686918000035],[39.828304316000072,21.305152115000055]]]},"properties":{"OBJECTID":46,"OBJECTID_1":46,"RegionID":null,"city":"Makkah","discription":"New Al-Judariyah District","Discription_AR":"حي الجودرية الجديد","Region":"مكة المكرمة","Fence_Type":"Year_1447H_2026G","Capacity":null,"Actual_Cap":null,"type":"حي","GIS_data_type":"Polygon","Shape_Length":0.15136882893206374,"Shape_Area":0.00097669437564022396}},{"type":"Feature","id":47,"geometry":{"type":"Polygon","coordinates":[[[39.896822951000047,21.36277089500004],[39.891137877000062,21.362043880000044],[39.882096485000034,21.360883278000074],[39.862709537000057,21.357789171000036],[39.860602976000052,21.357220613000038],[39.859513302000039,21.356844416000058],[39.850613391000024,21.353736393000077],[39.854293357000074,21.348630023000055],[39.861621095000032,21.340520661000028],[39.864161377000073,21.334658471000068],[39.868069504000061,21.33172737600006],[39.873931694000078,21.330945750000069],[39.880477806000044,21.331141157000047],[39.881943353000054,21.326549108000052],[39.884483635000038,21.32205476200005],[39.88653540200005,21.319221371000026],[39.887610137000024,21.317267307000066],[39.888489465000077,21.314238509000063],[39.890345825000054,21.311307414000055],[39.892983811000079,21.309255648000033],[39.902363315000059,21.31023268000007],[39.909495646000039,21.311405118000039],[39.91292736500003,21.313529515000027],[39.915110799000047,21.315345710000031],[39.923369495000031,21.32674451400004],[39.924880341000062,21.328600338000058],[39.927298275000055,21.330393413000024],[39.93099034200003,21.332411298000068],[39.942617018000078,21.338762004000046],[39.935582391000025,21.345112709000034],[39.925421261000054,21.355566948000046],[39.896822951000047,21.36277089500004]]]},"properties":{"OBJECTID":47,"OBJECTID_1":47,"RegionID":null,"city":"Makkah","discription":"Al-Awali District","Discription_AR":"حي العوالي","Region":"مكة المكرمة","Fence_Type":"Year_1447H_2026G","Capacity":null,"Actual_Cap":null,"type":"حي","GIS_data_type":"Polygon","Shape_Length":0.22789566121214916,"Shape_Area":0.002817617184505706}},{"type":"Feature","id":48,"geometry":{"type":"Polygon","coordinates":[[[39.881943353000054,21.326549108000052],[39.871586818000026,21.322934091000036],[39.859569328000077,21.316192573000023],[39.848821980000025,21.310330383000064],[39.83191933300003,21.303979677000029],[39.828304316000072,21.305152115000055],[39.826447955000049,21.303881974000035],[39.818612847000054,21.298806821000028],[39.819480130000045,21.296132639000064],[39.821465094000075,21.290203531000031],[39.823614564000025,21.280335511000033],[39.831333114000074,21.282778090000022],[39.845304666000061,21.288347171000055],[39.852436997000041,21.289031093000062],[39.864063674000079,21.293330032000028],[39.870121270000027,21.294990986000073],[39.883046966000052,21.299531194000053],[39.897380453000039,21.304565896000042],[39.892983811000079,21.309255648000033],[39.890345825000054,21.311307414000055],[39.888489465000077,21.314238509000063],[39.887610137000024,21.317267307000066],[39.88653540200005,21.319221371000026],[39.884483635000038,21.32205476200005],[39.881943353000054,21.326549108000052]]]},"properties":{"OBJECTID":48,"OBJECTID_1":48,"RegionID":null,"city":"Makkah","discription":"New Al-Hijlah District","Discription_AR":"حي الهجلة الجديد","Region":"مكة المكرمة","Fence_Type":"Year_1447H_2026G","Capacity":null,"Actual_Cap":null,"type":"حي","GIS_data_type":"Polygon","Shape_Length":0.19475042013365632,"Shape_Area":0.0016250965366890215}},{"type":"Feature","id":49,"geometry":{"type":"Polygon","coordinates":[[[39.750685256000054,21.336997242000052],[39.743444430000068,21.327690645000075],[39.74377086800007,21.327209499000048],[39.747784695000064,21.322952410000028],[39.759844929000053,21.313029433000054],[39.765833944000065,21.308105859000023],[39.771141858000078,21.314403383000069],[39.776027016000057,21.316235318000054],[39.779843546000052,21.317456607000054],[39.789461201000051,21.318830558000059],[39.793430392000062,21.317609268000069],[39.799842162000061,21.316845963000048],[39.811987851000026,21.320336654000073],[39.81071774600008,21.324497342000029],[39.806823035000036,21.337135293000074],[39.787757502000034,21.336221721000072],[39.775056091000067,21.334951580000052],[39.766262806000043,21.333486033000042],[39.759130475000063,21.332606704000057],[39.754929239000035,21.333681439000031],[39.750685256000054,21.336997242000052]]]},"properties":{"OBJECTID":49,"OBJECTID_1":49,"RegionID":null,"city":"Makkah","discription":"Dar Al-Salam District","Discription_AR":"حي دار السلام","Region":"مكة المكرمة","Fence_Type":"Year_1447H_2026G","Capacity":null,"Actual_Cap":null,"type":"حي","GIS_data_type":"Polygon","Shape_Length":0.1672679639033568,"Shape_Area":0.0011879586089880334}},{"type":"Feature","id":50,"geometry":{"type":"Polygon","coordinates":[[[39.806823035000036,21.337135293000074],[39.805930291000038,21.340032145000066],[39.805050962000053,21.343256349000058],[39.804110413000046,21.34954980200007],[39.801507147000052,21.348788866000064],[39.798690643000043,21.347947656000031],[39.796397033000062,21.347394225000073],[39.794626319000031,21.347106440000061],[39.792499085000031,21.346984686000042],[39.790550112000062,21.347051097000076],[39.787234480000052,21.347515980000026],[39.785693607000042,21.348067935000074],[39.78025150600007,21.349264542000071],[39.779448305000074,21.349395677000075],[39.779133773000069,21.349207695000075],[39.77733749600003,21.348000047000028],[39.77621089400003,21.34752188300007],[39.77538376900003,21.347375777000025],[39.77420012400006,21.347216389000039],[39.772488829000054,21.347057001000053],[39.771504836000076,21.34693745900006],[39.769394239000064,21.346605398000065],[39.768239116000075,21.34632646700004],[39.766955646000042,21.345954558000074],[39.761365418000025,21.34409499800006],[39.750685256000054,21.336997242000052],[39.754929239000035,21.333681439000031],[39.759130475000063,21.332606704000057],[39.766262806000043,21.333486033000042],[39.775056091000067,21.334951580000052],[39.787757502000034,21.336221721000072],[39.806823035000036,21.337135293000074]]]},"properties":{"OBJECTID":50,"OBJECTID_1":50,"RegionID":null,"city":"Makkah","discription":"Al-Safwa District","Discription_AR":"حي الصفوة","Region":"مكة المكرمة","Fence_Type":"Year_1447H_2026G","Capacity":null,"Actual_Cap":null,"type":"حي","GIS_data_type":"Polygon","Shape_Length":0.12754361967325142,"Shape_Area":0.0005965332452512323}},{"type":"Feature","id":51,"geometry":{"type":"Polygon","coordinates":[[[39.701967339000078,21.30850085000003],[39.691856796000025,21.298841095000057],[39.691472214000044,21.298456513000076],[39.691094755000051,21.298022079000077],[39.690795636000075,21.297609010000031],[39.690475152000033,21.297188819000041],[39.690225886000064,21.296718775000045],[39.687370013000077,21.29082898300004],[39.686890382000058,21.289777547000028],[39.682623727000077,21.280118406000042],[39.695126182000024,21.271988504000035],[39.69637251100005,21.271265188000029],[39.698742760000073,21.270107883000037],[39.700801428000034,21.269295544000045],[39.702181291000045,21.268850427000075],[39.703984016000049,21.268405310000048],[39.705642078000039,21.267982448000055],[39.707085465000034,21.267697208000072],[39.708360246000041,21.267513429000076],[39.709553349000032,21.267344236000042],[39.710683032000077,21.267248005000056],[39.712241322000068,21.267154972000071],[39.712919746000068,21.267114469000035],[39.715078565000056,21.267103341000052],[39.717637989000025,21.267259133000039],[39.746837676000041,21.270700588000068],[39.749494553000034,21.300791650000065],[39.761495253000078,21.311672700000031],[39.759844929000053,21.313029433000054],[39.747784695000064,21.322952410000028],[39.74377086800007,21.327209499000048],[39.735955435000051,21.318167901000038],[39.719941471000027,21.306485094000038],[39.719017853000025,21.306117872000073],[39.718205514000033,21.305906441000047],[39.717615733000059,21.305828546000043],[39.710760927000081,21.305561476000037],[39.708012328000052,21.305305533000023],[39.707678490000035,21.305361173000051],[39.701967339000078,21.30850085000003]]]},"properties":{"OBJECTID":51,"OBJECTID_1":51,"RegionID":null,"city":"Makkah","discription":"New Al-falq District","Discription_AR":"حي الفلق الجديد","Region":"مكة المكرمة","Fence_Type":"Year_1447H_2026G","Capacity":null,"Actual_Cap":null,"type":"حي","GIS_data_type":"Polygon","Shape_Length":0.22331141826900525,"Shape_Area":0.0026486433717255423}},{"type":"Feature","id":52,"geometry":{"type":"Polygon","coordinates":[[[39.745952761000069,21.227233841000043],[39.747600643000055,21.226461351000069],[39.750278301000037,21.225818017000051],[39.752851636000059,21.22545288200007],[39.755616231000033,21.225557206000076],[39.757946142000037,21.225783242000034],[39.767109299000026,21.227452432000064],[39.771317048000071,21.228304414000036],[39.773942545000068,21.229069460000062],[39.776863627000068,21.230112703000032],[39.779228313000033,21.231103785000073],[39.806291110000075,21.243432894000023],[39.807644267000057,21.243853085000069],[39.809253811000076,21.244180691000054],[39.81099867100005,21.244166447000055],[39.81223787700003,21.243981279000025],[39.813790446000041,21.243561088000035],[39.815122237000026,21.242905875000076],[39.816610710000077,21.242001397000024],[39.817857038000056,21.241125406000037],[39.81896805100007,21.240206684000043],[39.820335451000062,21.238810796000053],[39.821705717000043,21.237102436000043],[39.822464892000028,21.235890827000048],[39.822919357000046,21.235422118000031],[39.823319963000074,21.235155048000024],[39.823670199000048,21.235025091000068],[39.824021022000068,21.234965873000078],[39.824343732000045,21.234943617000056],[39.824811105000038,21.234943617000056],[39.825156071000038,21.235010385000066],[39.82547309000006,21.235239155000045],[39.825679084000058,21.235477758000059],[39.825843989000077,21.235823086000039],[39.825876271000027,21.236994718000062],[39.826863194000055,21.265093817000036],[39.823614564000025,21.280335511000033],[39.820679861000031,21.279701552000063],[39.816732922000028,21.279266867000047],[39.814509756000064,21.27922032400005],[39.812444412000048,21.279320031000054],[39.809403370000041,21.279555053000024],[39.804669548000049,21.279711289000034],[39.79922798900003,21.279499858000065],[39.795700435000072,21.279255044000024],[39.792439950000073,21.27877654200006],[39.789561822000053,21.278087946000028],[39.787017072000026,21.277302133000035],[39.782958952000058,21.275705233000053],[39.780544191000047,21.274981918000037],[39.778755656000044,21.274547519000066],[39.775837075000027,21.274102811000034],[39.764141618000053,21.272711819000051],[39.754493701000058,21.271554514000059],[39.746837676000041,21.270700588000068],[39.74492590400007,21.248873023000044],[39.745952761000069,21.227233841000043]]]},"properties":{"OBJECTID":52,"OBJECTID_1":52,"RegionID":null,"city":"Makkah","discription":"New Shuaib Aamer District","Discription_AR":"حي شعب عامر الجديد","Region":"مكة المكرمة","Fence_Type":"Year_1447H_2026G","Capacity":null,"Actual_Cap":null,"type":"حي","GIS_data_type":"Polygon","Shape_Length":0.2538233070400096,"Shape_Area":0.0033888255287822552}},{"type":"Feature","id":53,"geometry":{"type":"Polygon","coordinates":[[[39.914012738000054,21.228287329000068],[39.907929805000038,21.229678019000062],[39.904956561000063,21.231069010000056],[39.901950715000055,21.23229047500007],[39.90108134500008,21.232969670000045],[39.900483653000038,21.234980087000054],[39.90523801900008,21.237778371000047],[39.905536865000045,21.238865083000064],[39.90531952200007,21.240033299000061],[39.904640327000038,21.240821165000057],[39.903118930000062,21.242043716000069],[39.900429318000079,21.251525279000077],[39.910291230000041,21.25744786100006],[39.908769833000065,21.260735165000028],[39.906759416000057,21.261740374000055],[39.902195225000071,21.259240936000026],[39.895946630000026,21.258290063000061],[39.893094011000073,21.259539781000058],[39.886818248000054,21.26573404100003],[39.885106677000067,21.270325399000058],[39.886926919000075,21.272852005000061],[39.88706275800007,21.275731792000045],[39.889888210000038,21.283311610000055],[39.888937337000073,21.284479825000062],[39.886893840000027,21.284774498000047],[39.884779533000028,21.289492741000061],[39.884501334000049,21.289637404000075],[39.868425645000059,21.279997138000056],[39.868825555000058,21.278710470000078],[39.868269159000079,21.277041281000038],[39.860723030000031,21.272468396000022],[39.857471587000077,21.267565151000042],[39.850933927000028,21.267669475000048],[39.849606847000075,21.270225218000064],[39.826581410000074,21.258126552000078],[39.826552849000052,21.256722316000037],[39.826497800000027,21.254412640000055],[39.826331524000068,21.251816403000078],[39.826259143000073,21.24785586400003],[39.826111293000054,21.242613878000043],[39.825993138000058,21.241233089000048],[39.826004807000061,21.239940804000071],[39.825912735000031,21.239036132000024],[39.825876271000027,21.236994718000062],[39.825843989000077,21.235823086000039],[39.825679084000058,21.235477758000059],[39.82547309000006,21.235239155000045],[39.825156071000038,21.235010385000066],[39.824811105000038,21.234943617000056],[39.824343732000045,21.234943617000056],[39.824021022000068,21.234965873000078],[39.823670199000048,21.235025091000068],[39.823319963000074,21.235155048000024],[39.822919357000046,21.235422118000031],[39.822464892000028,21.235890827000048],[39.822840598000028,21.23500684000004],[39.823332907000065,21.233903823000048],[39.823789561000069,21.232921004000048],[39.824122565000039,21.231990542000062],[39.824629943000048,21.229972547000045],[39.825009322000028,21.22527900800003],[39.825438634000079,21.222808139000051],[39.826174277000064,21.220114952000074],[39.830242927000029,21.210151975000031],[39.838623651000034,21.190156471000023],[39.840223292000076,21.187496200000055],[39.842518428000062,21.184175208000056],[39.844726627000057,21.181445387000053],[39.855544416000043,21.17076828200004],[39.856981958000063,21.169745062000061],[39.858317310000075,21.168977234000067],[39.859775069000079,21.168209407000063],[39.861755841000047,21.167486091000058],[39.864137218000053,21.166851799000028],[39.865179914000066,21.166623169000047],[39.866127979000055,21.166518335000035],[39.867873693000035,21.166436291000025],[39.870025070000054,21.166518335000035],[39.871497304000059,21.166705213000057],[39.872604898000077,21.166896649000023],[39.873840116000054,21.167192919000058],[39.875398953000058,21.167744437000067],[39.876556685000025,21.168241260000059],[39.877727996000033,21.168860017000043],[39.87858955400003,21.169380760000024],[39.879350740000064,21.169859350000024],[39.879943280000077,21.170265012000073],[39.880709024000055,21.170907690000035],[39.881429188000027,21.17150934600005],[39.882112888000051,21.172142908000069],[39.882591479000041,21.172644289000061],[39.883361234000063,21.173567557000069],[39.885024415000032,21.175793215000056],[39.886912303000031,21.178191660000039],[39.88746076700005,21.178871155000024],[39.88756400300008,21.178998861000025],[39.887862286000029,21.179319751000037],[39.88879263900003,21.180244709000078],[39.88926439200003,21.180634464000036],[39.89022613000003,21.181409325000061],[39.890694875000065,21.181811340000024],[39.890954499000031,21.182003870000074],[39.891205371000069,21.182158478000076],[39.891549592000047,21.182388930000059],[39.892191358000048,21.182794410000042],[39.892838959000073,21.183144464000065],[39.893576990000042,21.183520773000055],[39.894326690000071,21.183862076000025],[39.894825518000061,21.184060440000053],[39.895764831000065,21.184378407000054],[39.896231570000054,21.184556351000026],[39.896709978000047,21.184728461000077],[39.897395268000025,21.184888436000051],[39.898293274000025,21.185101269000029],[39.899146474000077,21.185261827000033],[39.899951133000059,21.185371978000035],[39.900941991000025,21.185470504000023],[39.901931077000029,21.185584454000036],[39.902842677000081,21.185721194000052],[39.903540052000039,21.185844260000067],[39.904164498000057,21.186017464000031],[39.90466587800006,21.186167878000049],[39.905285766000077,21.186382104000074],[39.905737008000074,21.186559866000039],[39.906192808000071,21.186769534000064],[39.906644050000068,21.186997434000034],[39.907172778000074,21.18729826200007],[39.907637694000073,21.187580858000047],[39.908174780000024,21.187940612000034],[39.908626435000031,21.188278756000045],[39.908999229000074,21.188600171000076],[39.909340060000034,21.188894926000046],[39.909705984000027,21.189258983000059],[39.910060706000024,21.189626773000043],[39.910402359000045,21.190011367000068],[39.910682403000067,21.190360488000067],[39.910953112000072,21.190739480000047],[39.91128356300004,21.191211820000035],[39.911533735000035,21.191616950000025],[39.911772706000079,21.192070620000038],[39.911953801000038,21.192453347000026],[39.912144230000081,21.192877146000058],[39.91227118300003,21.193164657000068],[39.912343995000072,21.193398027000057],[39.912515584000062,21.193874681000068],[39.912767173000077,21.194762412000046],[39.91289708100004,21.195384703000059],[39.91300209700006,21.196049806000076],[39.913051688000053,21.196761584000058],[39.913057522000031,21.197438356000077],[39.913031225000054,21.198050598000066],[39.912981677000062,21.198593536000033],[39.912905832000035,21.199104032000037],[39.91282123600007,21.199535766000054],[39.912742473000037,21.199923743000056],[39.912610491000066,21.200335748000043],[39.90996829200003,21.208511746000056],[39.908923962000074,21.211784755000053],[39.90875185200008,21.212452776000077],[39.90866433900004,21.212963272000025],[39.908611830000041,21.213412509000023],[39.908576825000068,21.213890917000072],[39.908568074000073,21.214305148000051],[39.908591411000032,21.21477188700004],[39.908634351000046,21.21525262800003],[39.908694541000045,21.215726910000058],[39.908787441000072,21.216178639000077],[39.908865700000035,21.216497933000028],[39.908966669000051,21.216815272000076],[39.909129094000036,21.217291346000025],[39.909329442000057,21.217773604000058],[39.909533641000053,21.218205338000075],[39.909752425000079,21.218584564000025],[39.910058722000031,21.219074640000031],[39.910423362000074,21.219605556000033],[39.910814257000027,21.220081047000065],[39.91217946900008,21.221842988000049],[39.912371999000072,21.222123031000024],[39.912506187000076,21.222350567000035],[39.912684131000049,21.222656864000044],[39.91319754400007,21.223753702000067],[39.913328815000057,21.224121259000071],[39.91357929000003,21.224977555000066],[39.913667645000032,21.225464399000032],[39.913775134000048,21.226195332000032],[39.914012738000054,21.228287329000068]]]},"properties":{"OBJECTID":53,"OBJECTID_1":53,"RegionID":null,"city":"Makkah","discription":"New Al-Ghashashiyah District","Discription_AR":"حي القشاشية الجديد","Region":"مكة المكرمة","Fence_Type":"Year_1447H_2026G","Capacity":null,"Actual_Cap":null,"type":"حي","GIS_data_type":"Polygon","Shape_Length":0.38332234196580467,"Shape_Area":0.0073144609200820315}},{"type":"Feature","id":54,"geometry":{"type":"Polygon","coordinates":[[[39.988194244000056,21.307274817000064],[39.986874381000064,21.306387320000056],[39.983980872000075,21.304700908000029],[39.978876930000069,21.301988721000043],[39.97962403300005,21.299243857000079],[39.98087561300008,21.297122362000039],[39.984625785000048,21.295779249000077],[39.985270441000068,21.292000852000058],[39.986917894000044,21.291427825000028],[39.987473013000056,21.289834094000071],[39.989389073000041,21.289583395000022],[39.98958605100006,21.288150827000038],[39.989541552000048,21.28573354200006],[39.989693493000061,21.281435667000039],[39.992039323000029,21.279644957000073],[39.993525611000052,21.279483793000054],[39.995065621000037,21.279895657000054],[39.996390746000031,21.280594033000057],[39.997124937000081,21.28188334400005],[39.997590522000053,21.283548704000054],[39.997751686000072,21.285142435000068],[39.997626336000053,21.286807795000072],[39.997483079000062,21.288616411000078],[40.000323144000049,21.295460503000072],[40.00039190800004,21.296354425000061],[40.000544782000077,21.296881775000031],[40.000942014000032,21.297397334000038],[40.001629646000026,21.298050585000055],[40.003417490000061,21.299677982000048],[40.00368108300006,21.301007405000064],[40.003279964000058,21.302153459000067],[40.002741318000062,21.302829630000076],[40.00180894600004,21.302877959000057],[39.995965135000063,21.300868183000034],[39.997605923000037,21.306150719000073],[39.994084232000034,21.308551872000066],[39.991184473000033,21.309715820000065],[39.989550878000045,21.308316937000029],[39.988194244000056,21.307274817000064]]]},"properties":{"OBJECTID":54,"OBJECTID_1":54,"RegionID":null,"city":"Makkah","discription":"Al-Sufrah District","Discription_AR":"حي الصفرة","Region":"مكة المكرمة","Fence_Type":"Year_1447H_2026G","Capacity":null,"Actual_Cap":null,"type":"حي","GIS_data_type":"Polygon","Shape_Length":0.093409445348365733,"Shape_Area":0.00037372847345836283}},{"type":"Feature","id":55,"geometry":{"type":"Polygon","coordinates":[[[39.779834675000075,21.42074771800003],[39.78110515000003,21.421616719000042],[39.78218882300007,21.422360717000061],[39.782923724000057,21.422839562000036],[39.783221019000052,21.423036101000037],[39.783521305000079,21.423228614000038],[39.783824518000074,21.423417060000077],[39.784130598000047,21.423601399000063],[39.784307555000055,21.423700692000068],[39.784486745000038,21.423796412000058],[39.784668085000078,21.423888515000044],[39.784851490000051,21.423976959000072],[39.785056414000053,21.424070370000038],[39.785263643000064,21.424159213000053],[39.78553577200006,21.424264093000033],[39.785810465000054,21.424362938000058],[39.786087569000074,21.424455695000063],[39.786366931000032,21.424542313000075],[39.786647468000069,21.424622476000025],[39.786648395000043,21.424622741000064],[39.786658695000028,21.424624511000047],[39.786972368000079,21.424678400000062],[39.78699094600006,21.424681591000024],[39.787010477000081,21.424684542000023],[39.787306945000068,21.424729315000036],[39.787334770000029,21.42473351700005],[39.787363610000057,21.424737277000077],[39.787642737000056,21.424773674000051],[39.787679710000077,21.424778494000066],[39.787719801000037,21.424782900000025],[39.787977357000045,21.424811202000058],[39.78802560500003,21.424816503000045],[39.788133616000039,21.424826930000052],[39.788187364000066,21.424829736000049],[39.788220463000073,21.424831464000079],[39.788282051000067,21.42483468100005],[39.788430693000066,21.424837179000065],[39.788579329000072,21.424834418000046],[39.788727748000042,21.424826404000044],[39.788767411000038,21.424824796000053],[39.789155871000048,21.42481106200006],[39.78954445800008,21.424800972000071],[39.789864718000047,21.424795392000078],[39.790185015000077,21.424792289000038],[39.790377198000044,21.424778316000072],[39.790290037000034,21.424896929000056],[39.790229969000052,21.425004953000041],[39.790192962000049,21.425069093000047],[39.790112832000034,21.425197630000071],[39.790069643000038,21.425262027000031],[39.790010963000043,21.425349630000028],[39.789955374000044,21.425419756000053],[39.78988436000003,21.425513315000046],[39.789798147000056,21.425650871000073],[39.789641158000052,21.425858299000026],[39.789472506000038,21.426116057000058],[39.789336757000058,21.426390419000029],[39.789245710000046,21.426656193000042],[39.789169773000026,21.426958205000062],[39.789127697000026,21.427205068000035],[39.789131913000062,21.427684587000044],[39.789176655000063,21.42793542000004],[39.789260293000041,21.428259357000059],[39.789327011000069,21.428540363000025],[39.790008954000029,21.428389567000067],[39.790296354000077,21.428313423000077],[39.790631603000065,21.428474741000059],[39.790971373000048,21.428465502000051],[39.791387619000034,21.428533167000069],[39.791885195000077,21.428752538000026],[39.792434180000043,21.429214711000043],[39.792948366000076,21.429135526000039],[39.793301191000069,21.42956496100004],[39.793704091000052,21.430079051000064],[39.794108132000076,21.430894194000075],[39.794661031000032,21.431719870000052],[39.79514097100008,21.431650784000055],[39.795269100000041,21.430967958000053],[39.795723721000059,21.430329050000068],[39.796041345000049,21.43011434500005],[39.79619514500007,21.430261765000068],[39.796494947000042,21.430565856000044],[39.796689769000068,21.430754132000061],[39.797074485000053,21.431138463000025],[39.797780743000033,21.43186399700005],[39.798215520000042,21.43231477300003],[39.799190046000035,21.433302970000057],[39.798627090000025,21.433774324000069],[39.79787994000003,21.434457492000035],[39.79703833700006,21.435189666000042],[39.796005738000076,21.435901361000049],[39.794435954000051,21.436938543000053],[39.793019838000077,21.437875726000073],[39.792692122000062,21.438089949000073],[39.791953456000044,21.438541513000075],[39.791395518000058,21.438787632000071],[39.79079022600007,21.439000841000052],[39.78992700200007,21.439167653000027],[39.78979217300008,21.439485963000038],[39.788677646000053,21.439425631000063],[39.787601442000039,21.43963111100004],[39.785975975000042,21.439941447000024],[39.784687286000064,21.440195318000065],[39.782723080000039,21.440570483000045],[39.782509189000052,21.440585715000054],[39.782250813000076,21.440604112000074],[39.781555383000068,21.440653629000053],[39.77981215300008,21.440542236000056],[39.77737890800006,21.440388975000076],[39.776781166000035,21.438670510000065],[39.77630713800005,21.43653738200004],[39.776188631000025,21.435174551000046],[39.776247884000043,21.433782093000048],[39.776870047000045,21.430730536000056],[39.77758108900008,21.428419648000045],[39.778588399000057,21.425101449000067],[39.779417949000049,21.42252392100005],[39.779834675000075,21.42074771800003]]]},"properties":{"OBJECTID":55,"OBJECTID_1":55,"RegionID":null,"city":"Makkah","discription":"Al-Nizha District","Discription_AR":"حي النزهة","Region":"مكة المكرمة","Fence_Type":"Year_1447H_2026G","Capacity":null,"Actual_Cap":null,"type":"حي","GIS_data_type":"Polygon","Shape_Length":0.073866375584255045,"Shape_Area":0.00027065125014939573}},{"type":"Feature","id":56,"geometry":{"type":"Polygon","coordinates":[[[39.810711351000066,21.423821051000061],[39.810634940000057,21.424841350000065],[39.810610670000074,21.425702944000022],[39.810477184000035,21.426904321000052],[39.810380103000057,21.427523213000029],[39.810283022000078,21.428081428000041],[39.810125265000067,21.428773130000025],[39.809979643000077,21.42979248100005],[39.809894698000051,21.430848237000077],[39.809943238000074,21.431418588000042],[39.809967508000057,21.431867587000056],[39.809992308000062,21.432202923000034],[39.809877268000037,21.432178782000051],[39.809040042000049,21.432005509000078],[39.808680529000071,21.431931251000037],[39.808613294000054,21.431917318000046],[39.808545945000049,21.431903945000045],[39.80847848600007,21.431891131000043],[39.808410925000032,21.431878879000067],[39.80834326400003,21.431867188000069],[39.808275508000065,21.43185606000003],[39.808231276000072,21.431850331000078],[39.80818696700004,21.431845226000064],[39.808142590000045,21.43184074800007],[39.808098155000039,21.43183689500006],[39.808053670000049,21.43183367000006],[39.808009144000039,21.431831073000069],[39.807964586000026,21.431829105000077],[39.807920004000039,21.431827766000026],[39.807875408000029,21.431827055000042],[39.807830806000027,21.431826974000046],[39.807786207000049,21.431827522000049],[39.807741621000048,21.43182870000004],[39.807697046000044,21.431830730000058],[39.807652502000053,21.431833374000064],[39.807608000000073,21.431836633000046],[39.80756354600004,21.431840504000036],[39.807519151000065,21.431844988000023],[39.807474821000028,21.431850083000029],[39.80743056600005,21.431855789000053],[39.807386393000058,21.43186210500005],[39.80734231200006,21.43186902900004],[39.807298331000027,21.431876560000035],[39.807254457000056,21.431884696000054],[39.807210700000041,21.431893437000042],[39.807160006000061,21.431905595000046],[39.807109455000045,21.431918334000045],[39.807059054000035,21.43193165100007],[39.807008808000035,21.431945546000065],[39.806958725000072,21.431960015000072],[39.806908811000028,21.431975058000035],[39.806859073000055,21.43199067300003],[39.806809517000033,21.432006856000044],[39.806760151000049,21.432023607000076],[39.806710979000059,21.432040923000045],[39.806687973000066,21.432049801000062],[39.806665184000053,21.432059223000067],[39.806642625000052,21.432069184000056],[39.806620309000039,21.432079677000047],[39.806598248000057,21.432090697000035],[39.806581081000047,21.432099735000065],[39.806564089000062,21.432109098000069],[39.80654727700005,21.432118781000042],[39.806542536000052,21.43212158800003],[39.806536415000039,21.432124298000076],[39.806557582000039,21.432013855000037],[39.806566893000024,21.431965271000024],[39.806600945000071,21.431750715000078],[39.806641274000071,21.431496615000071],[39.806664634000072,21.431307136000044],[39.806682283000043,21.431117116000053],[39.806694201000028,21.430926706000037],[39.806734943000038,21.430239527000026],[39.806775406000042,21.429501405000053],[39.806826637000029,21.428622747000077],[39.80683685300005,21.428381869000077],[39.806833716000028,21.427810685000054],[39.806825184000047,21.426858214000049],[39.806815831000051,21.425756000000035],[39.80680471900007,21.424633725000035],[39.806801154000027,21.42428484800007],[39.806785193000053,21.42312948700004],[39.806808180000075,21.423133717000042],[39.806863499000031,21.423145163000072],[39.807383476000041,21.423240250000049],[39.807742116000043,21.423304813000072],[39.807955435000054,21.423342622000064],[39.808292594000079,21.423402600000031],[39.808742868000024,21.423484798000061],[39.809541767000042,21.423629396000024],[39.809747666000078,21.423664668000072],[39.809781127000065,21.423670400000049],[39.810130481000044,21.423730247000037],[39.810344436000037,21.423766899000043],[39.81064568100004,21.423811361000048],[39.810711351000066,21.423821051000061]]]},"properties":{"OBJECTID":56,"OBJECTID_1":56,"RegionID":null,"city":"Makkah","discription":"Al-Tayseer District","Discription_AR":"حى التيسير","Region":"مكة المكرمة","Fence_Type":"Year_1447H_2026G","Capacity":null,"Actual_Cap":null,"type":"حي","GIS_data_type":"Polygon","Shape_Length":0.024978167241781001,"Shape_Area":2.9922800863763292e-05}},{"type":"Feature","id":57,"geometry":{"type":"Polygon","coordinates":[[[39.82160882200003,21.433473426000035],[39.821277444000032,21.433020424000063],[39.821071147000055,21.432801992000066],[39.820804174000045,21.432619965000072],[39.820597877000068,21.432437938000078],[39.820330905000048,21.432425803000058],[39.81980909400005,21.43272918100007],[39.81956639200007,21.433032559000026],[39.819323689000043,21.433311667000055],[39.819117392000067,21.433833477000064],[39.818935365000073,21.434112585000037],[39.818729068000039,21.434331018000023],[39.818352879000031,21.433954829000072],[39.818170852000037,21.43363931500005],[39.817855339000062,21.43337234300003],[39.817600502000062,21.433093235000058],[39.817321394000032,21.432886938000024],[39.816945205000025,21.432547154000076],[39.816690367000035,21.432243776000064],[39.816423395000072,21.431952533000072],[39.816302043000064,21.431721966000055],[39.816314178000027,21.43139431700007],[39.816484070000058,21.431090939000057],[39.816593286000057,21.430860372000041],[39.816799583000034,21.430520588000036],[39.81705442100008,21.430095859000062],[39.817369934000055,21.429610454000056],[39.817564096000069,21.429355616000066],[39.817818934000059,21.428967292000038],[39.818037366000055,21.428736725000078],[39.818328609000048,21.428275590000055],[39.818559176000065,21.427899402000037],[39.818680528000073,21.427535348000049],[39.81888682500005,21.427147024000078],[39.81914166200005,21.426807240000073],[39.819408635000059,21.426358241000059],[39.819724148000034,21.425945646000059],[39.819930446000058,21.425593728000024],[39.82017800400007,21.425278698000056],[39.820333332000075,21.425659258000053],[39.820535260000042,21.425954384000022],[39.820752722000066,21.426233977000038],[39.821024548000025,21.426513570000054],[39.821265309000069,21.42674656500003],[39.82144115300008,21.426894434000076],[39.821602759000029,21.427021011000022],[39.821795604000044,21.427153218000058],[39.821968404000074,21.42726996600004],[39.822190067000065,21.427406119000068],[39.822535046000041,21.42767243000003],[39.823063094000076,21.428028034000079],[39.823724177000031,21.428306384000052],[39.824549287000025,21.428520118000051],[39.82504758500005,21.428594987000054],[39.82548250800005,21.428610520000063],[39.825941086000057,21.428603838000072],[39.826546515000075,21.428579454000044],[39.827727020000054,21.42841635800005],[39.828045446000033,21.428253262000055],[39.828635698000028,21.428020267000022],[39.82882961200005,21.427540793000048],[39.829086154000038,21.427033924000057],[39.829233717000079,21.426614535000056],[39.829365747000054,21.426016516000061],[39.829536610000048,21.425542760000042],[39.829718626000044,21.425274033000051],[39.829831736000074,21.425123370000051],[39.83004919800004,21.424960274000057],[39.83009579700007,21.42468844800004],[39.83008803000007,21.424393321000025],[39.830010365000078,21.424183626000058],[39.829725838000059,21.423943521000069],[39.829699136000045,21.423702702000071],[39.829699119000054,21.423610128000064],[39.829705878000027,21.423517771000036],[39.829719383000054,21.423426066000047],[39.829739569000026,21.423335443000042],[39.829766341000038,21.423246328000062],[39.829799575000038,21.423159141000042],[39.829839112000059,21.423074292000024],[39.829884768000056,21.422992181000041],[39.829936327000041,21.422913192000067],[39.829993547000072,21.422837698000023],[39.830056160000026,21.422766055000068],[39.830123869000033,21.422698599000057],[39.83019635800008,21.42263564700005],[39.830273284000043,21.422577495000041],[39.830354285000055,21.422524418000023],[39.830793401000051,21.422531839000044],[39.83115633400007,21.422537971000054],[39.831783707000056,21.422548567000035],[39.83166882200004,21.424704981000048],[39.832134230000065,21.424882507000063],[39.832816776000072,21.423566896000068],[39.83592531000005,21.424992666000037],[39.834633164000024,21.427126542000053],[39.83419477800004,21.427861030000031],[39.833992312000078,21.428200248000053],[39.833767101000035,21.428508520000037],[39.833436798000037,21.428899829000045],[39.833234384000036,21.429104186000075],[39.833026993000033,21.429303282000035],[39.832831957000053,21.429477788000042],[39.83263254700006,21.429647905000024],[39.832428876000051,21.429813538000076],[39.832241475000046,21.429947785000024],[39.832050656000035,21.430077741000048],[39.831856532000074,21.43020333100003],[39.831696307000072,21.430302855000036],[39.831533572000069,21.430398741000033],[39.831368420000047,21.430490934000034],[39.83120094700007,21.43057938000004],[39.830986297000038,21.43068321800007],[39.830769266000061,21.430782621000048],[39.830549958000063,21.430877541000029],[39.830310403000055,21.430968345000053],[39.830068422000068,21.431053328000075],[39.82982417900007,21.431132432000027],[39.829577836000055,21.431205605000059],[39.82935976300007,21.431261681000024],[39.829140144000064,21.431312190000028],[39.828919140000039,21.431357095000067],[39.82869691500008,21.431396363000033],[39.828596383000047,21.431411470000057],[39.828558663000081,21.431416827000078],[39.828266627000062,21.431453728000065],[39.82802401400005,21.431479507000063],[39.82753724500003,21.431515791000038],[39.826737789000049,21.431580616000076],[39.826415239000028,21.431596187000025],[39.826038330000074,21.431614380000042],[39.825872264000054,21.431617076000066],[39.825706407000041,21.431625341000029],[39.825540974000035,21.431639166000025],[39.825376175000031,21.431658532000029],[39.82521222400004,21.431683414000076],[39.82504933000007,21.431713781000042],[39.824794047000069,21.431772559000024],[39.824540417000037,21.431837304000055],[39.824288598000066,21.431907977000037],[39.824038748000078,21.431984533000048],[39.823791025000048,21.432066924000026],[39.823545583000055,21.432155098000067],[39.823331150000058,21.432269924000025],[39.823119606000034,21.432389356000044],[39.822911064000039,21.432513330000063],[39.82270563600008,21.432641781000029],[39.82250343100003,21.432774639000058],[39.82228354800003,21.432926713000029],[39.822253800000055,21.432947918000025],[39.822180570000057,21.433004354000047],[39.822107723000045,21.433061285000065],[39.822035264000078,21.433118708000052],[39.821963194000034,21.43317662000004],[39.821891519000076,21.433235018000062],[39.821820241000069,21.43329390100007],[39.821749363000038,21.433353264000061],[39.821678888000065,21.433413106000046],[39.82160882200003,21.433473426000035]]]},"properties":{"OBJECTID":57,"OBJECTID_1":57,"RegionID":null,"city":"Makkah","discription":"Ruwa AL-Haram district","Discription_AR":"حي رؤى الحرم","Region":"مكة المكرمة","Fence_Type":"Year_1447H_2026G","Capacity":null,"Actual_Cap":null,"type":"حي","GIS_data_type":"Polygon","Shape_Length":0.058200285966560426,"Shape_Area":9.1133023058000004e-05}},{"type":"Feature","id":58,"geometry":{"type":"Polygon","coordinates":[[[39.826710051000077,21.419853483000054],[39.826471278000042,21.419768868000062],[39.826228575000073,21.419720328000039],[39.825852386000065,21.419647517000044],[39.825379116000079,21.419659652000064],[39.824978657000031,21.419744598000023],[39.824651009000036,21.420011571000032],[39.824104928000054,21.420230003000029],[39.823692334000043,21.42037562400003],[39.823304010000072,21.420448435000026],[39.823073443000055,21.420921705000069],[39.822867146000078,21.421285759000057],[39.822600173000069,21.421407110000075],[39.822102162000078,21.421383861000038],[39.822489137000048,21.420354443000065],[39.822648725000079,21.419307089000029],[39.82270481900008,21.418818003000069],[39.822718764000058,21.418687056000067],[39.822763360000067,21.418118868000022],[39.822796698000047,21.417502420000062],[39.822820750000062,21.417202892000034],[39.822861143000068,21.416541724000069],[39.822852831000034,21.416362801000048],[39.822784182000078,21.415925818000062],[39.822738279000077,21.415658389000043],[39.822681913000054,21.415351998000062],[39.822541665000074,21.414877487000069],[39.822455942000033,21.414626131000034],[39.822097961000054,21.413769126000034],[39.82185783500006,21.41324701800005],[39.821007740000027,21.411320913000054],[39.821009963000051,21.411320932000024],[39.821526880000079,21.411325248000026],[39.822953476000066,21.411333883000054],[39.824394602000041,21.411323462000041],[39.824414516000047,21.411323630000027],[39.825282510000079,21.411330950000036],[39.825854984000046,21.411400787000048],[39.825866147000056,21.411402149000025],[39.825868154000034,21.411402394000049],[39.826018367000074,21.411654166000062],[39.826277054000059,21.411983457000076],[39.826501377000056,21.412226949000058],[39.82678257200007,21.412477324000065],[39.82708978900007,21.412787394000077],[39.827090337000072,21.412787948000073],[39.827342717000079,21.412849649000066],[39.827759719000028,21.412860866000074],[39.828037432000031,21.412888840000051],[39.827975672000036,21.41331004400007],[39.82793676600005,21.413377914000023],[39.827916949000041,21.413463297000078],[39.827902349000055,21.41356544100006],[39.827902341000026,21.413565497000036],[39.827873446000069,21.413833918000023],[39.82776326000004,21.414529682000023],[39.827671670000029,21.414912337000032],[39.827622508000047,21.415187944000024],[39.827624505000074,21.415546137000035],[39.827692582000054,21.415930450000076],[39.827771836000068,21.416173669000045],[39.828026211000065,21.416969702000074],[39.827966324000045,21.417204082000069],[39.827528193000035,21.418180233000044],[39.827256258000034,21.418802398000025],[39.827003708000063,21.419228714000042],[39.826766645000077,21.41968829800004],[39.826710051000077,21.419853483000054]]]},"properties":{"OBJECTID":58,"OBJECTID_1":58,"RegionID":null,"city":"Makkah","discription":"Al-Hijlah District","Discription_AR":"حي الهجلة","Region":"مكة المكرمة","Fence_Type":"Year_1447H_2026G","Capacity":null,"Actual_Cap":null,"type":"حي","GIS_data_type":"Polygon","Shape_Length":0.03089227481279478,"Shape_Area":4.4779171342144452e-05}},{"type":"Feature","id":59,"geometry":{"type":"Polygon","coordinates":[[[39.804722081000079,21.464468164000039],[39.804293121000057,21.464984497000046],[39.804004704000079,21.46522318500007],[39.803714295000077,21.465463515000067],[39.803317066000034,21.465764051000065],[39.802955036000071,21.466025772000023],[39.802503667000053,21.466280318000031],[39.800882792000039,21.466994498000076],[39.80023086500006,21.467351989000065],[39.79982645900003,21.46761375400007],[39.799348793000036,21.467972891000045],[39.799060269000051,21.468222586000024],[39.798712635000072,21.468586033000065],[39.798473407000074,21.468855228000052],[39.798240107000026,21.469161673000031],[39.798018285000069,21.469483951000029],[39.797814552000034,21.469818756000052],[39.797606053000038,21.470231696000042],[39.797429043000079,21.470649416000072],[39.797293039000067,21.471075213000063],[39.797154747000036,21.471578215000022],[39.79698256100005,21.472349799000028],[39.796623317000069,21.474287993000075],[39.796498206000081,21.474909787000058],[39.796106832000078,21.476927794000062],[39.795859119000056,21.478202775000057],[39.793378793000045,21.478126682000038],[39.792238091000058,21.478066006000063],[39.792019659000061,21.47802960100006],[39.791946848000066,21.477434980000055],[39.791825497000048,21.476464170000042],[39.791716281000049,21.475578306000045],[39.791522119000035,21.474194901000033],[39.791267282000035,21.47298138900004],[39.791121660000044,21.472605200000032],[39.790090174000056,21.47089414800007],[39.789689715000065,21.470408743000064],[39.789010148000045,21.469862662000025],[39.78615839400004,21.467751150000026],[39.785454557000037,21.467350691000036],[39.784532287000047,21.466998773000057],[39.783670694000079,21.466768205000051],[39.782505722000053,21.466658989000052],[39.781025236000062,21.466622584000049],[39.779326319000063,21.466622584000049],[39.776705132000075,21.466525503000071],[39.775151836000077,21.466476962000058],[39.773998999000071,21.466294935000064],[39.773137406000046,21.466040098000065],[39.772166596000034,21.465591098000061],[39.771183651000058,21.464935801000024],[39.77039486700005,21.464219829000058],[39.76971530000003,21.463431046000039],[39.768999328000064,21.462448101000064],[39.768271221000077,21.461440886000048],[39.767361086000051,21.460263778000069],[39.766851411000061,21.459559941000066],[39.766244655000037,21.458953185000041],[39.765249575000041,21.458225078000055],[39.764521467000066,21.45788529400005],[39.763356495000039,21.457448430000056],[39.761815334000062,21.457023700000036],[39.76075957900008,21.456683917000078],[39.759631012000057,21.456319863000033],[39.762640523000073,21.448686870000074],[39.762802072000056,21.448225735000051],[39.763067528000079,21.447315601000071],[39.763351945000068,21.446367544000054],[39.76348467300005,21.445400526000071],[39.763579478000054,21.444300781000038],[39.763617400000044,21.443011424000076],[39.76352259500004,21.441115311000033],[39.76337387600006,21.439752270000042],[39.76429537100006,21.439645057000064],[39.765502282000057,21.439500900000041],[39.766180829000064,21.439385446000074],[39.76694892200004,21.439305436000041],[39.768211869000027,21.439136621000046],[39.768964715000038,21.439032355000052],[39.769509481000057,21.439024802000063],[39.769695794000029,21.439028749000045],[39.769881787000031,21.439039684000022],[39.770067162000032,21.439057588000026],[39.770257589000039,21.439083473000039],[39.770418428000028,21.439111331000049],[39.770453395000061,21.439118114000053],[39.770755534000045,21.439187808000042],[39.770796560000065,21.439198162000025],[39.771940658000062,21.439491689000079],[39.774458995000032,21.440143397000043],[39.775228580000032,21.440264777000039],[39.776017296000077,21.440303508000056],[39.77737890800006,21.440388975000076],[39.777670929000067,21.441163595000035],[39.777785742000049,21.441444872000034],[39.778160102000072,21.442277365000052],[39.778511664000064,21.44289899000006],[39.779064412000025,21.443680884000059],[39.779538206000041,21.444226773000025],[39.779880461000062,21.44456924900004],[39.780242598000029,21.444893312000033],[39.781021937000048,21.445482218000052],[39.781496878000041,21.445780813000056],[39.78266921200003,21.446440657000039],[39.783650164000051,21.447055481000064],[39.784068325000078,21.447325625000076],[39.784482099000058,21.447601626000051],[39.784891394000056,21.447883422000075],[39.78529611600004,21.44817094800004],[39.785696174000066,21.448464140000056],[39.78609147800006,21.448762931000033],[39.78645128200003,21.449043359000029],[39.786867466000047,21.449377040000059],[39.787247975000071,21.449692218000052],[39.787623378000035,21.450012719000028],[39.787993591000031,21.450338468000041],[39.78835852900005,21.450669393000055],[39.788841362000028,21.45112411100007],[39.789072256000054,21.451346468000054],[39.789420881000069,21.451692466000054],[39.78951720200007,21.451790989000074],[39.789763910000033,21.452043333000063],[39.790101264000043,21.452398989000073],[39.79043286700005,21.452759356000058],[39.79075864400005,21.453124350000053],[39.793975835000026,21.456784292000066],[39.794269563000057,21.457116762000055],[39.794568908000031,21.457444813000052],[39.794873791000043,21.457768363000071],[39.795820906000074,21.458711191000077],[39.799678217000064,21.461781700000074],[39.801608663000025,21.462958850000064],[39.804722081000079,21.464468164000039]]]},"properties":{"OBJECTID":59,"OBJECTID_1":59,"RegionID":null,"city":"Makkah","discription":"Al-Salamah District","Discription_AR":"حي السلامة","Region":"مكة المكرمة","Fence_Type":"Year_1447H_2026G","Capacity":null,"Actual_Cap":null,"type":"حي","GIS_data_type":"Polygon","Shape_Length":0.13291001436401906,"Shape_Area":0.00078400418996999854}},{"type":"Feature","id":60,"geometry":{"type":"Polygon","coordinates":[[[39.759559504000038,21.456524920000049],[39.759492408000028,21.456793291000054],[39.759438734000071,21.457122048000031],[39.759425315000044,21.457356874000027],[39.759472280000068,21.457719176000069],[39.759532664000062,21.457980839000072],[39.75964672200007,21.458269340000072],[39.759801037000045,21.458671899000024],[39.759995607000064,21.459081167000022],[39.76013650200008,21.459430051000027],[39.760297526000045,21.459752098000024],[39.76043842100006,21.460107691000076],[39.760592735000046,21.460503540000047],[39.760780596000075,21.460993320000057],[39.76094162000004,21.461503228000026],[39.761102643000072,21.462127194000061],[39.76122341100006,21.462616974000071],[39.761330760000078,21.463254358000029],[39.761404562000052,21.464052766000066],[39.761485074000063,21.464998779000041],[39.761585713000045,21.466058850000024],[39.761639388000049,21.46677003700006],[39.761706481000033,21.467548317000023],[39.761780283000064,21.468373563000057],[39.761840667000058,21.469064622000076],[39.761921179000069,21.470144821000076],[39.762062074000028,21.471573904000024],[39.762169423000046,21.473002987000029],[39.762343866000037,21.474968816000057],[39.762645785000075,21.478538169000046],[39.762867192000044,21.481121254000072],[39.762914157000068,21.481651289000069],[39.762967832000072,21.482510081000044],[39.76302150600003,21.483637246000058],[39.763028215000077,21.484348433000036],[39.763041634000047,21.485462178000034],[39.763075180000044,21.487032157000044],[39.763155692000055,21.488783287000047],[39.763249623000036,21.490105022000023],[39.763350262000074,21.491453593000074],[39.763504576000059,21.492996735000077],[39.763692437000032,21.494466074000059],[39.76380649500004,21.495224226000062],[39.763913844000058,21.495962250000048],[39.764061449000053,21.496854589000066],[39.764182217000041,21.497646287000066],[39.764215763000038,21.498022009000067],[39.764262729000052,21.498484951000023],[39.764282857000069,21.499088789000041],[39.764276147000032,21.499880488000031],[39.764242601000035,21.500336721000053],[39.764209054000048,21.500772826000059],[39.764141961000064,21.501202222000074],[39.764061449000053,21.501671874000067],[39.763967519000062,21.502168363000067],[39.763819914000067,21.502819166000052],[39.763638763000074,21.50371821400006],[39.763464321000072,21.504644099000075],[39.763182529000062,21.505945705000045],[39.762961122000036,21.506965521000041],[39.762706168000079,21.508179906000066],[39.762491470000043,21.509146047000058],[39.762296900000081,21.510139025000058],[39.762176353000029,21.510816435000038],[39.745147561000067,21.507720261000031],[39.744682462000071,21.507624832000033],[39.744225960000051,21.507498062000025],[39.743592558000046,21.507317089000026],[39.743080355000075,21.507126005000032],[39.742528442000037,21.506889995000051],[39.741942093000034,21.506614918000025],[39.741394032000073,21.50626866500005],[39.740899693000074,21.505952560000026],[39.74032782200004,21.505496510000057],[39.739734233000036,21.504949974000056],[39.73906463600008,21.504273139000077],[39.738568773000054,21.503592684000068],[39.738116343000058,21.502857937000044],[39.737819548000061,21.50224987100006],[39.737501038000062,21.501377585000057],[39.73731286800006,21.500745552000069],[39.737184661000072,21.499873582000077],[39.737128235000057,21.499072001000059],[39.737092041000039,21.498290201000032],[39.737145087000044,21.497767773000078],[39.737280252000062,21.496838805000039],[39.737475701000051,21.495800025000051],[39.737707346000036,21.494924121000054],[39.737801451000053,21.494536840000023],[39.738130820000038,21.492661969000039],[39.738177873000041,21.492242114000078],[39.738194262000036,21.491721939000058],[39.738188731000037,21.491196095000078],[39.738112723000029,21.490332815000045],[39.737988500000029,21.489461323000057],[39.737783354000044,21.48874935300006],[39.73761686000006,21.488257109000074],[39.737363499000026,21.487685237000051],[39.737026891000028,21.487004782000042],[39.736751813000069,21.486548732000074],[39.736009393000074,21.485585961000027],[39.734094533000075,21.483334103000061],[39.733421927000052,21.482639735000078],[39.731622236000078,21.480565951000074],[39.730755402000057,21.479407317000039],[39.73024405700005,21.478716260000056],[39.729854605000071,21.478087635000065],[39.728606042000081,21.475984305000054],[39.727518688000032,21.474026580000043],[39.72643391500003,21.472186108000074],[39.726319961000058,21.471976804000064],[39.726062773000081,21.471555174000059],[39.725292660000036,21.47018885500006],[39.724561533000042,21.468947386000025],[39.723837506000052,21.46754050100003],[39.723438707000071,21.466649504000031],[39.723182073000032,21.465812497000059],[39.722948822000035,21.465166210000064],[39.72278467700005,21.464561815000025],[39.722533432000034,21.463546337000025],[39.72217325500003,21.462179827000057],[39.721726272000069,21.460043193000047],[39.721608335000042,21.458875615000068],[39.721641699000031,21.457635692000053],[39.721856003000028,21.455903600000056],[39.722068290000038,21.454948309000031],[39.722811293000063,21.452106025000035],[39.723153311000033,21.450997416000064],[39.72340687600007,21.450336968000045],[39.723766584000032,21.449487821000048],[39.72432017400007,21.448415676000025],[39.727034097000057,21.442588500000056],[39.727038782000079,21.442578770000068],[39.759559504000038,21.456524920000049]]]},"properties":{"OBJECTID":60,"OBJECTID_1":60,"RegionID":null,"city":"Makkah","discription":"Al Aqabah North District","Discription_AR":"حي العقبة الشمالي","Region":"مكة المكرمة","Fence_Type":"Year_1447H_2026G","Capacity":null,"Actual_Cap":null,"type":"حي","GIS_data_type":"Polygon","Shape_Length":0.18275746960817979,"Shape_Area":0.0018804595930771561}},{"type":"Feature","id":61,"geometry":{"type":"Polygon","coordinates":[[[39.696964412000057,21.379704248000053],[39.696892369000068,21.379980119000038],[39.696874018000074,21.380641488000037],[39.69749931900003,21.400901216000022],[39.698275759000069,21.406767225000067],[39.699767420000057,21.408160534000046],[39.701144337000073,21.410193126000024],[39.701652485000068,21.411586435000061],[39.701111553000032,21.413274798000032],[39.700128041000028,21.413717378000058],[39.697177504000081,21.413619027000038],[39.696357911000064,21.413897689000066],[39.695980897000027,21.414700891000052],[39.69575141100006,21.415504092000049],[39.695030169000063,21.415733579000062],[39.694571197000073,21.416012240000043],[39.694374494000044,21.417323590000024],[39.692306290000033,21.416596946000027],[39.688791491000075,21.415331618000039],[39.686776339000062,21.414644280000061],[39.685073613000043,21.414363096000045],[39.683573965000051,21.414331853000078],[39.682168046000072,21.414566173000026],[39.68087147500006,21.414909842000043],[39.67955928300006,21.415440968000041],[39.677028627000027,21.416518840000037],[39.673154537000073,21.418159080000066],[39.671842345000073,21.418721447000053],[39.670030270000041,21.419752455000037],[39.667093460000046,21.421330210000065],[39.664000436000038,21.422986071000025],[39.661360431000048,21.424407613000028],[39.658954745000074,21.425688562000062],[39.655158762000042,21.427391287000034],[39.646379573000047,21.431265378000035],[39.63991234100007,21.434170945000062],[39.638490800000056,21.434733313000038],[39.636444405000077,21.435405031000073],[39.634179312000072,21.436295447000077],[39.632039189000068,21.437373319000073],[39.630273979000037,21.438498054000036],[39.62847752600004,21.43990397400006],[39.627384032000066,21.440810012000043],[39.619854550000071,21.448933105000037],[39.619245318000026,21.448417601000074],[39.617745670000033,21.446902331000047],[39.61612105200004,21.445043393000049],[39.615293121000036,21.443856172000039],[39.614308977000064,21.442122204000043],[39.612981164000075,21.439560305000043],[39.612231340000051,21.437560775000065],[39.611856428000067,21.435842428000058],[39.611606487000074,21.434452129000078],[39.611387788000059,21.432452599000044],[39.611169089000043,21.428937799000039],[39.610887905000027,21.424720039000078],[39.610544236000067,21.419564999000045],[39.610512993000043,21.416503218000059],[39.610872284000038,21.41420688200003],[39.611325303000058,21.412504157000058],[39.61196577700008,21.410942024000065],[39.612606252000035,21.409645453000053],[39.614574540000035,21.40624000300005],[39.61737075800005,21.40156922400007],[39.619870171000059,21.397132766000027],[39.620854315000031,21.395617497000046],[39.622760118000031,21.392399502000046],[39.623994203000052,21.390321865000033],[39.624900241000034,21.388181742000029],[39.625540715000056,21.386041620000071],[39.625946870000064,21.383401615000025],[39.626009355000065,21.381573919000061],[39.625853142000039,21.380074271000069],[39.625587579000069,21.378496516000041],[39.625072075000048,21.376262666000059],[39.624634678000064,21.374169407000068],[39.624087931000076,21.371591887000022],[39.623119409000026,21.366967973000044],[39.622088401000042,21.362156602000027],[39.62190094500005,21.360938138000051],[39.621651003000068,21.358126299000048],[39.621604139000056,21.356095525000057],[39.621807217000026,21.352815046000046],[39.621911228000045,21.352086952000036],[39.624892025000065,21.352160539000067],[39.630861583000069,21.352290312000036],[39.638579259000039,21.352465887000051],[39.643098412000029,21.352580393000039],[39.645961052000075,21.352664364000077],[39.647671002000038,21.352801770000042],[39.649154803000044,21.353012174000071],[39.651051302000042,21.353465426000071],[39.652661537000029,21.353978315000063],[39.654247916000031,21.354658192000045],[39.655533122000065,21.355346269000052],[39.659409613000037,21.357843624000054],[39.678232958000081,21.369379912000056],[39.683768140000041,21.37241773900007],[39.685613200000034,21.373368225000036],[39.688837397000043,21.375064189000057],[39.693571189000068,21.377598818000024],[39.695695804000025,21.378772948000062],[39.696964412000057,21.379704248000053]]]},"properties":{"OBJECTID":61,"OBJECTID_1":61,"RegionID":null,"city":"Makkah","discription":"Al-Hudaibiyah District","Discription_AR":"حي الحديبية","Region":"مكة المكرمة","Fence_Type":"Year_1447H_2026G","Capacity":null,"Actual_Cap":null,"type":"حي","GIS_data_type":"Polygon","Shape_Length":0.31470082775072078,"Shape_Area":0.0052846476274050523}},{"type":"Feature","id":62,"geometry":{"type":"Polygon","coordinates":[[[39.759631013000046,21.456319860000065],[39.76075957900008,21.456683917000078],[39.761815334000062,21.457023700000036],[39.763356495000039,21.457448430000056],[39.764521467000066,21.45788529400005],[39.765249575000041,21.458225078000055],[39.766244655000037,21.458953185000041],[39.766851411000061,21.459559941000066],[39.767361086000051,21.460263778000069],[39.768271221000077,21.461440886000048],[39.768999328000064,21.462448101000064],[39.76971530000003,21.463431046000039],[39.77039486700005,21.464219829000058],[39.771183651000058,21.464935801000024],[39.772166596000034,21.465591098000061],[39.773137406000046,21.466040098000065],[39.773998999000071,21.466294935000064],[39.775151836000077,21.466476962000058],[39.776705132000075,21.466525503000071],[39.779326319000063,21.466622584000049],[39.781025236000062,21.466622584000049],[39.782505722000053,21.466658989000052],[39.783670694000079,21.466768205000051],[39.784532287000047,21.466998773000057],[39.785454557000037,21.467350691000036],[39.78615839400004,21.467751150000026],[39.789010148000045,21.469862662000025],[39.789689715000065,21.470408743000064],[39.790090174000056,21.47089414800007],[39.791121660000044,21.472605200000032],[39.791522119000035,21.474194901000033],[39.791716281000049,21.475578306000045],[39.791825497000048,21.476464170000042],[39.791946848000066,21.477434980000055],[39.792019659000061,21.47802960100006],[39.792238091000058,21.478066006000063],[39.793378793000045,21.478126682000038],[39.795859119000056,21.478202775000057],[39.795700047000025,21.479021518000025],[39.795578216000081,21.479624876000059],[39.795563788000038,21.479696328000045],[39.79528098600008,21.481121879000057],[39.795022719000031,21.482418963000043],[39.794872270000042,21.483187653000073],[39.794663896000031,21.484290452000039],[39.794261756000026,21.486275614000078],[39.793787599000041,21.489239585000064],[39.793667094000057,21.490435697000066],[39.791346799000053,21.514559503000044],[39.791123392000031,21.51695862300005],[39.788915436000025,21.516339742000071],[39.786176665000028,21.515628954000078],[39.783017385000051,21.514846391000049],[39.778487539000025,21.513700071000073],[39.774600062000047,21.512737288000039],[39.772567055000025,21.512287057000037],[39.771383538000066,21.512066702000027],[39.770365355000024,21.511935837000067],[39.768050710000068,21.511718557000052],[39.766268925000077,21.511510409000039],[39.764674079000031,21.511309549000032],[39.762176353000029,21.510816435000038],[39.762296900000081,21.510139025000058],[39.762491470000043,21.509146047000058],[39.762706168000079,21.508179906000066],[39.762961122000036,21.506965521000041],[39.763182529000062,21.505945705000045],[39.763464321000072,21.504644099000075],[39.763638763000074,21.50371821400006],[39.763819914000067,21.502819166000052],[39.763967519000062,21.502168363000067],[39.764061449000053,21.501671874000067],[39.764141961000064,21.501202222000074],[39.764209054000048,21.500772826000059],[39.764242601000035,21.500336721000053],[39.764276147000032,21.499880488000031],[39.764282857000069,21.499088789000041],[39.764262729000052,21.498484951000023],[39.764215763000038,21.498022009000067],[39.764182217000041,21.497646287000066],[39.764061449000053,21.496854589000066],[39.763913844000058,21.495962250000048],[39.76380649500004,21.495224226000062],[39.763692437000032,21.494466074000059],[39.763504576000059,21.492996735000077],[39.763350262000074,21.491453593000074],[39.763249623000036,21.490105022000023],[39.763155692000055,21.488783287000047],[39.763075180000044,21.487032157000044],[39.763041634000047,21.485462178000034],[39.763028215000077,21.484348433000036],[39.76302150600003,21.483637246000058],[39.762967832000072,21.482510081000044],[39.762914157000068,21.481651289000069],[39.762867192000044,21.481121254000072],[39.762645785000075,21.478538169000046],[39.762343866000037,21.474968816000057],[39.762169423000046,21.473002987000029],[39.762062074000028,21.471573904000024],[39.761921179000069,21.470144821000076],[39.761840667000058,21.469064622000076],[39.761780283000064,21.468373563000057],[39.761706481000033,21.467548317000023],[39.761639388000049,21.46677003700006],[39.761585713000045,21.466058850000024],[39.761485074000063,21.464998779000041],[39.761404562000052,21.464052766000066],[39.761330760000078,21.463254358000029],[39.76122341100006,21.462616974000071],[39.761102643000072,21.462127194000061],[39.76094162000004,21.461503228000026],[39.760780596000075,21.460993320000057],[39.760592735000046,21.460503540000047],[39.76043842100006,21.460107691000076],[39.760297526000045,21.459752098000024],[39.76013650200008,21.459430051000027],[39.759995607000064,21.459081167000022],[39.759801037000045,21.458671899000024],[39.75964672200007,21.458269340000072],[39.759532664000062,21.457980839000072],[39.759472280000068,21.457719176000069],[39.759425315000044,21.457356874000027],[39.759438734000071,21.457122048000031],[39.759492408000028,21.456793291000054],[39.759559501000069,21.45652491900006],[39.759631013000046,21.456319860000065]]]},"properties":{"OBJECTID":62,"OBJECTID_1":62,"RegionID":null,"city":"Makkah","discription":"Buhairat North District","Discription_AR":"حي البحيرات","Region":"مكة المكرمة","Fence_Type":"Year_1447H_2026G","Capacity":null,"Actual_Cap":null,"type":"حي","GIS_data_type":"Polygon","Shape_Length":0.17080415639661092,"Shape_Area":0.0014590764719069414}},{"type":"Feature","id":63,"geometry":{"type":"Polygon","coordinates":[[[39.694153076000077,21.428476101000058],[39.689570821000075,21.426969511000038],[39.687682376000055,21.425525406000077],[39.683341173000031,21.427431625000054],[39.678017978000071,21.426969511000038],[39.670764473000077,21.427781820000064],[39.661098773000049,21.43149188700005],[39.652604674000031,21.433737453000049],[39.648113541000043,21.432761120000066],[39.646379573000047,21.431265378000035],[39.656039831000044,21.426996075000034],[39.658954745000074,21.425688562000062],[39.661360431000048,21.424407613000028],[39.664000436000038,21.422986071000025],[39.667093460000046,21.421330210000065],[39.668863284000054,21.420379400000058],[39.671842345000073,21.418721447000053],[39.673154537000073,21.418159080000066],[39.677028627000027,21.416518840000037],[39.67955928300006,21.415440968000041],[39.68087147500006,21.414909842000043],[39.682168046000072,21.414566173000026],[39.683573965000051,21.414331853000078],[39.685073613000043,21.414363096000045],[39.686776339000062,21.414644280000061],[39.688791491000075,21.415331618000039],[39.692306290000033,21.416596946000027],[39.694374494000044,21.417323590000024],[39.698685556000044,21.418749683000044],[39.706193033000034,21.421110112000065],[39.710258217000046,21.422355895000067],[39.715494436000029,21.423928858000068],[39.717812903000038,21.42458977900003],[39.718578731000036,21.424873030000072],[39.719124252000029,21.425166773000058],[39.72033069400004,21.425901128000078],[39.722785541000064,21.427485239000077],[39.724810265000031,21.428754625000067],[39.726069160000065,21.429310638000061],[39.726698608000049,21.429520453000066],[39.727642780000053,21.429677815000048],[39.728975111000068,21.429814196000052],[39.730506768000055,21.429961067000022],[39.731828608000058,21.43007646600006],[39.733234375000052,21.430139411000027],[39.734440513000038,21.430147598000076],[39.733307696000054,21.431318954000062],[39.732488689000036,21.432285383000078],[39.731620540000051,21.433415614000069],[39.730719632000046,21.43497172800005],[39.730015285000036,21.436233000000072],[39.728950575000056,21.438411561000066],[39.728076478000048,21.44042341100004],[39.727038782000079,21.442578770000068],[39.694153076000077,21.428476101000058]]]},"properties":{"OBJECTID":63,"OBJECTID_1":63,"RegionID":null,"city":"Makkah","discription":"Al-Marwa District","Discription_AR":"حي المروة","Region":"مكة المكرمة","Fence_Type":"Year_1447H_2026G","Capacity":null,"Actual_Cap":null,"type":"حي","GIS_data_type":"Polygon","Shape_Length":0.19573884601852731,"Shape_Area":0.00086486599273298873}},{"type":"Feature","id":64,"geometry":{"type":"Polygon","coordinates":[[[39.727038782000079,21.442578770000068],[39.728076478000048,21.44042341100004],[39.728950575000056,21.438411561000066],[39.730015285000036,21.436233000000072],[39.730719632000046,21.43497172800005],[39.731620540000051,21.433415614000069],[39.732488689000036,21.432285383000078],[39.733307696000054,21.431318954000062],[39.73440925500006,21.430180930000063],[39.736269736000054,21.430115055000044],[39.737382755000056,21.430093425000052],[39.738822447000075,21.430048834000047],[39.740068123000071,21.43000747800005],[39.741648528000042,21.429954431000056],[39.742001852000044,21.429950954000049],[39.743055500000025,21.429902298000059],[39.743448990000047,21.429903386000035],[39.743586540000081,21.429903766000052],[39.743679067000073,21.429911228000037],[39.744058534000033,21.42994182800004],[39.74566628000008,21.43015067500005],[39.745828496000058,21.430178198000078],[39.745988745000034,21.430211481000072],[39.746147492000034,21.430250565000051],[39.746459528000059,21.430345895000073],[39.746612344000027,21.430401996000057],[39.746773790000077,21.430468637000047],[39.746932965000042,21.430541911000034],[39.74705523800003,21.430603007000059],[39.747217298000066,21.430684885000062],[39.747375956000042,21.430772411000078],[39.747530987000061,21.430865459000074],[39.747682173000044,21.430963898000073],[39.747829299000045,21.431067590000055],[39.747972158000039,21.43117638700005],[39.748133220000057,21.431316130000027],[39.748459057000048,21.431598835000045],[39.748564883000029,21.431690652000043],[39.749350571000036,21.432362190000049],[39.749489575000041,21.432492641000067],[39.749633513000049,21.43261831600006],[39.749782196000069,21.432739049000077],[39.749935432000029,21.432854686000042],[39.750033245000054,21.432923201000051],[39.750093023000034,21.432965073000048],[39.750390142000072,21.433153062000031],[39.750518365000062,21.433219182000073],[39.751018840000029,21.433477252000046],[39.751208120000058,21.433553890000042],[39.751491191000071,21.433662477000041],[39.75202557700004,21.433836076000034],[39.752807033000067,21.434075430000064],[39.753744071000028,21.434382924000033],[39.754169095000066,21.434488062000071],[39.754351462000045,21.43453317500007],[39.755129959000044,21.434784280000031],[39.755380543000058,21.434865105000029],[39.75610643400006,21.435086860000069],[39.756707384000038,21.435312972000077],[39.757056524000063,21.43548095400007],[39.757421087000068,21.435674362000043],[39.757689518000063,21.435841432000075],[39.757829745000038,21.435947893000048],[39.758187802000066,21.436219729000072],[39.758682408000027,21.436676447000025],[39.758776916000045,21.436783109000032],[39.758984136000038,21.436961928000073],[39.759395256000062,21.437335330000053],[39.759786535000046,21.437690708000048],[39.760346829000071,21.438208317000033],[39.760837413000047,21.438674607000053],[39.761358570000027,21.439131896000049],[39.761598485000036,21.439307951000046],[39.761728660000074,21.43938435900003],[39.761862664000034,21.439454730000023],[39.762000175000026,21.439518895000049],[39.762140867000028,21.439576701000078],[39.76228440400007,21.439628011000025],[39.762416736000034,21.439664695000033],[39.762550782000062,21.439695440000037],[39.762686239000061,21.439720177000027],[39.762822801000027,21.439738851000072],[39.762960158000055,21.439751418000071],[39.763097997000045,21.439757852000071],[39.763236008000035,21.439758136000023],[39.76337387600006,21.439752270000042],[39.76352259500004,21.441115311000033],[39.763617400000044,21.443011424000076],[39.763579478000054,21.444300781000038],[39.76348467300005,21.445400526000071],[39.763351945000068,21.446367544000054],[39.763067528000079,21.447315601000071],[39.762802072000056,21.448225735000051],[39.762640523000073,21.448686870000074],[39.759631013000046,21.456319860000065],[39.759559504000038,21.456524920000049],[39.727038782000079,21.442578770000068]]]},"properties":{"OBJECTID":64,"OBJECTID_1":64,"RegionID":null,"city":"Makkah","discription":"Al Aqabah North District","Discription_AR":"حي العقبة","Region":"مكة المكرمة","Fence_Type":"Year_1447H_2026G","Capacity":null,"Actual_Cap":null,"type":"حي","GIS_data_type":"Polygon","Shape_Length":0.09925203739928562,"Shape_Area":0.00059257454574433287}},{"type":"Feature","id":65,"geometry":{"type":"Polygon","coordinates":[[[39.727038782000079,21.442578770000068],[39.727034097000057,21.442588500000056],[39.72432017400007,21.448415676000025],[39.723766584000032,21.449487821000048],[39.72340687600007,21.450336968000045],[39.723153311000033,21.450997416000064],[39.722811293000063,21.452106025000035],[39.722068290000038,21.454948309000031],[39.721856003000028,21.455903600000056],[39.721641699000031,21.457635692000053],[39.721608335000042,21.458875615000068],[39.721726272000069,21.460043193000047],[39.722179575000041,21.462203805000058],[39.722533432000034,21.463546337000025],[39.72278467700005,21.464561815000025],[39.722948822000035,21.465166210000064],[39.723182073000032,21.465812497000059],[39.723438707000071,21.466649504000031],[39.723837506000052,21.46754050100003],[39.724561533000042,21.468947386000025],[39.727518688000032,21.474026580000043],[39.728606042000081,21.475984305000054],[39.729854605000071,21.478087635000065],[39.73024405700005,21.478716260000056],[39.731622236000078,21.480565951000074],[39.733421927000052,21.482639735000078],[39.734094533000075,21.483334103000061],[39.736009393000074,21.485585961000027],[39.736751813000069,21.486548732000074],[39.737026891000028,21.487004782000042],[39.737363499000026,21.487685237000051],[39.73761686000006,21.488257109000074],[39.737783354000044,21.48874935300006],[39.737988500000029,21.489461323000057],[39.738112723000029,21.490332815000045],[39.738188731000037,21.491196095000078],[39.738194262000036,21.491721939000058],[39.738177873000041,21.492242114000078],[39.738130820000038,21.492661969000039],[39.737801451000053,21.494536840000023],[39.737707346000036,21.494924121000054],[39.73098471000003,21.489329870000063],[39.722486705000051,21.476082981000047],[39.718425158000059,21.46864722600003],[39.717987761000074,21.456462587000033],[39.714801009000041,21.453088379000064],[39.706589048000069,21.449897462000024],[39.702137316000062,21.442014590000042],[39.694153076000077,21.428476101000058],[39.727038782000079,21.442578770000068]]]},"properties":{"OBJECTID":65,"OBJECTID_1":65,"RegionID":null,"city":"Makkah","discription":"Al-Marwa North District","Discription_AR":"حي المروة الشمالي","Region":"مكة المكرمة","Fence_Type":"Year_1447H_2026G","Capacity":null,"Actual_Cap":null,"type":"حي","GIS_data_type":"Polygon","Shape_Length":0.17724244867480216,"Shape_Area":0.00059194585105789069}},{"type":"Feature","id":66,"geometry":{"type":"Polygon","coordinates":[[[39.705878104000078,21.373897527000054],[39.695695804000025,21.378772948000062],[39.693571189000068,21.377598818000024],[39.688837397000043,21.375064189000057],[39.685613200000034,21.373368225000036],[39.683768140000041,21.37241773900007],[39.678232958000081,21.369379912000056],[39.659409613000037,21.357843624000054],[39.655533122000065,21.355346269000052],[39.654247916000031,21.354658192000045],[39.652661537000029,21.353978315000063],[39.651051302000042,21.353465426000071],[39.649154803000044,21.353012174000071],[39.647671002000038,21.352801770000042],[39.645961052000075,21.352664364000077],[39.643098412000029,21.352580393000039],[39.638579259000039,21.352465887000051],[39.630861583000069,21.352290312000036],[39.624892025000065,21.352160539000067],[39.621911228000045,21.352086952000036],[39.622150886000043,21.350409360000072],[39.622728875000064,21.347675627000058],[39.623478699000032,21.345285563000061],[39.624650299000052,21.342333131000032],[39.626181190000068,21.339333836000037],[39.627352790000032,21.337459276000061],[39.627946400000042,21.336521996000045],[39.628961787000037,21.334944241000073],[39.631414336000034,21.331226364000031],[39.631956115000037,21.330414938000047],[39.636195440000051,21.333956192000073],[39.636966433000055,21.334532338000031],[39.63813736700007,21.33523909400003],[39.639070877000051,21.335611248000077],[39.64017595100006,21.335889332000022],[39.640787613000043,21.335958381000069],[39.641312862000063,21.335999668000056],[39.641912332000061,21.336005784000065],[39.642439398000079,21.335967276000076],[39.642884579000054,21.335928404000072],[39.643375407000065,21.33584296500004],[39.646557631000064,21.335144669000044],[39.653941753000026,21.333496672000024],[39.655040174000078,21.333268162000024],[39.655656295000028,21.333167533000051],[39.656763235000028,21.333033165000074],[39.657252625000069,21.332988063000073],[39.657889985000054,21.33296204800007],[39.658310222000068,21.332952543000033],[39.65892057800005,21.332958789000031],[39.660014942000032,21.333015445000058],[39.661333298000045,21.333163609000053],[39.664162999000041,21.333681439000031],[39.682042678000073,21.338371191000078],[39.695428011000047,21.341009176000057],[39.695968764000042,21.341043399000057],[39.696121106000078,21.343841650000059],[39.696030105000034,21.346071171000062],[39.69584810300006,21.346935679000069],[39.695211097000026,21.348164190000034],[39.694073587000048,21.349802206000049],[39.698669130000042,21.35266873300003],[39.698532629000056,21.354215747000069],[39.69894213200007,21.355899263000026],[39.699897641000064,21.356854772000077],[39.702855169000031,21.359311795000053],[39.702673168000047,21.360813309000036],[39.701808659000051,21.362451325000052],[39.700625648000027,21.364043840000022],[39.69839612700008,21.36613686000004],[39.697577120000062,21.366773866000074],[39.706768206000049,21.373689931000058],[39.705878104000078,21.373897527000054]]]},"properties":{"OBJECTID":66,"OBJECTID_1":66,"RegionID":null,"city":"Makkah","discription":"Al-Shumaisi District","Discription_AR":"حي الشميسي","Region":"مكة المكرمة","Fence_Type":"Year_1447H_2026G","Capacity":null,"Actual_Cap":null,"type":"حي","GIS_data_type":"Polygon","Shape_Length":0.22814686273421775,"Shape_Area":0.0019497130201567134}},{"type":"Feature","id":67,"geometry":{"type":"Polygon","coordinates":[[[39.750017971000034,21.365592355000047],[39.751109246000055,21.365660389000027],[39.758291009000061,21.365459198000053],[39.762172873000054,21.365499217000036],[39.765494468000043,21.365899409000065],[39.769000413000072,21.367284082000026],[39.768744413000036,21.367705397000066],[39.768564102000028,21.368885611000053],[39.76784286000003,21.371409959000061],[39.767269144000068,21.372918012000071],[39.765416863000041,21.377507735000052],[39.76456448600004,21.379753422000078],[39.764367783000068,21.381031988000075],[39.764105513000061,21.382441689000075],[39.763941595000063,21.383949741000038],[39.763695717000076,21.385228307000034],[39.763433447000068,21.386326562000022],[39.762548286000026,21.390080301000069],[39.762272417000077,21.391605243000072],[39.757182681000074,21.394520027000056],[39.756076111000027,21.394607388000054],[39.752989362000051,21.39498595200007],[39.752115754000044,21.395713958000044],[39.751911912000025,21.39658756700004],[39.749611410000057,21.39769413700003],[39.746728503000043,21.398742467000034],[39.744049438000047,21.398596866000048],[39.74326319000005,21.39801446000007],[39.74288462700008,21.396150762000048],[39.741341252000041,21.393908501000055],[39.740729726000041,21.39283105100003],[39.739914359000068,21.392976653000062],[39.738370984000028,21.394199704000073],[39.736769369000058,21.396471086000076],[39.730304668000031,21.391666240000063],[39.735225994000075,21.387618522000025],[39.736883520000049,21.386973217000047],[39.738662187000045,21.385783945000071],[39.740467644000034,21.383978488000025],[39.741341252000041,21.382085670000038],[39.741748936000079,21.380309333000071],[39.741253891000042,21.377135223000039],[39.74166157500008,21.374427038000078],[39.742855506000069,21.372650701000055],[39.744777444000079,21.370000756000024],[39.747980675000065,21.366797526000028],[39.750017971000034,21.365592355000047]]]},"properties":{"OBJECTID":67,"OBJECTID_1":67,"RegionID":null,"city":"Makkah","discription":"Al-New Naqa District","Discription_AR":"حي النقا الجديد","Region":"مكة المكرمة","Fence_Type":"Year_1447H_2026G","Capacity":null,"Actual_Cap":null,"type":"حي","GIS_data_type":"Polygon","Shape_Length":0.12054286804341154,"Shape_Area":0.00075137517145471933}},{"type":"Feature","id":68,"geometry":{"type":"Polygon","coordinates":[[[39.730304668000031,21.391666240000063],[39.736769369000058,21.396471086000076],[39.738370984000028,21.394199704000073],[39.739914359000068,21.392976653000062],[39.740729726000041,21.39283105100003],[39.741341252000041,21.393908501000055],[39.74288462700008,21.396150762000048],[39.74326319000005,21.39801446000007],[39.744049438000047,21.398596866000048],[39.746728503000043,21.398742467000034],[39.749611410000057,21.39769413700003],[39.751911912000025,21.39658756700004],[39.752115754000044,21.395713958000044],[39.752989362000051,21.39498595200007],[39.757182681000074,21.394520027000056],[39.762272417000077,21.391605243000072],[39.761958178000043,21.393342283000038],[39.761728692000077,21.395325699000068],[39.761335287000065,21.398095925000064],[39.760843531000035,21.399915423000039],[39.760220640000057,21.401472651000063],[39.758296890000054,21.404594319000068],[39.75681660500004,21.406527352000069],[39.754132043000027,21.409472540000024],[39.752936092000027,21.410595055000044],[39.750650397000072,21.412704822000023],[39.745446442000059,21.411625366000067],[39.742910824000035,21.411420468000074],[39.736928982000052,21.411866892000035],[39.734231001000069,21.412084748000041],[39.72998222800004,21.412472908000041],[39.727275602000077,21.412378490000037],[39.725492166000038,21.411958859000038],[39.723404498000036,21.410941251000054],[39.72206241300006,21.409986179000043],[39.719834143000071,21.407348112000022],[39.713012051000078,21.398489330000075],[39.708389544000056,21.392539081000052],[39.700587013000074,21.382671175000041],[39.697636476000071,21.380048475000024],[39.696964410000078,21.379704246000074],[39.695695804000025,21.378772948000062],[39.705878104000078,21.373897527000054],[39.730304668000031,21.391666240000063]]]},"properties":{"OBJECTID":68,"OBJECTID_1":68,"RegionID":null,"city":"Makkah","discription":"Al-Basateen District","Discription_AR":"حي البساتين","Region":"مكة المكرمة","Fence_Type":"Year_1447H_2026G","Capacity":null,"Actual_Cap":null,"type":"حي","GIS_data_type":"Polygon","Shape_Length":0.17771517216839122,"Shape_Area":0.0010506458646645843}},{"type":"Feature","id":69,"geometry":{"type":"Polygon","coordinates":[[[39.695968764000042,21.341043399000057],[39.703146562000029,21.341497692000075],[39.710307971000077,21.343965457000024],[39.736366264000026,21.342607333000046],[39.742327272000068,21.342633898000031],[39.739210012000058,21.343659648000028],[39.737162493000028,21.345752668000046],[39.736388985000076,21.348300692000066],[39.736616487000049,21.350348211000039],[39.740529524000067,21.356991273000062],[39.745609192000074,21.369169008000028],[39.744777444000079,21.370000756000024],[39.742855506000069,21.372650701000055],[39.74166157500008,21.374427038000078],[39.741253891000042,21.377135223000039],[39.741748936000079,21.380309333000071],[39.741341252000041,21.382085670000038],[39.740467644000034,21.383978488000025],[39.738662187000045,21.385783945000071],[39.736883520000049,21.386973217000047],[39.735225994000075,21.387618522000025],[39.730304668000031,21.391666240000063],[39.705878104000078,21.373897527000054],[39.706768206000049,21.373689931000058],[39.697577120000062,21.366773866000074],[39.69839612700008,21.36613686000004],[39.700625648000027,21.364043840000022],[39.701808659000051,21.362451325000052],[39.702673168000047,21.360813309000036],[39.702855169000031,21.359311795000053],[39.699897641000064,21.356854772000077],[39.69894213200007,21.355899263000026],[39.698532629000056,21.354215747000069],[39.698669130000042,21.35266873300003],[39.694073587000048,21.349802206000049],[39.695211097000026,21.348164190000034],[39.69584810300006,21.346935679000069],[39.696030105000034,21.346071171000062],[39.696121106000078,21.343841650000059],[39.695968764000042,21.341043399000057]]]},"properties":{"OBJECTID":69,"OBJECTID_1":69,"RegionID":null,"city":"Makkah","discription":"Tuwa District","Discription_AR":"حي طوى","Region":"مكة المكرمة","Fence_Type":"Year_1447H_2026G","Capacity":null,"Actual_Cap":null,"type":"حي","GIS_data_type":"Polygon","Shape_Length":0.18321079172030116,"Shape_Area":0.0016571164756627689}},{"type":"Feature","id":70,"geometry":{"type":"Polygon","coordinates":[[[39.772050369000056,21.568034629000067],[39.771844315000067,21.568903140000032],[39.771540736000077,21.569731658000023],[39.771205535000036,21.570395736000023],[39.770855407000056,21.570980379000048],[39.770584210000038,21.571352769000043],[39.770211820000043,21.571818256000029],[39.769612758000051,21.572421366000071],[39.768410586000073,21.573356389000026],[39.766892691000066,21.574477607000063],[39.765196698000068,21.575691922000033],[39.764265723000051,21.576367891000075],[39.763816426000062,21.576724090000027],[39.763399511000046,21.57706409900004],[39.762666874000047,21.577764354000067],[39.761903248000067,21.578579758000046],[39.761213543000054,21.579426968000064],[39.75934224100007,21.582076468000025],[39.758611708000046,21.583003882000071],[39.757831956000075,21.583902799000043],[39.75688640900006,21.584892385000046],[39.755558576000055,21.586137564000069],[39.753762401000074,21.587737677000064],[39.750896788000034,21.590346169000043],[39.747714604000066,21.59324282700004],[39.739757800000064,21.600496641000063],[39.721963348000031,21.58681974600006],[39.721312615000045,21.581808330000058],[39.724233630000072,21.574842833000048],[39.731828122000024,21.571815342000036],[39.738389319000078,21.562035305000052],[39.746927671000037,21.546980842000039],[39.749267380000049,21.542041456000049],[39.749941173000025,21.54255260900004],[39.750106968000068,21.543588825000029],[39.750562903000059,21.544583592000038],[39.752179399000056,21.545371116000069],[39.750728697000056,21.548148174000062],[39.751308978000054,21.54872845500006],[39.753547204000029,21.55022060500005],[39.756158468000081,21.551919999000063],[39.761919827000042,21.556479349000028],[39.761919827000042,21.557101078000073],[39.761173752000047,21.558344537000039],[39.760137536000059,21.56020972500005],[39.761256649000075,21.560665660000041],[39.762748800000054,21.561950568000043],[39.765235718000042,21.563525616000049],[39.766727868000032,21.564561832000038],[39.768841749000046,21.566551366000056],[39.769877964000045,21.566965852000067],[39.772050369000056,21.568034629000067]]]},"properties":{"OBJECTID":70,"OBJECTID_1":70,"RegionID":null,"city":"Makkah","discription":"Taybah District","Discription_AR":"حي طيبة","Region":"مكة المكرمة","Fence_Type":"Year_1447H_2026G","Capacity":null,"Actual_Cap":null,"type":"حي","GIS_data_type":"Polygon","Shape_Length":0.1644950589981925,"Shape_Area":0.0013733030967248024}},{"type":"Feature","id":71,"geometry":{"type":"Polygon","coordinates":[[[39.749267380000049,21.542041456000049],[39.75906111900008,21.521365786000047],[39.762176353000029,21.510816435000038],[39.764674079000031,21.511309549000032],[39.768050710000068,21.511718557000052],[39.770365355000024,21.511935837000067],[39.771383538000066,21.512066702000027],[39.772567055000025,21.512287057000037],[39.774600062000047,21.512737288000039],[39.778487539000025,21.513700071000073],[39.786176665000028,21.515628954000078],[39.791123392000031,21.51695862300005],[39.790957281000033,21.518663758000059],[39.790849195000078,21.519698293000033],[39.790571261000025,21.520794591000026],[39.79029332600004,21.52162839500005],[39.78958222600005,21.52302717200007],[39.787756906000027,21.525668455000073],[39.784011244000055,21.531047843000067],[39.781786674000045,21.534211072000062],[39.780812540000056,21.535762451000039],[39.780464689000041,21.536445503000039],[39.779950321000058,21.537606040000071],[39.779611525000064,21.538452888000052],[39.77918561000007,21.539897954000025],[39.778470784000035,21.543210606000059],[39.776867240000058,21.548896840000054],[39.775425281000025,21.553797817000032],[39.774170488000038,21.559098384000038],[39.772050369000056,21.568034629000067],[39.769877964000045,21.566965852000067],[39.768841749000046,21.566551366000056],[39.766727868000032,21.564561832000038],[39.765235718000042,21.563525616000049],[39.762748800000054,21.561950568000043],[39.761256649000075,21.560665660000041],[39.760137536000059,21.56020972500005],[39.761173752000047,21.558344537000039],[39.761919827000042,21.557101078000073],[39.761919827000042,21.556479349000028],[39.756158468000081,21.551919999000063],[39.753547204000029,21.55022060500005],[39.751308978000054,21.54872845500006],[39.750728697000056,21.548148174000062],[39.752179399000056,21.545371116000069],[39.750562903000059,21.544583592000038],[39.750106968000068,21.543588825000029],[39.749941173000025,21.54255260900004],[39.749267380000049,21.542041456000049]]]},"properties":{"OBJECTID":71,"OBJECTID_1":71,"RegionID":null,"city":"Makkah","discription":"Al-Nawariyah District","Discription_AR":"حي النوارية","Region":"مكة المكرمة","Fence_Type":"Year_1447H_2026G","Capacity":null,"Actual_Cap":null,"type":"حي","GIS_data_type":"Polygon","Shape_Length":0.15928313715035566,"Shape_Area":0.0012884893709298676}},{"type":"Feature","id":72,"geometry":{"type":"Polygon","coordinates":[[[39.829976134000049,21.605388448000042],[39.833863669000038,21.609099276000052],[39.832468216000052,21.613247267000077],[39.828444681000065,21.616638738000063],[39.826618717000031,21.621350902000074],[39.82776339600008,21.627232363000076],[39.824851656000078,21.630657425000038],[39.822259966000047,21.625709654000048],[39.817724508000026,21.622470041000042],[39.756868110000028,21.62536291400005],[39.739757800000064,21.600496641000063],[39.745880988000067,21.594914534000054],[39.747714604000066,21.59324282700004],[39.750896788000034,21.590346169000043],[39.753762401000074,21.587737677000064],[39.755558576000055,21.586137564000069],[39.75688640900006,21.584892385000046],[39.757831956000075,21.583902799000043],[39.758611708000046,21.583003882000071],[39.75934224100007,21.582076468000025],[39.760507983000025,21.580447019000076],[39.761213543000054,21.579426968000064],[39.761903248000067,21.578579758000046],[39.762347577000071,21.578095638000036],[39.762666874000047,21.577764354000067],[39.764116605000027,21.578239880000069],[39.765940344000057,21.579068852000034],[39.767556841000044,21.579193198000041],[39.768551608000053,21.581099835000032],[39.769422029000054,21.582674883000038],[39.772157639000056,21.583089369000049],[39.774064276000047,21.583296612000026],[39.775307735000069,21.584457174000022],[39.776592642000026,21.585576287000038],[39.778250588000049,21.58681974600006],[39.77937825600003,21.58742502900003],[39.781025059000058,21.588324829000044],[39.782094633000042,21.588952991000042],[39.782790705000025,21.589801859000033],[39.78306234300004,21.590480953000053],[39.783249094000041,21.591143070000044],[39.783317003000036,21.591856119000056],[39.783452822000072,21.592246599000077],[39.783758414000033,21.592637078000052],[39.784386577000078,21.593316172000073],[39.785642901000074,21.594827157000054],[39.78642386000007,21.596321165000063],[39.787136909000026,21.597373761000028],[39.788002754000047,21.598697995000066],[39.78856300700005,21.599478954000062],[39.789191169000048,21.600192003000075],[39.789853286000039,21.60090505200003],[39.790333406000059,21.60127447900004],[39.790822354000056,21.601502655000047],[39.791409091000048,21.601643906000049],[39.792006694000065,21.601665637000053],[39.792734684000038,21.601600444000042],[39.793886428000064,21.601437462000035],[39.794549224000036,21.601241883000057],[39.795179423000036,21.600883321000026],[39.795853085000033,21.600448700000072],[39.796678864000057,21.599894559000063],[39.797602432000076,21.599307822000071],[39.79859119300005,21.598699353000029],[39.799416972000074,21.598221271000057],[39.800221020000038,21.597851844000047],[39.801361898000039,21.597417223000036],[39.803100380000046,21.596776158000068],[39.803611059000048,21.596678368000028],[39.804013083000029,21.596743562000029],[39.80448030000008,21.596895679000056],[39.80489318900004,21.597341165000046],[39.805316944000026,21.598319060000051],[39.806023202000063,21.600090139000031],[39.806327436000061,21.600872455000058],[39.80651215000006,21.601285345000065],[39.806523015000039,21.601741696000033],[39.806425226000044,21.602208913000027],[39.806294840000078,21.602589206000061],[39.806305705000057,21.602991230000043],[39.806446957000048,21.603349791000028],[39.806577343000072,21.603610564000064],[39.806642536000027,21.60395826000007],[39.806645144000072,21.604172962000064],[39.806652098000029,21.604451120000078],[39.806659052000043,21.604638876000024],[39.806666006000057,21.604777954000042],[39.806770314000062,21.604944848000059],[39.806832900000074,21.605146512000033],[39.807027610000034,21.605362084000035],[39.807368352000026,21.605765412000039],[39.80772995600006,21.606210463000025],[39.807882943000038,21.606516436000049],[39.807966390000047,21.606718099000034],[39.808042883000041,21.606968441000049],[39.808161100000063,21.607163151000066],[39.808307132000039,21.607350907000068],[39.808633967000048,21.607538663000071],[39.809183327000028,21.607795958000054],[39.80965619400007,21.608046299000023],[39.810282047000044,21.608400950000032],[39.810402211000053,21.608490238000059],[39.810713747000079,21.60867716000007],[39.810967426000047,21.608815125000035],[39.81116324900006,21.60889968500004],[39.811305665000077,21.608935289000044],[39.811456983000028,21.608939740000039],[39.811612751000041,21.608930839000038],[39.811804123000059,21.608877433000032],[39.812035549000029,21.608792873000027],[39.814794867000046,21.607769255000051],[39.815035195000064,21.607689146000041],[39.815213215000028,21.607653542000037],[39.815413488000047,21.607666893000044],[39.815613762000055,21.60772029900005],[39.815845188000026,21.607862716000056],[39.81621903100006,21.608178702000032],[39.816535018000025,21.608414579000055],[39.816864356000053,21.60862820400007],[39.817109134000077,21.608726115000024],[39.81731830800004,21.608779521000031],[39.81757643800006,21.608783972000026],[39.817825666000033,21.608730566000077],[39.818150554000056,21.608574798000063],[39.820050923000053,21.60759123400004],[39.820749653000064,21.607226292000064],[39.821359374000053,21.606888053000034],[39.821670909000034,21.606687780000073],[39.822013599000059,21.606487507000054],[39.822400794000032,21.60624272900003],[39.822792439000068,21.605975698000066],[39.823913968000056,21.605214661000048],[39.824370702000067,21.604923987000063],[39.824774030000071,21.604611060000025],[39.825198219000072,21.604207732000077],[39.825594593000062,21.603825266000058],[39.826088322000032,21.603414985000029],[39.826477741000076,21.603095104000033],[39.827131411000039,21.602643099000034],[39.827743356000042,21.602149370000063],[39.828188407000027,21.601669549000064],[39.828591735000032,21.601822535000053],[39.829085464000059,21.602434481000046],[39.82985039600004,21.603769635000049],[39.829976134000049,21.605388448000042]]]},"properties":{"OBJECTID":72,"OBJECTID_1":72,"RegionID":null,"city":"Makkah","discription":"Al-Fateh District","Discription_AR":"حي الفتح","Region":"مكة المكرمة","Fence_Type":"Year_1447H_2026G","Capacity":null,"Actual_Cap":null,"type":"حي","GIS_data_type":"Polygon","Shape_Length":0.25835864457334112,"Shape_Area":0.0024518094793301842}},{"type":"Feature","id":73,"geometry":{"type":"Polygon","coordinates":[[[39.804307003000076,21.596839257000056],[39.804013083000029,21.596743562000029],[39.803611059000048,21.596678368000028],[39.803100380000046,21.596776158000068],[39.801361898000039,21.597417223000036],[39.800221020000038,21.597851844000047],[39.799416972000074,21.598221271000057],[39.79859119300005,21.598699353000029],[39.797602432000076,21.599307822000071],[39.796678864000057,21.599894559000063],[39.795853085000033,21.600448700000072],[39.795179423000036,21.600883321000026],[39.794549224000036,21.601241883000057],[39.793886428000064,21.601437462000035],[39.792734684000038,21.601600444000042],[39.792006694000065,21.601665637000053],[39.791409091000048,21.601643906000049],[39.790822354000056,21.601502655000047],[39.790333406000059,21.60127447900004],[39.789853286000039,21.60090505200003],[39.789191169000048,21.600192003000075],[39.78856300700005,21.599478954000062],[39.788002754000047,21.598697995000066],[39.787136909000026,21.597373761000028],[39.78642386000007,21.596321165000063],[39.785642901000074,21.594827157000054],[39.784386577000078,21.593316172000073],[39.783758414000033,21.592637078000052],[39.783452822000072,21.592246599000077],[39.783317003000036,21.591856119000056],[39.783249094000041,21.591143070000044],[39.78306234300004,21.590480953000053],[39.782790705000025,21.589801859000033],[39.782094633000042,21.588952991000042],[39.781025059000058,21.588324829000044],[39.77937825600003,21.58742502900003],[39.778250588000049,21.58681974600006],[39.776592642000026,21.585576287000038],[39.775307735000069,21.584457174000022],[39.774064276000047,21.583296612000026],[39.772157639000056,21.583089369000049],[39.769422029000054,21.582674883000038],[39.768551608000053,21.581099835000032],[39.767556841000044,21.579193198000041],[39.765940344000057,21.579068852000034],[39.764116605000027,21.578239880000069],[39.762666874000047,21.577764354000067],[39.763399511000046,21.57706409900004],[39.763816426000062,21.576724090000027],[39.764265723000051,21.576367891000075],[39.765196698000068,21.575691922000033],[39.766892691000066,21.574477607000063],[39.768410586000073,21.573356389000026],[39.769612758000051,21.572421366000071],[39.770211820000043,21.571818256000029],[39.770584210000038,21.571352769000043],[39.770855407000056,21.570980379000048],[39.771205535000036,21.570395736000023],[39.771540736000077,21.569731658000023],[39.771844315000067,21.568903140000032],[39.772058488000027,21.568038623000064],[39.774170488000038,21.559098384000038],[39.775425281000025,21.553797817000032],[39.776867240000058,21.548896840000054],[39.778201367000065,21.544270136000023],[39.778470784000035,21.543210606000059],[39.77918561000007,21.539897954000025],[39.779611525000064,21.538452888000052],[39.779950321000058,21.537606040000071],[39.780464689000041,21.536445503000039],[39.780812540000056,21.535762451000039],[39.781322967000051,21.534936423000033],[39.781786674000045,21.534211072000062],[39.78958222600005,21.52302717200007],[39.789945988000056,21.522311630000047],[39.792705482000031,21.523844819000033],[39.792909211000051,21.524286231000076],[39.79304503000003,21.524948348000066],[39.793180849000066,21.525355804000071],[39.79338457700004,21.525865125000053],[39.793588305000071,21.526459333000048],[39.793707147000077,21.526883766000026],[39.793758079000042,21.527494951000051],[39.793876920000059,21.528411729000027],[39.79406367100006,21.529209665000053],[39.794335309000076,21.530415057000027],[39.794560089000072,21.531322327000055],[39.794875189000038,21.532267627000067],[39.795418464000079,21.53381052900005],[39.796472419000054,21.536765948000038],[39.796581074000073,21.537135375000048],[39.796689729000036,21.537396147000038],[39.796722326000065,21.53772211200004],[39.796700595000061,21.538058943000067],[39.796635402000049,21.538493564000078],[39.796559343000069,21.539384535000067],[39.796678864000057,21.539982139000074],[39.796874443000036,21.540449355000078],[39.797146081000051,21.540873110000064],[39.797395987000073,21.541177345000051],[39.797493777000057,21.541601099000047],[39.797602432000076,21.542285627000069],[39.797776280000051,21.543393909000031],[39.797928397000078,21.544752097000071],[39.798515135000059,21.547142509000025],[39.798754176000045,21.548055212000065],[39.799014948000035,21.54895705000007],[39.799253989000078,21.549826290000055],[39.799482165000029,21.550586876000068],[39.799645148000025,21.551086689000044],[39.799971113000026,21.551706024000055],[39.800155827000026,21.552151509000055],[39.800481792000028,21.552694785000028],[39.800753430000043,21.553118540000071],[39.800992471000029,21.553900857000031],[39.801361898000039,21.555280776000075],[39.80179651900005,21.556573772000036],[39.802093962000072,21.557459990000041],[39.80254928100004,21.558569114000022],[39.803029102000039,21.559549618000062],[39.803432430000043,21.560363227000039],[39.803912251000042,21.561288099000024],[39.804273855000076,21.56187918300003],[39.804552012000045,21.562282511000035],[39.804670229000067,21.562518944000033],[39.805010971000058,21.563471632000073],[39.80522654300006,21.564264380000054],[39.805490792000057,21.56510580500003],[39.805560331000038,21.565655165000067],[39.805560331000038,21.566051539000057],[39.80558119300008,21.566357512000025],[39.805629871000065,21.566774747000068],[39.805692456000031,21.567289338000023],[39.805692456000031,21.567657896000071],[39.805657686000075,21.568068177000043],[39.805553377000081,21.568527137000046],[39.805471043000068,21.56892072900007],[39.805426538000063,21.569250067000041],[39.805373132000057,21.569423637000057],[39.805284121000057,21.569668415000024],[39.805181760000039,21.569997753000052],[39.80510165000004,21.570206927000072],[39.804901377000078,21.570767692000061],[39.804714456000056,21.571123733000036],[39.804438524000034,21.571595487000025],[39.804171493000069,21.572004934000063],[39.803641882000079,21.572810477000075],[39.803241336000042,21.573442450000073],[39.802929800000072,21.573949808000066],[39.802747329000056,21.574252443000034],[39.802680571000053,21.574461617000054],[39.802551506000043,21.574986778000039],[39.802404640000077,21.575627652000037],[39.802280025000073,21.576063802000078],[39.802150960000063,21.576535556000067],[39.801941786000043,21.577203133000069],[39.801701459000071,21.577857358000074],[39.801487834000056,21.578382519000058],[39.801349868000045,21.578743011000029],[39.801256407000039,21.579036744000064],[39.801198551000027,21.579219215000023],[39.801167397000029,21.579481796000039],[39.801154045000033,21.579797782000071],[39.801127342000029,21.580309591000059],[39.801100639000026,21.580598874000032],[39.801105090000078,21.581088431000069],[39.801087288000076,21.582045291000043],[39.801042783000071,21.582690615000047],[39.80107393600008,21.583242479000035],[39.801154045000033,21.583598520000066],[39.801283110000043,21.584043571000052],[39.801443329000051,21.584488623000027],[39.801625800000068,21.584964827000078],[39.802208817000064,21.586380090000034],[39.80248474900003,21.587074370000039],[39.802729527000054,21.587692992000029],[39.802885295000067,21.588155845000074],[39.803063315000031,21.588770016000069],[39.803214633000039,21.589544405000026],[39.803383752000059,21.590394453000044],[39.803450510000062,21.590906262000033],[39.803454961000057,21.591311259000065],[39.803463862000058,21.591556037000032],[39.803512817000069,21.591849771000057],[39.803677486000026,21.592321525000045],[39.80379320000003,21.592739873000028],[39.803855507000037,21.592975750000051],[39.804033527000058,21.593767942000056],[39.804193746000067,21.594671396000024],[39.804264954000075,21.59493397600005],[39.804380667000032,21.595614905000048],[39.804434073000039,21.595859683000072],[39.80449193000004,21.596215724000047],[39.80449193000004,21.596482755000068],[39.804327261000026,21.596798741000043],[39.804307003000076,21.596839257000056]]]},"properties":{"OBJECTID":73,"OBJECTID_1":73,"RegionID":null,"city":"Makkah","discription":"Al-Umrah District","Discription_AR":"حي العمرة","Region":"مكة المكرمة","Fence_Type":"Year_1447H_2026G","Capacity":null,"Actual_Cap":null,"type":"حي","GIS_data_type":"Polygon","Shape_Length":0.19767975344489402,"Shape_Area":0.0017702020770078029}},{"type":"Feature","id":74,"geometry":{"type":"Polygon","coordinates":[[[39.815022377000048,21.58235406600005],[39.810972861000039,21.592109717000028],[39.810181764000049,21.604376374000026],[39.813181688000043,21.598276025000075],[39.822845305000044,21.592201752000051],[39.833521301000076,21.593582269000024],[39.836466403000031,21.598091957000065],[39.83274453000007,21.60244334500004],[39.829976134000049,21.605388448000042],[39.82985039600004,21.603769635000049],[39.829085464000059,21.602434481000046],[39.828591735000032,21.601822535000053],[39.828188407000027,21.601669549000064],[39.827743356000042,21.602149370000063],[39.827131411000039,21.602643099000034],[39.826477741000076,21.603095104000033],[39.826088322000032,21.603414985000029],[39.825594593000062,21.603825266000058],[39.825198219000072,21.604207732000077],[39.824774030000071,21.604611060000025],[39.824370702000067,21.604923987000063],[39.823913968000056,21.605214661000048],[39.822792439000068,21.605975698000066],[39.822400794000032,21.60624272900003],[39.822013599000059,21.606487507000054],[39.821670909000034,21.606687780000073],[39.821359374000053,21.606888053000034],[39.820749653000064,21.607226292000064],[39.820050923000053,21.60759123400004],[39.818150554000056,21.608574798000063],[39.817825666000033,21.608730566000077],[39.81757643800006,21.608783972000026],[39.81731830800004,21.608779521000031],[39.817109134000077,21.608726115000024],[39.816864356000053,21.60862820400007],[39.816535018000025,21.608414579000055],[39.81621903100006,21.608178702000032],[39.815845188000026,21.607862716000056],[39.815613762000055,21.60772029900005],[39.815413488000047,21.607666893000044],[39.815213215000028,21.607653542000037],[39.815035195000064,21.607689146000041],[39.814794867000046,21.607769255000051],[39.812035549000029,21.608792873000027],[39.811804123000059,21.608877433000032],[39.811612751000041,21.608930839000038],[39.811456983000028,21.608939740000039],[39.811305665000077,21.608935289000044],[39.81116324900006,21.60889968500004],[39.810967426000047,21.608815125000035],[39.810713747000079,21.60867716000007],[39.810402211000053,21.608490238000059],[39.810282047000044,21.608400950000032],[39.80965619400007,21.608046299000023],[39.809183327000028,21.607795958000054],[39.808633967000048,21.607538663000071],[39.808307132000039,21.607350907000068],[39.808161100000063,21.607163151000066],[39.808042883000041,21.606968441000049],[39.807966390000047,21.606718099000034],[39.807882943000038,21.606516436000049],[39.80772995600006,21.606210463000025],[39.807368352000026,21.605765412000039],[39.807027610000034,21.605362084000035],[39.806832900000074,21.605146512000033],[39.806770314000062,21.604944848000059],[39.806666006000057,21.604777954000042],[39.806659052000043,21.604638876000024],[39.806652098000029,21.604451120000078],[39.806645144000072,21.604172962000064],[39.806642536000027,21.60395826000007],[39.806577343000072,21.603610564000064],[39.806446957000048,21.603349791000028],[39.806305705000057,21.602991230000043],[39.806294840000078,21.602589206000061],[39.806425226000044,21.602208913000027],[39.806523015000039,21.601741696000033],[39.80651215000006,21.601285345000065],[39.806327436000061,21.600872455000058],[39.806023202000063,21.600090139000031],[39.805316944000026,21.598319060000051],[39.80489318900004,21.597341165000046],[39.80448030000008,21.596895679000056],[39.804307003000076,21.596839257000056],[39.804327261000026,21.596798741000043],[39.80449193000004,21.596482755000068],[39.80449193000004,21.596215724000047],[39.804434073000039,21.595859683000072],[39.804380667000032,21.595614905000048],[39.804264954000075,21.59493397600005],[39.804193746000067,21.594671396000024],[39.804033527000058,21.593767942000056],[39.803855507000037,21.592975750000051],[39.80379320000003,21.592739873000028],[39.803677486000026,21.592321525000045],[39.803512817000069,21.591849771000057],[39.803463862000058,21.591556037000032],[39.803454961000057,21.591311259000065],[39.803450510000062,21.590906262000033],[39.803383752000059,21.590394453000044],[39.803214633000039,21.589544405000026],[39.803063315000031,21.588770016000069],[39.802885295000067,21.588155845000074],[39.802729527000054,21.587692992000029],[39.80248474900003,21.587074370000039],[39.802208817000064,21.586380090000034],[39.801625800000068,21.584964827000078],[39.801443329000051,21.584488623000027],[39.801283110000043,21.584043571000052],[39.801154045000033,21.583598520000066],[39.80107393600008,21.583242479000035],[39.801042783000071,21.582690615000047],[39.801087288000076,21.582045291000043],[39.801105090000078,21.581088431000069],[39.801100639000026,21.580598874000032],[39.801127342000029,21.580309591000059],[39.801154045000033,21.579797782000071],[39.801167397000029,21.579481796000039],[39.801198551000027,21.579219215000023],[39.801256407000039,21.579036744000064],[39.801349868000045,21.578743011000029],[39.801487834000056,21.578382519000058],[39.801701459000071,21.577857358000074],[39.801941786000043,21.577203133000069],[39.802150960000063,21.576535556000067],[39.802280025000073,21.576063802000078],[39.802404640000077,21.575627652000037],[39.802551506000043,21.574986778000039],[39.802680571000053,21.574461617000054],[39.802747329000056,21.574252443000034],[39.802929800000072,21.573949808000066],[39.803241336000042,21.573442450000073],[39.803641882000079,21.572810477000075],[39.804171493000069,21.572004934000063],[39.804438524000034,21.571595487000025],[39.804714456000056,21.571123733000036],[39.804901377000078,21.570767692000061],[39.80510165000004,21.570206927000072],[39.805181760000039,21.569997753000052],[39.805284121000057,21.569668415000024],[39.805373132000057,21.569423637000057],[39.805426538000063,21.569250067000041],[39.805471043000068,21.56892072900007],[39.805553377000081,21.568527137000046],[39.805657686000075,21.568068177000043],[39.805692456000031,21.567657896000071],[39.805692456000031,21.567289338000023],[39.805629871000065,21.566774747000068],[39.80558119300008,21.566357512000025],[39.805560331000038,21.566051539000057],[39.805560331000038,21.565655165000067],[39.805490792000057,21.56510580500003],[39.80522654300006,21.564264380000054],[39.805010971000058,21.563471632000073],[39.804670229000067,21.562518944000033],[39.804552012000045,21.562282511000035],[39.804273855000076,21.56187918300003],[39.803912251000042,21.561288099000024],[39.803432430000043,21.560363227000039],[39.803029102000039,21.559549618000062],[39.80254928100004,21.558569114000022],[39.802093962000072,21.557459990000041],[39.80179651900005,21.556573772000036],[39.801361898000039,21.555280776000075],[39.800992471000029,21.553900857000031],[39.800753430000043,21.553118540000071],[39.800481792000028,21.552694785000028],[39.800155827000026,21.552151509000055],[39.799971113000026,21.551706024000055],[39.799645148000025,21.551086689000044],[39.799482165000029,21.550586876000068],[39.799253989000078,21.549826290000055],[39.799014948000035,21.54895705000007],[39.798754176000045,21.548055212000065],[39.798515135000059,21.547142509000025],[39.797928397000078,21.544752097000071],[39.797776280000051,21.543393909000031],[39.797602432000076,21.542285627000069],[39.797493777000057,21.541601099000047],[39.797395987000073,21.541177345000051],[39.797146081000051,21.540873110000064],[39.796874443000036,21.540449355000078],[39.796678864000057,21.539982139000074],[39.796559343000069,21.539384535000067],[39.796635402000049,21.538493564000078],[39.796700595000061,21.538058943000067],[39.796722326000065,21.53772211200004],[39.796689729000036,21.537396147000038],[39.796581074000073,21.537135375000048],[39.796472419000054,21.536765948000038],[39.795418464000079,21.53381052900005],[39.794875189000038,21.532267627000067],[39.794560089000072,21.531322327000055],[39.794335309000076,21.530415057000027],[39.79406367100006,21.529209665000053],[39.793876920000059,21.528411729000027],[39.793758079000042,21.527494951000051],[39.793707147000077,21.526883766000026],[39.793588305000071,21.526459333000048],[39.79338457700004,21.525865125000053],[39.793180849000066,21.525355804000071],[39.79304503000003,21.524948348000066],[39.792909211000051,21.524286231000076],[39.792705482000031,21.523844819000033],[39.789945988000056,21.522311630000047],[39.79029332600004,21.52162839500005],[39.790571261000025,21.520794591000026],[39.790849195000078,21.519698293000033],[39.790916565000032,21.519025159000023],[39.791123392000031,21.51695862300005],[39.792947838000032,21.517445806000069],[39.793805503000044,21.517746545000023],[39.794790933000058,21.518008628000075],[39.795702561000041,21.518290838000041],[39.796749214000045,21.518606176000048],[39.797943471000053,21.519008734000067],[39.799319718000049,21.519371457000034],[39.800378532000025,21.519560156000068],[39.801096847000053,21.519605863000038],[39.80162017400005,21.519619282000065],[39.802194765000024,21.519560158000047],[39.802680742000064,21.519475271000033],[39.803265484000065,21.519339595000076],[39.803795735000051,21.519169591000036],[39.804637660000026,21.518821487000025],[39.805265056000053,21.518473383000071],[39.80572244800004,21.518214329000045],[39.806795094000051,21.517566694000038],[39.807816414000058,21.516971032000072],[39.808294942000032,21.516730245000076],[39.808766727000034,21.516534475000071],[39.809298928000032,21.516322258000059],[39.809918999000047,21.51611833000004],[39.810632330000033,21.515939998000079],[39.811373063000076,21.51579784200004],[39.812198797000065,21.515729031000035],[39.813008341000057,21.515720935000047],[39.813923125000031,21.51577760300006],[39.81452218700008,21.515874748000044],[39.816393690000041,21.516398523000078],[39.816821129000061,21.516551365000055],[39.81706463900008,21.516660168000044],[39.817543889000035,21.516882954000039],[39.820379235000075,21.518266950000054],[39.822181630000046,21.519153235000033],[39.823214580000069,21.519709232000025],[39.82346536600005,21.519805588000054],[39.824110472000029,21.520026948000066],[39.824692331000051,21.520235658000047],[39.825172997000038,21.520305228000041],[39.825856050000027,21.520330527000056],[39.826469532000033,21.520349500000066],[39.826792085000079,21.52032420200004],[39.827538798000035,21.520284942000046],[39.828446352000071,21.520181900000068],[39.831331662000025,21.519873597000071],[39.831304835000026,21.525227081000025],[39.828983711000035,21.525724465000053],[39.825294783000061,21.525268530000062],[39.822517725000068,21.524190866000026],[39.818124170000033,21.524854044000051],[39.816632019000053,21.525807362000023],[39.815678701000024,21.527465307000057],[39.816383328000029,21.529330496000057],[39.816590571000063,21.53102989000007],[39.816010290000065,21.532812181000054],[39.815388560000031,21.534138537000047],[39.819409078000035,21.546282986000051],[39.817585338000072,21.547567893000064],[39.816341879000049,21.548562660000073],[39.815968841000029,21.549515979000034],[39.81534711200004,21.550013362000072],[39.814642485000036,21.550800886000047],[39.814186550000045,21.552417383000034],[39.814062204000038,21.553246355000056],[39.812943091000079,21.555318787000033],[39.811823978000064,21.557142527000053],[39.810580519000041,21.559049164000044],[39.809958790000053,21.560085379000043],[39.808798228000057,21.560914352000054],[39.808922574000064,21.565680945000054],[39.809088369000051,21.568831040000077],[39.809834444000046,21.571235061000039],[39.811077903000069,21.572602866000068],[39.812197016000027,21.573763428000063],[39.813647718000027,21.573763428000063],[39.817502441000045,21.574675297000056],[39.821771650000073,21.575048335000076],[39.824507259000029,21.576374691000069],[39.826082307000036,21.578322777000039],[39.825999410000065,21.579483338000045],[39.82148150900008,21.579939273000036],[39.817046506000054,21.581099835000032],[39.815022377000048,21.58235406600005]]]},"properties":{"OBJECTID":74,"OBJECTID_1":74,"RegionID":null,"city":"Makkah","discription":"Al-Furqan District","Discription_AR":"حي الفرقان","Region":"مكة المكرمة","Fence_Type":"Year_1447H_2026G","Capacity":null,"Actual_Cap":null,"type":"حي","GIS_data_type":"Polygon","Shape_Length":0.33698265776019259,"Shape_Area":0.0015852670123055886}},{"type":"Feature","id":75,"geometry":{"type":"Polygon","coordinates":[[[39.879326678000041,21.48833644900003],[39.885307426000054,21.500498828000048],[39.885705333000033,21.501162007000062],[39.885997131000067,21.501506859000074],[39.88989661800008,21.505326765000063],[39.890878122000061,21.506361323000078],[39.891587353000034,21.506532884000023],[39.892818198000043,21.506831903000034],[39.893256295000072,21.507110060000059],[39.893722208000042,21.507715051000048],[39.894654034000041,21.508834634000038],[39.895342969000069,21.509896269000023],[39.895989188000044,21.510892996000052],[39.896558202000051,21.51181280000003],[39.896726304000026,21.512269873000037],[39.896830613000077,21.512714924000022],[39.897018369000079,21.513187791000064],[39.897178310000072,21.51360502700004],[39.89715744800003,21.513938815000074],[39.897011415000065,21.514126571000077],[39.895509367000045,21.515030582000065],[39.895213442000056,21.516696435000028],[39.895472495000035,21.517797414000029],[39.896443948000069,21.519610792000037],[39.896443948000069,21.521165116000077],[39.894695334000062,21.522589912000058],[39.893659118000073,21.523172784000053],[39.892299085000047,21.523367074000078],[39.890679998000053,21.524014709000028],[39.889319964000038,21.524791871000048],[39.888413276000051,21.523367074000078],[39.886535135000031,21.522266095000077],[39.884721757000079,21.521877514000039],[39.883102670000028,21.521683223000025],[39.880576894000058,21.521553696000069],[39.878245408000055,21.521553696000069],[39.875784396000029,21.521294643000033],[39.87364720100004,21.520711771000038],[39.871963350000044,21.519934609000074],[39.870603317000075,21.519351738000069],[39.869048994000025,21.519416501000023],[39.867300380000074,21.519546028000036],[39.865810819000046,21.51974031900005],[39.863544097000045,21.519546028000036],[39.86114784800003,21.519286974000067],[39.857974438000042,21.519222211000056],[39.856873458000052,21.519351738000069],[39.85648487800006,21.519934609000074],[39.856679168000028,21.521035589000064],[39.856290587000046,21.522266095000077],[39.855060081000033,21.522654676000059],[39.853440994000039,21.523237547000065],[39.851757143000043,21.523626128000046],[39.850461873000029,21.523496601000033],[39.848648496000067,21.523561364000045],[39.847288463000041,21.523561364000045],[39.846187483000051,21.523108020000052],[39.845280795000065,21.522136568000064],[39.841913093000073,21.523172784000053],[39.841135932000043,21.524144236000041],[39.83990542500004,21.524144236000041],[39.838933973000053,21.523885182000072],[39.836732015000052,21.524532817000022],[39.83362336700003,21.525050925000073],[39.831304835000026,21.525227081000025],[39.831331662000025,21.519873597000071],[39.834474744000033,21.519525019000071],[39.835071868000057,21.519453985000041],[39.836064003000047,21.519317326000078],[39.836591537000061,21.519234383000025],[39.837117791000026,21.519144608000033],[39.837642664000043,21.51904802100006],[39.83816605800007,21.518944637000061],[39.838687869000069,21.518834479000077],[39.839207999000052,21.518717566000078],[39.839726348000056,21.518593923000026],[39.840242816000057,21.518463571000041],[39.840757303000032,21.518326537000064],[39.841554302000077,21.518099003000032],[39.841779943000063,21.51803252600007],[39.847166415000061,21.51640704600004],[39.850653892000025,21.51535451500007],[39.85109972500004,21.515216210000062],[39.851543102000051,21.515071157000023],[39.852060339000047,21.514891756000054],[39.852422022000042,21.514760963000072],[39.852857334000078,21.514595901000064],[39.853289726000071,21.514424255000051],[39.853719086000069,21.514246069000023],[39.854145301000074,21.514061390000052],[39.854568257000039,21.513870268000062],[39.854987846000029,21.513672750000069],[39.855403955000043,21.513468892000049],[39.85581647500004,21.513258744000041],[39.856225298000027,21.513042364000057],[39.856630317000054,21.512819808000074],[39.85703142400007,21.512591133000058],[39.857428514000048,21.512356402000023],[39.857821483000066,21.512115675000075],[39.858210228000075,21.511869015000059],[39.858594645000039,21.511616488000072],[39.859350096000071,21.511094099000047],[39.859720932000073,21.510824374000038],[39.860087041000043,21.510549057000048],[39.860448332000033,21.510268220000057],[39.860804707000057,21.509981936000031],[39.861156071000039,21.509690282000065],[39.861502335000068,21.509393332000059],[39.861843407000038,21.509091167000065],[39.862228122000033,21.508737613000051],[39.862509612000053,21.50847150900006],[39.862834572000054,21.508154178000041],[39.863153989000068,21.507831957000064],[39.863467779000075,21.507504931000028],[39.865609214000074,21.505236375000038],[39.865799591000041,21.505034537000029],[39.86598947300007,21.504832290000024],[39.866178357000081,21.504629228000056],[39.866365752000036,21.504424961000041],[39.86655113300003,21.504219092000028],[39.866811190000078,21.503922239000076],[39.867066027000078,21.503621448000047],[39.867315576000067,21.50331680000005],[39.86755977200005,21.503008376000025],[39.871810801000038,21.496522693000031],[39.871901766000065,21.496385203000045],[39.871993649000046,21.496248249000075],[39.872086577000061,21.496111914000039],[39.872180675000038,21.495976284000051],[39.872375366000028,21.495703728000024],[39.872575309000069,21.495434522000039],[39.872780438000063,21.495168756000055],[39.872990684000058,21.494906516000071],[39.873003918000052,21.494890620000035],[39.87320598000008,21.494647890000067],[39.873426253000048,21.494392962000063],[39.873536692000073,21.494268592000026],[39.873648198000069,21.494145060000051],[39.873760646000051,21.494022277000056],[39.873873914000058,21.493900156000052],[39.874217435000048,21.49353684700003],[39.877161251000075,21.490480730000058],[39.879326678000041,21.48833644900003]]]},"properties":{"OBJECTID":75,"OBJECTID_1":75,"RegionID":null,"city":"Makkah","discription":"Al-Aseelah District","Discription_AR":"حي العسيلة","Region":"مكة المكرمة","Fence_Type":"Year_1447H_2026G","Capacity":null,"Actual_Cap":null,"type":"حي","GIS_data_type":"Polygon","Shape_Length":0.17777463823653245,"Shape_Area":0.00093774494357181011}},{"type":"Feature","id":76,"geometry":{"type":"Polygon","coordinates":[[[39.911046555000041,21.475967363000052],[39.910038727000028,21.477527188000067],[39.910125651000044,21.477690171000063],[39.910147382000048,21.477907481000045],[39.910266903000036,21.478287774000023],[39.91028863400004,21.478700663000041],[39.910234306000063,21.478863646000036],[39.910266903000036,21.479569904000073],[39.910332096000047,21.480102314000078],[39.910592868000037,21.480721648000042],[39.910777582000037,21.481134538000049],[39.91120133700008,21.481786468000053],[39.911713435000024,21.48235008000006],[39.911968645000059,21.482634457000074],[39.912165522000066,21.482884199000068],[39.902776220000078,21.501296578000051],[39.901990427000044,21.503556604000039],[39.901601007000068,21.503904300000045],[39.901204633000077,21.504203319000055],[39.900849983000057,21.504537107000033],[39.900537056000076,21.505044744000031],[39.900557918000061,21.505322901000056],[39.900509240000076,21.505614966000053],[39.900196314000027,21.506143464000047],[39.899758216000066,21.506692824000027],[39.89946615100007,21.507096152000031],[39.899174086000073,21.507513388000064],[39.898576049000042,21.508375674000035],[39.898395247000053,21.508632970000065],[39.898402201000067,21.50898066600007],[39.898485648000076,21.509064113000022],[39.898791621000044,21.509196238000072],[39.898930699000061,21.509509164000065],[39.898895929000048,21.509794275000047],[39.898652542000036,21.50995421600004],[39.898144905000038,21.510121110000057],[39.897804163000046,21.510183695000023],[39.897226987000067,21.510343636000073],[39.896955784000056,21.510392313000068],[39.89663590300006,21.510545299000057],[39.896336885000039,21.510712194000064],[39.896036436000031,21.510969371000044],[39.896028561000037,21.510977508000053],[39.895342969000069,21.509896269000023],[39.894654034000041,21.508834634000038],[39.893722208000042,21.507715051000048],[39.893256295000072,21.507110060000059],[39.892818198000043,21.506831903000034],[39.891587353000034,21.506532884000023],[39.890878122000061,21.506361323000078],[39.88989661800008,21.505326765000063],[39.885997131000067,21.501506859000074],[39.885705333000033,21.501162007000062],[39.885307426000054,21.500498828000048],[39.879326678000041,21.48833644900003],[39.889037204000033,21.478044844000067],[39.889181321000081,21.477854768000043],[39.88933161500006,21.477645006000046],[39.889475584000024,21.477431394000064],[39.889545647000034,21.477320699000074],[39.889613118000057,21.477214098000047],[39.88974410700007,21.476993288000074],[39.889868451000041,21.476769137000076],[39.889986051000051,21.476541820000023],[39.890096816000039,21.476311515000077],[39.890200659000072,21.476078402000041],[39.890290378000032,21.47586098000005],[39.890374678000057,21.475641666000058],[39.890454126000066,21.475420769000038],[39.890529299000036,21.475198564000038],[39.890600788000029,21.474975296000025],[39.890669194000054,21.474751182000034],[39.890735125000049,21.474526419000028],[39.890799196000046,21.474301185000058],[39.890862024000057,21.474075644000038],[39.890924229000063,21.473849952000023],[39.891318274000071,21.47241774500003],[39.891518745000042,21.471689092000076],[39.891924482000036,21.470214347000024],[39.892009037000037,21.469907008000064],[39.892095808000079,21.469591614000024],[39.892308693000075,21.468817813000044],[39.892559365000068,21.467906655000036],[39.892713276000052,21.467360805000055],[39.892874182000071,21.466816724000068],[39.892918224000027,21.466674475000048],[39.893042062000063,21.466274493000071],[39.89321688800004,21.465734189000045],[39.893394957000055,21.465206791000071],[39.893587283000045,21.464659676000053],[39.893782796000039,21.46412562200004],[39.893814185000053,21.46404313000005],[39.893985151000038,21.463593805000073],[39.894194316000039,21.463064303000067],[39.894410263000054,21.462537191000024],[39.894632959000035,21.462012546000039],[39.89486237300008,21.461490444000049],[39.895017075000055,21.461144296000043],[39.895589150000035,21.461392075000049],[39.896416983000051,21.461785635000069],[39.897353384000041,21.462396332000026],[39.898113362000061,21.463061312000036],[39.898914053000055,21.463848432000077],[39.900637574000029,21.465653379000059],[39.901926822000064,21.466996911000024],[39.902944649000062,21.468286159000058],[39.904288181000027,21.470063964000076],[39.905604571000026,21.471706059000041],[39.906785251000031,21.472886739000046],[39.907898075000048,21.473931708000066],[39.909499457000038,21.47509881700006],[39.911046555000041,21.475967363000052]]]},"properties":{"OBJECTID":76,"OBJECTID_1":76,"RegionID":null,"city":"Makkah","discription":"Bader District","Discription_AR":"حي بدر","Region":"مكة المكرمة","Fence_Type":"Year_1447H_2026G","Capacity":null,"Actual_Cap":null,"type":"حي","GIS_data_type":"Polygon","Shape_Length":0.12502889817556354,"Shape_Area":0.00086564533411933979}},{"type":"Feature","id":77,"geometry":{"type":"Polygon","coordinates":[[[39.948939308000035,21.486617281000065],[39.948730083000044,21.489127979000045],[39.94838393200007,21.490240607000032],[39.947839980000026,21.491353236000066],[39.947530917000051,21.492515314000059],[39.947592730000054,21.493294154000068],[39.947629817000063,21.494233706000045],[39.947629817000063,21.495408147000035],[39.938753517000066,21.504840762000072],[39.937900502000048,21.504655324000055],[39.937406000000067,21.504457523000042],[39.936936224000078,21.504148460000067],[39.936639523000053,21.505149825000046],[39.936515898000039,21.505990478000058],[39.936429360000034,21.506596242000057],[39.936429360000034,21.507078381000042],[39.936466448000033,21.507869583000058],[39.936552985000048,21.508722598000077],[39.936614798000051,21.509142924000059],[39.931941760000029,21.513296736000029],[39.931521433000057,21.513865413000076],[39.927812673000062,21.520973871000024],[39.928134099000033,21.521221122000043],[39.925797579000061,21.523705991000043],[39.924956927000039,21.524979332000044],[39.925451428000031,21.525201858000059],[39.922892384000079,21.530999887000064],[39.918070995000051,21.53328695600004],[39.916414415000077,21.532569929000033],[39.915647938000063,21.532483391000028],[39.913917183000081,21.532990255000072],[39.911345775000029,21.528601555000023],[39.908440580000047,21.526598825000065],[39.906227686000079,21.524039780000066],[39.904657644000054,21.522568638000052],[39.904447481000034,21.522877701000027],[39.90502852000003,21.525078233000045],[39.905683734000036,21.527612552000051],[39.90619059800008,21.529825446000075],[39.906301861000031,21.530938075000051],[39.906351311000037,21.532668829000045],[39.906128785000078,21.534523210000032],[39.905263408000053,21.536847367000064],[39.904521656000043,21.538318508000032],[39.903211227000043,21.539579487000026],[39.887560257000075,21.538442134000036],[39.887560257000075,21.537848732000043],[39.887560257000075,21.537156430000039],[39.887486082000066,21.536476490000041],[39.887337731000059,21.535969626000053],[39.887201743000048,21.535512213000061],[39.887041030000034,21.534795186000053],[39.887003943000025,21.534053433000054],[39.887313006000056,21.532743005000043],[39.887955858000055,21.529961434000029],[39.88878414800007,21.526363936000052],[39.889155024000047,21.525028783000039],[39.889319964000038,21.524791871000048],[39.890679998000053,21.524014709000028],[39.892299085000047,21.523367074000078],[39.893659118000073,21.523172784000053],[39.894695334000062,21.522589912000058],[39.896443948000069,21.521165116000077],[39.896443948000069,21.519610792000037],[39.895472495000035,21.517797414000029],[39.895213442000056,21.516696435000028],[39.895509367000045,21.515030582000065],[39.897011415000065,21.514126571000077],[39.89715744800003,21.513938815000074],[39.897178310000072,21.51360502700004],[39.897018369000079,21.513187791000064],[39.896830613000077,21.512714924000022],[39.896726304000026,21.512269873000037],[39.896558201000062,21.511812797000061],[39.896028561000037,21.510977508000053],[39.896036436000031,21.510969371000044],[39.896336885000039,21.510712194000064],[39.89663590300006,21.510545299000057],[39.896955784000056,21.510392313000068],[39.897226987000067,21.510343636000073],[39.897804163000046,21.510183695000023],[39.898144905000038,21.510121110000057],[39.898652542000036,21.50995421600004],[39.898895929000048,21.509794275000047],[39.898930699000061,21.509509164000065],[39.898791621000044,21.509196238000072],[39.898485648000076,21.509064113000022],[39.898402201000067,21.50898066600007],[39.898395247000053,21.508632970000065],[39.898576049000042,21.508375674000035],[39.899174086000073,21.507513388000064],[39.89946615100007,21.507096152000031],[39.899758216000066,21.506692824000027],[39.900196314000027,21.506143464000047],[39.900509240000076,21.505614966000053],[39.900557918000061,21.505322901000056],[39.900537056000076,21.505044744000031],[39.900849983000057,21.504537107000033],[39.901204633000077,21.504203319000055],[39.901601007000068,21.503904300000045],[39.901990427000044,21.503556604000039],[39.902776220000078,21.501296578000051],[39.912165522000066,21.482884199000068],[39.911968645000059,21.482634457000074],[39.911713435000024,21.48235008000006],[39.91120133700008,21.481786468000053],[39.910777582000037,21.481134538000049],[39.910592868000037,21.480721648000042],[39.910332096000047,21.480102314000078],[39.910266903000036,21.479569904000073],[39.910234306000063,21.478863646000036],[39.91028863400004,21.478700663000041],[39.910266903000036,21.478287774000023],[39.910147382000048,21.477907481000045],[39.910125651000044,21.477690171000063],[39.910038727000028,21.477527188000067],[39.911046555000041,21.475967363000052],[39.916461396000045,21.478478004000067],[39.91951487800003,21.479862249000064],[39.920491993000041,21.480242238000073],[39.921428394000031,21.480554372000029],[39.922351224000067,21.480798650000054],[39.923396193000031,21.481056500000022],[39.925309709000032,21.481355063000024],[39.931484528000055,21.482305035000024],[39.933764461000067,21.482630740000047],[39.935392985000078,21.482902160000037],[39.936587236000037,21.483268578000036],[39.937265788000047,21.483539999000072],[39.938514323000049,21.484150695000039],[39.94211064600006,21.485860645000059],[39.943128473000058,21.486335631000031],[39.944132730000035,21.486634194000032],[39.945082702000036,21.48681061700006],[39.946141242000067,21.486851330000036],[39.947240496000063,21.486824188000071],[39.948651883000025,21.486647765000043],[39.948939308000035,21.486617281000065]]]},"properties":{"OBJECTID":77,"OBJECTID_1":77,"RegionID":null,"city":"Makkah","discription":"Al-Maqam District","Discription_AR":"حي المقام","Region":"مكة المكرمة","Fence_Type":"Year_1447H_2026G","Capacity":null,"Actual_Cap":null,"type":"حي","GIS_data_type":"Polygon","Shape_Length":0.22950117801461897,"Shape_Area":0.0019510877555132266}},{"type":"Feature","id":78,"geometry":{"type":"Polygon","coordinates":[[[39.992454586000065,21.493137431000036],[39.992630416000054,21.493250744000022],[39.992925442000058,21.493518111000071],[39.993229687000053,21.493813136000028],[39.993580029000043,21.494375528000035],[39.993819737000081,21.494919481000068],[39.994123982000076,21.495408117000068],[39.994437447000053,21.495850655000027],[39.994695594000063,21.496265534000031],[39.99488920400006,21.496625096000059],[39.995958671000039,21.496892463000052],[39.996244477000062,21.497049195000045],[39.995977110000069,21.497897393000073],[39.995635987000071,21.498764030000075],[39.995322523000027,21.499409398000068],[39.994787789000043,21.500340572000027],[39.994372910000038,21.501059696000027],[39.99417008000006,21.501354721000041],[39.993875055000046,21.501834138000049],[39.993026857000075,21.502875946000074],[39.992399928000054,21.503631948000077],[39.99200348800008,21.504111365000028],[39.991579389000037,21.504563122000036],[39.98993831000007,21.506222640000033],[39.988638355000035,21.507458058000054],[39.987449034000065,21.508564403000037],[39.986398006000059,21.509560114000067],[39.985669662000078,21.510288458000048],[39.98542995400004,21.510684898000022],[39.985291661000076,21.511035241000059],[39.984434244000056,21.513570615000049],[39.983715119000067,21.515405303000023],[39.983484631000067,21.515912378000053],[39.983097410000028,21.516354916000068],[39.982101700000044,21.517507359000035],[39.980349987000068,21.519646293000051],[39.978561395000042,21.521471762000033],[39.978303248000032,21.521702251000022],[39.97792524700003,21.521877422000045],[39.977298318000067,21.521932739000079],[39.97638558400007,21.522190886000033],[39.975998363000031,21.521656153000038],[39.975150165000059,21.522015715000066],[39.973822551000069,21.522614985000075],[39.971351714000036,21.523306451000053],[39.970715565000035,21.523509281000031],[39.970466638000062,21.522688742000071],[39.970411320000039,21.521831324000061],[39.970107076000033,21.520752638000033],[39.969904246000056,21.519637073000069],[39.969424829000047,21.517986775000054],[39.968926974000055,21.516640722000034],[39.968465997000067,21.515681890000053],[39.967820629000073,21.514575545000071],[39.967709995000064,21.514096128000062],[39.966769601000067,21.51262100200006],[39.966133453000054,21.511302607000061],[39.964778180000053,21.509818261000078],[39.964077495000026,21.508942404000038],[39.962980370000025,21.507706986000073],[39.962390319000065,21.50667439700004],[39.964123593000068,21.502654677000066],[39.966041258000075,21.49834915100007],[39.966336283000032,21.497602368000059],[39.966594430000043,21.496984659000077],[39.966815699000051,21.496311632000072],[39.967009309000048,21.495527971000058],[39.967175261000079,21.494744310000044],[39.967230578000056,21.493822356000067],[39.96729511500007,21.49286352300004],[39.967304335000051,21.49214439900004],[39.967230578000056,21.491471373000024],[39.967073846000062,21.489369317000069],[39.966897282000048,21.487627755000062],[39.96861741500004,21.487501892000068],[39.969953313000076,21.487671530000057],[39.973070410000048,21.488562129000059],[39.975254498000027,21.489155861000029],[39.983397116000049,21.491530792000049],[39.987404812000079,21.492633438000041],[39.989037576000044,21.493099942000072],[39.98963130900006,21.493184761000066],[39.990437089000068,21.493205966000062],[39.992454586000065,21.493137431000036]]]},"properties":{"OBJECTID":78,"OBJECTID_1":78,"RegionID":null,"city":"Makkah","discription":"\u0650Uhod District","Discription_AR":"حي أحد","Region":"مكة المكرمة","Fence_Type":"Year_1447H_2026G","Capacity":null,"Actual_Cap":null,"type":"حي","GIS_data_type":"Polygon","Shape_Length":0.11048363849391338,"Shape_Area":0.00070947900316069192}},{"type":"Feature","id":79,"geometry":{"type":"Polygon","coordinates":[[[39.962390319000065,21.50667439700004],[39.961648699000079,21.508433117000038],[39.961123554000039,21.509601417000056],[39.959878547000073,21.512528069000041],[39.958397520000062,21.515879557000062],[39.956580164000059,21.520057115000043],[39.95465069800008,21.524547401000063],[39.953346686000032,21.52743274900007],[39.952679929000055,21.529037687000027],[39.952461610000057,21.52955103100004],[39.952266893000058,21.530064375000052],[39.952119380000056,21.530542316000037],[39.951930564000065,21.53120907300007],[39.951529330000028,21.53274910600004],[39.950650154000073,21.536065191000034],[39.949835884000038,21.539280967000025],[39.948820997000041,21.543139898000049],[39.945192185000053,21.542797669000038],[39.945351499000026,21.542520345000071],[39.945752734000052,21.541765080000062],[39.945823540000049,21.540968512000063],[39.946277879000036,21.539522888000079],[39.946354585000051,21.539180658000078],[39.94639588900003,21.538531602000035],[39.946873830000072,21.538649613000075],[39.947534687000029,21.53874402100007],[39.947823811000035,21.538667314000065],[39.948183742000026,21.538454896000076],[39.948319454000057,21.538142169000025],[39.948372559000063,21.537729133000028],[39.948201444000063,21.537080078000031],[39.948006727000063,21.536950267000066],[39.947558289000028,21.53673784800003],[39.947044945000073,21.53670244500006],[39.94676172000004,21.536667042000033],[39.946000555000069,21.536106494000023],[39.94545180800003,21.535593150000068],[39.944826354000043,21.535085706000075],[39.944708344000048,21.534607765000032],[39.94447232400006,21.533946909000065],[39.944307109000079,21.533775794000064],[39.943787865000047,21.533722689000058],[39.943227317000037,21.533640082000034],[39.942820182000048,21.533404062000045],[39.942637266000077,21.53329195200007],[39.94223603100005,21.533179843000028],[39.941994111000042,21.53313263900003],[39.941929205000065,21.533044131000054],[39.942147524000063,21.532241662000047],[39.942265534000057,21.531858129000057],[39.94240714600005,21.530813739000052],[39.94205901600003,21.530725232000066],[39.941598777000024,21.530654426000069],[39.941551573000027,21.53049511200004],[39.941409961000033,21.530141082000057],[39.941091333000031,21.529657240000063],[39.94052488400007,21.529256006000026],[39.93996433600006,21.529037687000027],[39.938961250000034,21.528996383000049],[39.938170582000055,21.529267807000053],[39.937893258000031,21.529604136000046],[39.937804751000044,21.529928663000078],[39.937250103000054,21.529539230000069],[39.934417860000053,21.529232404000027],[39.932860126000037,21.528506641000035],[39.930971964000037,21.528105407000055],[39.922892384000079,21.530999887000064],[39.925451428000031,21.525201858000059],[39.924956927000039,21.524979332000044],[39.925797579000061,21.523705991000043],[39.928134099000033,21.521221122000043],[39.927812673000062,21.520973871000024],[39.931521433000057,21.513865413000076],[39.931941760000029,21.513296736000029],[39.936614798000051,21.509142924000059],[39.936552985000048,21.508722598000077],[39.936466448000033,21.507869583000058],[39.936429360000034,21.507078381000042],[39.936429360000034,21.506596242000057],[39.936515898000039,21.505990478000058],[39.936639523000053,21.505149825000046],[39.936936224000078,21.504148460000067],[39.937406000000067,21.504457523000042],[39.937900502000048,21.504655324000055],[39.938753517000066,21.504840762000072],[39.947629817000063,21.495408147000035],[39.947629817000063,21.494233706000045],[39.947592730000054,21.493294154000068],[39.947530917000051,21.492515314000059],[39.947839980000026,21.491353236000066],[39.94838393200007,21.490240607000032],[39.948730083000044,21.489127979000045],[39.948939308000035,21.486617281000065],[39.949547571000039,21.486552768000024],[39.950483972000029,21.486579910000046],[39.952071783000065,21.486742762000063],[39.95713377800007,21.487326316000065],[39.959074435000048,21.487584166000033],[39.960892953000041,21.48776059000005],[39.962171175000037,21.487904782000044],[39.96384634900005,21.487904782000044],[39.966878627000028,21.487629120000065],[39.966897282000048,21.487627755000062],[39.967073846000062,21.489369317000069],[39.967230578000056,21.491471373000024],[39.967304335000051,21.49214439900004],[39.96729511500007,21.49286352300004],[39.967230578000056,21.493822356000067],[39.967175261000079,21.494744310000044],[39.967009309000048,21.495527971000058],[39.966815699000051,21.496311632000072],[39.966594430000043,21.496984659000077],[39.966336283000032,21.497602368000059],[39.966041258000075,21.49834915100007],[39.964123593000068,21.502654677000066],[39.962390319000065,21.50667439700004]]]},"properties":{"OBJECTID":79,"OBJECTID_1":79,"RegionID":null,"city":"Makkah","discription":"Al-yamama District","Discription_AR":"حي اليمامة","Region":"مكة المكرمة","Fence_Type":"Year_1447H_2026G","Capacity":null,"Actual_Cap":null,"type":"حي","GIS_data_type":"Polygon","Shape_Length":0.17664024821474159,"Shape_Area":0.0011158485068938637}},{"type":"Feature","id":80,"geometry":{"type":"Polygon","coordinates":[[[39.975285531000054,21.521958331000064],[39.975605200000075,21.522610988000054],[39.975987847000056,21.523916489000044],[39.976055373000065,21.525064430000043],[39.976235442000075,21.526144845000033],[39.976505546000055,21.527247769000041],[39.976888193000036,21.52801306300006],[39.977585961000045,21.52925103900003],[39.978261220000036,21.530489014000068],[39.98319061400008,21.54185588100006],[39.968333973000028,21.558487117000027],[39.968569993000074,21.559543307000069],[39.968800113000043,21.56031037300005],[39.968929924000065,21.561354763000054],[39.969224950000068,21.562275242000055],[39.969626184000049,21.563549751000039],[39.969909409000024,21.564411225000072],[39.969944812000051,21.565113386000064],[39.969897608000053,21.566175477000058],[39.969785498000078,21.56688353800007],[39.969691090000026,21.567562096000074],[39.969732393000072,21.568358664000073],[39.969809100000077,21.569178835000059],[39.969885807000026,21.57102569400007],[39.969903508000073,21.572075984000037],[39.969360293000079,21.572123925000028],[39.969314195000038,21.571828900000071],[39.968207850000056,21.571755144000065],[39.96596750100008,21.572953684000026],[39.963127882000038,21.571478557000034],[39.963238517000036,21.570427530000075],[39.962961931000052,21.570058748000065],[39.962252026000044,21.569606990000068],[39.961606658000051,21.569450258000074],[39.960703143000046,21.569588551000038],[39.959486163000065,21.570021870000062],[39.958435135000059,21.569763723000051],[39.953949954000052,21.574964400000056],[39.953810230000045,21.574666070000035],[39.95364784800006,21.574352635000025],[39.953474137000057,21.574099622000062],[39.953281544000049,21.573846608000053],[39.952975662000028,21.573450094000066],[39.952801951000026,21.573234843000023],[39.952556490000063,21.57292140800007],[39.952379003000033,21.572657066000033],[39.952216621000048,21.572388947000036],[39.95208444900004,21.572083064000026],[39.951982489000045,21.571871590000057],[39.951910739000027,21.571599695000032],[39.951861646000054,21.571316471000046],[39.951774791000048,21.570859535000068],[39.951627514000052,21.570176021000066],[39.95158219800004,21.569941888000074],[39.951548211000045,21.569836151000061],[39.951533106000056,21.569764401000043],[39.951536882000028,21.569673769000076],[39.951551988000062,21.569579361000024],[39.951597304000074,21.569450966000034],[39.95164261900004,21.569254597000054],[39.951740804000053,21.569118650000064],[39.951835212000049,21.568956268000022],[39.951914515000055,21.568790110000066],[39.951974936000056,21.568623951000063],[39.952035357000057,21.568438911000044],[39.95206556800008,21.56826142400007],[39.952080673000069,21.568004634000033],[39.948527152000054,21.566928382000071],[39.948058888000048,21.56676600000003],[39.947609505000059,21.566599841000027],[39.947277188000044,21.566445012000031],[39.946884451000074,21.566233538000063],[39.946514371000035,21.565984300000025],[39.946080094000081,21.565640655000038],[39.945717567000031,21.565315891000068],[39.945430566000027,21.564991127000042],[39.945188881000036,21.564677692000032],[39.944969854000078,21.564341599000045],[39.944784814000059,21.56398284900007],[39.94459222200004,21.563597663000053],[39.944444945000043,21.563163386000042],[39.944018221000078,21.563442834000057],[39.943772759000069,21.563590111000053],[39.943685904000063,21.563646756000026],[39.94358016700005,21.56373738700006],[39.943478206000066,21.563831796000045],[39.943096797000067,21.564254744000038],[39.942964626000048,21.56436803400004],[39.942783362000057,21.564526639000064],[39.942715389000057,21.564568179000048],[39.942624757000033,21.564602166000043],[39.942519020000077,21.564628600000049],[39.942413283000064,21.564655034000054],[39.942216914000028,21.564685245000078],[39.942024321000076,21.564723008000044],[39.94182795200004,21.564768324000056],[39.94169200500005,21.564828745000057],[39.941510741000059,21.564911824000035],[39.941072688000077,21.565195049000067],[39.940974503000064,21.565266799000028],[39.940880095000068,21.565342325000074],[39.940155041000025,21.565980524000054],[39.94004930400007,21.566090038000027],[39.939954896000074,21.566188222000051],[39.939894474000027,21.566278854000075],[39.939841606000073,21.566414801000064],[39.93961502600007,21.567045448000044],[39.939573487000075,21.567154961000028],[39.939505513000029,21.567283356000075],[39.939418657000033,21.567419304000055],[39.93929403900006,21.567577909000022],[39.939093894000052,21.567793160000065],[39.937036579000051,21.566463127000077],[39.936813466000046,21.566246283000055],[39.936601047000067,21.56593945700007],[39.936329624000052,21.565544123000052],[39.936306022000053,21.565314003000026],[39.936400430000049,21.564859664000039],[39.936483037000073,21.564594141000043],[39.936677754000073,21.563903782000068],[39.936842968000065,21.563484846000051],[39.937067187000025,21.563071810000054],[39.937515626000049,21.562800387000038],[39.938406603000033,21.562664675000065],[39.939138265000054,21.562676476000036],[39.939515898000025,21.562652874000037],[39.939805023000076,21.562841691000074],[39.940755004000039,21.56296560100003],[39.941740389000074,21.562605670000039],[39.942442549000077,21.562033321000058],[39.942666768000038,21.561549480000053],[39.942755276000071,21.560988931000054],[39.94352824200007,21.557253911000032],[39.943109306000053,21.556528148000041],[39.942755276000071,21.55616231700003],[39.942165225000053,21.555548664000071],[39.942430748000049,21.555129728000054],[39.942324539000026,21.554893708000066],[39.942147524000063,21.554763897000043],[39.94167548300004,21.554580981000072],[39.940967422000028,21.554462971000078],[39.940660596000043,21.55443346800007],[39.94031246600008,21.554327259000047],[39.940159053000059,21.554061736000051],[39.940094147000025,21.553536591000068],[39.940129551000041,21.553005546000065],[39.940318367000032,21.552480401000025],[39.940548487000058,21.551748738000072],[39.94090841700006,21.551046577000022],[39.940849412000034,21.550869562000059],[39.940471780000053,21.550621741000043],[39.939946635000069,21.550373920000027],[39.939651609000066,21.550037591000034],[39.939563102000079,21.549482943000044],[39.939610306000077,21.549199719000057],[39.940932019000059,21.548350046000053],[39.94125654700008,21.548279240000056],[39.941822996000042,21.548119926000027],[39.942265534000057,21.547783597000034],[39.942649067000048,21.547405965000053],[39.942920490000063,21.546969327000056],[39.943050301000028,21.546550391000039],[39.943150610000032,21.546060649000026],[39.943233217000056,21.545824629000037],[39.943422033000047,21.545399792000069],[39.943988482000066,21.544780239000033],[39.945192185000053,21.542797669000038],[39.948820997000041,21.543139898000049],[39.949835884000038,21.539280967000025],[39.950650154000073,21.536065191000034],[39.951529330000028,21.53274910600004],[39.951930564000065,21.53120907300007],[39.952119380000056,21.530542316000037],[39.952266893000058,21.530064375000052],[39.952461610000057,21.52955103100004],[39.952679929000055,21.529037687000027],[39.953346686000032,21.52743274900007],[39.95465069800008,21.524547401000063],[39.956580164000059,21.520057115000043],[39.958397520000062,21.515879557000062],[39.959878547000073,21.512528069000041],[39.961123554000039,21.509601417000056],[39.961648699000079,21.508433117000038],[39.962390319000065,21.50667439700004],[39.962980370000025,21.507706986000073],[39.964077495000026,21.508942404000038],[39.964778180000053,21.509818261000078],[39.966133453000054,21.511302607000061],[39.966769601000067,21.51262100200006],[39.967709995000064,21.514096128000062],[39.967820629000073,21.514575545000071],[39.968465997000067,21.515681890000053],[39.968926974000055,21.516640722000034],[39.969424829000047,21.517986775000054],[39.969904246000056,21.519637073000069],[39.970107076000033,21.520752638000033],[39.970411320000039,21.521831324000061],[39.970466638000062,21.522688742000071],[39.970715565000035,21.523509281000031],[39.971351714000036,21.523306451000053],[39.973822551000069,21.522614985000075],[39.975150165000059,21.522015715000066],[39.975285531000054,21.521958331000064]]]},"properties":{"OBJECTID":80,"OBJECTID_1":80,"RegionID":null,"city":"Makkah","discription":"Jurana District","Discription_AR":"حي جعرانه","Region":"مكة المكرمة","Fence_Type":"Year_1447H_2026G","Capacity":null,"Actual_Cap":null,"type":"حي","GIS_data_type":"Polygon","Shape_Length":0.20669018229436689,"Shape_Area":0.0015317714607905328}},{"type":"Feature","id":81,"geometry":{"type":"Polygon","coordinates":[[[40.00678027400005,21.516929570000059],[40.006081908000056,21.518401871000037],[40.006059400000026,21.52693264800007],[40.009975904000044,21.529521142000078],[40.005001493000066,21.533415138000066],[39.990145786000028,21.52931856500004],[39.98319061400008,21.54185588100006],[39.978261220000036,21.530489014000068],[39.977585961000045,21.52925103900003],[39.976888193000036,21.52801306300006],[39.976505546000055,21.527247769000041],[39.976235442000075,21.526144845000033],[39.976055373000065,21.525064430000043],[39.975987847000056,21.523916489000044],[39.975605200000075,21.522610988000054],[39.975285531000054,21.521958331000064],[39.975998363000031,21.521656153000038],[39.97638558400007,21.522190886000033],[39.977298318000067,21.521932739000079],[39.97792524700003,21.521877422000045],[39.978303248000032,21.521702251000022],[39.978561395000042,21.521471762000033],[39.980349987000068,21.519646293000051],[39.982101700000044,21.517507359000035],[39.983097410000028,21.516354916000068],[39.983484631000067,21.515912378000053],[39.983715119000067,21.515405303000023],[39.984434244000056,21.513570615000049],[39.985291661000076,21.511035241000059],[39.98542995400004,21.510684898000022],[39.985669662000078,21.510288458000048],[39.985789516000068,21.510168604000057],[40.00678027400005,21.516929570000059]]]},"properties":{"OBJECTID":81,"OBJECTID_1":81,"RegionID":null,"city":"Makkah","discription":"Zmzam District","Discription_AR":"حي زمزم","Region":"مكة المكرمة","Fence_Type":"Year_1447H_2026G","Capacity":null,"Actual_Cap":null,"type":"حي","GIS_data_type":"Polygon","Shape_Length":0.11193681680859917,"Shape_Area":0.00055249884192202386}},{"type":"Feature","id":82,"geometry":{"type":"Polygon","coordinates":[[[39.985789516000068,21.510168604000057],[39.986398006000059,21.509560114000067],[39.987449034000065,21.508564403000037],[39.988638355000035,21.507458058000054],[39.98993831000007,21.506222640000033],[39.991579389000037,21.504563122000036],[39.99200348800008,21.504111365000028],[39.992399928000054,21.503631948000077],[39.993026857000075,21.502875946000074],[39.993875055000046,21.501834138000049],[39.99417008000006,21.501354721000041],[39.994372910000038,21.501059696000027],[39.994787789000043,21.500340572000027],[39.995322523000027,21.499409398000068],[39.995635987000071,21.498764030000075],[39.995977110000069,21.497897393000073],[39.996244477000062,21.497049195000045],[39.995958671000039,21.496892463000052],[39.99488920400006,21.496625096000059],[39.994695594000063,21.496265534000031],[39.994437447000053,21.495850655000027],[39.994123982000076,21.495408117000068],[39.993819737000081,21.494919481000068],[39.993580029000043,21.494375528000035],[39.993229687000053,21.493813136000028],[39.992925442000058,21.493518111000071],[39.992630416000054,21.493250744000022],[39.992454586000065,21.493137431000036],[40.000424520000024,21.492866690000028],[40.003138726000032,21.49280307600003],[40.003965711000035,21.49280307600003],[40.004983538000033,21.492930304000026],[40.006849555000031,21.493566446000045],[40.008121839000069,21.494244998000056],[40.009903037000072,21.495962582000061],[40.011578212000074,21.498040646000049],[40.013253386000031,21.50016112000003],[40.014271213000029,21.50147581300007],[40.015119403000028,21.502387617000068],[40.016412892000062,21.503320625000072],[40.017727585000046,21.503893153000035],[40.019418011000027,21.504506261000074],[40.018574207000029,21.506247201000065],[40.018394138000076,21.506697374000055],[40.018506682000066,21.507710263000035],[40.012114226000051,21.505684485000074],[40.00678027400005,21.516929570000059],[39.985789516000068,21.510168604000057]]]},"properties":{"OBJECTID":82,"OBJECTID_1":82,"RegionID":null,"city":"Makkah","discription":"Al-Thunayah District","Discription_AR":"حي الثنية","Region":"مكة المكرمة","Fence_Type":"Year_1447H_2026G","Capacity":null,"Actual_Cap":null,"type":"حي","GIS_data_type":"Polygon","Shape_Length":0.098901391502243655,"Shape_Area":0.00043152809072725875}},{"type":"Feature","id":83,"geometry":{"type":"Polygon","coordinates":[[[40.053863093000075,21.521550619000038],[40.054011221000053,21.522284675000037],[40.054177379000066,21.52258678100003],[40.054702288000044,21.522911545000056],[40.055155447000061,21.523202322000031],[40.055642593000073,21.523553520000064],[40.05573322500004,21.523968915000069],[40.055673275000061,21.524175669000044],[40.054870806000054,21.524157968000054],[40.053796914000031,21.524110764000056],[40.053572695000071,21.524494297000047],[40.053147858000045,21.525768806000031],[40.052717121000057,21.526765992000037],[40.050374620000071,21.526358857000048],[40.050327416000073,21.526777793000065],[40.050433625000039,21.527574361000063],[40.049607554000033,21.52764516700006],[40.04944824100005,21.526612579000073],[40.049442340000041,21.525886816000025],[40.049477743000068,21.524954536000052],[40.049169973000062,21.524999852000064],[40.048403379000035,21.525033839000059],[40.047908680000035,21.524992299000075],[40.047444193000047,21.524924326000075],[40.047198731000037,21.524879010000063],[40.046620954000048,21.524799707000057],[40.045963873000062,21.524769496000033],[40.045625213000051,21.526779407000049],[40.045296521000068,21.526731070000039],[40.044810442000028,21.526683385000069],[40.043423823000069,21.526547673000039],[40.042515145000039,21.526376558000038],[40.042349931000047,21.527137724000056],[40.04226142300007,21.527338341000075],[40.041789383000037,21.526594877000036],[40.041305541000042,21.525739304000069],[40.040709590000063,21.524718516000064],[40.039753708000035,21.524582804000033],[40.038786025000036,21.524370386000044],[40.038909935000049,21.523526613000058],[40.038992543000063,21.523255190000043],[40.039340672000037,21.522482224000044],[40.039818614000069,21.521597148000069],[40.04020214600007,21.520617664000042],[40.039978399000063,21.520456934000038],[40.039287332000072,21.520067972000049],[40.038075132000074,21.519044588000042],[40.037206577000063,21.518761364000056],[40.036473970000031,21.518379955000057],[40.035971719000031,21.518202468000027],[40.035537442000077,21.517477414000041],[40.034400768000069,21.517016702000035],[40.034162860000038,21.517073347000064],[40.033690819000071,21.517148874000043],[40.033335845000067,21.517129992000037],[40.032848699000056,21.51716775500006],[40.032731633000026,21.516899636000062],[40.03264477700003,21.516646623000042],[40.031874407000032,21.516835439000033],[40.031304182000042,21.517062018000047],[40.031160682000063,21.516752360000055],[40.030771720000075,21.516201016000025],[40.03030345600007,21.515721423000059],[40.029876732000048,21.515445751000073],[40.029574626000056,21.514577197000051],[40.029200770000045,21.514463907000049],[40.028324662000045,21.514248657000053],[40.027743108000038,21.514184459000035],[40.026481816000057,21.513942774000043],[40.02570389300007,21.513685984000062],[40.025439550000044,21.513746405000063],[40.025186537000025,21.513799274000064],[40.024790023000037,21.514052288000073],[40.024680509000063,21.514059840000073],[40.024408614000038,21.513769063000041],[40.024117837000063,21.513421641000036],[40.023740204000035,21.513157299000056],[40.023162427000045,21.512817430000041],[40.022592202000055,21.512564416000032],[40.021685884000078,21.512179231000061],[40.021565042000077,21.512088599000037],[40.021236501000033,21.511782717000074],[40.019136865000064,21.51056296400003],[40.018147468000052,21.510158897000053],[40.018136139000035,21.509977634000052],[40.018166350000058,21.50961888300003],[40.018264534000025,21.509279014000072],[40.018332508000071,21.508969355000033],[40.018374048000055,21.508708789000025],[40.018419363000078,21.508448222000027],[40.018453350000073,21.508085695000034],[40.018506682000066,21.507710263000035],[40.018394138000076,21.506697374000055],[40.018574207000029,21.506247201000065],[40.019418011000027,21.504506261000074],[40.021820099000024,21.505377485000054],[40.022689494000076,21.505780375000029],[40.023474069000031,21.506183265000061],[40.034055232000071,21.512056977000043],[40.039229188000036,21.514919616000043],[40.040480268000067,21.515661782000052],[40.041646528000058,21.516446357000063],[40.046481208000046,21.519902729000023],[40.047753492000027,21.520666100000028],[40.049068186000056,21.521153809000054],[40.05074336000007,21.521577904000026],[40.052503353000077,21.521683927000026],[40.053863093000075,21.521550619000038]]]},"properties":{"OBJECTID":83,"OBJECTID_1":83,"RegionID":null,"city":"Makkah","discription":"Al-Barakah District","Discription_AR":"حي البركة","Region":"مكة المكرمة","Fence_Type":"Year_1447H_2026G","Capacity":null,"Actual_Cap":null,"type":"حي","GIS_data_type":"Polygon","Shape_Length":0.1054363683721406,"Shape_Area":0.00021793635325860708}},{"type":"Feature","id":84,"geometry":{"type":"Polygon","coordinates":[[[40.084450434000075,21.517325022000023],[40.08474663800007,21.51723393900005],[40.085686725000073,21.51696111800004],[40.086614989000054,21.516775455000072],[40.087553779000075,21.516678069000022],[40.088687753000045,21.51670030400004],[40.090122438000037,21.516862644000071],[40.097633159000054,21.517745030000071],[40.099394416000052,21.51792877500003],[40.100343100000032,21.518106654000064],[40.101686374000053,21.518541197000047],[40.111023243000034,21.522111886000062],[40.111883728000066,21.522517053000058],[40.112834104000058,21.523097126000039],[40.112387886000079,21.524786887000062],[40.111520848000055,21.527388002000066],[40.110955388000036,21.529725235000058],[40.11182242600006,21.534022728000025],[40.106997171000046,21.535492923000049],[40.104019083000026,21.533004901000027],[40.099646195000048,21.528141948000041],[40.097384357000067,21.525955504000024],[40.090900419000036,21.523165903000063],[40.085698191000063,21.519169988000044],[40.084461499000042,21.51734011800005],[40.084450434000075,21.517325022000023]]]},"properties":{"OBJECTID":84,"OBJECTID_1":84,"RegionID":null,"city":"Makkah","discription":"Hunain North District","Discription_AR":"حي حنين الشمالي","Region":"مكة المكرمة","Fence_Type":"Year_1447H_2026G","Capacity":null,"Actual_Cap":null,"type":"حي","GIS_data_type":"Polygon","Shape_Length":0.075262898652389984,"Shape_Area":0.00024923424365989535}},{"type":"Feature","id":85,"geometry":{"type":"Polygon","coordinates":[[[40.115348567000069,21.517158943000027],[40.112834104000058,21.523097126000039],[40.111883728000066,21.522517053000058],[40.111023243000034,21.522111886000062],[40.101686374000053,21.518541197000047],[40.100343100000032,21.518106654000064],[40.099394416000052,21.51792877500003],[40.097633159000054,21.517745030000071],[40.088687753000045,21.51670030400004],[40.087553779000075,21.516678069000022],[40.086614989000054,21.516775455000072],[40.085686725000073,21.51696111800004],[40.075011757000027,21.520263210000053],[40.073532515000068,21.520724625000071],[40.072433261000072,21.520887477000031],[40.071320437000054,21.520982475000039],[40.070343323000031,21.520887477000031],[40.069244069000035,21.520724625000071],[40.062797829000033,21.52004607300006],[40.056595868000045,21.521090195000056],[40.054666237000049,21.521471880000036],[40.052503353000077,21.521683927000026],[40.05074336000007,21.521577904000026],[40.049068186000056,21.521153809000054],[40.047753492000027,21.520666100000028],[40.046481208000046,21.519902729000023],[40.041646528000058,21.516446357000063],[40.040480268000067,21.515661782000052],[40.039229188000036,21.514919616000043],[40.038233615000024,21.514368787000024],[40.040332326000055,21.511026021000077],[40.040581254000074,21.510629581000046],[40.040793304000033,21.510030310000047],[40.041162085000053,21.509357284000032],[40.042720188000033,21.51018704300003],[40.043826533000072,21.510860069000046],[40.044942097000046,21.511357924000038],[40.046260492000044,21.511616072000038],[40.047661862000041,21.511689828000044],[40.048454743000036,21.51141324200006],[40.049514990000034,21.51090616700003],[40.050335529000051,21.510583483000062],[40.051239045000045,21.510629581000046],[40.05249290200004,21.510823191000043],[40.053516271000035,21.511035241000059],[40.054392128000075,21.511081338000054],[40.055360180000037,21.510970704000044],[40.056171499000072,21.510850850000054],[40.056826087000047,21.510537385000077],[40.057342381000069,21.510399092000057],[40.058144481000056,21.51031611600007],[40.059029557000031,21.510306897000078],[40.059453656000073,21.510233140000025],[40.060025268000061,21.510076408000032],[40.061306784000067,21.509744505000072],[40.063003180000067,21.509071478000067],[40.064404550000063,21.508490647000031],[40.06532650500003,21.508084987000075],[40.066110166000044,21.507808401000034],[40.066737095000065,21.50767010800007],[40.067585292000047,21.507789962000061],[40.068341295000039,21.508186402000035],[40.068959004000078,21.50838923200007],[40.069217151000032,21.508306256000026],[40.07029583800005,21.507863718000067],[40.071927697000035,21.507190692000052],[40.073624092000045,21.506757373000028],[40.074361656000065,21.506729714000073],[40.07489638900006,21.506914105000078],[40.075550977000034,21.507319765000034],[40.076076491000038,21.507384302000048],[40.077238153000053,21.507236789000046],[40.078971427000056,21.506572982000023],[40.079810405000046,21.506001371000025],[40.080815335000068,21.504756732000033],[40.081331629000033,21.504203560000064],[40.082382657000039,21.503429118000042],[40.089675315000079,21.504378731000031],[40.089377408000075,21.508932033000065],[40.091941594000048,21.510833563000062],[40.105367551000029,21.511913978000052],[40.109055368000043,21.506598336000025],[40.10987648400004,21.506598336000025],[40.112699968000072,21.513469776000022],[40.115348567000069,21.517158943000027]]]},"properties":{"OBJECTID":85,"OBJECTID_1":85,"RegionID":null,"city":"Makkah","discription":"Hunain District","Discription_AR":"حي حنين","Region":"مكة المكرمة","Fence_Type":"Year_1447H_2026G","Capacity":null,"Actual_Cap":null,"type":"حي","GIS_data_type":"Polygon","Shape_Length":0.18317821925278011,"Shape_Area":0.00077234950880948443}},{"type":"Feature","id":86,"geometry":{"type":"Polygon","coordinates":[[[39.983323612000049,21.474088677000054],[39.983529903000033,21.474616132000051],[39.99013332800007,21.472457374000044],[39.990543226000057,21.472330538000051],[39.990851035000048,21.472270213000058],[39.991195968000056,21.472220716000038],[39.99150687100007,21.472206795000034],[39.991828602000055,21.47221298200003],[39.992171988000052,21.472256292000054],[39.992629840000063,21.472341975000063],[39.99996069000008,21.473879749000048],[39.999075614000049,21.477833089000057],[39.999004808000052,21.478222522000067],[39.998904499000048,21.478806672000076],[39.998756986000046,21.479969072000074],[39.998662578000051,21.480629929000031],[39.998621275000062,21.481361592000042],[39.998574071000064,21.482429583000055],[39.998556369000028,21.48345037100006],[39.998597673000063,21.484571467000023],[39.99868618000005,21.485769270000048],[39.998815992000061,21.486949372000026],[39.998993007000024,21.488040965000039],[39.999187723000034,21.489103057000023],[39.999921627000049,21.492883773000074],[39.990437089000068,21.493205966000062],[39.98963130900006,21.493184761000066],[39.989037576000044,21.493099942000072],[39.987404812000079,21.492633438000041],[39.983397116000049,21.491530792000049],[39.975254498000027,21.489155861000029],[39.969953313000076,21.487671530000057],[39.96861741500004,21.487501892000068],[39.966894402000037,21.487647391000053],[39.966511454000056,21.484768766000059],[39.96657599100007,21.483985104000055],[39.966953992000072,21.482768125000064],[39.967861933000052,21.481096069000046],[39.968770611000025,21.479980873000045],[39.969525876000034,21.479219708000073],[39.970275240000035,21.478706364000061],[39.971809372000052,21.478010104000077],[39.976824803000056,21.47629895700004],[39.983323612000049,21.474088677000054]]]},"properties":{"OBJECTID":86,"OBJECTID_1":86,"RegionID":null,"city":"Makkah","discription":"Al-Rashediyah District","Discription_AR":"حي الراشدية","Region":"مكة المكرمة","Fence_Type":"Year_1447H_2026G","Capacity":null,"Actual_Cap":null,"type":"حي","GIS_data_type":"Polygon","Shape_Length":0.094737254831780623,"Shape_Area":0.00050856048873238542}},{"type":"Feature","id":87,"geometry":{"type":"Polygon","coordinates":[[[40.020964142000025,21.478424829000062],[40.019226958000047,21.482072914000071],[40.025228326000047,21.498853110000027],[40.030271501000072,21.501988565000033],[40.033901696000044,21.503832473000045],[40.03666755900008,21.506569525000032],[40.041162085000053,21.509357284000032],[40.040793304000033,21.510030310000047],[40.040581254000074,21.510629581000046],[40.040332326000055,21.511026021000077],[40.038233615000024,21.514368787000024],[40.034055232000071,21.512056977000043],[40.023474069000031,21.506183265000061],[40.022689494000076,21.505780375000029],[40.021820099000024,21.505377485000054],[40.017727585000046,21.503893153000035],[40.016412892000062,21.503320625000072],[40.015119403000028,21.502387617000068],[40.014271213000029,21.50147581300007],[40.009903037000072,21.495962582000061],[40.008121839000069,21.494244998000056],[40.006849555000031,21.493566446000045],[40.004983538000033,21.492930304000026],[40.003965711000035,21.49280307600003],[40.000424520000024,21.492866690000028],[39.999921627000049,21.492883773000074],[39.999187723000034,21.489103057000023],[39.998993007000024,21.488040965000039],[39.998815992000061,21.486949372000026],[39.99868618000005,21.485769270000048],[39.998597673000063,21.484571467000023],[39.998556369000028,21.48345037100006],[39.998574071000064,21.482429583000055],[39.998621275000062,21.481361592000042],[39.998662578000051,21.480629929000031],[39.998756986000046,21.479969072000074],[39.998904499000048,21.478806672000076],[39.999004808000052,21.478222522000067],[39.999075614000049,21.477833089000057],[39.99996069000008,21.473879749000048],[40.000208511000039,21.472705548000079],[40.000409128000058,21.472764553000047],[40.001229299000045,21.472982872000046],[40.001907857000049,21.473224793000043],[40.002356296000073,21.473431310000024],[40.002728028000035,21.473608326000033],[40.002975849000052,21.473803042000043],[40.003323979000072,21.474080366000067],[40.004273960000035,21.474564208000061],[40.004769603000057,21.474859233000075],[40.005135434000067,21.475065751000045],[40.00547176300006,21.475195562000067],[40.005861197000058,21.475254567000036],[40.006215227000041,21.475301771000034],[40.006752173000052,21.475313572000061],[40.007483836000063,21.475384378000058],[40.007767060000049,21.475443383000027],[40.008103389000041,21.475561393000078],[40.008675738000079,21.475691205000032],[40.009218585000042,21.475803314000075],[40.01055800000006,21.476116041000068],[40.011625992000063,21.47628125500006],[40.012658581000039,21.476422867000053],[40.013343039000063,21.476499574000059],[40.013921289000052,21.476570380000055],[40.014399230000038,21.476588082000035],[40.015638337000041,21.476617584000053],[40.016051372000049,21.476652987000023],[40.016541114000063,21.476759196000046],[40.01751469800007,21.477083724000067],[40.018376172000046,21.477390551000042],[40.018801008000025,21.477543964000063],[40.019296651000047,21.477774083000043],[40.019957508000061,21.478051407000066],[40.020535757000061,21.478281527000036],[40.020964142000025,21.478424829000062]]]},"properties":{"OBJECTID":87,"OBJECTID_1":87,"RegionID":null,"city":"Makkah","discription":"Al-Hutaim district","Discription_AR":"حي الحطيم","Region":"مكة المكرمة","Fence_Type":"Year_1447H_2026G","Capacity":null,"Actual_Cap":null,"type":"حي","GIS_data_type":"Polygon","Shape_Length":0.13446689487673505,"Shape_Area":0.00064033329892209593}},{"type":"Feature","id":88,"geometry":{"type":"Polygon","coordinates":[[[40.004082240000059,21.448183894000067],[40.01050710800007,21.447766134000062],[40.010593541000048,21.448472005000042],[40.012538289000076,21.448860955000043],[40.01557785600005,21.449552420000032],[40.01750819800003,21.450416752000024],[40.019035185000064,21.451670034000074],[40.021340070000065,21.450229480000075],[40.021512936000079,21.449854936000065],[40.02612270700007,21.448212706000049],[40.02636760200005,21.446714530000065],[40.026785362000055,21.445648520000077],[40.027462422000042,21.444611322000071],[40.028931787000033,21.444020695000063],[40.031020589000036,21.443746990000022],[40.031913732000078,21.443746990000022],[40.031985760000055,21.442133570000067],[40.032965336000075,21.442176787000051],[40.033844074000058,21.442594547000056],[40.034549945000037,21.443228391000048],[40.035543927000049,21.444078317000049],[40.038741955000035,21.446282364000069],[40.038525872000037,21.447665295000036],[40.038813983000068,21.449754098000028],[40.039750343000037,21.449523609000039],[40.040470620000065,21.449725287000035],[40.041507818000071,21.449581231000025],[40.044028787000059,21.448702494000031],[40.044806685000026,21.448443194000049],[40.045699828000068,21.44798221700006],[40.047169193000059,21.447564457000055],[40.050540088000048,21.446800963000044],[40.051850992000027,21.446800963000044],[40.053104273000031,21.446815369000035],[40.053579656000068,21.446570475000044],[40.054400771000076,21.446426419000034],[40.055582025000035,21.446484041000076],[40.056431952000025,21.446959424000056],[40.057036984000035,21.44760767300005],[40.057152228000064,21.448428789000047],[40.057051390000026,21.449523609000039],[40.056604818000039,21.450762485000041],[40.056172652000043,21.451900522000074],[40.055639647000078,21.452318283000068],[40.054026227000065,21.452793665000058],[40.052902596000081,21.453067371000031],[40.051245959000028,21.453730025000027],[40.049920650000047,21.453874081000038],[40.048206391000065,21.453859675000047],[40.047428493000041,21.453758836000077],[40.046319266000069,21.453845269000055],[40.045339690000048,21.45413338000003],[40.043913542000041,21.454925685000035],[40.042746694000073,21.455415473000073],[40.042055228000038,21.455660367000064],[40.041709496000067,21.455746800000043],[40.041378168000051,21.455804422000028],[40.041104463000067,21.455833233000078],[40.040686703000063,21.455804422000028],[40.040124887000047,21.45571798900005],[40.039721532000044,21.455573934000029],[40.039116499000045,21.455660367000064],[40.038381817000072,21.455919666000057],[40.037459863000038,21.456265399000074],[40.036970075000056,21.45632302100006],[40.035889660000066,21.456524699000056],[40.034650784000064,21.457244976000027],[40.033613585000069,21.457749169000067],[40.031629223000039,21.458663921000038],[40.030166161000068,21.459676810000076],[40.028905677000068,21.460442104000037],[40.027735227000051,21.461049837000076],[40.026677320000033,21.461162381000065],[40.026069587000052,21.461004820000028],[40.025101715000062,21.460667190000038],[40.024201369000025,21.460937294000075],[40.023098446000063,21.461432484000056],[40.021050159000026,21.461545028000046],[40.019609605000028,21.461545028000046],[40.013689831000079,21.463930944000026],[40.013307184000041,21.462873038000055],[40.01179910500008,21.463525788000027],[40.013127115000032,21.465664110000034],[40.013194641000041,21.466384387000062],[40.014140004000069,21.467104663000043],[40.019429536000075,21.468905355000061],[40.019407027000057,21.46960312300007],[40.019744657000047,21.47023336500007],[40.020082287000037,21.470548486000041],[40.020825072000036,21.470548486000041],[40.020599986000036,21.471403815000031],[40.020735038000055,21.472889386000077],[40.020847581000055,21.473879766000039],[40.021162702000026,21.475883036000027],[40.021207719000074,21.477166029000045],[40.021027650000065,21.478291461000026],[40.020964142000025,21.478424829000062],[40.020535757000061,21.478281527000036],[40.019957508000061,21.478051407000066],[40.019296651000047,21.477774083000043],[40.018801008000025,21.477543964000063],[40.018376172000046,21.477390551000042],[40.01751469800007,21.477083724000067],[40.016541114000063,21.476759196000046],[40.016051372000049,21.476652987000023],[40.015638337000041,21.476617584000053],[40.014399230000038,21.476588082000035],[40.013921289000052,21.476570380000055],[40.013343039000063,21.476499574000059],[40.012658581000039,21.476422867000053],[40.011625992000063,21.47628125500006],[40.01055800000006,21.476116041000068],[40.009218585000042,21.475803314000075],[40.008675738000079,21.475691205000032],[40.008103389000041,21.475561393000078],[40.007767060000049,21.475443383000027],[40.007483836000063,21.475384378000058],[40.006752173000052,21.475313572000061],[40.006215227000041,21.475301771000034],[40.005861197000058,21.475254567000036],[40.00547176300006,21.475195562000067],[40.005135434000067,21.475065751000045],[40.004769603000057,21.474859233000075],[40.004273960000035,21.474564208000061],[40.003323979000072,21.474080366000067],[40.002975849000052,21.473803042000043],[40.002728028000035,21.473608326000033],[40.002356296000073,21.473431310000024],[40.001907857000049,21.473224793000043],[40.001229299000045,21.472982872000046],[40.000409128000058,21.472764553000047],[40.000208511000039,21.472705548000079],[40.001795984000069,21.46575309900004],[40.002268024000045,21.463627028000076],[40.002717407000034,21.461640682000052],[40.003144131000056,21.45988469100007],[40.003295184000081,21.459242716000063],[40.003434908000031,21.458672491000073],[40.003699251000057,21.457569804000059],[40.00393338300006,21.456576631000075],[40.004122199000051,21.455953537000028],[40.004533819000073,21.454507205000027],[40.004665990000035,21.454001177000066],[40.00474906900007,21.453540466000049],[40.004828372000077,21.452989123000066],[40.004881241000078,21.452366029000075],[40.004881241000078,21.451901541000041],[40.004862359000072,21.451471040000058],[40.004835925000066,21.451104737000037],[40.004775503000076,21.450579828000059],[40.004718859000036,21.450164432000065],[40.004635779000068,21.449733931000026],[40.004469621000055,21.449141048000058],[40.004311016000031,21.448706771000047],[40.004082240000059,21.448183894000067]]]},"properties":{"OBJECTID":88,"OBJECTID_1":88,"RegionID":null,"city":"Makkah","discription":"Al-Bai'ah District","Discription_AR":"حي البيعة","Region":"مكة المكرمة","Fence_Type":"Year_1447H_2026G","Capacity":null,"Actual_Cap":null,"type":"حي","GIS_data_type":"Polygon","Shape_Length":0.18543947712670217,"Shape_Area":0.00079925649927369642}},{"type":"Feature","id":89,"geometry":{"type":"Polygon","coordinates":[[[39.99996069000008,21.473879749000048],[39.992629840000063,21.472341975000063],[39.992171988000052,21.472256292000054],[39.991828602000055,21.47221298200003],[39.99150687100007,21.472206795000034],[39.991195968000056,21.472220716000038],[39.990851035000048,21.472270213000058],[39.990543226000057,21.472330538000051],[39.99013332800007,21.472457374000044],[39.983529903000033,21.474616132000051],[39.977547246000029,21.459319372000039],[39.975170333000051,21.452836882000042],[39.970466638000062,21.441556772000069],[39.983888382000032,21.433611796000037],[39.986949558000049,21.433116606000056],[39.988897963000056,21.420741070000076],[39.991462992000038,21.416606963000049],[39.991711781000049,21.41643831500005],[39.993566200000032,21.423997002000078],[39.996360874000061,21.435535835000053],[39.99692268900003,21.437768693000066],[39.997138772000028,21.438402537000059],[39.997498911000037,21.439238058000058],[39.997974293000027,21.440001551000023],[39.998550515000034,21.44085147800007],[40.002137493000077,21.445389221000028],[40.003635668000072,21.447391590000052],[40.00395259000004,21.447996623000051],[40.004082240000059,21.448183894000067],[40.004311016000031,21.448706771000047],[40.004469621000055,21.449141048000058],[40.004635779000068,21.449733931000026],[40.004718859000036,21.450164432000065],[40.004775503000076,21.450579828000059],[40.004835925000066,21.451104737000037],[40.004862359000072,21.451471040000058],[40.004881241000078,21.451901541000041],[40.004881241000078,21.452366029000075],[40.004828372000077,21.452989123000066],[40.00474906900007,21.453540466000049],[40.004665990000035,21.454001177000066],[40.004533819000073,21.454507205000027],[40.004122199000051,21.455953537000028],[40.00393338300006,21.456576631000075],[40.003699251000057,21.457569804000059],[40.003434908000031,21.458672491000073],[40.003295184000081,21.459242716000063],[40.003144131000056,21.45988469100007],[40.002717407000034,21.461640682000052],[40.002268024000045,21.463627028000076],[40.001795984000069,21.46575309900004],[40.000208511000039,21.472705548000079],[39.99996069000008,21.473879749000048]]]},"properties":{"OBJECTID":89,"OBJECTID_1":89,"RegionID":null,"city":"Makkah","discription":"Maghmas District","Discription_AR":"حي المغمس","Region":"مكة المكرمة","Fence_Type":"Year_1447H_2026G","Capacity":null,"Actual_Cap":null,"type":"حي","GIS_data_type":"Polygon","Shape_Length":0.14995567530105497,"Shape_Area":0.0010669207382258865}},{"type":"Feature","id":90,"geometry":{"type":"Polygon","coordinates":[[[39.989742037000042,21.397001481000075],[40.002262472000041,21.397142160000044],[40.002860358000078,21.40217143600006],[40.002684509000062,21.405301545000043],[39.995720897000069,21.404985017000058],[39.995896745000039,21.412124479000056],[39.994876822000037,21.41954529800006],[39.994911992000027,21.422253370000078],[39.994243767000057,21.423589821000064],[39.993716220000067,21.423941519000039],[39.993566200000032,21.423997002000078],[39.991711781000049,21.41643831500005],[39.991618789000029,21.416075552000052],[39.991513052000073,21.415493998000045],[39.991312907000065,21.414176061000035],[39.989841321000029,21.400837375000037],[39.98978231600006,21.400170618000061],[39.989723311000034,21.39948025800004],[39.989699708000046,21.398530277000077],[39.989717410000026,21.397657002000074],[39.989742037000042,21.397001481000075]]]},"properties":{"OBJECTID":90,"OBJECTID_1":90,"RegionID":null,"city":"Makkah","discription":"Al-Safa Eastern District","Discription_AR":"حي الصفا الشرقي","Region":"مكة المكرمة","Fence_Type":"Year_1447H_2026G","Capacity":null,"Actual_Cap":null,"type":"حي","GIS_data_type":"Polygon","Shape_Length":0.074663489372371813,"Shape_Area":0.00017348553622394914}},{"type":"Feature","id":91,"geometry":{"type":"Polygon","coordinates":[[[39.970466638000062,21.441556772000069],[39.954424635000066,21.450619582000058],[39.953899121000063,21.450942266000027],[39.95351190000008,21.451292609000063],[39.953133899000079,21.451735147000022],[39.952036773000032,21.453284030000077],[39.951594235000073,21.453938617000063],[39.951022624000075,21.454574766000064],[39.950441793000039,21.45536764600007],[39.947565295000061,21.454242862000058],[39.946597244000031,21.453910959000041],[39.945666070000073,21.453625153000075],[39.944568944000025,21.453348567000035],[39.94342572100004,21.453090419000034],[39.941139275000069,21.452574125000069],[39.940217321000034,21.452408173000038],[39.939359903000025,21.452279100000055],[39.938576242000067,21.452260661000025],[39.937626629000079,21.452279100000055],[39.936483406000036,21.452352856000061],[39.935681306000049,21.452389734000064],[39.934574961000067,21.452334417000031],[39.93375442200005,21.452251441000044],[39.932823248000034,21.452057831000047],[39.932104124000034,21.451891879000073],[39.931661586000075,21.451735147000022],[39.931136072000072,21.451523097000063],[39.930776510000044,21.451366365000069],[39.930426167000064,21.451191194000046],[39.929799238000044,21.450933047000035],[39.929126212000028,21.450656460000062],[39.928121282000063,21.450130946000058],[39.92731918100003,21.449688408000043],[39.925687322000044,21.448637381000026],[39.925051174000032,21.448148745000026],[39.924848344000054,21.448028891000035],[39.924516441000037,21.44774308500007],[39.924230635000072,21.447448060000056],[39.923622145000024,21.44702396100007],[39.923373217000062,21.446858009000039],[39.923212570000032,21.446784731000037],[39.924572469000054,21.444797187000063],[39.926647485000046,21.441807757000049],[39.932907703000069,21.438044593000029],[39.941735313000038,21.435477200000037],[39.947679002000029,21.434844145000056],[39.964032941000028,21.41518424800006],[39.967022371000041,21.403718906000051],[39.976764395000032,21.39840827200004],[39.991535695000039,21.385817497000062],[39.991500525000049,21.387294627000074],[39.991324676000033,21.388877267000055],[39.991043318000038,21.390354396000077],[39.990410263000058,21.392851450000023],[39.989882716000068,21.395770540000058],[39.989742037000042,21.397001481000075],[39.989717410000026,21.397657002000074],[39.989699708000046,21.398530277000077],[39.989723311000034,21.39948025800004],[39.98978231600006,21.400170618000061],[39.989841321000029,21.400837375000037],[39.991312907000065,21.414176061000035],[39.991513052000073,21.415493998000045],[39.991618789000029,21.416075552000052],[39.991711781000049,21.41643831500005],[39.991462992000038,21.416606963000049],[39.988897963000056,21.420741070000076],[39.986949558000049,21.433116606000056],[39.983888382000032,21.433611796000037],[39.970466638000062,21.441556772000069]]]},"properties":{"OBJECTID":91,"OBJECTID_1":91,"RegionID":null,"city":"Makkah","discription":"Al-Safa District","Discription_AR":"حي الصفا","Region":"مكة المكرمة","Fence_Type":"Year_1447H_2026G","Capacity":null,"Actual_Cap":null,"type":"حي","GIS_data_type":"Polygon","Shape_Length":0.2175892835489413,"Shape_Area":0.0017767312546326818}},{"type":"Feature","id":92,"geometry":{"type":"Polygon","coordinates":[[[39.918945307000058,21.457739659000026],[39.921861213000057,21.458345558000076],[39.923207266000077,21.455422964000036],[39.929796583000041,21.456221656000025],[39.929962741000054,21.456251867000049],[39.930075824000028,21.456289601000037],[39.935053226000036,21.45870270100005],[39.928840720000039,21.469915817000071],[39.93957425800005,21.475107838000042],[39.937658321000072,21.478579572000058],[39.937154128000032,21.47944390400005],[39.935392985000078,21.482902160000037],[39.933764461000067,21.482630740000047],[39.931484528000055,21.482305035000024],[39.925309709000032,21.481355063000024],[39.923396193000031,21.481056500000022],[39.921428394000031,21.480554372000029],[39.920491993000041,21.480242238000073],[39.91951487800003,21.479862249000064],[39.916461396000045,21.478478004000067],[39.911046555000041,21.475967363000052],[39.909499457000038,21.47509881700006],[39.907898075000048,21.473931708000066],[39.906785251000031,21.472886739000046],[39.905604571000026,21.471706059000041],[39.904288181000027,21.470063964000076],[39.902944649000062,21.468286159000058],[39.901926822000064,21.466996911000024],[39.898914053000055,21.463848432000077],[39.898113362000061,21.463061312000036],[39.897353384000041,21.462396332000026],[39.896416983000051,21.461785635000069],[39.895589150000035,21.461392075000049],[39.895017075000055,21.461144296000043],[39.895183295000038,21.460772376000023],[39.895569054000077,21.459909224000057],[39.895727291000071,21.459547867000026],[39.895896890000074,21.459142309000072],[39.896026996000046,21.458818938000036],[39.896168402000058,21.458451517000071],[39.896283050000079,21.458139598000059],[39.896349484000041,21.457952817000034],[39.896434171000067,21.457711145000076],[39.896558480000067,21.457338347000075],[39.896610045000045,21.457175490000054],[39.896677038000064,21.45696391000007],[39.896778612000048,21.456634414000064],[39.896861228000034,21.456366418000073],[39.896942899000067,21.456101485000033],[39.896865139000056,21.45608827600006],[39.896962775000077,21.456036993000055],[39.897526923000044,21.454363362000038],[39.898511676000055,21.454855739000038],[39.899637108000036,21.454996418000064],[39.900692201000027,21.454890909000028],[39.902134161000049,21.454187513000022],[39.903646461000051,21.453765476000058],[39.904842233000068,21.453695137000068],[39.906213854000043,21.453870986000027],[39.918945307000058,21.457739659000026]]]},"properties":{"OBJECTID":92,"OBJECTID_1":92,"RegionID":null,"city":"Makkah","discription":"Al-Khadra District","Discription_AR":"حي الخضراء","Region":"مكة المكرمة","Fence_Type":"Year_1447H_2026G","Capacity":null,"Actual_Cap":null,"type":"حي","GIS_data_type":"Polygon","Shape_Length":0.12956017226889915,"Shape_Area":0.00076180957925592123}},{"type":"Feature","id":93,"geometry":{"type":"Polygon","coordinates":[[[39.950441793000039,21.45536764600007],[39.949773376000053,21.456639943000027],[39.93957425800005,21.475107838000042],[39.928840720000039,21.469915817000071],[39.935053226000036,21.45870270100005],[39.930075824000028,21.456289601000037],[39.929962741000054,21.456251867000049],[39.929796583000041,21.456221656000025],[39.923207266000077,21.455422964000036],[39.921861213000057,21.458345558000076],[39.918945307000058,21.457739659000026],[39.919402514000069,21.455946002000076],[39.92042243700007,21.453378609000026],[39.923200848000079,21.446801864000065],[39.923212570000032,21.446784731000037],[39.923373217000062,21.446858009000039],[39.923622145000024,21.44702396100007],[39.924230635000072,21.447448060000056],[39.924516441000037,21.44774308500007],[39.924848344000054,21.448028891000035],[39.925051174000032,21.448148745000026],[39.925687322000044,21.448637381000026],[39.92731918100003,21.449688408000043],[39.928121282000063,21.450130946000058],[39.929126212000028,21.450656460000062],[39.929799238000044,21.450933047000035],[39.930426167000064,21.451191194000046],[39.930776510000044,21.451366365000069],[39.931136072000072,21.451523097000063],[39.931661586000075,21.451735147000022],[39.932104124000034,21.451891879000073],[39.932823248000034,21.452057831000047],[39.93375442200005,21.452251441000044],[39.934574961000067,21.452334417000031],[39.935681306000049,21.452389734000064],[39.936483406000036,21.452352856000061],[39.937626629000079,21.452279100000055],[39.938576242000067,21.452260661000025],[39.939359903000025,21.452279100000055],[39.940217321000034,21.452408173000038],[39.941139275000069,21.452574125000069],[39.94342572100004,21.453090419000034],[39.944568944000025,21.453348567000035],[39.945666070000073,21.453625153000075],[39.946597244000031,21.453910959000041],[39.947565295000061,21.454242862000058],[39.950441793000039,21.45536764600007]]]},"properties":{"OBJECTID":93,"OBJECTID_1":93,"RegionID":null,"city":"Makkah","discription":"Ma'ad District","Discription_AR":"حي معاد","Region":"مكة المكرمة","Fence_Type":"Year_1447H_2026G","Capacity":null,"Actual_Cap":null,"type":"حي","GIS_data_type":"Polygon","Shape_Length":0.10686550524591182,"Shape_Area":0.00036768844930194111}},{"type":"Feature","id":94,"geometry":{"type":"Polygon","coordinates":[[[39.980323566000038,21.466418008000062],[39.979710150000074,21.466628026000024],[39.979468230000066,21.46668113100003],[39.979078796000067,21.466734235000047],[39.978748368000026,21.466722434000076],[39.978376636000064,21.466692932000058],[39.977957700000047,21.466592623000054],[39.950441793000039,21.45536764600007],[39.951022624000075,21.454574766000064],[39.951594235000073,21.453938617000063],[39.952036773000032,21.453284030000077],[39.953133899000079,21.451735147000022],[39.95351190000008,21.451292609000063],[39.953899121000063,21.450942266000027],[39.954424635000066,21.450619582000058],[39.970466638000062,21.441556772000069],[39.975170333000051,21.452836882000042],[39.977547246000029,21.459319372000039],[39.980323566000038,21.466418008000062]]]},"properties":{"OBJECTID":94,"OBJECTID_1":94,"RegionID":null,"city":"Makkah","discription":"Al-Kauthar District","Discription_AR":"حي الكوثر","Region":"مكة المكرمة","Fence_Type":"Year_1447H_2026G","Capacity":null,"Actual_Cap":null,"type":"حي","GIS_data_type":"Polygon","Shape_Length":0.083561299688349133,"Shape_Area":0.00035618655991649873}},{"type":"Feature","id":95,"geometry":{"type":"Polygon","coordinates":[[[39.960261495000054,21.471211441000037],[39.957335428000079,21.476363862000028],[39.952579620000051,21.484848791000047],[39.952473411000028,21.485067110000045],[39.952414406000059,21.485303130000034],[39.95239670400008,21.485539150000022],[39.95239670400008,21.485834176000026],[39.952384903000052,21.486081997000042],[39.952251467000053,21.486763476000078],[39.952071783000065,21.486742762000063],[39.950483972000029,21.486579910000046],[39.949547571000039,21.486552768000024],[39.948651883000025,21.486647765000043],[39.947240496000063,21.486824188000071],[39.946141242000067,21.486851330000036],[39.945082702000036,21.48681061700006],[39.944132730000035,21.486634194000032],[39.943128473000058,21.486335631000031],[39.937265788000047,21.483539999000072],[39.936587236000037,21.483268578000036],[39.935392985000078,21.482902160000037],[39.937154128000032,21.47944390400005],[39.937658321000072,21.478579572000058],[39.93957425800005,21.475107838000042],[39.94513530100005,21.465038266000022],[39.960261495000054,21.471211441000037]]]},"properties":{"OBJECTID":95,"OBJECTID_1":95,"RegionID":null,"city":"Makkah","discription":"Al-Sharae'a District","Discription_AR":"حي الشرائع","Region":"مكة المكرمة","Fence_Type":"Year_1447H_2026G","Capacity":null,"Actual_Cap":null,"type":"حي","GIS_data_type":"Polygon","Shape_Length":0.071984638637610371,"Shape_Area":0.00032181866629181342}},{"type":"Feature","id":96,"geometry":{"type":"Polygon","coordinates":[[[39.94513530100005,21.465038266000022],[39.949773376000053,21.456639943000027],[39.950441793000039,21.45536764600007],[39.969007999000041,21.462941637000029],[39.965875586000038,21.469722016000048],[39.96166640000007,21.468073650000065],[39.960822628000074,21.470003116000044],[39.960321085000032,21.471106511000073],[39.960261495000054,21.471211441000037],[39.94513530100005,21.465038266000022]]]},"properties":{"OBJECTID":96,"OBJECTID_1":96,"RegionID":null,"city":"Makkah","discription":"Al-Salam District","Discription_AR":"حي السلام","Region":"مكة المكرمة","Fence_Type":"Year_1447H_2026G","Capacity":null,"Actual_Cap":null,"type":"حي","GIS_data_type":"Polygon","Shape_Length":0.062848176577922549,"Shape_Area":0.00020824403284900258}},{"type":"Feature","id":97,"geometry":{"type":"Polygon","coordinates":[[[39.966894402000037,21.487647391000053],[39.96384634900005,21.487904782000044],[39.962171175000037,21.487904782000044],[39.959074435000048,21.487584166000033],[39.95713377800007,21.487326316000065],[39.952251467000053,21.486763476000078],[39.952384903000052,21.486081997000042],[39.95239670400008,21.485834176000026],[39.95239670400008,21.485539150000022],[39.952414406000059,21.485303130000034],[39.952473411000028,21.485067110000045],[39.952579620000051,21.484848791000047],[39.957335428000079,21.476363862000028],[39.960321085000032,21.471106511000073],[39.960822628000074,21.470003116000044],[39.96166640000007,21.468073650000065],[39.965875586000038,21.469722016000048],[39.969007999000041,21.462941637000029],[39.977957700000047,21.466592623000054],[39.978376636000064,21.466692932000058],[39.978748368000026,21.466722434000076],[39.979078796000067,21.466734235000047],[39.979468230000066,21.46668113100003],[39.979710150000074,21.466628026000024],[39.980323566000038,21.466418008000062],[39.983323612000049,21.474088677000054],[39.976824803000056,21.47629895700004],[39.971809372000052,21.478010104000077],[39.970275240000035,21.478706364000061],[39.969525876000034,21.479219708000073],[39.968770611000025,21.479980873000045],[39.967861933000052,21.481096069000046],[39.966953992000072,21.482768125000064],[39.96657599100007,21.483985104000055],[39.966511454000056,21.484768766000059],[39.966894402000037,21.487647391000053]]]},"properties":{"OBJECTID":97,"OBJECTID_1":97,"RegionID":null,"city":"Makkah","discription":"Al-Tarwiyah District","Discription_AR":"حي التروية","Region":"مكة المكرمة","Fence_Type":"Year_1447H_2026G","Capacity":null,"Actual_Cap":null,"type":"حي","GIS_data_type":"Polygon","Shape_Length":0.092220701119793136,"Shape_Area":0.00037677279899549795}},{"type":"Feature","id":98,"geometry":{"type":"Polygon","coordinates":[[[39.745952761000069,21.227233841000043],[39.74492590400007,21.248873023000044],[39.746837676000041,21.270700588000068],[39.727853431000028,21.26846094900003],[39.717637989000025,21.267259133000039],[39.715078565000056,21.267103341000052],[39.712919746000068,21.267114469000035],[39.710683032000077,21.267248005000056],[39.709553349000032,21.267344236000042],[39.708360246000041,21.267513429000076],[39.707085465000034,21.267697208000072],[39.705642078000039,21.267982448000055],[39.703984016000049,21.268405310000048],[39.718931729000076,21.256086807000031],[39.724122210000075,21.249369714000068],[39.735419138000054,21.236698835000027],[39.739750318000063,21.231426659000078],[39.741002146000028,21.230278463000047],[39.742523523000045,21.229104235000023],[39.744262263000053,21.227974054000072],[39.745952761000069,21.227233841000043]]]},"properties":{"OBJECTID":98,"OBJECTID_1":98,"RegionID":null,"city":"Makkah","discription":"New Shoaib ali District","Discription_AR":"حي شعب علي الجديد","Region":"مكة المكرمة","Fence_Type":"Year_1447H_2026G","Capacity":null,"Actual_Cap":null,"type":"حي","GIS_data_type":"Polygon","Shape_Length":0.14594620528218502,"Shape_Area":0.00084177678438438906}},{"type":"Feature","id":99,"geometry":{"type":"Polygon","coordinates":[[[39.818612850000079,21.298806822000074],[39.816482233000045,21.305933740000057],[39.813551138000037,21.315215541000043],[39.811987851000026,21.320336654000073],[39.799842162000061,21.316845963000048],[39.793430392000062,21.317609268000069],[39.789461201000051,21.318830558000059],[39.779843546000052,21.317456607000054],[39.776027016000057,21.316235318000054],[39.771141858000078,21.314403383000069],[39.765833944000065,21.308105859000023],[39.761495253000078,21.311672700000031],[39.749494553000034,21.300791650000065],[39.748456173000079,21.289031237000074],[39.75725499300006,21.284289650000062],[39.758857894000073,21.284398322000072],[39.767959108000071,21.287441116000025],[39.796050617000049,21.286897760000045],[39.798278377000031,21.28730527700003],[39.80066914300005,21.287984472000062],[39.803576098000065,21.289098352000053],[39.808248960000071,21.292684502000043],[39.810503888000028,21.294830758000046],[39.818612850000079,21.298806822000074]]]},"properties":{"OBJECTID":99,"OBJECTID_1":99,"RegionID":null,"city":"Makkah","discription":"New Al-Madee District","Discription_AR":"حي المدعي الجديد","Region":"مكة المكرمة","Fence_Type":"Year_1447H_2026G","Capacity":null,"Actual_Cap":null,"type":"حي","GIS_data_type":"Polygon","Shape_Length":0.1817643903997597,"Shape_Area":0.0017632605753436822}},{"type":"Feature","id":100,"geometry":{"type":"Polygon","coordinates":[[[39.748456173000079,21.289031237000074],[39.746837676000041,21.270700588000068],[39.754493701000058,21.271554514000059],[39.764141618000053,21.272711819000051],[39.775837075000027,21.274102811000034],[39.778755656000044,21.274547519000066],[39.780544191000047,21.274981918000037],[39.782958952000058,21.275705233000053],[39.787017072000026,21.277302133000035],[39.789561822000053,21.278087946000028],[39.792439950000073,21.27877654200006],[39.795700435000072,21.279255044000024],[39.79922798900003,21.279499858000065],[39.804669548000049,21.279711289000034],[39.809403370000041,21.279555053000024],[39.814509756000064,21.27922032400005],[39.816732922000028,21.279266867000047],[39.820679861000031,21.279701552000063],[39.823614564000025,21.280335511000033],[39.821465094000075,21.290203531000031],[39.819480130000045,21.296132639000064],[39.818612850000079,21.298806822000074],[39.810503888000028,21.294830758000046],[39.808248960000071,21.292684502000043],[39.803576098000065,21.289098352000053],[39.80066914300005,21.287984472000062],[39.798278377000031,21.28730527700003],[39.796050617000049,21.286897760000045],[39.767959108000071,21.287441116000025],[39.758857894000073,21.284398322000072],[39.75725499300006,21.284289650000062],[39.748456173000079,21.289031237000074]]]},"properties":{"OBJECTID":100,"OBJECTID_1":100,"RegionID":null,"city":"Makkah","discription":"New Al-Qararah District","Discription_AR":"حي القرارة الجديد","Region":"مكة المكرمة","Fence_Type":"Year_1447H_2026G","Capacity":null,"Actual_Cap":null,"type":"حي","GIS_data_type":"Polygon","Shape_Length":0.19058132502710387,"Shape_Area":0.00094921420392413938}},{"type":"Feature","id":101,"geometry":{"type":"Polygon","coordinates":[[[39.673445799000035,21.28603798100005],[39.673604761000036,21.286777526000037],[39.675173800000039,21.294277752000028],[39.675262823000025,21.294967684000028],[39.67524056700006,21.295924686000035],[39.673482995000029,21.336126028000024],[39.664162999000041,21.333681439000031],[39.661333298000045,21.333163609000053],[39.660014942000032,21.333015445000058],[39.65892057800005,21.332958789000031],[39.658310222000068,21.332952543000033],[39.657889985000054,21.33296204800007],[39.657252625000069,21.332988063000073],[39.656763235000028,21.333033165000074],[39.655656295000028,21.333167533000051],[39.655040174000078,21.333268162000024],[39.643375407000065,21.33584296500004],[39.642884579000054,21.335928404000072],[39.642439398000079,21.335967276000076],[39.641912332000061,21.336005784000065],[39.641312862000063,21.335999668000056],[39.640787613000043,21.335958381000069],[39.64017595100006,21.335889332000022],[39.639070877000051,21.335611248000077],[39.63813736700007,21.33523909400003],[39.636966433000055,21.334532338000031],[39.636195440000051,21.333956192000073],[39.631956115000037,21.330414938000047],[39.632644373000062,21.329380272000037],[39.633077384000046,21.328892566000036],[39.633551416000046,21.328350163000039],[39.634004764000053,21.327756631000057],[39.635005418000048,21.326385665000032],[39.636195056000076,21.324498652000045],[39.637671849000071,21.32206923800004],[39.638656377000075,21.320209573000056],[39.640244555000038,21.317122952000034],[39.641566934000025,21.314012333000051],[39.642815553000048,21.310585069000069],[39.643741397000042,21.307793294000078],[39.645001969000077,21.303740946000062],[39.645714157000043,21.302167011000051],[39.646207792000041,21.301177070000051],[39.647231561000069,21.299229682000032],[39.648414764000051,21.297639590000074],[39.650709492000033,21.295186366000053],[39.653430515000025,21.293107233000057],[39.655606443000067,21.291683609000074],[39.65772876300008,21.290551230000062],[39.659295575000044,21.289960114000053],[39.660645685000077,21.28942190500004],[39.661966279000069,21.289041392000058],[39.664067233000026,21.28859271400006],[39.668207714000062,21.287957087000052],[39.670482872000036,21.287324270000056],[39.672414072000038,21.286577223000052],[39.673445799000035,21.28603798100005]]]},"properties":{"OBJECTID":101,"OBJECTID_1":101,"RegionID":null,"city":"Makkah","discription":"New Al-Shubaikah District","Discription_AR":"حي الشبكة الجديد","Region":"مكة المكرمة","Fence_Type":"Year_1447H_2026G","Capacity":null,"Actual_Cap":null,"type":"حي","GIS_data_type":"Polygon","Shape_Length":0.15946775704678742,"Shape_Area":0.0014555730917722753}},{"type":"Feature","id":102,"geometry":{"type":"Polygon","coordinates":[[[39.74377086800007,21.327209499000048],[39.743444430000068,21.327690645000075],[39.750685256000054,21.336997242000052],[39.761365418000025,21.34409499800006],[39.757400921000055,21.343895758000031],[39.755960581000068,21.344055149000042],[39.754620068000065,21.344108281000047],[39.752865991000078,21.343935606000059],[39.742327272000068,21.342633898000031],[39.736366264000026,21.342607333000046],[39.710307971000077,21.343965457000024],[39.703146562000029,21.341497692000075],[39.695428011000047,21.341009176000057],[39.695196105000036,21.340963472000055],[39.699705104000031,21.330533446000061],[39.700039832000073,21.329863990000035],[39.700353195000048,21.329336971000032],[39.70073777600004,21.328838439000037],[39.701186454000037,21.328297177000024],[39.702176395000038,21.327285870000026],[39.702532489000077,21.326858558000026],[39.702995411000074,21.326253198000074],[39.703857158000062,21.324828823000075],[39.704255983000053,21.324308926000072],[39.704633442000045,21.323867369000027],[39.706613324000045,21.321923097000024],[39.70728278100006,21.321225153000057],[39.707738581000058,21.320612672000038],[39.708094675000041,21.32000019000003],[39.708379550000075,21.319302246000063],[39.708550475000038,21.318647034000037],[39.708678668000061,21.318041674000028],[39.70869291200006,21.317386462000059],[39.708664425000052,21.316823833000058],[39.708571840000047,21.316246961000047],[39.708450768000034,21.315755552000041],[39.708208625000054,21.315078974000073],[39.707902384000079,21.314480736000064],[39.707631753000044,21.314017814000067],[39.707311268000069,21.313626111000076],[39.706677421000052,21.313013629000068],[39.703038142000025,21.309523910000053],[39.701967339000078,21.30850085000003],[39.707678490000035,21.305361173000051],[39.708012328000052,21.305305533000023],[39.710760927000081,21.305561476000037],[39.717615733000059,21.305828546000043],[39.718205514000033,21.305906441000047],[39.719017853000025,21.306117872000073],[39.719941471000027,21.306485094000038],[39.735955435000051,21.318167901000038],[39.74377086800007,21.327209499000048]]]},"properties":{"OBJECTID":102,"OBJECTID_1":102,"RegionID":null,"city":"Makkah","discription":"New Harat Al-Bab District","Discription_AR":"حي حارة الباب الجديد","Region":"مكة المكرمة","Fence_Type":"Year_1447H_2026G","Capacity":null,"Actual_Cap":null,"type":"حي","GIS_data_type":"Polygon","Shape_Length":0.18171812218164082,"Shape_Area":0.0014004070174081307}},{"type":"Feature","id":103,"geometry":{"type":"Polygon","coordinates":[[[39.673445799000035,21.28603798100005],[39.673825929000031,21.285839302000056],[39.682623727000077,21.280118406000042],[39.686890382000058,21.289777547000028],[39.687370013000077,21.29082898300004],[39.690225886000064,21.296718775000045],[39.690475152000033,21.297188819000041],[39.690795636000075,21.297609010000031],[39.691094755000051,21.298022079000077],[39.691472214000044,21.298456513000076],[39.691856796000025,21.298841095000057],[39.703038142000025,21.309523910000053],[39.706677421000052,21.313013629000068],[39.707311268000069,21.313626111000076],[39.707631753000044,21.314017814000067],[39.707902384000079,21.314480736000064],[39.708208625000054,21.315078974000073],[39.708450768000034,21.315755552000041],[39.708571840000047,21.316246961000047],[39.708664425000052,21.316823833000058],[39.70869291200006,21.317386462000059],[39.708678668000061,21.318041674000028],[39.708550475000038,21.318647034000037],[39.708379550000075,21.319302246000063],[39.708094675000041,21.32000019000003],[39.707738581000058,21.320612672000038],[39.70728278100006,21.321225153000057],[39.706613324000045,21.321923097000024],[39.704633442000045,21.323867369000027],[39.704255983000053,21.324308926000072],[39.703857158000062,21.324828823000075],[39.702995411000074,21.326253198000074],[39.702532489000077,21.326858558000026],[39.702176395000038,21.327285870000026],[39.701186454000037,21.328297177000024],[39.70073777600004,21.328838439000037],[39.700353195000048,21.329336971000032],[39.700039832000073,21.329863990000035],[39.699705104000031,21.330533446000061],[39.695196105000036,21.340963472000055],[39.682042678000073,21.338371191000078],[39.673482995000029,21.336126028000024],[39.67524056700006,21.295924686000035],[39.675262823000025,21.294967684000028],[39.675173800000039,21.294277752000028],[39.673604761000036,21.286777526000037],[39.673445799000035,21.28603798100005]]]},"properties":{"OBJECTID":103,"OBJECTID_1":103,"RegionID":null,"city":"Makkah","discription":"New Al-Shamiyah District","Discription_AR":"حي الشامية الجديد","Region":"مكة المكرمة","Fence_Type":"Year_1447H_2026G","Capacity":null,"Actual_Cap":null,"type":"حي","GIS_data_type":"Polygon","Shape_Length":0.1575265478268241,"Shape_Area":0.0013063980014183267}},{"type":"Feature","id":104,"geometry":{"type":"Polygon","coordinates":[[[39.950886573000048,21.29978830400006],[39.952567335000026,21.299866645000066],[39.952011829000071,21.302067305000037],[39.951905001000057,21.302416277000077],[39.95162012600008,21.302978905000032],[39.951617764000048,21.303271798000026],[39.951897879000057,21.303292268000064],[39.953122842000028,21.30260856700005],[39.955985836000025,21.30740159000004],[39.954467181000041,21.308328123000024],[39.954689655000038,21.308875819000036],[39.953557276000026,21.309260400000028],[39.954105661000028,21.309758932000022],[39.953742445000046,21.310129269000072],[39.953856395000059,21.310684776000073],[39.952992284000061,21.310491632000037],[39.952553092000073,21.311119210000072],[39.953350742000055,21.311945348000052],[39.952923429000066,21.312621926000077],[39.953926924000029,21.312529452000035],[39.954169758000035,21.313270017000036],[39.955351989000064,21.314003570000068],[39.955330624000055,21.314559077000069],[39.956028568000079,21.31462317300003],[39.956569830000035,21.315349605000051],[39.959284405000062,21.319521315000031],[39.959749321000061,21.320966202000022],[39.960091171000045,21.321435676000078],[39.960460369000032,21.321804874000065],[39.960907053000028,21.322123934000047],[39.96134462100008,21.322347276000073],[39.964498029000026,21.323513395000077],[39.964810161000059,21.323641748000057],[39.965180635000024,21.32385178100003],[39.965428590000045,21.324035560000027],[39.966157870000075,21.324893193000037],[39.966427879000037,21.325276153000061],[39.967328510000073,21.326703983000073],[39.965700737000077,21.327153316000079],[39.964382529000034,21.32757074500006],[39.942617018000078,21.338762004000046],[39.93099034200003,21.332411298000068],[39.927298275000055,21.330393413000024],[39.924880341000062,21.328600338000058],[39.923369495000031,21.32674451400004],[39.915110799000047,21.315345710000031],[39.91292736500003,21.313529515000027],[39.909495646000039,21.311405118000039],[39.902363315000059,21.31023268000007],[39.892983811000079,21.309255648000033],[39.897380453000039,21.304565896000042],[39.904191515000036,21.30703453600006],[39.912015843000063,21.309190572000034],[39.91446746500003,21.309364446000075],[39.916884313000025,21.309312284000043],[39.923648009000033,21.308477689000028],[39.930116120000037,21.307156247000023],[39.950886573000048,21.29978830400006]]]},"properties":{"OBJECTID":104,"OBJECTID_1":104,"RegionID":null,"city":"Makkah","discription":"Al-Abdeah District","Discription_AR":"حي العابدية","Region":"مكة المكرمة","Fence_Type":"Year_1447H_2026G","Capacity":null,"Actual_Cap":null,"type":"حي","GIS_data_type":"Polygon","Shape_Length":0.19333067106561594,"Shape_Area":0.0012263922529090136}},{"type":"Feature","id":105,"geometry":{"type":"Polygon","coordinates":[[[39.826581410000074,21.258126552000078],[39.849606847000075,21.270225218000064],[39.850933927000028,21.267669475000048],[39.857471587000077,21.267565151000042],[39.860723030000031,21.272468396000022],[39.868269159000079,21.277041281000038],[39.868825555000058,21.278710470000078],[39.868425645000059,21.279997138000056],[39.884501334000049,21.289637404000075],[39.883889298000042,21.290082522000034],[39.884445695000068,21.291473513000028],[39.883844786000054,21.293387518000031],[39.883086307000042,21.294546603000072],[39.883549229000039,21.295871272000056],[39.883046966000052,21.299531194000053],[39.870121270000027,21.294990986000073],[39.864063674000079,21.293330032000028],[39.852436997000041,21.289031093000062],[39.845304666000061,21.288347171000055],[39.831333114000074,21.282778090000022],[39.823614564000025,21.280335511000033],[39.826389046000031,21.266913721000037],[39.82666947000007,21.26496677800003],[39.826681043000065,21.263025177000031],[39.826581410000074,21.258126552000078]]]},"properties":{"OBJECTID":105,"OBJECTID_1":105,"RegionID":null,"city":"Makkah","discription":"New Al-Mesyal District","Discription_AR":"حي المسيال الجديد","Region":"مكة المكرمة","Fence_Type":"Year_1447H_2026G","Capacity":null,"Actual_Cap":null,"type":"حي","GIS_data_type":"Polygon","Shape_Length":0.1679232759400654,"Shape_Area":0.0010859256380121587}},{"type":"Feature","id":106,"geometry":{"type":"Polygon","coordinates":[[[39.914012738000054,21.228287329000068],[39.915446644000042,21.240912206000075],[39.915627506000078,21.242612887000064],[39.915875461000041,21.244733634000056],[39.915983394000079,21.245445411000048],[39.916123416000062,21.246168857000043],[39.91623426700005,21.246766867000076],[39.916447217000041,21.247571992000076],[39.916645581000068,21.248266267000076],[39.916852696000035,21.248916785000063],[39.917161911000051,21.249753998000074],[39.91760531400007,21.250783742000067],[39.918016628000032,21.251653044000022],[39.918398770000067,21.252379407000035],[39.918955940000046,21.253347891000033],[39.919381840000028,21.254004243000054],[39.919901088000074,21.254742275000069],[39.920560357000056,21.255608660000064],[39.921197479000057,21.256363848000035],[39.921678781000026,21.256880174000059],[39.922427314000061,21.257653561000041],[39.923034075000032,21.258210731000077],[39.92362415000008,21.258745264000027],[39.92428878700008,21.259269879000044],[39.924896743000033,21.259742892000077],[39.925631129000067,21.260257500000023],[39.926181882000037,21.260623423000027],[39.926628085000061,21.26089786600005],[39.92713029600003,21.261204047000035],[39.927546628000073,21.261450485000069],[39.928235535000056,21.261805207000066],[39.929133541000056,21.262251410000033],[39.935456137000074,21.267259133000039],[39.941671559000042,21.280118308000056],[39.942517524000039,21.281241399000066],[39.942917170000044,21.281705221000038],[39.943427666000048,21.282209883000064],[39.943827311000064,21.28261244600003],[39.944194869000057,21.282977086000074],[39.944661608000047,21.283356312000024],[39.944954049000046,21.283535897000036],[39.944914879000066,21.28583165200007],[39.945326612000031,21.286733014000049],[39.945903874000066,21.287543267000046],[39.946651905000067,21.288068097000064],[39.947552199000029,21.289047624000034],[39.948119723000048,21.289960114000053],[39.948820783000031,21.291195315000039],[39.949319760000037,21.29241004000005],[39.949576147000073,21.292972668000061],[39.950355116000026,21.293503138000062],[39.950729891000037,21.293748953000033],[39.950829598000041,21.294268850000037],[39.951007644000072,21.294874209000056],[39.951190719000067,21.295297310000024],[39.951563151000073,21.295643372000029],[39.951342373000045,21.297373988000061],[39.950886573000048,21.29978830400006],[39.930116120000037,21.307156247000023],[39.923648009000033,21.308477689000028],[39.916884313000025,21.309312284000043],[39.91446746500003,21.309364446000075],[39.912015843000063,21.309190572000034],[39.904191515000036,21.30703453600006],[39.897380453000039,21.304565896000042],[39.883046966000052,21.299531194000053],[39.883549229000039,21.295871272000056],[39.883086307000042,21.294546603000072],[39.883844786000054,21.293387518000031],[39.884445695000068,21.291473513000028],[39.883889298000042,21.290082522000034],[39.884501334000049,21.289637404000075],[39.884779533000028,21.289492741000061],[39.886893840000027,21.284774498000047],[39.888937337000073,21.284479825000062],[39.889888210000038,21.283311610000055],[39.88706275800007,21.275731792000045],[39.886926919000075,21.272852005000061],[39.885106677000067,21.270325399000058],[39.886818248000054,21.26573404100003],[39.893094011000073,21.259539781000058],[39.895946630000026,21.258290063000061],[39.902195225000071,21.259240936000026],[39.906759416000057,21.261740374000055],[39.908769833000065,21.260735165000028],[39.910291230000041,21.25744786100006],[39.900429318000079,21.251525279000077],[39.903118930000062,21.242043716000069],[39.904640327000038,21.240821165000057],[39.90531952200007,21.240033299000061],[39.905536865000045,21.238865083000064],[39.90523801900008,21.237778371000047],[39.900483653000038,21.234980087000054],[39.90108134500008,21.232969670000045],[39.901950715000055,21.23229047500007],[39.904956561000063,21.231069010000056],[39.907929805000038,21.229678019000062],[39.914012738000054,21.228287329000068]]]},"properties":{"OBJECTID":106,"OBJECTID_1":106,"RegionID":null,"city":"Makkah","discription":"Al-Hesseniyah District","Discription_AR":"حي الحسينية","Region":"مكة المكرمة","Fence_Type":"Year_1447H_2026G","Capacity":null,"Actual_Cap":null,"type":"حي","GIS_data_type":"Polygon","Shape_Length":0.27241300627696158,"Shape_Area":0.0029756252632661814}}]
}