{
  "type" : "FeatureCollection",
  "features" : [{"type":"Feature","id":14,"geometry":{"type":"LineString","coordinates":[[39.967559644000062,21.327004457000044],[39.96764752200005,21.327170784000032],[39.96770568800008,21.327282506000074],[39.967770659000053,21.327413711000077],[39.967832212000076,21.327544264000039],[39.96790502500005,21.327700284000059],[39.968117881000069,21.328196809000076],[39.968214207000074,21.328460520000078],[39.968280636000031,21.328653065000026],[39.968383609000057,21.328967263000038],[39.968430871000066,21.329139271000031],[39.968458883000039,21.329258612000046],[39.968548708000071,21.329609178000055],[39.96863191500006,21.329984139000032],[39.968701503000034,21.330313905000025],[39.969441523000057,21.333916960000067],[39.969465807000063,21.334053084000061],[39.969210349000036,21.334102546000054],[39.968956457000047,21.334158640000055],[39.968704327000069,21.334221322000076],[39.968454153000039,21.334290546000034],[39.968206129000066,21.334366257000056],[39.967960447000053,21.334448396000028],[39.967717295000057,21.334536901000035],[39.967476863000059,21.334631702000024],[39.967239335000045,21.334732727000073],[39.967004895000059,21.334839898000041],[39.96654600200003,21.335072340000067],[39.96632190300005,21.335197433000076],[39.959026833000053,21.339600389000054],[39.960991000000035,21.339928000000043],[39.965538207000066,21.340588467000032],[39.969332000000065,21.341167000000041],[39.975205000000074,21.341657000000055],[39.975453354000081,21.341676548000066],[39.975926350000066,21.341712932000064],[39.976439504000041,21.341752403000044],[39.97699300000005,21.341795000000047],[39.977327169000034,21.341820677000044],[39.977501105000044,21.34183405400006],[39.978269431000058,21.341953748000037],[39.978568372000041,21.342023475000076],[39.979147775000058,21.342175660000066],[39.979595509000035,21.342309056000033],[39.979921347000072,21.342415042000027],[39.980294342000036,21.342544596000039],[39.98056482100003,21.342647576000047],[39.980611383000053,21.342665155000077],[39.98089477700006,21.342778332000023],[39.981829549000054,21.343133895000051],[39.981841489000033,21.343160773000022],[39.981848351000053,21.343189168000038],[39.981849934000024,21.343218243000024],[39.981846190000056,21.343247145000078],[39.981837229000064,21.343275021000068],[39.981823316000032,21.343301053000062],[39.981804860000068,21.343324476000078],[39.981782403000068,21.343344598000044],[39.981756606000033,21.343360830000051],[39.981109974000049,21.343750759000045],[39.98094384500007,21.343850936000024],[39.980867143000069,21.343897188000028],[39.979901506000033,21.344479469000078],[39.979172299000027,21.344919177000065],[39.976896698000076,21.34629129800004],[39.976824107000027,21.346176372000059]]},"properties":{"OBJECTID":14,"camp_label":"1/535","Transport_mode":"النقل التقليدي","Street_Camp_MIN":"شارع 537","MAKARF":"طريق الطائف - جسر الجامعة عرفات الثاني - الدائري الشرقي","Street_Camp_ARF":"0","Street_MIN_Exit":"طريق الجوهرة (56)","ASMARF":"0","ASM_CODE":"ASMARF2","block":"7-13A","camp_type":"حجاج الخارج","block_ARF":"7-13A","ARF_ZONE2":"","_length":16351,"MAKARFT1":580,"ARF_IN":null,"ARF_OUT":null,"Shape_Length":0.048445809704538392}},{"type":"Feature","id":28,"geometry":{"type":"LineString","coordinates":[[40.00517823000007,21.328710576000049],[40.001665469000045,21.330447043000049],[39.999634566000054,21.331432715000062],[39.997618553000052,21.332540480000034],[39.996834841000066,21.333015973000045],[39.995822902000043,21.333517219000043],[39.994872963000034,21.334088969000049],[39.99424463400004,21.334544582000035],[39.993634172000043,21.33507762000005],[39.991938696000034,21.336478406000026],[39.991898674000026,21.336571792000029],[39.991883427000062,21.336661366000044],[39.991896768000061,21.336766187000023],[39.991944698000054,21.336869961000048],[39.992351202000066,21.337087992000022],[39.992804592000027,21.337365677000037],[39.99309629000004,21.337567412000055],[39.993452297000033,21.337824367000053],[39.994206700000063,21.33846101000006],[39.994472922000057,21.338717325000061],[39.994792016000076,21.339050093000026],[39.995042147000049,21.339336876000061],[39.995392021000043,21.339778528000068],[39.995651810000027,21.34014140000005],[39.995958320000057,21.34061009900006],[39.996381353000061,21.341357596000023],[39.996698020000053,21.342059065000058],[39.996976540000048,21.342841210000074],[39.997211230000062,21.343769325000039],[39.997339835000048,21.344604835000041],[39.997385370000075,21.345240382000043],[39.997384342000032,21.346432373000027],[39.997383632000037,21.347255516000075],[39.997334798000054,21.347842433000039],[39.997148260000074,21.348809699000071],[39.996502345000067,21.351506592000078],[39.996063212000024,21.35335281600004],[39.995873346000053,21.354011229000037],[39.995642059000033,21.354657349000036],[39.995355116000042,21.35531516900005],[39.994886239000039,21.356140980000077],[39.994514154000058,21.356696491000037],[39.994109008000066,21.357212540000035],[39.993754679000062,21.35759018300007],[39.993480734000059,21.357826168000031],[39.992953433000025,21.358213054000032],[39.991679687000044,21.358990066000047],[39.990501204000054,21.359779253000056],[39.989594257000078,21.360414318000039],[39.988557807000063,21.361152988000072],[39.988265529000046,21.361385848000054],[39.988098274000038,21.36153164600006],[39.987894908000044,21.361716013000034],[39.987785482000049,21.361828244000037],[39.987681811000073,21.361945171000059],[39.987584126000058,21.362066537000032],[39.987492643000053,21.362192072000028],[39.98740756400008,21.362321498000028],[39.987329077000027,21.362454530000036],[39.987257357000033,21.362590873000045],[39.987192562000075,21.362730224000074],[39.987134835000063,21.362872276000076],[39.987084304000064,21.363016714000025],[39.987039891000052,21.363154473000066],[39.987002145000076,21.363293966000072],[39.986971140000037,21.363434909000034],[39.986946941000042,21.363577016000022],[39.986929596000039,21.363720000000058],[39.986919141000044,21.363863571000024],[39.986915597000063,21.364007437000055],[39.98691897100008,21.364151306000053],[39.986929256000053,21.364294888000074],[39.986946431000035,21.364437890000033],[39.986979401000042,21.364607593000073],[39.987018502000069,21.364776150000068],[39.987063688000035,21.364943367000023],[39.98711490900007,21.365109050000058],[39.987172104000081,21.365273009000077],[39.987176297000076,21.365343525000071],[39.987169897000058,21.365417132000061],[39.987153255000067,21.365454895000028],[39.987126763000049,21.365471297000056],[39.987096264000058,21.365472612000076],[39.987066847000051,21.365465136000068],[39.987022043000024,21.365420332000042],[39.986990680000076,21.365366567000024],[39.986961122000025,21.365255651000041],[39.986922056000026,21.365115013000036],[39.986872051000034,21.36491030600007],[39.986832985000035,21.364763417000063],[39.986807982000073,21.364580587000034],[39.986786105000078,21.364313375000052],[39.986782980000044,21.364161798000055],[39.986773604000064,21.363999282000066],[39.986779855000066,21.363758635000067],[39.986820484000077,21.363471107000066],[39.986890803000051,21.36317107900004],[39.986971627000059,21.362929564000069],[39.987051755000039,21.362719474000073],[39.987136138000039,21.362522580000075],[39.987278339000056,21.362278807000052],[39.987404914000081,21.362072538000064],[39.98757482700006,21.361857582000027],[39.987770573000034,21.361641247000023],[39.988012784000034,21.36141778800004],[39.988462361000074,21.361071154000058],[39.989374398000052,21.360415441000043],[39.990328878000071,21.359702025000047],[39.991416170000036,21.358973349000053],[39.992647003000059,21.358197939000036],[39.993020108000053,21.357968110000058],[39.993419295000081,21.357691197000065],[39.993645861000061,21.357475420000071],[39.99390479300007,21.357230873000049],[39.99413135900005,21.356961152000054],[39.994361520000041,21.35666266100003],[39.99450177500006,21.356457673000023],[39.994652819000066,21.356216722000056],[39.994555720000051,21.356105237000065],[39.994800267000073,21.355677280000066],[39.995037621000051,21.355159416000049],[39.995206646000042,21.354771018000065],[39.995390822000047,21.35424983300004],[39.995483918000048,21.353929890000074],[39.995492402000025,21.35384881400006],[39.995476376000056,21.35377905100006],[39.995436390000066,21.353728707000073],[39.995218278000038,21.353399289000038],[39.99503504900008,21.353122555000027],[39.994901682000034,21.353206923000073],[39.994289055000024,21.353583248000064],[39.994314444000054,21.35362565500003]]},"properties":{"OBJECTID":28,"camp_label":"12/524","Transport_mode":"النقل التقليدي","Street_Camp_MIN":"شارع 524","MAKARF":"طريق الطائف - طريق صاد - الدائري الشرقى - مدخل الترددية","Street_Camp_ARF":"طريق 62","Street_MIN_Exit":"طريق الجوهرة (56)","ASMARF":"الدائري الشرقي عرفات","ASM_CODE":"ASMARF4","block":"8-9","camp_type":"حجاج الخارج","block_ARF":"8-9","ARF_ZONE2":"","_length":18334,"MAKARFT1":null,"ARF_IN":null,"ARF_OUT":null,"Shape_Length":0.068093488282326683}},{"type":"Feature","id":93,"geometry":{"type":"LineString","coordinates":[[39.94754269200007,21.33845289900006],[39.94806738300008,21.33931715600005],[39.948252810000042,21.339560423000023],[39.948387074000038,21.339683809000064],[39.948537936000037,21.339801633000036],[39.948686590000079,21.339902104000032],[39.948875346000079,21.339993251000067],[39.949350837000054,21.340210389000049],[39.949867232000031,21.34042755300004],[39.950523626000063,21.340707680000037],[39.951483967000058,21.341119548000052],[39.95262288400005,21.341608852000036],[39.953817981000043,21.342131661000053],[39.95408722600007,21.342220962000056],[39.95437045500006,21.342254175000051],[39.955214053000077,21.341746444000023],[39.95665136000008,21.340876285000036],[39.957739140000058,21.340217757000062],[39.958823771000027,21.339568923000058],[39.960442163000039,21.338577470000075],[39.962677939000059,21.337227900000073],[39.963674408000031,21.336629292000055],[39.965102309000031,21.335764582000024],[39.966452691000029,21.334973297000033],[39.967387416000065,21.334537778000026],[39.968147388000034,21.334252954000078],[39.968538309000053,21.334134651000056],[39.969056085000034,21.33399937400003],[39.969441523000057,21.333916960000067],[39.970409320000044,21.333797324000045],[39.971279505000041,21.333759134000047],[39.972151085000064,21.333794204000071],[39.973522413000069,21.333893175000071],[39.976147974000071,21.334090063000076],[39.977602365000052,21.334224284000072],[39.979497907000052,21.334478962000048],[39.981905452000035,21.334827834000066],[39.982791503000044,21.334956225000042],[39.984311741000056,21.335168384000042],[39.988851198000077,21.335819235000031],[39.989595674000043,21.335976746000028],[39.989913331000025,21.336059639000041],[39.990074634000052,21.336108697000043],[39.990594525000063,21.336279122000064],[39.99105174400006,21.336456535000025],[39.991601720000062,21.336694369000043],[39.991792514000053,21.33678833700003],[39.992351202000066,21.337087992000022],[39.992804592000027,21.337365677000037],[39.99309629000004,21.337567412000055],[39.993452000000048,21.337824000000069],[39.99365896200004,21.337998774000027],[39.994206700000063,21.33846101000006],[39.994472922000057,21.338717325000061],[39.994792016000076,21.339050093000026],[39.995042147000049,21.339336876000061],[39.995392021000043,21.339778528000068],[39.995651810000027,21.34014140000005],[39.995958320000057,21.34061009900006],[39.996381353000061,21.341357596000023],[39.996698020000053,21.342059065000058],[39.996976540000048,21.342841210000074],[39.997211230000062,21.34376932400005],[39.997252959000036,21.344040429000074],[39.997339835000048,21.344604835000041],[39.997337702000038,21.344635206000078],[39.997334698000031,21.344645613000068],[39.997327512000027,21.344654809000076],[39.997310216000074,21.344673909000051],[39.997252113000059,21.34472491300005],[39.997191895000071,21.344767832000059],[39.997140123000065,21.344798063000042],[39.996649712000078,21.34509171600007],[39.996160563000046,21.345396685000026],[39.995619392000037,21.345732669000029],[39.994662834000053,21.346320803000026],[39.993200467000065,21.347233577000054],[39.992443997000066,21.347703152000065],[39.991488313000048,21.34829056600006],[39.99033677500006,21.34901265600007],[39.989335598000025,21.34962766700005],[39.988731235000046,21.349993709000046],[39.988162524000074,21.350294986000051],[39.985186054000053,21.351683482000055],[39.98290570000006,21.352742626000065],[39.982850790000043,21.35276454600006],[39.982793559000072,21.35278042300007],[39.982734762000064,21.352790049000077],[39.982675175000054,21.352793296000073],[39.98261558300004,21.352790122000044],[39.982556773000056,21.352780568000071],[39.982499520000033,21.35276476100006],[39.98244457900006,21.352742908000039],[39.982392675000028,21.352715299000067],[39.982344492000038,21.352682297000058],[39.982300666000071,21.352644337000072],[39.98226177500004,21.35260192100003],[39.982228331000044,21.352555607000056],[39.981922371000053,21.352070821000041],[39.981905077000079,21.352047910000067],[39.981884041000058,21.35202793600007],[39.981859821000057,21.352011427000036],[39.981833060000042,21.351998822000041],[39.981804470000043,21.351990455000077],[39.981774809000058,21.351986550000049],[39.981744865000053,21.351987209000072],[39.981715432000044,21.35199241600003],[39.98168729300005,21.35200203100004],[39.981661194000026,21.352015800000061],[39.980519385000036,21.352703123000026],[39.979641389000051,21.353231633000064],[39.978411817000051,21.353976814000077],[39.978384622000078,21.353990316000022],[39.978355343000032,21.353999208000062],[39.978324865000047,21.354003223000063],[39.978294104000042,21.354002240000057],[39.978263988000037,21.353996289000065],[39.978235424000047,21.353985549000072],[39.978209274000051,21.353970343000071],[39.978186324000035,21.353951131000031],[39.977083162000042,21.353034714000046],[39.976556825000046,21.352887422000038],[39.977224233000072,21.352477658000055],[39.977271035000058,21.35254731200007]]},"properties":{"OBJECTID":93,"camp_label":"26/206","Transport_mode":"النقل التقليدي","Street_Camp_MIN":"شارع 206","MAKARF":"طريق الطائف - نفق الجامعة عرفات الأول - الدائري الأوسط","Street_Camp_ARF":"شارع 510","Street_MIN_Exit":"طريق الجوهرة (56)","ASMARF":"الدائري الغربي عرفات","ASM_CODE":"ASMARF1","block":"36","camp_type":"حجاج الخارج","block_ARF":"36","ARF_ZONE2":"ARF2","_length":20612,"MAKARFT1":null,"ARF_IN":null,"ARF_OUT":null,"Shape_Length":0.083103610271671777}},{"type":"Feature","id":95,"geometry":{"type":"LineString","coordinates":[[39.967559644000062,21.327004457000044],[39.96764752200005,21.327170784000032],[39.967717248000042,21.327305851000062],[39.967770659000053,21.327413711000077],[39.967832212000076,21.327544264000039],[39.96790502500005,21.327700284000059],[39.968117881000069,21.328196809000076],[39.968214207000074,21.328460520000078],[39.968280636000031,21.328653065000026],[39.968321539000044,21.328768767000042],[39.968383609000057,21.328967263000038],[39.968458883000039,21.329258612000046],[39.968561854000029,21.329674373000046],[39.96863191500006,21.329984139000032],[39.968701503000034,21.330313905000025],[39.969441184000061,21.333917002000078],[39.969441523000057,21.333916960000067],[39.970409320000044,21.333797324000045],[39.971279505000041,21.333759134000047],[39.972151085000064,21.333794204000071],[39.973522413000069,21.333893175000071],[39.976147974000071,21.334090063000076],[39.977602365000052,21.334224284000072],[39.978620627000055,21.334361124000054],[39.979497907000052,21.334478962000048],[39.981905452000035,21.334827834000066],[39.982791503000044,21.334956225000042],[39.984311742000045,21.335168384000042],[39.979933780000067,21.338390607000065],[39.977507439000078,21.340167536000024],[39.976871491000054,21.340636515000028],[39.975453068000036,21.34167612400006],[39.975926350000066,21.341712932000064],[39.976439504000041,21.341752403000044],[39.976811903000055,21.341781043000026],[39.976993002000029,21.341794974000038],[39.977297256000043,21.341818348000061],[39.977501117000031,21.341834057000028],[39.978269431000058,21.341953748000037],[39.978604033000067,21.342032188000076],[39.978898083000047,21.34210725500003],[39.979147775000058,21.342175660000066],[39.979455501000075,21.342265836000024],[39.979725253000026,21.342350003000035],[39.980037676000052,21.342454736000036],[39.980244589000051,21.342527792000055],[39.980611383000053,21.342665155000077],[39.98089477700006,21.342778332000023],[39.981829549000054,21.343133895000051],[39.983458300000052,21.343753415000037],[39.983672594000041,21.343867923000062],[39.982842434000077,21.344505535000053],[39.98237242600004,21.344858569000053],[39.980823771000075,21.345835048000026],[39.976331315000039,21.348693813000068],[39.976645422000047,21.349177672000053],[39.97661795700003,21.349196552000024]]},"properties":{"OBJECTID":95,"camp_label":"27/533","Transport_mode":"النقل التقليدي","Street_Camp_MIN":"شارع 533","MAKARF":"طريق الطائف - جسر الجامعة عرفات الثاني - الدائري الشرقي","Street_Camp_ARF":"طريق 83","Street_MIN_Exit":"طريق الجوهرة (56)","ASMARF":"الدائري الشرقي عرفات","ASM_CODE":"ASMARF2","block":"7-9B","camp_type":"حجاج الخارج","block_ARF":"7-9B","ARF_ZONE2":"","_length":15519,"MAKARFT1":null,"ARF_IN":null,"ARF_OUT":null,"Shape_Length":0.051122280179155342}},{"type":"Feature","id":124,"geometry":{"type":"LineString","coordinates":[[39.94754269200007,21.33845289900006],[39.948252810000042,21.339560423000023],[39.948686590000079,21.339902104000032],[39.95262288400005,21.341608852000036],[39.953817981000043,21.342131661000053],[39.95408722600007,21.342220962000056],[39.95437045500006,21.342254175000051],[39.955214053000077,21.341746444000023],[39.95665136000008,21.340876285000036],[39.957739140000058,21.340217757000062],[39.958823771000027,21.339568923000058],[39.960442163000039,21.338577470000075],[39.962677939000059,21.337227900000073],[39.963674408000031,21.336629292000055],[39.965102309000031,21.335764582000024],[39.966452691000029,21.334973297000033],[39.967387416000065,21.334537778000026],[39.968147388000034,21.334252954000078],[39.968538309000053,21.334134651000056],[39.969056085000034,21.33399937400003],[39.969441523000057,21.333916960000067],[39.970409320000044,21.333797324000045],[39.971279505000041,21.333759134000047],[39.972151085000064,21.333794204000071],[39.973522413000069,21.333893175000071],[39.976147974000071,21.334090063000076],[39.977602365000052,21.334224284000072],[39.979497907000052,21.334478962000048],[39.981905452000035,21.334827834000066],[39.982791503000044,21.334956225000042],[39.984311741000056,21.335168384000042],[39.988851198000077,21.335819235000031],[39.989595674000043,21.335976746000028],[39.989913331000025,21.336059639000041],[39.990074634000052,21.336108697000043],[39.990594525000063,21.336279122000064],[39.99105174400006,21.336456535000025],[39.991601720000062,21.336694369000043],[39.991792514000053,21.33678833700003],[39.992351202000066,21.337087992000022],[39.992804592000027,21.337365677000037],[39.99309629000004,21.337567412000055],[39.993452297000033,21.337824367000053],[39.994206700000063,21.33846101000006],[39.994472922000057,21.338717325000061],[39.994792016000076,21.339050093000026],[39.995042147000049,21.339336876000061],[39.995392021000043,21.339778528000068],[39.995651810000027,21.34014140000005],[39.995958320000057,21.34061009900006],[39.996381353000061,21.341357596000023],[39.996698020000053,21.342059065000058],[39.996976540000048,21.342841210000074],[39.997211230000062,21.34376932400005],[39.997252959000036,21.344040429000074],[39.997339835000048,21.344604835000041],[39.997337702000038,21.344635206000078],[39.997334698000031,21.344645613000068],[39.997327512000027,21.344654809000076],[39.997310216000074,21.344673909000051],[39.997252113000059,21.34472491300005],[39.997191895000071,21.344767832000059],[39.997140123000065,21.344798063000042],[39.996649712000078,21.34509171600007],[39.996160563000046,21.345396685000026],[39.995619392000037,21.345732669000029],[39.99477203500004,21.346252186000072],[39.993932314000062,21.34677982200003],[39.993200467000065,21.347233577000054],[39.992443997000066,21.347703152000065],[39.991488313000048,21.34829056600006],[39.99033677500006,21.34901265600007],[39.989335598000025,21.34962766700005],[39.988731235000046,21.349993709000046],[39.988162524000074,21.350294986000051],[39.985186054000053,21.351683482000055],[39.98290570000006,21.352742626000065],[39.982850790000043,21.35276454600006],[39.982793559000072,21.35278042300007],[39.982734762000064,21.352790049000077],[39.982675175000054,21.352793296000073],[39.98261558300004,21.352790122000044],[39.982556773000056,21.352780568000071],[39.982499520000033,21.35276476100006],[39.98244457900006,21.352742908000039],[39.982392675000028,21.352715299000067],[39.982344492000038,21.352682297000058],[39.982300666000071,21.352644337000072],[39.98226177500004,21.35260192100003],[39.982228331000044,21.352555607000056],[39.981922371000053,21.352070821000041],[39.981905077000079,21.352047910000067],[39.981884041000058,21.35202793600007],[39.981859821000057,21.352011427000036],[39.981833060000042,21.351998822000041],[39.981804470000043,21.351990455000077],[39.981774809000058,21.351986550000049],[39.981744865000053,21.351987209000072],[39.981715432000044,21.35199241600003],[39.98168729300005,21.35200203100004],[39.981661194000026,21.352015800000061],[39.980519385000036,21.352703123000026],[39.979641389000051,21.353231633000064],[39.978411817000051,21.353976814000077],[39.978384622000078,21.353990316000022],[39.978355343000032,21.353999208000062],[39.978324865000047,21.354003223000063],[39.978294104000042,21.354002240000057],[39.978263988000037,21.353996289000065],[39.978235424000047,21.353985549000072],[39.978209274000051,21.353970343000071],[39.978186324000035,21.353951131000031],[39.977083162000042,21.353034714000046],[39.976556825000046,21.352887422000038],[39.977224233000072,21.352477658000055],[39.977525135000064,21.352292912000053],[39.977953513000045,21.35203628000005],[39.978001709000068,21.352107268000054]]},"properties":{"OBJECTID":124,"camp_label":"37/204","Transport_mode":"النقل التقليدي","Street_Camp_MIN":"شارع 204","MAKARF":"طريق الطائف - نفق الجامعة عرفات الأول - الدائري الأوسط","Street_Camp_ARF":"شارع 510","Street_MIN_Exit":"طريق الجوهرة (56)","ASMARF":"الدائري الغربي عرفات","ASM_CODE":"ASMARF1","block":"36","camp_type":"حجاج الخارج","block_ARF":"36","ARF_ZONE2":"","_length":20562,"MAKARFT1":null,"ARF_IN":null,"ARF_OUT":null,"Shape_Length":0.083955314370898121}},{"type":"Feature","id":125,"geometry":{"type":"LineString","coordinates":[[39.967559644000062,21.327004457000044],[39.96764752200005,21.327170784000032],[39.96770568800008,21.327282506000074],[39.967770659000053,21.327413711000077],[39.96790502500005,21.327700284000059],[39.968117881000069,21.328196809000076],[39.968214207000074,21.328460520000078],[39.968280636000031,21.328653065000026],[39.968321539000044,21.328768767000042],[39.968383609000057,21.328967263000038],[39.968430871000066,21.329139271000031],[39.968458883000039,21.329258612000046],[39.968548708000071,21.329609178000055],[39.968561854000029,21.329674373000046],[39.96863191500006,21.329984139000032],[39.968701503000034,21.330313905000025],[39.969441184000061,21.333917002000078],[39.969441523000057,21.333916960000067],[39.970409320000044,21.333797324000045],[39.971279505000041,21.333759134000047],[39.972151085000064,21.333794204000071],[39.973522413000069,21.333893175000071],[39.976147974000071,21.334090063000076],[39.977602365000052,21.334224284000072],[39.978620627000055,21.334361124000054],[39.979497907000052,21.334478962000048],[39.981905452000035,21.334827834000066],[39.982791503000044,21.334956225000042],[39.984311742000045,21.335168384000042],[39.986139184000081,21.335430412000051],[39.987352570000041,21.335604381000053],[39.988851000000068,21.335819000000072],[39.989596000000063,21.335977000000071],[39.989913331000025,21.336059639000041],[39.990075000000047,21.336109000000079],[39.990594525000063,21.336279122000064],[39.991052000000025,21.336457000000053],[39.991471697000065,21.336638142000027],[39.991485818000058,21.336645660000045],[39.991498000000036,21.336655000000064],[39.991509065000059,21.33666676100006],[39.991518000000042,21.336680000000058],[39.991524000000027,21.336694000000023],[39.991526958000065,21.336708759000032],[39.99152765000008,21.336723963000054],[39.991525610000053,21.336739059000024],[39.991520896000054,21.336753621000071],[39.991513640000051,21.336767235000025],[39.991504000000077,21.336780000000033],[39.991492396000069,21.336790116000032],[39.991479009000045,21.336798733000023],[39.990670257000033,21.337407892000044],[39.989959569000064,21.337943179000035],[39.989441315000079,21.338335753000024],[39.989427000000035,21.338346000000058],[39.989046706000067,21.33864668700005],[39.988781688000074,21.33886601100005],[39.988521028000036,21.339089873000034],[39.988264814000047,21.339318195000033],[39.988013132000049,21.339550902000042],[39.987766069000031,21.339787913000066],[39.987523709000072,21.340029148000042],[39.987434000000064,21.340121000000067],[39.98719200000005,21.340374000000054],[39.986825655000075,21.340777374000027],[39.98613415300008,21.341518133000022],[39.985421996000071,21.342241514000023],[39.985058327000047,21.342596529000048],[39.984689682000067,21.342947012000025],[39.984316125000078,21.343292901000041],[39.983937721000075,21.343634136000048],[39.983672593000051,21.34386792500004],[39.983554537000032,21.343970657000057],[39.98237242600004,21.344858569000053],[39.980823771000075,21.345835048000026],[39.98031792900008,21.34615376000005],[39.978670265000062,21.347192216000053],[39.977652860000035,21.347842671000024],[39.976331315000039,21.348693813000068],[39.974126443000046,21.350098937000041],[39.973792637000031,21.350311598000076],[39.973204041000031,21.35000949700003],[39.973029290000056,21.349916036000025],[39.973093643000027,21.349800638000033]]},"properties":{"OBJECTID":125,"camp_label":"35/533","Transport_mode":"النقل التقليدي","Street_Camp_MIN":"شارع 533","MAKARF":"طريق الطائف - جسر الجامعة عرفات الثاني - الدائري الشرقي","Street_Camp_ARF":"طريق 83","Street_MIN_Exit":"طريق الجوهرة (56)","ASMARF":"الدائري الشرقي عرفات","ASM_CODE":"ASMARF2","block":"7-9B","camp_type":"حجاج الخارج","block_ARF":"7-9B","ARF_ZONE2":"","_length":15568,"MAKARFT1":null,"ARF_IN":null,"ARF_OUT":null,"Shape_Length":0.053044851787520837}},{"type":"Feature","id":132,"geometry":{"type":"MultiLineString","coordinates":[[[40.00517823000007,21.328710576000049],[40.001665469000045,21.330447043000049],[39.999634566000054,21.331432715000062],[39.997618553000052,21.332540480000034],[39.996834841000066,21.333015973000045],[39.995822902000043,21.333517219000043],[39.994872963000034,21.334088969000049],[39.99424463400004,21.334544582000035],[39.993634172000043,21.33507762000005],[39.991938696000034,21.336478406000026],[39.991898674000026,21.336571792000029],[39.991883427000062,21.336661366000044],[39.991896768000061,21.336766187000023],[39.991944698000054,21.336869961000048],[39.992352289000053,21.337088574000063],[39.992804592000027,21.337365677000037],[39.99309629000004,21.337567412000055],[39.993452297000033,21.337824367000053],[39.994206700000063,21.33846101000006],[39.994472922000057,21.338717325000061],[39.994792016000076,21.339050093000026],[39.995042147000049,21.339336876000061],[39.995392021000043,21.339778528000068],[39.995651810000027,21.34014140000005],[39.995958320000057,21.34061009900006],[39.996381353000061,21.341357596000023],[39.996698020000053,21.342059065000058],[39.996976540000048,21.342841210000074],[39.997211230000062,21.34376932400005],[39.997339835000048,21.344604835000041],[39.997333322000031,21.344615608000026],[39.997325026000055,21.344625246000078],[39.997315169000046,21.34463349300006],[39.997304012000029,21.344640128000037],[39.997291852000046,21.34464497700003],[39.997279012000035,21.344647909000059],[39.997265835000064,21.344648848000077],[39.99725267000008,21.344647767000026],[39.997239867000076,21.344644696000046],[39.997227768000073,21.344639716000074],[39.997216693000041,21.344632960000069],[39.997206938000033,21.344624607000071],[39.997198762000039,21.344614881000041],[39.997192382000037,21.344604038000057],[39.997187968000048,21.344592368000065],[39.997168473000045,21.344367563000048],[39.99714146000008,21.344143442000075],[39.997106957000028,21.343920225000033],[39.997064998000042,21.343698132000043],[39.997015623000038,21.343477381000071],[39.996958881000069,21.343258190000029],[39.996894829000041,21.343040774000031],[39.996823529000039,21.34282534700003],[39.996735518000037,21.342570568000042],[39.996642690000044,21.342317295000043],[39.996545076000075,21.342065606000062],[39.99644270500005,21.341815581000048],[39.996335611000063,21.341567299000076],[39.996319276000065,21.34154733400004],[39.996299657000066,21.341530159000058],[39.996277289000034,21.341516242000068],[39.996252782000056,21.341505962000042],[39.996226804000059,21.341499600000077],[39.99620006300006,21.341497329000049],[39.996173287000033,21.341499211000041],[39.996147206000046,21.341505194000035],[39.996122532000072,21.341515116000039],[39.993939983000075,21.342813771000067],[39.99392428200008,21.342788592000034]],[[39.887417303000063,21.366928021000035],[39.887008927000068,21.366490873000032],[39.886853012000074,21.366346287000056],[39.88672458800005,21.366258857000048],[39.886637700000051,21.366226916000073],[39.886573742000053,21.366206100000056],[39.88651492200006,21.366191710000066],[39.886451418000036,21.366185227000074],[39.88639241900006,21.366181461000053],[39.88632885700008,21.366183626000065],[39.886265957000035,21.36619180100007],[39.886202127000047,21.366208081000025],[39.88611888500003,21.366235588000052],[39.886032173000046,21.366272232000028],[39.885982627000033,21.366299458000071],[39.885930033000079,21.366339509000056],[39.885882073000062,21.366384375000052],[39.885832179000033,21.366436701000055],[39.885774445000038,21.36651097500004],[39.88575129600008,21.366548785000077],[39.885724321000055,21.366611729000056],[39.885703385000056,21.366682609000065],[39.885690229000033,21.366748541000049],[39.885686075000081,21.36680904900004],[39.885686744000054,21.366870582000047],[39.885696899000038,21.36692726800004],[39.885710625000058,21.366986553000061],[39.885733018000053,21.367055234000077],[39.885753842000042,21.367103892000046],[39.88578602900003,21.367158898000071],[39.885817489000033,21.367203314000051],[39.885860163000075,21.367250873000046],[39.885903829000029,21.367293938000046],[39.885955929000033,21.367337225000028],[39.886007133000078,21.367372181000064],[39.886067351000065,21.367404355000076],[39.886129142000073,21.367428339000071],[39.886195780000037,21.367450998000038],[39.886264556000071,21.367467102000035],[39.886334739000063,21.367476478000071],[39.88640558000003,21.367479030000027],[39.886476324000057,21.367474727000058],[39.886553303000028,21.367457931000047],[39.886628901000051,21.36743632200006],[39.88670277600005,21.367409999000074],[39.887337184000046,21.367002501000059],[39.887417303000063,21.366928021000035]],[[39.892219948000047,21.417140190000055],[39.892272566000031,21.417072798000049],[39.891856543000074,21.416749472000049],[39.891691893000029,21.41662173800006],[39.891615806000061,21.416620243000068],[39.891540019000047,21.416613760000075],[39.891464904000031,21.41660231700007],[39.891390829000045,21.416585974000043],[39.891319284000076,21.416571640000029],[39.891249474000062,21.416551127000048],[39.891182011000069,21.416524614000025],[39.891117478000069,21.41649233000004],[39.891056438000078,21.416454556000076],[39.890998251000042,21.416391832000045],[39.890936168000053,21.416332473000068],[39.890870412000027,21.416276689000028],[39.890801216000057,21.416224682000063],[39.890764854000054,21.416197849000071],[39.890724694000028,21.416176277000034],[39.890681599000061,21.416160432000027],[39.890636495000081,21.416150651000066],[39.890590349000036,21.416147146000071],[39.890561419000051,21.416150014000038],[39.89053417000008,21.416153510000072],[39.890510476000031,21.416155337000077],[39.890483218000043,21.416156944000022],[39.890459935000081,21.416155205000052],[39.890437277000046,21.416149892000078],[39.890415866000069,21.416141152000023],[39.890396288000034,21.416129223000041],[39.890379081000049,21.416114433000075],[39.890364715000032,21.416097187000048],[39.890353585000071,21.416077958000074],[39.890345996000065,21.416057273000035],[39.890342157000077,21.416035699000076],[39.890342171000043,21.416013828000075],[39.890346038000075,21.415992257000028],[39.89035365400008,21.415971580000075],[39.890364807000026,21.415952365000066],[39.890379195000037,21.415935134000051],[39.890396421000048,21.415920363000055],[39.890416014000039,21.415908456000068],[39.89043743700006,21.415899740000043],[39.890460101000031,21.415894452000032],[39.890514016000054,21.415882973000066],[39.890557878000038,21.415878173000067],[39.890602030000025,21.415878950000035],[39.890645669000037,21.415885287000037],[39.890687998000033,21.415897069000039],[39.890728248000073,21.415914083000075],[39.890765683000041,21.415936018000025],[39.890811388000031,21.415979717000027],[39.89087610200005,21.41603389900007],[39.890952463000076,21.416095271000074],[39.891007343000069,21.41613406700003],[39.891040161000035,21.416146499000035],[39.891074765000042,21.416153493000024],[39.891110136000066,21.416154845000051],[39.891145234000078,21.416150513000048],[39.891179023000063,21.416140625000025],[39.891210509000075,21.416125473000022],[39.891238765000026,21.41610550300004],[39.891262959000073,21.416081302000066],[39.891324703000066,21.415998279000064],[39.891400955000051,21.415877975000058],[39.891448878000062,21.415789001000064],[39.891551332000063,21.415577465000069],[39.891559037000036,21.415558860000033],[39.891564634000076,21.415547347000029],[39.891568032000066,21.415535103000025],[39.891569129000061,21.415522494000072],[39.891567892000069,21.415509897000049],[39.891564358000039,21.415497687000027],[39.891558632000056,21.415486229000066],[39.891550885000072,21.415475865000076],[39.891541350000068,21.415466903000038],[39.891530309000075,21.415459613000053],[39.891518092000069,21.415454211000053],[39.891505066000036,21.415450858000042],[39.891491617000042,21.415449655000032],[39.891478149000079,21.415450637000049],[39.89145363800003,21.41545668200007],[39.891418851000026,21.415467115000069],[39.891385952000064,21.415474827000025],[39.891177421000066,21.415512199000034],[39.891077624000047,21.415522059000068],[39.890977386000031,21.415526506000049],[39.890877041000067,21.415525526000067],[39.890776924000079,21.415519121000045],[39.890677369000059,21.415507313000035],[39.890578708000078,21.415490142000067],[39.890512798000032,21.415479075000064],[39.890310141000043,21.415438989000052],[39.89005783600004,21.41537883500007],[39.889957533000029,21.415367962000062],[39.889852157000064,21.415366544000051],[39.889746900000034,21.415371434000065],[39.889642192000053,21.415382610000051],[39.88953846000004,21.415400028000022],[39.889436128000057,21.415423617000044],[39.88933561500005,21.415453279000076],[39.889237331000061,21.415488894000077],[39.889141678000044,21.415530317000048],[39.889049046000025,21.415577377000034],[39.888959815000078,21.415629883000065],[39.888874349000048,21.415687620000028],[39.888590055000066,21.415948165000032],[39.888309844000048,21.416212561000066],[39.888033778000079,21.41648075300003],[39.887761913000077,21.416752681000048],[39.887494307000054,21.417028291000065],[39.887085557000034,21.417460233000043],[39.886971276000054,21.417576178000047],[39.886852073000057,21.417687691000026],[39.886728142000038,21.417794591000074],[39.886599688000047,21.417896702000064],[39.886466922000068,21.417993856000066],[39.886330060000034,21.418085893000068],[39.886199168000076,21.418174443000055],[39.886072780000063,21.418268556000044],[39.885951166000041,21.418368032000046],[39.885834586000044,21.418472658000042],[39.885723288000065,21.418582212000047],[39.885617509000042,21.418696460000035],[39.885517476000075,21.418815158000029],[39.885475751000058,21.418871404000072],[39.885438690000058,21.418930444000068],[39.885406506000038,21.418991941000058],[39.885379384000032,21.419055542000024],[39.885357479000049,21.419120882000072],[39.885340917000065,21.419187586000078],[39.885314744000027,21.419296340000074],[39.885281404000068,21.419403360000047],[39.885241028000053,21.419508234000034],[39.885193771000047,21.419610556000066],[39.885139816000049,21.419709931000057],[39.885079371000074,21.419805976000077],[39.885012670000037,21.419898318000037],[39.884965092000073,21.419965368000078],[39.88492328600006,21.420035712000072],[39.884887510000055,21.420108912000046],[39.884857986000043,21.420184518000042],[39.884834896000029,21.420262062000063],[39.884818383000038,21.420341065000059],[39.88480854900007,21.420421039000075],[39.884805454000059,21.42050148800007],[39.884809119000067,21.42058191700005],[39.884819519000075,21.42066182700006],[39.884916954000062,21.420862271000033],[39.891315927000051,21.425495831000035],[39.891820130000042,21.425733696000066],[39.892507914000078,21.426220780000051],[39.893793282000047,21.427168253000048],[39.894591289000061,21.427791005000074],[39.898069169000053,21.43206476000006],[39.898213757000065,21.432213312000044],[39.898353078000071,21.432366213000023],[39.898486984000044,21.432523298000035],[39.898615332000077,21.432684400000028],[39.898737984000036,21.432849345000022],[39.898854808000067,21.43301795800005],[39.89896568100005,21.433190058000037],[39.89907048200007,21.433365461000051],[39.899169101000041,21.433543979000035],[39.89926143100007,21.433725422000066],[39.899347374000058,21.433909595000046],[39.899426837000078,21.434096300000078],[39.899499737000042,21.434285340000031],[39.899565993000067,21.434476510000025],[39.899760485000058,21.435121140000035],[39.899854738000045,21.435320257000058],[39.899954912000055,21.435516823000057],[39.900060929000063,21.435710684000071],[39.900172705000045,21.435901689000048],[39.900290153000071,21.436089686000059],[39.900413181000033,21.436274529000059],[39.900497211000072,21.436387626000055],[39.900586897000039,21.436496848000047],[39.900682036000035,21.436601949000078],[39.90078241100008,21.436702689000072],[39.900887797000053,21.436798840000051],[39.900997952000068,21.436890184000049],[39.901112628000078,21.436976515000026],[39.901231564000057,21.437057635000031],[39.901354491000063,21.437133361000065],[39.901481129000047,21.437203522000061],[39.901611192000075,21.437267958000064],[39.901744385000029,21.437326523000024],[39.901880404000053,21.437379083000053],[39.901941434000037,21.43738526900006],[39.902002819000074,21.437385648000031],[39.902063931000043,21.437380214000029],[39.902124143000037,21.437369024000077],[39.902182838000044,21.437352193000038],[39.902239415000054,21.437329892000037],[39.90229329500005,21.437302352000074],[39.902343925000025,21.437269852000043],[39.902392174000056,21.437224819000051],[39.902434714000037,21.437174996000067],[39.902471008000077,21.437121015000059],[39.90250059400006,21.437063558000034],[39.902523100000053,21.437003353000023],[39.903032064000058,21.43553590700003],[39.90322003700004,21.435102406000055],[39.903569967000067,21.43419917600005],[39.904228751000062,21.432131616000049],[39.904672392000066,21.43070883300004],[39.905767840000067,21.427266523000071],[39.906135653000035,21.426074003000053],[39.906608413000072,21.424683359000028],[39.906932320000067,21.423692871000071],[39.907273386000043,21.422626392000041],[39.907700705000025,21.421306292000054],[39.907916787000033,21.42046381800003],[39.908173665000049,21.419238988000075],[39.908389932000034,21.41777397900006],[39.908796668000036,21.415270077000059],[39.909016866000059,21.414146846000051],[39.909294843000055,21.412828340000033],[39.910010889000034,21.409626852000031],[39.910285470000076,21.408458102000054],[39.910282906000077,21.408455939000078],[39.910468623000042,21.407711462000066],[39.911095102000047,21.405057243000044],[39.911268393000057,21.404166924000037],[39.911326054000028,21.40346936800006],[39.911308770000062,21.402747704000035],[39.911204088000034,21.402012187000025],[39.91102959400007,21.401342883000041],[39.91089297700006,21.400953339000068],[39.910829238000076,21.400775223000039],[39.910664711000038,21.400402161000045],[39.910554250000075,21.400170548000062],[39.910462046000077,21.399977547000049],[39.910277672000063,21.399670049000065],[39.910118803000046,21.399431882000044],[39.909799314000054,21.398998618000064],[39.90950183800004,21.39856056900004],[39.90922706200007,21.398193836000075],[39.908492101000036,21.397200700000042],[39.907630373000075,21.396030888000041],[39.907229845000074,21.39549519600007],[39.906640181000057,21.394709874000057],[39.905901632000052,21.39372664900003],[39.905503879000037,21.39321411800006],[39.90508632500007,21.39266346200003],[39.904631793000078,21.392047142000024],[39.904063526000073,21.391301678000048],[39.903464735000057,21.390502955000045],[39.902708039000061,21.389491793000047],[39.902290119000043,21.388925960000051],[39.901604679000059,21.38799791200006],[39.900995785000077,21.387184795000053],[39.899672367000051,21.38542321500006],[39.899277934000054,21.384867792000023],[39.898889653000026,21.384315370000024],[39.898609383000064,21.383891192000078],[39.898437471000079,21.383617832000027],[39.898104366000041,21.383083160000069],[39.897955731000025,21.382839728000079],[39.897430241000052,21.381923684000071],[39.896759023000072,21.380748635000032],[39.896579735000046,21.380452459000026],[39.896322463000047,21.379995333000068],[39.896132564000027,21.379641409000044],[39.895838173000072,21.379105824000078],[39.895688197000027,21.37880571900007],[39.895467976000077,21.37843646500005],[39.895343553000032,21.378202865000048],[39.895091860000036,21.377782237000076],[39.894880588000035,21.377405843000076],[39.89466408800007,21.377032062000069],[39.894442396000045,21.376660964000052],[39.894236441000032,21.376310542000056],[39.894044582000049,21.376019933000066],[39.893570338000075,21.375285380000037],[39.893376735000061,21.375010546000055],[39.893001200000072,21.374463776000027],[39.892538220000063,21.373835703000054],[39.890872572000035,21.371600387000058],[39.889971850000052,21.370373186000052],[39.889005243000042,21.369072360000075],[39.888179817000037,21.367936974000031],[39.887803328000075,21.367425008000055],[39.887577779000026,21.36712542500004],[39.887417303000063,21.366928021000035]]]},"properties":{"OBJECTID":132,"camp_label":"6/216","Transport_mode":"النقل التقليدي","Street_Camp_MIN":"شارع 216","MAKARF":"طريق الطائف - طريق صاد - الدائري الشرقى - مدخل الترددية","Street_Camp_ARF":"طريق 56","Street_MIN_Exit":"طريق الملك خالد - المعيصم","ASMARF":"الدائري الشرقي عرفات","ASM_CODE":"ASMARF4","block":"101D","camp_type":"حجاج الخارج","block_ARF":"101D","ARF_ZONE2":"","_length":27893,"MAKARFT1":2009.4000000000001,"ARF_IN":null,"ARF_OUT":null,"Shape_Length":0.15390410984721042}},{"type":"Feature","id":171,"geometry":{"type":"LineString","coordinates":[[39.967559644000062,21.327004457000044],[39.967578091000064,21.327037485000062],[39.96764752200005,21.327170784000032],[39.967717248000042,21.327305851000062],[39.967770659000053,21.327413711000077],[39.967832212000076,21.327544264000039],[39.96790502500005,21.327700284000059],[39.968107109000073,21.328171681000072],[39.968117881000069,21.328196809000076],[39.968214207000074,21.328460520000078],[39.968280636000031,21.328653065000026],[39.968321539000044,21.328768767000042],[39.968383609000057,21.328967263000038],[39.968430871000066,21.329139271000031],[39.968458883000039,21.329258612000046],[39.968499020000024,21.329415255000072],[39.968548708000071,21.329609178000055],[39.968561854000029,21.329674373000046],[39.96863191500006,21.329984139000032],[39.968701503000034,21.330313905000025],[39.969441184000061,21.333917002000078],[39.969441523000057,21.333916960000067],[39.970409320000044,21.333797324000045],[39.971279505000041,21.333759134000047],[39.972151085000064,21.333794204000071],[39.973522413000069,21.333893175000071],[39.976147974000071,21.334090063000076],[39.977602365000052,21.334224284000072],[39.978620627000055,21.334361124000054],[39.979497907000052,21.334478962000048],[39.981905452000035,21.334827834000066],[39.982791503000044,21.334956225000042],[39.984311742000045,21.335168384000042],[39.979933780000067,21.338390607000065],[39.980551090000063,21.338939160000052],[39.982152789000054,21.339092924000056],[39.983268733000045,21.339172331000043],[39.983280644000047,21.339174899000056],[39.983291929000075,21.339179297000044],[39.983302269000035,21.339185401000066],[39.983311375000028,21.339193039000065],[39.983318990000043,21.339201996000043],[39.983324898000035,21.339212020000048],[39.983328934000042,21.33922282900005],[39.98333098300003,21.339234118000036],[39.983388011000045,21.339683267000055],[39.983426369000028,21.339921485000048],[39.983927467000058,21.33957143400005],[39.984598188000064,21.339243044000057],[39.984649253000043,21.339221081000062],[39.984702447000075,21.339204124000048],[39.984757212000034,21.339192349000029],[39.984812975000068,21.339185880000059],[39.984869151000055,21.339184785000043],[39.984917913000061,21.339178258000061],[39.984964997000077,21.339164704000041],[39.985009258000048,21.339144452000028],[39.985049617000072,21.339117997000074],[39.985085093000066,21.339085982000029],[39.985114822000071,21.339049187000057],[39.98513807900008,21.339008507000074],[39.985154300000033,21.338964933000057],[39.985163088000036,21.338919525000051],[39.985164230000066,21.338873389000071],[39.98515769800008,21.338827649000052],[39.985143652000033,21.338783417000059],[39.985122432000026,21.33874177000007],[39.985050897000065,21.33860478400004],[39.984985311000059,21.338465209000049],[39.984925780000026,21.338323271000036],[39.984872402000065,21.338179201000059],[39.984825264000051,21.338033234000022],[39.984784440000055,21.337885605000054],[39.98474999900003,21.337736556000038],[39.984721996000076,21.337586327000054],[39.984700476000057,21.337435163000066],[39.984685474000059,21.337283310000032],[39.984750763000079,21.337285878000046]]},"properties":{"OBJECTID":171,"camp_label":"6/502","Transport_mode":"النقل التقليدي","Street_Camp_MIN":"شارع 502","MAKARF":"طريق الطائف - جسر الجامعة عرفات الثاني - الدائري الشرقي","Street_Camp_ARF":"طريق 50","Street_MIN_Exit":"طريق الجوهرة (56)","ASMARF":"الدائري الشرقي عرفات","ASM_CODE":"ASMARF2","block":"6-4","camp_type":"حجاج الخارج","block_ARF":"6-4","ARF_ZONE2":"","_length":14745,"MAKARFT1":null,"ARF_IN":null,"ARF_OUT":null,"Shape_Length":0.035787961471493268}},{"type":"Feature","id":181,"geometry":{"type":"LineString","coordinates":[[39.967559644000062,21.327004457000044],[39.968701503000034,21.330313905000025],[39.969441184000061,21.333917002000078],[39.969441523000057,21.333916960000067],[39.970409320000044,21.333797324000045],[39.971279505000041,21.333759134000047],[39.972151085000064,21.333794204000071],[39.973522413000069,21.333893175000071],[39.976147974000071,21.334090063000076],[39.977602365000052,21.334224284000072],[39.978620627000055,21.334361124000054],[39.979497907000052,21.334478962000048],[39.981905452000035,21.334827834000066],[39.982791503000044,21.334956225000042],[39.984311742000045,21.335168384000042],[39.988851198000077,21.335819235000031],[39.989595674000043,21.335976746000028],[39.98991333400005,21.33605964000003],[39.990074634000052,21.336108697000043],[39.990594525000063,21.336279122000064],[39.99105174400006,21.336456535000025],[39.991601720000062,21.336694369000043],[39.991792512000075,21.336788336000041],[39.992352289000053,21.337088574000063],[39.992804592000027,21.337365677000037],[39.99309629000004,21.337567412000055],[39.993452297000033,21.337824367000053],[39.994206700000063,21.33846101000006],[39.994472922000057,21.338717325000061],[39.994792016000076,21.339050093000026],[39.995042147000049,21.339336876000061],[39.995392021000043,21.339778528000068],[39.995651810000027,21.34014140000005],[39.995958320000057,21.34061009900006],[39.996381353000061,21.341357596000023],[39.996698020000053,21.342059065000058],[39.996976540000048,21.342841210000074],[39.997211230000062,21.343769325000039],[39.997339835000048,21.344604835000041],[39.997333322000031,21.344615608000026],[39.997325026000055,21.344625246000078],[39.997315169000046,21.34463349300006],[39.997304012000029,21.344640128000037],[39.997291852000046,21.34464497700003],[39.997279012000035,21.344647909000059],[39.997265835000064,21.344648848000077],[39.99725267000008,21.344647767000026],[39.997239867000076,21.344644696000046],[39.997227768000073,21.344639716000074],[39.997216693000041,21.344632960000069],[39.997206938000033,21.344624607000071],[39.997198762000039,21.344614881000041],[39.997192382000037,21.344604038000057],[39.997187968000048,21.344592368000065],[39.997168473000045,21.344367563000048],[39.99714146000008,21.344143442000075],[39.997106957000028,21.343920225000033],[39.997064998000042,21.343698132000043],[39.997015623000038,21.343477381000071],[39.996958881000069,21.343258190000029],[39.996894829000041,21.343040774000031],[39.996823529000039,21.34282534700003],[39.996735518000037,21.342570568000042],[39.996642690000044,21.342317295000043],[39.996545076000075,21.342065606000062],[39.99644270500005,21.341815581000048],[39.996335611000063,21.341567299000076],[39.996319276000065,21.34154733400004],[39.996299657000066,21.341530159000058],[39.996277289000034,21.341516242000068],[39.996252782000056,21.341505962000042],[39.996226804000059,21.341499600000077],[39.99620006300006,21.341497329000049],[39.996173287000033,21.341499211000041],[39.996147206000046,21.341505194000035],[39.996122532000072,21.341515116000039],[39.996043446000044,21.341562175000035],[39.994786519000058,21.342310086000055],[39.994731474000048,21.342342840000072],[39.994141506000062,21.342693884000028],[39.993939983000075,21.342813771000067],[39.992972554000062,21.343392051000023],[39.992729631000032,21.34353924800007],[39.99271245500006,21.34354965600005],[39.991935774000069,21.344020261000026],[39.991642652000053,21.344197889000043],[39.991476043000034,21.344298842000057],[39.991188706000059,21.344472930000052],[39.990659404000041,21.344793663000075],[39.989963827000054,21.345215125000038],[39.989843377000057,21.345288108000034],[39.98967074400008,21.345392706000041],[39.989624323000044,21.34542190600007],[39.989581918000056,21.345456047000027],[39.98954412300003,21.345494651000024],[39.989511472000061,21.345537174000071],[39.989484422000032,21.34558301800007],[39.989463354000065,21.345631540000056],[39.989397722000035,21.345834664000051],[39.989369927000041,21.345833088000063]]},"properties":{"OBJECTID":181,"camp_label":"7/518","Transport_mode":"النقل التقليدي","Street_Camp_MIN":"شارع 518","MAKARF":"طريق الطائف - جسر الجامعة عرفات الثاني - الدائري الشرقي","Street_Camp_ARF":"طريق 62","Street_MIN_Exit":"طريق الجوهرة (56)","ASMARF":"الدائري الشرقي عرفات","ASM_CODE":"ASMARF2","block":"8-7","camp_type":"حجاج الخارج","block_ARF":"8-7","ARF_ZONE2":"","_length":17319,"MAKARFT1":null,"ARF_IN":null,"ARF_OUT":null,"Shape_Length":0.051507169659155451}},{"type":"Feature","id":191,"geometry":{"type":"LineString","coordinates":[[39.967559644000062,21.327004457000044],[39.968701503000034,21.330313905000025],[39.969441184000061,21.333917002000078],[39.969441523000057,21.333916960000067],[39.970409320000044,21.333797324000045],[39.971279505000041,21.333759134000047],[39.972151085000064,21.333794204000071],[39.973522413000069,21.333893175000071],[39.976147974000071,21.334090063000076],[39.977602365000052,21.334224284000072],[39.978620627000055,21.334361124000054],[39.979497907000052,21.334478962000048],[39.981905452000035,21.334827834000066],[39.982791503000044,21.334956225000042],[39.984311742000045,21.335168384000042],[39.979933780000067,21.338390607000065],[39.980551090000063,21.338939160000052],[39.982152789000054,21.339092924000056],[39.983268733000045,21.339172331000043],[39.983280644000047,21.339174899000056],[39.983291929000075,21.339179297000044],[39.983302269000035,21.339185401000066],[39.983311375000028,21.339193039000065],[39.983318990000043,21.339201996000043],[39.983324898000035,21.339212020000048],[39.983328934000042,21.33922282900005],[39.98333098300003,21.339234118000036],[39.983388011000045,21.339683267000055],[39.983426369000028,21.339921485000048],[39.983927467000058,21.33957143400005],[39.984598188000064,21.339243044000057],[39.984649253000043,21.339221081000062],[39.984702447000075,21.339204124000048],[39.984757212000034,21.339192349000029],[39.984812975000068,21.339185880000059],[39.984869151000055,21.339184785000043],[39.984917913000061,21.339178258000061],[39.984964997000077,21.339164704000041],[39.985009258000048,21.339144452000028],[39.985049617000072,21.339117997000074],[39.985085093000066,21.339085982000029],[39.985114822000071,21.339049187000057],[39.98513807900008,21.339008507000074],[39.985154300000033,21.338964933000057],[39.985163088000036,21.338919525000051],[39.985164230000066,21.338873389000071],[39.98515769800008,21.338827649000052],[39.985143652000033,21.338783417000059],[39.985122432000026,21.33874177000007],[39.985050897000065,21.33860478400004],[39.98498531000007,21.338465209000049],[39.984925780000026,21.338323271000036],[39.984872402000065,21.338179201000059],[39.984825263000062,21.338033234000022],[39.984895853000069,21.338006968000059]]},"properties":{"OBJECTID":191,"camp_label":"8/502","Transport_mode":"النقل التقليدي","Street_Camp_MIN":"شارع 502","MAKARF":"طريق الطائف - جسر الجامعة عرفات الثاني - الدائري الشرقي","Street_Camp_ARF":"طريق 50","Street_MIN_Exit":"طريق الجوهرة (56)","ASMARF":"الدائري الشرقي عرفات","ASM_CODE":"ASMARF2","block":"6-4","camp_type":"حجاج الخارج","block_ARF":"6-4","ARF_ZONE2":"","_length":14567,"MAKARFT1":null,"ARF_IN":null,"ARF_OUT":null,"Shape_Length":0.035018256189291629}},{"type":"Feature","id":601,"geometry":{"type":"LineString","coordinates":[[39.967559644000062,21.327004457000044],[39.968701503000034,21.330313905000025],[39.969136646000038,21.332426045000034],[39.969465807000063,21.334053084000061],[39.969210349000036,21.334102546000054],[39.968956457000047,21.334158640000055],[39.968704327000069,21.334221322000076],[39.968454153000039,21.334290546000034],[39.968206129000066,21.334366257000056],[39.967960447000053,21.334448396000028],[39.967717295000057,21.334536901000035],[39.967476863000059,21.334631702000024],[39.967239335000045,21.334732727000073],[39.967004895000059,21.334839898000041],[39.96654600200003,21.335072340000067],[39.96632190300005,21.335197433000076],[39.959026325000025,21.339603667000063],[39.960991000000035,21.339928000000043],[39.963354236000043,21.340281783000023],[39.965538207000066,21.340588467000032],[39.969332000000065,21.341167000000041],[39.96995000000004,21.341234000000043],[39.97196415500008,21.341398955000045],[39.975204524000048,21.341657407000071],[39.975453354000081,21.341676548000066],[39.975926350000066,21.341712932000064],[39.976439504000041,21.341752403000044],[39.97699300000005,21.341795000000047],[39.977327000000059,21.341821000000039],[39.977501105000044,21.34183405400006],[39.978269431000058,21.341953748000037],[39.978564000000063,21.342022000000043],[39.979147801000067,21.342175668000039],[39.979595509000035,21.342309056000033],[39.980244589000051,21.342527792000055],[39.980294342000036,21.342544596000039],[39.980314471000042,21.342586012000027],[39.980328010000051,21.342628481000077],[39.980334753000079,21.342672353000069],[39.980334553000034,21.342716676000066],[39.980327415000033,21.342760493000071],[39.98031349200005,21.34280285400007],[39.980293000000074,21.342843000000073],[39.980266641000071,21.342879596000046],[39.980234726000049,21.342912315000035],[39.980198032000033,21.342940295000062],[39.979253608000079,21.343506618000049],[39.979172948000041,21.343554985000026],[39.976974718000065,21.344873115000041],[39.974874026000066,21.346132709000074],[39.974698662000037,21.346237856000073],[39.974664000000075,21.346259000000032],[39.974140000000034,21.346576000000027],[39.973585984000067,21.346911591000037],[39.973290549000069,21.347094330000061],[39.972408193000035,21.347624963000044],[39.971381291000057,21.348246932000052],[39.970145548000062,21.34899949000004],[39.969728417000056,21.348384077000048],[39.969408275000035,21.347911755000041],[39.969187759000079,21.347592983000027],[39.969106522000061,21.347461771000042],[39.969572517000074,21.347184743000071],[39.969590076000031,21.347217103000048]]},"properties":{"OBJECTID":601,"camp_label":"C/62","Transport_mode":"النقل التقليدي","Street_Camp_MIN":"شارع 62","MAKARF":"طريق الطائف - جسر الجامعة عرفات الثاني - الدائري الشرقي","Street_Camp_ARF":"طريق 50","Street_MIN_Exit":"طريق الجوهرة (56)","ASMARF":"الدائري الشرقي عرفات","ASM_CODE":"ASMARF2","block":"7-14","camp_type":"حجاج الخارج","block_ARF":"7-14","ARF_ZONE2":null,"_length":15829,"MAKARFT1":null,"ARF_IN":null,"ARF_OUT":null,"Shape_Length":0.055333871467335344}},{"type":"Feature","id":602,"geometry":{"type":"LineString","coordinates":[[39.967559644000062,21.327004457000044],[39.968701503000034,21.330313905000025],[39.969465807000063,21.334053084000061],[39.969210349000036,21.334102546000054],[39.968956457000047,21.334158640000055],[39.968704327000069,21.334221322000076],[39.968454153000039,21.334290546000034],[39.968206129000066,21.334366257000056],[39.967960447000053,21.334448396000028],[39.967717295000057,21.334536901000035],[39.967476863000059,21.334631702000024],[39.967239335000045,21.334732727000073],[39.967004895000059,21.334839898000041],[39.96654600200003,21.335072340000067],[39.96632190300005,21.335197433000076],[39.959026325000025,21.339603667000063],[39.960991000000035,21.339928000000043],[39.963354236000043,21.340281783000023],[39.965538207000066,21.340588467000032],[39.969332000000065,21.341167000000041],[39.96995000000004,21.341234000000043],[39.97196415500008,21.341398955000045],[39.975204524000048,21.341657407000071],[39.975453354000081,21.341676548000066],[39.975926350000066,21.341712932000064],[39.976439504000041,21.341752403000044],[39.97699300000005,21.341795000000047],[39.977327000000059,21.341821000000039],[39.977501105000044,21.34183405400006],[39.978269431000058,21.341953748000037],[39.978564000000063,21.342022000000043],[39.979147775000058,21.342175660000066],[39.979595509000035,21.342309056000033],[39.980244589000051,21.342527792000055],[39.980294342000036,21.342544596000039],[39.980314471000042,21.342586012000027],[39.980328010000051,21.342628481000077],[39.980334753000079,21.342672353000069],[39.980334553000034,21.342716676000066],[39.980327415000033,21.342760493000071],[39.98031349200005,21.34280285400007],[39.980293000000074,21.342843000000073],[39.980266641000071,21.342879596000046],[39.980234726000049,21.342912315000035],[39.980198032000033,21.342940295000062],[39.979253608000079,21.343506618000049],[39.979172948000041,21.343554985000026],[39.976974718000065,21.344873115000041],[39.974874026000066,21.346132709000074],[39.974698662000037,21.346237856000073],[39.974664000000075,21.346259000000032],[39.974140000000034,21.346576000000027],[39.973585984000067,21.346911591000037],[39.973290549000069,21.347094330000061],[39.972408193000035,21.347624963000044],[39.971381291000057,21.348246932000052],[39.970145548000062,21.34899949000004],[39.969728417000056,21.348384077000048],[39.969408275000035,21.347911755000041],[39.969187759000079,21.347592983000027],[39.969236220000028,21.347552982000025]]},"properties":{"OBJECTID":602,"camp_label":"D/62","Transport_mode":"النقل التقليدي","Street_Camp_MIN":"شارع 62","MAKARF":"طريق الطائف - جسر الجامعة عرفات الثاني - الدائري الشرقي","Street_Camp_ARF":"طريق 50","Street_MIN_Exit":"طريق الجوهرة (56)","ASMARF":"الدائري الشرقي عرفات","ASM_CODE":"ASMARF2","block":"7-14","camp_type":"حجاج الخارج","block_ARF":"7-14","ARF_ZONE2":null,"_length":15829,"MAKARFT1":null,"ARF_IN":null,"ARF_OUT":null,"Shape_Length":0.054663439971113142}},{"type":"Feature","id":603,"geometry":{"type":"LineString","coordinates":[[39.967559644000062,21.327004457000044],[39.968701503000034,21.330313905000025],[39.969136646000038,21.332426045000034],[39.969177875000071,21.332632126000078],[39.969465807000063,21.334053084000061],[39.969210349000036,21.334102546000054],[39.968956457000047,21.334158640000055],[39.968704327000069,21.334221322000076],[39.968454153000039,21.334290546000034],[39.968206129000066,21.334366257000056],[39.967960447000053,21.334448396000028],[39.967717295000057,21.334536901000035],[39.967476863000059,21.334631702000024],[39.967239335000045,21.334732727000073],[39.967004895000059,21.334839898000041],[39.96654600200003,21.335072340000067],[39.96632190300005,21.335197433000076],[39.959026325000025,21.339603667000063],[39.960991000000035,21.339928000000043],[39.963354236000043,21.340281783000023],[39.965538207000066,21.340588467000032],[39.969332000000065,21.341167000000041],[39.96995000000004,21.341234000000043],[39.97196415500008,21.341398955000045],[39.975204524000048,21.341657407000071],[39.975453354000081,21.341676548000066],[39.975926350000066,21.341712932000064],[39.976439504000041,21.341752403000044],[39.97699300000005,21.341795000000047],[39.977327000000059,21.341821000000039],[39.977501105000044,21.34183405400006],[39.978269431000058,21.341953748000037],[39.978564000000063,21.342022000000043],[39.979147775000058,21.342175660000066],[39.979595509000035,21.342309056000033],[39.980244589000051,21.342527792000055],[39.980294342000036,21.342544596000039],[39.980314471000042,21.342586012000027],[39.980328010000051,21.342628481000077],[39.980334753000079,21.342672353000069],[39.980334553000034,21.342716676000066],[39.980327415000033,21.342760493000071],[39.98031349200005,21.34280285400007],[39.980293000000074,21.342843000000073],[39.980266641000071,21.342879596000046],[39.980234726000049,21.342912315000035],[39.980198032000033,21.342940295000062],[39.979253608000079,21.343506618000049],[39.979172948000041,21.343554985000026],[39.976974718000065,21.344873115000041],[39.974874026000066,21.346132709000074],[39.974698662000037,21.346237856000073],[39.974664000000075,21.346259000000032],[39.974140000000034,21.346576000000027],[39.973585984000067,21.346911591000037],[39.973290549000069,21.347094330000061],[39.972408193000035,21.347624963000044],[39.971381291000057,21.348246932000052],[39.970145548000062,21.34899949000004],[39.969728417000056,21.348384077000048],[39.969408275000035,21.347911755000041],[39.96945555700006,21.347876377000034]]},"properties":{"OBJECTID":603,"camp_label":"F/62","Transport_mode":"النقل التقليدي","Street_Camp_MIN":"شارع 62","MAKARF":"طريق الطائف - جسر الجامعة عرفات الثاني - الدائري الشرقي","Street_Camp_ARF":"طريق 50","Street_MIN_Exit":"طريق الجوهرة (56)","ASMARF":"الدائري الشرقي عرفات","ASM_CODE":"ASMARF2","block":"7-14","camp_type":"حجاج الخارج","block_ARF":"7-14","ARF_ZONE2":null,"_length":15829,"MAKARFT1":null,"ARF_IN":null,"ARF_OUT":null,"Shape_Length":0.054272049668150184}},{"type":"Feature","id":605,"geometry":{"type":"LineString","coordinates":[[39.967559644000062,21.327004457000044],[39.968701503000034,21.330313905000025],[39.969136646000038,21.332426045000034],[39.969177875000071,21.332632126000078],[39.969261667000069,21.333021962000032],[39.969465807000063,21.334053084000061],[39.969210349000036,21.334102546000054],[39.968956457000047,21.334158640000055],[39.968704327000069,21.334221322000076],[39.968454153000039,21.334290546000034],[39.968206129000066,21.334366257000056],[39.967960447000053,21.334448396000028],[39.967717295000057,21.334536901000035],[39.967476863000059,21.334631702000024],[39.967239335000045,21.334732727000073],[39.967004895000059,21.334839898000041],[39.96654600200003,21.335072340000067],[39.96632190300005,21.335197433000076],[39.959026325000025,21.339603667000063],[39.960990657000025,21.339927552000063],[39.963354236000043,21.340281783000023],[39.965538207000066,21.340588467000032],[39.969332000000065,21.341167000000041],[39.96995000000004,21.341234000000043],[39.97196415500008,21.341398955000045],[39.975204524000048,21.341657407000071],[39.975453354000081,21.341676548000066],[39.975926350000066,21.341712932000064],[39.976439504000041,21.341752403000044],[39.97699300000005,21.341795000000047],[39.977327000000059,21.341821000000039],[39.977501105000044,21.34183405400006],[39.978269431000058,21.341953748000037],[39.978564000000063,21.342022000000043],[39.979147775000058,21.342175660000066],[39.979595509000035,21.342309056000033],[39.980244589000051,21.342527792000055],[39.980294342000036,21.342544596000039],[39.980314471000042,21.342586012000027],[39.980328010000051,21.342628481000077],[39.980334753000079,21.342672353000069],[39.980334553000034,21.342716676000066],[39.980327415000033,21.342760493000071],[39.98031349200005,21.34280285400007],[39.980293000000074,21.342843000000073],[39.980266641000071,21.342879596000046],[39.980234726000049,21.342912315000035],[39.980198032000033,21.342940295000062],[39.979253608000079,21.343506618000049],[39.979172948000041,21.343554985000026],[39.976974718000065,21.344873115000041],[39.974874026000066,21.346132709000074],[39.974698662000037,21.346237856000073],[39.974664000000075,21.346259000000032],[39.974140000000034,21.346576000000027],[39.973585984000067,21.346911591000037],[39.973290549000069,21.347094330000061],[39.972408193000035,21.347624963000044],[39.971381291000057,21.348246932000052],[39.971187264000037,21.348365093000041],[39.970716620000076,21.34771667900003],[39.970693352000069,21.347698011000034],[39.970661027000062,21.347687327000074],[39.970626509000056,21.347686506000059],[39.97059433700008,21.347697476000064],[39.970151835000024,21.347955467000077],[39.969914279000079,21.347619921000046]]},"properties":{"OBJECTID":605,"camp_label":"E/62","Transport_mode":"النقل التقليدي","Street_Camp_MIN":"شارع 62","MAKARF":"طريق الطائف - جسر الجامعة عرفات الثاني - الدائري الشرقي","Street_Camp_ARF":"طريق 50","Street_MIN_Exit":"طريق الجوهرة (56)","ASMARF":"الدائري الشرقي عرفات","ASM_CODE":"ASMARF2","block":"7-14","camp_type":"حجاج الخارج","block_ARF":"7-14","ARF_ZONE2":null,"_length":15829,"MAKARFT1":null,"ARF_IN":null,"ARF_OUT":null,"Shape_Length":0.053536243789685821}},{"type":"Feature","id":632,"geometry":{"type":"LineString","coordinates":[[39.967559644000062,21.327004457000044],[39.968701503000034,21.330313905000025],[39.969441184000061,21.333917002000078],[39.969441523000057,21.333916960000067],[39.970409320000044,21.333797324000045],[39.971279505000041,21.333759134000047],[39.972151085000064,21.333794204000071],[39.973522413000069,21.333893175000071],[39.976147974000071,21.334090063000076],[39.977602365000052,21.334224284000072],[39.978620627000055,21.334361124000054],[39.979497907000052,21.334478962000048],[39.981905452000035,21.334827834000066],[39.982791503000044,21.334956225000042],[39.984311742000045,21.335168384000042],[39.988851198000077,21.335819235000031],[39.989595674000043,21.335976746000028],[39.98991333400005,21.33605964000003],[39.990074634000052,21.336108697000043],[39.990594525000063,21.336279122000064],[39.99105174400006,21.336456535000025],[39.991601720000062,21.336694369000043],[39.991792512000075,21.336788336000041],[39.992352289000053,21.337088574000063],[39.992804592000027,21.337365677000037],[39.99309629000004,21.337567412000055],[39.993452297000033,21.337824367000053],[39.994206700000063,21.33846101000006],[39.994472922000057,21.338717325000061],[39.994792016000076,21.339050093000026],[39.995042147000049,21.339336876000061],[39.995392021000043,21.339778528000068],[39.995651810000027,21.34014140000005],[39.995958320000057,21.34061009900006],[39.996381353000061,21.341357596000023],[39.996698020000053,21.342059065000058],[39.996976540000048,21.342841210000074],[39.997211230000062,21.343769325000039],[39.997339835000048,21.344604835000041],[39.997333322000031,21.344615608000026],[39.997325026000055,21.344625246000078],[39.997315169000046,21.34463349300006],[39.997304012000029,21.344640128000037],[39.997291852000046,21.34464497700003],[39.997279012000035,21.344647909000059],[39.997265835000064,21.344648848000077],[39.99725267000008,21.344647767000026],[39.997239867000076,21.344644696000046],[39.997227768000073,21.344639716000074],[39.997216693000041,21.344632960000069],[39.997206938000033,21.344624607000071],[39.997198762000039,21.344614881000041],[39.997192382000037,21.344604038000057],[39.997187968000048,21.344592368000065],[39.997168473000045,21.344367563000048],[39.997148496000079,21.344196145000069],[39.99714146000008,21.344143442000075],[39.997071676000076,21.343733480000026],[39.99695633500005,21.343248397000025],[39.996847271000036,21.342894473000058],[39.996642690000044,21.342317295000043],[39.996545076000075,21.342065606000062],[39.99644270500005,21.341815581000048],[39.996335611000063,21.341567299000076],[39.99560894800004,21.340341717000058],[39.995592613000042,21.340321752000023],[39.995572994000042,21.34030457700004],[39.995550626000067,21.340290660000051],[39.995526119000033,21.340280380000024],[39.995500141000036,21.340274018000059],[39.995473400000037,21.340271747000031],[39.995446624000067,21.340273629000023],[39.99542054300008,21.340279612000074],[39.995395869000049,21.340289534000078],[39.993757089000042,21.341235365000045],[39.992791966000027,21.341792200000043],[39.990267295000081,21.343256986000029],[39.990046000000063,21.343386000000066],[39.989661241000078,21.343610579000028],[39.986729848000039,21.345323110000038],[39.985953503000076,21.345771920000061],[39.986637838000036,21.346596446000035],[39.986841000000027,21.34684100000004],[39.98694112000004,21.346961713000042],[39.986260223000045,21.347387790000028],[39.986222897000061,21.347410500000024],[39.986184741000045,21.347359652000023]]},"properties":{"OBJECTID":632,"camp_label":"13/520","Transport_mode":"النقل التقليدي","Street_Camp_MIN":"شارع 520","MAKARF":"طريق الطائف - جسر الجامعة عرفات الثاني - الدائري الشرقي","Street_Camp_ARF":"طريق 62","Street_MIN_Exit":"طريق الجوهرة (56)","ASMARF":"الدائري الشرقي عرفات","ASM_CODE":"ASMARF2","block":"8-7","camp_type":"حجاج الخارج","block_ARF":"8-7","ARF_ZONE2":null,"_length":17524,"MAKARFT1":null,"ARF_IN":null,"ARF_OUT":null,"Shape_Length":0.058215353439224925}},{"type":"Feature","id":633,"geometry":{"type":"LineString","coordinates":[[39.94754269200007,21.33845289900006],[39.947882922000076,21.339012342000046],[39.94806738300008,21.33931715600005],[39.948252810000042,21.339560423000023],[39.948387074000038,21.339683809000064],[39.948537936000037,21.339801633000036],[39.948686590000079,21.339902104000032],[39.948875346000079,21.339993251000067],[39.949350837000054,21.340210389000049],[39.949867232000031,21.34042755300004],[39.950523626000063,21.340707680000037],[39.951483967000058,21.341119548000052],[39.95262288400005,21.341608852000036],[39.953384264000078,21.341944678000061],[39.953817981000043,21.342131661000053],[39.95408722600007,21.342220962000056],[39.95437045500006,21.342254175000051],[39.955214053000077,21.341746444000023],[39.95665136000008,21.340876285000036],[39.957739140000058,21.340217757000062],[39.958823771000027,21.339568923000058],[39.959897492000039,21.33975309300007],[39.960990657000025,21.339927552000063],[39.962083822000068,21.340102003000027],[39.963354236000043,21.340281783000023],[39.964165537000042,21.340402728000072],[39.965538207000066,21.340588467000032],[39.969332081000061,21.341166655000052],[39.969949754000027,21.341233893000037],[39.97196415500008,21.341398955000045],[39.975204524000048,21.341657407000071],[39.975453354000081,21.341676548000066],[39.976439504000041,21.341752403000044],[39.976811903000055,21.341781043000026],[39.977501105000044,21.34183405400006],[39.978269431000058,21.341953748000037],[39.978568372000041,21.342023475000076],[39.979147775000058,21.342175660000066],[39.979437493000034,21.342260158000045],[39.979595509000035,21.342309056000033],[39.980037676000052,21.342454736000036],[39.980294342000036,21.342544596000039],[39.980314471000042,21.342586012000027],[39.980328010000051,21.342628481000077],[39.980334753000079,21.342672353000069],[39.980334553000034,21.342716676000066],[39.980327415000033,21.342760493000071],[39.98031349200005,21.34280285400007],[39.980293087000064,21.342842843000028],[39.980266641000071,21.342879596000046],[39.980234726000049,21.342912315000035],[39.980198032000033,21.342940295000062],[39.97700327900003,21.344855964000033],[39.976317575000053,21.343828173000077],[39.975767791000067,21.34300819200007],[39.975699873000053,21.343062536000048]]},"properties":{"OBJECTID":633,"camp_label":"0/68","Transport_mode":"النقل التقليدي","Street_Camp_MIN":"شارع 68","MAKARF":"طريق الطائف - نفق الجامعة عرفات الأول - الدائري الأوسط","Street_Camp_ARF":"طريق 50","Street_MIN_Exit":"طريق الملك خالد - المعيصم","ASMARF":"الدائري الأوسط 83","ASM_CODE":"ASMARF1","block":"31B","camp_type":"حجاج الداخل","block_ARF":"31B","ARF_ZONE2":"","_length":23569,"MAKARFT1":null,"ARF_IN":null,"ARF_OUT":null,"Shape_Length":0.041433976463984883}},{"type":"Feature","id":634,"geometry":{"type":"LineString","coordinates":[[39.94754269200007,21.33845289900006],[39.947882922000076,21.339012342000046],[39.94806738300008,21.33931715600005],[39.948252810000042,21.339560423000023],[39.948387074000038,21.339683809000064],[39.948537936000037,21.339801633000036],[39.948686590000079,21.339902104000032],[39.948875346000079,21.339993251000067],[39.949350837000054,21.340210389000049],[39.949867232000031,21.34042755300004],[39.950523626000063,21.340707680000037],[39.951483967000058,21.341119548000052],[39.95262288400005,21.341608852000036],[39.953384264000078,21.341944678000061],[39.953817981000043,21.342131661000053],[39.95408722600007,21.342220962000056],[39.95437045500006,21.342254175000051],[39.955214053000077,21.341746444000023],[39.95665136000008,21.340876285000036],[39.957739140000058,21.340217757000062],[39.958823771000027,21.339568923000058],[39.959897492000039,21.33975309300007],[39.960990657000025,21.339927552000063],[39.962083822000068,21.340102003000027],[39.963354236000043,21.340281783000023],[39.964165537000042,21.340402728000072],[39.965538207000066,21.340588467000032],[39.969332081000061,21.341166655000052],[39.969949754000027,21.341233893000037],[39.97196415500008,21.341398955000045],[39.975204524000048,21.341657407000071],[39.975453354000081,21.341676548000066],[39.974133824000035,21.342484467000077],[39.974357711000039,21.342802760000041],[39.974551963000067,21.343078922000075],[39.974748797000075,21.343358751000039],[39.97485415500006,21.343516154000042],[39.974262069000076,21.343888933000073],[39.973565453000049,21.34432752400005],[39.97359199300007,21.344372683000074]]},"properties":{"OBJECTID":634,"camp_label":"1/208","Transport_mode":"النقل التقليدي","Street_Camp_MIN":"شارع 208","MAKARF":"طريق الطائف - نفق الجامعة عرفات الأول - الدائري الأوسط","Street_Camp_ARF":"طريق 50","Street_MIN_Exit":"طريق الملك خالد - المعيصم","ASMARF":"الدائري الأوسط 83","ASM_CODE":"ASMARF1","block":"35E","camp_type":"حجاج الداخل","block_ARF":"35E","ARF_ZONE2":"ARF Zone 4","_length":24104,"MAKARFT1":null,"ARF_IN":50,"ARF_OUT":50,"Shape_Length":0.034387468809760451}},{"type":"Feature","id":635,"geometry":{"type":"LineString","coordinates":[[39.94754269200007,21.33845289900006],[39.947882922000076,21.339012342000046],[39.94806738300008,21.33931715600005],[39.948252810000042,21.339560423000023],[39.948387074000038,21.339683809000064],[39.948537936000037,21.339801633000036],[39.948686590000079,21.339902104000032],[39.948875346000079,21.339993251000067],[39.949350837000054,21.340210389000049],[39.949867232000031,21.34042755300004],[39.950523626000063,21.340707680000037],[39.951483967000058,21.341119548000052],[39.95262288400005,21.341608852000036],[39.953384264000078,21.341944678000061],[39.953817981000043,21.342131661000053],[39.95408722600007,21.342220962000056],[39.95437045500006,21.342254175000051],[39.955214053000077,21.341746444000023],[39.95665136000008,21.340876285000036],[39.957739140000058,21.340217757000062],[39.958823771000027,21.339568923000058],[39.959897492000039,21.33975309300007],[39.960990657000025,21.339927552000063],[39.962083822000068,21.340102003000027],[39.963354236000043,21.340281783000023],[39.964165537000042,21.340402728000072],[39.965538207000066,21.340588467000032],[39.969332081000061,21.341166655000052],[39.969949754000027,21.341233893000037],[39.97196415500008,21.341398955000045],[39.975204524000048,21.341657407000071],[39.977501105000044,21.34183405400006],[39.978269431000058,21.341953748000037],[39.978568372000041,21.342023475000076],[39.978865776000077,21.342098751000037],[39.979161524000062,21.342179549000036],[39.979455501000075,21.342265836000024],[39.979747590000045,21.34235757700003],[39.980037676000052,21.342454736000036],[39.980294342000036,21.342544596000039],[39.98032564500005,21.342557276000036],[39.980611383000053,21.342665155000077],[39.98089477700006,21.342778332000023],[39.983458300000052,21.343753415000037],[39.983664668000074,21.343863542000065],[39.98386742100007,21.343979411000078],[39.98406637800008,21.344100919000027],[39.984261361000051,21.344227956000054],[39.984452194000028,21.344360409000046],[39.984638706000055,21.344498158000079],[39.984819147000053,21.344639795000035],[39.984998100000041,21.344789048000052],[39.985170661000041,21.344941926000047],[39.985338255000045,21.345099580000067],[39.985500733000038,21.345261866000044],[39.985657949000029,21.345428640000023],[39.985809761000041,21.345599751000066],[39.985953503000076,21.345771920000061],[39.987438914000052,21.347561534000079],[39.987737294000055,21.348011464000024],[39.98775601300008,21.34804293600007],[39.987769062000041,21.348076826000067],[39.98777609800004,21.348112245000038],[39.987776935000056,21.348148264000031],[39.987771554000062,21.348183937000044],[39.987760094000066,21.34821832800003],[39.987742856000068,21.348250533000055],[39.987720293000052,21.348279708000064],[39.987692998000057,21.348305087000028],[39.987661686000081,21.348326004000057],[39.986701080000046,21.348930003000078],[39.986113260000025,21.349277861000076],[39.98517628500008,21.349833285000045],[39.984813810000048,21.350057120000031],[39.983956268000043,21.35056901300004],[39.984200936000036,21.350923519000048],[39.984218553000062,21.350911500000052]]},"properties":{"OBJECTID":635,"camp_label":"11/210","Transport_mode":"النقل التقليدي","Street_Camp_MIN":"شارع 210","MAKARF":"طريق الطائف - نفق الجامعة عرفات الأول - الدائري الأوسط","Street_Camp_ARF":"طريق 62","Street_MIN_Exit":"طريق الملك خالد - المعيصم","ASMARF":"الدائري الأوسط 83","ASM_CODE":"ASMARF1","block":"101A","camp_type":"حجاج الخارج","block_ARF":"101A","ARF_ZONE2":"ARF ZONE 13","_length":25146,"MAKARFT1":null,"ARF_IN":62,"ARF_OUT":62,"Shape_Length":0.049583396613297775}},{"type":"Feature","id":636,"geometry":{"type":"LineString","coordinates":[[39.94754269200007,21.33845289900006],[39.947882922000076,21.339012342000046],[39.94806738300008,21.33931715600005],[39.948252810000042,21.339560423000023],[39.948387074000038,21.339683809000064],[39.948537936000037,21.339801633000036],[39.948686590000079,21.339902104000032],[39.948875346000079,21.339993251000067],[39.949350837000054,21.340210389000049],[39.949867232000031,21.34042755300004],[39.950523626000063,21.340707680000037],[39.951483967000058,21.341119548000052],[39.95262288400005,21.341608852000036],[39.953384264000078,21.341944678000061],[39.953817981000043,21.342131661000053],[39.95408722600007,21.342220962000056],[39.95437045500006,21.342254175000051],[39.955214053000077,21.341746444000023],[39.95665136000008,21.340876285000036],[39.957739140000058,21.340217757000062],[39.958823771000027,21.339568923000058],[39.965102309000031,21.335764582000024],[39.966452691000029,21.334973297000033],[39.967387416000065,21.334537778000026],[39.968147388000034,21.334252954000078],[39.968538309000053,21.334134651000056],[39.969056085000034,21.33399937400003],[39.969441000000074,21.333917000000042],[39.970409000000075,21.333797000000061],[39.971280000000036,21.333759000000043],[39.973522413000069,21.333893175000071],[39.976147974000071,21.334090063000076],[39.977602000000047,21.334224000000063],[39.978621000000032,21.334361000000058],[39.984312000000045,21.335168000000067],[39.988851198000077,21.335819235000031],[39.989595674000043,21.335976746000028],[39.989913331000025,21.336059639000041],[39.990074634000052,21.336108697000043],[39.990594525000063,21.336279122000064],[39.991052000000025,21.336457000000053],[39.991471697000065,21.336638142000027],[39.991601720000062,21.336694369000043],[39.991792514000053,21.33678833700003],[39.992416304000074,21.337127793000036],[39.992805000000033,21.337366000000031],[39.993216575000076,21.337654230000055],[39.993452000000048,21.337824000000069],[39.993671273000075,21.338009163000038],[39.99368718900007,21.338027052000029],[39.993709859000035,21.33805942500004],[39.993726308000078,21.338094944000034],[39.993736055000056,21.338132570000027],[39.993738814000039,21.338171202000069],[39.993733165000037,21.338215780000041],[39.993721449000077,21.338251296000067],[39.99370368700005,21.33828453700005],[39.993680356000027,21.338314605000051],[39.993652087000044,21.338340690000052],[39.993559074000075,21.33843362600004],[39.993461530000047,21.338522392000073],[39.993350300000031,21.338614149000023],[39.993253692000053,21.338686625000037],[39.993143890000056,21.338761780000027],[39.993009924000035,21.338844428000073],[39.993004137000071,21.338849346000075],[39.992993590000026,21.338860781000051],[39.992985174000069,21.33887367400007],[39.992979113000047,21.338887680000028],[39.992975570000056,21.338902424000025],[39.992974640000057,21.338917512000023],[39.99297634800007,21.33893254000003],[39.992980647000024,21.338947106000035],[39.992987423000045,21.338960821000057],[39.992996495000057,21.338973317000068],[39.993069164000076,21.339083758000072],[39.993011347000049,21.339120256000058]]},"properties":{"OBJECTID":636,"camp_label":"2/15","Transport_mode":"النقل التقليدي","Street_Camp_MIN":"شارع 15","MAKARF":"طريق الطائف - جسر الجامعة عرفات الثاني - الدائري الشرقي","Street_Camp_ARF":"طريق 62","Street_MIN_Exit":"طريق الملك خالد - المعيصم","ASMARF":"الدائري الشرقي عرفات","ASM_CODE":"ASMARF1","block":"28","camp_type":"حجاج الخارج","block_ARF":"28","ARF_ZONE2":"ARF ZONE 1","_length":25122,"MAKARFT1":null,"ARF_IN":null,"ARF_OUT":null,"Shape_Length":0.051763603281796841}},{"type":"Feature","id":637,"geometry":{"type":"LineString","coordinates":[[39.94754269200007,21.33845289900006],[39.947882922000076,21.339012342000046],[39.94806738300008,21.33931715600005],[39.948252810000042,21.339560423000023],[39.948387074000038,21.339683809000064],[39.948537936000037,21.339801633000036],[39.948686590000079,21.339902104000032],[39.948875346000079,21.339993251000067],[39.949350837000054,21.340210389000049],[39.949867232000031,21.34042755300004],[39.950523626000063,21.340707680000037],[39.951483967000058,21.341119548000052],[39.95262288400005,21.341608852000036],[39.953384264000078,21.341944678000061],[39.953817981000043,21.342131661000053],[39.95408722600007,21.342220962000056],[39.95437045500006,21.342254175000051],[39.955214053000077,21.341746444000023],[39.95665136000008,21.340876285000036],[39.957739140000058,21.340217757000062],[39.958823771000027,21.339568923000058],[39.959897492000039,21.33975309300007],[39.960990657000025,21.339927552000063],[39.962083822000068,21.340102003000027],[39.963354236000043,21.340281783000023],[39.964165537000042,21.340402728000072],[39.965538207000066,21.340588467000032],[39.969332081000061,21.341166655000052],[39.969949754000027,21.341233893000037],[39.97196415500008,21.341398955000045],[39.975204524000048,21.341657407000071],[39.977501105000044,21.34183405400006],[39.978269431000058,21.341953748000037],[39.978568372000041,21.342023475000076],[39.978865776000077,21.342098751000037],[39.979161524000062,21.342179549000036],[39.979455501000075,21.342265836000024],[39.979747590000045,21.34235757700003],[39.980037676000052,21.342454736000036],[39.980294342000036,21.342544596000039],[39.98032564500005,21.342557276000036],[39.980611383000053,21.342665155000077],[39.98089477700006,21.342778332000023],[39.983458300000052,21.343753415000037],[39.983664668000074,21.343863542000065],[39.98386742100007,21.343979411000078],[39.98406637800008,21.344100919000027],[39.984261361000051,21.344227956000054],[39.984452194000028,21.344360409000046],[39.984638706000055,21.344498158000079],[39.984820729000035,21.344641081000077],[39.984998100000041,21.344789048000052],[39.985170661000041,21.344941926000047],[39.985338255000045,21.345099580000067],[39.985500733000038,21.345261866000044],[39.985657949000029,21.345428640000023],[39.985809761000041,21.345599751000066],[39.985956033000036,21.345775047000075],[39.987438914000052,21.347561534000079],[39.987737294000055,21.348011464000024],[39.98775601300008,21.34804293600007],[39.987769062000041,21.348076826000067],[39.98777609800004,21.348112245000038],[39.987776935000056,21.348148264000031],[39.987771554000062,21.348183937000044],[39.987760094000066,21.34821832800003],[39.987742856000068,21.348250533000055],[39.987720293000052,21.348279708000064],[39.987692998000057,21.348305087000028],[39.987661686000081,21.348326004000057],[39.986701080000046,21.348930003000078],[39.986772157000075,21.349029350000023]]},"properties":{"OBJECTID":637,"camp_label":"2/212","Transport_mode":"النقل التقليدي","Street_Camp_MIN":"شارع 212","MAKARF":"طريق الطائف - نفق الجامعة عرفات الأول - الدائري الأوسط","Street_Camp_ARF":"طريق 62","Street_MIN_Exit":"طريق الملك خالد - المعيصم","ASMARF":"الدائري الأوسط 83","ASM_CODE":"ASMARF1","block":"101B","camp_type":"حجاج الخارج","block_ARF":"101B","ARF_ZONE2":"مسار رقم 1","_length":25901,"MAKARFT1":null,"ARF_IN":null,"ARF_OUT":null,"Shape_Length":0.046056498716955913}},{"type":"Feature","id":638,"geometry":{"type":"LineString","coordinates":[[39.94754269200007,21.33845289900006],[39.947882922000076,21.339012342000046],[39.94806738300008,21.33931715600005],[39.948252810000042,21.339560423000023],[39.948387074000038,21.339683809000064],[39.948537936000037,21.339801633000036],[39.948686590000079,21.339902104000032],[39.948875346000079,21.339993251000067],[39.949350837000054,21.340210389000049],[39.949867232000031,21.34042755300004],[39.950523626000063,21.340707680000037],[39.951483967000058,21.341119548000052],[39.95262288400005,21.341608852000036],[39.953384264000078,21.341944678000061],[39.953817981000043,21.342131661000053],[39.95408722600007,21.342220962000056],[39.95437045500006,21.342254175000051],[39.955214053000077,21.341746444000023],[39.95665136000008,21.340876285000036],[39.957739140000058,21.340217757000062],[39.958823771000027,21.339568923000058],[39.965102309000031,21.335764582000024],[39.966452691000029,21.334973297000033],[39.967387416000065,21.334537778000026],[39.968147388000034,21.334252954000078],[39.968538309000053,21.334134651000056],[39.969056085000034,21.33399937400003],[39.969441000000074,21.333917000000042],[39.970414163000044,21.333796775000053],[39.971280000000036,21.333759000000043],[39.972151085000064,21.333794204000071],[39.97614800000008,21.33409000000006],[39.977602365000052,21.334224284000072],[39.978620627000055,21.334361124000054],[39.984312000000045,21.335168000000067],[39.979933780000067,21.338390607000065],[39.980551090000063,21.338939160000052],[39.980401000000029,21.339760000000069],[39.980108306000034,21.339737770000056],[39.980097581000052,21.339782249000052]]},"properties":{"OBJECTID":638,"camp_label":"2/643","Transport_mode":"النقل التقليدي","Street_Camp_MIN":"شارع 643","MAKARF":"طريق الطائف - نفق الجامعة عرفات الأول - الدائري الأوسط","Street_Camp_ARF":"طريق 50","Street_MIN_Exit":"طريق الملك عبدالله (25) - المعيصم","ASMARF":"الدائري الأوسط 83","ASM_CODE":"ASMARF1","block":"120","camp_type":"حجاج الداخل","block_ARF":"120","ARF_ZONE2":"مسار رقم 3","_length":20844,"MAKARFT1":null,"ARF_IN":null,"ARF_OUT":null,"Shape_Length":0.047719786759439123}},{"type":"Feature","id":639,"geometry":{"type":"LineString","coordinates":[[39.94754269200007,21.33845289900006],[39.947882922000076,21.339012342000046],[39.94806738300008,21.33931715600005],[39.948252810000042,21.339560423000023],[39.948387074000038,21.339683809000064],[39.948537936000037,21.339801633000036],[39.948686590000079,21.339902104000032],[39.948875346000079,21.339993251000067],[39.949350837000054,21.340210389000049],[39.949867232000031,21.34042755300004],[39.950523626000063,21.340707680000037],[39.951483967000058,21.341119548000052],[39.95262288400005,21.341608852000036],[39.953384264000078,21.341944678000061],[39.953817981000043,21.342131661000053],[39.95408722600007,21.342220962000056],[39.95437045500006,21.342254175000051],[39.955214053000077,21.341746444000023],[39.95665136000008,21.340876285000036],[39.957739140000058,21.340217757000062],[39.958823771000027,21.339568923000058],[39.959897492000039,21.33975309300007],[39.960990657000025,21.339927552000063],[39.962083822000068,21.340102003000027],[39.963354236000043,21.340281783000023],[39.964165537000042,21.340402728000072],[39.965538207000066,21.340588467000032],[39.969332081000061,21.341166655000052],[39.969949754000027,21.341233893000037],[39.97196415500008,21.341398955000045],[39.975204524000048,21.341657407000071],[39.977501105000044,21.34183405400006],[39.978269431000058,21.341953748000037],[39.978568372000041,21.342023475000076],[39.978865776000077,21.342098751000037],[39.979161524000062,21.342179549000036],[39.979455501000075,21.342265836000024],[39.979747590000045,21.34235757700003],[39.980037676000052,21.342454736000036],[39.980294342000036,21.342544596000039],[39.98032564500005,21.342557276000036],[39.980611383000053,21.342665155000077],[39.98089477700006,21.342778332000023],[39.983458300000052,21.343753415000037],[39.983664668000074,21.343863542000065],[39.98386742100007,21.343979411000078],[39.98406637800008,21.344100919000027],[39.984261361000051,21.344227956000054],[39.984452194000028,21.344360409000046],[39.984638706000055,21.344498158000079],[39.984820729000035,21.344641081000077],[39.984998100000041,21.344789048000052],[39.985170661000041,21.344941926000047],[39.985338255000045,21.345099580000067],[39.985500733000038,21.345261866000044],[39.985657949000029,21.345428640000023],[39.985809761000041,21.345599751000066],[39.985956033000036,21.345775047000075],[39.987438914000052,21.347561534000079],[39.987737294000055,21.348011464000024],[39.98775601300008,21.34804293600007],[39.987769062000041,21.348076826000067],[39.98777609800004,21.348112245000038],[39.987776935000056,21.348148264000031],[39.987771554000062,21.348183937000044],[39.987760094000066,21.34821832800003],[39.987742856000068,21.348250533000055],[39.987720293000052,21.348279708000064],[39.987692998000057,21.348305087000028],[39.987661686000081,21.348326004000057],[39.986701080000046,21.348930003000078],[39.986113260000025,21.349277861000076],[39.985760577000065,21.348747243000048],[39.985618685000077,21.348545632000025],[39.985576638000055,21.348572120000028]]},"properties":{"OBJECTID":639,"camp_label":"3/210","Transport_mode":"النقل التقليدي","Street_Camp_MIN":"شارع 210","MAKARF":"طريق الطائف - نفق الجامعة عرفات الأول - الدائري الأوسط","Street_Camp_ARF":"شارع 510","Street_MIN_Exit":"طريق الملك خالد - المعيصم","ASMARF":"الدائري الأوسط 83","ASM_CODE":"ASMARF1","block":"28E","camp_type":"حجاج الخارج","block_ARF":"28E","ARF_ZONE2":"","_length":24822,"MAKARFT1":null,"ARF_IN":null,"ARF_OUT":null,"Shape_Length":0.047550745766770097}},{"type":"Feature","id":640,"geometry":{"type":"LineString","coordinates":[[39.94754269200007,21.33845289900006],[39.947882922000076,21.339012342000046],[39.94806738300008,21.33931715600005],[39.948252810000042,21.339560423000023],[39.948387074000038,21.339683809000064],[39.948537936000037,21.339801633000036],[39.948686590000079,21.339902104000032],[39.948875346000079,21.339993251000067],[39.949350837000054,21.340210389000049],[39.949867232000031,21.34042755300004],[39.950523626000063,21.340707680000037],[39.951483967000058,21.341119548000052],[39.95262288400005,21.341608852000036],[39.953384264000078,21.341944678000061],[39.953817981000043,21.342131661000053],[39.95408722600007,21.342220962000056],[39.95437045500006,21.342254175000051],[39.955214053000077,21.341746444000023],[39.95665136000008,21.340876285000036],[39.957739140000058,21.340217757000062],[39.958823771000027,21.339568923000058],[39.965102309000031,21.335764582000024],[39.966452691000029,21.334973297000033],[39.967387416000065,21.334537778000026],[39.968147388000034,21.334252954000078],[39.968538309000053,21.334134651000056],[39.969117894000078,21.333986158000073],[39.969441523000057,21.333916960000067],[39.970409320000044,21.333797324000045],[39.971280000000036,21.333759000000043],[39.97614800000008,21.33409000000006],[39.977602365000052,21.334224284000072],[39.978620627000055,21.334361124000054],[39.984311741000056,21.335168384000042],[39.988851000000068,21.335819000000072],[39.989595674000043,21.335976746000028],[39.989913331000025,21.336059639000041],[39.990074634000052,21.336108697000043],[39.990595000000042,21.336279000000047],[39.99105174400006,21.336456535000025],[39.991471697000065,21.336638142000027],[39.991601720000062,21.336694369000043],[39.991792514000053,21.33678833700003],[39.992416304000074,21.337127793000036],[39.992804592000027,21.337365677000037],[39.993452000000048,21.337824000000069],[39.993671273000075,21.338009163000038],[39.994206700000063,21.33846101000006],[39.994303764000051,21.338554463000037],[39.994472922000057,21.338717325000061],[39.994792016000076,21.339050093000026],[39.995042147000049,21.339336876000061],[39.995392021000043,21.339778528000068],[39.995652000000064,21.340141000000074],[39.995958320000057,21.34061009900006],[39.996381353000061,21.341357596000023],[39.996698020000053,21.342059065000058],[39.996976540000048,21.342841210000074],[39.997211230000062,21.34376932400005],[39.997339835000048,21.344604835000041],[39.997333322000031,21.344615608000026],[39.997325026000055,21.344625246000078],[39.997315169000046,21.34463349300006],[39.997304012000029,21.344640128000037],[39.997290743000065,21.344645230000026],[39.997279012000035,21.344647909000059],[39.997265835000064,21.344648848000077],[39.99725267000008,21.344647767000026],[39.997239867000076,21.344644696000046],[39.997227768000073,21.344639716000074],[39.997216693000041,21.344632960000069],[39.997206938000033,21.344624607000071],[39.997198762000039,21.344614881000041],[39.997192382000037,21.344604038000057],[39.997187968000048,21.344592368000065],[39.997168473000045,21.344367563000048],[39.99714146000008,21.344143442000075],[39.997071676000076,21.343733480000026],[39.997068877000061,21.343717077000065],[39.99695633500005,21.343248397000025],[39.996838738000065,21.342873351000037],[39.996826707000025,21.342853782000077],[39.996811488000048,21.342836270000078],[39.996793472000036,21.342821265000055],[39.996772685000053,21.342808985000033],[39.996749004000037,21.342799796000065],[39.996727582000062,21.342794791000074],[39.996703561000061,21.342792905000067],[39.996679528000072,21.342794646000073],[39.996656102000031,21.342799969000055],[39.996513042000061,21.342857398000035],[39.996320094000055,21.342308915000046],[39.996272239000064,21.342332357000032]]},"properties":{"OBJECTID":640,"camp_label":"3/510","Transport_mode":"النقل التقليدي","Street_Camp_MIN":"شارع 510","MAKARF":"طريق الطائف - جسر الجامعة عرفات الثاني - الدائري الشرقي","Street_Camp_ARF":"طريق 83","Street_MIN_Exit":"طريق الملك فهد (68 )","ASMARF":"الدائري الاوسط 83","ASM_CODE":"ASMARF1","block":"7-4","camp_type":"حجاج الخارج","block_ARF":"7-4","ARF_ZONE2":"ARF1","_length":19266,"MAKARFT1":null,"ARF_IN":null,"ARF_OUT":null,"Shape_Length":0.060919917902493417}},{"type":"Feature","id":641,"geometry":{"type":"LineString","coordinates":[[39.94754269200007,21.33845289900006],[39.947882922000076,21.339012342000046],[39.94806738300008,21.33931715600005],[39.948252810000042,21.339560423000023],[39.948387074000038,21.339683809000064],[39.948537936000037,21.339801633000036],[39.948686590000079,21.339902104000032],[39.948875346000079,21.339993251000067],[39.949350837000054,21.340210389000049],[39.949867232000031,21.34042755300004],[39.950523626000063,21.340707680000037],[39.951483967000058,21.341119548000052],[39.95262288400005,21.341608852000036],[39.953384264000078,21.341944678000061],[39.953817981000043,21.342131661000053],[39.95408722600007,21.342220962000056],[39.95437045500006,21.342254175000051],[39.955214053000077,21.341746444000023],[39.95665136000008,21.340876285000036],[39.957739140000058,21.340217757000062],[39.958823771000027,21.339568923000058],[39.965102309000031,21.335764582000024],[39.966452691000029,21.334973297000033],[39.967387416000065,21.334537778000026],[39.968147388000034,21.334252954000078],[39.968538309000053,21.334134651000056],[39.969061903000068,21.333998129000065],[39.969441523000057,21.333916960000067],[39.970414163000044,21.333796775000053],[39.971280000000036,21.333759000000043],[39.972151085000064,21.333794204000071],[39.976147974000071,21.334090063000076],[39.977602000000047,21.334224000000063],[39.978620627000055,21.334361124000054],[39.984312000000045,21.335168000000067],[39.988851000000068,21.335819000000072],[39.989596000000063,21.335977000000071],[39.989913331000025,21.336059639000041],[39.990075000000047,21.336109000000079],[39.990594525000063,21.336279122000064],[39.99105174400006,21.336456535000025],[39.991471697000065,21.336638142000027],[39.991601720000062,21.336694369000043],[39.991792514000053,21.33678833700003],[39.992416304000074,21.337127793000036],[39.992804592000027,21.337365677000037],[39.993452000000048,21.337824000000069],[39.993671273000075,21.338009163000038],[39.994206700000063,21.33846101000006],[39.994303764000051,21.338554463000037],[39.994472922000057,21.338717325000061],[39.994792016000076,21.339050093000026],[39.995042147000049,21.339336876000061],[39.995392021000043,21.339778528000068],[39.995652000000064,21.340141000000074],[39.992791966000027,21.341792200000043],[39.992345492000027,21.341230566000036],[39.992318976000035,21.341250585000068]]},"properties":{"OBJECTID":641,"camp_label":"3/652","Transport_mode":"النقل التقليدي","Street_Camp_MIN":"شارع 652","MAKARF":"طريق الطائف - طريق صاد - الدائري الشرقي","Street_Camp_ARF":"شارع 52","Street_MIN_Exit":"طريق الملك عبدالله (25) - المعيصم","ASMARF":"الدائري الشرقي عرفات","ASM_CODE":"ASMARF1","block":"122","camp_type":"حجاج الخارج","block_ARF":"122","ARF_ZONE2":"","_length":21233,"MAKARFT1":null,"ARF_IN":null,"ARF_OUT":null,"Shape_Length":0.057196972206115415}},{"type":"Feature","id":642,"geometry":{"type":"LineString","coordinates":[[39.94754269200007,21.33845289900006],[39.947882922000076,21.339012342000046],[39.94806738300008,21.33931715600005],[39.948252810000042,21.339560423000023],[39.948387074000038,21.339683809000064],[39.948537936000037,21.339801633000036],[39.948686590000079,21.339902104000032],[39.948875346000079,21.339993251000067],[39.949350837000054,21.340210389000049],[39.949867232000031,21.34042755300004],[39.950523626000063,21.340707680000037],[39.951483967000058,21.341119548000052],[39.95262288400005,21.341608852000036],[39.953384264000078,21.341944678000061],[39.953817981000043,21.342131661000053],[39.95408722600007,21.342220962000056],[39.95437045500006,21.342254175000051],[39.955214053000077,21.341746444000023],[39.95665136000008,21.340876285000036],[39.957739140000058,21.340217757000062],[39.958823771000027,21.339568923000058],[39.959897492000039,21.33975309300007],[39.960990657000025,21.339927552000063],[39.962083822000068,21.340102003000027],[39.963354236000043,21.340281783000023],[39.964165537000042,21.340402728000072],[39.965538207000066,21.340588467000032],[39.969332081000061,21.341166655000052],[39.969949754000027,21.341233893000037],[39.97196415500008,21.341398955000045],[39.975204524000048,21.341657407000071],[39.977501105000044,21.34183405400006],[39.978269431000058,21.341953748000037],[39.978568372000041,21.342023475000076],[39.978865776000077,21.342098751000037],[39.979161524000062,21.342179549000036],[39.979455501000075,21.342265836000024],[39.979747590000045,21.34235757700003],[39.980037676000052,21.342454736000036],[39.980294342000036,21.342544596000039],[39.98032564500005,21.342557276000036],[39.980611383000053,21.342665155000077],[39.98089477700006,21.342778332000023],[39.983458300000052,21.343753415000037],[39.983664668000074,21.343863542000065],[39.98386742100007,21.343979411000078],[39.98406637800008,21.344100919000027],[39.984261361000051,21.344227956000054],[39.984452194000028,21.344360409000046],[39.984638706000055,21.344498158000079],[39.984820729000035,21.344641081000077],[39.984998100000041,21.344789048000052],[39.985170661000041,21.344941926000047],[39.985338255000045,21.345099580000067],[39.985500733000038,21.345261866000044],[39.985657949000029,21.345428640000023],[39.985809761000041,21.345599751000066],[39.985953503000076,21.345771920000061],[39.985956033000036,21.345775047000075],[39.987438914000052,21.347561534000079],[39.987737294000055,21.348011464000024],[39.98775601300008,21.34804293600007],[39.987769062000041,21.348076826000067],[39.98777609800004,21.348112245000038],[39.987776935000056,21.348148264000031],[39.987771554000062,21.348183937000044],[39.987760094000066,21.34821832800003],[39.987742856000068,21.348250533000055],[39.987720293000052,21.348279708000064],[39.987692998000057,21.348305087000028],[39.987661686000081,21.348326004000057],[39.986701080000046,21.348930003000078],[39.986113260000025,21.349277861000076],[39.98517628500008,21.349833285000045],[39.984813810000048,21.350057120000031],[39.984877324000024,21.350151923000055]]},"properties":{"OBJECTID":642,"camp_label":"37/68","Transport_mode":"النقل التقليدي","Street_Camp_MIN":"شارع 68","MAKARF":"طريق الطائف - نفق الجامعة عرفات الأول - الدائري الأوسط","Street_Camp_ARF":"طريق 62","Street_MIN_Exit":"طريق الملك خالد - المعيصم","ASMARF":"الدائري الأوسط 83","ASM_CODE":"ASMARF1","block":"101","camp_type":"حجاج الخارج","block_ARF":"101","ARF_ZONE2":"ARF1","_length":25161,"MAKARFT1":null,"ARF_IN":null,"ARF_OUT":null,"Shape_Length":0.048246737283489084}},{"type":"Feature","id":643,"geometry":{"type":"LineString","coordinates":[[39.94754269200007,21.33845289900006],[39.947882922000076,21.339012342000046],[39.94806738300008,21.33931715600005],[39.948252810000042,21.339560423000023],[39.948387074000038,21.339683809000064],[39.948537936000037,21.339801633000036],[39.948686590000079,21.339902104000032],[39.948875346000079,21.339993251000067],[39.949350837000054,21.340210389000049],[39.949867232000031,21.34042755300004],[39.950523626000063,21.340707680000037],[39.951483967000058,21.341119548000052],[39.95262288400005,21.341608852000036],[39.953384264000078,21.341944678000061],[39.953817981000043,21.342131661000053],[39.95408722600007,21.342220962000056],[39.95437045500006,21.342254175000051],[39.955214053000077,21.341746444000023],[39.95665136000008,21.340876285000036],[39.957739140000058,21.340217757000062],[39.958823771000027,21.339568923000058],[39.959897492000039,21.33975309300007],[39.960990657000025,21.339927552000063],[39.962083822000068,21.340102003000027],[39.963354236000043,21.340281783000023],[39.964165537000042,21.340402728000072],[39.965538207000066,21.340588467000032],[39.969332081000061,21.341166655000052],[39.969949754000027,21.341233893000037],[39.97196415500008,21.341398955000045],[39.975204524000048,21.341657407000071],[39.977501105000044,21.34183405400006],[39.978269431000058,21.341953748000037],[39.978568372000041,21.342023475000076],[39.978865776000077,21.342098751000037],[39.979161524000062,21.342179549000036],[39.979455501000075,21.342265836000024],[39.979747590000045,21.34235757700003],[39.980037676000052,21.342454736000036],[39.980294342000036,21.342544596000039],[39.98032564500005,21.342557276000036],[39.980611383000053,21.342665155000077],[39.98089477700006,21.342778332000023],[39.983458300000052,21.343753415000037],[39.983664668000074,21.343863542000065],[39.98386742100007,21.343979411000078],[39.98406637800008,21.344100919000027],[39.984261361000051,21.344227956000054],[39.984452194000028,21.344360409000046],[39.984638706000055,21.344498158000079],[39.984820729000035,21.344641081000077],[39.984998100000041,21.344789048000052],[39.985170661000041,21.344941926000047],[39.985338255000045,21.345099580000067],[39.985500733000038,21.345261866000044],[39.985657949000029,21.345428640000023],[39.985809761000041,21.345599751000066],[39.985953503000076,21.345771920000061],[39.985956033000036,21.345775047000075],[39.987438914000052,21.347561534000079],[39.987737294000055,21.348011464000024],[39.98775601300008,21.34804293600007],[39.987769062000041,21.348076826000067],[39.98777609800004,21.348112245000038],[39.987776935000056,21.348148264000031],[39.987771554000062,21.348183937000044],[39.987760094000066,21.34821832800003],[39.987742856000068,21.348250533000055],[39.987720293000052,21.348279708000064],[39.987692998000057,21.348305087000028],[39.987661686000081,21.348326004000057],[39.986701080000046,21.348930003000078],[39.986113260000025,21.349277861000076],[39.98517628500008,21.349833285000045],[39.985553573000061,21.350388947000056],[39.985592952000047,21.350366270000052]]},"properties":{"OBJECTID":643,"camp_label":"39/68","Transport_mode":"النقل التقليدي","Street_Camp_MIN":"شارع 68","MAKARF":"طريق الطائف - نفق الجامعة عرفات الأول - الدائري الأوسط","Street_Camp_ARF":"طريق 62","Street_MIN_Exit":"طريق الملك خالد - المعيصم","ASMARF":"الدائري الأوسط 83","ASM_CODE":"ASMARF1","block":"101","camp_type":"حجاج الخارج","block_ARF":"101","ARF_ZONE2":"ARF3","_length":25105,"MAKARFT1":null,"ARF_IN":null,"ARF_OUT":null,"Shape_Length":0.048423694551767968}},{"type":"Feature","id":644,"geometry":{"type":"LineString","coordinates":[[39.94754269200007,21.33845289900006],[39.947882922000076,21.339012342000046],[39.94806738300008,21.33931715600005],[39.948252810000042,21.339560423000023],[39.948387074000038,21.339683809000064],[39.948537936000037,21.339801633000036],[39.948686590000079,21.339902104000032],[39.948875346000079,21.339993251000067],[39.949350837000054,21.340210389000049],[39.949867232000031,21.34042755300004],[39.950523626000063,21.340707680000037],[39.951483967000058,21.341119548000052],[39.95262288400005,21.341608852000036],[39.953384264000078,21.341944678000061],[39.953817981000043,21.342131661000053],[39.95408722600007,21.342220962000056],[39.95437045500006,21.342254175000051],[39.955214053000077,21.341746444000023],[39.95665136000008,21.340876285000036],[39.957739140000058,21.340217757000062],[39.958823771000027,21.339568923000058],[39.959897492000039,21.33975309300007],[39.960990657000025,21.339927552000063],[39.962083822000068,21.340102003000027],[39.963354236000043,21.340281783000023],[39.964165537000042,21.340402728000072],[39.965538207000066,21.340588467000032],[39.969332081000061,21.341166655000052],[39.969949754000027,21.341233893000037],[39.97196415500008,21.341398955000045],[39.975204524000048,21.341657407000071],[39.977501105000044,21.34183405400006],[39.978269431000058,21.341953748000037],[39.978568372000041,21.342023475000076],[39.978856557000029,21.342096329000071],[39.979147775000058,21.342175660000066],[39.979192321000028,21.342176087000041],[39.979243256000075,21.342165116000047],[39.979610838000042,21.341959594000059],[39.97978979100003,21.341888660000052],[39.979784126000027,21.34184287100004]]},"properties":{"OBJECTID":644,"camp_label":"4/643","Transport_mode":"النقل التقليدي","Street_Camp_MIN":"شارع 643","MAKARF":"طريق الطائف - نفق الجامعة عرفات الأول - الدائري الأوسط","Street_Camp_ARF":"طريق 50","Street_MIN_Exit":"طريق الملك عبدالله (25) - المعيصم","ASMARF":"الدائري الأوسط 83","ASM_CODE":"ASMARF1","block":"120","camp_type":"حجاج الداخل","block_ARF":"120","ARF_ZONE2":"","_length":22070,"MAKARFT1":null,"ARF_IN":null,"ARF_OUT":null,"Shape_Length":0.03450056288487683}},{"type":"Feature","id":645,"geometry":{"type":"LineString","coordinates":[[39.94754269200007,21.33845289900006],[39.947882922000076,21.339012342000046],[39.94806738300008,21.33931715600005],[39.948252810000042,21.339560423000023],[39.948387074000038,21.339683809000064],[39.948537936000037,21.339801633000036],[39.948686590000079,21.339902104000032],[39.948875346000079,21.339993251000067],[39.949350837000054,21.340210389000049],[39.949867232000031,21.34042755300004],[39.950523626000063,21.340707680000037],[39.951483967000058,21.341119548000052],[39.95262288400005,21.341608852000036],[39.953384264000078,21.341944678000061],[39.953817981000043,21.342131661000053],[39.95408722600007,21.342220962000056],[39.95437045500006,21.342254175000051],[39.955214053000077,21.341746444000023],[39.95665136000008,21.340876285000036],[39.957739140000058,21.340217757000062],[39.958823771000027,21.339568923000058],[39.959897492000039,21.33975309300007],[39.960990657000025,21.339927552000063],[39.962083822000068,21.340102003000027],[39.963354236000043,21.340281783000023],[39.964165537000042,21.340402728000072],[39.965538207000066,21.340588467000032],[39.969332081000061,21.341166655000052],[39.969949754000027,21.341233893000037],[39.97196415500008,21.341398955000045],[39.975204524000048,21.341657407000071],[39.975453354000081,21.341676548000066],[39.974133824000035,21.342484467000077],[39.973112164000042,21.343102888000033],[39.971542448000037,21.344036152000058],[39.971764868000037,21.344403397000065],[39.971993454000028,21.344268456000066],[39.972241071000042,21.344123621000051],[39.972525000000076,21.344543000000044],[39.972714000000053,21.344822000000022],[39.972845000000063,21.34490900000003],[39.972806442000035,21.344929569000044]]},"properties":{"OBJECTID":645,"camp_label":"5/208","Transport_mode":"النقل التقليدي","Street_Camp_MIN":"شارع 208","MAKARF":"طريق الطائف - نفق الجامعة عرفات الأول - الدائري الأوسط","Street_Camp_ARF":"طريق 50","Street_MIN_Exit":"طريق الملك خالد - المعيصم","ASMARF":"الدائري الأوسط 83","ASM_CODE":"ASMARF1","block":"35D","camp_type":"حجاج الداخل","block_ARF":"35D","ARF_ZONE2":"مسار رقم 1","_length":24211,"MAKARFT1":null,"ARF_IN":null,"ARF_OUT":null,"Shape_Length":0.036600424050615345}},{"type":"Feature","id":646,"geometry":{"type":"LineString","coordinates":[[39.94754269200007,21.33845289900006],[39.947882922000076,21.339012342000046],[39.94806738300008,21.33931715600005],[39.948252810000042,21.339560423000023],[39.948387074000038,21.339683809000064],[39.948537936000037,21.339801633000036],[39.948686590000079,21.339902104000032],[39.948875346000079,21.339993251000067],[39.949350837000054,21.340210389000049],[39.949867232000031,21.34042755300004],[39.950523626000063,21.340707680000037],[39.951483967000058,21.341119548000052],[39.95262288400005,21.341608852000036],[39.953384264000078,21.341944678000061],[39.953817981000043,21.342131661000053],[39.95408722600007,21.342220962000056],[39.95437045500006,21.342254175000051],[39.955214053000077,21.341746444000023],[39.95665136000008,21.340876285000036],[39.957739140000058,21.340217757000062],[39.958823771000027,21.339568923000058],[39.965102309000031,21.335764582000024],[39.966452691000029,21.334973297000033],[39.967375014000027,21.334543557000075],[39.968147388000034,21.334252954000078],[39.968538309000053,21.334134651000056],[39.969117894000078,21.333986158000073],[39.969441523000057,21.333916960000067],[39.970409000000075,21.333797000000061],[39.971279505000041,21.333759134000047],[39.976147974000071,21.334090063000076],[39.977602000000047,21.334224000000063],[39.978621000000032,21.334361000000058],[39.984312000000045,21.335168000000067],[39.988851000000068,21.335819000000072],[39.989595674000043,21.335976746000028],[39.989913331000025,21.336059639000041],[39.990075000000047,21.336109000000079],[39.990594525000063,21.336279122000064],[39.99105174400006,21.336456535000025],[39.991471697000065,21.336638142000027],[39.991601720000062,21.336694369000043],[39.991792512000075,21.336788336000041],[39.992416304000074,21.337127793000036],[39.992805000000033,21.337366000000031],[39.993452000000048,21.337824000000069],[39.993671273000075,21.338009163000038],[39.994206700000063,21.33846101000006],[39.994303764000051,21.338554463000037],[39.994472922000057,21.338717325000061],[39.994792016000076,21.339050093000026],[39.995042147000049,21.339336876000061],[39.995392021000043,21.339778528000068],[39.995651810000027,21.34014140000005],[39.990267295000081,21.343256986000029],[39.989805000000047,21.342543000000035],[39.989720434000048,21.342398563000074],[39.989755511000055,21.342376533000049]]},"properties":{"OBJECTID":646,"camp_label":"5/510","Transport_mode":"النقل التقليدي","Street_Camp_MIN":"شارع 510","MAKARF":"طريق الطائف - جسر الجامعة عرفات الثاني - الدائري الشرقي","Street_Camp_ARF":"طريق 83","Street_MIN_Exit":"طريق الملك فهد (68 )","ASMARF":"الدائري الاوسط 83","ASM_CODE":"ASMARF1","block":"7-4","camp_type":"حجاج الخارج","block_ARF":"7-4","ARF_ZONE2":"ARF ZONE 6","_length":19274,"MAKARFT1":null,"ARF_IN":54,"ARF_OUT":56,"Shape_Length":0.060423837806390795}},{"type":"Feature","id":647,"geometry":{"type":"LineString","coordinates":[[39.94754269200007,21.33845289900006],[39.947882922000076,21.339012342000046],[39.94806738300008,21.33931715600005],[39.948252810000042,21.339560423000023],[39.948387074000038,21.339683809000064],[39.948537936000037,21.339801633000036],[39.948686590000079,21.339902104000032],[39.948875346000079,21.339993251000067],[39.949350837000054,21.340210389000049],[39.949867232000031,21.34042755300004],[39.950523626000063,21.340707680000037],[39.951483967000058,21.341119548000052],[39.95262288400005,21.341608852000036],[39.953384264000078,21.341944678000061],[39.953817981000043,21.342131661000053],[39.95408722600007,21.342220962000056],[39.95437045500006,21.342254175000051],[39.955214053000077,21.341746444000023],[39.95665136000008,21.340876285000036],[39.957739140000058,21.340217757000062],[39.958823771000027,21.339568923000058],[39.965102309000031,21.335764582000024],[39.966452691000029,21.334973297000033],[39.967387416000065,21.334537778000026],[39.967665105000037,21.334433705000038],[39.968147388000034,21.334252954000078],[39.968538309000053,21.334134651000056],[39.969056085000034,21.33399937400003],[39.969441000000074,21.333917000000042],[39.970409000000075,21.333797000000061],[39.971279505000041,21.333759134000047],[39.972151085000064,21.333794204000071],[39.97614800000008,21.33409000000006],[39.977602000000047,21.334224000000063],[39.978620627000055,21.334361124000054],[39.984311742000045,21.335168384000042],[39.977507439000078,21.340167536000024],[39.977757719000067,21.340512643000068],[39.977791250000053,21.340495193000038]]},"properties":{"OBJECTID":647,"camp_label":"6/643","Transport_mode":"النقل التقليدي","Street_Camp_MIN":"شارع 643","MAKARF":"طريق الطائف - نفق الجامعة عرفات الأول - الدائري الأوسط","Street_Camp_ARF":"طريق 50","Street_MIN_Exit":"طريق الملك عبدالله (25) - المعيصم","ASMARF":"الدائري الأوسط 83","ASM_CODE":"ASMARF1","block":"120","camp_type":"حجاج الداخل","block_ARF":"120","ARF_ZONE2":"مسار رقم 3","_length":20791,"MAKARFT1":null,"ARF_IN":null,"ARF_OUT":null,"Shape_Length":0.049191131433056444}},{"type":"Feature","id":648,"geometry":{"type":"LineString","coordinates":[[39.94754269200007,21.33845289900006],[39.947882922000076,21.339012342000046],[39.94806738300008,21.33931715600005],[39.948252810000042,21.339560423000023],[39.948387074000038,21.339683809000064],[39.948537936000037,21.339801633000036],[39.948686590000079,21.339902104000032],[39.948875346000079,21.339993251000067],[39.949350837000054,21.340210389000049],[39.949867232000031,21.34042755300004],[39.950523626000063,21.340707680000037],[39.951483967000058,21.341119548000052],[39.95262288400005,21.341608852000036],[39.953384264000078,21.341944678000061],[39.953817981000043,21.342131661000053],[39.95408722600007,21.342220962000056],[39.95437045500006,21.342254175000051],[39.955214053000077,21.341746444000023],[39.95665136000008,21.340876285000036],[39.957739140000058,21.340217757000062],[39.958823771000027,21.339568923000058],[39.959897492000039,21.33975309300007],[39.960990657000025,21.339927552000063],[39.962083822000068,21.340102003000027],[39.963354236000043,21.340281783000023],[39.964165537000042,21.340402728000072],[39.965538207000066,21.340588467000032],[39.969332081000061,21.341166655000052],[39.969949754000027,21.341233893000037],[39.97196415500008,21.341398955000045],[39.975204524000048,21.341657407000071],[39.977501105000044,21.34183405400006],[39.978269431000058,21.341953748000037],[39.978604033000067,21.342032188000076],[39.978936689000079,21.342117581000025],[39.979147801000067,21.342175668000039],[39.979267236000055,21.342209886000035],[39.979595509000035,21.342309056000033],[39.979921347000072,21.342415042000027],[39.980244589000051,21.342527792000055],[39.980294342000036,21.342544596000039],[39.98056482100003,21.342647576000047],[39.980611383000053,21.342665155000077],[39.98089477700006,21.342778332000023],[39.981829549000054,21.343133895000051],[39.983458300000052,21.343753415000037],[39.983664411000063,21.343863399000043],[39.983672493000029,21.343868018000023],[39.983866916000068,21.343979111000067],[39.98406637800008,21.344100919000027],[39.984535313000038,21.344421497000042],[39.984819147000053,21.344639795000035],[39.984998100000041,21.344789048000052],[39.985338255000045,21.345099580000067],[39.985655614000052,21.345426085000042],[39.985809761000041,21.345599751000066],[39.985863786000039,21.345664514000077],[39.989598000000058,21.343496000000073],[39.989600000000053,21.34346000000005],[39.989595000000065,21.343424000000027],[39.989556612000058,21.343356074000042],[39.989507929000069,21.34330135600004],[39.989431411000055,21.343247793000046],[39.989317328000027,21.343183796000062],[39.98913826200004,21.343103005000046],[39.989156365000042,21.343058365000047]]},"properties":{"OBJECTID":648,"camp_label":"7/510","Transport_mode":"النقل التقليدي","Street_Camp_MIN":"شارع 510","MAKARF":"طريق الطائف - جسر الجامعة عرفات الثاني - الدائري الشرقي","Street_Camp_ARF":"طريق 83","Street_MIN_Exit":"طريق الملك فهد (68 )","ASMARF":"الدائري الاوسط 83","ASM_CODE":"ASMARF1","block":"7-4","camp_type":"حجاج الخارج","block_ARF":"7-4","ARF_ZONE2":"","_length":19413,"MAKARFT1":null,"ARF_IN":null,"ARF_OUT":null,"Shape_Length":0.046438729158330597}},{"type":"Feature","id":649,"geometry":{"type":"LineString","coordinates":[[39.94754269200007,21.33845289900006],[39.947882922000076,21.339012342000046],[39.94806738300008,21.33931715600005],[39.948252810000042,21.339560423000023],[39.948387074000038,21.339683809000064],[39.948537936000037,21.339801633000036],[39.948686590000079,21.339902104000032],[39.948875346000079,21.339993251000067],[39.949350837000054,21.340210389000049],[39.949867232000031,21.34042755300004],[39.950523626000063,21.340707680000037],[39.951483967000058,21.341119548000052],[39.95262288400005,21.341608852000036],[39.953384264000078,21.341944678000061],[39.953817981000043,21.342131661000053],[39.95408722600007,21.342220962000056],[39.95437045500006,21.342254175000051],[39.955214053000077,21.341746444000023],[39.95665136000008,21.340876285000036],[39.957739140000058,21.340217757000062],[39.958823771000027,21.339568923000058],[39.965102309000031,21.335764582000024],[39.966452691000029,21.334973297000033],[39.967387416000065,21.334537778000026],[39.968147388000034,21.334252954000078],[39.968538309000053,21.334134651000056],[39.969117894000078,21.333986158000073],[39.969441000000074,21.333917000000042],[39.970409000000075,21.333797000000061],[39.971280000000036,21.333759000000043],[39.976147974000071,21.334090063000076],[39.977602000000047,21.334224000000063],[39.978620627000055,21.334361124000054],[39.984312000000045,21.335168000000067],[39.988851000000068,21.335819000000072],[39.989596000000063,21.335977000000071],[39.989913331000025,21.336059639000041],[39.990075000000047,21.336109000000079],[39.990594525000063,21.336279122000064],[39.99105174400006,21.336456535000025],[39.991471697000065,21.336638142000027],[39.991485773000079,21.336645636000071],[39.991498000000036,21.336655000000064],[39.991509065000059,21.33666676100006],[39.991518000000042,21.336680000000058],[39.991524000000027,21.336694000000023],[39.991526958000065,21.336708759000032],[39.99152765000008,21.336723963000054],[39.991525610000053,21.336739059000024],[39.991520896000054,21.336753621000071],[39.991513640000051,21.336767235000025],[39.991504000000077,21.336780000000033],[39.991492396000069,21.336790116000032],[39.991479009000045,21.336798733000023],[39.989441315000079,21.338335753000024],[39.989046706000067,21.33864668700005],[39.988521028000036,21.339089873000034],[39.988013132000049,21.339550902000042],[39.987434000000064,21.340121000000067],[39.987417828000048,21.340242019000073],[39.987450888000069,21.340354800000057],[39.98753182300004,21.340525072000048],[39.98765338000004,21.340780807000044],[39.987752000000057,21.341112000000066],[39.98777786900007,21.34140261400006],[39.98778346000006,21.341523842000072],[39.987774543000057,21.341652194000062],[39.98775100000006,21.341998000000046],[39.987837254000056,21.342136793000066],[39.987910600000077,21.342255078000051],[39.987986969000076,21.342377700000043],[39.988069138000071,21.342509840000048],[39.988119850000032,21.34247982100004]]},"properties":{"OBJECTID":649,"camp_label":"8/518","Transport_mode":"النقل التقليدي","Street_Camp_MIN":"شارع 518","MAKARF":"طريق الطائف - جسر الجامعة عرفات الثاني - الدائري الشرقي","Street_Camp_ARF":"طريق 62","Street_MIN_Exit":"طريق الملك فهد (68 )","ASMARF":"الدائري الشرقي عرفات","ASM_CODE":"ASMARF1","block":"7-4","camp_type":"حجاج الخارج","block_ARF":"7-4","ARF_ZONE2":"","_length":19399,"MAKARFT1":null,"ARF_IN":null,"ARF_OUT":null,"Shape_Length":0.055672055884321794}},{"type":"Feature","id":650,"geometry":{"type":"LineString","coordinates":[[39.94754269200007,21.33845289900006],[39.947882922000076,21.339012342000046],[39.94806738300008,21.33931715600005],[39.948252810000042,21.339560423000023],[39.948387074000038,21.339683809000064],[39.948537936000037,21.339801633000036],[39.948686590000079,21.339902104000032],[39.948875346000079,21.339993251000067],[39.949350837000054,21.340210389000049],[39.949867232000031,21.34042755300004],[39.950523626000063,21.340707680000037],[39.951483967000058,21.341119548000052],[39.95262288400005,21.341608852000036],[39.953384264000078,21.341944678000061],[39.953817981000043,21.342131661000053],[39.95408722600007,21.342220962000056],[39.95437045500006,21.342254175000051],[39.955214053000077,21.341746444000023],[39.95665136000008,21.340876285000036],[39.957739140000058,21.340217757000062],[39.958823771000027,21.339568923000058],[39.959897492000039,21.33975309300007],[39.960990657000025,21.339927552000063],[39.962083822000068,21.340102003000027],[39.963354236000043,21.340281783000023],[39.964165537000042,21.340402728000072],[39.965538207000066,21.340588467000032],[39.969332081000061,21.341166655000052],[39.969949754000027,21.341233893000037],[39.97196415500008,21.341398955000045],[39.975204524000048,21.341657407000071],[39.978310031000035,21.339404311000067],[39.978577305000044,21.339526669000065],[39.979289194000046,21.339653525000074],[39.979279078000047,21.339687233000063]]},"properties":{"OBJECTID":650,"camp_label":"8/643","Transport_mode":"النقل التقليدي","Street_Camp_MIN":"شارع 643","MAKARF":"طريق الطائف - نفق الجامعة عرفات الأول - الدائري الأوسط","Street_Camp_ARF":"طريق 50","Street_MIN_Exit":"طريق الملك عبدالله (25) - المعيصم","ASMARF":"الدائري الأوسط 83","ASM_CODE":"ASMARF1","block":"120","camp_type":"حجاج الداخل","block_ARF":"120","ARF_ZONE2":"","_length":21353,"MAKARFT1":null,"ARF_IN":null,"ARF_OUT":null,"Shape_Length":0.034646126479064045}},{"type":"Feature","id":651,"geometry":{"type":"LineString","coordinates":[[39.94754269200007,21.33845289900006],[39.947882922000076,21.339012342000046],[39.94806738300008,21.33931715600005],[39.948252810000042,21.339560423000023],[39.948387074000038,21.339683809000064],[39.948537936000037,21.339801633000036],[39.948686590000079,21.339902104000032],[39.948875346000079,21.339993251000067],[39.949350837000054,21.340210389000049],[39.949867232000031,21.34042755300004],[39.950523626000063,21.340707680000037],[39.951483967000058,21.341119548000052],[39.95262288400005,21.341608852000036],[39.953384264000078,21.341944678000061],[39.953817981000043,21.342131661000053],[39.95408722600007,21.342220962000056],[39.95437045500006,21.342254175000051],[39.955214053000077,21.341746444000023],[39.95665136000008,21.340876285000036],[39.957739140000058,21.340217757000062],[39.958823771000027,21.339568923000058],[39.959897492000039,21.33975309300007],[39.960990657000025,21.339927552000063],[39.962083822000068,21.340102003000027],[39.963354236000043,21.340281783000023],[39.964165537000042,21.340402728000072],[39.965538207000066,21.340588467000032],[39.969332081000061,21.341166655000052],[39.969949754000027,21.341233893000037],[39.97196415500008,21.341398955000045],[39.975204524000048,21.341657407000071],[39.975453354000081,21.341676548000066],[39.974133824000035,21.342484467000077],[39.974357711000039,21.342802760000041],[39.974331119000055,21.342818979000072]]},"properties":{"OBJECTID":651,"camp_label":"9/208","Transport_mode":"النقل التقليدي","Street_Camp_MIN":"شارع 208","MAKARF":"طريق الطائف - نفق الجامعة عرفات الأول - الدائري الأوسط","Street_Camp_ARF":"طريق 50","Street_MIN_Exit":"طريق الملك خالد - المعيصم","ASMARF":"الدائري الأوسط 83","ASM_CODE":"ASMARF1","block":"35D","camp_type":"حجاج الداخل","block_ARF":"35D","ARF_ZONE2":"ARF ZONE 7","_length":24263,"MAKARFT1":null,"ARF_IN":52,"ARF_OUT":56,"Shape_Length":0.031974215548668944}},{"type":"Feature","id":652,"geometry":{"type":"LineString","coordinates":[[39.94754269200007,21.33845289900006],[39.947882922000076,21.339012342000046],[39.94806738300008,21.33931715600005],[39.948252810000042,21.339560423000023],[39.948387074000038,21.339683809000064],[39.948537936000037,21.339801633000036],[39.948686590000079,21.339902104000032],[39.948875346000079,21.339993251000067],[39.949350837000054,21.340210389000049],[39.949867232000031,21.34042755300004],[39.950523626000063,21.340707680000037],[39.951483967000058,21.341119548000052],[39.95262288400005,21.341608852000036],[39.953384264000078,21.341944678000061],[39.953817981000043,21.342131661000053],[39.95408722600007,21.342220962000056],[39.95437045500006,21.342254175000051],[39.955214053000077,21.341746444000023],[39.95665136000008,21.340876285000036],[39.957739140000058,21.340217757000062],[39.958823771000027,21.339568923000058],[39.959897492000039,21.33975309300007],[39.960990657000025,21.339927552000063],[39.962083822000068,21.340102003000027],[39.963354236000043,21.340281783000023],[39.964165537000042,21.340402728000072],[39.965538207000066,21.340588467000032],[39.969332081000061,21.341166655000052],[39.969949754000027,21.341233893000037],[39.97196415500008,21.341398955000045],[39.975204524000048,21.341657407000071],[39.977501105000044,21.34183405400006],[39.978269431000058,21.341953748000037],[39.978568372000041,21.342023475000076],[39.978865776000077,21.342098751000037],[39.979161524000062,21.342179549000036],[39.979455501000075,21.342265836000024],[39.979747590000045,21.34235757700003],[39.980037676000052,21.342454736000036],[39.980294342000036,21.342544596000039],[39.98032564500005,21.342557276000036],[39.980611383000053,21.342665155000077],[39.98089477700006,21.342778332000023],[39.983458300000052,21.343753415000037],[39.983664668000074,21.343863542000065],[39.98386742100007,21.343979411000078],[39.98406637800008,21.344100919000027],[39.984261361000051,21.344227956000054],[39.984452194000028,21.344360409000046],[39.984638706000055,21.344498158000079],[39.984820729000035,21.344641081000077],[39.984998100000041,21.344789048000052],[39.985170661000041,21.344941926000047],[39.985338255000045,21.345099580000067],[39.985500733000038,21.345261866000044],[39.985657949000029,21.345428640000023],[39.985809761000041,21.345599751000066],[39.985956033000036,21.345775047000075],[39.987438914000052,21.347561534000079],[39.987737294000055,21.348011464000024],[39.98775601300008,21.34804293600007],[39.987769062000041,21.348076826000067],[39.98777609800004,21.348112245000038],[39.987776935000056,21.348148264000031],[39.987771554000062,21.348183937000044],[39.987760094000066,21.34821832800003],[39.987742856000068,21.348250533000055],[39.987720293000052,21.348279708000064],[39.987692998000057,21.348305087000028],[39.987661686000081,21.348326004000057],[39.986701080000046,21.348930003000078],[39.986113260000025,21.349277861000076],[39.985760577000065,21.348747243000048],[39.985803984000029,21.348721707000038]]},"properties":{"OBJECTID":652,"camp_label":"9/210","Transport_mode":"النقل التقليدي","Street_Camp_MIN":"شارع 210","MAKARF":"طريق الطائف - نفق الجامعة عرفات الأول - الدائري الأوسط","Street_Camp_ARF":"شارع 510","Street_MIN_Exit":"طريق الملك خالد - المعيصم","ASMARF":"الدائري الأوسط 83","ASM_CODE":"ASMARF1","block":"28E","camp_type":"حجاج الخارج","block_ARF":"28E","ARF_ZONE2":"مسار رقم 1","_length":24831,"MAKARFT1":null,"ARF_IN":null,"ARF_OUT":null,"Shape_Length":0.047304875618856594}},{"type":"Feature","id":653,"geometry":{"type":"LineString","coordinates":[[39.94754269200007,21.33845289900006],[39.947882922000076,21.339012342000046],[39.94806738300008,21.33931715600005],[39.948252810000042,21.339560423000023],[39.948387074000038,21.339683809000064],[39.948537936000037,21.339801633000036],[39.948686590000079,21.339902104000032],[39.948875346000079,21.339993251000067],[39.949350837000054,21.340210389000049],[39.949867232000031,21.34042755300004],[39.950523626000063,21.340707680000037],[39.951483967000058,21.341119548000052],[39.95262288400005,21.341608852000036],[39.953384264000078,21.341944678000061],[39.953817981000043,21.342131661000053],[39.95408722600007,21.342220962000056],[39.95437045500006,21.342254175000051],[39.955214053000077,21.341746444000023],[39.95665136000008,21.340876285000036],[39.957739140000058,21.340217757000062],[39.958823771000027,21.339568923000058],[39.959897492000039,21.33975309300007],[39.960990657000025,21.339927552000063],[39.962083822000068,21.340102003000027],[39.963354236000043,21.340281783000023],[39.964165537000042,21.340402728000072],[39.965538207000066,21.340588467000032],[39.969332081000061,21.341166655000052],[39.969949754000027,21.341233893000037],[39.97196415500008,21.341398955000045],[39.975204524000048,21.341657407000071],[39.977501105000044,21.34183405400006],[39.978269431000058,21.341953748000037],[39.978568372000041,21.342023475000076],[39.978865776000077,21.342098751000037],[39.979161524000062,21.342179549000036],[39.979455501000075,21.342265836000024],[39.979747590000045,21.34235757700003],[39.980037676000052,21.342454736000036],[39.980294342000036,21.342544596000039],[39.98032564500005,21.342557276000036],[39.980611383000053,21.342665155000077],[39.98089477700006,21.342778332000023],[39.983458300000052,21.343753415000037],[39.983664668000074,21.343863542000065],[39.98386742100007,21.343979411000078],[39.98406637800008,21.344100919000027],[39.984261361000051,21.344227956000054],[39.984452194000028,21.344360409000046],[39.984638706000055,21.344498158000079],[39.984820729000035,21.344641081000077],[39.984998100000041,21.344789048000052],[39.985170661000041,21.344941926000047],[39.985338255000045,21.345099580000067],[39.985500733000038,21.345261866000044],[39.985657949000029,21.345428640000023],[39.985809761000041,21.345599751000066],[39.985953503000076,21.345771920000061],[39.985956033000036,21.345775047000075],[39.987438914000052,21.347561534000079],[39.987803652000025,21.348111524000046],[39.988048065000044,21.348599213000057],[39.988278319000074,21.349219230000074],[39.988502444000062,21.349841215000026],[39.988513325000042,21.349882528000023],[39.988517823000052,21.349924871000042],[39.988515847000031,21.349967382000045],[39.988507438000056,21.350009198000066],[39.988492767000025,21.350049469000055],[39.988472131000037,21.350087376000033],[39.988445950000028,21.350122148000025],[39.988414756000054,21.350153078000062],[39.988379185000042,21.350179539000067],[39.988339957000051,21.350200990000076],[39.988162524000074,21.350294986000051],[39.985186054000053,21.351683482000055],[39.98290570000006,21.352742626000065],[39.982332004000057,21.353025279000065],[39.981298937000076,21.353651520000028],[39.978120649000061,21.355575122000062],[39.976326562000054,21.35666113800005],[39.975679312000068,21.357046987000047],[39.974786949000077,21.357578949000072],[39.974873458000047,21.357689340000036]]},"properties":{"OBJECTID":653,"camp_label":"B/204","Transport_mode":"النقل التقليدي","Street_Camp_MIN":"شارع 204","MAKARF":"طريق الطائف - نفق الجامعة عرفات الأول - الدائري الأوسط","Street_Camp_ARF":"طريق 62","Street_MIN_Exit":"طريق الملك فهد (68 )","ASMARF":"الدائري الغربي عرفات","ASM_CODE":"ASMARF1","block":"38","camp_type":"حجاج الخارج","block_ARF":"38","ARF_ZONE2":"","_length":23786,"MAKARFT1":null,"ARF_IN":null,"ARF_OUT":null,"Shape_Length":0.062447068445357634}},{"type":"Feature","id":665,"geometry":{"type":"LineString","coordinates":[[39.94754269200007,21.33845289900006],[39.947882922000076,21.339012342000046],[39.94806738300008,21.33931715600005],[39.948252810000042,21.339560423000023],[39.948387074000038,21.339683809000064],[39.948537936000037,21.339801633000036],[39.948686590000079,21.339902104000032],[39.948875346000079,21.339993251000067],[39.949350837000054,21.340210389000049],[39.949867232000031,21.34042755300004],[39.950523626000063,21.340707680000037],[39.951483967000058,21.341119548000052],[39.95262288400005,21.341608852000036],[39.953384264000078,21.341944678000061],[39.953817981000043,21.342131661000053],[39.95408722600007,21.342220962000056],[39.95437045500006,21.342254175000051],[39.955214053000077,21.341746444000023],[39.95665136000008,21.340876285000036],[39.957739140000058,21.340217757000062],[39.958823771000027,21.339568923000058],[39.959897492000039,21.33975309300007],[39.960990657000025,21.339927552000063],[39.962083822000068,21.340102003000027],[39.963354236000043,21.340281783000023],[39.964165537000042,21.340402728000072],[39.965538207000066,21.340588467000032],[39.969332081000061,21.341166655000052],[39.969949754000027,21.341233893000037],[39.97196415500008,21.341398955000045],[39.975204524000048,21.341657407000071],[39.977501105000044,21.34183405400006],[39.978269431000058,21.341953748000037],[39.978568372000041,21.342023475000076],[39.978865776000077,21.342098751000037],[39.979161524000062,21.342179549000036],[39.979455501000075,21.342265836000024],[39.979747590000045,21.34235757700003],[39.980037676000052,21.342454736000036],[39.980294342000036,21.342544596000039],[39.98032564500005,21.342557276000036],[39.980611383000053,21.342665155000077],[39.98089477700006,21.342778332000023],[39.983458300000052,21.343753415000037],[39.983664668000074,21.343863542000065],[39.98386742100007,21.343979411000078],[39.98406637800008,21.344100919000027],[39.984261361000051,21.344227956000054],[39.984452194000028,21.344360409000046],[39.984638706000055,21.344498158000079],[39.984820729000035,21.344641081000077],[39.984998100000041,21.344789048000052],[39.985170661000041,21.344941926000047],[39.985338255000045,21.345099580000067],[39.985500733000038,21.345261866000044],[39.985657949000029,21.345428640000023],[39.985809761000041,21.345599751000066],[39.985956033000036,21.345775047000075],[39.987438914000052,21.347561534000079],[39.987737294000055,21.348011464000024],[39.98780400000004,21.348112000000071],[39.988049036000064,21.348601829000074],[39.988502444000062,21.349841215000026],[39.988513325000042,21.349882528000023],[39.988517823000052,21.349924871000042],[39.988515847000031,21.349967382000045],[39.988507438000056,21.350009198000066],[39.988492767000025,21.350049469000055],[39.988472131000037,21.350087376000033],[39.988445950000028,21.350122148000025],[39.988414756000054,21.350153078000062],[39.988379185000042,21.350179539000067],[39.988339957000051,21.350200990000076],[39.988162524000074,21.350294986000051],[39.98782529500005,21.350452304000044],[39.987363160000029,21.350667882000039],[39.987268971000049,21.350492927000062]]},"properties":{"OBJECTID":665,"camp_label":"4/212","Transport_mode":"النقل التقليدي","Street_Camp_MIN":"شارع 212","MAKARF":"طريق الطائف - نفق الجامعة عرفات الأول - الدائري الأوسط","Street_Camp_ARF":"طريق 62","Street_MIN_Exit":"طريق الملك خالد - المعيصم","ASMARF":"الدائري الأوسط 83","ASM_CODE":"ASMARF1","block":"101B","camp_type":"حجاج الخارج","block_ARF":"101B","ARF_ZONE2":"مسار رقم 1","_length":25901,"MAKARFT1":null,"ARF_IN":null,"ARF_OUT":null,"Shape_Length":0.048136548354155748}},{"type":"Feature","id":666,"geometry":{"type":"LineString","coordinates":[[39.94754269200007,21.33845289900006],[39.947882922000076,21.339012342000046],[39.94806738300008,21.33931715600005],[39.948252810000042,21.339560423000023],[39.948387074000038,21.339683809000064],[39.948537936000037,21.339801633000036],[39.948686590000079,21.339902104000032],[39.948875346000079,21.339993251000067],[39.949350837000054,21.340210389000049],[39.949867232000031,21.34042755300004],[39.950523626000063,21.340707680000037],[39.951483967000058,21.341119548000052],[39.95262288400005,21.341608852000036],[39.953384264000078,21.341944678000061],[39.953817981000043,21.342131661000053],[39.95408722600007,21.342220962000056],[39.95437045500006,21.342254175000051],[39.955214053000077,21.341746444000023],[39.95665136000008,21.340876285000036],[39.957739140000058,21.340217757000062],[39.958823771000027,21.339568923000058],[39.959897492000039,21.33975309300007],[39.960990657000025,21.339927552000063],[39.962083822000068,21.340102003000027],[39.963354236000043,21.340281783000023],[39.964165537000042,21.340402728000072],[39.965538207000066,21.340588467000032],[39.969332081000061,21.341166655000052],[39.969949754000027,21.341233893000037],[39.97196415500008,21.341398955000045],[39.975204524000048,21.341657407000071],[39.977501105000044,21.34183405400006],[39.978269431000058,21.341953748000037],[39.978568372000041,21.342023475000076],[39.978856557000029,21.342096329000071],[39.979147775000058,21.342175660000066],[39.979192321000028,21.342176087000041],[39.979243256000075,21.342165116000047],[39.979481854000028,21.34203171200005],[39.979458803000057,21.342000911000071]]},"properties":{"OBJECTID":666,"camp_label":"10/643","Transport_mode":"النقل التقليدي","Street_Camp_MIN":"شارع 643","MAKARF":"طريق الطائف - نفق الجامعة عرفات الأول - الدائري الأوسط","Street_Camp_ARF":"طريق 50","Street_MIN_Exit":"طريق الملك عبدالله (25) - المعيصم","ASMARF":"الدائري الأوسط 83","ASM_CODE":"ASMARF1","block":"120","camp_type":"حجاج الداخل","block_ARF":"120","ARF_ZONE2":"ARF Zone 4","_length":22273,"MAKARFT1":null,"ARF_IN":50,"ARF_OUT":50,"Shape_Length":0.034152620900232043}},{"type":"Feature","id":668,"geometry":{"type":"LineString","coordinates":[[39.94754269200007,21.33845289900006],[39.948252810000042,21.339560423000023],[39.948686590000079,21.339902104000032],[39.95262288400005,21.341608852000036],[39.953817981000043,21.342131661000053],[39.95408722600007,21.342220962000056],[39.954370572000073,21.342254106000041],[39.958823771000027,21.339568923000058],[39.966452691000029,21.334973297000033],[39.967387416000065,21.334537778000026],[39.968147388000034,21.334252954000078],[39.968538309000053,21.334134651000056],[39.969061903000068,21.333998129000065],[39.969441184000061,21.333917002000078],[39.970409320000044,21.333797324000045],[39.971279505000041,21.333759134000047],[39.972151085000064,21.333794204000071],[39.973522413000069,21.333893175000071],[39.976147974000071,21.334090063000076],[39.977602365000052,21.334224284000072],[39.978620627000055,21.334361124000054],[39.979497907000052,21.334478962000048],[39.981905452000035,21.334827834000066],[39.982791503000044,21.334956225000042],[39.984311742000045,21.335168384000042],[39.988851198000077,21.335819235000031],[39.989595674000043,21.335976746000028],[39.98991333400005,21.33605964000003],[39.990074634000052,21.336108697000043],[39.990594525000063,21.336279122000064],[39.99105174400006,21.336456535000025],[39.991601720000062,21.336694369000043],[39.991792514000053,21.33678833700003],[39.992351202000066,21.337087992000022],[39.992804592000027,21.337365677000037],[39.99309629000004,21.337567412000055],[39.993452297000033,21.337824367000053],[39.994206700000063,21.33846101000006],[39.994472922000057,21.338717325000061],[39.994792016000076,21.339050093000026],[39.995042147000049,21.339336876000061],[39.995392021000043,21.339778528000068],[39.995651810000027,21.34014140000005],[39.995958320000057,21.34061009900006],[39.996381353000061,21.341357596000023],[39.996698020000053,21.342059065000058],[39.996976540000048,21.342841210000074],[39.997211230000062,21.34376932400005],[39.997339835000048,21.344604835000041],[39.997385370000075,21.345240382000043],[39.997384342000032,21.346432373000027],[39.997383632000037,21.347255516000075],[39.997334798000054,21.347842433000039],[39.997148260000074,21.348809699000071],[39.996502345000067,21.351506592000078],[39.996063212000024,21.35335281600004],[39.995873346000053,21.354011229000037],[39.995642059000033,21.354657349000036],[39.995355116000042,21.35531516900005],[39.994886239000039,21.356140980000077],[39.994514154000058,21.356696491000037],[39.994109008000066,21.357212540000035],[39.993754679000062,21.35759018300007],[39.993480734000059,21.357826168000031],[39.992953433000025,21.358213054000032],[39.991679687000044,21.358990066000047],[39.990602163000062,21.359708559000069],[39.989594257000078,21.360414318000039],[39.988557807000063,21.361152988000072],[39.988098274000038,21.36153164600006],[39.988608954000028,21.361977567000054],[39.988746577000029,21.362072183000066],[39.988831363000031,21.362106589000064],[39.988964071000055,21.362163112000076],[39.989234401000033,21.362406410000062],[39.989259597000057,21.362384271000053]]},"properties":{"OBJECTID":668,"camp_label":"1/112","Transport_mode":"النقل التقليدي","Street_Camp_MIN":"شارع 112","MAKARF":"طريق الطائف - نفق الجامعة عرفات الأول - الدائري الأوسط","Street_Camp_ARF":"طريق 56","Street_MIN_Exit":"طريق الملك فهد (68 )","ASMARF":"الدائري الغربي عرفات","ASM_CODE":"ASMARF1","block":"10","camp_type":"حجاج الخارج","block_ARF":"10","ARF_ZONE2":"ARF ZONE 7","_length":23855,"MAKARFT1":1544.5,"ARF_IN":56,"ARF_OUT":56,"Shape_Length":0.080120729774014188}},{"type":"Feature","id":669,"geometry":{"type":"LineString","coordinates":[[40.00517823000007,21.328710576000049],[40.001738069000055,21.330411155000036],[39.999634566000054,21.331432715000062],[39.997618553000052,21.332540480000034],[39.996834841000066,21.333015973000045],[39.995822902000043,21.333517219000043],[39.994872963000034,21.334088969000049],[39.99424463400004,21.334544582000035],[39.993634172000043,21.33507762000005],[39.991938696000034,21.336478406000026],[39.991898674000026,21.336571792000029],[39.991883427000062,21.336661366000044],[39.991896768000061,21.336766187000023],[39.991944698000054,21.336869961000048],[39.992351202000066,21.337087992000022],[39.992804592000027,21.337365677000037],[39.99309629000004,21.337567412000055],[39.993452297000033,21.337824367000053],[39.994206700000063,21.33846101000006],[39.994472922000057,21.338717325000061],[39.994792016000076,21.339050093000026],[39.995042147000049,21.339336876000061],[39.995392021000043,21.339778528000068],[39.995651810000027,21.34014140000005],[39.995958320000057,21.34061009900006],[39.996381353000061,21.341357596000023],[39.996698020000053,21.342059065000058],[39.996976540000048,21.342841210000074],[39.997211230000062,21.34376932400005],[39.997252959000036,21.344040429000074],[39.997339835000048,21.344604835000041],[39.997385370000075,21.345240382000043],[39.997383632000037,21.347255516000075],[39.997334798000054,21.347842433000039],[39.997148260000074,21.348809699000071],[39.996502345000067,21.351506592000078],[39.996063212000024,21.35335281600004],[39.995873346000053,21.354011229000037],[39.995642059000033,21.354657349000036],[39.995355116000042,21.35531516900005],[39.994886239000039,21.356140980000077],[39.994514154000058,21.356696491000037],[39.994109008000066,21.357212540000035],[39.993754679000062,21.35759018300007],[39.993480734000059,21.357826168000031],[39.992953433000025,21.358213054000032],[39.991679687000044,21.358990066000047],[39.990602163000062,21.359708559000069],[39.989594257000078,21.360414318000039],[39.988557807000063,21.361152988000072],[39.988265529000046,21.361385848000054],[39.988009848000047,21.361608728000078],[39.987894908000044,21.361716013000034],[39.987785482000049,21.361828244000037],[39.987681811000073,21.361945171000059],[39.987584126000058,21.362066537000032],[39.987492643000053,21.362192072000028],[39.98740756400008,21.362321498000028],[39.987329077000027,21.362454530000036],[39.987257357000033,21.362590873000045],[39.987192562000075,21.362730224000074],[39.987134835000063,21.362872276000076],[39.987084304000064,21.363016714000025],[39.987039891000052,21.363154473000066],[39.987002145000076,21.363293966000072],[39.986971140000037,21.363434909000034],[39.986946941000042,21.363577016000022],[39.986929596000039,21.363720000000058],[39.986919141000044,21.363863571000024],[39.986915597000063,21.364007437000055],[39.98691897100008,21.364151306000053],[39.986929256000053,21.364294888000074],[39.986946431000035,21.364437890000033],[39.986979401000042,21.364607593000073],[39.987018502000069,21.364776150000068],[39.987063688000035,21.364943367000023],[39.98711490900007,21.365109050000058],[39.987172104000081,21.365273009000077],[39.987235208000072,21.365435056000024],[39.987304148000078,21.365595002000077],[39.98737884500008,21.365752663000023],[39.987459212000033,21.36590785900006],[39.987590796000063,21.366163674000063],[39.988041217000045,21.367062567000062],[39.988173568000036,21.367300171000068],[39.988300065000033,21.367540557000041],[39.988420641000062,21.367783599000063],[39.988535231000071,21.368029168000078],[39.98864377600006,21.368277136000074],[39.988746218000074,21.368527371000027],[39.989150824000035,21.368384655000057],[39.989211051000041,21.368365959000073],[39.989272684000071,21.368351847000042],[39.989335328000038,21.368342411000071],[39.989398578000078,21.368337711000038],[39.989438067000037,21.368339807000041],[39.98947677700005,21.368347414000027],[39.989513835000025,21.368360361000043],[39.989548409000065,21.368378356000051],[39.989579719000062,21.368400995000059],[39.989607060000026,21.368427767000071],[39.989629816000047,21.368458070000031],[39.98972853500004,21.368628365000063],[39.989758662000042,21.368613894000077]]},"properties":{"OBJECTID":669,"camp_label":"1/15","Transport_mode":"النقل التقليدي","Street_Camp_MIN":"شارع 15","MAKARF":"طريق الطائف - طريق صاد - الدائري الشرقي","Street_Camp_ARF":"طريق 91","Street_MIN_Exit":"طريق الملك فهد (68 )","ASMARF":"الدائري الشرقي عرفات","ASM_CODE":"ASMARF4","block":"28D","camp_type":"حجاج الخارج","block_ARF":"28D","ARF_ZONE2":"ARF NODE 30","_length":28735,"MAKARFT1":311,"ARF_IN":null,"ARF_OUT":null,"Shape_Length":0.055257076918892083}},{"type":"Feature","id":670,"geometry":{"type":"LineString","coordinates":[[39.967559644000062,21.327004457000044],[39.967578091000064,21.327037485000062],[39.967578537000065,21.327038283000036],[39.96770568800008,21.327282506000074],[39.967770659000053,21.327413711000077],[39.967832212000076,21.327544264000039],[39.96790502500005,21.327700284000059],[39.968117881000069,21.328196809000076],[39.968214207000074,21.328460520000078],[39.968280636000031,21.328653065000026],[39.968321539000044,21.328768767000042],[39.968383609000057,21.328967263000038],[39.968430871000066,21.329139271000031],[39.968458883000039,21.329258612000046],[39.968548708000071,21.329609178000055],[39.968561854000029,21.329674373000046],[39.96863191500006,21.329984139000032],[39.968701503000034,21.330313905000025],[39.969136646000038,21.332426045000034],[39.969177875000071,21.332632126000078],[39.969261667000069,21.333021962000032],[39.969363442000031,21.333523420000063],[39.969441184000061,21.333917002000078],[39.970409320000044,21.333797324000045],[39.971279505000041,21.333759134000047],[39.972151085000064,21.333794204000071],[39.973522413000069,21.333893175000071],[39.976147974000071,21.334090063000076],[39.977602000000047,21.334224000000063],[39.978620627000055,21.334361124000054],[39.981905452000035,21.334827834000066],[39.982791503000044,21.334956225000042],[39.984311742000045,21.335168384000042],[39.979933780000067,21.338390607000065],[39.980551090000063,21.338939160000052],[39.982152789000054,21.339092924000056],[39.983268733000045,21.339172331000043],[39.983280644000047,21.339174899000056],[39.983291929000075,21.339179297000044],[39.983302269000035,21.339185401000066],[39.983311375000028,21.339193039000065],[39.983318990000043,21.339201996000043],[39.983324898000035,21.339212020000048],[39.983328934000042,21.33922282900005],[39.98333098300003,21.339234118000036],[39.983336253000061,21.339275618000045],[39.983388011000045,21.339683267000055],[39.983426369000028,21.339921485000048],[39.983927467000058,21.33957143400005],[39.984598188000064,21.339243044000057],[39.984649253000043,21.339221081000062],[39.984702447000075,21.339204124000048],[39.984757212000034,21.339192349000029],[39.984812975000068,21.339185880000059],[39.984869151000055,21.339184785000043],[39.985240256000054,21.33915517500003],[39.985270160000027,21.339147833000027],[39.985298449000027,21.339136153000027],[39.985324410000032,21.339120430000037],[39.985347391000062,21.33910105800004],[39.985366814000031,21.339078525000048],[39.985382189000063,21.339053399000022],[39.98554030300005,21.338633550000054],[39.98556321600006,21.338578230000053],[39.985579865000034,21.33852097700003],[39.985590071000047,21.338462413000059],[39.985593722000033,21.338403172000028],[39.985591000000056,21.338344000000063],[39.985543000000064,21.338082000000043],[39.985393768000051,21.337496203000057],[39.985457773000064,21.337478447000024]]},"properties":{"OBJECTID":670,"camp_label":"1/504","Transport_mode":"النقل التقليدي","Street_Camp_MIN":"شارع 504","MAKARF":"طريق الطائف - جسر الجامعة عرفات الثاني - الدائري الشرقي","Street_Camp_ARF":"شارع 54","Street_MIN_Exit":"طريق الجوهرة 56 - الدائري الرابع","ASMARF":"الدائري الشرقي عرفات","ASM_CODE":"ASMARF2","block":"6-7","camp_type":"حجاج الخارج","block_ARF":"6-7","ARF_ZONE2":"ARF ZONE 2","_length":17435,"MAKARFT1":null,"ARF_IN":50,"ARF_OUT":56,"Shape_Length":0.035810122299934834}},{"type":"Feature","id":671,"geometry":{"type":"LineString","coordinates":[[39.967559644000062,21.327004457000044],[39.967578091000064,21.327037485000062],[39.967578537000065,21.327038283000036],[39.96770568800008,21.327282506000074],[39.967770659000053,21.327413711000077],[39.967832212000076,21.327544264000039],[39.96790502500005,21.327700284000059],[39.968117881000069,21.328196809000076],[39.968214207000074,21.328460520000078],[39.968280636000031,21.328653065000026],[39.968321539000044,21.328768767000042],[39.968383609000057,21.328967263000038],[39.968430871000066,21.329139271000031],[39.968458883000039,21.329258612000046],[39.968548708000071,21.329609178000055],[39.968561854000029,21.329674373000046],[39.96863191500006,21.329984139000032],[39.968701503000034,21.330313905000025],[39.969136646000038,21.332426045000034],[39.969177875000071,21.332632126000078],[39.969261667000069,21.333021962000032],[39.969363442000031,21.333523420000063],[39.969441184000061,21.333917002000078],[39.970409320000044,21.333797324000045],[39.971279505000041,21.333759134000047],[39.972151085000064,21.333794204000071],[39.973522413000069,21.333893175000071],[39.976147974000071,21.334090063000076],[39.977602000000047,21.334224000000063],[39.978620627000055,21.334361124000054],[39.981905452000035,21.334827834000066],[39.982791503000044,21.334956225000042],[39.984311742000045,21.335168384000042],[39.979933780000067,21.338390607000065],[39.980551090000063,21.338939160000052],[39.982152789000054,21.339092924000056],[39.983268733000045,21.339172331000043],[39.983280510000043,21.339169843000036],[39.983291663000045,21.339165512000022],[39.983301864000055,21.339159464000033],[39.983310816000028,21.339151875000027],[39.983318257000064,21.339142968000033],[39.983323969000025,21.339133004000075],[39.983327785000029,21.339122272000054],[39.983329592000075,21.339111089000028],[39.983329340000068,21.339099781000073],[39.983309166000026,21.338885231000063],[39.983270667000056,21.338476215000071],[39.983325362000073,21.33847535700005]]},"properties":{"OBJECTID":671,"camp_label":"1/506","Transport_mode":"النقل التقليدي","Street_Camp_MIN":"شارع 506","MAKARF":"طريق الطائف - جسر الجامعة عرفات الثاني - الدائري الشرقي","Street_Camp_ARF":"طريق 50","Street_MIN_Exit":"طريق الجوهرة 56 - الدائري الرابع","ASMARF":"الدائري الشرقي عرفات","ASM_CODE":"ASMARF2","block":"7-15","camp_type":"حجاج الخارج","block_ARF":"7-15","ARF_ZONE2":"","_length":17850,"MAKARFT1":null,"ARF_IN":null,"ARF_OUT":null,"Shape_Length":0.031932657244693928}},{"type":"Feature","id":672,"geometry":{"type":"LineString","coordinates":[[39.967559644000062,21.327004457000044],[39.967578091000064,21.327037485000062],[39.967578537000065,21.327038283000036],[39.96770568800008,21.327282506000074],[39.967770659000053,21.327413711000077],[39.967832212000076,21.327544264000039],[39.96790502500005,21.327700284000059],[39.968117881000069,21.328196809000076],[39.968214207000074,21.328460520000078],[39.968280636000031,21.328653065000026],[39.968321539000044,21.328768767000042],[39.968383609000057,21.328967263000038],[39.968430871000066,21.329139271000031],[39.968458883000039,21.329258612000046],[39.968548708000071,21.329609178000055],[39.968561854000029,21.329674373000046],[39.96863191500006,21.329984139000032],[39.968701503000034,21.330313905000025],[39.969136646000038,21.332426045000034],[39.969177875000071,21.332632126000078],[39.969261667000069,21.333021962000032],[39.969363442000031,21.333523420000063],[39.969441184000061,21.333917002000078],[39.970409320000044,21.333797324000045],[39.971279505000041,21.333759134000047],[39.972151085000064,21.333794204000071],[39.973522413000069,21.333893175000071],[39.976147974000071,21.334090063000076],[39.977602000000047,21.334224000000063],[39.978620627000055,21.334361124000054],[39.981905452000035,21.334827834000066],[39.982791503000044,21.334956225000042],[39.984311742000045,21.335168384000042],[39.988851198000077,21.335819235000031],[39.989595674000043,21.335976746000028],[39.98991333400005,21.33605964000003],[39.990074634000052,21.336108697000043],[39.990594525000063,21.336279122000064],[39.99105174400006,21.336456535000025],[39.991601720000062,21.336694369000043],[39.991792514000053,21.33678833700003],[39.992352289000053,21.337088574000063],[39.992804592000027,21.337365677000037],[39.99309629000004,21.337567412000055],[39.993452297000033,21.337824367000053],[39.994206700000063,21.33846101000006],[39.994472922000057,21.338717325000061],[39.994792016000076,21.339050093000026],[39.995042147000049,21.339336876000061],[39.995392021000043,21.339778528000068],[39.995651810000027,21.34014140000005],[39.995958320000057,21.34061009900006],[39.996381353000061,21.341357596000023],[39.996698020000053,21.342059065000058],[39.996976540000048,21.342841210000074],[39.997211230000062,21.34376932400005],[39.997339835000048,21.344604835000041],[39.997333322000031,21.344615608000026],[39.997325026000055,21.344625246000078],[39.997315169000046,21.34463349300006],[39.997304012000029,21.344640128000037],[39.997291852000046,21.34464497700003],[39.997279012000035,21.344647909000059],[39.997265835000064,21.344648848000077],[39.99725267000008,21.344647767000026],[39.997239867000076,21.344644696000046],[39.997227768000073,21.344639716000074],[39.997216693000041,21.344632960000069],[39.997206938000033,21.344624607000071],[39.997198762000039,21.344614881000041],[39.997192382000037,21.344604038000057],[39.997187968000048,21.344592368000065],[39.997168473000045,21.344367563000048],[39.99714146000008,21.344143442000075],[39.997106957000028,21.343920225000033],[39.997064998000042,21.343698132000043],[39.997015623000038,21.343477381000071],[39.996958881000069,21.343258190000029],[39.996894829000041,21.343040774000031],[39.996823529000039,21.34282534700003],[39.996735518000037,21.342570568000042],[39.996642690000044,21.342317295000043],[39.996545076000075,21.342065606000062],[39.99644270500005,21.341815581000048],[39.996335611000063,21.341567299000076],[39.996319276000065,21.34154733400004],[39.996299657000066,21.341530159000058],[39.996277289000034,21.341516242000068],[39.996252782000056,21.341505962000042],[39.996226804000059,21.341499600000077],[39.99620006300006,21.341497329000049],[39.996173287000033,21.341499211000041],[39.996147206000046,21.341505194000035],[39.996122532000072,21.341515116000039],[39.99521240100006,21.342056675000038],[39.995249889000036,21.342108923000069]]},"properties":{"OBJECTID":672,"camp_label":"1/510","Transport_mode":"النقل التقليدي","Street_Camp_MIN":"شارع 510","MAKARF":"طريق الطائف - جسر الجامعة عرفات الثاني - الدائري الشرقي","Street_Camp_ARF":"طريق 83","Street_MIN_Exit":"طريق الملك فهد (68 )","ASMARF":"الدائري الاوسط 83","ASM_CODE":"ASMARF2","block":"7-4","camp_type":"حجاج الخارج","block_ARF":"7-4","ARF_ZONE2":"ARF ZONE 2","_length":22886,"MAKARFT1":null,"ARF_IN":50,"ARF_OUT":56,"Shape_Length":0.044554224557123365}},{"type":"Feature","id":673,"geometry":{"type":"LineString","coordinates":[[39.967559644000062,21.327004457000044],[39.967578091000064,21.327037485000062],[39.967578537000065,21.327038283000036],[39.96770568800008,21.327282506000074],[39.967770659000053,21.327413711000077],[39.967832212000076,21.327544264000039],[39.96790502500005,21.327700284000059],[39.968117881000069,21.328196809000076],[39.968214207000074,21.328460520000078],[39.968280636000031,21.328653065000026],[39.968321539000044,21.328768767000042],[39.968383609000057,21.328967263000038],[39.968430871000066,21.329139271000031],[39.968458883000039,21.329258612000046],[39.968548708000071,21.329609178000055],[39.968561854000029,21.329674373000046],[39.96863191500006,21.329984139000032],[39.968701503000034,21.330313905000025],[39.969136646000038,21.332426045000034],[39.969177875000071,21.332632126000078],[39.969261667000069,21.333021962000032],[39.969363442000031,21.333523420000063],[39.969441184000061,21.333917002000078],[39.970409320000044,21.333797324000045],[39.971279505000041,21.333759134000047],[39.972151085000064,21.333794204000071],[39.973522413000069,21.333893175000071],[39.976147974000071,21.334090063000076],[39.977602000000047,21.334224000000063],[39.978620627000055,21.334361124000054],[39.981905452000035,21.334827834000066],[39.982791503000044,21.334956225000042],[39.984311742000045,21.335168384000042],[39.979351079000025,21.33881946200006],[39.975453354000081,21.341676548000066],[39.977501105000044,21.34183405400006],[39.978269431000058,21.341953748000037],[39.978563738000048,21.342022348000057],[39.978856557000029,21.342096329000071],[39.979147775000058,21.342175660000066],[39.979437282000049,21.342260313000054],[39.979724966000049,21.342350254000053],[39.980010717000027,21.342445449000024],[39.980294342000036,21.342544596000039],[39.98056482100003,21.342647576000047],[39.980611383000053,21.342665155000077],[39.98089477700006,21.342778332000023],[39.981829549000054,21.343133895000051],[39.983458300000052,21.343753415000037],[39.983664668000074,21.343863542000065],[39.983672493000029,21.343868018000023],[39.983554537000032,21.343970657000057],[39.982842434000077,21.344505535000053],[39.982822003000081,21.344520881000051],[39.982372369000075,21.344858612000053],[39.980823646000033,21.345834850000074],[39.979889797000055,21.346423507000054],[39.978670087000069,21.347191870000074],[39.977641315000028,21.347852532000047],[39.976331315000039,21.348693813000068],[39.976247345000047,21.348747720000063],[39.974126443000046,21.350098937000041],[39.973792637000031,21.350311598000076],[39.973429030000034,21.350543230000028],[39.973447408000027,21.350610688000074]]},"properties":{"OBJECTID":673,"camp_label":"1/530","Transport_mode":"النقل التقليدي","Street_Camp_MIN":"شارع 530","MAKARF":"طريق الطائف - جسر الجامعة عرفات الثاني - الدائري الشرقي","Street_Camp_ARF":"طريق 52","Street_MIN_Exit":"طريق الملك فهد (68 )","ASMARF":"الدائري الاوسط 83","ASM_CODE":"ASMARF2","block":"8-1","camp_type":"حجاج الخارج","block_ARF":"8-1","ARF_ZONE2":"ARF ZONE 7","_length":20739,"MAKARFT1":null,"ARF_IN":54,"ARF_OUT":56,"Shape_Length":0.054023539562654474}},{"type":"Feature","id":674,"geometry":{"type":"LineString","coordinates":[[39.967559644000062,21.327004457000044],[39.967578091000064,21.327037485000062],[39.967578537000065,21.327038283000036],[39.96770568800008,21.327282506000074],[39.967770659000053,21.327413711000077],[39.967832212000076,21.327544264000039],[39.96790502500005,21.327700284000059],[39.968117881000069,21.328196809000076],[39.968214207000074,21.328460520000078],[39.968280636000031,21.328653065000026],[39.968321539000044,21.328768767000042],[39.968383609000057,21.328967263000038],[39.968430871000066,21.329139271000031],[39.968458883000039,21.329258612000046],[39.968548708000071,21.329609178000055],[39.968561854000029,21.329674373000046],[39.96863191500006,21.329984139000032],[39.968701503000034,21.330313905000025],[39.969136646000038,21.332426045000034],[39.969177875000071,21.332632126000078],[39.969261667000069,21.333021962000032],[39.969363442000031,21.333523420000063],[39.969410836000066,21.333763068000053],[39.969414889000063,21.333783561000075],[39.969441184000061,21.333917002000078],[39.970409320000044,21.333797324000045],[39.971279505000041,21.333759134000047],[39.972151085000064,21.333794204000071],[39.973522413000069,21.333893175000071],[39.976147974000071,21.334090063000076],[39.977602365000052,21.334224284000072],[39.978620627000055,21.334361124000054],[39.979497907000052,21.334478962000048],[39.981905452000035,21.334827834000066],[39.982791503000044,21.334956225000042],[39.984311741000056,21.335168384000042],[39.988851198000077,21.335819235000031],[39.989595674000043,21.335976746000028],[39.98991333400005,21.33605964000003],[39.990074634000052,21.336108697000043],[39.990594525000063,21.336279122000064],[39.99105174400006,21.336456535000025],[39.991471697000065,21.336638142000027],[39.991485818000058,21.336645660000045],[39.991498393000029,21.336655290000067],[39.991509065000059,21.33666676100006],[39.991518000000042,21.336680000000058],[39.991524000000027,21.336694000000023],[39.991526958000065,21.336708759000032],[39.99152765000008,21.336723963000054],[39.991525610000053,21.336739059000024],[39.991520896000054,21.336753621000071],[39.991513640000051,21.336767235000025],[39.99150405000006,21.336779516000036],[39.991492396000069,21.336790116000032],[39.991479009000045,21.336798733000023],[39.989589453000065,21.338221947000022],[39.989441315000079,21.338335753000024],[39.989303264000057,21.338441944000067],[39.989021656000034,21.338667072000078],[39.988744735000068,21.338897247000034],[39.988472604000037,21.339132384000038],[39.988205364000066,21.339372394000065],[39.987943114000075,21.339617189000023],[39.987685952000049,21.339866677000032],[39.987434000000064,21.340121000000067],[39.987417828000048,21.340242019000073],[39.987450888000069,21.340354800000057],[39.98765338000004,21.340780807000044],[39.987751819000039,21.341112310000028],[39.98777786900007,21.34140261400006],[39.98778346000006,21.341523842000072],[39.987750529000039,21.341997853000066],[39.988168253000026,21.342669112000067],[39.988178259000051,21.342682350000075],[39.988190000000031,21.342694000000051],[39.988204000000053,21.342704000000026],[39.988220000000069,21.342711000000065],[39.988236000000029,21.342716000000053],[39.98825400000004,21.342718000000048],[39.988270926000041,21.342717253000046],[39.988287928000034,21.342714188000059],[39.988304000000028,21.34270900000007],[39.988319000000047,21.342701000000034],[39.989445000000046,21.342030000000022],[39.990301109000029,21.341522052000073],[39.990519627000026,21.341392437000025],[39.990561482000032,21.341398170000048],[39.990582308000057,21.341408466000075],[39.990601439000045,21.341434296000045],[39.99061800000004,21.341494000000068],[39.990683643000068,21.341909035000072],[39.990715791000071,21.341896045000055]]},"properties":{"OBJECTID":674,"camp_label":"1/654","Transport_mode":"النقل التقليدي","Street_Camp_MIN":"شارع 654","MAKARF":"طريق الطائف - جسر الجامعة عرفات الثاني - الدائري الشرقي","Street_Camp_ARF":"طريق 54","Street_MIN_Exit":"طريق الملك عبدالله (25) - المعيصم","ASMARF":"الدائري الشرقي عرفات","ASM_CODE":"ASMARF2","block":"124","camp_type":"حجاج الخارج","block_ARF":"124","ARF_ZONE2":"ARF ZONE 8","_length":22914,"MAKARFT1":null,"ARF_IN":62,"ARF_OUT":62,"Shape_Length":0.041020680309171047}},{"type":"Feature","id":675,"geometry":{"type":"LineString","coordinates":[[39.967559644000062,21.327004457000044],[39.967578091000064,21.327037485000062],[39.967578537000065,21.327038283000036],[39.96770568800008,21.327282506000074],[39.967770659000053,21.327413711000077],[39.967832212000076,21.327544264000039],[39.96790502500005,21.327700284000059],[39.968117881000069,21.328196809000076],[39.968214207000074,21.328460520000078],[39.968280636000031,21.328653065000026],[39.968321539000044,21.328768767000042],[39.968383609000057,21.328967263000038],[39.968430871000066,21.329139271000031],[39.968458883000039,21.329258612000046],[39.968548708000071,21.329609178000055],[39.968561854000029,21.329674373000046],[39.96863191500006,21.329984139000032],[39.968701503000034,21.330313905000025],[39.969136646000038,21.332426045000034],[39.969177875000071,21.332632126000078],[39.969261667000069,21.333021962000032],[39.969363442000031,21.333523420000063],[39.969441184000061,21.333917002000078],[39.970409320000044,21.333797324000045],[39.971279505000041,21.333759134000047],[39.972151085000064,21.333794204000071],[39.973522413000069,21.333893175000071],[39.976147974000071,21.334090063000076],[39.977602365000052,21.334224284000072],[39.978620627000055,21.334361124000054],[39.981905452000035,21.334827834000066],[39.982791503000044,21.334956225000042],[39.984311742000045,21.335168384000042],[39.988851198000077,21.335819235000031],[39.989595674000043,21.335976746000028],[39.98991333400005,21.33605964000003],[39.990074634000052,21.336108697000043],[39.990594525000063,21.336279122000064],[39.99105174400006,21.336456535000025],[39.991601720000062,21.336694369000043],[39.991792514000053,21.33678833700003],[39.992351202000066,21.337087992000022],[39.992804592000027,21.337365677000037],[39.99309629000004,21.337567412000055],[39.993452297000033,21.337824367000053],[39.994206700000063,21.33846101000006],[39.994472922000057,21.338717325000061],[39.994792016000076,21.339050093000026],[39.995042147000049,21.339336876000061],[39.995392021000043,21.339778528000068],[39.995651810000027,21.34014140000005],[39.995958320000057,21.34061009900006],[39.996381353000061,21.341357596000023],[39.996698020000053,21.342059065000058],[39.996976540000048,21.342841210000074],[39.997211230000062,21.34376932400005],[39.997339835000048,21.344604835000041],[39.997333322000031,21.344615608000026],[39.997325026000055,21.344625246000078],[39.997315169000046,21.34463349300006],[39.997304012000029,21.344640128000037],[39.997291852000046,21.34464497700003],[39.997279012000035,21.344647909000059],[39.997265835000064,21.344648848000077],[39.99725267000008,21.344647767000026],[39.997239867000076,21.344644696000046],[39.997227768000073,21.344639716000074],[39.997216693000041,21.344632960000069],[39.997206938000033,21.344624607000071],[39.997198762000039,21.344614881000041],[39.997192382000037,21.344604038000057],[39.997187968000048,21.344592368000065],[39.997168473000045,21.344367563000048],[39.99714146000008,21.344143442000075],[39.997106957000028,21.343920225000033],[39.997064998000042,21.343698132000043],[39.997015623000038,21.343477381000071],[39.996958881000069,21.343258190000029],[39.996894829000041,21.343040774000031],[39.996823529000039,21.34282534700003],[39.996735518000037,21.342570568000042],[39.996642690000044,21.342317295000043],[39.996545076000075,21.342065606000062],[39.99644270500005,21.341815581000048],[39.996335611000063,21.341567299000076],[39.996319276000065,21.34154733400004],[39.996299657000066,21.341530159000058],[39.996277289000034,21.341516242000068],[39.996252782000056,21.341505962000042],[39.996226804000059,21.341499600000077],[39.99620006300006,21.341497329000049],[39.996173287000033,21.341499211000041],[39.996147206000046,21.341505194000035],[39.996122532000072,21.341515116000039],[39.995667465000054,21.341785893000065],[39.99521240100006,21.342056675000038],[39.994786519000058,21.342310086000055],[39.994731474000048,21.342342840000072],[39.994141506000062,21.342693884000028],[39.993939983000075,21.342813771000067],[39.992972554000062,21.343392051000023],[39.992729631000032,21.34353924800007],[39.99271245500006,21.34354965600005],[39.991642652000053,21.344197889000043],[39.991188706000059,21.344472930000052],[39.990659404000041,21.344793663000075],[39.989963827000054,21.345215125000038],[39.989843377000057,21.345288108000034],[39.98967074400008,21.345392706000041],[39.989624323000044,21.34542190600007],[39.989581918000056,21.345456047000027],[39.98954412300003,21.345494651000024],[39.989511472000061,21.345537174000071],[39.989484422000032,21.34558301800007],[39.989463354000065,21.345631540000056],[39.989397722000035,21.345834664000051],[39.989285375000065,21.346182368000029],[39.989141060000065,21.346760987000039],[39.988480848000052,21.347150718000023],[39.988096896000059,21.347381716000029],[39.987352614000031,21.346179903000063],[39.987810929000034,21.345912816000066],[39.987826000000041,21.345935917000077]]},"properties":{"OBJECTID":675,"camp_label":"10/520","Transport_mode":"النقل التقليدي","Street_Camp_MIN":"شارع 520","MAKARF":"طريق الطائف - جسر الجامعة عرفات الثاني - الدائري الشرقي","Street_Camp_ARF":"طريق 62","Street_MIN_Exit":"طريق الملك فهد (68 )","ASMARF":"الدائري الشرقي عرفات","ASM_CODE":"ASMARF2","block":"8-7","camp_type":"حجاج الخارج","block_ARF":"8-7","ARF_ZONE2":"","_length":21725,"MAKARFT1":null,"ARF_IN":null,"ARF_OUT":null,"Shape_Length":0.055642924540489865}},{"type":"Feature","id":676,"geometry":{"type":"LineString","coordinates":[[39.94754269200007,21.33845289900006],[39.948252810000042,21.339560423000023],[39.948686590000079,21.339902104000032],[39.95262288400005,21.341608852000036],[39.953817981000043,21.342131661000053],[39.95408722600007,21.342220962000056],[39.954370572000073,21.342254106000041],[39.958823771000027,21.339568923000058],[39.966452691000029,21.334973297000033],[39.967387416000065,21.334537778000026],[39.968147388000034,21.334252954000078],[39.968538309000053,21.334134651000056],[39.969061903000068,21.333998129000065],[39.969441184000061,21.333917002000078],[39.970409320000044,21.333797324000045],[39.971279505000041,21.333759134000047],[39.972151085000064,21.333794204000071],[39.973522413000069,21.333893175000071],[39.976147974000071,21.334090063000076],[39.977602365000052,21.334224284000072],[39.978620627000055,21.334361124000054],[39.979497907000052,21.334478962000048],[39.981905452000035,21.334827834000066],[39.982791503000044,21.334956225000042],[39.984311742000045,21.335168384000042],[39.988851198000077,21.335819235000031],[39.989595674000043,21.335976746000028],[39.98991333400005,21.33605964000003],[39.990074634000052,21.336108697000043],[39.990594525000063,21.336279122000064],[39.99105174400006,21.336456535000025],[39.991601720000062,21.336694369000043],[39.991792514000053,21.33678833700003],[39.992351202000066,21.337087992000022],[39.992804592000027,21.337365677000037],[39.99309629000004,21.337567412000055],[39.993452297000033,21.337824367000053],[39.994206700000063,21.33846101000006],[39.994472922000057,21.338717325000061],[39.994792016000076,21.339050093000026],[39.995042147000049,21.339336876000061],[39.995392021000043,21.339778528000068],[39.995651810000027,21.34014140000005],[39.991528136000056,21.342522261000056],[39.985953503000076,21.345771920000061],[39.984365856000068,21.346717695000052],[39.98266900200008,21.347728497000048],[39.982290258000035,21.347956751000027],[39.981888137000055,21.348198629000024],[39.981128150000075,21.34865618300006],[39.980161779000071,21.349238811000077],[39.978144788000066,21.350458397000068],[39.97773426200007,21.350706498000022],[39.97549915500008,21.352057247000062],[39.975974609000048,21.352807311000049],[39.976142795000044,21.353078207000067],[39.975790299000039,21.353285279000033],[39.975580019000063,21.353401948000055],[39.97555772100003,21.353362495000056]]},"properties":{"OBJECTID":676,"camp_label":"12/204","Transport_mode":"النقل التقليدي","Street_Camp_MIN":"شارع 204","MAKARF":"طريق الطائف - نفق الجامعة عرفات الأول - الدائري الأوسط","Street_Camp_ARF":"طريق 56","Street_MIN_Exit":"طريق الملك فهد (68 )","ASMARF":"الدائري الغربي عرفات","ASM_CODE":"ASMARF1","block":"41","camp_type":"حجاج الخارج","block_ARF":"41","ARF_ZONE2":"ARF ZONE 13","_length":25570,"MAKARFT1":2071.5,"ARF_IN":62,"ARF_OUT":62,"Shape_Length":0.078455525937292811}},{"type":"Feature","id":677,"geometry":{"type":"LineString","coordinates":[[39.94754269200007,21.33845289900006],[39.948252810000042,21.339560423000023],[39.948686590000079,21.339902104000032],[39.95262288400005,21.341608852000036],[39.953817981000043,21.342131661000053],[39.95408722600007,21.342220962000056],[39.954370572000073,21.342254106000041],[39.958823771000027,21.339568923000058],[39.966452691000029,21.334973297000033],[39.967387416000065,21.334537778000026],[39.968147388000034,21.334252954000078],[39.968538309000053,21.334134651000056],[39.969061903000068,21.333998129000065],[39.969441184000061,21.333917002000078],[39.970409320000044,21.333797324000045],[39.971279505000041,21.333759134000047],[39.972151085000064,21.333794204000071],[39.973522413000069,21.333893175000071],[39.976147974000071,21.334090063000076],[39.977602000000047,21.334224000000063],[39.978620627000055,21.334361124000054],[39.981905452000035,21.334827834000066],[39.982791503000044,21.334956225000042],[39.984311742000045,21.335168384000042],[39.988851198000077,21.335819235000031],[39.989595674000043,21.335976746000028],[39.98991333400005,21.33605964000003],[39.990074634000052,21.336108697000043],[39.990594525000063,21.336279122000064],[39.99105174400006,21.336456535000025],[39.991601720000062,21.336694369000043],[39.991792514000053,21.33678833700003],[39.992351202000066,21.337087992000022],[39.992804592000027,21.337365677000037],[39.99309629000004,21.337567412000055],[39.993452297000033,21.337824367000053],[39.994206700000063,21.33846101000006],[39.994472922000057,21.338717325000061],[39.994792016000076,21.339050093000026],[39.995042147000049,21.339336876000061],[39.995392021000043,21.339778528000068],[39.995651810000027,21.34014140000005],[39.995958320000057,21.34061009900006],[39.996381353000061,21.341357596000023],[39.996698020000053,21.342059065000058],[39.996976540000048,21.342841210000074],[39.997211230000062,21.34376932400005],[39.997339835000048,21.344604835000041],[39.997333322000031,21.344615608000026],[39.997325026000055,21.344625246000078],[39.997315169000046,21.34463349300006],[39.997304012000029,21.344640128000037],[39.997291852000046,21.34464497700003],[39.997279012000035,21.344647909000059],[39.997265835000064,21.344648848000077],[39.99725267000008,21.344647767000026],[39.997239867000076,21.344644696000046],[39.997227768000073,21.344639716000074],[39.997216693000041,21.344632960000069],[39.997206938000033,21.344624607000071],[39.997198762000039,21.344614881000041],[39.997192382000037,21.344604038000057],[39.997187968000048,21.344592368000065],[39.997168473000045,21.344367563000048],[39.99714146000008,21.344143442000075],[39.997106957000028,21.343920225000033],[39.997064998000042,21.343698132000043],[39.997015623000038,21.343477381000071],[39.996958881000069,21.343258190000029],[39.996894829000041,21.343040774000031],[39.996823529000039,21.34282534700003],[39.996735518000037,21.342570568000042],[39.996642690000044,21.342317295000043],[39.996545076000075,21.342065606000062],[39.99644270500005,21.341815581000048],[39.996335611000063,21.341567299000076],[39.996319276000065,21.34154733400004],[39.996299657000066,21.341530159000058],[39.996277289000034,21.341516242000068],[39.996252782000056,21.341505962000042],[39.996226804000059,21.341499600000077],[39.99620006300006,21.341497329000049],[39.996173287000033,21.341499211000041],[39.996147206000046,21.341505194000035],[39.996122532000072,21.341515116000039],[39.996043446000044,21.341562175000035],[39.99521240100006,21.342056675000038],[39.994786519000058,21.342310086000055],[39.994731474000048,21.342342840000072],[39.994141506000062,21.342693884000028],[39.993939983000075,21.342813771000067],[39.992972554000062,21.343392051000023],[39.992729631000032,21.34353924800007],[39.99271245500006,21.34354965600005],[39.991935774000069,21.344020261000026],[39.991642652000053,21.344197889000043],[39.991476043000034,21.344298842000057],[39.991518032000045,21.344358575000058]]},"properties":{"OBJECTID":677,"camp_label":"12/520","Transport_mode":"النقل التقليدي","Street_Camp_MIN":"شارع 520","MAKARF":"طريق الطائف - نفق الجامعة عرفات الأول - الدائري الأوسط","Street_Camp_ARF":"طريق 62","Street_MIN_Exit":"طريق الملك فهد (68 )","ASMARF":"الدائري الشرقي عرفات","ASM_CODE":"ASMARF1","block":"8-7","camp_type":"حجاج الخارج","block_ARF":"8-7","ARF_ZONE2":"ARF ZONE 7","_length":21816,"MAKARFT1":null,"ARF_IN":54,"ARF_OUT":56,"Shape_Length":0.067043916805851422}},{"type":"Feature","id":678,"geometry":{"type":"LineString","coordinates":[[39.967559644000062,21.327004457000044],[39.967578091000064,21.327037485000062],[39.967578537000065,21.327038283000036],[39.96770568800008,21.327282506000074],[39.967770659000053,21.327413711000077],[39.967832212000076,21.327544264000039],[39.96790502500005,21.327700284000059],[39.968117881000069,21.328196809000076],[39.968214207000074,21.328460520000078],[39.968280636000031,21.328653065000026],[39.968321539000044,21.328768767000042],[39.968383609000057,21.328967263000038],[39.968430871000066,21.329139271000031],[39.968458883000039,21.329258612000046],[39.968548708000071,21.329609178000055],[39.968561854000029,21.329674373000046],[39.96863191500006,21.329984139000032],[39.968701503000034,21.330313905000025],[39.969136646000038,21.332426045000034],[39.969177875000071,21.332632126000078],[39.969261667000069,21.333021962000032],[39.969363442000031,21.333523420000063],[39.969441184000061,21.333917002000078],[39.970409320000044,21.333797324000045],[39.971279505000041,21.333759134000047],[39.972151085000064,21.333794204000071],[39.973522413000069,21.333893175000071],[39.976147974000071,21.334090063000076],[39.977602000000047,21.334224000000063],[39.978620627000055,21.334361124000054],[39.981905452000035,21.334827834000066],[39.982791503000044,21.334956225000042],[39.984311742000045,21.335168384000042],[39.988851198000077,21.335819235000031],[39.989595674000043,21.335976746000028],[39.98991333400005,21.33605964000003],[39.990074634000052,21.336108697000043],[39.990594525000063,21.336279122000064],[39.99105174400006,21.336456535000025],[39.991601720000062,21.336694369000043],[39.991792514000053,21.33678833700003],[39.992351202000066,21.337087992000022],[39.992804592000027,21.337365677000037],[39.99309629000004,21.337567412000055],[39.993452297000033,21.337824367000053],[39.994206700000063,21.33846101000006],[39.994472922000057,21.338717325000061],[39.994792016000076,21.339050093000026],[39.995042147000049,21.339336876000061],[39.995392021000043,21.339778528000068],[39.995651810000027,21.34014140000005],[39.995958320000057,21.34061009900006],[39.996381353000061,21.341357596000023],[39.996698020000053,21.342059065000058],[39.996976540000048,21.342841210000074],[39.997211230000062,21.34376932400005],[39.997339835000048,21.344604835000041],[39.997333322000031,21.344615608000026],[39.997325026000055,21.344625246000078],[39.997315169000046,21.34463349300006],[39.997304012000029,21.344640128000037],[39.997291852000046,21.34464497700003],[39.997279012000035,21.344647909000059],[39.997265835000064,21.344648848000077],[39.99725267000008,21.344647767000026],[39.997239867000076,21.344644696000046],[39.997227768000073,21.344639716000074],[39.997216693000041,21.344632960000069],[39.997206938000033,21.344624607000071],[39.997198762000039,21.344614881000041],[39.997192382000037,21.344604038000057],[39.997187968000048,21.344592368000065],[39.997168473000045,21.344367563000048],[39.99714146000008,21.344143442000075],[39.997106957000028,21.343920225000033],[39.997064998000042,21.343698132000043],[39.997015623000038,21.343477381000071],[39.996958881000069,21.343258190000029],[39.996894829000041,21.343040774000031],[39.996823529000039,21.34282534700003],[39.996735518000037,21.342570568000042],[39.996642690000044,21.342317295000043],[39.996545076000075,21.342065606000062],[39.99644270500005,21.341815581000048],[39.996335611000063,21.341567299000076],[39.996319276000065,21.34154733400004],[39.996299657000066,21.341530159000058],[39.996277289000034,21.341516242000068],[39.996252782000056,21.341505962000042],[39.996226804000059,21.341499600000077],[39.99620006300006,21.341497329000049],[39.996173287000033,21.341499211000041],[39.996147206000046,21.341505194000035],[39.996122532000072,21.341515116000039],[39.993215476000046,21.343244854000034],[39.989963827000054,21.345215125000038],[39.99000699700008,21.345271406000052]]},"properties":{"OBJECTID":678,"camp_label":"12/522","Transport_mode":"النقل التقليدي","Street_Camp_MIN":"شارع 522","MAKARF":"طريق الطائف - جسر الجامعة عرفات الثاني - الدائري الشرقي","Street_Camp_ARF":"طريق 62","Street_MIN_Exit":"طريق الملك فهد (68 )","ASMARF":"الدائري الشرقي عرفات","ASM_CODE":"ASMARF2","block":"8-8","camp_type":"حجاج الخارج","block_ARF":"8-8","ARF_ZONE2":"","_length":22419,"MAKARFT1":null,"ARF_IN":null,"ARF_OUT":null,"Shape_Length":0.050686523775146979}},{"type":"Feature","id":679,"geometry":{"type":"LineString","coordinates":[[39.990743021000071,21.329642170000056],[39.990451545000042,21.330835190000073],[39.989611008000054,21.333919417000061],[39.988851198000077,21.335819235000031],[39.989595674000043,21.335976746000028],[39.98991333400005,21.33605964000003],[39.990074634000052,21.336108697000043],[39.990594525000063,21.336279122000064],[39.99105174400006,21.336456535000025],[39.991471697000065,21.336638142000027],[39.991601720000062,21.336694369000043],[39.991792514000053,21.33678833700003],[39.992351202000066,21.337087992000022],[39.992804592000027,21.337365677000037],[39.99309629000004,21.337567412000055],[39.993452297000033,21.337824367000053],[39.99365896200004,21.337998774000027],[39.993671273000075,21.338009163000038],[39.99368718900007,21.338027052000029],[39.993709859000035,21.33805942500004],[39.993726308000078,21.338094944000034],[39.993736055000056,21.338132570000027],[39.993738814000039,21.338171202000069],[39.993733165000037,21.338215780000041],[39.993721449000077,21.338251296000067],[39.99370368700005,21.33828453700005],[39.993680356000027,21.338314605000051],[39.993652087000044,21.338340690000052],[39.993559060000052,21.338433613000063],[39.993461530000047,21.338522392000073],[39.993359645000055,21.338606769000023],[39.993253692000053,21.338686625000037],[39.993143878000069,21.338761765000072],[39.993030444000055,21.338832026000034],[39.993009924000035,21.338844428000073],[39.993004137000071,21.338849346000075],[39.992993590000026,21.338860781000051],[39.992985174000069,21.33887367400007],[39.992979113000047,21.338887680000028],[39.992975570000056,21.338902424000025],[39.992974640000057,21.338917512000023],[39.99297634800007,21.33893254000003],[39.992980647000024,21.338947106000035],[39.992987423000045,21.338960821000057],[39.992996495000057,21.338973317000068],[39.993069164000076,21.339083758000072],[39.993166310000049,21.339224212000033],[39.993431987000065,21.339070565000043],[39.993451097000047,21.339063682000074],[39.993471122000074,21.339059686000041],[39.993491567000035,21.339058676000036],[39.993511929000078,21.339060676000031],[39.993531706000056,21.339065638000022],[39.993550410000068,21.339073438000071],[39.993567581000036,21.339083884000047],[39.993582795000066,21.339096720000043],[39.99359567700003,21.339111629000058],[39.993840320000061,21.33931780100005],[39.99389175400006,21.339275001000033]]},"properties":{"OBJECTID":679,"camp_label":"12/643","Transport_mode":"النقل التقليدي","Street_Camp_MIN":"شارع 643","MAKARF":"طريق الطائف - مواقف حجاج البر بعرفات","Street_Camp_ARF":"طريق 54","Street_MIN_Exit":"طريق الملك عبدالله (25) - المعيصم","ASMARF":"الدائري الشرقي عرفات","ASM_CODE":"ASMARF3","block":"122","camp_type":"حجاج الخارج","block_ARF":"122","ARF_ZONE2":"ARF ZONE 1","_length":22757,"MAKARFT1":null,"ARF_IN":null,"ARF_OUT":null,"Shape_Length":0.014343558888968879}},{"type":"Feature","id":680,"geometry":{"type":"LineString","coordinates":[[39.967559644000062,21.327004457000044],[39.967578091000064,21.327037485000062],[39.967578537000065,21.327038283000036],[39.96770568800008,21.327282506000074],[39.967770659000053,21.327413711000077],[39.967832212000076,21.327544264000039],[39.96790502500005,21.327700284000059],[39.968117881000069,21.328196809000076],[39.968214207000074,21.328460520000078],[39.968280636000031,21.328653065000026],[39.968321539000044,21.328768767000042],[39.968383609000057,21.328967263000038],[39.968430871000066,21.329139271000031],[39.968458883000039,21.329258612000046],[39.968548708000071,21.329609178000055],[39.968561854000029,21.329674373000046],[39.96863191500006,21.329984139000032],[39.968701503000034,21.330313905000025],[39.969136646000038,21.332426045000034],[39.969177875000071,21.332632126000078],[39.969261667000069,21.333021962000032],[39.969363442000031,21.333523420000063],[39.969441184000061,21.333917002000078],[39.970409320000044,21.333797324000045],[39.971279505000041,21.333759134000047],[39.972151085000064,21.333794204000071],[39.973522413000069,21.333893175000071],[39.976147974000071,21.334090063000076],[39.977602000000047,21.334224000000063],[39.978620627000055,21.334361124000054],[39.981905452000035,21.334827834000066],[39.982791503000044,21.334956225000042],[39.984311742000045,21.335168384000042],[39.98066797000007,21.337850254000045],[39.979933780000067,21.338390607000065],[39.979351079000025,21.33881946200006],[39.976871491000054,21.340636515000028],[39.975453354000081,21.341676548000066],[39.974133824000035,21.342484467000077],[39.973112164000042,21.343102888000033],[39.973165205000043,21.343190747000051]]},"properties":{"OBJECTID":680,"camp_label":"13/214","Transport_mode":"النقل التقليدي","Street_Camp_MIN":"شارع 214","MAKARF":"طريق الطائف - جسر الجامعة عرفات الثاني - الدائري الشرقي","Street_Camp_ARF":"طريق 50","Street_MIN_Exit":"طريق الملك خالد - المعيصم","ASMARF":"الدائري الاوسط 83","ASM_CODE":"ASMARF2","block":"101E","camp_type":"حجاج الداخل","block_ARF":"101E","ARF_ZONE2":"ARF Zone 4","_length":27059,"MAKARFT1":null,"ARF_IN":50,"ARF_OUT":50,"Shape_Length":0.035993592718277879}},{"type":"Feature","id":681,"geometry":{"type":"LineString","coordinates":[[39.967559644000062,21.327004457000044],[39.967578091000064,21.327037485000062],[39.967578537000065,21.327038283000036],[39.96770568800008,21.327282506000074],[39.967770659000053,21.327413711000077],[39.967832212000076,21.327544264000039],[39.96790502500005,21.327700284000059],[39.968117881000069,21.328196809000076],[39.968214207000074,21.328460520000078],[39.968280636000031,21.328653065000026],[39.968321539000044,21.328768767000042],[39.968383609000057,21.328967263000038],[39.968430871000066,21.329139271000031],[39.968458883000039,21.329258612000046],[39.968548708000071,21.329609178000055],[39.968561854000029,21.329674373000046],[39.96863191500006,21.329984139000032],[39.968701503000034,21.330313905000025],[39.969136646000038,21.332426045000034],[39.969177875000071,21.332632126000078],[39.969261667000069,21.333021962000032],[39.969363442000031,21.333523420000063],[39.969441184000061,21.333917002000078],[39.970409320000044,21.333797324000045],[39.971279505000041,21.333759134000047],[39.972151085000064,21.333794204000071],[39.973522413000069,21.333893175000071],[39.976147974000071,21.334090063000076],[39.977602000000047,21.334224000000063],[39.978620627000055,21.334361124000054],[39.981905452000035,21.334827834000066],[39.982791503000044,21.334956225000042],[39.984311742000045,21.335168384000042],[39.988851198000077,21.335819235000031],[39.989595674000043,21.335976746000028],[39.98991333400005,21.33605964000003],[39.990074634000052,21.336108697000043],[39.990594525000063,21.336279122000064],[39.99105174400006,21.336456535000025],[39.991601720000062,21.336694369000043],[39.991792514000053,21.33678833700003],[39.992351202000066,21.337087992000022],[39.992804592000027,21.337365677000037],[39.99309629000004,21.337567412000055],[39.993452297000033,21.337824367000053],[39.994206700000063,21.33846101000006],[39.994472922000057,21.338717325000061],[39.994792016000076,21.339050093000026],[39.995042147000049,21.339336876000061],[39.995392021000043,21.339778528000068],[39.995651810000027,21.34014140000005],[39.995958320000057,21.34061009900006],[39.996381353000061,21.341357596000023],[39.996698020000053,21.342059065000058],[39.996976540000048,21.342841210000074],[39.997211230000062,21.34376932400005],[39.997339835000048,21.344604835000041],[39.997333322000031,21.344615608000026],[39.997325026000055,21.344625246000078],[39.997315169000046,21.34463349300006],[39.997304012000029,21.344640128000037],[39.997291852000046,21.34464497700003],[39.997279012000035,21.344647909000059],[39.997265835000064,21.344648848000077],[39.99725267000008,21.344647767000026],[39.997239867000076,21.344644696000046],[39.997227768000073,21.344639716000074],[39.997216693000041,21.344632960000069],[39.997206938000033,21.344624607000071],[39.997198762000039,21.344614881000041],[39.997192382000037,21.344604038000057],[39.997187968000048,21.344592368000065],[39.997168473000045,21.344367563000048],[39.99714146000008,21.344143442000075],[39.997106957000028,21.343920225000033],[39.997064998000042,21.343698132000043],[39.997015623000038,21.343477381000071],[39.996958881000069,21.343258190000029],[39.996894829000041,21.343040774000031],[39.996823529000039,21.34282534700003],[39.996735518000037,21.342570568000042],[39.996642690000044,21.342317295000043],[39.996545076000075,21.342065606000062],[39.99644270500005,21.341815581000048],[39.996335611000063,21.341567299000076],[39.996319276000065,21.34154733400004],[39.996299657000066,21.341530159000058],[39.996277289000034,21.341516242000068],[39.996252782000056,21.341505962000042],[39.996226804000059,21.341499600000077],[39.99620006300006,21.341497329000049],[39.996173287000033,21.341499211000041],[39.996147206000046,21.341505194000035],[39.996122532000072,21.341515116000039],[39.993215476000046,21.343244854000034],[39.98967074400008,21.345392706000041],[39.989624323000044,21.34542190600007],[39.989581918000056,21.345456047000027],[39.98954412300003,21.345494651000024],[39.989511472000061,21.345537174000071],[39.989484422000032,21.34558301800007],[39.989463354000065,21.345631540000056],[39.989285375000065,21.346182368000029],[39.989350696000031,21.346194911000055]]},"properties":{"OBJECTID":681,"camp_label":"13/520","Transport_mode":"النقل التقليدي","Street_Camp_MIN":"شارع 520","MAKARF":"طريق الطائف - جسر الجامعة عرفات الثاني - الدائري الشرقي","Street_Camp_ARF":"طريق 62","Street_MIN_Exit":"طريق الملك فهد (68 )","ASMARF":"الدائري الشرقي عرفات","ASM_CODE":"ASMARF2","block":"8-8","camp_type":"حجاج الخارج","block_ARF":"8-8","ARF_ZONE2":"","_length":22680,"MAKARFT1":null,"ARF_IN":null,"ARF_OUT":null,"Shape_Length":0.051926706995196484}},{"type":"Feature","id":682,"geometry":{"type":"LineString","coordinates":[[39.94754269200007,21.33845289900006],[39.948252810000042,21.339560423000023],[39.948686590000079,21.339902104000032],[39.95262288400005,21.341608852000036],[39.953817981000043,21.342131661000053],[39.95408722600007,21.342220962000056],[39.954370572000073,21.342254106000041],[39.958823771000027,21.339568923000058],[39.966452691000029,21.334973297000033],[39.967387416000065,21.334537778000026],[39.968147388000034,21.334252954000078],[39.968538309000053,21.334134651000056],[39.969056085000034,21.33399937400003],[39.969441184000061,21.333917002000078],[39.970409320000044,21.333797324000045],[39.971279505000041,21.333759134000047],[39.972151085000064,21.333794204000071],[39.973522413000069,21.333893175000071],[39.976147974000071,21.334090063000076],[39.977602365000052,21.334224284000072],[39.978620627000055,21.334361124000054],[39.979497907000052,21.334478962000048],[39.981905452000035,21.334827834000066],[39.982791503000044,21.334956225000042],[39.984311742000045,21.335168384000042],[39.988851198000077,21.335819235000031],[39.989595674000043,21.335976746000028],[39.98991333400005,21.33605964000003],[39.990074634000052,21.336108697000043],[39.990594525000063,21.336279122000064],[39.99105174400006,21.336456535000025],[39.991601720000062,21.336694369000043],[39.991792514000053,21.33678833700003],[39.992351202000066,21.337087992000022],[39.992804592000027,21.337365677000037],[39.99309629000004,21.337567412000055],[39.993452297000033,21.337824367000053],[39.994206700000063,21.33846101000006],[39.994472922000057,21.338717325000061],[39.994792016000076,21.339050093000026],[39.995042147000049,21.339336876000061],[39.995392021000043,21.339778528000068],[39.995651810000027,21.34014140000005],[39.991528136000056,21.342522261000056],[39.985953503000076,21.345771920000061],[39.984365856000068,21.346717695000052],[39.98266900200008,21.347728497000048],[39.982290258000035,21.347956751000027],[39.981888137000055,21.348198629000024],[39.981128150000075,21.34865618300006],[39.980161779000071,21.349238811000077],[39.978144788000066,21.350458397000068],[39.97773426200007,21.350706498000022],[39.97549915500008,21.352057247000062],[39.975974609000048,21.352807311000049],[39.976556825000046,21.352887422000038],[39.976722180000024,21.352785900000072],[39.976704900000072,21.352749404000065]]},"properties":{"OBJECTID":682,"camp_label":"14/204","Transport_mode":"النقل التقليدي","Street_Camp_MIN":"شارع 204","MAKARF":"طريق الطائف - نفق الجامعة عرفات الأول - الدائري الأوسط","Street_Camp_ARF":"طريق 56","Street_MIN_Exit":"طريق الملك فهد (68 )","ASMARF":"الدائري الغربي عرفات","ASM_CODE":"ASMARF1","block":"41","camp_type":"حجاج الخارج","block_ARF":"41","ARF_ZONE2":"مسار رقم 1","_length":25332,"MAKARFT1":1443.5,"ARF_IN":null,"ARF_OUT":null,"Shape_Length":0.07826417432610161}},{"type":"Feature","id":683,"geometry":{"type":"LineString","coordinates":[[40.00517823000007,21.328710576000049],[40.001665469000045,21.330447043000049],[39.999634566000054,21.331432715000062],[39.997618553000052,21.332540480000034],[39.996834841000066,21.333015973000045],[39.995822902000043,21.333517219000043],[39.994872963000034,21.334088969000049],[39.99424463400004,21.334544582000035],[39.993634172000043,21.33507762000005],[39.991938696000034,21.336478406000026],[39.991898674000026,21.336571792000029],[39.991883427000062,21.336661366000044],[39.991896768000061,21.336766187000023],[39.991944698000054,21.336869961000048],[39.992351202000066,21.337087992000022],[39.992804592000027,21.337365677000037],[39.99309629000004,21.337567412000055],[39.993452297000033,21.337824367000053],[39.994206700000063,21.33846101000006],[39.994472922000057,21.338717325000061],[39.994792016000076,21.339050093000026],[39.995042147000049,21.339336876000061],[39.995392021000043,21.339778528000068],[39.995651810000027,21.34014140000005],[39.995958320000057,21.34061009900006],[39.996381353000061,21.341357596000023],[39.996698020000053,21.342059065000058],[39.996976540000048,21.342841210000074],[39.997211230000062,21.34376932400005],[39.997252959000036,21.344040429000074],[39.997339835000048,21.344604835000041],[39.997385370000075,21.345240382000043],[39.997383632000037,21.347255516000075],[39.997334798000054,21.347842433000039],[39.997148260000074,21.348809699000071],[39.996502345000067,21.351506592000078],[39.996063212000024,21.35335281600004],[39.995873346000053,21.354011229000037],[39.995642059000033,21.354657349000036],[39.995355116000042,21.35531516900005],[39.994886239000039,21.356140980000077],[39.994514154000058,21.356696491000037],[39.994109008000066,21.357212540000035],[39.993754679000062,21.35759018300007],[39.993480734000059,21.357826168000031],[39.992953433000025,21.358213054000032],[39.991679687000044,21.358990066000047],[39.990602163000062,21.359708559000069],[39.989594257000078,21.360414318000039],[39.988557807000063,21.361152988000072],[39.988265529000046,21.361385848000054],[39.988009848000047,21.361608728000078],[39.987894908000044,21.361716013000034],[39.987785482000049,21.361828244000037],[39.987681811000073,21.361945171000059],[39.987584126000058,21.362066537000032],[39.987492643000053,21.362192072000028],[39.98740756400008,21.362321498000028],[39.987329077000027,21.362454530000036],[39.987257357000033,21.362590873000045],[39.987192562000075,21.362730224000074],[39.987134835000063,21.362872276000076],[39.987084304000064,21.363016714000025],[39.987039891000052,21.363154473000066],[39.987002145000076,21.363293966000072],[39.986971140000037,21.363434909000034],[39.986946941000042,21.363577016000022],[39.986929596000039,21.363720000000058],[39.986919141000044,21.363863571000024],[39.986915597000063,21.364007437000055],[39.98691897100008,21.364151306000053],[39.986929256000053,21.364294888000074],[39.986946431000035,21.364437890000033],[39.986979401000042,21.364607593000073],[39.987018502000069,21.364776150000068],[39.987063688000035,21.364943367000023],[39.98711490900007,21.365109050000058],[39.987172104000081,21.365273009000077],[39.987235208000072,21.365435056000024],[39.987304148000078,21.365595002000077],[39.98737884500008,21.365752663000023],[39.987459212000033,21.36590785900006],[39.987590796000063,21.366163674000063],[39.988041217000045,21.367062567000062],[39.988173569000026,21.367300172000057],[39.988300066000079,21.367540559000076],[39.988420642000051,21.367783601000042],[39.988535232000061,21.368029171000046],[39.98864377700005,21.368277140000032],[39.988746220000053,21.368527376000031],[39.989150824000035,21.368384655000057],[39.989211051000041,21.368365959000073],[39.989272684000071,21.368351847000042],[39.989335328000038,21.368342411000071],[39.989398578000078,21.368337711000038],[39.989438067000037,21.368339807000041],[39.98947677700005,21.368347414000027],[39.989513835000025,21.368360361000043],[39.989548409000065,21.368378356000051],[39.989579719000062,21.368400995000059],[39.989607060000026,21.368427767000071],[39.989629816000047,21.368458070000031],[39.98972853500004,21.368628365000063],[39.989767654000048,21.368724089000068],[39.989734191000025,21.368737448000047]]},"properties":{"OBJECTID":683,"camp_label":"15/68","Transport_mode":"النقل التقليدي","Street_Camp_MIN":"شارع 68","MAKARF":"طريق الطائف - طريق صاد - الدائري الشرقي","Street_Camp_ARF":"طريق 91","Street_MIN_Exit":"طريق الملك فهد (68 )","ASMARF":"الدائري الشرقي عرفات","ASM_CODE":"ASMARF4","block":"28A","camp_type":"حجاج الخارج","block_ARF":"28A","ARF_ZONE2":"ARF3","_length":27956,"MAKARFT1":600.5,"ARF_IN":null,"ARF_OUT":null,"Shape_Length":0.055363101718084749}},{"type":"Feature","id":684,"geometry":{"type":"LineString","coordinates":[[39.94754269200007,21.33845289900006],[39.948252810000042,21.339560423000023],[39.948686590000079,21.339902104000032],[39.95262288400005,21.341608852000036],[39.953817981000043,21.342131661000053],[39.95408722600007,21.342220962000056],[39.954370572000073,21.342254106000041],[39.958823771000027,21.339568923000058],[39.966452691000029,21.334973297000033],[39.967387416000065,21.334537778000026],[39.968147388000034,21.334252954000078],[39.968538309000053,21.334134651000056],[39.969061903000068,21.333998129000065],[39.969441184000061,21.333917002000078],[39.970409320000044,21.333797324000045],[39.971279505000041,21.333759134000047],[39.972151085000064,21.333794204000071],[39.973522413000069,21.333893175000071],[39.976147974000071,21.334090063000076],[39.977602365000052,21.334224284000072],[39.978620627000055,21.334361124000054],[39.979497907000052,21.334478962000048],[39.981905452000035,21.334827834000066],[39.982791503000044,21.334956225000042],[39.984311742000045,21.335168384000042],[39.988851198000077,21.335819235000031],[39.989595674000043,21.335976746000028],[39.98991333400005,21.33605964000003],[39.990074634000052,21.336108697000043],[39.990594525000063,21.336279122000064],[39.99105174400006,21.336456535000025],[39.991601720000062,21.336694369000043],[39.991792514000053,21.33678833700003],[39.992351202000066,21.337087992000022],[39.992804592000027,21.337365677000037],[39.99309629000004,21.337567412000055],[39.993452000000048,21.337824000000069],[39.99365896200004,21.337998774000027],[39.994206700000063,21.33846101000006],[39.994472922000057,21.338717325000061],[39.994792016000076,21.339050093000026],[39.995042147000049,21.339336876000061],[39.995392021000043,21.339778528000068],[39.995651810000027,21.34014140000005],[39.995958320000057,21.34061009900006],[39.996381353000061,21.341357596000023],[39.996698020000053,21.342059065000058],[39.996976540000048,21.342841210000074],[39.997211230000062,21.34376932400005],[39.997252959000036,21.344040429000074],[39.997339835000048,21.344604835000041],[39.997337702000038,21.344635206000078],[39.997334698000031,21.344645613000068],[39.997327512000027,21.344654809000076],[39.997310216000074,21.344673909000051],[39.997252113000059,21.34472491300005],[39.997191895000071,21.344767832000059],[39.997140123000065,21.344798063000042],[39.996649712000078,21.34509171600007],[39.995454505000055,21.345833760000062],[39.995284511000079,21.34593798700007],[39.994662834000053,21.346320803000026],[39.993333926000048,21.347150831000079],[39.993053134000036,21.347325069000078],[39.991565113000036,21.348243361000073],[39.98994762500007,21.349251708000054],[39.988731235000046,21.349993709000046],[39.988162524000074,21.350294986000051],[39.98782529500005,21.350452304000044],[39.987363160000029,21.350667882000039],[39.987176656000031,21.350754893000044],[39.985924622000027,21.351338954000028],[39.98290570000006,21.352742626000065],[39.982850790000043,21.35276454600006],[39.982793559000072,21.35278042300007],[39.982734762000064,21.352790049000077],[39.982675175000054,21.352793296000073],[39.98261558300004,21.352790122000044],[39.982556773000056,21.352780568000071],[39.982499520000033,21.35276476100006],[39.98244457900006,21.352742908000039],[39.982392675000028,21.352715299000067],[39.982344492000038,21.352682297000058],[39.982300666000071,21.352644337000072],[39.98226177500004,21.35260192100003],[39.982228331000044,21.352555607000056],[39.981922371000053,21.352070821000041],[39.981905077000079,21.352047910000067],[39.981884041000058,21.35202793600007],[39.981859821000057,21.352011427000036],[39.981833060000042,21.351998822000041],[39.981804470000043,21.351990455000077],[39.981774809000058,21.351986550000049],[39.981744865000053,21.351987209000072],[39.981715432000044,21.35199241600003],[39.98168729300005,21.35200203100004],[39.981661194000026,21.352015800000061],[39.980519385000036,21.352703123000026],[39.979641389000051,21.353231633000064],[39.979624821000073,21.353243559000077],[39.97961061500007,21.353257912000061],[39.979599171000075,21.353274289000069],[39.979590813000073,21.353292229000033],[39.979585774000043,21.353311225000027],[39.979584198000055,21.353330743000072],[39.97958612900004,21.353350233000072],[39.97959151200007,21.353369146000034],[39.979600196000035,21.353386950000072],[39.979823407000026,21.35369988900004],[39.979879839000034,21.353666221000026]]},"properties":{"OBJECTID":684,"camp_label":"16/206","Transport_mode":"النقل التقليدي","Street_Camp_MIN":"شارع 206","MAKARF":"طريق الطائف - نفق الجامعة عرفات الأول - الدائري الأوسط","Street_Camp_ARF":"طريق 62","Street_MIN_Exit":"طريق الملك فهد (68 )","ASMARF":"الدائري الغربي عرفات","ASM_CODE":"ASMARF1","block":"37","camp_type":"حجاج الخارج","block_ARF":"37","ARF_ZONE2":"مسار رقم 1","_length":25974,"MAKARFT1":2069,"ARF_IN":null,"ARF_OUT":null,"Shape_Length":0.079200069710466892}},{"type":"Feature","id":685,"geometry":{"type":"LineString","coordinates":[[39.967559644000062,21.327004457000044],[39.967578091000064,21.327037485000062],[39.967578537000065,21.327038283000036],[39.96770568800008,21.327282506000074],[39.967770659000053,21.327413711000077],[39.967832212000076,21.327544264000039],[39.96790502500005,21.327700284000059],[39.968117881000069,21.328196809000076],[39.968214207000074,21.328460520000078],[39.968280636000031,21.328653065000026],[39.968321539000044,21.328768767000042],[39.968383609000057,21.328967263000038],[39.968430871000066,21.329139271000031],[39.968458883000039,21.329258612000046],[39.968548708000071,21.329609178000055],[39.968561854000029,21.329674373000046],[39.96863191500006,21.329984139000032],[39.968701503000034,21.330313905000025],[39.969136646000038,21.332426045000034],[39.969177875000071,21.332632126000078],[39.969261667000069,21.333021962000032],[39.969363442000031,21.333523420000063],[39.969441184000061,21.333917002000078],[39.970409320000044,21.333797324000045],[39.971279505000041,21.333759134000047],[39.972151085000064,21.333794204000071],[39.973522413000069,21.333893175000071],[39.976147974000071,21.334090063000076],[39.977602000000047,21.334224000000063],[39.978620627000055,21.334361124000054],[39.981905452000035,21.334827834000066],[39.982791503000044,21.334956225000042],[39.984311742000045,21.335168384000042],[39.988851198000077,21.335819235000031],[39.989595674000043,21.335976746000028],[39.98991333400005,21.33605964000003],[39.990074634000052,21.336108697000043],[39.990594525000063,21.336279122000064],[39.99105174400006,21.336456535000025],[39.991601720000062,21.336694369000043],[39.991792514000053,21.33678833700003],[39.992352289000053,21.337088574000063],[39.992804592000027,21.337365677000037],[39.99309629000004,21.337567412000055],[39.993452297000033,21.337824367000053],[39.994206700000063,21.33846101000006],[39.994472922000057,21.338717325000061],[39.994792016000076,21.339050093000026],[39.995042147000049,21.339336876000061],[39.995392021000043,21.339778528000068],[39.995651810000027,21.34014140000005],[39.995958320000057,21.34061009900006],[39.996381353000061,21.341357596000023],[39.996698020000053,21.342059065000058],[39.996976540000048,21.342841210000074],[39.997211230000062,21.34376932400005],[39.997339835000048,21.344604835000041],[39.997333322000031,21.344615608000026],[39.997325026000055,21.344625246000078],[39.997315169000046,21.34463349300006],[39.997304012000029,21.344640128000037],[39.997291852000046,21.34464497700003],[39.997279012000035,21.344647909000059],[39.997265835000064,21.344648848000077],[39.99725267000008,21.344647767000026],[39.997239867000076,21.344644696000046],[39.997227768000073,21.344639716000074],[39.997216693000041,21.344632960000069],[39.997206938000033,21.344624607000071],[39.997198762000039,21.344614881000041],[39.997192382000037,21.344604038000057],[39.997187968000048,21.344592368000065],[39.997168473000045,21.344367563000048],[39.99714146000008,21.344143442000075],[39.997106957000028,21.343920225000033],[39.997064998000042,21.343698132000043],[39.997015623000038,21.343477381000071],[39.996958881000069,21.343258190000029],[39.996894829000041,21.343040774000031],[39.996823529000039,21.34282534700003],[39.996735518000037,21.342570568000042],[39.996642690000044,21.342317295000043],[39.996545076000075,21.342065606000062],[39.99644270500005,21.341815581000048],[39.996335611000063,21.341567299000076],[39.996319276000065,21.34154733400004],[39.996299657000066,21.341530159000058],[39.996277289000034,21.341516242000068],[39.996252782000056,21.341505962000042],[39.996226804000059,21.341499600000077],[39.99620006300006,21.341497329000049],[39.996173287000033,21.341499211000041],[39.996147206000046,21.341505194000035],[39.996122532000072,21.341515116000039],[39.993215476000046,21.343244854000034],[39.98967074400008,21.345392706000041],[39.989624323000044,21.34542190600007],[39.989581918000056,21.345456047000027],[39.98954412300003,21.345494651000024],[39.989511472000061,21.345537174000071],[39.989484422000032,21.34558301800007],[39.989463354000065,21.345631540000056],[39.989285375000065,21.346182368000029],[39.98918416600003,21.346590675000073],[39.989141060000065,21.346760987000039],[39.988480848000052,21.347150718000023],[39.988443382000071,21.347092245000056]]},"properties":{"OBJECTID":685,"camp_label":"16/522","Transport_mode":"النقل التقليدي","Street_Camp_MIN":"شارع 522","MAKARF":"طريق الطائف - جسر الجامعة عرفات الثاني - الدائري الشرقي","Street_Camp_ARF":"طريق 62","Street_MIN_Exit":"طريق الملك فهد (68 )","ASMARF":"الدائري الشرقي عرفات","ASM_CODE":"ASMARF2","block":"8-8","camp_type":"حجاج الخارج","block_ARF":"8-8","ARF_ZONE2":"مسار رقم 1","_length":22840,"MAKARFT1":null,"ARF_IN":null,"ARF_OUT":null,"Shape_Length":0.053292648727060361}},{"type":"Feature","id":686,"geometry":{"type":"LineString","coordinates":[[39.990743021000071,21.329642170000056],[39.990451545000042,21.330835190000073],[39.989611008000054,21.333919417000061],[39.988851198000077,21.335819235000031],[39.989595674000043,21.335976746000028],[39.98991333400005,21.33605964000003],[39.990074634000052,21.336108697000043],[39.990594525000063,21.336279122000064],[39.99105174400006,21.336456535000025],[39.991601720000062,21.336694369000043],[39.991792512000075,21.336788336000041],[39.992351202000066,21.337087992000022],[39.992352289000053,21.337088574000063],[39.992804592000027,21.337365677000037],[39.99309629000004,21.337567412000055],[39.993452297000033,21.337824367000053],[39.994206700000063,21.33846101000006],[39.994472922000057,21.338717325000061],[39.994792016000076,21.339050093000026],[39.995042147000049,21.339336876000061],[39.995392021000043,21.339778528000068],[39.995651810000027,21.34014140000005],[39.995532057000048,21.340210543000069],[39.995391375000054,21.340005035000047],[39.995244538000065,21.339803342000039],[39.995091666000064,21.339605624000058],[39.994932879000032,21.339412042000049],[39.994768306000026,21.339222748000054],[39.994598078000024,21.339037897000026],[39.994422333000045,21.338857635000068],[39.994241210000041,21.338682108000057],[39.994054855000059,21.338511455000059],[39.993863418000046,21.338345814000036],[39.993846059000077,21.338330963000033],[39.993826411000043,21.338318869000034],[39.993804972000078,21.338309835000075],[39.993782277000037,21.338304089000076],[39.993758899000056,21.338301776000037],[39.993735424000079,21.338302953000039],[39.99371244200006,21.338307591000046],[39.993690532000073,21.338315573000045],[39.993670244000043,21.338326699000049],[39.993652087000044,21.338340690000052],[39.993559074000075,21.33843362600004],[39.993461530000047,21.338522392000073],[39.993359668000039,21.338606795000032],[39.993253711000079,21.338686649000067],[39.993143890000056,21.338761780000027],[39.993030444000055,21.338832026000034],[39.993009924000035,21.338844428000073],[39.992783036000048,21.338980023000033],[39.992720938000048,21.339013927000053],[39.992656138000029,21.339043054000058],[39.992589051000039,21.339067215000057],[39.992520111000033,21.33908625600003],[39.992449763000025,21.339100052000049],[39.992390191000027,21.339119094000068],[39.992333216000077,21.339144161000036],[39.992279530000076,21.33917494800005],[39.992229786000053,21.339211082000077],[39.992099411000027,21.339288565000061],[39.991965776000029,21.339361010000061],[39.991829103000043,21.339428296000051],[39.991689619000056,21.339490313000056],[39.991547555000068,21.339546957000039],[39.991403148000074,21.339598133000038],[39.991362239000068,21.339608388000045],[39.991320112000039,21.339612421000027],[39.991277835000062,21.33961012900005],[39.991236485000059,21.33960157000007],[39.991197113000055,21.339586961000066],[39.991160720000039,21.339566676000061],[39.991128231000062,21.33954122800003],[39.990991220000069,21.339396444000045],[39.990964733000055,21.339372317000027],[39.990934851000077,21.339351965000048],[39.990902184000049,21.33933580300004],[39.990867394000077,21.339324160000047],[39.990814620000037,21.339317015000063],[39.990760253000076,21.339318984000045],[39.990613303000032,21.339326076000077],[39.990534903000025,21.339323712000066],[39.99047777800007,21.339312681000024],[39.990423411000052,21.339288255000042],[39.990360770000052,21.339253192000058],[39.990288092000071,21.339184811000052],[39.989930076000064,21.338813436000066],[39.989953446000072,21.338792262000027]]},"properties":{"OBJECTID":686,"camp_label":"16/643","Transport_mode":"النقل التقليدي","Street_Camp_MIN":"شارع 643","MAKARF":"طريق الطائف - مواقف حجاج البر بعرفات","Street_Camp_ARF":"طريق 54","Street_MIN_Exit":"طريق الملك عبدالله (25) - المعيصم","ASMARF":"الدائري الشرقي عرفات","ASM_CODE":"ASMARF3","block":"122","camp_type":"حجاج الخارج","block_ARF":"122","ARF_ZONE2":"مسار رقم 3","_length":23316,"MAKARFT1":1505,"ARF_IN":null,"ARF_OUT":null,"Shape_Length":0.02203781911316231}},{"type":"Feature","id":687,"geometry":{"type":"LineString","coordinates":[[40.00517823000007,21.328710576000049],[40.001738069000055,21.330411155000036],[39.999634566000054,21.331432715000062],[39.997618553000052,21.332540480000034],[39.996834841000066,21.333015973000045],[39.995822902000043,21.333517219000043],[39.994872963000034,21.334088969000049],[39.99424463400004,21.334544582000035],[39.993634172000043,21.33507762000005],[39.991938696000034,21.336478406000026],[39.991479009000045,21.336798733000023],[39.990670257000033,21.337407892000044],[39.989589453000065,21.338221947000022],[39.989405685000065,21.338363126000047],[39.989303191000033,21.338441866000039],[39.989046706000067,21.33864668700005],[39.988781688000074,21.33886601100005],[39.988465451000025,21.339138481000077],[39.988205200000039,21.339372234000052],[39.988013132000049,21.339550902000042],[39.98794298100006,21.339617063000048],[39.987766069000031,21.339787913000066],[39.987685873000032,21.339866604000065],[39.987451299000043,21.340103285000055],[39.987434000000064,21.340121000000067],[39.98719189500008,21.340374422000025],[39.987053422000031,21.340523963000066],[39.986825655000075,21.340777374000027],[39.986482516000081,21.341149893000022],[39.98613415300008,21.341518133000022],[39.985780625000075,21.341882027000054],[39.985421996000071,21.342241514000023],[39.985331676000044,21.342329684000049],[39.985058327000047,21.342596529000048],[39.984689682000067,21.342947012000025],[39.984316125000078,21.343292901000041],[39.983937721000075,21.343634136000048],[39.983672493000029,21.343868018000023],[39.983554537000032,21.343970657000057],[39.982372369000075,21.344858612000053],[39.978670087000069,21.347191870000074],[39.978108840000061,21.346402318000059],[39.977702362000059,21.345805509000058],[39.977328879000027,21.34603071600003],[39.977252301000078,21.345919440000046]]},"properties":{"OBJECTID":687,"camp_label":"16/68","Transport_mode":"النقل التقليدي","Street_Camp_MIN":"شارع 68","MAKARF":"طريق الطائف - طريق صاد - الدائري الشرقي","Street_Camp_ARF":"طريق 91","Street_MIN_Exit":"طريق الملك فهد (68 )","ASMARF":"الدائري الشرقي عرفات","ASM_CODE":"ASMARF4","block":"39A","camp_type":"حجاج الخارج","block_ARF":"39A","ARF_ZONE2":"ARF ZONE 13","_length":25840,"MAKARFT1":801,"ARF_IN":62,"ARF_OUT":62,"Shape_Length":0.034803910875621957}},{"type":"Feature","id":688,"geometry":{"type":"LineString","coordinates":[[40.00517823000007,21.328710576000049],[40.001738069000055,21.330411155000036],[39.999634566000054,21.331432715000062],[39.997618553000052,21.332540480000034],[39.996834841000066,21.333015973000045],[39.995822902000043,21.333517219000043],[39.994872963000034,21.334088969000049],[39.99424463400004,21.334544582000035],[39.993634172000043,21.33507762000005],[39.991938696000034,21.336478406000026],[39.991898674000026,21.336571792000029],[39.991883427000062,21.336661366000044],[39.991896768000061,21.336766187000023],[39.991944698000054,21.336869961000048],[39.992351202000066,21.337087992000022],[39.992804592000027,21.337365677000037],[39.99309629000004,21.337567412000055],[39.993452297000033,21.337824367000053],[39.994206700000063,21.33846101000006],[39.994472922000057,21.338717325000061],[39.994792016000076,21.339050093000026],[39.995042147000049,21.339336876000061],[39.995392021000043,21.339778528000068],[39.995651810000027,21.34014140000005],[39.995958320000057,21.34061009900006],[39.996381353000061,21.341357596000023],[39.996698020000053,21.342059065000058],[39.996976540000048,21.342841210000074],[39.997211230000062,21.34376932400005],[39.997252959000036,21.344040429000074],[39.997339835000048,21.344604835000041],[39.997385370000075,21.345240382000043],[39.997383632000037,21.347255516000075],[39.997334798000054,21.347842433000039],[39.997148260000074,21.348809699000071],[39.996502345000067,21.351506592000078],[39.996063212000024,21.35335281600004],[39.995873346000053,21.354011229000037],[39.995642059000033,21.354657349000036],[39.995355116000042,21.35531516900005],[39.994886239000039,21.356140980000077],[39.994514154000058,21.356696491000037],[39.994109008000066,21.357212540000035],[39.993754679000062,21.35759018300007],[39.993480734000059,21.357826168000031],[39.992953433000025,21.358213054000032],[39.991679687000044,21.358990066000047],[39.990602163000062,21.359708559000069],[39.989594257000078,21.360414318000039],[39.988557807000063,21.361152988000072],[39.988265529000046,21.361385848000054],[39.988009848000047,21.361608728000078],[39.987894908000044,21.361716013000034],[39.987785482000049,21.361828244000037],[39.987681811000073,21.361945171000059],[39.987584126000058,21.362066537000032],[39.987492643000053,21.362192072000028],[39.98740756400008,21.362321498000028],[39.987329077000027,21.362454530000036],[39.987257357000033,21.362590873000045],[39.987192562000075,21.362730224000074],[39.987134835000063,21.362872276000076],[39.987084304000064,21.363016714000025],[39.987039891000052,21.363154473000066],[39.987002145000076,21.363293966000072],[39.986971140000037,21.363434909000034],[39.986946941000042,21.363577016000022],[39.986929596000039,21.363720000000058],[39.986919141000044,21.363863571000024],[39.986915597000063,21.364007437000055],[39.98691897100008,21.364151306000053],[39.986929256000053,21.364294888000074],[39.986946431000035,21.364437890000033],[39.986979401000042,21.364607593000073],[39.987018502000069,21.364776150000068],[39.987063688000035,21.364943367000023],[39.98711490900007,21.365109050000058],[39.987172104000081,21.365273009000077],[39.987235208000072,21.365435056000024],[39.987304148000078,21.365595002000077],[39.98737884500008,21.365752663000023],[39.987459212000033,21.36590785900006],[39.987590796000063,21.366163674000063],[39.988041217000045,21.367062567000062],[39.988173569000026,21.367300172000057],[39.988300066000079,21.367540559000076],[39.988420642000051,21.367783601000042],[39.988535232000061,21.368029171000046],[39.98864377700005,21.368277140000032],[39.988746220000053,21.368527376000031],[39.988928593000026,21.369021168000074],[39.989003356000069,21.369288405000077],[39.989073347000044,21.369554051000023],[39.98914492800003,21.369875372000024],[39.989213328000062,21.370349400000066],[39.989435827000079,21.372644079000054],[39.989679402000036,21.372626681000042],[39.989776817000063,21.372357495000074],[39.989793105000047,21.372264853000047],[39.989781907000065,21.372203770000056],[39.989765618000035,21.372126399000024],[39.98975673700005,21.372043632000043],[39.989776817000063,21.371892248000051],[39.989828866000039,21.371899535000068]]},"properties":{"OBJECTID":688,"camp_label":"17/68","Transport_mode":"النقل التقليدي","Street_Camp_MIN":"شارع 68","MAKARF":"طريق الطائف - طريق صاد - الدائري الشرقي","Street_Camp_ARF":"طريق 91","Street_MIN_Exit":"طريق الملك فهد (68 )","ASMARF":"الدائري الشرقي عرفات","ASM_CODE":"ASMARF4","block":"28A","camp_type":"حجاج الخارج","block_ARF":"28A","ARF_ZONE2":"ARF3","_length":27992,"MAKARFT1":null,"ARF_IN":null,"ARF_OUT":null,"Shape_Length":0.059319076791101585}},{"type":"Feature","id":689,"geometry":{"type":"LineString","coordinates":[[39.967559644000062,21.327004457000044],[39.967578091000064,21.327037485000062],[39.967578537000065,21.327038283000036],[39.96770568800008,21.327282506000074],[39.967770659000053,21.327413711000077],[39.967832212000076,21.327544264000039],[39.96790502500005,21.327700284000059],[39.968117881000069,21.328196809000076],[39.968214207000074,21.328460520000078],[39.968280636000031,21.328653065000026],[39.968321539000044,21.328768767000042],[39.968383609000057,21.328967263000038],[39.968430871000066,21.329139271000031],[39.968458883000039,21.329258612000046],[39.968548708000071,21.329609178000055],[39.968561854000029,21.329674373000046],[39.96863191500006,21.329984139000032],[39.968701503000034,21.330313905000025],[39.969136646000038,21.332426045000034],[39.969177875000071,21.332632126000078],[39.969261667000069,21.333021962000032],[39.969363442000031,21.333523420000063],[39.969441184000061,21.333917002000078],[39.970409320000044,21.333797324000045],[39.971279505000041,21.333759134000047],[39.972151085000064,21.333794204000071],[39.973522413000069,21.333893175000071],[39.976147974000071,21.334090063000076],[39.977602365000052,21.334224284000072],[39.978620627000055,21.334361124000054],[39.981905452000035,21.334827834000066],[39.982791503000044,21.334956225000042],[39.984311742000045,21.335168384000042],[39.988851198000077,21.335819235000031],[39.989595674000043,21.335976746000028],[39.98991333400005,21.33605964000003],[39.990074634000052,21.336108697000043],[39.990594525000063,21.336279122000064],[39.99105174400006,21.336456535000025],[39.991601720000062,21.336694369000043],[39.991792514000053,21.33678833700003],[39.992352289000053,21.337088574000063],[39.992804592000027,21.337365677000037],[39.99309629000004,21.337567412000055],[39.993452297000033,21.337824367000053],[39.994206700000063,21.33846101000006],[39.994472922000057,21.338717325000061],[39.994792016000076,21.339050093000026],[39.995042147000049,21.339336876000061],[39.995392021000043,21.339778528000068],[39.995651810000027,21.34014140000005],[39.995958320000057,21.34061009900006],[39.996381353000061,21.341357596000023],[39.996698020000053,21.342059065000058],[39.996976540000048,21.342841210000074],[39.997211230000062,21.34376932400005],[39.997339835000048,21.344604835000041],[39.997333322000031,21.344615608000026],[39.997325026000055,21.344625246000078],[39.997315169000046,21.34463349300006],[39.997304012000029,21.344640128000037],[39.997291852000046,21.34464497700003],[39.997279012000035,21.344647909000059],[39.997265835000064,21.344648848000077],[39.99725267000008,21.344647767000026],[39.997239867000076,21.344644696000046],[39.997227768000073,21.344639716000074],[39.997216693000041,21.344632960000069],[39.997206938000033,21.344624607000071],[39.997198762000039,21.344614881000041],[39.997192382000037,21.344604038000057],[39.997187968000048,21.344592368000065],[39.997168473000045,21.344367563000048],[39.99714146000008,21.344143442000075],[39.997106957000028,21.343920225000033],[39.997064998000042,21.343698132000043],[39.997015623000038,21.343477381000071],[39.996958881000069,21.343258190000029],[39.996894829000041,21.343040774000031],[39.996823529000039,21.34282534700003],[39.996735518000037,21.342570568000042],[39.996642690000044,21.342317295000043],[39.996545076000075,21.342065606000062],[39.99644270500005,21.341815581000048],[39.996335611000063,21.341567299000076],[39.996319276000065,21.34154733400004],[39.996299657000066,21.341530159000058],[39.996277289000034,21.341516242000068],[39.996252782000056,21.341505962000042],[39.996226804000059,21.341499600000077],[39.99620006300006,21.341497329000049],[39.996173287000033,21.341499211000041],[39.996147206000046,21.341505194000035],[39.996122532000072,21.341515116000039],[39.993215476000046,21.343244854000034],[39.992729631000032,21.34353924800007],[39.992771184000048,21.343601536000051]]},"properties":{"OBJECTID":689,"camp_label":"18/520","Transport_mode":"النقل التقليدي","Street_Camp_MIN":"شارع 520","MAKARF":"طريق الطائف - جسر الجامعة عرفات الثاني - الدائري الشرقي","Street_Camp_ARF":"طريق 62","Street_MIN_Exit":"طريق الملك فهد (68 )","ASMARF":"الدائري الشرقي عرفات","ASM_CODE":"ASMARF2","block":"8-7","camp_type":"حجاج الخارج","block_ARF":"8-7","ARF_ZONE2":"","_length":22288,"MAKARFT1":1564,"ARF_IN":null,"ARF_OUT":null,"Shape_Length":0.047456541516973323}},{"type":"Feature","id":690,"geometry":{"type":"LineString","coordinates":[[40.00517823000007,21.328710576000049],[40.001665469000045,21.330447043000049],[39.999634566000054,21.331432715000062],[39.997618553000052,21.332540480000034],[39.996834841000066,21.333015973000045],[39.996156979000034,21.333351740000069],[39.995822902000043,21.333517219000043],[39.994872963000034,21.334088969000049],[39.99424463400004,21.334544582000035],[39.993634172000043,21.33507762000005],[39.991938696000034,21.336478406000026],[39.991898674000026,21.336571792000029],[39.991883427000062,21.336661366000044],[39.991896768000061,21.336766187000023],[39.991944698000054,21.336869961000048],[39.992351202000066,21.337087992000022],[39.992804592000027,21.337365677000037],[39.99309629000004,21.337567412000055],[39.993452297000033,21.337824367000053],[39.994206700000063,21.33846101000006],[39.994472922000057,21.338717325000061],[39.994792016000076,21.339050093000026],[39.995042147000049,21.339336876000061],[39.995392021000043,21.339778528000068],[39.995651810000027,21.34014140000005],[39.995958320000057,21.34061009900006],[39.996381353000061,21.341357596000023],[39.996698020000053,21.342059065000058],[39.996976540000048,21.342841210000074],[39.997211230000062,21.34376932400005],[39.997252959000036,21.344040429000074],[39.997339835000048,21.344604835000041],[39.997385370000075,21.345240382000043],[39.997383632000037,21.347255516000075],[39.997334798000054,21.347842433000039],[39.997148260000074,21.348809699000071],[39.996502345000067,21.351506592000078],[39.996063212000024,21.35335281600004],[39.995873346000053,21.354011229000037],[39.995642059000033,21.354657349000036],[39.995355116000042,21.35531516900005],[39.994886239000039,21.356140980000077],[39.994514154000058,21.356696491000037],[39.994109008000066,21.357212540000035],[39.993754679000062,21.35759018300007],[39.993480734000059,21.357826168000031],[39.992953433000025,21.358213054000032],[39.991679687000044,21.358990066000047],[39.990602163000062,21.359708559000069],[39.989594257000078,21.360414318000039],[39.988557807000063,21.361152988000072],[39.988265529000046,21.361385848000054],[39.988009848000047,21.361608728000078],[39.987894908000044,21.361716013000034],[39.987785482000049,21.361828244000037],[39.987681811000073,21.361945171000059],[39.987584126000058,21.362066537000032],[39.987492643000053,21.362192072000028],[39.98740756400008,21.362321498000028],[39.987329077000027,21.362454530000036],[39.987257357000033,21.362590873000045],[39.987192562000075,21.362730224000074],[39.987134835000063,21.362872276000076],[39.987084304000064,21.363016714000025],[39.987039891000052,21.363154473000066],[39.987002145000076,21.363293966000072],[39.986971140000037,21.363434909000034],[39.986946941000042,21.363577016000022],[39.986929596000039,21.363720000000058],[39.986919141000044,21.363863571000024],[39.986915597000063,21.364007437000055],[39.98691897100008,21.364151306000053],[39.986929256000053,21.364294888000074],[39.986946431000035,21.364437890000033],[39.986979401000042,21.364607593000073],[39.987018502000069,21.364776150000068],[39.987063688000035,21.364943367000023],[39.98711490900007,21.365109050000058],[39.987172104000081,21.365273009000077],[39.987235208000072,21.365435056000024],[39.987304148000078,21.365595002000077],[39.98737884500008,21.365752663000023],[39.987459212000033,21.36590785900006],[39.987590796000063,21.366163674000063],[39.987612683000066,21.366185882000025],[39.987638197000081,21.366204384000071],[39.987666631000025,21.366218670000023],[39.987697200000071,21.366228344000035],[39.987729057000024,21.366233138000041],[39.987761323000029,21.366232920000073],[39.987793103000058,21.366227696000067],[39.988174680000043,21.366086831000075],[39.989029869000035,21.365776465000067],[39.989327784000068,21.36596196000005],[39.988962292000053,21.366541733000076],[39.988925504000065,21.366522716000077]]},"properties":{"OBJECTID":690,"camp_label":"19/68","Transport_mode":"النقل التقليدي","Street_Camp_MIN":"شارع 68","MAKARF":"طريق الطائف - طريق صاد - الدائري الشرقي","Street_Camp_ARF":"طريق 91","Street_MIN_Exit":"طريق الملك فهد (68 )","ASMARF":"الدائري الشرقي عرفات","ASM_CODE":"ASMARF4","block":"28B","camp_type":"حجاج الخارج","block_ARF":"28B","ARF_ZONE2":"ARF3","_length":28708,"MAKARFT1":3801.4200000000001,"ARF_IN":null,"ARF_OUT":null,"Shape_Length":0.054057773222879378}},{"type":"Feature","id":691,"geometry":{"type":"LineString","coordinates":[[39.94754269200007,21.33845289900006],[39.948252810000042,21.339560423000023],[39.948686590000079,21.339902104000032],[39.954370572000073,21.342254106000041],[39.958823771000027,21.339568923000058],[39.966452691000029,21.334973297000033],[39.967387416000065,21.334537778000026],[39.968147388000034,21.334252954000078],[39.968538309000053,21.334134651000056],[39.969056085000034,21.33399937400003],[39.969441184000061,21.333917002000078],[39.970409320000044,21.333797324000045],[39.971279505000041,21.333759134000047],[39.972151085000064,21.333794204000071],[39.973522413000069,21.333893175000071],[39.976147974000071,21.334090063000076],[39.977602365000052,21.334224284000072],[39.978620627000055,21.334361124000054],[39.979497907000052,21.334478962000048],[39.981905452000035,21.334827834000066],[39.982791503000044,21.334956225000042],[39.984311742000045,21.335168384000042],[39.988851198000077,21.335819235000031],[39.989595674000043,21.335976746000028],[39.98991333400005,21.33605964000003],[39.990074634000052,21.336108697000043],[39.990594525000063,21.336279122000064],[39.99105174400006,21.336456535000025],[39.991471697000065,21.336638142000027],[39.991485818000058,21.336645660000045],[39.991498393000029,21.336655290000067],[39.991509065000059,21.33666676100006],[39.991518000000042,21.336680000000058],[39.991524000000027,21.336694000000023],[39.991526958000065,21.336708759000032],[39.99152765000008,21.336723963000054],[39.991525610000053,21.336739059000024],[39.991520896000054,21.336753621000071],[39.991513640000051,21.336767235000025],[39.99150405000006,21.336779516000036],[39.991492396000069,21.336790116000032],[39.991479009000045,21.336798733000023],[39.989589453000065,21.338221947000022],[39.989303191000033,21.338441866000039],[39.989046706000067,21.33864668700005],[39.988781688000074,21.33886601100005],[39.988472431000048,21.339132212000038],[39.988205200000039,21.339372234000052],[39.988013132000049,21.339550902000042],[39.987766069000031,21.339787913000066],[39.987434000000064,21.340121000000067],[39.987053422000031,21.340523963000066],[39.986825655000075,21.340777374000027],[39.98613415300008,21.341518133000022],[39.985780625000075,21.341882027000054],[39.985421996000071,21.342241514000023],[39.985058327000047,21.342596529000048],[39.984689682000067,21.342947012000025],[39.983672493000029,21.343868018000023],[39.983866916000068,21.343979110000078],[39.98406637800008,21.344100919000027],[39.984260389000042,21.344227302000036],[39.984452194000028,21.344360409000046],[39.984535313000038,21.344421497000042],[39.984995323000078,21.344164355000032],[39.985218000000032,21.344028000000037],[39.985734208000054,21.343706705000045],[39.985798000000045,21.343667000000039],[39.985767462000069,21.34362081300003]]},"properties":{"OBJECTID":691,"camp_label":"2/207","Transport_mode":"النقل التقليدي","Street_Camp_MIN":"شارع 207","MAKARF":"طريق الطائف - نفق الجامعة عرفات الأول - الدائري الأوسط","Street_Camp_ARF":"طريق 62","Street_MIN_Exit":"طريق الملك فهد (68 )","ASMARF":"الدائري الشرقي عرفات","ASM_CODE":"ASMARF1","block":"88B","camp_type":"حجاج الخارج","block_ARF":"88B","ARF_ZONE2":"ARF ZONE 13","_length":21952,"MAKARFT1":null,"ARF_IN":62,"ARF_OUT":62,"Shape_Length":0.060915559852543433}},{"type":"Feature","id":692,"geometry":{"type":"LineString","coordinates":[[39.967559644000062,21.327004457000044],[39.967578091000064,21.327037485000062],[39.967578537000065,21.327038283000036],[39.96770568800008,21.327282506000074],[39.967770659000053,21.327413711000077],[39.967832212000076,21.327544264000039],[39.96790502500005,21.327700284000059],[39.968117881000069,21.328196809000076],[39.968214207000074,21.328460520000078],[39.968280636000031,21.328653065000026],[39.968321539000044,21.328768767000042],[39.968383609000057,21.328967263000038],[39.968430871000066,21.329139271000031],[39.968458883000039,21.329258612000046],[39.968548708000071,21.329609178000055],[39.968561854000029,21.329674373000046],[39.96863191500006,21.329984139000032],[39.968701503000034,21.330313905000025],[39.969136646000038,21.332426045000034],[39.969177875000071,21.332632126000078],[39.969261667000069,21.333021962000032],[39.969363442000031,21.333523420000063],[39.969441184000061,21.333917002000078],[39.970409320000044,21.333797324000045],[39.971279505000041,21.333759134000047],[39.972151085000064,21.333794204000071],[39.973522413000069,21.333893175000071],[39.976147974000071,21.334090063000076],[39.977602365000052,21.334224284000072],[39.978620627000055,21.334361124000054],[39.981905452000035,21.334827834000066],[39.982791503000044,21.334956225000042],[39.984312000000045,21.335168000000067],[39.988851198000077,21.335819235000031],[39.989595674000043,21.335976746000028],[39.989913331000025,21.336059639000041],[39.990074634000052,21.336108697000043],[39.990595000000042,21.336279000000047],[39.99105174400006,21.336456535000025],[39.991471697000065,21.336638142000027],[39.991601720000062,21.336694369000043],[39.991792514000053,21.33678833700003],[39.992416304000074,21.337127793000036],[39.992805000000033,21.337366000000031],[39.993452297000033,21.337824367000053],[39.993671273000075,21.338009163000038],[39.994206700000063,21.33846101000006],[39.994303764000051,21.338554463000037],[39.994472922000057,21.338717325000061],[39.994792000000075,21.339050000000043],[39.995042147000049,21.339336876000061],[39.995392000000038,21.339779000000078],[39.995652000000064,21.340141000000074],[39.995958320000057,21.34061009900006],[39.996381353000061,21.341357596000023],[39.996698020000053,21.342059065000058],[39.996976540000048,21.342841210000074],[39.997211230000062,21.34376932400005],[39.997339835000048,21.344604835000041],[39.997333322000031,21.344615608000026],[39.997325026000055,21.344625246000078],[39.997315169000046,21.34463349300006],[39.997304012000029,21.344640128000037],[39.997291852000046,21.34464497700003],[39.997279012000035,21.344647909000059],[39.997265835000064,21.344648848000077],[39.99725267000008,21.344647767000026],[39.997239867000076,21.344644696000046],[39.997227768000073,21.344639716000074],[39.997216693000041,21.344632960000069],[39.997206938000033,21.344624607000071],[39.997198762000039,21.344614881000041],[39.997192382000037,21.344604038000057],[39.997187968000048,21.344592368000065],[39.997168473000045,21.344367563000048],[39.99714146000008,21.344143442000075],[39.997071676000076,21.343733480000026],[39.99695633500005,21.343248397000025],[39.996838738000065,21.342873351000037],[39.996642690000044,21.342317295000043],[39.996545076000075,21.342065606000062],[39.99644270500005,21.341815581000048],[39.996335611000063,21.341567299000076],[39.996319276000065,21.34154733400004],[39.996299657000066,21.341530159000058],[39.996277289000034,21.341516242000068],[39.996252782000056,21.341505962000042],[39.996226804000059,21.341499600000077],[39.99620006300006,21.341497329000049],[39.996173287000033,21.341499211000041],[39.996147206000046,21.341505194000035],[39.996122532000072,21.341515116000039],[39.996043446000044,21.341562175000035],[39.99521240100006,21.342056675000038],[39.994786519000058,21.342310086000055],[39.994773492000036,21.342288048000057]]},"properties":{"OBJECTID":692,"camp_label":"2/216","Transport_mode":"النقل التقليدي","Street_Camp_MIN":"شارع 216","MAKARF":"طريق الطائف - جسر الجامعة عرفات الثاني - الدائري الشرقي","Street_Camp_ARF":"طريق 56","Street_MIN_Exit":"طريق الملك خالد - المعيصم","ASMARF":"الدائري الشرقي عرفات","ASM_CODE":"ASMARF2","block":"101D","camp_type":"حجاج الداخل","block_ARF":"101D","ARF_ZONE2":"","_length":25263,"MAKARFT1":null,"ARF_IN":null,"ARF_OUT":null,"Shape_Length":0.04501068456377192}},{"type":"Feature","id":693,"geometry":{"type":"LineString","coordinates":[[39.967559644000062,21.327004457000044],[39.967578091000064,21.327037485000062],[39.967578537000065,21.327038283000036],[39.96770568800008,21.327282506000074],[39.967770659000053,21.327413711000077],[39.967832212000076,21.327544264000039],[39.96790502500005,21.327700284000059],[39.968117881000069,21.328196809000076],[39.968214207000074,21.328460520000078],[39.968280636000031,21.328653065000026],[39.968321539000044,21.328768767000042],[39.968383609000057,21.328967263000038],[39.968430871000066,21.329139271000031],[39.968458883000039,21.329258612000046],[39.968548708000071,21.329609178000055],[39.968561854000029,21.329674373000046],[39.96863191500006,21.329984139000032],[39.968701503000034,21.330313905000025],[39.969136646000038,21.332426045000034],[39.969177875000071,21.332632126000078],[39.969261667000069,21.333021962000032],[39.969363442000031,21.333523420000063],[39.969441184000061,21.333917002000078],[39.970409320000044,21.333797324000045],[39.971279505000041,21.333759134000047],[39.972151085000064,21.333794204000071],[39.973522413000069,21.333893175000071],[39.976147974000071,21.334090063000076],[39.977602365000052,21.334224284000072],[39.978620627000055,21.334361124000054],[39.981905452000035,21.334827834000066],[39.982791503000044,21.334956225000042],[39.984311742000045,21.335168384000042],[39.979933780000067,21.338390607000065],[39.980551090000063,21.338939160000052],[39.982152789000054,21.339092924000056],[39.983268733000045,21.339172331000043],[39.983280644000047,21.339174899000056],[39.983291929000075,21.339179297000044],[39.983302269000035,21.339185401000066],[39.983311375000028,21.339193039000065],[39.983318990000043,21.339201996000043],[39.983324898000035,21.339212020000048],[39.983328934000042,21.33922282900005],[39.98333098300003,21.339234118000036],[39.983336253000061,21.339275618000045],[39.983388011000045,21.339683267000055],[39.983426369000028,21.339921485000048],[39.983927467000058,21.33957143400005],[39.984598188000064,21.339243044000057],[39.984649253000043,21.339221081000062],[39.984702447000075,21.339204124000048],[39.984757212000034,21.339192349000029],[39.984812975000068,21.339185880000059],[39.984869151000055,21.339184785000043],[39.984917913000061,21.339178258000061],[39.984964997000077,21.339164704000041],[39.985009258000048,21.339144452000028],[39.985049617000072,21.339117997000074],[39.985085093000066,21.339085982000029],[39.985114822000071,21.339049187000057],[39.98513807900008,21.339008507000074],[39.985154300000033,21.338964933000057],[39.985163088000036,21.338919525000051],[39.985164230000066,21.338873389000071],[39.98515769800008,21.338827649000052],[39.985143652000033,21.338783417000059],[39.985122432000026,21.33874177000007],[39.985068828000067,21.338640462000058],[39.985018478000029,21.338537698000039],[39.984971428000051,21.338433570000063],[39.985047253000062,21.338404128000036]]},"properties":{"OBJECTID":693,"camp_label":"2/506","Transport_mode":"النقل التقليدي","Street_Camp_MIN":"شارع 506","MAKARF":"طريق الطائف - جسر الجامعة عرفات الثاني - الدائري الشرقي","Street_Camp_ARF":"طريق 50","Street_MIN_Exit":"طريق الجوهرة 56 - الدائري الرابع","ASMARF":"الدائري الشرقي عرفات","ASM_CODE":"ASMARF2","block":"7-16","camp_type":"حجاج الخارج","block_ARF":"7-16","ARF_ZONE2":"ARF1","_length":18098,"MAKARFT1":null,"ARF_IN":null,"ARF_OUT":null,"Shape_Length":0.034613335106473471}},{"type":"Feature","id":694,"geometry":{"type":"LineString","coordinates":[[39.967559644000062,21.327004457000044],[39.967578091000064,21.327037485000062],[39.967578537000065,21.327038283000036],[39.96770568800008,21.327282506000074],[39.967770659000053,21.327413711000077],[39.967832212000076,21.327544264000039],[39.96790502500005,21.327700284000059],[39.968117881000069,21.328196809000076],[39.968214207000074,21.328460520000078],[39.968280636000031,21.328653065000026],[39.968321539000044,21.328768767000042],[39.968383609000057,21.328967263000038],[39.968430871000066,21.329139271000031],[39.968458883000039,21.329258612000046],[39.968548708000071,21.329609178000055],[39.968561854000029,21.329674373000046],[39.96863191500006,21.329984139000032],[39.968701503000034,21.330313905000025],[39.969136646000038,21.332426045000034],[39.969177875000071,21.332632126000078],[39.969261667000069,21.333021962000032],[39.969363442000031,21.333523420000063],[39.969441184000061,21.333917002000078],[39.970409320000044,21.333797324000045],[39.971279505000041,21.333759134000047],[39.972151085000064,21.333794204000071],[39.973522413000069,21.333893175000071],[39.976147974000071,21.334090063000076],[39.977602365000052,21.334224284000072],[39.978620627000055,21.334361124000054],[39.981905452000035,21.334827834000066],[39.982791503000044,21.334956225000042],[39.984311742000045,21.335168384000042],[39.988851198000077,21.335819235000031],[39.989595674000043,21.335976746000028],[39.98991333400005,21.33605964000003],[39.990074634000052,21.336108697000043],[39.990594525000063,21.336279122000064],[39.99105174400006,21.336456535000025],[39.991471697000065,21.336638142000027],[39.991485773000079,21.336645636000071],[39.991498000000036,21.336655000000064],[39.991509065000059,21.33666676100006],[39.991518000000042,21.336680000000058],[39.991524000000027,21.336694000000023],[39.991526958000065,21.336708759000032],[39.99152765000008,21.336723963000054],[39.991525610000053,21.336739059000024],[39.991520896000054,21.336753621000071],[39.991513640000051,21.336767235000025],[39.99150405000006,21.336779516000036],[39.991492396000069,21.336790116000032],[39.991479009000045,21.336798733000023],[39.990670257000033,21.337407892000044],[39.989441315000079,21.338335753000024],[39.989046706000067,21.33864668700005],[39.988781688000074,21.33886601100005],[39.988475000000051,21.339130000000068],[39.988013132000049,21.339550902000042],[39.987434000000064,21.340121000000067],[39.986482516000081,21.341149893000022],[39.98613415300008,21.341518133000022],[39.985421996000071,21.342241514000023],[39.985331676000044,21.342329684000049],[39.984689682000067,21.342947012000025],[39.983672493000029,21.343868018000023],[39.983860978000052,21.343975729000078],[39.983866915000078,21.343979112000056],[39.98406637800008,21.344100919000027],[39.984260391000078,21.344227300000057],[39.984535313000038,21.344421497000042],[39.984995323000078,21.344164355000032],[39.985218000000032,21.344028000000037],[39.985734208000054,21.343706705000045],[39.985798000000045,21.343667000000039],[39.986504000000025,21.343248000000074],[39.986675000000048,21.343147000000044],[39.986870000000067,21.343210000000056],[39.987128000000041,21.343610000000069],[39.987395000000049,21.344008000000031],[39.987401000000034,21.34402300000005],[39.987404000000026,21.344040000000064],[39.987404000000026,21.344057000000078],[39.987402000000031,21.344073000000037],[39.987397000000044,21.344089000000054],[39.987389000000064,21.34410500000007],[39.987379000000033,21.344118000000037],[39.987366000000065,21.344130000000064],[39.987352000000044,21.344141000000036],[39.986909809000053,21.344401952000055],[39.986926048000043,21.344432175000065]]},"properties":{"OBJECTID":694,"camp_label":"2/518","Transport_mode":"النقل التقليدي","Street_Camp_MIN":"شارع 518","MAKARF":"طريق الطائف - جسر الجامعة عرفات الثاني - الدائري الشرقي","Street_Camp_ARF":"طريق 56","Street_MIN_Exit":"طريق الملك فهد (68 )","ASMARF":"الدائري الشرقي عرفات","ASM_CODE":"ASMARF2","block":"7-4","camp_type":"حجاج الخارج","block_ARF":"7-4","ARF_ZONE2":"ARF ZONE 14","_length":22106,"MAKARFT1":null,"ARF_IN":null,"ARF_OUT":null,"Shape_Length":0.045629445907525254}},{"type":"Feature","id":695,"geometry":{"type":"LineString","coordinates":[[39.967559644000062,21.327004457000044],[39.967578091000064,21.327037485000062],[39.967578537000065,21.327038283000036],[39.96770568800008,21.327282506000074],[39.967770659000053,21.327413711000077],[39.967832212000076,21.327544264000039],[39.96790502500005,21.327700284000059],[39.968117881000069,21.328196809000076],[39.968214207000074,21.328460520000078],[39.968280636000031,21.328653065000026],[39.968321539000044,21.328768767000042],[39.968383609000057,21.328967263000038],[39.968430871000066,21.329139271000031],[39.968458883000039,21.329258612000046],[39.968548708000071,21.329609178000055],[39.968561854000029,21.329674373000046],[39.96863191500006,21.329984139000032],[39.968701503000034,21.330313905000025],[39.969136646000038,21.332426045000034],[39.969177875000071,21.332632126000078],[39.969261667000069,21.333021962000032],[39.969363442000031,21.333523420000063],[39.969441184000061,21.333917002000078],[39.970409320000044,21.333797324000045],[39.971279505000041,21.333759134000047],[39.972151085000064,21.333794204000071],[39.973522413000069,21.333893175000071],[39.976147974000071,21.334090063000076],[39.977602365000052,21.334224284000072],[39.978620627000055,21.334361124000054],[39.981905452000035,21.334827834000066],[39.982791503000044,21.334956225000042],[39.984311742000045,21.335168384000042],[39.988851198000077,21.335819235000031],[39.989595674000043,21.335976746000028],[39.98991333400005,21.33605964000003],[39.990074634000052,21.336108697000043],[39.990594525000063,21.336279122000064],[39.99105174400006,21.336456535000025],[39.991471697000065,21.336638142000027],[39.991485773000079,21.336645636000071],[39.991498393000029,21.336655290000067],[39.991509065000059,21.33666676100006],[39.991518000000042,21.336680000000058],[39.991524000000027,21.336694000000023],[39.991526958000065,21.336708759000032],[39.99152765000008,21.336723963000054],[39.991525610000053,21.336739059000024],[39.991520896000054,21.336753621000071],[39.991513640000051,21.336767235000025],[39.991504000000077,21.336780000000033],[39.991492396000069,21.336790116000032],[39.991479009000045,21.336798733000023],[39.990670257000033,21.337407892000044],[39.989441315000079,21.338335753000024],[39.989486838000062,21.338393067000027],[39.989862729000038,21.338756157000034],[39.989930076000064,21.338813436000066],[39.990294602000063,21.339190936000023],[39.990360770000052,21.339253192000058],[39.989948922000053,21.339289789000077],[39.989092213000049,21.33982713000006],[39.989070998000045,21.339805685000044]]},"properties":{"OBJECTID":695,"camp_label":"2/520","Transport_mode":"النقل التقليدي","Street_Camp_MIN":"شارع 520","MAKARF":"طريق الطائف - جسر الجامعة عرفات الثاني - الدائري الشرقي","Street_Camp_ARF":"طريق 56","Street_MIN_Exit":"طريق الملك فهد (68 )","ASMARF":"الدائري الشرقي عرفات","ASM_CODE":"ASMARF2","block":"8-6","camp_type":"حجاج الخارج","block_ARF":"8-6","ARF_ZONE2":"ARF1","_length":21836,"MAKARFT1":null,"ARF_IN":null,"ARF_OUT":null,"Shape_Length":0.035005536604744772}},{"type":"Feature","id":696,"geometry":{"type":"LineString","coordinates":[[39.967559644000062,21.327004457000044],[39.967578091000064,21.327037485000062],[39.967578537000065,21.327038283000036],[39.96770568800008,21.327282506000074],[39.967770659000053,21.327413711000077],[39.967832212000076,21.327544264000039],[39.96790502500005,21.327700284000059],[39.968117881000069,21.328196809000076],[39.968214207000074,21.328460520000078],[39.968280636000031,21.328653065000026],[39.968321539000044,21.328768767000042],[39.968383609000057,21.328967263000038],[39.968430871000066,21.329139271000031],[39.968458883000039,21.329258612000046],[39.968548708000071,21.329609178000055],[39.968561854000029,21.329674373000046],[39.96863191500006,21.329984139000032],[39.968701503000034,21.330313905000025],[39.969136646000038,21.332426045000034],[39.969177875000071,21.332632126000078],[39.969261667000069,21.333021962000032],[39.969363442000031,21.333523420000063],[39.969441184000061,21.333917002000078],[39.970409320000044,21.333797324000045],[39.971279505000041,21.333759134000047],[39.972151085000064,21.333794204000071],[39.973522413000069,21.333893175000071],[39.976147974000071,21.334090063000076],[39.977602365000052,21.334224284000072],[39.978620627000055,21.334361124000054],[39.981905452000035,21.334827834000066],[39.982791503000044,21.334956225000042],[39.984311742000045,21.335168384000042],[39.988851198000077,21.335819235000031],[39.989595674000043,21.335976746000028],[39.98991333400005,21.33605964000003],[39.990074634000052,21.336108697000043],[39.990594525000063,21.336279122000064],[39.99105174400006,21.336456535000025],[39.991601720000062,21.336694369000043],[39.991792514000053,21.33678833700003],[39.992352289000053,21.337088574000063],[39.992804592000027,21.337365677000037],[39.99309629000004,21.337567412000055],[39.993452297000033,21.337824367000053],[39.994206700000063,21.33846101000006],[39.994472922000057,21.338717325000061],[39.994792016000076,21.339050093000026],[39.995042147000049,21.339336876000061],[39.995392021000043,21.339778528000068],[39.995651810000027,21.34014140000005],[39.995958320000057,21.34061009900006],[39.996381353000061,21.341357596000023],[39.996698020000053,21.342059065000058],[39.996976540000048,21.342841210000074],[39.997211230000062,21.34376932400005],[39.997339835000048,21.344604835000041],[39.997333322000031,21.344615608000026],[39.997325026000055,21.344625246000078],[39.997315169000046,21.34463349300006],[39.997304012000029,21.344640128000037],[39.997291852000046,21.34464497700003],[39.997279012000035,21.344647909000059],[39.997265835000064,21.344648848000077],[39.99725267000008,21.344647767000026],[39.997239867000076,21.344644696000046],[39.997227768000073,21.344639716000074],[39.997216693000041,21.344632960000069],[39.997206938000033,21.344624607000071],[39.997198762000039,21.344614881000041],[39.997192382000037,21.344604038000057],[39.997187968000048,21.344592368000065],[39.997168473000045,21.344367563000048],[39.99714146000008,21.344143442000075],[39.997071676000076,21.343733480000026],[39.99695633500005,21.343248397000025],[39.996838738000065,21.342873351000037],[39.996642690000044,21.342317295000043],[39.996545076000075,21.342065606000062],[39.99644270500005,21.341815581000048],[39.996335611000063,21.341567299000076],[39.996319276000065,21.34154733400004],[39.996299657000066,21.341530159000058],[39.996277289000034,21.341516242000068],[39.996252782000056,21.341505962000042],[39.996226804000059,21.341499600000077],[39.99620006300006,21.341497329000049],[39.996173287000033,21.341499211000041],[39.996147206000046,21.341505194000035],[39.996122532000072,21.341515116000039],[39.996043446000044,21.341562175000035],[39.995970967000062,21.341541687000074],[39.995471675000033,21.340694126000074],[39.995464782000056,21.340684536000026],[39.995456328000046,21.340676114000075],[39.995446533000063,21.340669082000034],[39.995435655000051,21.340663623000069],[39.995423979000066,21.340659880000032],[39.995411811000054,21.340657953000061],[39.995399471000042,21.340657891000035],[39.995387282000024,21.340659696000046],[39.995375563000039,21.340663321000022],[39.995364623000057,21.340668670000071],[39.995290774000068,21.340713248000043],[39.995280088000072,21.340718872000025],[39.995268581000062,21.340722824000068],[39.995256547000054,21.340725005000024],[39.995244297000056,21.340725357000053],[39.995232144000056,21.340723871000023],[39.995220400000051,21.340720587000078],[39.99520936600004,21.340715588000023],[39.995190410000077,21.340710411000032],[39.995170839000025,21.340707961000078],[39.995151098000065,21.340708292000045],[39.995131633000028,21.340711397000064],[39.995112887000062,21.340717206000022],[39.995095285000048,21.340725587000065],[39.99507922600003,21.340736349000053],[39.994558776000076,21.341030412000066],[39.99438475200003,21.341240753000022],[39.994305111000074,21.34143425600007],[39.993956402000038,21.341821791000029],[39.993867562000048,21.341882018000035],[39.993832705000045,21.341830764000065]]},"properties":{"OBJECTID":696,"camp_label":"2/522","Transport_mode":"النقل التقليدي","Street_Camp_MIN":"شارع 522","MAKARF":"طريق الطائف - جسر الجامعة عرفات الثاني - الدائري الشرقي","Street_Camp_ARF":"طريق 56","Street_MIN_Exit":"طريق الملك فهد (68 )","ASMARF":"الدائري الشرقي عرفات","ASM_CODE":"ASMARF2","block":"8-5","camp_type":"حجاج الخارج","block_ARF":"8-5","ARF_ZONE2":"ARF ZONE 2","_length":21272,"MAKARFT1":null,"ARF_IN":50,"ARF_OUT":56,"Shape_Length":0.04678276609322797}},{"type":"Feature","id":697,"geometry":{"type":"LineString","coordinates":[[39.967559644000062,21.327004457000044],[39.967578091000064,21.327037485000062],[39.967578537000065,21.327038283000036],[39.96770568800008,21.327282506000074],[39.967770659000053,21.327413711000077],[39.967832212000076,21.327544264000039],[39.96790502500005,21.327700284000059],[39.968117881000069,21.328196809000076],[39.968214207000074,21.328460520000078],[39.968280636000031,21.328653065000026],[39.968321539000044,21.328768767000042],[39.968383609000057,21.328967263000038],[39.968430871000066,21.329139271000031],[39.968458883000039,21.329258612000046],[39.968548708000071,21.329609178000055],[39.968561854000029,21.329674373000046],[39.96863191500006,21.329984139000032],[39.968701503000034,21.330313905000025],[39.969136646000038,21.332426045000034],[39.969177875000071,21.332632126000078],[39.969261667000069,21.333021962000032],[39.969363442000031,21.333523420000063],[39.969441184000061,21.333917002000078],[39.970409320000044,21.333797324000045],[39.971279505000041,21.333759134000047],[39.972151085000064,21.333794204000071],[39.973522413000069,21.333893175000071],[39.976147974000071,21.334090063000076],[39.977602000000047,21.334224000000063],[39.978620627000055,21.334361124000054],[39.981905452000035,21.334827834000066],[39.982791503000044,21.334956225000042],[39.984311742000045,21.335168384000042],[39.988851198000077,21.335819235000031],[39.989595674000043,21.335976746000028],[39.98991333400005,21.33605964000003],[39.990074634000052,21.336108697000043],[39.990594525000063,21.336279122000064],[39.99105174400006,21.336456535000025],[39.991601720000062,21.336694369000043],[39.991792514000053,21.33678833700003],[39.992352289000053,21.337088574000063],[39.992804592000027,21.337365677000037],[39.99309629000004,21.337567412000055],[39.993452297000033,21.337824367000053],[39.994206700000063,21.33846101000006],[39.994472922000057,21.338717325000061],[39.994792016000076,21.339050093000026],[39.995042147000049,21.339336876000061],[39.995392021000043,21.339778528000068],[39.995651810000027,21.34014140000005],[39.995958320000057,21.34061009900006],[39.996381353000061,21.341357596000023],[39.996698020000053,21.342059065000058],[39.996976540000048,21.342841210000074],[39.997211230000062,21.34376932400005],[39.997339835000048,21.344604835000041],[39.997333322000031,21.344615608000026],[39.997325026000055,21.344625246000078],[39.997315169000046,21.34463349300006],[39.997304012000029,21.344640128000037],[39.997291852000046,21.34464497700003],[39.997279012000035,21.344647909000059],[39.997265835000064,21.344648848000077],[39.99725267000008,21.344647767000026],[39.997239867000076,21.344644696000046],[39.997227768000073,21.344639716000074],[39.997216693000041,21.344632960000069],[39.997206938000033,21.344624607000071],[39.997198762000039,21.344614881000041],[39.997192382000037,21.344604038000057],[39.997187968000048,21.344592368000065],[39.997168473000045,21.344367563000048],[39.99714276900005,21.344153009000024],[39.99714146000008,21.344143442000075],[39.997109395000052,21.343934512000033],[39.997071676000076,21.343733480000026],[39.99695633500005,21.343248397000025],[39.996838738000065,21.342873351000037],[39.996826707000025,21.342853782000077],[39.996811488000048,21.342836270000078],[39.996793472000036,21.342821265000055],[39.996773125000061,21.342809156000044],[39.996749004000037,21.342799796000065],[39.996727582000062,21.342794791000074],[39.996703561000061,21.342792905000067],[39.996679528000072,21.342794646000073],[39.996656102000031,21.342799969000055],[39.996633888000076,21.342808736000052],[39.996466259000044,21.342876237000041],[39.994440737000048,21.344096795000041],[39.994424255000069,21.344068963000041]]},"properties":{"OBJECTID":697,"camp_label":"2/529","Transport_mode":"النقل التقليدي","Street_Camp_MIN":"شارع 529","MAKARF":"طريق الطائف - جسر الجامعة عرفات الثاني - الدائري الشرقي","Street_Camp_ARF":"طريق 62","Street_MIN_Exit":"طريق الملك فهد (68 )","ASMARF":"الدائري الشرقي عرفات","ASM_CODE":"ASMARF2","block":"8-10","camp_type":"حجاج الخارج","block_ARF":"8-10","ARF_ZONE2":"","_length":21770,"MAKARFT1":null,"ARF_IN":null,"ARF_OUT":null,"Shape_Length":0.044607118006709308}},{"type":"Feature","id":698,"geometry":{"type":"LineString","coordinates":[[39.94754269200007,21.33845289900006],[39.948252810000042,21.339560423000023],[39.948686590000079,21.339902104000032],[39.954370572000073,21.342254106000041],[39.958823771000027,21.339568923000058],[39.959026325000025,21.339603667000063],[39.959897492000039,21.33975309300007],[39.960990657000025,21.339927552000063],[39.962083822000068,21.340102003000027],[39.963354236000043,21.340281783000023],[39.964165537000042,21.340402728000072],[39.965538207000066,21.340588467000032],[39.969332081000061,21.341166655000052],[39.969949754000027,21.341233893000037],[39.97196415500008,21.341398955000045],[39.975204524000048,21.341657407000071],[39.977501105000044,21.34183405400006],[39.978269431000058,21.341953748000037],[39.978568372000041,21.342023475000076],[39.978856646000054,21.342096298000058],[39.979147775000058,21.342175660000066],[39.979437493000034,21.342260158000045],[39.979725253000026,21.342350003000035],[39.980011092000041,21.342445079000072],[39.980294342000036,21.342544596000039],[39.98056482100003,21.342647576000047],[39.980611383000053,21.342665155000077],[39.98089477700006,21.342778332000023],[39.981829549000054,21.343133895000051],[39.983458300000052,21.343753415000037],[39.983664668000074,21.343863542000065],[39.983672493000029,21.343868018000023],[39.983866916000068,21.343979111000067],[39.984065634000046,21.344100449000052],[39.984261361000051,21.344227956000054],[39.984535313000038,21.344421497000042],[39.984819144000028,21.344639799000049],[39.984998100000041,21.344789048000052],[39.985338255000045,21.345099580000067],[39.985655613000063,21.345426087000078],[39.985809761000041,21.345599751000066],[39.985953503000076,21.345771920000061],[39.985835277000035,21.345842350000055],[39.985233000000051,21.346201000000065],[39.984365815000046,21.346717626000043],[39.982744226000079,21.347683687000028],[39.982290258000035,21.347956751000027],[39.981888137000055,21.348198629000024],[39.981128150000075,21.34865618300006],[39.980161779000071,21.349238811000077],[39.978823312000031,21.350047880000034],[39.978347846000077,21.350335287000064],[39.978062264000073,21.350507914000048],[39.97549915500008,21.352057247000062],[39.974768776000076,21.351048622000064],[39.974719628000059,21.351086107000071]]},"properties":{"OBJECTID":698,"camp_label":"2/530","Transport_mode":"النقل التقليدي","Street_Camp_MIN":"شارع 530","MAKARF":"طريق الطائف - نفق الجامعة عرفات الأول - الدائري الأوسط","Street_Camp_ARF":"طريق 54","Street_MIN_Exit":"طريق الملك فهد (68 )","ASMARF":"الدائري الاوسط 83","ASM_CODE":"ASMARF1","block":"8-2","camp_type":"حجاج الخارج","block_ARF":"8-2","ARF_ZONE2":"","_length":21150,"MAKARFT1":null,"ARF_IN":null,"ARF_OUT":null,"Shape_Length":0.0550584857945964}},{"type":"Feature","id":699,"geometry":{"type":"LineString","coordinates":[[39.94754269200007,21.33845289900006],[39.948252810000042,21.339560423000023],[39.948686590000079,21.339902104000032],[39.954370572000073,21.342254106000041],[39.958823771000027,21.339568923000058],[39.966452691000029,21.334973297000033],[39.967387416000065,21.334537778000026],[39.968147388000034,21.334252954000078],[39.968538309000053,21.334134651000056],[39.969056085000034,21.33399937400003],[39.969441184000061,21.333917002000078],[39.970409320000044,21.333797324000045],[39.971279505000041,21.333759134000047],[39.972151085000064,21.333794204000071],[39.973522413000069,21.333893175000071],[39.976147974000071,21.334090063000076],[39.977602365000052,21.334224284000072],[39.978620627000055,21.334361124000054],[39.979497907000052,21.334478962000048],[39.981905452000035,21.334827834000066],[39.982791503000044,21.334956225000042],[39.984311742000045,21.335168384000042],[39.988851198000077,21.335819235000031],[39.989595674000043,21.335976746000028],[39.98991333400005,21.33605964000003],[39.990074634000052,21.336108697000043],[39.990594525000063,21.336279122000064],[39.99105174400006,21.336456535000025],[39.991601720000062,21.336694369000043],[39.991792514000053,21.33678833700003],[39.992351202000066,21.337087992000022],[39.992804592000027,21.337365677000037],[39.99309629000004,21.337567412000055],[39.993452000000048,21.337824000000069],[39.99365896200004,21.337998774000027],[39.994206700000063,21.33846101000006],[39.994472922000057,21.338717325000061],[39.994792016000076,21.339050093000026],[39.995042147000049,21.339336876000061],[39.995392021000043,21.339778528000068],[39.995651810000027,21.34014140000005],[39.995958320000057,21.34061009900006],[39.996381353000061,21.341357596000023],[39.996698020000053,21.342059065000058],[39.996976540000048,21.342841210000074],[39.997211230000062,21.34376932400005],[39.997252959000036,21.344040429000074],[39.997339835000048,21.344604835000041],[39.997337702000038,21.344635206000078],[39.997334698000031,21.344645613000068],[39.997327512000027,21.344654809000076],[39.997310216000074,21.344673909000051],[39.997252113000059,21.34472491300005],[39.997191895000071,21.344767832000059],[39.997140123000065,21.344798063000042],[39.996649712000078,21.34509171600007],[39.995284294000044,21.345937634000052],[39.994662834000053,21.346320803000026],[39.993053134000036,21.347325069000078],[39.991488313000048,21.34829056600006],[39.99033677500006,21.34901265600007],[39.988731235000046,21.349993709000046],[39.988162524000074,21.350294986000051],[39.98782529500005,21.350452304000044],[39.98544301700008,21.351563611000074],[39.98290570000006,21.352742626000065],[39.982332004000057,21.353025279000065],[39.979296676000047,21.354863366000075],[39.979322570000079,21.354943771000023],[39.979337115000078,21.355004027000064],[39.979342656000028,21.35507952100005],[39.979271317000041,21.355315007000058],[39.979250539000077,21.355343404000052],[39.979107862000035,21.355490237000026],[39.979058379000037,21.355454212000041]]},"properties":{"OBJECTID":699,"camp_label":"20/206","Transport_mode":"النقل التقليدي","Street_Camp_MIN":"شارع 206","MAKARF":"طريق الطائف - نفق الجامعة عرفات الأول - الدائري الأوسط","Street_Camp_ARF":"شارع 510","Street_MIN_Exit":"طريق الملك فهد (68 )","ASMARF":"الدائري الغربي عرفات","ASM_CODE":"ASMARF1","block":"37","camp_type":"حجاج الخارج","block_ARF":"37","ARF_ZONE2":"ARF ZONE 6","_length":26101,"MAKARFT1":null,"ARF_IN":54,"ARF_OUT":56,"Shape_Length":0.079524730099420918}},{"type":"Feature","id":700,"geometry":{"type":"LineString","coordinates":[[39.967559644000062,21.327004457000044],[39.967578091000064,21.327037485000062],[39.967578537000065,21.327038283000036],[39.96770568800008,21.327282506000074],[39.967770659000053,21.327413711000077],[39.967832212000076,21.327544264000039],[39.96790502500005,21.327700284000059],[39.968117881000069,21.328196809000076],[39.968214207000074,21.328460520000078],[39.968280636000031,21.328653065000026],[39.968321539000044,21.328768767000042],[39.968383609000057,21.328967263000038],[39.968430871000066,21.329139271000031],[39.968458883000039,21.329258612000046],[39.968548708000071,21.329609178000055],[39.968561854000029,21.329674373000046],[39.96863191500006,21.329984139000032],[39.968701503000034,21.330313905000025],[39.969136646000038,21.332426045000034],[39.969177875000071,21.332632126000078],[39.969261667000069,21.333021962000032],[39.969363442000031,21.333523420000063],[39.969441184000061,21.333917002000078],[39.970409320000044,21.333797324000045],[39.971279505000041,21.333759134000047],[39.972151085000064,21.333794204000071],[39.973522413000069,21.333893175000071],[39.976147974000071,21.334090063000076],[39.977602365000052,21.334224284000072],[39.978620627000055,21.334361124000054],[39.981905452000035,21.334827834000066],[39.982791503000044,21.334956225000042],[39.984311742000045,21.335168384000042],[39.988851198000077,21.335819235000031],[39.989595674000043,21.335976746000028],[39.98991333400005,21.33605964000003],[39.990074634000052,21.336108697000043],[39.990594525000063,21.336279122000064],[39.99105174400006,21.336456535000025],[39.991601720000062,21.336694369000043],[39.991792514000053,21.33678833700003],[39.992352289000053,21.337088574000063],[39.992804592000027,21.337365677000037],[39.99309629000004,21.337567412000055],[39.993452297000033,21.337824367000053],[39.994206700000063,21.33846101000006],[39.994472922000057,21.338717325000061],[39.994792016000076,21.339050093000026],[39.995042147000049,21.339336876000061],[39.995392021000043,21.339778528000068],[39.995651810000027,21.34014140000005],[39.995958320000057,21.34061009900006],[39.996381353000061,21.341357596000023],[39.996698020000053,21.342059065000058],[39.996976540000048,21.342841210000074],[39.997211230000062,21.34376932400005],[39.997339835000048,21.344604835000041],[39.997333322000031,21.344615608000026],[39.997325026000055,21.344625246000078],[39.997315169000046,21.34463349300006],[39.997304012000029,21.344640128000037],[39.997291852000046,21.34464497700003],[39.997279012000035,21.344647909000059],[39.997265835000064,21.344648848000077],[39.99725267000008,21.344647767000026],[39.997239867000076,21.344644696000046],[39.997227768000073,21.344639716000074],[39.997216693000041,21.344632960000069],[39.997206938000033,21.344624607000071],[39.997198762000039,21.344614881000041],[39.997192382000037,21.344604038000057],[39.997187968000048,21.344592368000065],[39.997168473000045,21.344367563000048],[39.99714146000008,21.344143442000075],[39.997106957000028,21.343920225000033],[39.997064998000042,21.343698132000043],[39.997015623000038,21.343477381000071],[39.996958881000069,21.343258190000029],[39.996894829000041,21.343040774000031],[39.996823529000039,21.34282534700003],[39.996735518000037,21.342570568000042],[39.996642690000044,21.342317295000043],[39.996545076000075,21.342065606000062],[39.99644270500005,21.341815581000048],[39.996335611000063,21.341567299000076],[39.996319276000065,21.34154733400004],[39.996299657000066,21.341530159000058],[39.996277289000034,21.341516242000068],[39.996252782000056,21.341505962000042],[39.996226804000059,21.341499600000077],[39.99620006300006,21.341497329000049],[39.996173287000033,21.341499211000041],[39.996147206000046,21.341505194000035],[39.996122532000072,21.341515116000039],[39.993215476000046,21.343244854000034],[39.992972554000062,21.343392051000023],[39.993016051000041,21.343453608000061]]},"properties":{"OBJECTID":700,"camp_label":"20/520","Transport_mode":"النقل التقليدي","Street_Camp_MIN":"شارع 520","MAKARF":"طريق الطائف - جسر الجامعة عرفات الثاني - الدائري الشرقي","Street_Camp_ARF":"طريق 62","Street_MIN_Exit":"طريق الملك فهد (68 )","ASMARF":"الدائري الشرقي عرفات","ASM_CODE":"ASMARF2","block":"8-7","camp_type":"حجاج الخارج","block_ARF":"8-7","ARF_ZONE2":"ARF2","_length":22292,"MAKARFT1":1447,"ARF_IN":null,"ARF_OUT":null,"Shape_Length":0.047172999714567385}},{"type":"Feature","id":701,"geometry":{"type":"LineString","coordinates":[[40.00517823000007,21.328710576000049],[40.001738069000055,21.330411155000036],[39.999634566000054,21.331432715000062],[39.997618553000052,21.332540480000034],[39.996834841000066,21.333015973000045],[39.995822902000043,21.333517219000043],[39.994872963000034,21.334088969000049],[39.99424463400004,21.334544582000035],[39.993634172000043,21.33507762000005],[39.991938696000034,21.336478406000026],[39.991898674000026,21.336571792000029],[39.991883427000062,21.336661366000044],[39.991896768000061,21.336766187000023],[39.991944698000054,21.336869961000048],[39.992351202000066,21.337087992000022],[39.992804592000027,21.337365677000037],[39.99309629000004,21.337567412000055],[39.993452297000033,21.337824367000053],[39.994206700000063,21.33846101000006],[39.994472922000057,21.338717325000061],[39.994792016000076,21.339050093000026],[39.995042147000049,21.339336876000061],[39.995392021000043,21.339778528000068],[39.995651810000027,21.34014140000005],[39.995958320000057,21.34061009900006],[39.996381353000061,21.341357596000023],[39.996698020000053,21.342059065000058],[39.996976540000048,21.342841210000074],[39.997211230000062,21.34376932400005],[39.997252959000036,21.344040429000074],[39.997339835000048,21.344604835000041],[39.997385370000075,21.345240382000043],[39.997383632000037,21.347255516000075],[39.997334798000054,21.347842433000039],[39.997148260000074,21.348809699000071],[39.996502345000067,21.351506592000078],[39.996063212000024,21.35335281600004],[39.995873346000053,21.354011229000037],[39.995642059000033,21.354657349000036],[39.995355116000042,21.35531516900005],[39.994886239000039,21.356140980000077],[39.994514154000058,21.356696491000037],[39.994109008000066,21.357212540000035],[39.993754679000062,21.35759018300007],[39.993480734000059,21.357826168000031],[39.992953433000025,21.358213054000032],[39.991679687000044,21.358990066000047],[39.990602163000062,21.359708559000069],[39.989594257000078,21.360414318000039],[39.988557807000063,21.361152988000072],[39.988265529000046,21.361385848000054],[39.988009848000047,21.361608728000078],[39.987894908000044,21.361716013000034],[39.987785482000049,21.361828244000037],[39.987681811000073,21.361945171000059],[39.987584126000058,21.362066537000032],[39.987492643000053,21.362192072000028],[39.98740756400008,21.362321498000028],[39.987329077000027,21.362454530000036],[39.987257357000033,21.362590873000045],[39.987192562000075,21.362730224000074],[39.987134835000063,21.362872276000076],[39.987084304000064,21.363016714000025],[39.987039891000052,21.363154473000066],[39.987002145000076,21.363293966000072],[39.986971140000037,21.363434909000034],[39.986946941000042,21.363577016000022],[39.986929596000039,21.363720000000058],[39.986919141000044,21.363863571000024],[39.986915597000063,21.364007437000055],[39.98691897100008,21.364151306000053],[39.986929256000053,21.364294888000074],[39.986946431000035,21.364437890000033],[39.986979401000042,21.364607593000073],[39.987018502000069,21.364776150000068],[39.987063688000035,21.364943367000023],[39.98711490900007,21.365109050000058],[39.987172104000081,21.365273009000077],[39.987235208000072,21.365435056000024],[39.987304148000078,21.365595002000077],[39.98737884500008,21.365752663000023],[39.987459212000033,21.36590785900006],[39.987590796000063,21.366163674000063],[39.988041217000045,21.367062567000062],[39.988101058000041,21.367169997000076],[39.988258141000074,21.367106831000058]]},"properties":{"OBJECTID":701,"camp_label":"21/68","Transport_mode":"النقل التقليدي","Street_Camp_MIN":"شارع 68","MAKARF":"طريق الطائف - طريق صاد - الدائري الشرقي","Street_Camp_ARF":"طريق 91","Street_MIN_Exit":"طريق الملك فهد (68 )","ASMARF":"الدائري الشرقي عرفات","ASM_CODE":"ASMARF4","block":"28B","camp_type":"حجاج الخارج","block_ARF":"28B","ARF_ZONE2":"ARF3","_length":29028,"MAKARFT1":1661.5,"ARF_IN":null,"ARF_OUT":null,"Shape_Length":0.052737976117970813}},{"type":"Feature","id":702,"geometry":{"type":"LineString","coordinates":[[39.94754269200007,21.33845289900006],[39.948252810000042,21.339560423000023],[39.948686590000079,21.339902104000032],[39.954370572000073,21.342254106000041],[39.958823771000027,21.339568923000058],[39.966452691000029,21.334973297000033],[39.967387416000065,21.334537778000026],[39.968147388000034,21.334252954000078],[39.968538309000053,21.334134651000056],[39.969056085000034,21.33399937400003],[39.969441184000061,21.333917002000078],[39.970409320000044,21.333797324000045],[39.971279505000041,21.333759134000047],[39.972151085000064,21.333794204000071],[39.973522413000069,21.333893175000071],[39.976147974000071,21.334090063000076],[39.977602365000052,21.334224284000072],[39.978620627000055,21.334361124000054],[39.979497907000052,21.334478962000048],[39.981905452000035,21.334827834000066],[39.982791503000044,21.334956225000042],[39.984311742000045,21.335168384000042],[39.988851198000077,21.335819235000031],[39.989595674000043,21.335976746000028],[39.98991333400005,21.33605964000003],[39.990074634000052,21.336108697000043],[39.990594525000063,21.336279122000064],[39.99105174400006,21.336456535000025],[39.991601720000062,21.336694369000043],[39.991792514000053,21.33678833700003],[39.992351202000066,21.337087992000022],[39.992804592000027,21.337365677000037],[39.99309629000004,21.337567412000055],[39.993452297000033,21.337824367000053],[39.994206700000063,21.33846101000006],[39.994472922000057,21.338717325000061],[39.994792016000076,21.339050093000026],[39.995042147000049,21.339336876000061],[39.995392021000043,21.339778528000068],[39.995651810000027,21.34014140000005],[39.995958320000057,21.34061009900006],[39.996381353000061,21.341357596000023],[39.996698020000053,21.342059065000058],[39.996976540000048,21.342841210000074],[39.997211230000062,21.343769325000039],[39.997252959000036,21.344040429000074],[39.997339835000048,21.344604835000041],[39.997337702000038,21.344635206000078],[39.997334698000031,21.344645613000068],[39.997327512000027,21.344654809000076],[39.997310216000074,21.344673909000051],[39.997252113000059,21.34472491300005],[39.997191895000071,21.344767832000059],[39.997140123000065,21.344798063000042],[39.996649713000068,21.345091715000024],[39.995619392000037,21.345732669000029],[39.995454505000055,21.345833760000062],[39.995284511000079,21.34593798700007],[39.99477203500004,21.346252186000072],[39.993932314000062,21.34677982200003],[39.993333926000048,21.347150831000079],[39.993055323000078,21.347323674000052],[39.991565113000036,21.348243361000073],[39.991488313000048,21.34829056600006],[39.98994762500007,21.349251708000054],[39.988731235000046,21.349993709000046],[39.988162524000074,21.350294986000051],[39.98290570000006,21.352742626000065],[39.982332004000057,21.353025279000065],[39.981579497000041,21.353481446000046],[39.981452257000058,21.353294617000074]]},"properties":{"OBJECTID":702,"camp_label":"25/204","Transport_mode":"النقل التقليدي","Street_Camp_MIN":"شارع 204","MAKARF":"طريق الطائف - نفق الجامعة عرفات الأول - الدائري الأوسط","Street_Camp_ARF":"شارع 510","Street_MIN_Exit":"طريق الملك فهد (68 )","ASMARF":"الدائري الغربي عرفات","ASM_CODE":"ASMARF1","block":"37","camp_type":"حجاج الخارج","block_ARF":"37","ARF_ZONE2":"ARF ZONE 14","_length":26043,"MAKARFT1":null,"ARF_IN":56,"ARF_OUT":56,"Shape_Length":0.076312916350983126}},{"type":"Feature","id":703,"geometry":{"type":"LineString","coordinates":[[40.00517823000007,21.328710576000049],[40.001738069000055,21.330411155000036],[39.999634566000054,21.331432715000062],[39.997618553000052,21.332540480000034],[39.996834841000066,21.333015973000045],[39.995822902000043,21.333517219000043],[39.994872963000034,21.334088969000049],[39.99424463400004,21.334544582000035],[39.993634172000043,21.33507762000005],[39.991938696000034,21.336478406000026],[39.991479009000045,21.336798733000023],[39.991228513000067,21.336673871000073],[39.990702193000061,21.336462299000061],[39.990067969000052,21.336249765000048],[39.989462533000051,21.336089992000041],[39.988808612000071,21.335952845000065],[39.988095285000043,21.335830538000039],[39.98613785100008,21.33556967800007],[39.984263248000047,21.335312455000064],[39.980972038000061,21.334838002000026],[39.978180252000072,21.334448450000025],[39.976582093000047,21.334258669000064],[39.974390225000036,21.334093443000029],[39.973954502000026,21.334060713000042],[39.972407100000055,21.333958814000027],[39.971531309000056,21.333910869000078],[39.971029486000077,21.333904477000033],[39.970642732000044,21.333930047000024],[39.970324131000041,21.333955302000049],[39.970004666000079,21.333993974000066],[39.969724989000042,21.33402893300007],[39.969465807000063,21.334053084000061],[39.969210349000036,21.334102546000054],[39.968956457000047,21.334158640000055],[39.968704327000069,21.334221322000076],[39.968454153000039,21.334290546000034],[39.968206129000066,21.334366257000056],[39.967960447000053,21.334448396000028],[39.967717295000057,21.334536901000035],[39.967476863000059,21.334631702000024],[39.967239335000045,21.334732727000073],[39.967004895000059,21.334839898000041],[39.96654600200003,21.335072340000067],[39.96632190300005,21.335197433000076],[39.959026325000025,21.339603667000063],[39.960990657000025,21.339927552000063],[39.963354236000043,21.340281783000023],[39.969332081000061,21.341166655000052],[39.969949754000027,21.341233893000037],[39.975453000000073,21.341677000000061],[39.975926350000066,21.341712932000064],[39.976439504000041,21.341752403000044],[39.976811903000055,21.341781043000026],[39.976993002000029,21.341794974000038],[39.977297256000043,21.341818348000061],[39.977501105000044,21.34183405400006],[39.978269431000058,21.341953748000037],[39.978568372000041,21.342023475000076],[39.979147775000058,21.342175660000066],[39.979437493000034,21.342260158000045],[39.979595509000035,21.342309056000033],[39.980037676000052,21.342454736000036],[39.980294342000036,21.342544596000039],[39.980314471000042,21.342586012000027],[39.980328010000051,21.342628481000077],[39.980334753000079,21.342672353000069],[39.980334553000034,21.342716676000066],[39.980327415000033,21.342760493000071],[39.98031349200005,21.34280285400007],[39.980293087000064,21.342842843000028],[39.980266641000071,21.342879596000046],[39.980234726000049,21.342912315000035],[39.980198032000033,21.342940295000062],[39.974698662000037,21.346237856000073],[39.974664000000075,21.346259000000032],[39.972408193000035,21.347624963000044],[39.972756023000045,21.348125039000024],[39.972847863000027,21.348066890000041]]},"properties":{"OBJECTID":703,"camp_label":"33/68","Transport_mode":"النقل التقليدي","Street_Camp_MIN":"شارع 68","MAKARF":"طريق الطائف - طريق صاد - الدائري الشرقي","Street_Camp_ARF":"طريق 91","Street_MIN_Exit":"طريق الملك فهد (68 )","ASMARF":"الدائري الشرقي عرفات","ASM_CODE":"ASMARF4","block":"28C","camp_type":"حجاج الخارج","block_ARF":"28C","ARF_ZONE2":"","_length":28169,"MAKARFT1":null,"ARF_IN":null,"ARF_OUT":null,"Shape_Length":0.081919307094135391}},{"type":"Feature","id":704,"geometry":{"type":"LineString","coordinates":[[40.00517823000007,21.328710576000049],[40.001738069000055,21.330411155000036],[39.999634566000054,21.331432715000062],[39.997618553000052,21.332540480000034],[39.996834841000066,21.333015973000045],[39.995822902000043,21.333517219000043],[39.994872963000034,21.334088969000049],[39.99424463400004,21.334544582000035],[39.993634172000043,21.33507762000005],[39.991938696000034,21.336478406000026],[39.991898674000026,21.336571792000029],[39.991883427000062,21.336661366000044],[39.991896768000061,21.336766187000023],[39.991944698000054,21.336869961000048],[39.992351202000066,21.337087992000022],[39.992804592000027,21.337365677000037],[39.99309629000004,21.337567412000055],[39.993452297000033,21.337824367000053],[39.994206700000063,21.33846101000006],[39.994472922000057,21.338717325000061],[39.994792016000076,21.339050093000026],[39.995042147000049,21.339336876000061],[39.995392021000043,21.339778528000068],[39.995651810000027,21.34014140000005],[39.995958320000057,21.34061009900006],[39.996381353000061,21.341357596000023],[39.996698020000053,21.342059065000058],[39.996976540000048,21.342841210000074],[39.997211230000062,21.34376932400005],[39.997252959000036,21.344040429000074],[39.997339835000048,21.344604835000041],[39.997385370000075,21.345240382000043],[39.997384430000068,21.346330625000064],[39.997383632000037,21.347255516000075],[39.997334798000054,21.347842433000039],[39.997148260000074,21.348809699000071],[39.996502345000067,21.351506592000078],[39.996063212000024,21.35335281600004],[39.995873346000053,21.354011229000037],[39.995642059000033,21.354657349000036],[39.995355116000042,21.35531516900005],[39.994886239000039,21.356140980000077],[39.994514154000058,21.356696491000037],[39.994109008000066,21.357212540000035],[39.993754679000062,21.35759018300007],[39.993480734000059,21.357826168000031],[39.992953433000025,21.358213054000032],[39.991679687000044,21.358990066000047],[39.990602163000062,21.359708559000069],[39.989594257000078,21.360414318000039],[39.988557807000063,21.361152988000072],[39.988265529000046,21.361385848000054],[39.988009848000047,21.361608728000078],[39.987894908000044,21.361716013000034],[39.987785482000049,21.361828244000037],[39.987681811000073,21.361945171000059],[39.987584126000058,21.362066537000032],[39.987492643000053,21.362192072000028],[39.98740756400008,21.362321498000028],[39.987329077000027,21.362454530000036],[39.987257357000033,21.362590873000045],[39.987192562000075,21.362730224000074],[39.987134835000063,21.362872276000076],[39.987084304000064,21.363016714000025],[39.987039891000052,21.363154473000066],[39.987002145000076,21.363293966000072],[39.986971140000037,21.363434909000034],[39.986946941000042,21.363577016000022],[39.986929596000039,21.363720000000058],[39.986919141000044,21.363863571000024],[39.986915597000063,21.364007437000055],[39.98691897100008,21.364151306000053],[39.986929256000053,21.364294888000074],[39.986946431000035,21.364437890000033],[39.986979401000042,21.364607593000073],[39.987018502000069,21.364776150000068],[39.987063688000035,21.364943367000023],[39.98711490900007,21.365109050000058],[39.987172104000081,21.365273009000077],[39.987235208000072,21.365435056000024],[39.987304148000078,21.365595002000077],[39.98737884500008,21.365752663000023],[39.987459212000033,21.36590785900006],[39.987590796000063,21.366163674000063],[39.988041217000045,21.367062567000062],[39.988101058000041,21.367169997000076],[39.988175677000072,21.36729908600006],[39.988300066000079,21.367540559000076],[39.988420641000062,21.367783599000063],[39.988535231000071,21.368029168000078],[39.98864377700005,21.368277140000032],[39.988745970000025,21.368527448000066],[39.989150824000035,21.368384655000057],[39.989211051000041,21.368365959000073],[39.989272684000071,21.368351847000042],[39.989335328000038,21.368342411000071],[39.989398578000078,21.368337711000038],[39.989396508000027,21.368298629000037]]},"properties":{"OBJECTID":704,"camp_label":"27/68","Transport_mode":"النقل التقليدي","Street_Camp_MIN":"شارع 68","MAKARF":"طريق الطائف - طريق صاد - الدائري الشرقي","Street_Camp_ARF":"طريق 91","Street_MIN_Exit":"طريق الملك فهد (68 )","ASMARF":"الدائري الشرقي عرفات","ASM_CODE":"ASMARF4","block":"28F","camp_type":"حجاج الخارج","block_ARF":"28F","ARF_ZONE2":"ARF Zone 4","_length":25753,"MAKARFT1":null,"ARF_IN":50,"ARF_OUT":50,"Shape_Length":0.054794249162682218}},{"type":"Feature","id":705,"geometry":{"type":"LineString","coordinates":[[39.94754269200007,21.33845289900006],[39.948252810000042,21.339560423000023],[39.948686590000079,21.339902104000032],[39.954370572000073,21.342254106000041],[39.958823771000027,21.339568923000058],[39.966452691000029,21.334973297000033],[39.967387416000065,21.334537778000026],[39.968147388000034,21.334252954000078],[39.968538309000053,21.334134651000056],[39.969056085000034,21.33399937400003],[39.969441184000061,21.333917002000078],[39.970409320000044,21.333797324000045],[39.971279505000041,21.333759134000047],[39.972151085000064,21.333794204000071],[39.973522413000069,21.333893175000071],[39.976147974000071,21.334090063000076],[39.977602365000052,21.334224284000072],[39.978620627000055,21.334361124000054],[39.979497907000052,21.334478962000048],[39.981905452000035,21.334827834000066],[39.982791503000044,21.334956225000042],[39.984311742000045,21.335168384000042],[39.988851198000077,21.335819235000031],[39.989595674000043,21.335976746000028],[39.98991333400005,21.33605964000003],[39.990074634000052,21.336108697000043],[39.990594525000063,21.336279122000064],[39.99105174400006,21.336456535000025],[39.991601720000062,21.336694369000043],[39.991792514000053,21.33678833700003],[39.992351202000066,21.337087992000022],[39.992804592000027,21.337365677000037],[39.99309629000004,21.337567412000055],[39.993452297000033,21.337824367000053],[39.994206700000063,21.33846101000006],[39.994472922000057,21.338717325000061],[39.994792016000076,21.339050093000026],[39.995042147000049,21.339336876000061],[39.995392021000043,21.339778528000068],[39.995651810000027,21.34014140000005],[39.995958320000057,21.34061009900006],[39.996381353000061,21.341357596000023],[39.996698020000053,21.342059065000058],[39.996976540000048,21.342841210000074],[39.997211230000062,21.343769325000039],[39.997252959000036,21.344040429000074],[39.997339835000048,21.344604835000041],[39.997337702000038,21.344635206000078],[39.997334698000031,21.344645613000068],[39.997327512000027,21.344654809000076],[39.997310216000074,21.344673909000051],[39.997252113000059,21.34472491300005],[39.997191895000071,21.344767832000059],[39.997140123000065,21.344798063000042],[39.996649712000078,21.34509171600007],[39.995454505000055,21.345833760000062],[39.995284511000079,21.34593798700007],[39.99477203500004,21.346252186000072],[39.994662834000053,21.346320803000026],[39.993932314000062,21.34677982200003],[39.993200467000065,21.347233577000054],[39.993055323000078,21.347323674000052],[39.991565113000036,21.348243361000073],[39.989925762000041,21.349265136000042],[39.988731235000046,21.349993709000046],[39.988162524000074,21.350294986000051],[39.98290570000006,21.352742626000065],[39.982332004000057,21.353025279000065],[39.981579497000041,21.353481446000046],[39.979296676000047,21.354863366000075],[39.979109669000024,21.354558306000058],[39.978731191000065,21.354366029000062],[39.978759894000063,21.354313920000038]]},"properties":{"OBJECTID":705,"camp_label":"29/204","Transport_mode":"النقل التقليدي","Street_Camp_MIN":"شارع 204","MAKARF":"طريق الطائف - نفق الجامعة عرفات الأول - الدائري الأوسط","Street_Camp_ARF":"شارع 510","Street_MIN_Exit":"طريق الملك فهد (68 )","ASMARF":"الدائري الغربي عرفات","ASM_CODE":"ASMARF1","block":"37","camp_type":"حجاج الخارج","block_ARF":"37","ARF_ZONE2":"","_length":25935,"MAKARFT1":null,"ARF_IN":null,"ARF_OUT":null,"Shape_Length":0.079597210837347526}},{"type":"Feature","id":706,"geometry":{"type":"LineString","coordinates":[[40.00517823000007,21.328710576000049],[40.001738069000055,21.330411155000036],[39.999634566000054,21.331432715000062],[39.997618553000052,21.332540480000034],[39.996834841000066,21.333015973000045],[39.995822902000043,21.333517219000043],[39.994872963000034,21.334088969000049],[39.99424463400004,21.334544582000035],[39.993634172000043,21.33507762000005],[39.991938696000034,21.336478406000026],[39.991898674000026,21.336571792000029],[39.991883427000062,21.336661366000044],[39.991896768000061,21.336766187000023],[39.991944698000054,21.336869961000048],[39.992351202000066,21.337087992000022],[39.992352289000053,21.337088574000063],[39.992804592000027,21.337365677000037],[39.99309629000004,21.337567412000055],[39.993452297000033,21.337824367000053],[39.994206700000063,21.33846101000006],[39.994472922000057,21.338717325000061],[39.994792016000076,21.339050093000026],[39.995042147000049,21.339336876000061],[39.995392021000043,21.339778528000068],[39.995651810000027,21.34014140000005],[39.995958320000057,21.34061009900006],[39.996381353000061,21.341357596000023],[39.996698020000053,21.342059065000058],[39.996976540000048,21.342841210000074],[39.997211230000062,21.34376932400005],[39.997252959000036,21.344040429000074],[39.997339835000048,21.344604835000041],[39.997385370000075,21.345240382000043],[39.997383632000037,21.347255516000075],[39.997334798000054,21.347842433000039],[39.997148260000074,21.348809699000071],[39.996502345000067,21.351506592000078],[39.996063212000024,21.35335281600004],[39.995873346000053,21.354011229000037],[39.995642059000033,21.354657349000036],[39.995355116000042,21.35531516900005],[39.994886239000039,21.356140980000077],[39.994514154000058,21.356696491000037],[39.994109008000066,21.357212540000035],[39.993754679000062,21.35759018300007],[39.993480734000059,21.357826168000031],[39.992953433000025,21.358213054000032],[39.991679687000044,21.358990066000047],[39.990602163000062,21.359708559000069],[39.989594257000078,21.360414318000039],[39.988557807000063,21.361152988000072],[39.988265529000046,21.361385848000054],[39.988009848000047,21.361608728000078],[39.987894908000044,21.361716013000034],[39.987785482000049,21.361828244000037],[39.987681811000073,21.361945171000059],[39.987584126000058,21.362066537000032],[39.987492643000053,21.362192072000028],[39.98740756400008,21.362321498000028],[39.987329077000027,21.362454530000036],[39.987257357000033,21.362590873000045],[39.987192562000075,21.362730224000074],[39.987134835000063,21.362872276000076],[39.987084304000064,21.363016714000025],[39.987039891000052,21.363154473000066],[39.987002145000076,21.363293966000072],[39.986971140000037,21.363434909000034],[39.986946941000042,21.363577016000022],[39.986929596000039,21.363720000000058],[39.986919141000044,21.363863571000024],[39.986915597000063,21.364007437000055],[39.98691897100008,21.364151306000053],[39.986929256000053,21.364294888000074],[39.986946431000035,21.364437890000033],[39.986979401000042,21.364607593000073],[39.987018502000069,21.364776150000068],[39.987063688000035,21.364943367000023],[39.98711490900007,21.365109050000058],[39.987172104000081,21.365273009000077],[39.987235208000072,21.365435056000024],[39.987304148000078,21.365595002000077],[39.98737884500008,21.365752663000023],[39.987459212000033,21.36590785900006],[39.987590796000063,21.366163674000063],[39.988041217000045,21.367062567000062],[39.988173568000036,21.367300171000068],[39.988300065000033,21.367540557000041],[39.988420641000062,21.367783599000063],[39.988535231000071,21.368029168000078],[39.98864377600006,21.368277136000074],[39.988746218000074,21.368527371000027],[39.989150824000035,21.368384655000057],[39.989211051000041,21.368365959000073],[39.989272684000071,21.368351847000042],[39.989335328000038,21.368342411000071],[39.989398578000078,21.368337711000038],[39.989438067000037,21.368339807000041],[39.98947677700005,21.368347414000027],[39.989513835000025,21.368360361000043],[39.989548409000065,21.368378356000051],[39.989579719000062,21.368400995000059],[39.989607060000026,21.368427767000071],[39.989629816000047,21.368458070000031],[39.98972853500004,21.368628365000063],[39.989767654000048,21.368724089000068],[39.98979633700003,21.368790664000073],[39.989822262000075,21.368861037000045],[39.989837435000027,21.36891636200005],[39.989857451000034,21.368997492000062],[39.989876585000047,21.369097712000041],[39.989865387000066,21.369267726000032],[39.989806295000051,21.369837618000076],[39.989789033000079,21.370001900000034],[39.98990500900004,21.370007764000036],[39.989909606000026,21.369972852000046]]},"properties":{"OBJECTID":706,"camp_label":"3/15","Transport_mode":"النقل التقليدي","Street_Camp_MIN":"شارع 15","MAKARF":"طريق الطائف - طريق صاد - الدائري الشرقي","Street_Camp_ARF":"طريق 91","Street_MIN_Exit":"طريق الملك فهد (68 )","ASMARF":"الدائري الشرقي عرفات","ASM_CODE":"ASMARF4","block":"28D","camp_type":"حجاج الخارج","block_ARF":"28D","ARF_ZONE2":"ARF Zone 4","_length":28847,"MAKARFT1":null,"ARF_IN":50,"ARF_OUT":50,"Shape_Length":0.056777367454818699}},{"type":"Feature","id":707,"geometry":{"type":"LineString","coordinates":[[39.94754269200007,21.33845289900006],[39.948252810000042,21.339560423000023],[39.948686590000079,21.339902104000032],[39.954370572000073,21.342254106000041],[39.958823771000027,21.339568923000058],[39.966452691000029,21.334973297000033],[39.967387416000065,21.334537778000026],[39.968147388000034,21.334252954000078],[39.968538309000053,21.334134651000056],[39.969056085000034,21.33399937400003],[39.969441184000061,21.333917002000078],[39.970409320000044,21.333797324000045],[39.971279505000041,21.333759134000047],[39.972151085000064,21.333794204000071],[39.973522413000069,21.333893175000071],[39.976147974000071,21.334090063000076],[39.977602365000052,21.334224284000072],[39.978620627000055,21.334361124000054],[39.981905452000035,21.334827834000066],[39.982791503000044,21.334956225000042],[39.984311742000045,21.335168384000042],[39.98066797000007,21.337850254000045],[39.979933780000067,21.338390607000065],[39.979351079000025,21.33881946200006],[39.976871491000054,21.340636515000028],[39.975453354000081,21.341676548000066],[39.974133824000035,21.342484467000077],[39.972685500000068,21.343360665000034],[39.971542448000037,21.344036152000058],[39.971764868000037,21.344403397000065],[39.971993454000028,21.344268456000066],[39.972241071000042,21.344123621000051],[39.972525000000076,21.344543000000044],[39.972589454000058,21.344499940000048]]},"properties":{"OBJECTID":707,"camp_label":"3/214","Transport_mode":"النقل التقليدي","Street_Camp_MIN":"شارع 214","MAKARF":"طريق الطائف - نفق الجامعة عرفات الأول - الدائري الأوسط","Street_Camp_ARF":"طريق 50","Street_MIN_Exit":"طريق الملك خالد - المعيصم","ASMARF":"الدائري الاوسط 83","ASM_CODE":"ASMARF1","block":"101E","camp_type":"حجاج الداخل","block_ARF":"101E","ARF_ZONE2":"ARF Zone 4","_length":26594,"MAKARFT1":null,"ARF_IN":50,"ARF_OUT":50,"Shape_Length":0.057393876363365667}},{"type":"Feature","id":708,"geometry":{"type":"LineString","coordinates":[[39.967559644000062,21.327004457000044],[39.967578091000064,21.327037485000062],[39.967578537000065,21.327038283000036],[39.96770568800008,21.327282506000074],[39.967770659000053,21.327413711000077],[39.967832212000076,21.327544264000039],[39.96790502500005,21.327700284000059],[39.968117881000069,21.328196809000076],[39.968214207000074,21.328460520000078],[39.968280636000031,21.328653065000026],[39.968321539000044,21.328768767000042],[39.968383609000057,21.328967263000038],[39.968430871000066,21.329139271000031],[39.968458883000039,21.329258612000046],[39.968548708000071,21.329609178000055],[39.968561854000029,21.329674373000046],[39.96863191500006,21.329984139000032],[39.968701503000034,21.330313905000025],[39.969136646000038,21.332426045000034],[39.969177875000071,21.332632126000078],[39.969261667000069,21.333021962000032],[39.969363442000031,21.333523420000063],[39.969441184000061,21.333917002000078],[39.970409320000044,21.333797324000045],[39.971279505000041,21.333759134000047],[39.972151085000064,21.333794204000071],[39.973522413000069,21.333893175000071],[39.976147974000071,21.334090063000076],[39.977602000000047,21.334224000000063],[39.978620627000055,21.334361124000054],[39.981905452000035,21.334827834000066],[39.982791503000044,21.334956225000042],[39.984311742000045,21.335168384000042],[39.979933780000067,21.338390607000065],[39.975453354000081,21.341676548000066],[39.976811903000055,21.341781043000026],[39.977501117000031,21.341834057000028],[39.978269431000058,21.341953748000037],[39.978568372000041,21.342023475000076],[39.979147775000058,21.342175660000066],[39.979595509000035,21.342309056000033],[39.980294342000036,21.342544596000039],[39.980314471000042,21.342586012000027],[39.980328000000043,21.342628000000047],[39.980334753000079,21.342672353000069],[39.980335000000025,21.34271700000005],[39.980327415000033,21.342760493000071],[39.98031349200005,21.34280285400007],[39.980293087000064,21.342842843000028],[39.980267000000026,21.342880000000036],[39.980234726000049,21.342912315000035],[39.980198032000033,21.342940295000062],[39.97700327900003,21.344855964000033],[39.974874026000066,21.346132709000074],[39.97414013000008,21.346575947000076],[39.973585984000067,21.346911591000037],[39.973311654000042,21.347077750000039],[39.971381291000057,21.348246932000052],[39.970725318000063,21.347332026000061],[39.97056604200003,21.347198417000072],[39.970377260000078,21.347051446000023],[39.970335849000037,21.347104210000055]]},"properties":{"OBJECTID":708,"camp_label":"3/504","Transport_mode":"النقل التقليدي","Street_Camp_MIN":"شارع 504","MAKARF":"طريق الطائف - جسر الجامعة عرفات الثاني - الدائري الشرقي","Street_Camp_ARF":"شارع 54","Street_MIN_Exit":"طريق الجوهرة 56 - الدائري الرابع","ASMARF":"الدائري الشرقي عرفات","ASM_CODE":"ASMARF2","block":"6-7","camp_type":"حجاج الخارج","block_ARF":"6-7","ARF_ZONE2":"","_length":17217,"MAKARFT1":null,"ARF_IN":null,"ARF_OUT":null,"Shape_Length":0.050472623790369077}},{"type":"Feature","id":709,"geometry":{"type":"LineString","coordinates":[[39.967559644000062,21.327004457000044],[39.967578091000064,21.327037485000062],[39.967578537000065,21.327038283000036],[39.96770568800008,21.327282506000074],[39.967770659000053,21.327413711000077],[39.967832212000076,21.327544264000039],[39.96790502500005,21.327700284000059],[39.968117881000069,21.328196809000076],[39.968214207000074,21.328460520000078],[39.968280636000031,21.328653065000026],[39.968321539000044,21.328768767000042],[39.968383609000057,21.328967263000038],[39.968430871000066,21.329139271000031],[39.968458883000039,21.329258612000046],[39.968548708000071,21.329609178000055],[39.968561854000029,21.329674373000046],[39.96863191500006,21.329984139000032],[39.968701503000034,21.330313905000025],[39.969136646000038,21.332426045000034],[39.969177875000071,21.332632126000078],[39.969261667000069,21.333021962000032],[39.969363442000031,21.333523420000063],[39.969441184000061,21.333917002000078],[39.970409320000044,21.333797324000045],[39.971279505000041,21.333759134000047],[39.972151085000064,21.333794204000071],[39.973522413000069,21.333893175000071],[39.976147974000071,21.334090063000076],[39.977602000000047,21.334224000000063],[39.978620627000055,21.334361124000054],[39.981905452000035,21.334827834000066],[39.982791503000044,21.334956225000042],[39.984311742000045,21.335168384000042],[39.988851198000077,21.335819235000031],[39.989595674000043,21.335976746000028],[39.98991333400005,21.33605964000003],[39.990074634000052,21.336108697000043],[39.990594525000063,21.336279122000064],[39.99105174400006,21.336456535000025],[39.991601720000062,21.336694369000043],[39.991792514000053,21.33678833700003],[39.992352289000053,21.337088574000063],[39.992804592000027,21.337365677000037],[39.99309629000004,21.337567412000055],[39.993452297000033,21.337824367000053],[39.994206700000063,21.33846101000006],[39.994472922000057,21.338717325000061],[39.994792016000076,21.339050093000026],[39.995042147000049,21.339336876000061],[39.995392021000043,21.339778528000068],[39.995651810000027,21.34014140000005],[39.995532057000048,21.340210543000069],[39.993757089000042,21.341235365000045],[39.991528136000056,21.342522261000056],[39.990046323000058,21.343386097000064],[39.990572942000028,21.344173696000041],[39.990244068000038,21.344384879000074],[39.990171804000056,21.344431283000063],[39.989747994000027,21.344703426000024],[39.989433503000043,21.344905371000038],[39.989404255000068,21.344865108000079]]},"properties":{"OBJECTID":709,"camp_label":"3/520","Transport_mode":"النقل التقليدي","Street_Camp_MIN":"شارع 520","MAKARF":"طريق الطائف - جسر الجامعة عرفات الثاني - الدائري الشرقي","Street_Camp_ARF":"طريق 56","Street_MIN_Exit":"طريق الملك فهد (68 )","ASMARF":"الدائري الشرقي عرفات","ASM_CODE":"ASMARF2","block":"8-5","camp_type":"حجاج الخارج","block_ARF":"8-5","ARF_ZONE2":"","_length":21483,"MAKARFT1":null,"ARF_IN":null,"ARF_OUT":null,"Shape_Length":0.043846036279876252}},{"type":"Feature","id":710,"geometry":{"type":"LineString","coordinates":[[39.967559644000062,21.327004457000044],[39.967578091000064,21.327037485000062],[39.967578537000065,21.327038283000036],[39.96770568800008,21.327282506000074],[39.967770659000053,21.327413711000077],[39.967832212000076,21.327544264000039],[39.96790502500005,21.327700284000059],[39.968117881000069,21.328196809000076],[39.968214207000074,21.328460520000078],[39.968280636000031,21.328653065000026],[39.968321539000044,21.328768767000042],[39.968383609000057,21.328967263000038],[39.968430871000066,21.329139271000031],[39.968458883000039,21.329258612000046],[39.968548708000071,21.329609178000055],[39.968561854000029,21.329674373000046],[39.96863191500006,21.329984139000032],[39.968701503000034,21.330313905000025],[39.969136646000038,21.332426045000034],[39.969177875000071,21.332632126000078],[39.969261667000069,21.333021962000032],[39.969363442000031,21.333523420000063],[39.969441184000061,21.333917002000078],[39.970409320000044,21.333797324000045],[39.971279505000041,21.333759134000047],[39.972151085000064,21.333794204000071],[39.973522413000069,21.333893175000071],[39.976147974000071,21.334090063000076],[39.977602000000047,21.334224000000063],[39.978620627000055,21.334361124000054],[39.981905452000035,21.334827834000066],[39.982791503000044,21.334956225000042],[39.984311742000045,21.335168384000042],[39.988851198000077,21.335819235000031],[39.989595674000043,21.335976746000028],[39.98991333400005,21.33605964000003],[39.990074634000052,21.336108697000043],[39.990594525000063,21.336279122000064],[39.99105174400006,21.336456535000025],[39.991601720000062,21.336694369000043],[39.991792514000053,21.33678833700003],[39.992352289000053,21.337088574000063],[39.992804592000027,21.337365677000037],[39.99309629000004,21.337567412000055],[39.993452297000033,21.337824367000053],[39.994206700000063,21.33846101000006],[39.994472922000057,21.338717325000061],[39.994792016000076,21.339050093000026],[39.995042147000049,21.339336876000061],[39.995392021000043,21.339778528000068],[39.995651810000027,21.34014140000005],[39.995958320000057,21.34061009900006],[39.996381353000061,21.341357596000023],[39.996698020000053,21.342059065000058],[39.996976540000048,21.342841210000074],[39.997211230000062,21.34376932400005],[39.997339835000048,21.344604835000041],[39.997333322000031,21.344615608000026],[39.997325026000055,21.344625246000078],[39.997315169000046,21.34463349300006],[39.997304012000029,21.344640128000037],[39.997291852000046,21.34464497700003],[39.997279012000035,21.344647909000059],[39.997265835000064,21.344648848000077],[39.99725267000008,21.344647767000026],[39.997239867000076,21.344644696000046],[39.997227768000073,21.344639716000074],[39.997216693000041,21.344632960000069],[39.997206938000033,21.344624607000071],[39.997198762000039,21.344614881000041],[39.997192382000037,21.344604038000057],[39.997187968000048,21.344592368000065],[39.997168473000045,21.344367563000048],[39.99714146000008,21.344143442000075],[39.997106957000028,21.343920225000033],[39.997064998000042,21.343698132000043],[39.997015623000038,21.343477381000071],[39.996958881000069,21.343258190000029],[39.996894829000041,21.343040774000031],[39.996823529000039,21.34282534700003],[39.996735518000037,21.342570568000042],[39.996642690000044,21.342317295000043],[39.996545076000075,21.342065606000062],[39.99644270500005,21.341815581000048],[39.996335611000063,21.341567299000076],[39.996319276000065,21.34154733400004],[39.996299657000066,21.341530159000058],[39.996277289000034,21.341516242000068],[39.996252782000056,21.341505962000042],[39.996226804000059,21.341499600000077],[39.99620006300006,21.341497329000049],[39.996173287000033,21.341499211000041],[39.996147206000046,21.341505194000035],[39.996122532000072,21.341515116000039],[39.993215476000046,21.343244854000034],[39.99271245500006,21.34354965600005],[39.992694867000068,21.343522592000056]]},"properties":{"OBJECTID":710,"camp_label":"3/522","Transport_mode":"النقل التقليدي","Street_Camp_MIN":"شارع 522","MAKARF":"طريق الطائف - جسر الجامعة عرفات الثاني - الدائري الشرقي","Street_Camp_ARF":"طريق 56","Street_MIN_Exit":"طريق الملك فهد (68 )","ASMARF":"الدائري الشرقي عرفات","ASM_CODE":"ASMARF2","block":"8-4","camp_type":"حجاج الخارج","block_ARF":"8-4","ARF_ZONE2":"","_length":22173,"MAKARFT1":null,"ARF_IN":null,"ARF_OUT":null,"Shape_Length":0.0474340356302086}},{"type":"Feature","id":711,"geometry":{"type":"LineString","coordinates":[[39.94754269200007,21.33845289900006],[39.948252810000042,21.339560423000023],[39.948686590000079,21.339902104000032],[39.954370572000073,21.342254106000041],[39.958823771000027,21.339568923000058],[39.959026325000025,21.339603667000063],[39.959897492000039,21.33975309300007],[39.960990657000025,21.339927552000063],[39.962083822000068,21.340102003000027],[39.963354236000043,21.340281783000023],[39.964165537000042,21.340402728000072],[39.965538207000066,21.340588467000032],[39.969332081000061,21.341166655000052],[39.969949754000027,21.341233893000037],[39.97196415500008,21.341398955000045],[39.975204524000048,21.341657407000071],[39.977501105000044,21.34183405400006],[39.978269431000058,21.341953748000037],[39.978568372000041,21.342023475000076],[39.97885662300007,21.342096292000065],[39.979147775000058,21.342175660000066],[39.979437446000077,21.342260144000022],[39.979725194000025,21.342349983000076],[39.980011021000053,21.342445055000042],[39.980294342000036,21.342544596000039],[39.98056482100003,21.342647576000047],[39.980611383000053,21.342665155000077],[39.98089477700006,21.342778332000023],[39.981829549000054,21.343133895000051],[39.983458300000052,21.343753415000037],[39.983664668000074,21.343863542000065],[39.983672493000029,21.343868018000023],[39.983554537000032,21.343970657000057],[39.982842434000077,21.344505535000053],[39.982372369000075,21.344858612000053],[39.979889797000055,21.346423507000054],[39.974126443000046,21.350098937000041],[39.973792637000031,21.350311598000076],[39.973429030000034,21.350543230000028],[39.972725322000031,21.350991553000028],[39.97276417900008,21.351043880000077]]},"properties":{"OBJECTID":711,"camp_label":"3/530","Transport_mode":"النقل التقليدي","Street_Camp_MIN":"شارع 530","MAKARF":"طريق الطائف - نفق الجامعة عرفات الأول - الدائري الأوسط","Street_Camp_ARF":"طريق 52","Street_MIN_Exit":"طريق الملك فهد (68 )","ASMARF":"الدائري الاوسط 83","ASM_CODE":"ASMARF1","block":"8-1","camp_type":"حجاج الخارج","block_ARF":"8-1","ARF_ZONE2":"مسار رقم 1","_length":20903,"MAKARFT1":null,"ARF_IN":null,"ARF_OUT":null,"Shape_Length":0.051695282544776289}},{"type":"Feature","id":712,"geometry":{"type":"LineString","coordinates":[[39.967559644000062,21.327004457000044],[39.967578091000064,21.327037485000062],[39.967578537000065,21.327038283000036],[39.96770568800008,21.327282506000074],[39.967770659000053,21.327413711000077],[39.967832212000076,21.327544264000039],[39.96790502500005,21.327700284000059],[39.968117881000069,21.328196809000076],[39.968214207000074,21.328460520000078],[39.968280636000031,21.328653065000026],[39.968321539000044,21.328768767000042],[39.968383609000057,21.328967263000038],[39.968430871000066,21.329139271000031],[39.968458883000039,21.329258612000046],[39.968548708000071,21.329609178000055],[39.968561854000029,21.329674373000046],[39.96863191500006,21.329984139000032],[39.968701503000034,21.330313905000025],[39.969136646000038,21.332426045000034],[39.969177875000071,21.332632126000078],[39.969261667000069,21.333021962000032],[39.969363442000031,21.333523420000063],[39.969410836000066,21.333763068000053],[39.969414889000063,21.333783561000075],[39.969441184000061,21.333917002000078],[39.970409320000044,21.333797324000045],[39.971279505000041,21.333759134000047],[39.972151085000064,21.333794204000071],[39.973522413000069,21.333893175000071],[39.976147974000071,21.334090063000076],[39.977602365000052,21.334224284000072],[39.978620627000055,21.334361124000054],[39.979497907000052,21.334478962000048],[39.981905452000035,21.334827834000066],[39.982791503000044,21.334956225000042],[39.984311741000056,21.335168384000042],[39.988851198000077,21.335819235000031],[39.989595674000043,21.335976746000028],[39.98991333400005,21.33605964000003],[39.990075000000047,21.336109000000079],[39.990594525000063,21.336279122000064],[39.99105174400006,21.336456535000025],[39.991471697000065,21.336638142000027],[39.991601720000062,21.336694369000043],[39.991792512000075,21.336788336000041],[39.992416304000074,21.337127793000036],[39.992805000000033,21.337366000000031],[39.993452000000048,21.337824000000069],[39.99365896200004,21.337998774000027],[39.993671273000075,21.338009163000038],[39.994206700000063,21.33846101000006],[39.994303764000051,21.338554463000037],[39.994472922000057,21.338717325000061],[39.994792016000076,21.339050093000026],[39.995042147000049,21.339336876000061],[39.995392021000043,21.339778528000068],[39.995652000000064,21.340141000000074],[39.993757000000073,21.34123500000004],[39.992791966000027,21.341792200000043],[39.991962160000071,21.342271321000055],[39.991397357000039,21.34152474800004],[39.991425473000049,21.341500351000036]]},"properties":{"OBJECTID":712,"camp_label":"3/654","Transport_mode":"النقل التقليدي","Street_Camp_MIN":"شارع 654","MAKARF":"طريق الطائف - جسر الجامعة عرفات الثاني - الدائري الشرقي","Street_Camp_ARF":"طريق 54","Street_MIN_Exit":"طريق الملك عبدالله (25) - المعيصم","ASMARF":"الدائري الشرقي عرفات","ASM_CODE":"ASMARF2","block":"124","camp_type":"حجاج الخارج","block_ARF":"124","ARF_ZONE2":"ARF1","_length":23307,"MAKARFT1":null,"ARF_IN":null,"ARF_OUT":null,"Shape_Length":0.040251536550113431}},{"type":"Feature","id":713,"geometry":{"type":"LineString","coordinates":[[39.967559644000062,21.327004457000044],[39.967578091000064,21.327037485000062],[39.967578537000065,21.327038283000036],[39.96770568800008,21.327282506000074],[39.967770659000053,21.327413711000077],[39.967832212000076,21.327544264000039],[39.96790502500005,21.327700284000059],[39.968117881000069,21.328196809000076],[39.968214207000074,21.328460520000078],[39.968280636000031,21.328653065000026],[39.968321539000044,21.328768767000042],[39.968383609000057,21.328967263000038],[39.968430871000066,21.329139271000031],[39.968458883000039,21.329258612000046],[39.968548708000071,21.329609178000055],[39.968561854000029,21.329674373000046],[39.96863191500006,21.329984139000032],[39.968701503000034,21.330313905000025],[39.969136646000038,21.332426045000034],[39.969177875000071,21.332632126000078],[39.969261667000069,21.333021962000032],[39.969363442000031,21.333523420000063],[39.969441184000061,21.333917002000078],[39.970409320000044,21.333797324000045],[39.971279505000041,21.333759134000047],[39.972151085000064,21.333794204000071],[39.973522413000069,21.333893175000071],[39.976147974000071,21.334090063000076],[39.977602365000052,21.334224284000072],[39.978620627000055,21.334361124000054],[39.979497907000052,21.334478962000048],[39.981905452000035,21.334827834000066],[39.982791503000044,21.334956225000042],[39.984311742000045,21.335168384000042],[39.988851198000077,21.335819235000031],[39.989595674000043,21.335976746000028],[39.98991333400005,21.33605964000003],[39.990074634000052,21.336108697000043],[39.990594525000063,21.336279122000064],[39.99105174400006,21.336456535000025],[39.991601720000062,21.336694369000043],[39.991792514000053,21.33678833700003],[39.992351202000066,21.337087992000022],[39.992804592000027,21.337365677000037],[39.99309629000004,21.337567412000055],[39.993452297000033,21.337824367000053],[39.994206700000063,21.33846101000006],[39.994472922000057,21.338717325000061],[39.994792016000076,21.339050093000026],[39.995042147000049,21.339336876000061],[39.995392021000043,21.339778528000068],[39.995651810000027,21.34014140000005],[39.995958320000057,21.34061009900006],[39.996381353000061,21.341357596000023],[39.996698020000053,21.342059065000058],[39.996976540000048,21.342841210000074],[39.997211230000062,21.34376932400005],[39.997252959000036,21.344040429000074],[39.997339835000048,21.344604835000041],[39.997385370000075,21.345240382000043],[39.997383632000037,21.347255516000075],[39.997334798000054,21.347842433000039],[39.997148260000074,21.348809699000071],[39.996502345000067,21.351506592000078],[39.996063212000024,21.35335281600004],[39.995873346000053,21.354011229000037],[39.995642059000033,21.354657349000036],[39.995355116000042,21.35531516900005],[39.994886239000039,21.356140980000077],[39.994514154000058,21.356696491000037],[39.994109008000066,21.357212540000035],[39.993754679000062,21.35759018300007],[39.993480734000059,21.357826168000031],[39.992953433000025,21.358213054000032],[39.991679687000044,21.358990066000047],[39.990602163000062,21.359708559000069],[39.989594257000078,21.360414318000039],[39.988557807000063,21.361152988000072],[39.988265529000046,21.361385848000054],[39.988009848000047,21.361608728000078],[39.987894908000044,21.361716013000034],[39.987785482000049,21.361828244000037],[39.987681811000073,21.361945171000059],[39.987584126000058,21.362066537000032],[39.987492643000053,21.362192072000028],[39.98740756400008,21.362321498000028],[39.987329077000027,21.362454530000036],[39.987257357000033,21.362590873000045],[39.987192562000075,21.362730224000074],[39.987134835000063,21.362872276000076],[39.987084304000064,21.363016714000025],[39.987039891000052,21.363154473000066],[39.987002145000076,21.363293966000072],[39.986971140000037,21.363434909000034],[39.986946941000042,21.363577016000022],[39.986929596000039,21.363720000000058],[39.986919141000044,21.363863571000024],[39.986915597000063,21.364007437000055],[39.98691897100008,21.364151306000053],[39.986929256000053,21.364294888000074],[39.986946431000035,21.364437890000033],[39.986979401000042,21.364607593000073],[39.987018502000069,21.364776150000068],[39.987063688000035,21.364943367000023],[39.98711490900007,21.365109050000058],[39.987172104000081,21.365273009000077],[39.987235208000072,21.365435056000024],[39.987304148000078,21.365595002000077],[39.98737884500008,21.365752663000023],[39.987459212000033,21.36590785900006],[39.987590796000063,21.366163674000063],[39.987612683000066,21.366185882000025],[39.987638197000081,21.366204384000071],[39.987666631000025,21.366218670000023],[39.987697200000071,21.366228344000035],[39.987729057000024,21.366233138000041],[39.987761323000029,21.366232920000073],[39.987793103000058,21.366227696000067],[39.987823520000063,21.366217611000025],[39.988174680000043,21.366086831000075],[39.988748443000077,21.36587860000003],[39.988729902000046,21.365823073000058]]},"properties":{"OBJECTID":713,"camp_label":"25/68","Transport_mode":"النقل التقليدي","Street_Camp_MIN":"شارع 68","MAKARF":"طريق الطائف - جسر الجامعة عرفات الثاني - الدائري الشرقي","Street_Camp_ARF":"طريق 62","Street_MIN_Exit":"طريق الملك فهد (68 )","ASMARF":"الدائري الشرقي عرفات","ASM_CODE":"ASMARF2","block":"31A","camp_type":"حجاج الخارج","block_ARF":"31A","ARF_ZONE2":"ARF1","_length":28450,"MAKARFT1":null,"ARF_IN":null,"ARF_OUT":null,"Shape_Length":0.066933177656718176}},{"type":"Feature","id":714,"geometry":{"type":"LineString","coordinates":[[39.94754269200007,21.33845289900006],[39.948252810000042,21.339560423000023],[39.948686590000079,21.339902104000032],[39.954370572000073,21.342254106000041],[39.958823771000027,21.339568923000058],[39.966452691000029,21.334973297000033],[39.967387416000065,21.334537778000026],[39.968147388000034,21.334252954000078],[39.968538309000053,21.334134651000056],[39.969056085000034,21.33399937400003],[39.969441184000061,21.333917002000078],[39.970409320000044,21.333797324000045],[39.971279505000041,21.333759134000047],[39.972151085000064,21.333794204000071],[39.973522413000069,21.333893175000071],[39.976147974000071,21.334090063000076],[39.977602365000052,21.334224284000072],[39.978620627000055,21.334361124000054],[39.979497907000052,21.334478962000048],[39.981905452000035,21.334827834000066],[39.982791503000044,21.334956225000042],[39.984311742000045,21.335168384000042],[39.988851198000077,21.335819235000031],[39.989595674000043,21.335976746000028],[39.98991333400005,21.33605964000003],[39.990074634000052,21.336108697000043],[39.990594525000063,21.336279122000064],[39.99105174400006,21.336456535000025],[39.991471697000065,21.336638142000027],[39.991485818000058,21.336645660000045],[39.991498393000029,21.336655290000067],[39.991509065000059,21.33666676100006],[39.991518000000042,21.336680000000058],[39.991524000000027,21.336694000000023],[39.991526958000065,21.336708759000032],[39.99152765000008,21.336723963000054],[39.991525610000053,21.336739059000024],[39.991520896000054,21.336753621000071],[39.991513640000051,21.336767235000025],[39.99150405000006,21.336779516000036],[39.991492396000069,21.336790116000032],[39.991479009000045,21.336798733000023],[39.989589453000065,21.338221947000022],[39.989303191000033,21.338441866000039],[39.989046706000067,21.33864668700005],[39.988781688000074,21.33886601100005],[39.988465451000025,21.339138481000077],[39.988205200000039,21.339372234000052],[39.988013132000049,21.339550902000042],[39.987766069000031,21.339787913000066],[39.987451299000043,21.340103285000055],[39.987434000000064,21.340121000000067],[39.987053422000031,21.340523963000066],[39.986825655000075,21.340777374000027],[39.986482516000081,21.341149893000022],[39.98613415300008,21.341518133000022],[39.985780625000075,21.341882027000054],[39.985421996000071,21.342241514000023],[39.985058327000047,21.342596529000048],[39.984689682000067,21.342947012000025],[39.983937721000075,21.343634136000048],[39.983672493000029,21.343868018000023],[39.98386742100007,21.343979411000078],[39.984065636000025,21.344100447000073],[39.984260391000078,21.344227300000057],[39.984452194000028,21.344360409000046],[39.984535313000038,21.344421497000042],[39.984995323000078,21.344164355000032],[39.984954819000052,21.344111393000048]]},"properties":{"OBJECTID":714,"camp_label":"4/207","Transport_mode":"النقل التقليدي","Street_Camp_MIN":"شارع 207","MAKARF":"طريق الطائف - نفق الجامعة عرفات الأول - الدائري الأوسط","Street_Camp_ARF":"طريق 62","Street_MIN_Exit":"طريق الملك فهد (68 )","ASMARF":"الدائري الشرقي عرفات","ASM_CODE":"ASMARF1","block":"88B","camp_type":"حجاج الخارج","block_ARF":"88B","ARF_ZONE2":"ARF ZONE 13","_length":21992,"MAKARFT1":null,"ARF_IN":62,"ARF_OUT":62,"Shape_Length":0.059982649559312914}},{"type":"Feature","id":715,"geometry":{"type":"LineString","coordinates":[[39.94754269200007,21.33845289900006],[39.948252810000042,21.339560423000023],[39.948686590000079,21.339902104000032],[39.954370572000073,21.342254106000041],[39.958823771000027,21.339568923000058],[39.966452691000029,21.334973297000033],[39.967387416000065,21.334537778000026],[39.968147388000034,21.334252954000078],[39.968538309000053,21.334134651000056],[39.969056085000034,21.33399937400003],[39.969441184000061,21.333917002000078],[39.970409320000044,21.333797324000045],[39.971279505000041,21.333759134000047],[39.972151085000064,21.333794204000071],[39.973522413000069,21.333893175000071],[39.976147974000071,21.334090063000076],[39.977602365000052,21.334224284000072],[39.978620627000055,21.334361124000054],[39.981905452000035,21.334827834000066],[39.982791503000044,21.334956225000042],[39.984311742000045,21.335168384000042],[39.98066797000007,21.337850254000045],[39.979933780000067,21.338390607000065],[39.979351079000025,21.33881946200006],[39.976871491000054,21.340636515000028],[39.975453354000081,21.341676548000066],[39.974133824000035,21.342484467000077],[39.974341302000028,21.342779432000043],[39.974551963000067,21.343078922000075],[39.97485415500006,21.343516154000042],[39.974262069000076,21.343888933000073],[39.974286656000061,21.343931573000077]]},"properties":{"OBJECTID":715,"camp_label":"4/214","Transport_mode":"النقل التقليدي","Street_Camp_MIN":"شارع 214","MAKARF":"طريق الطائف - نفق الجامعة عرفات الأول - الدائري الأوسط","Street_Camp_ARF":"طريق 50","Street_MIN_Exit":"طريق الملك خالد - المعيصم","ASMARF":"الدائري الأوسط 83","ASM_CODE":"ASMARF1","block":"101D","camp_type":"حجاج الداخل","block_ARF":"101D","ARF_ZONE2":"ARF ZONE 7","_length":26421,"MAKARFT1":null,"ARF_IN":52,"ARF_OUT":56,"Shape_Length":0.05481495963066383}},{"type":"Feature","id":717,"geometry":{"type":"LineString","coordinates":[[39.967559644000062,21.327004457000044],[39.967578091000064,21.327037485000062],[39.967578537000065,21.327038283000036],[39.96770568800008,21.327282506000074],[39.967770659000053,21.327413711000077],[39.967832212000076,21.327544264000039],[39.96790502500005,21.327700284000059],[39.968117881000069,21.328196809000076],[39.968214207000074,21.328460520000078],[39.968280636000031,21.328653065000026],[39.968321539000044,21.328768767000042],[39.968383609000057,21.328967263000038],[39.968430871000066,21.329139271000031],[39.968458883000039,21.329258612000046],[39.968548708000071,21.329609178000055],[39.968561854000029,21.329674373000046],[39.96863191500006,21.329984139000032],[39.968701503000034,21.330313905000025],[39.969136646000038,21.332426045000034],[39.969177875000071,21.332632126000078],[39.969261667000069,21.333021962000032],[39.969363442000031,21.333523420000063],[39.969441184000061,21.333917002000078],[39.970409320000044,21.333797324000045],[39.971279505000041,21.333759134000047],[39.972151085000064,21.333794204000071],[39.973522413000069,21.333893175000071],[39.976147974000071,21.334090063000076],[39.977602365000052,21.334224284000072],[39.978620627000055,21.334361124000054],[39.981905452000035,21.334827834000066],[39.982791503000044,21.334956225000042],[39.984311742000045,21.335168384000042],[39.979933780000067,21.338390607000065],[39.980551090000063,21.338939160000052],[39.982152789000054,21.339092924000056],[39.983268733000045,21.339172331000043],[39.983280644000047,21.339174899000056],[39.983291929000075,21.339179297000044],[39.983302269000035,21.339185401000066],[39.983311375000028,21.339193039000065],[39.983318990000043,21.339201996000043],[39.983324898000035,21.339212020000048],[39.983328934000042,21.33922282900005],[39.98333098300003,21.339234118000036],[39.983336253000061,21.339275618000045],[39.983388011000045,21.339683267000055],[39.983426369000028,21.339921485000048],[39.983927467000058,21.33957143400005],[39.984598188000064,21.339243044000057],[39.984649253000043,21.339221081000062],[39.984702447000075,21.339204124000048],[39.984757212000034,21.339192349000029],[39.984812975000068,21.339185880000059],[39.984869151000055,21.339184785000043],[39.985240256000054,21.33915517500003],[39.985270160000027,21.339147833000027],[39.985298449000027,21.339136153000027],[39.985324410000032,21.339120430000037],[39.985347391000062,21.33910105800004],[39.985366814000031,21.339078525000048],[39.985382189000063,21.339053399000022],[39.98554030300005,21.338633550000054],[39.98556321600006,21.338578230000053],[39.985579865000034,21.33852097700003],[39.985590071000047,21.338462413000059],[39.985593722000033,21.338403172000028],[39.985590778000073,21.338343897000073],[39.985581273000037,21.338285229000064],[39.985543349000068,21.338081604000024],[39.985579378000068,21.338071686000035]]},"properties":{"OBJECTID":717,"camp_label":"4/506","Transport_mode":"النقل التقليدي","Street_Camp_MIN":"شارع 506","MAKARF":"طريق الطائف - جسر الجامعة عرفات الثاني - الدائري الشرقي","Street_Camp_ARF":"طريق 50","Street_MIN_Exit":"طريق الجوهرة 56 - الدائري الرابع","ASMARF":"الدائري الشرقي عرفات","ASM_CODE":"ASMARF2","block":"7-16","camp_type":"حجاج الخارج","block_ARF":"7-16","ARF_ZONE2":"","_length":18089,"MAKARFT1":null,"ARF_IN":null,"ARF_OUT":null,"Shape_Length":0.035176864762138826}},{"type":"Feature","id":718,"geometry":{"type":"LineString","coordinates":[[39.967559644000062,21.327004457000044],[39.967578091000064,21.327037485000062],[39.967578537000065,21.327038283000036],[39.96770568800008,21.327282506000074],[39.967770659000053,21.327413711000077],[39.967832212000076,21.327544264000039],[39.96790502500005,21.327700284000059],[39.968117881000069,21.328196809000076],[39.968214207000074,21.328460520000078],[39.968280636000031,21.328653065000026],[39.968321539000044,21.328768767000042],[39.968383609000057,21.328967263000038],[39.968430871000066,21.329139271000031],[39.968458883000039,21.329258612000046],[39.968548708000071,21.329609178000055],[39.968561854000029,21.329674373000046],[39.96863191500006,21.329984139000032],[39.968701503000034,21.330313905000025],[39.969136646000038,21.332426045000034],[39.969177875000071,21.332632126000078],[39.969261667000069,21.333021962000032],[39.969363442000031,21.333523420000063],[39.969441184000061,21.333917002000078],[39.970409320000044,21.333797324000045],[39.971279505000041,21.333759134000047],[39.972151085000064,21.333794204000071],[39.973522413000069,21.333893175000071],[39.976147974000071,21.334090063000076],[39.977602365000052,21.334224284000072],[39.978620627000055,21.334361124000054],[39.981905452000035,21.334827834000066],[39.982791503000044,21.334956225000042],[39.984311742000045,21.335168384000042],[39.988851198000077,21.335819235000031],[39.989595674000043,21.335976746000028],[39.98991333400005,21.33605964000003],[39.990074634000052,21.336108697000043],[39.990594525000063,21.336279122000064],[39.99105174400006,21.336456535000025],[39.991471697000065,21.336638142000027],[39.991485818000058,21.336645660000045],[39.991498000000036,21.336655000000064],[39.991509065000059,21.33666676100006],[39.991518000000042,21.336680000000058],[39.991524000000027,21.336694000000023],[39.991526958000065,21.336708759000032],[39.99152765000008,21.336723963000054],[39.991525610000053,21.336739059000024],[39.991520896000054,21.336753621000071],[39.991513640000051,21.336767235000025],[39.991504000000077,21.336780000000033],[39.991492396000069,21.336790116000032],[39.991479009000045,21.336798733000023],[39.990670257000033,21.337407892000044],[39.989441315000079,21.338335753000024],[39.989023000000032,21.338666000000046],[39.988744735000068,21.338897247000034],[39.988465451000025,21.339138481000077],[39.988013132000049,21.339550902000042],[39.987434000000064,21.340121000000067],[39.986482516000081,21.341149893000022],[39.98613415300008,21.341518133000022],[39.985331676000044,21.342329684000049],[39.984689682000067,21.342947012000025],[39.983672493000029,21.343868018000023],[39.983866916000068,21.343979111000067],[39.98406637800008,21.344100919000027],[39.984535313000038,21.344421497000042],[39.984995323000078,21.344164355000032],[39.985218000000032,21.344028000000037],[39.985734208000054,21.343706705000045],[39.985798000000045,21.343667000000039],[39.986675000000048,21.343147000000044],[39.986870000000067,21.343210000000056],[39.987128000000041,21.343610000000069],[39.987386000000072,21.343993000000069],[39.987401000000034,21.34402300000005],[39.987447576000079,21.343989771000054]]},"properties":{"OBJECTID":718,"camp_label":"4/518","Transport_mode":"النقل التقليدي","Street_Camp_MIN":"شارع 518","MAKARF":"طريق الطائف - جسر الجامعة عرفات الثاني - الدائري الشرقي","Street_Camp_ARF":"طريق 56","Street_MIN_Exit":"طريق الملك فهد (68 )","ASMARF":"الدائري الشرقي عرفات","ASM_CODE":"ASMARF2","block":"7-4","camp_type":"حجاج الخارج","block_ARF":"7-4","ARF_ZONE2":"ARF1","_length":22398,"MAKARFT1":null,"ARF_IN":null,"ARF_OUT":null,"Shape_Length":0.045001815877786754}},{"type":"Feature","id":719,"geometry":{"type":"LineString","coordinates":[[39.967559644000062,21.327004457000044],[39.967578091000064,21.327037485000062],[39.967578537000065,21.327038283000036],[39.96770568800008,21.327282506000074],[39.967770659000053,21.327413711000077],[39.967832212000076,21.327544264000039],[39.96790502500005,21.327700284000059],[39.968117881000069,21.328196809000076],[39.968214207000074,21.328460520000078],[39.968280636000031,21.328653065000026],[39.968321539000044,21.328768767000042],[39.968383609000057,21.328967263000038],[39.968430871000066,21.329139271000031],[39.968458883000039,21.329258612000046],[39.968548708000071,21.329609178000055],[39.968561854000029,21.329674373000046],[39.96863191500006,21.329984139000032],[39.968701503000034,21.330313905000025],[39.969136646000038,21.332426045000034],[39.969177875000071,21.332632126000078],[39.969261667000069,21.333021962000032],[39.969363442000031,21.333523420000063],[39.969441184000061,21.333917002000078],[39.970409320000044,21.333797324000045],[39.971279505000041,21.333759134000047],[39.972151085000064,21.333794204000071],[39.973522413000069,21.333893175000071],[39.976147974000071,21.334090063000076],[39.977602000000047,21.334224000000063],[39.978620627000055,21.334361124000054],[39.981905452000035,21.334827834000066],[39.982791503000044,21.334956225000042],[39.984311742000045,21.335168384000042],[39.988851198000077,21.335819235000031],[39.989595674000043,21.335976746000028],[39.98991333400005,21.33605964000003],[39.990074634000052,21.336108697000043],[39.990594525000063,21.336279122000064],[39.99105174400006,21.336456535000025],[39.991471697000065,21.336638142000027],[39.991485773000079,21.336645636000071],[39.991498393000029,21.336655290000067],[39.991509065000059,21.33666676100006],[39.991518000000042,21.336680000000058],[39.991524000000027,21.336694000000023],[39.991526958000065,21.336708759000032],[39.99152765000008,21.336723963000054],[39.991525610000053,21.336739059000024],[39.991520896000054,21.336753621000071],[39.991513640000051,21.336767235000025],[39.991504000000077,21.336780000000033],[39.991492396000069,21.336790116000032],[39.991479009000045,21.336798733000023],[39.989441315000079,21.338335753000024],[39.989023000000032,21.338666000000046],[39.988781688000074,21.33886601100005],[39.988465451000025,21.339138481000077],[39.988013132000049,21.339550902000042],[39.987434000000064,21.340121000000067],[39.987417828000048,21.340242019000073],[39.987450888000069,21.340354800000057],[39.98753182300004,21.340525072000048],[39.98765338000004,21.340780807000044],[39.987752000000057,21.341112000000066],[39.987778000000048,21.341403000000071],[39.98778346000006,21.341523842000072],[39.98775100000006,21.341998000000046],[39.987837254000056,21.342136793000066],[39.987910600000077,21.342255078000051],[39.987986969000076,21.342377700000043],[39.988035970000055,21.342343698000036]]},"properties":{"OBJECTID":719,"camp_label":"4/520","Transport_mode":"النقل التقليدي","Street_Camp_MIN":"شارع 520","MAKARF":"طريق الطائف - جسر الجامعة عرفات الثاني - الدائري الشرقي","Street_Camp_ARF":"طريق 56","Street_MIN_Exit":"طريق الملك فهد (68 )","ASMARF":"الدائري الشرقي عرفات","ASM_CODE":"ASMARF2","block":"8-6","camp_type":"حجاج الخارج","block_ARF":"8-6","ARF_ZONE2":"","_length":21638,"MAKARFT1":null,"ARF_IN":null,"ARF_OUT":null,"Shape_Length":0.037391324683065594}},{"type":"Feature","id":720,"geometry":{"type":"LineString","coordinates":[[39.967559644000062,21.327004457000044],[39.967578091000064,21.327037485000062],[39.967578537000065,21.327038283000036],[39.96770568800008,21.327282506000074],[39.967770659000053,21.327413711000077],[39.967832212000076,21.327544264000039],[39.96790502500005,21.327700284000059],[39.968117881000069,21.328196809000076],[39.968214207000074,21.328460520000078],[39.968280636000031,21.328653065000026],[39.968321539000044,21.328768767000042],[39.968383609000057,21.328967263000038],[39.968430871000066,21.329139271000031],[39.968458883000039,21.329258612000046],[39.968548708000071,21.329609178000055],[39.968561854000029,21.329674373000046],[39.96863191500006,21.329984139000032],[39.968701503000034,21.330313905000025],[39.969136646000038,21.332426045000034],[39.969177875000071,21.332632126000078],[39.969261667000069,21.333021962000032],[39.969363442000031,21.333523420000063],[39.969441184000061,21.333917002000078],[39.970409320000044,21.333797324000045],[39.971279505000041,21.333759134000047],[39.972151085000064,21.333794204000071],[39.973522413000069,21.333893175000071],[39.976147974000071,21.334090063000076],[39.977602000000047,21.334224000000063],[39.978620627000055,21.334361124000054],[39.981905452000035,21.334827834000066],[39.982791503000044,21.334956225000042],[39.984311742000045,21.335168384000042],[39.988851198000077,21.335819235000031],[39.989595674000043,21.335976746000028],[39.98991333400005,21.33605964000003],[39.990074634000052,21.336108697000043],[39.990594525000063,21.336279122000064],[39.99105174400006,21.336456535000025],[39.991601720000062,21.336694369000043],[39.991792514000053,21.33678833700003],[39.992352289000053,21.337088574000063],[39.992804592000027,21.337365677000037],[39.99309629000004,21.337567412000055],[39.993452297000033,21.337824367000053],[39.994206700000063,21.33846101000006],[39.994472922000057,21.338717325000061],[39.994792016000076,21.339050093000026],[39.995042147000049,21.339336876000061],[39.995392021000043,21.339778528000068],[39.995651810000027,21.34014140000005],[39.995532057000048,21.340210543000069],[39.993757089000042,21.341235365000045],[39.990046323000058,21.343386097000064],[39.98979298900008,21.343533742000034],[39.989745725000034,21.343543143000034],[39.989705615000048,21.343536283000049],[39.989670889000024,21.343521569000075],[39.989638294000031,21.343498028000056],[39.989595000000065,21.343424000000027],[39.989556612000058,21.343356074000042],[39.989507929000069,21.34330135600004],[39.989431411000055,21.343247793000046],[39.989317328000027,21.343183796000062],[39.98913826200004,21.343103005000046],[39.989078000000063,21.343084000000033],[39.989029000000073,21.343076000000053],[39.988978000000031,21.343075000000056],[39.988928000000044,21.343080000000043],[39.988719787000036,21.343146232000038],[39.988671507000049,21.343152110000062],[39.988628000000062,21.343152000000032],[39.98859600000003,21.343148000000042],[39.988566000000048,21.343138000000067],[39.988537000000065,21.343124000000046],[39.988512000000071,21.343106000000034],[39.98849000000007,21.343085000000031],[39.988472000000058,21.343060000000037],[39.988242860000071,21.342751020000037],[39.988319000000047,21.342701000000034],[39.989445000000046,21.342030000000022],[39.988974395000071,21.341490800000031],[39.988679282000078,21.341535450000038],[39.988664000000028,21.341539000000068],[39.98864100000003,21.341540000000066],[39.988619000000028,21.341539000000068],[39.988594000000035,21.341532000000029],[39.988577000000078,21.341524000000049],[39.988558000000069,21.341513000000077],[39.988542000000052,21.341498000000058],[39.988529000000028,21.341481000000044],[39.988518326000076,21.341461444000061],[39.988511998000035,21.341441871000029],[39.988509167000075,21.341421592000074],[39.988416292000068,21.341114665000077],[39.988419000000079,21.341053000000045],[39.988428000000056,21.340992000000028],[39.988443000000075,21.340932000000066],[39.988465332000033,21.340873719000058],[39.988603105000038,21.340938956000059]]},"properties":{"OBJECTID":720,"camp_label":"4/524","Transport_mode":"النقل التقليدي","Street_Camp_MIN":"شارع 524","MAKARF":"طريق الطائف - جسر الجامعة عرفات الثاني - الدائري الشرقي","Street_Camp_ARF":"طريق 56","Street_MIN_Exit":"طريق الملك فهد (68 )","ASMARF":"الدائري الشرقي عرفات","ASM_CODE":"ASMARF2","block":"8-4","camp_type":"حجاج الخارج","block_ARF":"8-4","ARF_ZONE2":"","_length":21495,"MAKARFT1":null,"ARF_IN":null,"ARF_OUT":null,"Shape_Length":0.047080777389450164}},{"type":"Feature","id":721,"geometry":{"type":"LineString","coordinates":[[39.967559644000062,21.327004457000044],[39.967578091000064,21.327037485000062],[39.967578537000065,21.327038283000036],[39.96770568800008,21.327282506000074],[39.967770659000053,21.327413711000077],[39.967832212000076,21.327544264000039],[39.96790502500005,21.327700284000059],[39.968117881000069,21.328196809000076],[39.968214207000074,21.328460520000078],[39.968280636000031,21.328653065000026],[39.968321539000044,21.328768767000042],[39.968383609000057,21.328967263000038],[39.968430871000066,21.329139271000031],[39.968458883000039,21.329258612000046],[39.968548708000071,21.329609178000055],[39.968561854000029,21.329674373000046],[39.96863191500006,21.329984139000032],[39.968701503000034,21.330313905000025],[39.969136646000038,21.332426045000034],[39.969177875000071,21.332632126000078],[39.969261667000069,21.333021962000032],[39.969363442000031,21.333523420000063],[39.969441184000061,21.333917002000078],[39.970409320000044,21.333797324000045],[39.971279505000041,21.333759134000047],[39.972151085000064,21.333794204000071],[39.973522413000069,21.333893175000071],[39.976147974000071,21.334090063000076],[39.977602000000047,21.334224000000063],[39.978620627000055,21.334361124000054],[39.981905452000035,21.334827834000066],[39.982791503000044,21.334956225000042],[39.984311742000045,21.335168384000042],[39.988851198000077,21.335819235000031],[39.989595674000043,21.335976746000028],[39.98991333400005,21.33605964000003],[39.990074634000052,21.336108697000043],[39.990594525000063,21.336279122000064],[39.99105174400006,21.336456535000025],[39.991601720000062,21.336694369000043],[39.991792514000053,21.33678833700003],[39.992352289000053,21.337088574000063],[39.992804592000027,21.337365677000037],[39.99309629000004,21.337567412000055],[39.993452297000033,21.337824367000053],[39.994206700000063,21.33846101000006],[39.994472922000057,21.338717325000061],[39.994792016000076,21.339050093000026],[39.995042147000049,21.339336876000061],[39.995392021000043,21.339778528000068],[39.995651810000027,21.34014140000005],[39.995958320000057,21.34061009900006],[39.996381353000061,21.341357596000023],[39.996698020000053,21.342059065000058],[39.996976540000048,21.342841210000074],[39.997211230000062,21.34376932400005],[39.997339835000048,21.344604835000041],[39.997333322000031,21.344615608000026],[39.997325026000055,21.344625246000078],[39.997315169000046,21.34463349300006],[39.997304012000029,21.344640128000037],[39.997291852000046,21.34464497700003],[39.997279012000035,21.344647909000059],[39.997265835000064,21.344648848000077],[39.99725267000008,21.344647767000026],[39.997239867000076,21.344644696000046],[39.997227768000073,21.344639716000074],[39.997216693000041,21.344632960000069],[39.997206938000033,21.344624607000071],[39.997198762000039,21.344614881000041],[39.997192382000037,21.344604038000057],[39.997187968000048,21.344592368000065],[39.997168473000045,21.344367563000048],[39.99714276900005,21.344153009000024],[39.99714146000008,21.344143442000075],[39.997109395000052,21.343934512000033],[39.997071676000076,21.343733480000026],[39.99695633500005,21.343248397000025],[39.996838738000065,21.342873351000037],[39.996826707000025,21.342853782000077],[39.996811488000048,21.342836270000078],[39.996793472000036,21.342821265000055],[39.996772685000053,21.342808985000033],[39.996749004000037,21.342799796000065],[39.996727582000062,21.342794791000074],[39.996703561000061,21.342792905000067],[39.996679528000072,21.342794646000073],[39.996656102000031,21.342799969000055],[39.996513042000061,21.342857398000035],[39.996466259000044,21.342876237000041],[39.994440737000048,21.344096795000041],[39.993891751000035,21.344428521000054],[39.993870086000072,21.344399793000036]]},"properties":{"OBJECTID":721,"camp_label":"4/529","Transport_mode":"النقل التقليدي","Street_Camp_MIN":"شارع 529","MAKARF":"طريق الطائف - جسر الجامعة عرفات الثاني - الدائري الشرقي","Street_Camp_ARF":"طريق 62","Street_MIN_Exit":"طريق الملك فهد (68 )","ASMARF":"الدائري الشرقي عرفات","ASM_CODE":"ASMARF2","block":"8-10","camp_type":"حجاج الخارج","block_ARF":"8-10","ARF_ZONE2":"","_length":21902,"MAKARFT1":null,"ARF_IN":null,"ARF_OUT":null,"Shape_Length":0.045252172830296207}},{"type":"Feature","id":722,"geometry":{"type":"LineString","coordinates":[[39.94754269200007,21.33845289900006],[39.948252810000042,21.339560423000023],[39.948686590000079,21.339902104000032],[39.95437045500006,21.342254175000051],[39.958823771000027,21.339568923000058],[39.959026325000025,21.339603667000063],[39.959897492000039,21.33975309300007],[39.960990657000025,21.339927552000063],[39.962083822000068,21.340102003000027],[39.963354236000043,21.340281783000023],[39.964165537000042,21.340402728000072],[39.965538207000066,21.340588467000032],[39.969332081000061,21.341166655000052],[39.969949754000027,21.341233893000037],[39.97196415500008,21.341398955000045],[39.975204524000048,21.341657407000071],[39.977501105000044,21.34183405400006],[39.978269431000058,21.341953748000037],[39.978568372000041,21.342023475000076],[39.978856646000054,21.342096298000058],[39.979147801000067,21.342175668000039],[39.979437493000034,21.342260158000045],[39.979725253000026,21.342350003000035],[39.980011092000041,21.342445079000072],[39.980294342000036,21.342544596000039],[39.98056482100003,21.342647576000047],[39.980611383000053,21.342665155000077],[39.98089477700006,21.342778332000023],[39.981829549000054,21.343133895000051],[39.983458300000052,21.343753415000037],[39.983664668000074,21.343863542000065],[39.983672493000029,21.343868018000023],[39.983554537000032,21.343970657000057],[39.982842434000077,21.344505535000053],[39.98237242600004,21.344858569000053],[39.979889797000055,21.346423507000054],[39.974126443000046,21.350098937000041],[39.974682309000059,21.350898655000037],[39.974753428000042,21.35084764100003]]},"properties":{"OBJECTID":722,"camp_label":"4/530","Transport_mode":"النقل التقليدي","Street_Camp_MIN":"شارع 530","MAKARF":"طريق الطائف - نفق الجامعة عرفات الأول - الدائري الأوسط","Street_Camp_ARF":"طريق 54","Street_MIN_Exit":"طريق الملك فهد (68 )","ASMARF":"الدائري الاوسط 83","ASM_CODE":"ASMARF1","block":"8-2","camp_type":"حجاج الخارج","block_ARF":"8-2","ARF_ZONE2":"ARF ZONE 2","_length":21093,"MAKARFT1":null,"ARF_IN":50,"ARF_OUT":56,"Shape_Length":0.051030315580643491}},{"type":"Feature","id":723,"geometry":{"type":"LineString","coordinates":[[39.967559644000062,21.327004457000044],[39.967578091000064,21.327037485000062],[39.967578537000065,21.327038283000036],[39.96770568800008,21.327282506000074],[39.967770659000053,21.327413711000077],[39.967832212000076,21.327544264000039],[39.96790502500005,21.327700284000059],[39.968117881000069,21.328196809000076],[39.968214207000074,21.328460520000078],[39.968280636000031,21.328653065000026],[39.968321539000044,21.328768767000042],[39.968383609000057,21.328967263000038],[39.968430871000066,21.329139271000031],[39.968458883000039,21.329258612000046],[39.968548708000071,21.329609178000055],[39.968561854000029,21.329674373000046],[39.96863191500006,21.329984139000032],[39.968701503000034,21.330313905000025],[39.969136646000038,21.332426045000034],[39.969177875000071,21.332632126000078],[39.969261667000069,21.333021962000032],[39.969363442000031,21.333523420000063],[39.969441184000061,21.333917002000078],[39.970409320000044,21.333797324000045],[39.971279505000041,21.333759134000047],[39.972151085000064,21.333794204000071],[39.973522413000069,21.333893175000071],[39.976147974000071,21.334090063000076],[39.977602365000052,21.334224284000072],[39.978620627000055,21.334361124000054],[39.979497907000052,21.334478962000048],[39.981905452000035,21.334827834000066],[39.982791503000044,21.334956225000042],[39.984311742000045,21.335168384000042],[39.988851198000077,21.335819235000031],[39.989595674000043,21.335976746000028],[39.98991333400005,21.33605964000003],[39.990074634000052,21.336108697000043],[39.990594525000063,21.336279122000064],[39.99105174400006,21.336456535000025],[39.991471697000065,21.336638142000027],[39.991485818000058,21.336645660000045],[39.991498393000029,21.336655290000067],[39.991509065000059,21.33666676100006],[39.991518000000042,21.336680000000058],[39.991524000000027,21.336694000000023],[39.991526958000065,21.336708759000032],[39.99152765000008,21.336723963000054],[39.991525610000053,21.336739059000024],[39.991520896000054,21.336753621000071],[39.991513640000051,21.336767235000025],[39.99150405000006,21.336779516000036],[39.991492396000069,21.336790116000032],[39.991479009000045,21.336798733000023],[39.989589453000065,21.338221947000022],[39.989303191000033,21.338441866000039],[39.989046706000067,21.33864668700005],[39.988744575000055,21.338897084000052],[39.988472431000048,21.339132212000038],[39.988205200000039,21.339372234000052],[39.98794298100006,21.339617063000048],[39.987685873000032,21.339866604000065],[39.987434000000064,21.340121000000067],[39.98719189500008,21.340374422000025],[39.986825655000075,21.340777374000027],[39.986482516000081,21.341149893000022],[39.98613415300008,21.341518133000022],[39.985780625000075,21.341882027000054],[39.985421996000071,21.342241514000023],[39.985058327000047,21.342596529000048],[39.984689682000067,21.342947012000025],[39.984316125000078,21.343292901000041],[39.983937721000075,21.343634136000048],[39.983672594000041,21.343867923000062],[39.983554537000032,21.343970657000057],[39.982372369000075,21.344858612000053],[39.978670087000069,21.347191870000074],[39.976247345000047,21.348747720000063],[39.972563793000063,21.351094461000059],[39.971912041000053,21.350131778000048],[39.971870005000028,21.350155861000076]]},"properties":{"OBJECTID":723,"camp_label":"45/68","Transport_mode":"النقل التقليدي","Street_Camp_MIN":"شارع 68","MAKARF":"طريق الطائف - جسر الجامعة عرفات الثاني - الدائري الشرقي","Street_Camp_ARF":"طريق 54","Street_MIN_Exit":"طريق الملك فهد (68 )","ASMARF":"الدائري الشرقي عرفات","ASM_CODE":"ASMARF2","block":"88B","camp_type":"حجاج الخارج","block_ARF":"88B","ARF_ZONE2":"ARF2","_length":22934,"MAKARFT1":null,"ARF_IN":null,"ARF_OUT":null,"Shape_Length":0.054721053479309938}},{"type":"Feature","id":724,"geometry":{"type":"LineString","coordinates":[[39.94754269200007,21.33845289900006],[39.948252810000042,21.339560423000023],[39.948686590000079,21.339902104000032],[39.954370572000073,21.342254106000041],[39.958823771000027,21.339568923000058],[39.966452691000029,21.334973297000033],[39.967387416000065,21.334537778000026],[39.968147388000034,21.334252954000078],[39.968538309000053,21.334134651000056],[39.969056085000034,21.33399937400003],[39.969441184000061,21.333917002000078],[39.970409320000044,21.333797324000045],[39.971279505000041,21.333759134000047],[39.972151085000064,21.333794204000071],[39.973522413000069,21.333893175000071],[39.976147974000071,21.334090063000076],[39.977602365000052,21.334224284000072],[39.978620627000055,21.334361124000054],[39.979497907000052,21.334478962000048],[39.981905452000035,21.334827834000066],[39.982791503000044,21.334956225000042],[39.984311742000045,21.335168384000042],[39.979933780000067,21.338390607000065],[39.975453354000081,21.341676548000066],[39.976811903000055,21.341781043000026],[39.977501105000044,21.34183405400006],[39.978269431000058,21.341953748000037],[39.978296163000039,21.341959276000068],[39.978568372000041,21.342023475000076],[39.978604033000067,21.342032188000076],[39.979147801000067,21.342175668000039],[39.979437382000071,21.342260124000063],[39.979670416000033,21.342332696000028],[39.980037676000052,21.342454736000036],[39.980294342000036,21.342544596000039],[39.98056482100003,21.342647576000047],[39.980611383000053,21.342665155000077],[39.98089477700006,21.342778332000023],[39.981829549000054,21.343133895000051],[39.981841489000033,21.343160773000022],[39.981848351000053,21.343189168000038],[39.981849934000024,21.343218243000024],[39.981846190000056,21.343247145000078],[39.981837229000064,21.343275021000068],[39.981823316000032,21.343301053000062],[39.981804860000068,21.343324476000078],[39.981782403000068,21.343344598000044],[39.981756606000033,21.343360830000051],[39.980971726000064,21.343834104000052],[39.980936499000052,21.343855345000065],[39.980857339000067,21.343748750000032]]},"properties":{"OBJECTID":724,"camp_label":"48/68","Transport_mode":"النقل التقليدي","Street_Camp_MIN":"شارع 68","MAKARF":"طريق الطائف - نفق الجامعة عرفات الأول - الدائري الأوسط","Street_Camp_ARF":"طريق 54","Street_MIN_Exit":"طريق الملك فهد (68 )","ASMARF":"الدائري الشرقي عرفات","ASM_CODE":"ASMARF1","block":"88B","camp_type":"حجاج الخارج","block_ARF":"88B","ARF_ZONE2":"ARF2","_length":22696,"MAKARFT1":null,"ARF_IN":null,"ARF_OUT":null,"Shape_Length":0.059203756397622403}},{"type":"Feature","id":725,"geometry":{"type":"LineString","coordinates":[[39.94754269200007,21.33845289900006],[39.948252810000042,21.339560423000023],[39.948686590000079,21.339902104000032],[39.954370572000073,21.342254106000041],[39.958823771000027,21.339568923000058],[39.966452691000029,21.334973297000033],[39.967387416000065,21.334537778000026],[39.968147388000034,21.334252954000078],[39.968538309000053,21.334134651000056],[39.969056085000034,21.33399937400003],[39.969441184000061,21.333917002000078],[39.970409320000044,21.333797324000045],[39.971279505000041,21.333759134000047],[39.972151085000064,21.333794204000071],[39.973522413000069,21.333893175000071],[39.976147974000071,21.334090063000076],[39.977602365000052,21.334224284000072],[39.978620627000055,21.334361124000054],[39.979497907000052,21.334478962000048],[39.981905452000035,21.334827834000066],[39.982791503000044,21.334956225000042],[39.984311742000045,21.335168384000042],[39.988851198000077,21.335819235000031],[39.989595674000043,21.335976746000028],[39.98991333400005,21.33605964000003],[39.990074634000052,21.336108697000043],[39.990594525000063,21.336279122000064],[39.99105174400006,21.336456535000025],[39.991471697000065,21.336638142000027],[39.991485818000058,21.336645660000045],[39.991498393000029,21.336655290000067],[39.991509065000059,21.33666676100006],[39.991518000000042,21.336680000000058],[39.991524000000027,21.336694000000023],[39.991526958000065,21.336708759000032],[39.99152765000008,21.336723963000054],[39.991525610000053,21.336739059000024],[39.991520896000054,21.336753621000071],[39.991513640000051,21.336767235000025],[39.99150405000006,21.336779516000036],[39.991492396000069,21.336790116000032],[39.991479009000045,21.336798733000023],[39.989589453000065,21.338221947000022],[39.989303191000033,21.338441866000039],[39.989046706000067,21.33864668700005],[39.988744575000055,21.338897084000052],[39.988472431000048,21.339132212000038],[39.988205200000039,21.339372234000052],[39.98794298100006,21.339617063000048],[39.987685873000032,21.339866604000065],[39.987434000000064,21.340121000000067],[39.98719189500008,21.340374422000025],[39.987008976000027,21.34079071900004],[39.986810873000024,21.341343572000028],[39.986599505000072,21.342074883000066],[39.98659209200008,21.342329155000073],[39.986606918000064,21.342386978000036],[39.986705513000061,21.342551550000053],[39.986738844000058,21.342603299000075],[39.986726206000071,21.342613929000038]]},"properties":{"OBJECTID":725,"camp_label":"50/68","Transport_mode":"النقل التقليدي","Street_Camp_MIN":"شارع 68","MAKARF":"طريق الطائف - نفق الجامعة عرفات الأول - الدائري الأوسط","Street_Camp_ARF":"طريق 52","Street_MIN_Exit":"طريق الملك فهد (68 )","ASMARF":"الدائري الشرقي عرفات","ASM_CODE":"ASMARF1","block":"88B","camp_type":"حجاج الخارج","block_ARF":"88B","ARF_ZONE2":"ARF1","_length":22699,"MAKARFT1":null,"ARF_IN":null,"ARF_OUT":null,"Shape_Length":0.055788245558759011}},{"type":"Feature","id":726,"geometry":{"type":"LineString","coordinates":[[39.94754269200007,21.33845289900006],[39.948252810000042,21.339560423000023],[39.948686590000079,21.339902104000032],[39.95437045500006,21.342254175000051],[39.958823771000027,21.339568923000058],[39.966452691000029,21.334973297000033],[39.967387416000065,21.334537778000026],[39.968147388000034,21.334252954000078],[39.968538309000053,21.334134651000056],[39.969056085000034,21.33399937400003],[39.969441184000061,21.333917002000078],[39.970409320000044,21.333797324000045],[39.971279505000041,21.333759134000047],[39.972151085000064,21.333794204000071],[39.973522413000069,21.333893175000071],[39.976147974000071,21.334090063000076],[39.977602365000052,21.334224284000072],[39.978620627000055,21.334361124000054],[39.979497907000052,21.334478962000048],[39.981905452000035,21.334827834000066],[39.982791503000044,21.334956225000042],[39.984311742000045,21.335168384000042],[39.979933780000067,21.338390607000065],[39.975453354000081,21.341676548000066],[39.975926350000066,21.341712932000064],[39.976439490000075,21.341752588000077],[39.976811903000055,21.341781043000026],[39.976993002000029,21.341794974000038],[39.977501105000044,21.34183405400006],[39.978269431000058,21.341953748000037],[39.978296163000039,21.341959276000068],[39.978568372000041,21.342023475000076],[39.979147775000058,21.342175660000066],[39.979437493000034,21.342260158000045],[39.979595509000035,21.342309056000033],[39.980037676000052,21.342454736000036],[39.980294342000036,21.342544596000039],[39.98056482100003,21.342647576000047],[39.980611383000053,21.342665155000077],[39.98089477700006,21.342778332000023],[39.981829549000054,21.343133895000051],[39.981841489000033,21.343160773000022],[39.981848351000053,21.343189168000038],[39.981849934000024,21.343218243000024],[39.981846190000056,21.343247145000078],[39.981837229000064,21.343275021000068],[39.981823316000032,21.343301053000062],[39.981804860000068,21.343324476000078],[39.981782403000068,21.343344598000044],[39.981756606000033,21.343360830000051],[39.980971726000064,21.343834104000052],[39.978218595000044,21.345494209000037],[39.978119506000041,21.345346132000032]]},"properties":{"OBJECTID":726,"camp_label":"51/68","Transport_mode":"النقل التقليدي","Street_Camp_MIN":"شارع 68","MAKARF":"طريق الطائف - نفق الجامعة عرفات الأول - الدائري الأوسط","Street_Camp_ARF":"شارع 54","Street_MIN_Exit":"طريق الملك فهد (68 )","ASMARF":"الدائري الشرقي عرفات","ASM_CODE":"ASMARF1","block":"89","camp_type":"حجاج الخارج","block_ARF":"89","ARF_ZONE2":"ARF2","_length":21847,"MAKARFT1":null,"ARF_IN":null,"ARF_OUT":null,"Shape_Length":0.062422976798987596}},{"type":"Feature","id":727,"geometry":{"type":"LineString","coordinates":[[39.94754269200007,21.33845289900006],[39.948252810000042,21.339560423000023],[39.948686590000079,21.339902104000032],[39.954370572000073,21.342254106000041],[39.958823771000027,21.339568923000058],[39.966452691000029,21.334973297000033],[39.967387416000065,21.334537778000026],[39.968147388000034,21.334252954000078],[39.968538309000053,21.334134651000056],[39.969056085000034,21.33399937400003],[39.969441184000061,21.333917002000078],[39.970409320000044,21.333797324000045],[39.971279505000041,21.333759134000047],[39.972151085000064,21.333794204000071],[39.973522413000069,21.333893175000071],[39.976147974000071,21.334090063000076],[39.977602365000052,21.334224284000072],[39.978620627000055,21.334361124000054],[39.979497907000052,21.334478962000048],[39.981905452000035,21.334827834000066],[39.982791503000044,21.334956225000042],[39.984311742000045,21.335168384000042],[39.986139184000081,21.335430412000051],[39.987352570000041,21.335604381000053],[39.988851198000077,21.335819235000031],[39.989595674000043,21.335976746000028],[39.98991333400005,21.33605964000003],[39.990074634000052,21.336108697000043],[39.990595000000042,21.336279000000047],[39.99105174400006,21.336456535000025],[39.991471697000065,21.336638142000027],[39.991485773000079,21.336645636000071],[39.991498000000036,21.336655000000064],[39.991509065000059,21.33666676100006],[39.991518000000042,21.336680000000058],[39.991524000000027,21.336694000000023],[39.991527000000076,21.336709000000042],[39.99152765000008,21.336723963000054],[39.991525610000053,21.336739059000024],[39.991520896000054,21.336753621000071],[39.991513640000051,21.336767235000025],[39.991504000000077,21.336780000000033],[39.991492396000069,21.336790116000032],[39.991479009000045,21.336798733000023],[39.989589453000065,21.338221947000022],[39.989303191000033,21.338441866000039],[39.989046706000067,21.33864668700005],[39.988781688000074,21.33886601100005],[39.988744575000055,21.338897084000052],[39.988472431000048,21.339132212000038],[39.988205200000039,21.339372234000052],[39.988013132000049,21.339550902000042],[39.98794298100006,21.339617063000048],[39.987766069000031,21.339787913000066],[39.987685873000032,21.339866604000065],[39.987434000000064,21.340121000000067],[39.987417828000048,21.340242019000073],[39.987450888000069,21.340354800000057],[39.98753182300004,21.340525072000048],[39.98765338000004,21.340780807000044],[39.987752000000057,21.341112000000066],[39.98777786900007,21.34140261400006],[39.98778346000006,21.341523842000072],[39.987731003000079,21.341522484000052]]},"properties":{"OBJECTID":727,"camp_label":"52/68","Transport_mode":"النقل التقليدي","Street_Camp_MIN":"شارع 68","MAKARF":"طريق الطائف - نفق الجامعة عرفات الأول - الدائري الأوسط","Street_Camp_ARF":"طريق 52","Street_MIN_Exit":"طريق الملك فهد (68 )","ASMARF":"الدائري الأوسط 83","ASM_CODE":"ASMARF1","block":"88A","camp_type":"حجاج الخارج","block_ARF":"88A","ARF_ZONE2":"ARF ZONE 7","_length":21954,"MAKARFT1":null,"ARF_IN":56,"ARF_OUT":56,"Shape_Length":0.054573077366625186}},{"type":"Feature","id":728,"geometry":{"type":"LineString","coordinates":[[39.94754269200007,21.33845289900006],[39.948252810000042,21.339560423000023],[39.948686590000079,21.339902104000032],[39.954370572000073,21.342254106000041],[39.958823771000027,21.339568923000058],[39.966452691000029,21.334973297000033],[39.967387416000065,21.334537778000026],[39.968147388000034,21.334252954000078],[39.968538309000053,21.334134651000056],[39.969056085000034,21.33399937400003],[39.969441184000061,21.333917002000078],[39.970409320000044,21.333797324000045],[39.971279505000041,21.333759134000047],[39.972151085000064,21.333794204000071],[39.973522413000069,21.333893175000071],[39.976147974000071,21.334090063000076],[39.977602365000052,21.334224284000072],[39.978620627000055,21.334361124000054],[39.979497907000052,21.334478962000048],[39.981905452000035,21.334827834000066],[39.982791503000044,21.334956225000042],[39.984311742000045,21.335168384000042],[39.979933780000067,21.338390607000065],[39.975453000000073,21.341677000000061],[39.975926350000066,21.341712932000064],[39.976811903000055,21.341781043000026],[39.977327169000034,21.341820677000044],[39.977501105000044,21.34183405400006],[39.978269431000058,21.341953748000037],[39.978568372000041,21.342023475000076],[39.979147801000067,21.342175668000039],[39.979161524000062,21.342179549000036],[39.979455501000075,21.342265836000024],[39.979609008000068,21.342313316000059],[39.980037676000052,21.342454736000036],[39.980294342000036,21.342544596000039],[39.98056482100003,21.342647576000047],[39.980611383000053,21.342665155000077],[39.98089477700006,21.342778332000023],[39.981829549000054,21.343133895000051],[39.981841489000033,21.343160773000022],[39.981848351000053,21.343189168000038],[39.981849934000024,21.343218243000024],[39.981846190000056,21.343247145000078],[39.981837229000064,21.343275021000068],[39.981823316000032,21.343301053000062],[39.981804860000068,21.343324476000078],[39.981782403000068,21.343344598000044],[39.981756606000033,21.343360830000051],[39.980936499000052,21.343855345000065],[39.979180473000042,21.344914208000034],[39.979081950000079,21.344768802000033]]},"properties":{"OBJECTID":728,"camp_label":"53/68","Transport_mode":"النقل التقليدي","Street_Camp_MIN":"شارع 68","MAKARF":"طريق الطائف - نفق الجامعة عرفات الأول - الدائري الأوسط","Street_Camp_ARF":"شارع 54","Street_MIN_Exit":"طريق الملك فهد (68 )","ASMARF":"الدائري الشرقي عرفات","ASM_CODE":"ASMARF1","block":"89","camp_type":"حجاج الخارج","block_ARF":"89","ARF_ZONE2":"","_length":22253,"MAKARFT1":null,"ARF_IN":null,"ARF_OUT":null,"Shape_Length":0.061298036055136132}},{"type":"Feature","id":729,"geometry":{"type":"LineString","coordinates":[[39.94754269200007,21.33845289900006],[39.948252810000042,21.339560423000023],[39.948686590000079,21.339902104000032],[39.954370572000073,21.342254106000041],[39.958823771000027,21.339568923000058],[39.966452691000029,21.334973297000033],[39.967387416000065,21.334537778000026],[39.968147388000034,21.334252954000078],[39.968538309000053,21.334134651000056],[39.969056085000034,21.33399937400003],[39.969441184000061,21.333917002000078],[39.970409320000044,21.333797324000045],[39.971279505000041,21.333759134000047],[39.972151085000064,21.333794204000071],[39.973522413000069,21.333893175000071],[39.976147974000071,21.334090063000076],[39.977602365000052,21.334224284000072],[39.978620627000055,21.334361124000054],[39.979497907000052,21.334478962000048],[39.981905452000035,21.334827834000066],[39.982791503000044,21.334956225000042],[39.984311742000045,21.335168384000042],[39.987352570000041,21.335604381000053],[39.988851000000068,21.335819000000072],[39.989595674000043,21.335976746000028],[39.98991333400005,21.33605964000003],[39.990074634000052,21.336108697000043],[39.990595000000042,21.336279000000047],[39.99105174400006,21.336456535000025],[39.991471697000065,21.336638142000027],[39.991485818000058,21.336645660000045],[39.991498393000029,21.336655290000067],[39.991509065000059,21.33666676100006],[39.991518000000042,21.336680000000058],[39.991524000000027,21.336694000000023],[39.991527000000076,21.336709000000042],[39.99152765000008,21.336723963000054],[39.991525610000053,21.336739059000024],[39.991520896000054,21.336753621000071],[39.991513640000051,21.336767235000025],[39.991504000000077,21.336780000000033],[39.991492396000069,21.336790116000032],[39.991479009000045,21.336798733000023],[39.990670257000033,21.337407892000044],[39.989589453000065,21.338221947000022],[39.989303191000033,21.338441866000039],[39.989046706000067,21.33864668700005],[39.988744575000055,21.338897084000052],[39.988205200000039,21.339372234000052],[39.988013132000049,21.339550902000042],[39.98794298100006,21.339617063000048],[39.987766069000031,21.339787913000066],[39.987685873000032,21.339866604000065],[39.987434000000064,21.340121000000067],[39.987417828000048,21.340242019000073],[39.987450888000069,21.340354800000057],[39.98753182300004,21.340525072000048],[39.98765338000004,21.340780807000044],[39.987751819000039,21.341112310000028],[39.98777786900007,21.34140261400006],[39.98778346000006,21.341523842000072],[39.98775100000006,21.341998000000046],[39.987910600000077,21.342255078000051],[39.98787442400004,21.342278619000069]]},"properties":{"OBJECTID":729,"camp_label":"54/68","Transport_mode":"النقل التقليدي","Street_Camp_MIN":"شارع 68","MAKARF":"طريق الطائف - نفق الجامعة عرفات الأول - الدائري الأوسط","Street_Camp_ARF":"طريق 52","Street_MIN_Exit":"طريق الملك فهد (68 )","ASMARF":"الدائري الأوسط 83","ASM_CODE":"ASMARF1","block":"88A","camp_type":"حجاج الخارج","block_ARF":"88A","ARF_ZONE2":"ARF ZONE 9","_length":21978,"MAKARFT1":null,"ARF_IN":62,"ARF_OUT":62,"Shape_Length":0.055341563284233099}},{"type":"Feature","id":730,"geometry":{"type":"LineString","coordinates":[[39.94754269200007,21.33845289900006],[39.948252810000042,21.339560423000023],[39.948686590000079,21.339902104000032],[39.954370572000073,21.342254106000041],[39.958823771000027,21.339568923000058],[39.959026325000025,21.339603667000063],[39.959897492000039,21.33975309300007],[39.960990657000025,21.339927552000063],[39.962083822000068,21.340102003000027],[39.963354236000043,21.340281783000023],[39.964165537000042,21.340402728000072],[39.965538207000066,21.340588467000032],[39.969332081000061,21.341166655000052],[39.969949754000027,21.341233893000037],[39.97196415500008,21.341398955000045],[39.975204524000048,21.341657407000071],[39.977501105000044,21.34183405400006],[39.978269431000058,21.341953748000037],[39.978563756000028,21.342022339000039],[39.978856599000039,21.342096286000071],[39.979147801000067,21.342175668000039],[39.979437400000052,21.342260129000067],[39.979455501000075,21.342265836000024],[39.979725138000049,21.342349965000039],[39.980010954000079,21.342445031000068],[39.980037676000052,21.342454736000036],[39.980294342000036,21.342544596000039],[39.98056482100003,21.342647576000047],[39.980611383000053,21.342665155000077],[39.98089477700006,21.342778332000023],[39.981829549000054,21.343133895000051],[39.983458300000052,21.343753415000037],[39.983664411000063,21.343863398000053],[39.983866915000078,21.343979112000056],[39.98393958500003,21.344023380000067],[39.98406637800008,21.344100919000027],[39.984261361000051,21.344227956000054],[39.984452194000028,21.344360409000046],[39.984535313000038,21.344421497000042],[39.984995323000078,21.344164355000032],[39.985218000000032,21.344028000000037],[39.985734208000054,21.343706705000045],[39.985798000000045,21.343667000000039],[39.986504000000025,21.343248000000074],[39.986675000000048,21.343147000000044],[39.986870000000067,21.343210000000056],[39.987128000000041,21.343610000000069],[39.987170219000063,21.343585272000041]]},"properties":{"OBJECTID":730,"camp_label":"56/68","Transport_mode":"النقل التقليدي","Street_Camp_MIN":"شارع 68","MAKARF":"طريق الطائف - نفق الجامعة عرفات الأول - الدائري الأوسط","Street_Camp_ARF":"طريق 52","Street_MIN_Exit":"طريق الملك فهد (68 )","ASMARF":"الدائري الأوسط 83","ASM_CODE":"ASMARF1","block":"88A","camp_type":"حجاج الخارج","block_ARF":"88A","ARF_ZONE2":"ARF ZONE 9","_length":21817,"MAKARFT1":null,"ARF_IN":62,"ARF_OUT":62,"Shape_Length":0.042810237955766106}},{"type":"Feature","id":731,"geometry":{"type":"LineString","coordinates":[[39.94754269200007,21.33845289900006],[39.948252810000042,21.339560423000023],[39.948686590000079,21.339902104000032],[39.954370572000073,21.342254106000041],[39.958823771000027,21.339568923000058],[39.966452691000029,21.334973297000033],[39.967387416000065,21.334537778000026],[39.968147388000034,21.334252954000078],[39.968538309000053,21.334134651000056],[39.969056085000034,21.33399937400003],[39.969441184000061,21.333917002000078],[39.970409320000044,21.333797324000045],[39.971279505000041,21.333759134000047],[39.972151085000064,21.333794204000071],[39.973522413000069,21.333893175000071],[39.976147974000071,21.334090063000076],[39.977602365000052,21.334224284000072],[39.978620627000055,21.334361124000054],[39.979497907000052,21.334478962000048],[39.981905452000035,21.334827834000066],[39.982791503000044,21.334956225000042],[39.984311742000045,21.335168384000042],[39.986139184000081,21.335430412000051],[39.987352570000041,21.335604381000053],[39.988851000000068,21.335819000000072],[39.989595674000043,21.335976746000028],[39.98991333400005,21.33605964000003],[39.990074634000052,21.336108697000043],[39.990594525000063,21.336279122000064],[39.99105174400006,21.336456535000025],[39.991471697000065,21.336638142000027],[39.991601720000062,21.336694369000043],[39.991792514000053,21.33678833700003],[39.992351202000066,21.337087992000022],[39.992416304000074,21.337127793000036],[39.992804592000027,21.337365677000037],[39.993096000000037,21.337567000000035],[39.993216575000076,21.337654230000055],[39.993452297000033,21.337824367000053],[39.99365896200004,21.337998774000027],[39.994167693000065,21.338427848000038],[39.994206700000063,21.33846101000006],[39.994303764000051,21.338554463000037],[39.994472922000057,21.338717325000061],[39.994792000000075,21.339050000000043],[39.995042147000049,21.339336876000061],[39.995392021000043,21.339778528000068],[39.995651810000027,21.34014140000005],[39.993757089000042,21.341235365000045],[39.98979298900008,21.343533742000034],[39.989745725000034,21.343543143000034],[39.989705615000048,21.343536283000049],[39.989670889000024,21.343521569000075],[39.989638294000031,21.343498028000056],[39.989556612000058,21.343356074000042],[39.989507929000069,21.34330135600004],[39.989431411000055,21.343247793000046],[39.989317328000027,21.343183796000062],[39.989127000000053,21.343098000000055],[39.989078000000063,21.343084000000033],[39.989029000000073,21.343076000000053],[39.988978000000031,21.343075000000056],[39.988928000000044,21.343080000000043],[39.988719787000036,21.343146232000038],[39.988671507000049,21.343152110000062],[39.988628000000062,21.343152000000032],[39.98859600000003,21.343148000000042],[39.988566000000048,21.343138000000067],[39.988537000000065,21.343124000000046],[39.988512000000071,21.343106000000034],[39.98849000000007,21.343085000000031],[39.988472000000058,21.343060000000037],[39.988431554000044,21.343085937000069]]},"properties":{"OBJECTID":731,"camp_label":"58/68","Transport_mode":"النقل التقليدي","Street_Camp_MIN":"شارع 68","MAKARF":"طريق الطائف - نفق الجامعة عرفات الأول - الدائري الأوسط","Street_Camp_ARF":"طريق 52","Street_MIN_Exit":"طريق الملك فهد (68 )","ASMARF":"الدائري الأوسط 83","ASM_CODE":"ASMARF1","block":"88A","camp_type":"حجاج الخارج","block_ARF":"88A","ARF_ZONE2":"ARF ZONE 7","_length":21489,"MAKARFT1":null,"ARF_IN":54,"ARF_OUT":56,"Shape_Length":0.061484494641467054}},{"type":"Feature","id":732,"geometry":{"type":"LineString","coordinates":[[39.967559644000062,21.327004457000044],[39.967578091000064,21.327037485000062],[39.967578537000065,21.327038283000036],[39.96770568800008,21.327282506000074],[39.967770659000053,21.327413711000077],[39.967832212000076,21.327544264000039],[39.96790502500005,21.327700284000059],[39.968117881000069,21.328196809000076],[39.968214207000074,21.328460520000078],[39.968280636000031,21.328653065000026],[39.968321539000044,21.328768767000042],[39.968383609000057,21.328967263000038],[39.968430871000066,21.329139271000031],[39.968458883000039,21.329258612000046],[39.968548708000071,21.329609178000055],[39.968561854000029,21.329674373000046],[39.96863191500006,21.329984139000032],[39.968701503000034,21.330313905000025],[39.969136646000038,21.332426045000034],[39.969177875000071,21.332632126000078],[39.969261667000069,21.333021962000032],[39.969363442000031,21.333523420000063],[39.969441184000061,21.333917002000078],[39.970409320000044,21.333797324000045],[39.971279505000041,21.333759134000047],[39.972151085000064,21.333794204000071],[39.973522413000069,21.333893175000071],[39.976147974000071,21.334090063000076],[39.977602000000047,21.334224000000063],[39.978620627000055,21.334361124000054],[39.981905452000035,21.334827834000066],[39.982791503000044,21.334956225000042],[39.984311742000045,21.335168384000042],[39.988851198000077,21.335819235000031],[39.989595674000043,21.335976746000028],[39.98991333400005,21.33605964000003],[39.990074634000052,21.336108697000043],[39.990594525000063,21.336279122000064],[39.99105174400006,21.336456535000025],[39.991471697000065,21.336638142000027],[39.991485818000058,21.336645660000045],[39.991498393000029,21.336655290000067],[39.991509065000059,21.33666676100006],[39.991518000000042,21.336680000000058],[39.991524000000027,21.336694000000023],[39.991527000000076,21.336709000000042],[39.99152765000008,21.336723963000054],[39.991525610000053,21.336739059000024],[39.991520896000054,21.336753621000071],[39.991513640000051,21.336767235000025],[39.99150405000006,21.336779516000036],[39.991492396000069,21.336790116000032],[39.991479009000045,21.336798733000023],[39.990670257000033,21.337407892000044],[39.989441315000079,21.338335753000024],[39.989427000000035,21.338346000000058],[39.989046706000067,21.33864668700005],[39.988521028000036,21.339089873000034],[39.988013132000049,21.339550902000042],[39.987434000000064,21.340121000000067],[39.987417828000048,21.340242019000073],[39.987450888000069,21.340354800000057],[39.98753182300004,21.340525072000048],[39.98765338000004,21.340780807000044],[39.987752000000057,21.341112000000066],[39.98777786900007,21.34140261400006],[39.98778346000006,21.341523842000072],[39.987750529000039,21.341997853000066],[39.987910600000077,21.342255078000051],[39.988168253000026,21.342669112000067],[39.988178000000062,21.342682000000025],[39.988190000000031,21.342694000000051],[39.988204000000053,21.342704000000026],[39.988220000000069,21.342711000000065],[39.988236000000029,21.342716000000053],[39.98825400000004,21.342718000000048],[39.988270926000041,21.342717253000046],[39.988287928000034,21.342714188000059],[39.988304000000028,21.34270900000007],[39.988319000000047,21.342701000000034],[39.989445000000046,21.342030000000022],[39.990301109000029,21.341522052000073],[39.990060000000028,21.341172000000029],[39.989679000000081,21.340565000000026],[39.989721000000031,21.340284000000054],[39.989749399000061,21.340249309000058]]},"properties":{"OBJECTID":732,"camp_label":"4/216","Transport_mode":"النقل التقليدي","Street_Camp_MIN":"شارع 216","MAKARF":"طريق الطائف - جسر الجامعة عرفات الثاني - الدائري الشرقي","Street_Camp_ARF":"طريق 62","Street_MIN_Exit":"طريق الملك خالد - المعيصم","ASMARF":"الدائري الشرقي عرفات","ASM_CODE":"ASMARF2","block":"101D","camp_type":"حجاج الخارج","block_ARF":"101D","ARF_ZONE2":"مسار رقم 1","_length":27953,"MAKARFT1":null,"ARF_IN":null,"ARF_OUT":null,"Shape_Length":0.041622742799193209}},{"type":"Feature","id":733,"geometry":{"type":"LineString","coordinates":[[39.967559644000062,21.327004457000044],[39.967578091000064,21.327037485000062],[39.967578537000065,21.327038283000036],[39.96770568800008,21.327282506000074],[39.967770659000053,21.327413711000077],[39.967832212000076,21.327544264000039],[39.96790502500005,21.327700284000059],[39.968117881000069,21.328196809000076],[39.968214207000074,21.328460520000078],[39.968280636000031,21.328653065000026],[39.968321539000044,21.328768767000042],[39.968383609000057,21.328967263000038],[39.968430871000066,21.329139271000031],[39.968458883000039,21.329258612000046],[39.968548708000071,21.329609178000055],[39.968561854000029,21.329674373000046],[39.96863191500006,21.329984139000032],[39.968701503000034,21.330313905000025],[39.969136646000038,21.332426045000034],[39.969177875000071,21.332632126000078],[39.969261667000069,21.333021962000032],[39.969363442000031,21.333523420000063],[39.969441184000061,21.333917002000078],[39.970409320000044,21.333797324000045],[39.971279505000041,21.333759134000047],[39.972151085000064,21.333794204000071],[39.973522413000069,21.333893175000071],[39.976147974000071,21.334090063000076],[39.977602000000047,21.334224000000063],[39.978620627000055,21.334361124000054],[39.981905452000035,21.334827834000066],[39.982791503000044,21.334956225000042],[39.984311742000045,21.335168384000042],[39.988851198000077,21.335819235000031],[39.989595674000043,21.335976746000028],[39.98991333400005,21.33605964000003],[39.990074634000052,21.336108697000043],[39.990594525000063,21.336279122000064],[39.99105174400006,21.336456535000025],[39.991601720000062,21.336694369000043],[39.991792514000053,21.33678833700003],[39.992352289000053,21.337088574000063],[39.992804592000027,21.337365677000037],[39.99309629000004,21.337567412000055],[39.993452297000033,21.337824367000053],[39.994206700000063,21.33846101000006],[39.994472922000057,21.338717325000061],[39.994792016000076,21.339050093000026],[39.995042147000049,21.339336876000061],[39.995392021000043,21.339778528000068],[39.995651810000027,21.34014140000005],[39.995958320000057,21.34061009900006],[39.996381353000061,21.341357596000023],[39.996698020000053,21.342059065000058],[39.996976540000048,21.342841210000074],[39.997211230000062,21.34376932400005],[39.997339835000048,21.344604835000041],[39.997333322000031,21.344615608000026],[39.997325026000055,21.344625246000078],[39.997315169000046,21.34463349300006],[39.997304012000029,21.344640128000037],[39.997291852000046,21.34464497700003],[39.997279012000035,21.344647909000059],[39.997265835000064,21.344648848000077],[39.99725267000008,21.344647767000026],[39.997239867000076,21.344644696000046],[39.997227768000073,21.344639716000074],[39.997216693000041,21.344632960000069],[39.997206938000033,21.344624607000071],[39.997198762000039,21.344614881000041],[39.997192382000037,21.344604038000057],[39.997187968000048,21.344592368000065],[39.997168473000045,21.344367563000048],[39.99714146000008,21.344143442000075],[39.997106957000028,21.343920225000033],[39.997064998000042,21.343698132000043],[39.997015623000038,21.343477381000071],[39.996958881000069,21.343258190000029],[39.996894829000041,21.343040774000031],[39.996823529000039,21.34282534700003],[39.996735518000037,21.342570568000042],[39.996642690000044,21.342317295000043],[39.996545076000075,21.342065606000062],[39.99644270500005,21.341815581000048],[39.996335611000063,21.341567299000076],[39.99560894800004,21.340341717000058],[39.995592613000042,21.340321752000023],[39.995572994000042,21.34030457700004],[39.995550626000067,21.340290660000051],[39.995526119000033,21.340280380000024],[39.995500141000036,21.340274018000059],[39.995473400000037,21.340271747000031],[39.995446624000067,21.340273629000023],[39.99542054300008,21.340279612000074],[39.995395869000049,21.340289534000078],[39.993757089000042,21.341235365000045],[39.990267295000081,21.343256986000029],[39.989805000000047,21.342543000000035],[39.989668000000052,21.342609000000039]]},"properties":{"OBJECTID":733,"camp_label":"6/518","Transport_mode":"النقل التقليدي","Street_Camp_MIN":"شارع 518","MAKARF":"طريق الطائف - جسر الجامعة عرفات الثاني - الدائري الشرقي","Street_Camp_ARF":"طريق 56","Street_MIN_Exit":"طريق الملك فهد (68 )","ASMARF":"الدائري الشرقي عرفات","ASM_CODE":"ASMARF2","block":"7-4","camp_type":"حجاج الخارج","block_ARF":"7-4","ARF_ZONE2":"","_length":22518,"MAKARFT1":null,"ARF_IN":null,"ARF_OUT":null,"Shape_Length":0.051783522071290562}},{"type":"Feature","id":734,"geometry":{"type":"LineString","coordinates":[[39.967559644000062,21.327004457000044],[39.967578091000064,21.327037485000062],[39.967578537000065,21.327038283000036],[39.96770568800008,21.327282506000074],[39.967770659000053,21.327413711000077],[39.967832212000076,21.327544264000039],[39.96790502500005,21.327700284000059],[39.968117881000069,21.328196809000076],[39.968214207000074,21.328460520000078],[39.968280636000031,21.328653065000026],[39.968321539000044,21.328768767000042],[39.968383609000057,21.328967263000038],[39.968430871000066,21.329139271000031],[39.968458883000039,21.329258612000046],[39.968548708000071,21.329609178000055],[39.968561854000029,21.329674373000046],[39.96863191500006,21.329984139000032],[39.968701503000034,21.330313905000025],[39.969136646000038,21.332426045000034],[39.969177875000071,21.332632126000078],[39.969261667000069,21.333021962000032],[39.969363442000031,21.333523420000063],[39.969441184000061,21.333917002000078],[39.970409320000044,21.333797324000045],[39.971279505000041,21.333759134000047],[39.972151085000064,21.333794204000071],[39.973522413000069,21.333893175000071],[39.976147974000071,21.334090063000076],[39.977602365000052,21.334224284000072],[39.978620627000055,21.334361124000054],[39.981905452000035,21.334827834000066],[39.982791503000044,21.334956225000042],[39.984311742000045,21.335168384000042],[39.988851198000077,21.335819235000031],[39.989595674000043,21.335976746000028],[39.98991333400005,21.33605964000003],[39.990074634000052,21.336108697000043],[39.990594525000063,21.336279122000064],[39.99105174400006,21.336456535000025],[39.991471697000065,21.336638142000027],[39.991485818000058,21.336645660000045],[39.991498000000036,21.336655000000064],[39.991509065000059,21.33666676100006],[39.991518000000042,21.336680000000058],[39.991524000000027,21.336694000000023],[39.991527000000076,21.336709000000042],[39.99152765000008,21.336723963000054],[39.991525610000053,21.336739059000024],[39.991520896000054,21.336753621000071],[39.991513640000051,21.336767235000025],[39.991504000000077,21.336780000000033],[39.991492396000069,21.336790116000032],[39.991479009000045,21.336798733000023],[39.990670257000033,21.337407892000044],[39.989441315000079,21.338335753000024],[39.989427000000035,21.338346000000058],[39.989046706000067,21.33864668700005],[39.988521028000036,21.339089873000034],[39.988013132000049,21.339550902000042],[39.987434000000064,21.340121000000067],[39.987417828000048,21.340242019000073],[39.987450888000069,21.340354800000057],[39.98753182300004,21.340525072000048],[39.98765338000004,21.340780807000044],[39.987751819000039,21.341112310000028],[39.987778000000048,21.341403000000071],[39.98778346000006,21.341523842000072],[39.98775100000006,21.341998000000046],[39.987837254000056,21.342136793000066],[39.987896775000024,21.342118212000059]]},"properties":{"OBJECTID":734,"camp_label":"6/520","Transport_mode":"النقل التقليدي","Street_Camp_MIN":"شارع 520","MAKARF":"طريق الطائف - جسر الجامعة عرفات الثاني - الدائري الشرقي","Street_Camp_ARF":"طريق 56","Street_MIN_Exit":"طريق الملك فهد (68 )","ASMARF":"الدائري الشرقي عرفات","ASM_CODE":"ASMARF2","block":"8-6","camp_type":"حجاج الخارج","block_ARF":"8-6","ARF_ZONE2":"ARF ZONE 7","_length":21767,"MAKARFT1":null,"ARF_IN":null,"ARF_OUT":null,"Shape_Length":0.037110317144939953}},{"type":"Feature","id":735,"geometry":{"type":"LineString","coordinates":[[39.967559644000062,21.327004457000044],[39.967578091000064,21.327037485000062],[39.967578537000065,21.327038283000036],[39.96770568800008,21.327282506000074],[39.967770659000053,21.327413711000077],[39.967832212000076,21.327544264000039],[39.96790502500005,21.327700284000059],[39.968117881000069,21.328196809000076],[39.968214207000074,21.328460520000078],[39.968280636000031,21.328653065000026],[39.968321539000044,21.328768767000042],[39.968383609000057,21.328967263000038],[39.968430871000066,21.329139271000031],[39.968458883000039,21.329258612000046],[39.968548708000071,21.329609178000055],[39.968561854000029,21.329674373000046],[39.96863191500006,21.329984139000032],[39.968701503000034,21.330313905000025],[39.969136646000038,21.332426045000034],[39.969177875000071,21.332632126000078],[39.969261667000069,21.333021962000032],[39.969363442000031,21.333523420000063],[39.969441184000061,21.333917002000078],[39.970409320000044,21.333797324000045],[39.971279505000041,21.333759134000047],[39.972151085000064,21.333794204000071],[39.973522413000069,21.333893175000071],[39.976147974000071,21.334090063000076],[39.977602000000047,21.334224000000063],[39.978620627000055,21.334361124000054],[39.981905452000035,21.334827834000066],[39.982791503000044,21.334956225000042],[39.984311742000045,21.335168384000042],[39.988851198000077,21.335819235000031],[39.989595674000043,21.335976746000028],[39.98991333400005,21.33605964000003],[39.990074634000052,21.336108697000043],[39.990594525000063,21.336279122000064],[39.99105174400006,21.336456535000025],[39.991601720000062,21.336694369000043],[39.991792514000053,21.33678833700003],[39.992352289000053,21.337088574000063],[39.992804592000027,21.337365677000037],[39.99309629000004,21.337567412000055],[39.993452297000033,21.337824367000053],[39.994206700000063,21.33846101000006],[39.994472922000057,21.338717325000061],[39.994792016000076,21.339050093000026],[39.995042147000049,21.339336876000061],[39.995392021000043,21.339778528000068],[39.995651810000027,21.34014140000005],[39.995958320000057,21.34061009900006],[39.996381353000061,21.341357596000023],[39.996698020000053,21.342059065000058],[39.996976540000048,21.342841210000074],[39.997211230000062,21.34376932400005],[39.997339835000048,21.344604835000041],[39.997333322000031,21.344615608000026],[39.997325026000055,21.344625246000078],[39.997315169000046,21.34463349300006],[39.997304012000029,21.344640128000037],[39.997291852000046,21.34464497700003],[39.997279012000035,21.344647909000059],[39.997265835000064,21.344648848000077],[39.99725267000008,21.344647767000026],[39.997239867000076,21.344644696000046],[39.997227768000073,21.344639716000074],[39.997216693000041,21.344632960000069],[39.997206938000033,21.344624607000071],[39.997198762000039,21.344614881000041],[39.997192382000037,21.344604038000057],[39.997187968000048,21.344592368000065],[39.997168473000045,21.344367563000048],[39.99714146000008,21.344143442000075],[39.997106957000028,21.343920225000033],[39.997064998000042,21.343698132000043],[39.997015623000038,21.343477381000071],[39.996958881000069,21.343258190000029],[39.996894829000041,21.343040774000031],[39.996823529000039,21.34282534700003],[39.996735518000037,21.342570568000042],[39.996642690000044,21.342317295000043],[39.996545076000075,21.342065606000062],[39.99644270500005,21.341815581000048],[39.996335611000063,21.341567299000076],[39.996319276000065,21.34154733400004],[39.996299657000066,21.341530159000058],[39.996277289000034,21.341516242000068],[39.996252782000056,21.341505962000042],[39.996226804000059,21.341499600000077],[39.99620006300006,21.341497329000049],[39.996173287000033,21.341499211000041],[39.996147206000046,21.341505194000035],[39.996122532000072,21.341515116000039],[39.99521240100006,21.342056675000038],[39.994786519000058,21.342310086000055],[39.994731474000048,21.342342840000072],[39.99476306300005,21.342388483000036]]},"properties":{"OBJECTID":735,"camp_label":"6/522","Transport_mode":"النقل التقليدي","Street_Camp_MIN":"شارع 522","MAKARF":"طريق الطائف - جسر الجامعة عرفات الثاني - الدائري الشرقي","Street_Camp_ARF":"طريق 56","Street_MIN_Exit":"طريق الملك فهد (68 )","ASMARF":"الدائري الشرقي عرفات","ASM_CODE":"ASMARF2","block":"8-5","camp_type":"حجاج الخارج","block_ARF":"8-5","ARF_ZONE2":"مسار رقم 1","_length":21955,"MAKARFT1":null,"ARF_IN":null,"ARF_OUT":null,"Shape_Length":0.045105053035316173}},{"type":"Feature","id":736,"geometry":{"type":"LineString","coordinates":[[40.00517823000007,21.328710576000049],[40.001665469000045,21.330447043000049],[39.999634566000054,21.331432715000062],[39.997618553000052,21.332540480000034],[39.996834841000066,21.333015973000045],[39.995822902000043,21.333517219000043],[39.994872963000034,21.334088969000049],[39.99424463400004,21.334544582000035],[39.993634172000043,21.33507762000005],[39.991938696000034,21.336478406000026],[39.991898674000026,21.336571792000029],[39.991883427000062,21.336661366000044],[39.991896768000061,21.336766187000023],[39.991944698000054,21.336869961000048],[39.992352289000053,21.337088574000063],[39.992804592000027,21.337365677000037],[39.99309629000004,21.337567412000055],[39.993452297000033,21.337824367000053],[39.994206700000063,21.33846101000006],[39.994472922000057,21.338717325000061],[39.994792016000076,21.339050093000026],[39.995042147000049,21.339336876000061],[39.995392021000043,21.339778528000068],[39.995651810000027,21.34014140000005],[39.995958320000057,21.34061009900006],[39.996381353000061,21.341357596000023],[39.996698020000053,21.342059065000058],[39.996976540000048,21.342841210000074],[39.997211230000062,21.34376932400005],[39.997339835000048,21.344604835000041],[39.997333322000031,21.344615608000026],[39.997325026000055,21.344625246000078],[39.997315169000046,21.34463349300006],[39.997304012000029,21.344640128000037],[39.997291852000046,21.34464497700003],[39.997279012000035,21.344647909000059],[39.997265835000064,21.344648848000077],[39.99725267000008,21.344647767000026],[39.997239867000076,21.344644696000046],[39.997227768000073,21.344639716000074],[39.997216693000041,21.344632960000069],[39.997206938000033,21.344624607000071],[39.997198762000039,21.344614881000041],[39.997192382000037,21.344604038000057],[39.997187968000048,21.344592368000065],[39.997168473000045,21.344367563000048],[39.99714146000008,21.344143442000075],[39.997106957000028,21.343920225000033],[39.997064998000042,21.343698132000043],[39.997015623000038,21.343477381000071],[39.996958881000069,21.343258190000029],[39.996894829000041,21.343040774000031],[39.996823529000039,21.34282534700003],[39.996735518000037,21.342570568000042],[39.996642690000044,21.342317295000043],[39.996545076000075,21.342065606000062],[39.99644270500005,21.341815581000048],[39.996335611000063,21.341567299000076],[39.996319276000065,21.34154733400004],[39.996299657000066,21.341530159000058],[39.996277289000034,21.341516242000068],[39.996252782000056,21.341505962000042],[39.996226804000059,21.341499600000077],[39.99620006300006,21.341497329000049],[39.996173287000033,21.341499211000041],[39.996147206000046,21.341505194000035],[39.996122532000072,21.341515116000039],[39.993215476000046,21.343244854000034],[39.991642652000053,21.344197889000043],[39.991617034000058,21.344161062000069]]},"properties":{"OBJECTID":736,"camp_label":"6/524","Transport_mode":"النقل التقليدي","Street_Camp_MIN":"شارع 524","MAKARF":"طريق الطائف - طريق صاد - الدائري الشرقى - مدخل الترددية","Street_Camp_ARF":"طريق 56","Street_MIN_Exit":"طريق الملك فهد (68 )","ASMARF":"الدائري الشرقي عرفات","ASM_CODE":"ASMARF4","block":"8-4","camp_type":"حجاج الخارج","block_ARF":"8-4","ARF_ZONE2":"مسار رقم 3","_length":21962,"MAKARFT1":null,"ARF_IN":null,"ARF_OUT":null,"Shape_Length":0.034503568940809658}},{"type":"Feature","id":737,"geometry":{"type":"LineString","coordinates":[[39.967559644000062,21.327004457000044],[39.967578091000064,21.327037485000062],[39.967578537000065,21.327038283000036],[39.96770568800008,21.327282506000074],[39.967770659000053,21.327413711000077],[39.967832212000076,21.327544264000039],[39.96790502500005,21.327700284000059],[39.968117881000069,21.328196809000076],[39.968214207000074,21.328460520000078],[39.968280636000031,21.328653065000026],[39.968321539000044,21.328768767000042],[39.968383609000057,21.328967263000038],[39.968430871000066,21.329139271000031],[39.968458883000039,21.329258612000046],[39.968548708000071,21.329609178000055],[39.968561854000029,21.329674373000046],[39.96863191500006,21.329984139000032],[39.968701503000034,21.330313905000025],[39.969136646000038,21.332426045000034],[39.969177875000071,21.332632126000078],[39.969261667000069,21.333021962000032],[39.969363442000031,21.333523420000063],[39.969441184000061,21.333917002000078],[39.970409320000044,21.333797324000045],[39.971279505000041,21.333759134000047],[39.972151085000064,21.333794204000071],[39.973522413000069,21.333893175000071],[39.976147974000071,21.334090063000076],[39.977602000000047,21.334224000000063],[39.978620627000055,21.334361124000054],[39.981905452000035,21.334827834000066],[39.982791503000044,21.334956225000042],[39.984311742000045,21.335168384000042],[39.988851198000077,21.335819235000031],[39.989595674000043,21.335976746000028],[39.98991333400005,21.33605964000003],[39.990074634000052,21.336108697000043],[39.990594525000063,21.336279122000064],[39.99105174400006,21.336456535000025],[39.991601720000062,21.336694369000043],[39.991792514000053,21.33678833700003],[39.992352289000053,21.337088574000063],[39.992804592000027,21.337365677000037],[39.99309629000004,21.337567412000055],[39.993452297000033,21.337824367000053],[39.994206700000063,21.33846101000006],[39.994472922000057,21.338717325000061],[39.994792016000076,21.339050093000026],[39.995042147000049,21.339336876000061],[39.995392021000043,21.339778528000068],[39.995651810000027,21.34014140000005],[39.995532057000048,21.340210543000069],[39.993757089000042,21.341235365000045],[39.991528000000073,21.342522000000031],[39.990046323000058,21.343386097000064],[39.98979298900008,21.343533742000034],[39.989745725000034,21.343543143000034],[39.989705615000048,21.343536283000049],[39.989670889000024,21.343521569000075],[39.989638294000031,21.343498028000056],[39.989556612000058,21.343356074000042],[39.989507929000069,21.34330135600004],[39.989431411000055,21.343247793000046],[39.989317328000027,21.343183796000062],[39.989127000000053,21.343098000000055],[39.989078000000063,21.343084000000033],[39.989029000000073,21.343076000000053],[39.988978000000031,21.343075000000056],[39.988928000000044,21.343080000000043],[39.988719787000036,21.343146232000038],[39.988671507000049,21.343152110000062],[39.988628000000062,21.343152000000032],[39.98859600000003,21.343148000000042],[39.988566000000048,21.343138000000067],[39.988537000000065,21.343124000000046],[39.988512000000071,21.343106000000034],[39.98849000000007,21.343085000000031],[39.988472000000058,21.343060000000037],[39.988242860000071,21.342751020000037],[39.988319000000047,21.342701000000034],[39.989445000000046,21.342030000000022],[39.988974000000042,21.341491000000076],[39.988679282000078,21.341535450000038],[39.988664000000028,21.341539000000068],[39.98864100000003,21.341540000000066],[39.988619000000028,21.341539000000068],[39.988597000000027,21.341533000000027],[39.988577000000078,21.341524000000049],[39.988558000000069,21.341513000000077],[39.988542000000052,21.341498000000058],[39.988529000000028,21.341481000000044],[39.988518326000076,21.341461444000061],[39.988511998000035,21.341441871000029],[39.988509167000075,21.341421592000074],[39.988416292000068,21.341114665000077],[39.988419000000079,21.341053000000045],[39.988428000000056,21.340992000000028],[39.988443000000075,21.340932000000066],[39.988465332000033,21.340873719000058],[39.988493270000049,21.340817840000057],[39.988527000000033,21.340765000000033],[39.98856623000006,21.340715272000068],[39.98861052400008,21.340669605000073],[39.988659458000029,21.340628303000074],[39.988914000000079,21.340457000000072],[39.989333695000028,21.340176648000067],[39.989983094000024,21.339650033000055],[39.990005552000071,21.339639354000042],[39.990029570000047,21.339632250000022],[39.990054502000078,21.339628912000023],[39.990079682000044,21.33962942900007],[39.990104434000045,21.339633787000025],[39.990128096000035,21.339641870000037],[39.990150033000077,21.339653462000058],[39.99016965900006,21.339668250000045],[39.990274525000075,21.339760755000043],[39.990314371000068,21.339715973000068]]},"properties":{"OBJECTID":737,"camp_label":"7/520","Transport_mode":"النقل التقليدي","Street_Camp_MIN":"شارع 520","MAKARF":"طريق الطائف - جسر الجامعة عرفات الثاني - الدائري الشرقي","Street_Camp_ARF":"طريق 56","Street_MIN_Exit":"طريق الملك فهد (68 )","ASMARF":"الدائري الشرقي عرفات","ASM_CODE":"ASMARF2","block":"8-5","camp_type":"حجاج الخارج","block_ARF":"8-5","ARF_ZONE2":"ARF ZONE 7","_length":22174,"MAKARFT1":null,"ARF_IN":null,"ARF_OUT":null,"Shape_Length":0.049291449243349543}},{"type":"Feature","id":738,"geometry":{"type":"LineString","coordinates":[[39.967559644000062,21.327004457000044],[39.967578091000064,21.327037485000062],[39.967578537000065,21.327038283000036],[39.96770568800008,21.327282506000074],[39.967770659000053,21.327413711000077],[39.967832212000076,21.327544264000039],[39.96790502500005,21.327700284000059],[39.968117881000069,21.328196809000076],[39.968214207000074,21.328460520000078],[39.968280636000031,21.328653065000026],[39.968321539000044,21.328768767000042],[39.968383609000057,21.328967263000038],[39.968430871000066,21.329139271000031],[39.968458883000039,21.329258612000046],[39.968548708000071,21.329609178000055],[39.968561854000029,21.329674373000046],[39.96863191500006,21.329984139000032],[39.968701503000034,21.330313905000025],[39.969136646000038,21.332426045000034],[39.969177875000071,21.332632126000078],[39.969261667000069,21.333021962000032],[39.969363442000031,21.333523420000063],[39.969441184000061,21.333917002000078],[39.970409320000044,21.333797324000045],[39.971279505000041,21.333759134000047],[39.972151085000064,21.333794204000071],[39.973522413000069,21.333893175000071],[39.976147974000071,21.334090063000076],[39.977602000000047,21.334224000000063],[39.978620627000055,21.334361124000054],[39.981905452000035,21.334827834000066],[39.982791503000044,21.334956225000042],[39.984311742000045,21.335168384000042],[39.988851198000077,21.335819235000031],[39.989595674000043,21.335976746000028],[39.98991333400005,21.33605964000003],[39.990074634000052,21.336108697000043],[39.990594525000063,21.336279122000064],[39.99105174400006,21.336456535000025],[39.991601720000062,21.336694369000043],[39.991792514000053,21.33678833700003],[39.992352289000053,21.337088574000063],[39.992804592000027,21.337365677000037],[39.99309629000004,21.337567412000055],[39.993452297000033,21.337824367000053],[39.994206700000063,21.33846101000006],[39.994472922000057,21.338717325000061],[39.994792016000076,21.339050093000026],[39.995042147000049,21.339336876000061],[39.995392021000043,21.339778528000068],[39.995651810000027,21.34014140000005],[39.995958320000057,21.34061009900006],[39.996381353000061,21.341357596000023],[39.996698020000053,21.342059065000058],[39.996976540000048,21.342841210000074],[39.997211230000062,21.34376932400005],[39.997339835000048,21.344604835000041],[39.997333322000031,21.344615608000026],[39.997325026000055,21.344625246000078],[39.997315169000046,21.34463349300006],[39.997304012000029,21.344640128000037],[39.997291852000046,21.34464497700003],[39.997279012000035,21.344647909000059],[39.997265835000064,21.344648848000077],[39.99725267000008,21.344647767000026],[39.997239867000076,21.344644696000046],[39.997227768000073,21.344639716000074],[39.997216693000041,21.344632960000069],[39.997206938000033,21.344624607000071],[39.997198762000039,21.344614881000041],[39.997192382000037,21.344604038000057],[39.997187968000048,21.344592368000065],[39.997168473000045,21.344367563000048],[39.997148496000079,21.344196145000069],[39.99714146000008,21.344143442000075],[39.997119998000073,21.343998952000049],[39.997085685000059,21.343802574000051],[39.997071676000076,21.343733480000026],[39.997045584000034,21.343607161000023],[39.997026151000057,21.343521682000073],[39.997015623000038,21.343477381000071],[39.997003453000048,21.343427235000036],[39.99695633500005,21.343248397000025],[39.996894829000041,21.343040774000031],[39.996847271000036,21.342894473000058],[39.996735518000037,21.342570568000042],[39.996642690000044,21.342317295000043],[39.996545076000075,21.342065606000062],[39.99644270500005,21.341815581000048],[39.996335611000063,21.341567299000076],[39.996319276000065,21.34154733400004],[39.996299657000066,21.341530159000058],[39.996277289000034,21.341516242000068],[39.996252782000056,21.341505962000042],[39.996226804000059,21.341499600000077],[39.99620006300006,21.341497329000049],[39.996173287000033,21.341499211000041],[39.996147206000046,21.341505194000035],[39.996122532000072,21.341515116000039],[39.996043446000044,21.341562175000035],[39.99521240100006,21.342056675000038],[39.994786519000058,21.342310086000055],[39.994731474000048,21.342342840000072],[39.994141506000062,21.342693884000028],[39.993939983000075,21.342813771000067],[39.992972554000062,21.343392051000023],[39.992729631000032,21.34353924800007],[39.99271245500006,21.34354965600005],[39.991935774000069,21.344020261000026],[39.991642652000053,21.344197889000043],[39.991476043000034,21.344298842000057],[39.991188706000059,21.344472930000052],[39.990659404000041,21.344793663000075],[39.989963827000054,21.345215125000038],[39.989843377000057,21.345288108000034],[39.989834214000041,21.345274986000049]]},"properties":{"OBJECTID":738,"camp_label":"7/522","Transport_mode":"النقل التقليدي","Street_Camp_MIN":"شارع 522","MAKARF":"طريق الطائف - جسر الجامعة عرفات الثاني - الدائري الشرقي","Street_Camp_ARF":"طريق 56","Street_MIN_Exit":"طريق الملك فهد (68 )","ASMARF":"الدائري الشرقي عرفات","ASM_CODE":"ASMARF2","block":"8-4","camp_type":"حجاج الخارج","block_ARF":"8-4","ARF_ZONE2":"مسار رقم 3","_length":21762,"MAKARFT1":null,"ARF_IN":null,"ARF_OUT":null,"Shape_Length":0.050772467718838858}},{"type":"Feature","id":739,"geometry":{"type":"LineString","coordinates":[[39.94754269200007,21.33845289900006],[39.948252810000042,21.339560423000023],[39.948686590000079,21.339902104000032],[39.954370572000073,21.342254106000041],[39.958823771000027,21.339568923000058],[39.965102309000031,21.335764582000024],[39.966452691000029,21.334973297000033],[39.967387416000065,21.334537778000026],[39.967428682000048,21.334522312000047],[39.967665105000037,21.334433705000038],[39.968147388000034,21.334252954000078],[39.968538309000053,21.334134651000056],[39.969056085000034,21.33399937400003],[39.969441184000061,21.333917002000078],[39.970409320000044,21.333797324000045],[39.971279505000041,21.333759134000047],[39.972151085000064,21.333794204000071],[39.973522413000069,21.333893175000071],[39.976147974000071,21.334090063000076],[39.977602365000052,21.334224284000072],[39.978620627000055,21.334361124000054],[39.979497907000052,21.334478962000048],[39.981905452000035,21.334827834000066],[39.982791503000044,21.334956225000042],[39.984311741000056,21.335168384000042],[39.988851198000077,21.335819235000031],[39.988808612000071,21.335952845000065],[39.988711627000043,21.336257132000071],[39.988327309000056,21.337083364000023],[39.988293875000068,21.337064152000039]]},"properties":{"OBJECTID":739,"camp_label":"7/643","Transport_mode":"النقل التقليدي","Street_Camp_MIN":"شارع 643","MAKARF":"طريق الطائف - نفق الجامعة عرفات الأول - الدائري الأوسط","Street_Camp_ARF":"طريق 54","Street_MIN_Exit":"طريق الملك عبدالله (25) - المعيصم","ASMARF":"الدائري الشرقي عرفات","ASM_CODE":"ASMARF1","block":"123","camp_type":"حجاج الخارج","block_ARF":"123","ARF_ZONE2":"مسار رقم 3","_length":24889,"MAKARFT1":null,"ARF_IN":null,"ARF_OUT":null,"Shape_Length":0.046263874394928579}},{"type":"Feature","id":740,"geometry":{"type":"LineString","coordinates":[[39.967559644000062,21.327004457000044],[39.967578091000064,21.327037485000062],[39.967578537000065,21.327038283000036],[39.96770568800008,21.327282506000074],[39.967770659000053,21.327413711000077],[39.967832212000076,21.327544264000039],[39.96790502500005,21.327700284000059],[39.968117881000069,21.328196809000076],[39.968214207000074,21.328460520000078],[39.968280636000031,21.328653065000026],[39.968321539000044,21.328768767000042],[39.968383609000057,21.328967263000038],[39.968430871000066,21.329139271000031],[39.968458883000039,21.329258612000046],[39.968548708000071,21.329609178000055],[39.968561854000029,21.329674373000046],[39.96863191500006,21.329984139000032],[39.968701503000034,21.330313905000025],[39.969136646000038,21.332426045000034],[39.969177875000071,21.332632126000078],[39.969261667000069,21.333021962000032],[39.969363442000031,21.333523420000063],[39.969441184000061,21.333917002000078],[39.970409320000044,21.333797324000045],[39.971279505000041,21.333759134000047],[39.972151085000064,21.333794204000071],[39.973522413000069,21.333893175000071],[39.976147974000071,21.334090063000076],[39.977602365000052,21.334224284000072],[39.978620627000055,21.334361124000054],[39.981905452000035,21.334827834000066],[39.982791503000044,21.334956225000042],[39.984311742000045,21.335168384000042],[39.986139184000081,21.335430412000051],[39.987352570000041,21.335604381000053],[39.988851198000077,21.335819235000031],[39.989595674000043,21.335976746000028],[39.989913331000025,21.336059639000041],[39.990074634000052,21.336108697000043],[39.990595000000042,21.336279000000047],[39.99105174400006,21.336456535000025],[39.991471697000065,21.336638142000027],[39.991601720000062,21.336694369000043],[39.991792514000053,21.33678833700003],[39.992351202000066,21.337087992000022],[39.992416304000074,21.337127793000036],[39.992804592000027,21.337365677000037],[39.993096000000037,21.337567000000035],[39.993452000000048,21.337824000000069],[39.993602639000073,21.337951242000031],[39.994206700000063,21.33846101000006],[39.994303764000051,21.338554463000037],[39.994472922000057,21.338717325000061],[39.994792000000075,21.339050000000043],[39.995042147000049,21.339336876000061],[39.995392021000043,21.339778528000068],[39.995651810000027,21.34014140000005],[39.995958320000057,21.34061009900006],[39.996381353000061,21.341357596000023],[39.996698020000053,21.342059065000058],[39.996976540000048,21.342841210000074],[39.997211230000062,21.34376932400005],[39.997252959000036,21.344040429000074],[39.997339835000048,21.344604835000041],[39.997337702000038,21.344635206000078],[39.997334698000031,21.344645613000068],[39.997327512000027,21.344654809000076],[39.997310216000074,21.344673909000051],[39.997252113000059,21.34472491300005],[39.997191895000071,21.344767832000059],[39.996649712000078,21.34509171600007],[39.995454505000055,21.345833760000062],[39.994662834000053,21.346320803000026],[39.993071486000076,21.34731368100006],[39.98994762500007,21.349251708000054],[39.989973206000059,21.349292602000048],[39.99014537000005,21.349567826000055],[39.99043714700008,21.349904600000059],[39.990452048000066,21.349916312000062],[39.990468810000039,21.349925557000063],[39.990486972000042,21.349932081000077],[39.990506034000077,21.349935706000053],[39.990525474000037,21.349936331000038],[39.991151111000079,21.349838453000075],[39.99120845200008,21.349835147000078],[39.991259625000055,21.34982655400006],[39.991309225000066,21.349811960000068],[39.991356453000037,21.34979160000006],[39.991861209000035,21.349510338000073],[39.991826036000077,21.349457475000065]]},"properties":{"OBJECTID":740,"camp_label":"78/68","Transport_mode":"النقل التقليدي","Street_Camp_MIN":"شارع 68","MAKARF":"طريق الطائف - جسر الجامعة عرفات الثاني - الدائري الشرقي","Street_Camp_ARF":"طريق 83","Street_MIN_Exit":"طريق الملك فهد (68 )","ASMARF":"الدائري الشرقي عرفات","ASM_CODE":"ASMARF2","block":"8-23","camp_type":"حجاج الخارج","block_ARF":"8-23","ARF_ZONE2":"ARF3","_length":18676,"MAKARFT1":null,"ARF_IN":null,"ARF_OUT":null,"Shape_Length":0.050990824646604357}},{"type":"Feature","id":741,"geometry":{"type":"LineString","coordinates":[[39.967559644000062,21.327004457000044],[39.967578091000064,21.327037485000062],[39.967578537000065,21.327038283000036],[39.96770568800008,21.327282506000074],[39.967770659000053,21.327413711000077],[39.967832212000076,21.327544264000039],[39.96790502500005,21.327700284000059],[39.968117881000069,21.328196809000076],[39.968214207000074,21.328460520000078],[39.968280636000031,21.328653065000026],[39.968321539000044,21.328768767000042],[39.968383609000057,21.328967263000038],[39.968430871000066,21.329139271000031],[39.968458883000039,21.329258612000046],[39.968548708000071,21.329609178000055],[39.968561854000029,21.329674373000046],[39.96863191500006,21.329984139000032],[39.968701503000034,21.330313905000025],[39.969136646000038,21.332426045000034],[39.969177875000071,21.332632126000078],[39.969261667000069,21.333021962000032],[39.969363442000031,21.333523420000063],[39.969441184000061,21.333917002000078],[39.970409320000044,21.333797324000045],[39.971279505000041,21.333759134000047],[39.972151085000064,21.333794204000071],[39.973522413000069,21.333893175000071],[39.976147974000071,21.334090063000076],[39.977602000000047,21.334224000000063],[39.978620627000055,21.334361124000054],[39.981905452000035,21.334827834000066],[39.982791503000044,21.334956225000042],[39.984311742000045,21.335168384000042],[39.988851198000077,21.335819235000031],[39.989595674000043,21.335976746000028],[39.98991333400005,21.33605964000003],[39.990074634000052,21.336108697000043],[39.990594525000063,21.336279122000064],[39.99105174400006,21.336456535000025],[39.991471697000065,21.336638142000027],[39.991485818000058,21.336645660000045],[39.991498000000036,21.336655000000064],[39.991509065000059,21.33666676100006],[39.991518000000042,21.336680000000058],[39.991524000000027,21.336694000000023],[39.991527000000076,21.336709000000042],[39.99152765000008,21.336723963000054],[39.991525610000053,21.336739059000024],[39.991520896000054,21.336753621000071],[39.991513640000051,21.336767235000025],[39.99150405000006,21.336779516000036],[39.991492396000069,21.336790116000032],[39.991479009000045,21.336798733000023],[39.990670257000033,21.337407892000044],[39.989441315000079,21.338335753000024],[39.989046706000067,21.33864668700005],[39.988521028000036,21.339089873000034],[39.988013132000049,21.339550902000042],[39.987434000000064,21.340121000000067],[39.987417828000048,21.340242019000073],[39.987450888000069,21.340354800000057],[39.98753182300004,21.340525072000048],[39.98765338000004,21.340780807000044],[39.987752000000057,21.341112000000066],[39.987778000000048,21.341403000000071],[39.98778346000006,21.341523842000072],[39.987774543000057,21.341652194000062],[39.987825244000078,21.341655672000059]]},"properties":{"OBJECTID":741,"camp_label":"8/520","Transport_mode":"النقل التقليدي","Street_Camp_MIN":"شارع 520","MAKARF":"طريق الطائف - جسر الجامعة عرفات الثاني - الدائري الشرقي","Street_Camp_ARF":"طريق 56","Street_MIN_Exit":"طريق الملك فهد (68 )","ASMARF":"الدائري الشرقي عرفات","ASM_CODE":"ASMARF2","block":"8-6","camp_type":"حجاج الخارج","block_ARF":"8-6","ARF_ZONE2":"","_length":21792,"MAKARFT1":null,"ARF_IN":null,"ARF_OUT":null,"Shape_Length":0.036588748384702226}},{"type":"Feature","id":742,"geometry":{"type":"LineString","coordinates":[[39.990743021000071,21.329642170000056],[39.990451545000042,21.330835190000073],[39.989611008000054,21.333919417000061],[39.988851198000077,21.335819235000031],[39.988808612000071,21.335952845000065],[39.988095285000043,21.335830538000039],[39.986712200000056,21.335650719000057],[39.98613785100008,21.33556967800007],[39.986135090000062,21.335858069000039],[39.986246043000051,21.335836896000046]]},"properties":{"OBJECTID":742,"camp_label":"8/641","Transport_mode":"النقل التقليدي","Street_Camp_MIN":"شارع 641","MAKARF":"طريق الطائف - مواقف حجاج البر بعرفات","Street_Camp_ARF":"طريق 54","Street_MIN_Exit":"طريق الملك عبدالله (25) - المعيصم","ASMARF":"الدائري الشرقي عرفات","ASM_CODE":"ASMARF3","block":"123","camp_type":"حجاج الخارج","block_ARF":"123","ARF_ZONE2":"","_length":23948,"MAKARFT1":null,"ARF_IN":null,"ARF_OUT":null,"Shape_Length":0.0097110361587015356}},{"type":"Feature","id":743,"geometry":{"type":"LineString","coordinates":[[39.967559644000062,21.327004457000044],[39.967578091000064,21.327037485000062],[39.967578537000065,21.327038283000036],[39.96770568800008,21.327282506000074],[39.967770659000053,21.327413711000077],[39.967832212000076,21.327544264000039],[39.96790502500005,21.327700284000059],[39.968117881000069,21.328196809000076],[39.968214207000074,21.328460520000078],[39.968280636000031,21.328653065000026],[39.968321539000044,21.328768767000042],[39.968383609000057,21.328967263000038],[39.968430871000066,21.329139271000031],[39.968458883000039,21.329258612000046],[39.968548708000071,21.329609178000055],[39.968561854000029,21.329674373000046],[39.96863191500006,21.329984139000032],[39.968701503000034,21.330313905000025],[39.969136646000038,21.332426045000034],[39.969177875000071,21.332632126000078],[39.969261667000069,21.333021962000032],[39.969363442000031,21.333523420000063],[39.969441184000061,21.333917002000078],[39.970409320000044,21.333797324000045],[39.971279505000041,21.333759134000047],[39.972151085000064,21.333794204000071],[39.973522413000069,21.333893175000071],[39.976147974000071,21.334090063000076],[39.977602365000052,21.334224284000072],[39.978620627000055,21.334361124000054],[39.981905452000035,21.334827834000066],[39.982791503000044,21.334956225000042],[39.984311742000045,21.335168384000042],[39.986139184000081,21.335430412000051],[39.987352570000041,21.335604381000053],[39.988851198000077,21.335819235000031],[39.989595674000043,21.335976746000028],[39.989913331000025,21.336059639000041],[39.990074634000052,21.336108697000043],[39.990595000000042,21.336279000000047],[39.99105174400006,21.336456535000025],[39.991471697000065,21.336638142000027],[39.991601720000062,21.336694369000043],[39.991792512000075,21.336788336000041],[39.992351202000066,21.337087992000022],[39.992416304000074,21.337127793000036],[39.992804592000027,21.337365677000037],[39.993096000000037,21.337567000000035],[39.993216575000076,21.337654230000055],[39.993452297000033,21.337824367000053],[39.99365896200004,21.337998774000027],[39.994167693000065,21.338427848000038],[39.994206700000063,21.33846101000006],[39.994303764000051,21.338554463000037],[39.994472922000057,21.338717325000061],[39.994792016000076,21.339050093000026],[39.995042147000049,21.339336876000061],[39.995392021000043,21.339778528000068],[39.995651810000027,21.34014140000005],[39.995958320000057,21.34061009900006],[39.996381353000061,21.341357596000023],[39.996698020000053,21.342059065000058],[39.996976540000048,21.342841210000074],[39.997211230000062,21.34376932400005],[39.997252959000036,21.344040429000074],[39.997339835000048,21.344604835000041],[39.997337702000038,21.344635206000078],[39.997334698000031,21.344645613000068],[39.997327512000027,21.344654809000076],[39.997310216000074,21.344673909000051],[39.997252113000059,21.34472491300005],[39.997191895000071,21.344767832000059],[39.996649712000078,21.34509171600007],[39.995454505000055,21.345833760000062],[39.995408318000045,21.345886846000042],[39.995383957000058,21.345939408000049],[39.995361848000073,21.346009069000047],[39.995363103000045,21.346072185000025],[39.995382855000059,21.346139568000069],[39.995446578000042,21.346246723000036],[39.995537641000055,21.346333992000041],[39.995718036000028,21.346396197000047],[39.995856417000027,21.346387003000075],[39.996383273000049,21.346460047000051],[39.996606875000055,21.346442660000037],[39.996605844000044,21.346399192000035]]},"properties":{"OBJECTID":743,"camp_label":"80/68","Transport_mode":"النقل التقليدي","Street_Camp_MIN":"شارع 68","MAKARF":"طريق الطائف - جسر الجامعة عرفات الثاني - الدائري الشرقي","Street_Camp_ARF":"طريق 83","Street_MIN_Exit":"طريق الملك فهد (68 )","ASMARF":"الدائري الشرقي عرفات","ASM_CODE":"ASMARF2","block":"8-23","camp_type":"حجاج الخارج","block_ARF":"8-23","ARF_ZONE2":"ARF ZONE 2","_length":18473,"MAKARFT1":null,"ARF_IN":50,"ARF_OUT":56,"Shape_Length":0.0438223853218635}},{"type":"Feature","id":744,"geometry":{"type":"LineString","coordinates":[[39.967559644000062,21.327004457000044],[39.967578091000064,21.327037485000062],[39.967578537000065,21.327038283000036],[39.96770568800008,21.327282506000074],[39.967770659000053,21.327413711000077],[39.967832212000076,21.327544264000039],[39.96790502500005,21.327700284000059],[39.968117881000069,21.328196809000076],[39.968214207000074,21.328460520000078],[39.968280636000031,21.328653065000026],[39.968321539000044,21.328768767000042],[39.968383609000057,21.328967263000038],[39.968430871000066,21.329139271000031],[39.968458883000039,21.329258612000046],[39.968548708000071,21.329609178000055],[39.968561854000029,21.329674373000046],[39.96863191500006,21.329984139000032],[39.968701503000034,21.330313905000025],[39.969136646000038,21.332426045000034],[39.969177875000071,21.332632126000078],[39.969261667000069,21.333021962000032],[39.969363442000031,21.333523420000063],[39.969441184000061,21.333917002000078],[39.970409320000044,21.333797324000045],[39.971279505000041,21.333759134000047],[39.972151085000064,21.333794204000071],[39.973522413000069,21.333893175000071],[39.976147974000071,21.334090063000076],[39.977602365000052,21.334224284000072],[39.978620627000055,21.334361124000054],[39.979497907000052,21.334478962000048],[39.981905452000035,21.334827834000066],[39.982791503000044,21.334956225000042],[39.984311742000045,21.335168384000042],[39.986139184000081,21.335430412000051],[39.987352570000041,21.335604381000053],[39.988851000000068,21.335819000000072],[39.989595674000043,21.335976746000028],[39.989913331000025,21.336059639000041],[39.990074634000052,21.336108697000043],[39.990595000000042,21.336279000000047],[39.99105174400006,21.336456535000025],[39.991471697000065,21.336638142000027],[39.991601720000062,21.336694369000043],[39.991792514000053,21.33678833700003],[39.992351202000066,21.337087992000022],[39.992416304000074,21.337127793000036],[39.992804592000027,21.337365677000037],[39.993452000000048,21.337824000000069],[39.99365896200004,21.337998774000027],[39.994206700000063,21.33846101000006],[39.994303764000051,21.338554463000037],[39.994472922000057,21.338717325000061],[39.994792016000076,21.339050093000026],[39.995042147000049,21.339336876000061],[39.995392021000043,21.339778528000068],[39.995651810000027,21.34014140000005],[39.995958320000057,21.34061009900006],[39.996381353000061,21.341357596000023],[39.996698020000053,21.342059065000058],[39.996976540000048,21.342841210000074],[39.997211230000062,21.343769325000039],[39.997339835000048,21.344604835000041],[39.997337702000038,21.344635206000078],[39.997334698000031,21.344645613000068],[39.997327512000027,21.344654809000076],[39.997310216000074,21.344673909000051],[39.997252113000059,21.34472491300005],[39.997191895000071,21.344767832000059],[39.996649712000078,21.34509171600007],[39.995454505000055,21.345833760000062],[39.994662834000053,21.346320803000026],[39.995070972000065,21.346893994000027],[39.995034575000034,21.346918294000034]]},"properties":{"OBJECTID":744,"camp_label":"82/68","Transport_mode":"النقل التقليدي","Street_Camp_MIN":"شارع 68","MAKARF":"طريق الطائف - جسر الجامعة عرفات الثاني - الدائري الشرقي","Street_Camp_ARF":"طريق 54","Street_MIN_Exit":"العزيزية - طريق الملك عبد الله 25 ( شمال )","ASMARF":"الدائري الاوسط 83","ASM_CODE":"ASMARF2","block":"8-23","camp_type":"حجاج الخارج","block_ARF":"8-23","ARF_ZONE2":"ARF3","_length":19548,"MAKARFT1":null,"ARF_IN":null,"ARF_OUT":null,"Shape_Length":0.043784616814359807}},{"type":"Feature","id":745,"geometry":{"type":"LineString","coordinates":[[39.967559644000062,21.327004457000044],[39.967578091000064,21.327037485000062],[39.967578537000065,21.327038283000036],[39.96770568800008,21.327282506000074],[39.967770659000053,21.327413711000077],[39.967832212000076,21.327544264000039],[39.96790502500005,21.327700284000059],[39.968117881000069,21.328196809000076],[39.968214207000074,21.328460520000078],[39.968280636000031,21.328653065000026],[39.968321539000044,21.328768767000042],[39.968383609000057,21.328967263000038],[39.968430871000066,21.329139271000031],[39.968458883000039,21.329258612000046],[39.968548708000071,21.329609178000055],[39.968561854000029,21.329674373000046],[39.96863191500006,21.329984139000032],[39.968701503000034,21.330313905000025],[39.969136646000038,21.332426045000034],[39.969177875000071,21.332632126000078],[39.969261667000069,21.333021962000032],[39.969363442000031,21.333523420000063],[39.969441184000061,21.333917002000078],[39.970409320000044,21.333797324000045],[39.971279505000041,21.333759134000047],[39.972151085000064,21.333794204000071],[39.973522413000069,21.333893175000071],[39.976147974000071,21.334090063000076],[39.977602365000052,21.334224284000072],[39.978620627000055,21.334361124000054],[39.981905452000035,21.334827834000066],[39.982791503000044,21.334956225000042],[39.984311742000045,21.335168384000042],[39.986139184000081,21.335430412000051],[39.987352570000041,21.335604381000053],[39.988851198000077,21.335819235000031],[39.989595674000043,21.335976746000028],[39.98991333400005,21.33605964000003],[39.990074634000052,21.336108697000043],[39.990594525000063,21.336279122000064],[39.99105174400006,21.336456535000025],[39.991471697000065,21.336638142000027],[39.991601720000062,21.336694369000043],[39.991792514000053,21.33678833700003],[39.992351202000066,21.337087992000022],[39.992416304000074,21.337127793000036],[39.992804592000027,21.337365677000037],[39.993452000000048,21.337824000000069],[39.99365896200004,21.337998774000027],[39.994206700000063,21.33846101000006],[39.994303764000051,21.338554463000037],[39.994472922000057,21.338717325000061],[39.994792016000076,21.339050093000026],[39.995042000000069,21.339337000000057],[39.995392000000038,21.339779000000078],[39.995651810000027,21.34014140000005],[39.995958320000057,21.34061009900006],[39.996381353000061,21.341357596000023],[39.996698020000053,21.342059065000058],[39.996976540000048,21.342841210000074],[39.997211230000062,21.34376932400005],[39.997339835000048,21.344604835000041],[39.997337702000038,21.344635206000078],[39.997334698000031,21.344645613000068],[39.997327512000027,21.344654809000076],[39.997310216000074,21.344673909000051],[39.997252113000059,21.34472491300005],[39.997191895000071,21.344767832000059],[39.997140123000065,21.344798063000042],[39.996649712000078,21.34509171600007],[39.995454505000055,21.345833760000062],[39.994662834000053,21.346320803000026],[39.993055323000078,21.347323674000052],[39.99033677500006,21.34901265600007],[39.98994762500007,21.349251708000054],[39.989973206000059,21.349292602000048],[39.99014537000005,21.349567826000055],[39.99043714700008,21.349904600000059],[39.990452048000066,21.349916312000062],[39.990468810000039,21.349925557000063],[39.990486972000042,21.349932081000077],[39.990506034000077,21.349935706000053],[39.990525474000037,21.349936331000038],[39.991151111000079,21.349838453000075],[39.991200099000025,21.34983562900004],[39.991259625000055,21.34982655400006],[39.991309225000066,21.349811960000068],[39.991356453000037,21.34979160000006],[39.991861209000035,21.349510338000073],[39.992020952000075,21.349415835000059],[39.99218890700007,21.34934170300005],[39.992273605000037,21.34933198300007],[39.992280633000064,21.349391120000064]]},"properties":{"OBJECTID":745,"camp_label":"84/68","Transport_mode":"النقل التقليدي","Street_Camp_MIN":"شارع 68","MAKARF":"طريق الطائف - جسر الجامعة عرفات الثاني - الدائري الشرقي","Street_Camp_ARF":"طريق 54","Street_MIN_Exit":"العزيزية - طريق الملك عبد الله 25 ( شمال )","ASMARF":"الدائري الاوسط 83","ASM_CODE":"ASMARF2","block":"8-23","camp_type":"حجاج الخارج","block_ARF":"8-23","ARF_ZONE2":"ARF3","_length":19477,"MAKARFT1":null,"ARF_IN":null,"ARF_OUT":null,"Shape_Length":0.05144121053141823}},{"type":"Feature","id":746,"geometry":{"type":"LineString","coordinates":[[39.967559644000062,21.327004457000044],[39.967578091000064,21.327037485000062],[39.967578537000065,21.327038283000036],[39.96770568800008,21.327282506000074],[39.967770659000053,21.327413711000077],[39.967832212000076,21.327544264000039],[39.96790502500005,21.327700284000059],[39.968117881000069,21.328196809000076],[39.968214207000074,21.328460520000078],[39.968280636000031,21.328653065000026],[39.968321539000044,21.328768767000042],[39.968383609000057,21.328967263000038],[39.968430871000066,21.329139271000031],[39.968458883000039,21.329258612000046],[39.968548708000071,21.329609178000055],[39.968561854000029,21.329674373000046],[39.96863191500006,21.329984139000032],[39.968701503000034,21.330313905000025],[39.969136646000038,21.332426045000034],[39.969177875000071,21.332632126000078],[39.969261667000069,21.333021962000032],[39.969363442000031,21.333523420000063],[39.969441184000061,21.333917002000078],[39.970409320000044,21.333797324000045],[39.971279505000041,21.333759134000047],[39.972151085000064,21.333794204000071],[39.973522413000069,21.333893175000071],[39.976147974000071,21.334090063000076],[39.977602000000047,21.334224000000063],[39.978620627000055,21.334361124000054],[39.981905452000035,21.334827834000066],[39.982791503000044,21.334956225000042],[39.984311742000045,21.335168384000042],[39.988851198000077,21.335819235000031],[39.989595674000043,21.335976746000028],[39.98991333400005,21.33605964000003],[39.990074634000052,21.336108697000043],[39.990594525000063,21.336279122000064],[39.99105174400006,21.336456535000025],[39.991601720000062,21.336694369000043],[39.991792514000053,21.33678833700003],[39.992352289000053,21.337088574000063],[39.992804592000027,21.337365677000037],[39.99309629000004,21.337567412000055],[39.993452297000033,21.337824367000053],[39.994206700000063,21.33846101000006],[39.994472922000057,21.338717325000061],[39.994792016000076,21.339050093000026],[39.995042147000049,21.339336876000061],[39.995392021000043,21.339778528000068],[39.995651810000027,21.34014140000005],[39.995958320000057,21.34061009900006],[39.996381353000061,21.341357596000023],[39.996698020000053,21.342059065000058],[39.996976540000048,21.342841210000074],[39.997211230000062,21.34376932400005],[39.997339835000048,21.344604835000041],[39.997333322000031,21.344615608000026],[39.997325026000055,21.344625246000078],[39.997315169000046,21.34463349300006],[39.997304012000029,21.344640128000037],[39.997291852000046,21.34464497700003],[39.997279012000035,21.344647909000059],[39.997265835000064,21.344648848000077],[39.99725267000008,21.344647767000026],[39.997239867000076,21.344644696000046],[39.997227768000073,21.344639716000074],[39.997216693000041,21.344632960000069],[39.997206938000033,21.344624607000071],[39.997198762000039,21.344614881000041],[39.997192382000037,21.344604038000057],[39.997187968000048,21.344592368000065],[39.997168473000045,21.344367563000048],[39.99714146000008,21.344143442000075],[39.997106957000028,21.343920225000033],[39.997064998000042,21.343698132000043],[39.997015623000038,21.343477381000071],[39.996958881000069,21.343258190000029],[39.996894829000041,21.343040774000031],[39.996823529000039,21.34282534700003],[39.996735518000037,21.342570568000042],[39.996642690000044,21.342317295000043],[39.996545076000075,21.342065606000062],[39.99644270500005,21.341815581000048],[39.996335611000063,21.341567299000076],[39.996319276000065,21.34154733400004],[39.996299657000066,21.341530159000058],[39.996277289000034,21.341516242000068],[39.996252782000056,21.341505962000042],[39.996226804000059,21.341499600000077],[39.99620006300006,21.341497329000049],[39.996173287000033,21.341499211000041],[39.996147206000046,21.341505194000035],[39.996122532000072,21.341515116000039],[39.993215476000046,21.343244854000034],[39.990659404000041,21.344793663000075],[39.990697454000042,21.344854294000072]]},"properties":{"OBJECTID":746,"camp_label":"9/520","Transport_mode":"النقل التقليدي","Street_Camp_MIN":"شارع 520","MAKARF":"طريق الطائف - جسر الجامعة عرفات الثاني - الدائري الشرقي","Street_Camp_ARF":"طريق 62","Street_MIN_Exit":"طريق الملك فهد (68 )","ASMARF":"الدائري الشرقي عرفات","ASM_CODE":"ASMARF2","block":"8-8","camp_type":"حجاج الخارج","block_ARF":"8-8","ARF_ZONE2":"ARF ZONE 6","_length":22338,"MAKARFT1":null,"ARF_IN":54,"ARF_OUT":56,"Shape_Length":0.049873876040439795}},{"type":"Feature","id":747,"geometry":{"type":"LineString","coordinates":[[39.967559644000062,21.327004457000044],[39.967578091000064,21.327037485000062],[39.967578537000065,21.327038283000036],[39.96770568800008,21.327282506000074],[39.967770659000053,21.327413711000077],[39.967832212000076,21.327544264000039],[39.96790502500005,21.327700284000059],[39.968117881000069,21.328196809000076],[39.968214207000074,21.328460520000078],[39.968280636000031,21.328653065000026],[39.968321539000044,21.328768767000042],[39.968383609000057,21.328967263000038],[39.968430871000066,21.329139271000031],[39.968458883000039,21.329258612000046],[39.968548708000071,21.329609178000055],[39.968561854000029,21.329674373000046],[39.96863191500006,21.329984139000032],[39.968701503000034,21.330313905000025],[39.969136646000038,21.332426045000034],[39.969177875000071,21.332632126000078],[39.969261667000069,21.333021962000032],[39.969363442000031,21.333523420000063],[39.969441184000061,21.333917002000078],[39.970409320000044,21.333797324000045],[39.971279505000041,21.333759134000047],[39.972151085000064,21.333794204000071],[39.973522413000069,21.333893175000071],[39.976147974000071,21.334090063000076],[39.977602365000052,21.334224284000072],[39.978620627000055,21.334361124000054],[39.981905452000035,21.334827834000066],[39.982791503000044,21.334956225000042],[39.984311742000045,21.335168384000042],[39.988851198000077,21.335819235000031],[39.989595674000043,21.335976746000028],[39.98991333400005,21.33605964000003],[39.990074634000052,21.336108697000043],[39.990594525000063,21.336279122000064],[39.99105174400006,21.336456535000025],[39.991471697000065,21.336638142000027],[39.991485818000058,21.336645660000045],[39.991498000000036,21.336655000000064],[39.991509065000059,21.33666676100006],[39.991518000000042,21.336680000000058],[39.991524000000027,21.336694000000023],[39.991526958000065,21.336708759000032],[39.99152765000008,21.336723963000054],[39.991525610000053,21.336739059000024],[39.991520896000054,21.336753621000071],[39.991513640000051,21.336767235000025],[39.991504000000077,21.336780000000033],[39.991492396000069,21.336790116000032],[39.991479009000045,21.336798733000023],[39.990670257000033,21.337407892000044],[39.989959569000064,21.337943179000035],[39.989441315000079,21.338335753000024],[39.989304000000061,21.338441000000046],[39.989046706000067,21.33864668700005],[39.988781688000074,21.33886601100005],[39.98820500000005,21.339372000000026],[39.987766069000031,21.339787913000066],[39.98719200000005,21.340374000000054],[39.986825655000075,21.340777374000027],[39.986482516000081,21.341149893000022],[39.98613415300008,21.341518133000022],[39.985780625000075,21.341882027000054],[39.985331676000044,21.342329684000049],[39.985058327000047,21.342596529000048],[39.984316125000078,21.343292901000041],[39.983672593000051,21.34386792500004],[39.98393958500003,21.344023380000067],[39.984065283000064,21.344100231000027],[39.984260000000063,21.344227000000046],[39.984535313000038,21.344421497000042],[39.984995323000078,21.344164355000032],[39.985218000000032,21.344028000000037],[39.985257886000056,21.344088443000032]]},"properties":{"OBJECTID":747,"camp_label":"9/522","Transport_mode":"النقل التقليدي","Street_Camp_MIN":"شارع 522","MAKARF":"طريق الطائف - جسر الجامعة عرفات الثاني - الدائري الشرقي","Street_Camp_ARF":"طريق 56","Street_MIN_Exit":"طريق الملك فهد (68 )","ASMARF":"الدائري الشرقي عرفات","ASM_CODE":"ASMARF2","block":"8-9","camp_type":"حجاج الخارج","block_ARF":"8-9","ARF_ZONE2":"ARF ZONE 1","_length":21741,"MAKARFT1":null,"ARF_IN":null,"ARF_OUT":null,"Shape_Length":0.042138093360188908}},{"type":"Feature","id":748,"geometry":{"type":"LineString","coordinates":[[39.94754269200007,21.33845289900006],[39.948252810000042,21.339560423000023],[39.948686590000079,21.339902104000032],[39.954370572000073,21.342254106000041],[39.958823771000027,21.339568923000058],[39.966452691000029,21.334973297000033],[39.967387416000065,21.334537778000026],[39.968147388000034,21.334252954000078],[39.968538309000053,21.334134651000056],[39.969056085000034,21.33399937400003],[39.969441184000061,21.333917002000078],[39.970409320000044,21.333797324000045],[39.971279505000041,21.333759134000047],[39.972151085000064,21.333794204000071],[39.973522413000069,21.333893175000071],[39.976147974000071,21.334090063000076],[39.977602365000052,21.334224284000072],[39.978620627000055,21.334361124000054],[39.979497907000052,21.334478962000048],[39.981905452000035,21.334827834000066],[39.982791503000044,21.334956225000042],[39.984311742000045,21.335168384000042],[39.988851198000077,21.335819235000031],[39.989595674000043,21.335976746000028],[39.98991333400005,21.33605964000003],[39.990074634000052,21.336108697000043],[39.990594525000063,21.336279122000064],[39.99105174400006,21.336456535000025],[39.991601720000062,21.336694369000043],[39.991792514000053,21.33678833700003],[39.992351202000066,21.337087992000022],[39.992804592000027,21.337365677000037],[39.99309629000004,21.337567412000055],[39.993452000000048,21.337824000000069],[39.99365896200004,21.337998774000027],[39.994206700000063,21.33846101000006],[39.994303764000051,21.338554463000037],[39.994429375000038,21.338436156000057]]},"properties":{"OBJECTID":748,"camp_label":"A/206","Transport_mode":"النقل التقليدي","Street_Camp_MIN":"شارع 206","MAKARF":"طريق الطائف - نفق الجامعة عرفات الأول - الدائري الأوسط","Street_Camp_ARF":"طريق 54","Street_MIN_Exit":"طريق الملك فهد (68 )","ASMARF":"الدائري الغربي عرفات","ASM_CODE":"ASMARF1","block":"38","camp_type":"حجاج الخارج","block_ARF":"38","ARF_ZONE2":"","_length":22440,"MAKARFT1":null,"ARF_IN":null,"ARF_OUT":null,"Shape_Length":0.051215397992349629}},{"type":"Feature","id":749,"geometry":{"type":"LineString","coordinates":[[39.94754269200007,21.33845289900006],[39.948252810000042,21.339560423000023],[39.948686590000079,21.339902104000032],[39.95437045500006,21.342254175000051],[39.958823771000027,21.339568923000058],[39.966452691000029,21.334973297000033],[39.967387416000065,21.334537778000026],[39.968147388000034,21.334252954000078],[39.968538309000053,21.334134651000056],[39.969056085000034,21.33399937400003],[39.969441184000061,21.333917002000078],[39.970409320000044,21.333797324000045],[39.971279505000041,21.333759134000047],[39.972151085000064,21.333794204000071],[39.973522413000069,21.333893175000071],[39.976147974000071,21.334090063000076],[39.977602365000052,21.334224284000072],[39.978620627000055,21.334361124000054],[39.979497907000052,21.334478962000048],[39.981905452000035,21.334827834000066],[39.982791503000044,21.334956225000042],[39.984311742000045,21.335168384000042],[39.98066797000007,21.337850254000045],[39.979933780000067,21.338390607000065],[39.979351079000025,21.33881946200006],[39.975453354000081,21.341676548000066],[39.977501105000044,21.34183405400006],[39.978269431000058,21.341953748000037],[39.978563738000048,21.342022348000057],[39.978856557000029,21.342096329000071],[39.979147775000058,21.342175660000066],[39.979437282000049,21.342260313000054],[39.979455501000075,21.342265836000024],[39.979724966000049,21.342350254000053],[39.980010717000027,21.342445449000024],[39.980037676000052,21.342454736000036],[39.980294342000036,21.342544596000039],[39.98056482100003,21.342647576000047],[39.980611383000053,21.342665155000077],[39.98089477700006,21.342778332000023],[39.981829549000054,21.343133895000051],[39.983458300000052,21.343753415000037],[39.983664668000074,21.343863542000065],[39.983672493000029,21.343868018000023],[39.983866916000068,21.343979110000078],[39.98393958500003,21.344023380000067],[39.984065634000046,21.344100449000052],[39.984260000000063,21.344227000000046],[39.984451008000065,21.34435955500004],[39.984638706000055,21.344498158000079],[39.984820729000035,21.344641081000077],[39.984998100000041,21.344789048000052],[39.985169000000042,21.344940000000065],[39.985336179000058,21.345097562000035],[39.985338255000045,21.345099580000067],[39.985498520000078,21.345259585000065],[39.985500733000038,21.345261866000044],[39.985655613000063,21.345426086000032],[39.985809761000041,21.345599751000066],[39.985863786000039,21.345664514000077],[39.985953503000076,21.345771920000061],[39.985233000000051,21.346201000000065],[39.984365856000068,21.346717695000052],[39.982744226000079,21.347683687000028],[39.982290258000035,21.347956751000027],[39.981885601000045,21.34820015400004],[39.981128150000075,21.34865618300006],[39.980161779000071,21.349238811000077],[39.978347992000067,21.350335528000073],[39.978221168000061,21.350165577000041]]},"properties":{"OBJECTID":749,"camp_label":"C/206","Transport_mode":"النقل التقليدي","Street_Camp_MIN":"شارع 206","MAKARF":"طريق الطائف - نفق الجامعة عرفات الأول - الدائري الأوسط","Street_Camp_ARF":"طريق 54","Street_MIN_Exit":"طريق الملك فهد (68 )","ASMARF":"الدائري الغربي عرفات","ASM_CODE":"ASMARF1","block":"38","camp_type":"حجاج الخارج","block_ARF":"38","ARF_ZONE2":"","_length":23422,"MAKARFT1":null,"ARF_IN":null,"ARF_OUT":null,"Shape_Length":0.071903937282744912}},{"type":"Feature","id":750,"geometry":{"type":"LineString","coordinates":[[39.94754269200007,21.33845289900006],[39.948252810000042,21.339560423000023],[39.948686590000079,21.339902104000032],[39.954370572000073,21.342254106000041],[39.958823771000027,21.339568923000058],[39.966452691000029,21.334973297000033],[39.967387416000065,21.334537778000026],[39.968147388000034,21.334252954000078],[39.968538309000053,21.334134651000056],[39.969056085000034,21.33399937400003],[39.969441184000061,21.333917002000078],[39.970409320000044,21.333797324000045],[39.971279505000041,21.333759134000047],[39.972151085000064,21.333794204000071],[39.973522413000069,21.333893175000071],[39.976147974000071,21.334090063000076],[39.977602365000052,21.334224284000072],[39.978620627000055,21.334361124000054],[39.979497907000052,21.334478962000048],[39.981905452000035,21.334827834000066],[39.982791503000044,21.334956225000042],[39.984311742000045,21.335168384000042],[39.98066797000007,21.337850254000045],[39.979933780000067,21.338390607000065],[39.979351079000025,21.33881946200006],[39.975453354000081,21.341676548000066],[39.976811903000055,21.341781043000026],[39.976820064000037,21.341675756000029]]},"properties":{"OBJECTID":750,"camp_label":"D/204","Transport_mode":"النقل التقليدي","Street_Camp_MIN":"شارع 204","MAKARF":"طريق الطائف - نفق الجامعة عرفات الأول - الدائري الأوسط","Street_Camp_ARF":"طريق 54","Street_MIN_Exit":"طريق الملك فهد (68 )","ASMARF":"الدائري الغربي عرفات","ASM_CODE":"ASMARF1","block":"38","camp_type":"حجاج الخارج","block_ARF":"38","ARF_ZONE2":"","_length":23297,"MAKARFT1":null,"ARF_IN":null,"ARF_OUT":null,"Shape_Length":0.052728768205644941}},{"type":"Feature","id":751,"geometry":{"type":"LineString","coordinates":[[39.94754269200007,21.33845289900006],[39.948252810000042,21.339560423000023],[39.948686590000079,21.339902104000032],[39.954370572000073,21.342254106000041],[39.958823771000027,21.339568923000058],[39.966452691000029,21.334973297000033],[39.967387416000065,21.334537778000026],[39.968147388000034,21.334252954000078],[39.968538309000053,21.334134651000056],[39.969056085000034,21.33399937400003],[39.969441184000061,21.333917002000078],[39.970409320000044,21.333797324000045],[39.971279505000041,21.333759134000047],[39.972151085000064,21.333794204000071],[39.973522413000069,21.333893175000071],[39.976147974000071,21.334090063000076],[39.977602365000052,21.334224284000072],[39.978620627000055,21.334361124000054],[39.979497907000052,21.334478962000048],[39.981905452000035,21.334827834000066],[39.982791503000044,21.334956225000042],[39.984311742000045,21.335168384000042],[39.986139184000081,21.335430412000051],[39.987352570000041,21.335604381000053],[39.988851000000068,21.335819000000072],[39.989595674000043,21.335976746000028],[39.98991333400005,21.33605964000003],[39.990074634000052,21.336108697000043],[39.990595000000042,21.336279000000047],[39.99105174400006,21.336456535000025],[39.991471697000065,21.336638142000027],[39.991601720000062,21.336694369000043],[39.991792512000075,21.336788336000041],[39.992351202000066,21.337087992000022],[39.992804592000027,21.337365677000037],[39.993096000000037,21.337567000000035],[39.993216575000076,21.337654230000055],[39.993452000000048,21.337824000000069],[39.993602639000073,21.337951242000031],[39.99365896200004,21.337998774000027],[39.994206700000063,21.33846101000006],[39.994303764000051,21.338554463000037],[39.994472922000057,21.338717325000061],[39.994792000000075,21.339050000000043],[39.995042147000049,21.339336876000061],[39.995392021000043,21.339778528000068],[39.995652000000064,21.340141000000074],[39.995958320000057,21.34061009900006],[39.996381353000061,21.341357596000023],[39.996698020000053,21.342059065000058],[39.996976540000048,21.342841210000074],[39.997211230000062,21.343769325000039],[39.997252959000036,21.344040429000074],[39.997339835000048,21.344604835000041],[39.997385370000075,21.345240382000043],[39.997384630000056,21.346098341000072],[39.997384342000032,21.346432373000027],[39.997466570000029,21.346757599000057],[39.99755140700006,21.346955553000043],[39.997653212000046,21.347034734000033],[39.998432505000039,21.34716110200003],[39.99844239600003,21.347081219000074]]},"properties":{"OBJECTID":751,"camp_label":"E/206","Transport_mode":"النقل التقليدي","Street_Camp_MIN":"شارع 206","MAKARF":"طريق الطائف - نفق الجامعة عرفات الأول - الدائري الأوسط","Street_Camp_ARF":"طريق 54","Street_MIN_Exit":"طريق الملك فهد (68 )","ASMARF":"الدائري الغربي عرفات","ASM_CODE":"ASMARF1","block":"38","camp_type":"حجاج الخارج","block_ARF":"38","ARF_ZONE2":"","_length":23550,"MAKARFT1":null,"ARF_IN":null,"ARF_OUT":null,"Shape_Length":0.061329435050793114}},{"type":"Feature","id":752,"geometry":{"type":"LineString","coordinates":[[39.94754269200007,21.33845289900006],[39.948252810000042,21.339560423000023],[39.948686590000079,21.339902104000032],[39.954370572000073,21.342254106000041],[39.958823771000027,21.339568923000058],[39.966452691000029,21.334973297000033],[39.967387416000065,21.334537778000026],[39.968147388000034,21.334252954000078],[39.968538309000053,21.334134651000056],[39.969056085000034,21.33399937400003],[39.969441184000061,21.333917002000078],[39.970409320000044,21.333797324000045],[39.971279505000041,21.333759134000047],[39.972151085000064,21.333794204000071],[39.973522413000069,21.333893175000071],[39.976147974000071,21.334090063000076],[39.977602365000052,21.334224284000072],[39.978620627000055,21.334361124000054],[39.979497907000052,21.334478962000048],[39.981905452000035,21.334827834000066],[39.982791503000044,21.334956225000042],[39.984311742000045,21.335168384000042],[39.98066797000007,21.337850254000045],[39.979933780000067,21.338390607000065],[39.979351079000025,21.33881946200006],[39.975453354000081,21.341676548000066],[39.977501105000044,21.34183405400006],[39.978269431000058,21.341953748000037],[39.978563738000048,21.342022348000057],[39.978856557000029,21.342096329000071],[39.979147775000058,21.342175660000066],[39.979437282000049,21.342260313000054],[39.979455501000075,21.342265836000024],[39.979724966000049,21.342350254000053],[39.980010717000027,21.342445449000024],[39.980037676000052,21.342454736000036],[39.980294342000036,21.342544596000039],[39.980314471000042,21.342586012000027],[39.980328010000051,21.342628481000077],[39.980334753000079,21.342672353000069],[39.980334553000034,21.342716676000066],[39.980327415000033,21.342760493000071],[39.98031349200005,21.34280285400007],[39.980293087000064,21.342842843000028],[39.980266641000071,21.342879596000046],[39.980234726000049,21.342912315000035],[39.980198032000033,21.342940295000062],[39.979172948000041,21.343554985000026],[39.97700327900003,21.344855964000033],[39.976317575000053,21.343828173000077],[39.976373863000049,21.343801432000078]]},"properties":{"OBJECTID":752,"camp_label":"F/204","Transport_mode":"النقل التقليدي","Street_Camp_MIN":"شارع 204","MAKARF":"طريق الطائف - نفق الجامعة عرفات الأول - الدائري الأوسط","Street_Camp_ARF":"طريق 54","Street_MIN_Exit":"طريق الملك فهد (68 )","ASMARF":"الدائري الغربي عرفات","ASM_CODE":"ASMARF1","block":"38","camp_type":"حجاج الخارج","block_ARF":"38","ARF_ZONE2":"","_length":23409,"MAKARFT1":null,"ARF_IN":null,"ARF_OUT":null,"Shape_Length":0.061676011160107284}},{"type":"Feature","id":753,"geometry":{"type":"LineString","coordinates":[[39.94754269200007,21.33845289900006],[39.948252810000042,21.339560423000023],[39.948686590000079,21.339902104000032],[39.954370572000073,21.342254106000041],[39.958823771000027,21.339568923000058],[39.966452691000029,21.334973297000033],[39.967387416000065,21.334537778000026],[39.968147388000034,21.334252954000078],[39.968538309000053,21.334134651000056],[39.969056085000034,21.33399937400003],[39.969441184000061,21.333917002000078],[39.970409320000044,21.333797324000045],[39.971279505000041,21.333759134000047],[39.972151085000064,21.333794204000071],[39.973522413000069,21.333893175000071],[39.976147974000071,21.334090063000076],[39.977602365000052,21.334224284000072],[39.978620627000055,21.334361124000054],[39.979497907000052,21.334478962000048],[39.981905452000035,21.334827834000066],[39.982791503000044,21.334956225000042],[39.984311742000045,21.335168384000042],[39.988851198000077,21.335819235000031],[39.989595674000043,21.335976746000028],[39.98991333400005,21.33605964000003],[39.990074634000052,21.336108697000043],[39.990594525000063,21.336279122000064],[39.99105174400006,21.336456535000025],[39.991601720000062,21.336694369000043],[39.991792514000053,21.33678833700003],[39.992351202000066,21.337087992000022],[39.992416304000074,21.337127793000036],[39.992689959000074,21.336860904000048],[39.99319164800005,21.337303198000029],[39.993575474000068,21.336920149000036],[39.993599227000061,21.336948187000075]]},"properties":{"OBJECTID":753,"camp_label":"G/206","Transport_mode":"النقل التقليدي","Street_Camp_MIN":"شارع 206","MAKARF":"طريق الطائف - نفق الجامعة عرفات الأول - الدائري الأوسط","Street_Camp_ARF":"طريق 54","Street_MIN_Exit":"طريق الملك فهد (68 )","ASMARF":"الدائري الغربي عرفات","ASM_CODE":"ASMARF1","block":"38","camp_type":"حجاج الداخل","block_ARF":"38","ARF_ZONE2":"","_length":22388,"MAKARFT1":null,"ARF_IN":null,"ARF_OUT":null,"Shape_Length":0.050301961171788916}},{"type":"Feature","id":754,"geometry":{"type":"LineString","coordinates":[[39.94754269200007,21.33845289900006],[39.948252810000042,21.339560423000023],[39.948686590000079,21.339902104000032],[39.954370572000073,21.342254106000041],[39.958823771000027,21.339568923000058],[39.966452691000029,21.334973297000033],[39.967387416000065,21.334537778000026],[39.968147388000034,21.334252954000078],[39.968538309000053,21.334134651000056],[39.969056085000034,21.33399937400003],[39.969441184000061,21.333917002000078],[39.970409320000044,21.333797324000045],[39.971279505000041,21.333759134000047],[39.972151085000064,21.333794204000071],[39.973522413000069,21.333893175000071],[39.976147974000071,21.334090063000076],[39.977602365000052,21.334224284000072],[39.978620627000055,21.334361124000054],[39.979497907000052,21.334478962000048],[39.981905452000035,21.334827834000066],[39.982791503000044,21.334956225000042],[39.984311742000045,21.335168384000042],[39.988851198000077,21.335819235000031],[39.989595674000043,21.335976746000028],[39.98991333400005,21.33605964000003],[39.990074634000052,21.336108697000043],[39.990594525000063,21.336279122000064],[39.99105174400006,21.336456535000025],[39.991601720000062,21.336694369000043],[39.991792514000053,21.33678833700003],[39.992351202000066,21.337087992000022],[39.992416304000074,21.337127793000036],[39.992660224000076,21.336889903000042],[39.992588138000031,21.336839676000068],[39.992605805000039,21.336816664000025]]},"properties":{"OBJECTID":754,"camp_label":"H/204","Transport_mode":"النقل التقليدي","Street_Camp_MIN":"شارع 204","MAKARF":"طريق الطائف - نفق الجامعة عرفات الأول - الدائري الأوسط","Street_Camp_ARF":"طريق 54","Street_MIN_Exit":"طريق الملك فهد (68 )","ASMARF":"الدائري الغربي عرفات","ASM_CODE":"ASMARF1","block":"38","camp_type":"حجاج الداخل","block_ARF":"38","ARF_ZONE2":"","_length":22399,"MAKARFT1":null,"ARF_IN":null,"ARF_OUT":null,"Shape_Length":0.04912947055986109}},{"type":"Feature","id":755,"geometry":{"type":"LineString","coordinates":[[39.94754269200007,21.33845289900006],[39.948252810000042,21.339560423000023],[39.948686590000079,21.339902104000032],[39.954370572000073,21.342254106000041],[39.958823771000027,21.339568923000058],[39.959026325000025,21.339603667000063],[39.959897492000039,21.33975309300007],[39.960990657000025,21.339927552000063],[39.962083822000068,21.340102003000027],[39.963354236000043,21.340281783000023],[39.964165537000042,21.340402728000072],[39.965538207000066,21.340588467000032],[39.969332081000061,21.341166655000052],[39.969949754000027,21.341233893000037],[39.97196415500008,21.341398955000045],[39.975453000000073,21.341677000000061],[39.975926350000066,21.341712932000064],[39.976439490000075,21.341752588000077],[39.976993002000029,21.341794974000038],[39.977327169000034,21.341820677000044],[39.977501084000039,21.341834052000024],[39.978269431000058,21.341953748000037],[39.978568372000041,21.342023475000076],[39.978604033000067,21.342032188000076],[39.978919310000038,21.342113120000022],[39.979147775000058,21.342175660000066],[39.979437493000034,21.342260158000045],[39.979455501000075,21.342265836000024],[39.979595509000035,21.342309056000033],[39.979725253000026,21.342350003000035],[39.979921347000072,21.342415042000027],[39.980037676000052,21.342454736000036],[39.980294342000036,21.342544596000039],[39.980314471000042,21.342586012000027],[39.980328010000051,21.342628481000077],[39.980334753000079,21.342672353000069],[39.980334553000034,21.342716676000066],[39.980327415000033,21.342760493000071],[39.98031349200005,21.34280285400007],[39.980293087000064,21.342842843000028],[39.980266641000071,21.342879596000046],[39.98023500000005,21.342912000000069],[39.980198032000033,21.342940295000062],[39.979253608000079,21.343506618000049],[39.979172948000041,21.343554985000026],[39.978913177000038,21.343164654000077],[39.978937845000075,21.343150253000033]]},"properties":{"OBJECTID":755,"camp_label":"I/206","Transport_mode":"النقل التقليدي","Street_Camp_MIN":"شارع 206","MAKARF":"طريق الطائف - نفق الجامعة عرفات الأول - الدائري الأوسط","Street_Camp_ARF":"طريق 54","Street_MIN_Exit":"طريق الملك فهد (68 )","ASMARF":"الدائري الغربي عرفات","ASM_CODE":"ASMARF1","block":"38","camp_type":"حجاج الداخل","block_ARF":"38","ARF_ZONE2":"","_length":22596,"MAKARFT1":null,"ARF_IN":null,"ARF_OUT":null,"Shape_Length":0.037076779616668359}},{"type":"Feature","id":783,"geometry":{"type":"LineString","coordinates":[[39.94754269200007,21.33845289900006],[39.948252810000042,21.339560423000023],[39.948686590000079,21.339902104000032],[39.954370572000073,21.342254106000041],[39.958823771000027,21.339568923000058],[39.966452691000029,21.334973297000033],[39.967387416000065,21.334537778000026],[39.968147388000034,21.334252954000078],[39.968538309000053,21.334134651000056],[39.969056085000034,21.33399937400003],[39.969441184000061,21.333917002000078],[39.970409320000044,21.333797324000045],[39.971279505000041,21.333759134000047],[39.972151085000064,21.333794204000071],[39.973522413000069,21.333893175000071],[39.976147974000071,21.334090063000076],[39.977602365000052,21.334224284000072],[39.978620627000055,21.334361124000054],[39.979497907000052,21.334478962000048],[39.981905452000035,21.334827834000066],[39.982791503000044,21.334956225000042],[39.984311742000045,21.335168384000042],[39.979933780000067,21.338390607000065],[39.975453354000081,21.341676548000066],[39.976811903000055,21.341781043000026],[39.977501105000044,21.34183405400006],[39.978269431000058,21.341953748000037],[39.978296163000039,21.341959276000068],[39.978563690000044,21.342022324000027],[39.978604033000067,21.342032188000076],[39.979147801000067,21.342175668000039],[39.979437382000071,21.342260124000063],[39.979670416000033,21.342332696000028],[39.980037676000052,21.342454736000036],[39.980294342000036,21.342544596000039],[39.98056482100003,21.342647576000047],[39.980611383000053,21.342665155000077],[39.98089477700006,21.342778332000023],[39.981829549000054,21.343133895000051],[39.981841489000033,21.343160773000022],[39.981848351000053,21.343189168000038],[39.981849934000024,21.343218243000024],[39.981846190000056,21.343247145000078],[39.981837229000064,21.343275021000068],[39.981823316000032,21.343301053000062],[39.981804860000068,21.343324476000078],[39.981782403000068,21.343344598000044],[39.981756606000033,21.343360830000051],[39.980971726000064,21.343834104000052],[39.980936499000052,21.343855345000065],[39.979901506000033,21.344479469000078],[39.979544464000071,21.343956111000068],[39.979597443000046,21.343930752000063]]},"properties":{"OBJECTID":783,"camp_label":"44/68","Transport_mode":"النقل التقليدي","Street_Camp_MIN":"شارع 68","MAKARF":"طريق الطائف - نفق الجامعة عرفات الأول - الدائري الأوسط","Street_Camp_ARF":"طريق 54","Street_MIN_Exit":"طريق الملك فهد (68 )","ASMARF":"الدائري الشرقي عرفات","ASM_CODE":"ASMARF1","block":"88B","camp_type":"حجاج الخارج","block_ARF":"88B","ARF_ZONE2":"ARF2","_length":22696,"MAKARFT1":null,"ARF_IN":null,"ARF_OUT":null,"Shape_Length":0.060971877494618722}},{"type":"Feature","id":784,"geometry":{"type":"LineString","coordinates":[[39.94754269200007,21.33845289900006],[39.948252810000042,21.339560423000023],[39.948686590000079,21.339902104000032],[39.95437045500006,21.342254175000051],[39.954370572000073,21.342254106000041],[39.955214053000077,21.341746444000023],[39.95665136000008,21.340876285000036],[39.957739140000058,21.340217757000062],[39.958823771000027,21.339568923000058],[39.960442163000039,21.338577470000075],[39.962677939000059,21.337227900000073],[39.963674408000031,21.336629292000055],[39.965102309000031,21.335764582000024],[39.966452691000029,21.334973297000033],[39.967387416000065,21.334537778000026],[39.968147388000034,21.334252954000078],[39.968538309000053,21.334134651000056],[39.969056085000034,21.33399937400003],[39.969441184000061,21.333917002000078],[39.969441523000057,21.333916960000067],[39.970409320000044,21.333797324000045],[39.971279505000041,21.333759134000047],[39.972151085000064,21.333794204000071],[39.973522413000069,21.333893175000071],[39.976147974000071,21.334090063000076],[39.977602365000052,21.334224284000072],[39.978620627000055,21.334361124000054],[39.979497907000052,21.334478962000048],[39.981905452000035,21.334827834000066],[39.982791503000044,21.334956225000042],[39.984311742000045,21.335168384000042],[39.988851198000077,21.335819235000031],[39.989595674000043,21.335976746000028],[39.98991333400005,21.33605964000003],[39.990074634000052,21.336108697000043],[39.990594525000063,21.336279122000064],[39.99105174400006,21.336456535000025],[39.991601720000062,21.336694369000043],[39.991792512000075,21.336788336000041],[39.992351202000066,21.337087992000022],[39.992804592000027,21.337365677000037],[39.99309629000004,21.337567412000055],[39.993452297000033,21.337824367000053],[39.994206700000063,21.33846101000006],[39.994472922000057,21.338717325000061],[39.994792016000076,21.339050093000026],[39.995042147000049,21.339336876000061],[39.995392021000043,21.339778528000068],[39.995651810000027,21.34014140000005],[39.995958320000057,21.34061009900006],[39.996381353000061,21.341357596000023],[39.996698020000053,21.342059065000058],[39.996976540000048,21.342841210000074],[39.997211230000062,21.34376932400005],[39.997339835000048,21.344604835000041],[39.997337702000038,21.344635206000078],[39.997334698000031,21.344645613000068],[39.997327512000027,21.344654809000076],[39.997310216000074,21.344673909000051],[39.997252113000059,21.34472491300005],[39.997191895000071,21.344767832000059],[39.997140123000065,21.344798063000042],[39.996649713000068,21.345091715000024],[39.996160563000046,21.345396684000036],[39.995619391000048,21.345732670000075],[39.99477203500004,21.346252186000072],[39.993932314000062,21.34677982200003],[39.993200467000065,21.347233577000054],[39.992443997000066,21.347703152000065],[39.991488313000048,21.34829056600006],[39.99033677500006,21.34901265600007],[39.989335598000025,21.34962766700005],[39.988731235000046,21.349993709000046],[39.988162524000074,21.350294986000051],[39.985186054000053,21.351683482000055],[39.98290570000006,21.352742626000065],[39.982332004000057,21.353025279000065],[39.981298937000076,21.353651520000028],[39.976326562000054,21.35666113800005],[39.975679312000068,21.357046987000047],[39.974973074000047,21.356057018000058],[39.974355782000032,21.356434116000059],[39.974390906000053,21.356490848000078]]},"properties":{"OBJECTID":784,"camp_label":"1/114","Transport_mode":"النقل التقليدي","Street_Camp_MIN":"شارع 114","MAKARF":"طريق الطائف - نفق الجامعة عرفات الأول - الدائري الأوسط","Street_Camp_ARF":"طريق 62","Street_MIN_Exit":"طريق الجوهرة (56)","ASMARF":"الدائري الغربي عرفات","ASM_CODE":"ASMARF1","block":"11","camp_type":"حجاج الخارج","block_ARF":"11","ARF_ZONE2":"ARF ZONE 13","_length":21289,"MAKARFT1":4165,"ARF_IN":62,"ARF_OUT":62,"Shape_Length":0.08498716666342343}},{"type":"Feature","id":785,"geometry":{"type":"LineString","coordinates":[[39.94754269200007,21.33845289900006],[39.948252810000042,21.339560423000023],[39.948686590000079,21.339902104000032],[39.95437045500006,21.342254175000051],[39.955214053000077,21.341746444000023],[39.95665136000008,21.340876285000036],[39.957739140000058,21.340217757000062],[39.958823771000027,21.339568923000058],[39.960442163000039,21.338577470000075],[39.963675726000076,21.336628494000024],[39.965102309000031,21.335764582000024],[39.966452691000029,21.334973297000033],[39.967387416000065,21.334537778000026],[39.968147388000034,21.334252954000078],[39.968538309000053,21.334134651000056],[39.969056085000034,21.33399937400003],[39.969441523000057,21.333916960000067],[39.970409320000044,21.333797324000045],[39.971279505000041,21.333759134000047],[39.972151085000064,21.333794204000071],[39.97352200000006,21.333893000000046],[39.97614800000008,21.33409000000006],[39.977602000000047,21.334224000000063],[39.978621000000032,21.334361000000058],[39.984311742000045,21.335168384000042],[39.988851198000077,21.335819235000031],[39.989595674000043,21.335976746000028],[39.989913000000058,21.336060000000032],[39.990074634000052,21.336108697000043],[39.990595000000042,21.336279000000047],[39.99105174400006,21.336456535000025],[39.991471697000065,21.336638142000027],[39.991601720000062,21.336694369000043],[39.991792514000053,21.33678833700003],[39.992351202000066,21.337087992000022],[39.992416304000074,21.337127793000036],[39.992805000000033,21.337366000000031],[39.993096000000037,21.337567000000035],[39.993452297000033,21.337824367000053],[39.99365896200004,21.337998774000027],[39.994206700000063,21.33846101000006],[39.994303764000051,21.338554463000037],[39.994472922000057,21.338717325000061],[39.994792000000075,21.339050000000043],[39.995042147000049,21.339336876000061],[39.995392021000043,21.339778528000068],[39.995651810000027,21.34014140000005],[39.995958320000057,21.34061009900006],[39.996381353000061,21.341357596000023],[39.996698020000053,21.342059065000058],[39.996976540000048,21.342841210000074],[39.997211230000062,21.34376932400005],[39.997339835000048,21.344604835000041],[39.997385370000075,21.345240382000043],[39.997384342000032,21.346432373000027],[39.997466570000029,21.346757599000057],[39.99755140700006,21.346955553000043],[39.997653212000046,21.347034734000033],[39.998432505000039,21.34716110200003],[39.998832625000034,21.347223807000034],[39.998845691000042,21.347148367000045]]},"properties":{"OBJECTID":785,"camp_label":"1/116","Transport_mode":"النقل التقليدي","Street_Camp_MIN":"شارع 116","MAKARF":"طريق الطائف - نفق الجامعة عرفات الأول - الدائري الأوسط","Street_Camp_ARF":"طريق 62","Street_MIN_Exit":"طريق الجوهرة (56)","ASMARF":"الدائري الغربي عرفات","ASM_CODE":"ASMARF1","block":"17","camp_type":"حجاج الخارج","block_ARF":"17","ARF_ZONE2":"ARF ZONE 10","_length":19178,"MAKARFT1":null,"ARF_IN":62,"ARF_OUT":62,"Shape_Length":0.061730660207967317}},{"type":"Feature","id":786,"geometry":{"type":"LineString","coordinates":[[40.00517823000007,21.328710576000049],[40.001665469000045,21.330447043000049],[39.999634566000054,21.331432715000062],[39.997618553000052,21.332540480000034],[39.996834841000066,21.333015973000045],[39.995822902000043,21.333517219000043],[39.994872963000034,21.334088969000049],[39.99424463400004,21.334544582000035],[39.993634172000043,21.33507762000005],[39.991938696000034,21.336478406000026],[39.991492396000069,21.336790116000032],[39.990670257000033,21.337407892000044],[39.989441315000079,21.338335753000024],[39.988781688000074,21.33886601100005],[39.988465451000025,21.339138481000077],[39.988205200000039,21.339372234000052],[39.988013132000049,21.339550902000042],[39.987766069000031,21.339787913000066],[39.987685873000032,21.339866604000065],[39.987434000000064,21.340121000000067],[39.98719189500008,21.340374422000025],[39.986825655000075,21.340777374000027],[39.986482516000081,21.341149893000022],[39.98613415300008,21.341518133000022],[39.985780625000075,21.341882027000054],[39.985331676000044,21.342329684000049],[39.984316125000078,21.343292901000041],[39.983937721000075,21.343634136000048],[39.983672493000029,21.343868018000023],[39.983866915000078,21.343979112000056],[39.984065634000046,21.344100449000052],[39.984260389000042,21.344227302000036],[39.984451005000039,21.344359558000065],[39.984637313000064,21.344497098000033],[39.984819145000074,21.34463979800006],[39.984998100000041,21.344789048000052],[39.98516873300008,21.344940166000072],[39.985336176000033,21.34509756500006],[39.985338255000045,21.345099580000067],[39.985498518000043,21.345259587000044],[39.985500733000038,21.345261866000044],[39.985655613000063,21.345426086000032],[39.985809761000041,21.345599751000066],[39.985863786000039,21.345664514000077],[39.985953503000076,21.345771920000061],[39.985835277000035,21.345842350000055],[39.985232733000032,21.346201292000046],[39.984435273000031,21.346676344000059],[39.984365856000068,21.346717695000052],[39.982744226000079,21.347683687000028],[39.981885601000045,21.34820015400004],[39.981128150000075,21.34865618300006],[39.980161779000071,21.349238811000077],[39.978144788000066,21.350458397000068],[39.97806242200005,21.350508175000073],[39.97773426200007,21.350706498000022],[39.97549915500008,21.352057247000062],[39.975006447000055,21.352355001000035],[39.974513735000073,21.352652753000029],[39.973325196000076,21.353363586000057],[39.973303374000068,21.35338119100004],[39.973285066000074,21.353402015000029],[39.973270803000048,21.353425452000067],[39.973261001000026,21.353450819000045],[39.973255946000052,21.353477378000036],[39.97325578400006,21.35350435600003],[39.973260521000043,21.353530966000051],[39.973270018000051,21.35355643500003],[39.973283999000046,21.353580020000038],[39.97375554000007,21.354295040000068],[39.973766433000037,21.354318362000072],[39.97377321700003,21.354343012000072],[39.97377571800007,21.35436836100007],[39.973773874000074,21.354393758000072],[39.973767729000031,21.354418555000052],[39.973757443000068,21.354442118000065],[39.973344823000048,21.354678980000074],[39.973310443000059,21.354626462000056]]},"properties":{"OBJECTID":786,"camp_label":"1/204","Transport_mode":"النقل التقليدي","Street_Camp_MIN":"شارع 204","MAKARF":"طريق الطائف - طريق صاد - الدائري الشرقي","Street_Camp_ARF":"طريق 56","Street_MIN_Exit":"طريق الجوهرة (56)","ASMARF":"الدائري الغربي عرفات","ASM_CODE":"ASMARF4","block":"29","camp_type":"حجاج الخارج","block_ARF":"29","ARF_ZONE2":"ARF NODE 30","_length":18422,"MAKARFT1":1265.5,"ARF_IN":null,"ARF_OUT":null,"Shape_Length":0.046049288608038974}},{"type":"Feature","id":787,"geometry":{"type":"LineString","coordinates":[[39.94754269200007,21.33845289900006],[39.948252810000042,21.339560423000023],[39.948686590000079,21.339902104000032],[39.95437045500006,21.342254175000051],[39.955214053000077,21.341746444000023],[39.95665136000008,21.340876285000036],[39.957739140000058,21.340217757000062],[39.958823771000027,21.339568923000058],[39.959897492000039,21.33975309300007],[39.962083822000068,21.340102003000027],[39.963354236000043,21.340281783000023],[39.964165537000042,21.340402728000072],[39.965538207000066,21.340588467000032],[39.969332081000061,21.341166655000052],[39.969949754000027,21.341233893000037],[39.97196415500008,21.341398955000045],[39.975204524000048,21.341657407000071],[39.977501105000044,21.34183405400006],[39.978269431000058,21.341953748000037],[39.978296163000039,21.341959276000068],[39.978568372000041,21.342023475000076],[39.978604033000067,21.342032188000076],[39.978919310000038,21.342113120000022],[39.979147775000058,21.342175660000066],[39.979437493000034,21.342260158000045],[39.979455501000075,21.342265836000024],[39.979595509000035,21.342309056000033],[39.979747590000045,21.34235757700003],[39.980037676000052,21.342454736000036],[39.980294342000036,21.342544596000039],[39.98056482100003,21.342647576000047],[39.980611383000053,21.342665155000077],[39.98089477700006,21.342778332000023],[39.981829549000054,21.343133895000051],[39.983458300000052,21.343753415000037],[39.983664668000074,21.343863542000065],[39.983672493000029,21.343868018000023],[39.983866916000068,21.343979110000078],[39.98406637800008,21.344100919000027],[39.984260000000063,21.344227000000046],[39.984451005000039,21.344359558000065],[39.984535313000038,21.344421497000042],[39.984638706000055,21.344498158000079],[39.984819147000053,21.344639796000024],[39.984820729000035,21.344641081000077],[39.984998100000041,21.344789048000052],[39.985040992000052,21.344827530000032],[39.98516873300008,21.344940166000072],[39.985336179000058,21.345097562000035],[39.985338255000045,21.345099580000067],[39.985498520000078,21.345259585000065],[39.985500733000038,21.345261866000044],[39.985655613000063,21.345426086000032],[39.985809761000041,21.345599751000066],[39.985953503000076,21.345771920000061],[39.985835277000035,21.345842350000055],[39.985233000000051,21.346201000000065],[39.984435273000031,21.346676344000059],[39.984365856000068,21.346717695000052],[39.98364353900007,21.347147922000033],[39.982744226000079,21.347683687000028],[39.981885601000045,21.34820015400004],[39.981128150000075,21.34865618300006],[39.980161779000071,21.349238811000077],[39.978808339000068,21.350057176000064],[39.978347992000067,21.350335528000073],[39.97549915500008,21.352057247000062],[39.975974609000048,21.352807311000049],[39.976142795000044,21.353078207000067],[39.975790299000039,21.353285279000033],[39.975580019000063,21.353401948000055],[39.974859798000068,21.353816260000031],[39.974846572000047,21.353824196000062],[39.97486432900007,21.353851115000055]]},"properties":{"OBJECTID":787,"camp_label":"1/206","Transport_mode":"النقل التقليدي","Street_Camp_MIN":"شارع 206","MAKARF":"طريق الطائف - نفق الجامعة عرفات الأول - الدائري الأوسط","Street_Camp_ARF":"شارع 52","Street_MIN_Exit":"طريق الجوهرة (56)","ASMARF":"الدائري الغربي عرفات","ASM_CODE":"ASMARF1","block":"33","camp_type":"حجاج الخارج","block_ARF":"33","ARF_ZONE2":"مسار رقم 1","_length":15979,"MAKARFT1":null,"ARF_IN":null,"ARF_OUT":null,"Shape_Length":0.056486372616691233}},{"type":"Feature","id":788,"geometry":{"type":"LineString","coordinates":[[39.967559644000062,21.327004457000044],[39.968701503000034,21.330313905000025],[39.969441184000061,21.333917002000078],[39.969441523000057,21.333916960000067],[39.970409320000044,21.333797324000045],[39.971279505000041,21.333759134000047],[39.972151085000064,21.333794204000071],[39.973522413000069,21.333893175000071],[39.976147974000071,21.334090063000076],[39.977602365000052,21.334224284000072],[39.978620627000055,21.334361124000054],[39.979497907000052,21.334478962000048],[39.981905452000035,21.334827834000066],[39.982791503000044,21.334956225000042],[39.984311742000045,21.335168384000042],[39.988851198000077,21.335819235000031],[39.989595674000043,21.335976746000028],[39.98991333400005,21.33605964000003],[39.990074634000052,21.336108697000043],[39.990594525000063,21.336279122000064],[39.99105174400006,21.336456535000025],[39.991471697000065,21.336638142000027],[39.991485818000058,21.336645660000045],[39.991498393000029,21.336655290000067],[39.991509065000059,21.33666676100006],[39.991518000000042,21.336680000000058],[39.991524000000027,21.336694000000023],[39.991526958000065,21.336708759000032],[39.99152765000008,21.336723963000054],[39.991525610000053,21.336739059000024],[39.991520896000054,21.336753621000071],[39.991513640000051,21.336767235000025],[39.991504000000077,21.336780000000033],[39.991492396000069,21.336790116000032],[39.991479009000045,21.336798733000023],[39.990670257000033,21.337407892000044],[39.989441315000079,21.338335753000024],[39.989303000000064,21.338442000000043],[39.989046706000067,21.33864668700005],[39.988746000000049,21.338896000000034],[39.988521028000036,21.339089873000034],[39.988264814000047,21.339318195000033],[39.988013132000049,21.339550902000042],[39.987766069000031,21.339787913000066],[39.987434000000064,21.340121000000067],[39.987417828000048,21.340242019000073],[39.987450888000069,21.340354800000057],[39.98753182300004,21.340525072000048],[39.987577927000075,21.340492925000035]]},"properties":{"OBJECTID":788,"camp_label":"1/518","Transport_mode":"النقل التقليدي","Street_Camp_MIN":"شارع 518","MAKARF":"طريق الطائف - جسر الجامعة عرفات الثاني - الدائري الشرقي","Street_Camp_ARF":"طريق 56","Street_MIN_Exit":"طريق الجوهرة (56)","ASMARF":"الدائري الشرقي عرفات","ASM_CODE":"ASMARF2","block":"8-6","camp_type":"حجاج الخارج","block_ARF":"8-6","ARF_ZONE2":"ARF ZONE 14","_length":17350,"MAKARFT1":null,"ARF_IN":56,"ARF_OUT":56,"Shape_Length":0.035408364813236858}},{"type":"Feature","id":790,"geometry":{"type":"LineString","coordinates":[[39.967559644000062,21.327004457000044],[39.968701503000034,21.330313905000025],[39.969136646000038,21.332426045000034],[39.969177875000071,21.332632126000078],[39.969261667000069,21.333021962000032],[39.969465807000063,21.334053084000061],[39.969210349000036,21.334102546000054],[39.968956457000047,21.334158640000055],[39.968704327000069,21.334221322000076],[39.968454153000039,21.334290546000034],[39.968206129000066,21.334366257000056],[39.967960447000053,21.334448396000028],[39.967717295000057,21.334536901000035],[39.967476863000059,21.334631702000024],[39.967239335000045,21.334732727000073],[39.967004895000059,21.334839898000041],[39.96654600200003,21.335072340000067],[39.96632190300005,21.335197433000076],[39.959026325000025,21.339603667000063],[39.959897492000039,21.33975309300007],[39.962083822000068,21.340102003000027],[39.963354236000043,21.340281783000023],[39.964165537000042,21.340402728000072],[39.965538207000066,21.340588467000032],[39.969332081000061,21.341166655000052],[39.969949754000027,21.341233893000037],[39.97196415500008,21.341398955000045],[39.975204524000048,21.341657407000071],[39.977501105000044,21.34183405400006],[39.978269431000058,21.341953748000037],[39.978568372000041,21.342023475000076],[39.978865776000077,21.342098751000037],[39.979161524000062,21.342179549000036],[39.979455501000075,21.342265836000024],[39.979747590000045,21.34235757700003],[39.980037676000052,21.342454736000036],[39.980294342000036,21.342544596000039],[39.98032564500005,21.342557276000036],[39.980611383000053,21.342665155000077],[39.98089477700006,21.342778332000023],[39.983458300000052,21.343753415000037],[39.983664411000063,21.343863399000043],[39.983866916000068,21.343979111000067],[39.984065635000036,21.344100447000073],[39.984260391000078,21.344227300000057],[39.984451007000075,21.344359556000029],[39.984637315000043,21.344497095000065],[39.984819147000053,21.344639796000024],[39.984998100000041,21.344789048000052],[39.985168735000059,21.344940164000036],[39.985336178000068,21.345097563000024],[39.985338255000045,21.345099580000067],[39.985498520000078,21.345259585000065],[39.985500733000038,21.345261866000044],[39.985655614000052,21.345426085000042],[39.985809761000041,21.345599751000066],[39.985953503000076,21.345771920000061],[39.986637838000036,21.346596446000035],[39.986976172000027,21.346374927000056],[39.987167216000046,21.346287945000029],[39.987352614000031,21.346179903000063],[39.987810929000034,21.345912816000066],[39.989028553000026,21.34514512800007],[39.989017192000063,21.345114842000044]]},"properties":{"OBJECTID":790,"camp_label":"1/56","Transport_mode":"النقل التقليدي","Street_Camp_MIN":"شارع 56","MAKARF":"طريق الطائف - جسر الجامعة عرفات الثاني - الدائري الشرقي","Street_Camp_ARF":"طريق 510","Street_MIN_Exit":"طريق الجوهرة (56)","ASMARF":"الدائري الغربي عرفات","ASM_CODE":"ASMARF2","block":"14","camp_type":"حجاج الخارج","block_ARF":"14","ARF_ZONE2":"ARF ZONE 6","_length":17113,"MAKARFT1":null,"ARF_IN":56,"ARF_OUT":56,"Shape_Length":0.051233478176207027}},{"type":"Feature","id":791,"geometry":{"type":"LineString","coordinates":[[39.94754269200007,21.33845289900006],[39.948252810000042,21.339560423000023],[39.948686590000079,21.339902104000032],[39.95437045500006,21.342254175000051],[39.955214053000077,21.341746444000023],[39.95665136000008,21.340876285000036],[39.957739140000058,21.340217757000062],[39.958823771000027,21.339568923000058],[39.959897492000039,21.33975309300007],[39.962083822000068,21.340102003000027],[39.963354236000043,21.340281783000023],[39.964165537000042,21.340402728000072],[39.965538207000066,21.340588467000032],[39.969332081000061,21.341166655000052],[39.969949754000027,21.341233893000037],[39.97196415500008,21.341398955000045],[39.975204524000048,21.341657407000071],[39.977501105000044,21.34183405400006],[39.978269431000058,21.341953748000037],[39.978568372000041,21.342023475000076],[39.978865776000077,21.342098751000037],[39.979161524000062,21.342179549000036],[39.979455501000075,21.342265836000024],[39.979747590000045,21.34235757700003],[39.980037676000052,21.342454736000036],[39.980294342000036,21.342544596000039],[39.98032564500005,21.342557276000036],[39.980611383000053,21.342665155000077],[39.98089477700006,21.342778332000023],[39.983458300000052,21.343753415000037],[39.983664410000074,21.343863399000043],[39.983866915000078,21.343979112000056],[39.984065634000046,21.344100449000052],[39.984260388000052,21.344227303000025],[39.984451005000039,21.344359558000065],[39.984637312000075,21.344497098000033],[39.984819144000028,21.344639799000049],[39.984998100000041,21.344789048000052],[39.985168732000034,21.344940167000061],[39.985336176000033,21.34509756500006],[39.985338255000045,21.345099580000067],[39.985498518000043,21.345259587000044],[39.985500733000038,21.345261866000044],[39.985655613000063,21.345426087000078],[39.985809761000041,21.345599751000066],[39.985953503000076,21.345771920000061],[39.985835277000035,21.345842350000055],[39.985232733000032,21.346201292000046],[39.984435273000031,21.346676344000059],[39.982744226000079,21.347683687000028],[39.98266900200008,21.347728497000048],[39.982290258000035,21.347956751000027],[39.981888137000055,21.348198629000024],[39.981885601000045,21.34820015400004],[39.981128150000075,21.34865618300006],[39.980161779000071,21.349238811000077],[39.97806242200005,21.350508175000073],[39.978415480000081,21.351010956000039],[39.978392183000039,21.351024984000048]]},"properties":{"OBJECTID":791,"camp_label":"10/56","Transport_mode":"النقل التقليدي","Street_Camp_MIN":"شارع 56","MAKARF":"طريق الطائف - نفق الجامعة عرفات الأول - الدائري الأوسط","Street_Camp_ARF":"طريق 56","Street_MIN_Exit":"طريق الجوهرة (56)","ASMARF":"الدائري الأوسط 83","ASM_CODE":"ASMARF1","block":"50B","camp_type":"حجاج الخارج","block_ARF":"50B","ARF_ZONE2":"ARF ZONE 15","_length":17031,"MAKARFT1":4155,"ARF_IN":56,"ARF_OUT":56,"Shape_Length":0.051398153887529018}},{"type":"Feature","id":792,"geometry":{"type":"LineString","coordinates":[[39.990743021000071,21.329642170000056],[39.990451545000042,21.330835190000073],[39.989611008000054,21.333919417000061],[39.988851198000077,21.335819235000031],[39.988808612000071,21.335952845000065],[39.988095285000043,21.335830538000039],[39.986712200000056,21.335650719000057],[39.98613785100008,21.33556967800007],[39.986135090000062,21.335858069000039],[39.986188852000055,21.335914224000078],[39.986238056000047,21.335973935000027],[39.986282435000078,21.336036877000026],[39.986321749000069,21.336102709000045],[39.986355784000068,21.336171074000049],[39.986384355000041,21.336241600000051],[39.986407308000025,21.336313906000044],[39.986424518000035,21.336387598000044],[39.986456665000048,21.336580235000042],[39.986482207000051,21.336773738000034],[39.986501119000025,21.336967908000076],[39.986513382000055,21.337162546000059],[39.986518796000041,21.337234600000045],[39.986531111000033,21.337305905000051],[39.986550227000066,21.33737588200006],[39.986575989000073,21.337443963000055],[39.986608187000058,21.337509595000029],[39.986646561000043,21.337572244000057],[39.986690798000041,21.337631403000046],[39.986740540000028,21.337686591000022],[39.98689930200004,21.337847415000056],[39.986932167000077,21.337813607000044]]},"properties":{"OBJECTID":792,"camp_label":"10/62","Transport_mode":"النقل التقليدي","Street_Camp_MIN":"شارع 62","MAKARF":"طريق الطائف - مواقف حجاج البر بعرفات","Street_Camp_ARF":"طريق 54","Street_MIN_Exit":"طريق الجوهرة (56)","ASMARF":"الدائري الشرقي عرفات","ASM_CODE":"ASMARF3","block":"49","camp_type":"حجاج الخارج","block_ARF":"49","ARF_ZONE2":"ARF ZONE 12","_length":16632,"MAKARFT1":null,"ARF_IN":56,"ARF_OUT":56,"Shape_Length":0.011849304851592694}},{"type":"Feature","id":793,"geometry":{"type":"LineString","coordinates":[[39.94754269200007,21.33845289900006],[39.948252810000042,21.339560423000023],[39.948686590000079,21.339902104000032],[39.95437045500006,21.342254175000051],[39.955214053000077,21.341746444000023],[39.95665136000008,21.340876285000036],[39.957739140000058,21.340217757000062],[39.958823771000027,21.339568923000058],[39.960442163000039,21.338577470000075],[39.962677939000059,21.337227900000073],[39.963674408000031,21.336629292000055],[39.965102309000031,21.335764582000024],[39.966452691000029,21.334973297000033],[39.967387416000065,21.334537778000026],[39.968147388000034,21.334252954000078],[39.968538309000053,21.334134651000056],[39.969056085000034,21.33399937400003],[39.969441523000057,21.333916960000067],[39.970409320000044,21.333797324000045],[39.971279505000041,21.333759134000047],[39.972151085000064,21.333794204000071],[39.973522413000069,21.333893175000071],[39.976147974000071,21.334090063000076],[39.977602365000052,21.334224284000072],[39.979497907000052,21.334478962000048],[39.981905452000035,21.334827834000066],[39.982791503000044,21.334956225000042],[39.984311741000056,21.335168384000042],[39.988851198000077,21.335819235000031],[39.989595674000043,21.335976746000028],[39.989913331000025,21.336059639000041],[39.990074634000052,21.336108697000043],[39.990594525000063,21.336279122000064],[39.99105174400006,21.336456535000025],[39.991601720000062,21.336694369000043],[39.991792514000053,21.33678833700003],[39.992351202000066,21.337087992000022],[39.992804592000027,21.337365677000037],[39.99309629000004,21.337567412000055],[39.993452297000033,21.337824367000053],[39.994206700000063,21.33846101000006],[39.994472922000057,21.338717325000061],[39.994792016000076,21.339050093000026],[39.995042147000049,21.339336876000061],[39.995392021000043,21.339778528000068],[39.995651810000027,21.34014140000005],[39.995958320000057,21.34061009900006],[39.996381353000061,21.341357596000023],[39.996698020000053,21.342059065000058],[39.996976540000048,21.342841210000074],[39.997211230000062,21.34376932400005],[39.997252959000036,21.344040429000074],[39.997339835000048,21.344604835000041],[39.997337702000038,21.344635206000078],[39.997334698000031,21.344645613000068],[39.997327512000027,21.344654809000076],[39.997310216000074,21.344673909000051],[39.997252113000059,21.34472491300005],[39.997191895000071,21.344767832000059],[39.997140123000065,21.344798063000042],[39.996649712000078,21.34509171600007],[39.996160563000046,21.345396685000026],[39.995619392000037,21.345732669000029],[39.99477203500004,21.346252186000072],[39.993932314000062,21.34677982200003],[39.993200467000065,21.347233577000054],[39.992443997000066,21.347703152000065],[39.991488313000048,21.34829056600006],[39.99033677500006,21.34901265600007],[39.989335598000025,21.34962766700005],[39.988731235000046,21.349993709000046],[39.988162524000074,21.350294986000051],[39.985186054000053,21.351683482000055],[39.98290570000006,21.352742626000065],[39.982332004000057,21.353025279000065],[39.981298937000076,21.353651520000028],[39.979296676000047,21.354863366000075],[39.979109669000024,21.354558306000058],[39.97863114300003,21.354315202000066],[39.978590479000047,21.354380508000077]]},"properties":{"OBJECTID":793,"camp_label":"11/204","Transport_mode":"النقل التقليدي","Street_Camp_MIN":"شارع 204","MAKARF":"طريق الطائف - نفق الجامعة عرفات الأول - الدائري الأوسط","Street_Camp_ARF":"طريق 62","Street_MIN_Exit":"طريق الجوهرة (56)","ASMARF":"الدائري الغربي عرفات","ASM_CODE":"ASMARF1","block":"39","camp_type":"حجاج الخارج","block_ARF":"39","ARF_ZONE2":"","_length":20601,"MAKARFT1":722.5,"ARF_IN":null,"ARF_OUT":null,"Shape_Length":0.079727143792552108}},{"type":"Feature","id":794,"geometry":{"type":"LineString","coordinates":[[39.94754269200007,21.33845289900006],[39.948252810000042,21.339560423000023],[39.948686590000079,21.339902104000032],[39.954370572000073,21.342254106000041],[39.958823771000027,21.339568923000058],[39.959897492000039,21.33975309300007],[39.962083822000068,21.340102003000027],[39.964165537000042,21.340402728000072],[39.965538207000066,21.340588467000032],[39.969332081000061,21.341166655000052],[39.969949754000027,21.341233893000037],[39.97196415500008,21.341398955000045],[39.975453354000081,21.341676548000066],[39.977501084000039,21.341834052000024],[39.978296163000039,21.341959276000068],[39.978568372000041,21.342023475000076],[39.979147801000067,21.342175668000039],[39.979595509000035,21.342309056000033],[39.979867254000055,21.342401291000044],[39.980294342000036,21.342544596000039],[39.983664411000063,21.343863398000053],[39.983866916000068,21.343979110000078],[39.98406637800008,21.344100919000027],[39.984260000000063,21.344227000000046],[39.984328099000038,21.344274259000031],[39.984535313000038,21.344421497000042],[39.984723938000059,21.34457578100006],[39.984819147000053,21.344639795000035],[39.984998100000041,21.344789048000052],[39.985170661000041,21.344941926000047],[39.985336179000058,21.345097562000035],[39.985498520000078,21.345259585000065],[39.985657949000029,21.345428640000023],[39.985864480000032,21.345664065000051],[39.985953503000076,21.345771920000061],[39.982290258000035,21.347956751000027],[39.982350801000052,21.348040797000067],[39.98296887500004,21.348953777000077],[39.982989729000053,21.348943660000032]]},"properties":{"OBJECTID":794,"camp_label":"11/50","Transport_mode":"النقل التقليدي","Street_Camp_MIN":"شارع 50","MAKARF":"طريق الطائف - نفق الجامعة عرفات الأول - الدائري الأوسط","Street_Camp_ARF":"طريق 56","Street_MIN_Exit":"طريق الجوهرة (56)","ASMARF":"الدائري الأوسط 83","ASM_CODE":"ASMARF1","block":"50","camp_type":"حجاج الخارج","block_ARF":"50","ARF_ZONE2":"ARF ZONE 7","_length":13232,"MAKARFT1":1497,"ARF_IN":54,"ARF_OUT":56,"Shape_Length":0.047046167569657994}},{"type":"Feature","id":795,"geometry":{"type":"LineString","coordinates":[[39.94754269200007,21.33845289900006],[39.948252810000042,21.339560423000023],[39.948686590000079,21.339902104000032],[39.95437045500006,21.342254175000051],[39.955214053000077,21.341746444000023],[39.95665136000008,21.340876285000036],[39.957739140000058,21.340217757000062],[39.958823771000027,21.339568923000058],[39.959897492000039,21.33975309300007],[39.962083822000068,21.340102003000027],[39.963354236000043,21.340281783000023],[39.964165537000042,21.340402728000072],[39.965538207000066,21.340588467000032],[39.969332081000061,21.341166655000052],[39.969949754000027,21.341233893000037],[39.97196415500008,21.341398955000045],[39.975204524000048,21.341657407000071],[39.977501105000044,21.34183405400006],[39.978269431000058,21.341953748000037],[39.978568372000041,21.342023475000076],[39.978865776000077,21.342098751000037],[39.979161524000062,21.342179549000036],[39.979455501000075,21.342265836000024],[39.979747590000045,21.34235757700003],[39.980037676000052,21.342454736000036],[39.980294342000036,21.342544596000039],[39.98032564500005,21.342557276000036],[39.980611383000053,21.342665155000077],[39.98089477700006,21.342778332000023],[39.983458300000052,21.343753415000037],[39.983664668000074,21.343863542000065],[39.98386742100007,21.343979411000078],[39.98406637800008,21.344100919000027],[39.984261361000051,21.344227956000054],[39.984452194000028,21.344360409000046],[39.984638706000055,21.344498158000079],[39.984820729000035,21.344641081000077],[39.984998100000041,21.344789048000052],[39.985170661000041,21.344941926000047],[39.985338255000045,21.345099580000067],[39.985500733000038,21.345261866000044],[39.985657949000029,21.345428640000023],[39.985809761000041,21.345599751000066],[39.985953503000076,21.345771920000061],[39.987438914000052,21.347561534000079],[39.987803652000025,21.348111524000046],[39.988048065000044,21.348599213000057],[39.988278319000074,21.349219230000074],[39.988502444000062,21.349841215000026],[39.988513325000042,21.349882528000023],[39.988517823000052,21.349924871000042],[39.988515847000031,21.349967382000045],[39.988507438000056,21.350009198000066],[39.988492767000025,21.350049469000055],[39.988472131000037,21.350087376000033],[39.988445950000028,21.350122148000025],[39.988414756000054,21.350153078000062],[39.988379185000042,21.350179539000067],[39.988339957000051,21.350200990000076],[39.988162524000074,21.350294986000051],[39.985186054000053,21.351683482000055],[39.98290570000006,21.352742626000065],[39.982850790000043,21.35276454600006],[39.982793559000072,21.35278042300007],[39.982734762000064,21.352790049000077],[39.982675175000054,21.352793296000073],[39.98261558300004,21.352790122000044],[39.982556773000056,21.352780568000071],[39.982499520000033,21.35276476100006],[39.98244457900006,21.352742908000039],[39.982392675000028,21.352715299000067],[39.982344492000038,21.352682297000058],[39.982300666000071,21.352644337000072],[39.98226177500004,21.35260192100003],[39.982228331000044,21.352555607000056],[39.981922371000053,21.352070821000041],[39.981905077000079,21.352047910000067],[39.981884041000058,21.35202793600007],[39.981859821000057,21.352011427000036],[39.981833060000042,21.351998822000041],[39.981804470000043,21.351990455000077],[39.981774809000058,21.351986550000049],[39.981744865000053,21.351987209000072],[39.981715432000044,21.35199241600003],[39.98168729300005,21.35200203100004],[39.981661194000026,21.352015800000061],[39.979641389000051,21.353231633000064],[39.978411817000051,21.353976814000077],[39.978384622000078,21.353990316000022],[39.978355343000032,21.353999208000062],[39.978324865000047,21.354003223000063],[39.978294104000042,21.354002240000057],[39.978263988000037,21.353996289000065],[39.978235424000047,21.353985549000072],[39.978209274000051,21.353970343000071],[39.978186324000035,21.353951131000031],[39.977468185000077,21.35335456200005],[39.977083162000042,21.353034714000046],[39.976556825000046,21.352887422000038],[39.977213756000026,21.352484091000065],[39.977193424000063,21.352449967000041]]},"properties":{"OBJECTID":795,"camp_label":"11/62","Transport_mode":"النقل التقليدي","Street_Camp_MIN":"شارع 62","MAKARF":"طريق الطائف - نفق الجامعة عرفات الأول - الدائري الأوسط","Street_Camp_ARF":"طريق 62","Street_MIN_Exit":"طريق الجوهرة (56)","ASMARF":"الدائري الأوسط 83","ASM_CODE":"ASMARF1","block":"41","camp_type":"حجاج الخارج","block_ARF":"41","ARF_ZONE2":"ARF ZONE 13","_length":17819,"MAKARFT1":null,"ARF_IN":62,"ARF_OUT":62,"Shape_Length":0.061304005043586712}},{"type":"Feature","id":796,"geometry":{"type":"LineString","coordinates":[[39.967559644000062,21.327004457000044],[39.967578091000064,21.327037485000062],[39.96764752200005,21.327170784000032],[39.96770568800008,21.327282506000074],[39.967717248000042,21.327305851000062],[39.967770659000053,21.327413711000077],[39.967832212000076,21.327544264000039],[39.96790502500005,21.327700284000059],[39.968107109000073,21.328171681000072],[39.968214207000074,21.328460520000078],[39.968280636000031,21.328653065000026],[39.968321539000044,21.328768767000042],[39.968383609000057,21.328967263000038],[39.968430871000066,21.329139271000031],[39.968458883000039,21.329258612000046],[39.968561854000029,21.329674373000046],[39.96863191500006,21.329984139000032],[39.968701503000034,21.330313905000025],[39.969441184000061,21.333917002000078],[39.969441523000057,21.333916960000067],[39.970409320000044,21.333797324000045],[39.971279505000041,21.333759134000047],[39.972151085000064,21.333794204000071],[39.973522413000069,21.333893175000071],[39.976147974000071,21.334090063000076],[39.977602365000052,21.334224284000072],[39.978620627000055,21.334361124000054],[39.979497907000052,21.334478962000048],[39.981905452000035,21.334827834000066],[39.982791503000044,21.334956225000042],[39.984311742000045,21.335168384000042],[39.98066797000007,21.337850254000045],[39.979933780000067,21.338390607000065],[39.980551000000048,21.338939000000039],[39.980401000000029,21.339760000000069],[39.980838000000062,21.339806000000067],[39.981564976000072,21.339882259000035],[39.981514038000057,21.340095922000046],[39.981388453000079,21.340613650000023],[39.981332423000026,21.340842379000037],[39.981287620000046,21.340826497000023]]},"properties":{"OBJECTID":796,"camp_label":"12/518","Transport_mode":"النقل التقليدي","Street_Camp_MIN":"شارع 518","MAKARF":"طريق الطائف - جسر الجامعة عرفات الثاني - الدائري الشرقي","Street_Camp_ARF":"طريق 83","Street_MIN_Exit":"طريق الجوهرة (56)","ASMARF":"الدائري الشرقي عرفات","ASM_CODE":"ASMARF2","block":"7-5","camp_type":"حجاج الخارج","block_ARF":"7-5","ARF_ZONE2":"ARF ZONE 7","_length":17365,"MAKARFT1":null,"ARF_IN":56,"ARF_OUT":56,"Shape_Length":0.031459184167407735}},{"type":"Feature","id":798,"geometry":{"type":"LineString","coordinates":[[39.990743021000071,21.329642170000056],[39.990451545000042,21.330835190000073],[39.989611008000054,21.333919417000061],[39.988851198000077,21.335819235000031],[39.988711627000043,21.336257132000071],[39.988503847000061,21.336701111000025],[39.988269401000025,21.337207859000046],[39.988068871000053,21.337586084000066],[39.987908842000024,21.33788792100006],[39.987939565000033,21.337901014000067]]},"properties":{"OBJECTID":798,"camp_label":"12/62","Transport_mode":"النقل التقليدي","Street_Camp_MIN":"شارع 62","MAKARF":"طريق الطائف - مواقف حجاج البر بعرفات","Street_Camp_ARF":"طريق 54","Street_MIN_Exit":"طريق الجوهرة (56)","ASMARF":"الدائري الشرقي عرفات","ASM_CODE":"ASMARF3","block":"48","camp_type":"حجاج الخارج","block_ARF":"48","ARF_ZONE2":"ARF ZONE 1","_length":16805,"MAKARFT1":null,"ARF_IN":null,"ARF_OUT":null,"Shape_Length":0.0087822213034265684}},{"type":"Feature","id":799,"geometry":{"type":"LineString","coordinates":[[39.967559644000062,21.327004457000044],[39.967578537000065,21.327038283000036],[39.96764752200005,21.327170784000032],[39.96770568800008,21.327282506000074],[39.967770659000053,21.327413711000077],[39.967832212000076,21.327544264000039],[39.96790502500005,21.327700284000059],[39.968107109000073,21.328171681000072],[39.968214207000074,21.328460520000078],[39.968280636000031,21.328653065000026],[39.968321539000044,21.328768767000042],[39.968383609000057,21.328967263000038],[39.968458883000039,21.329258612000046],[39.968548708000071,21.329609178000055],[39.968561854000029,21.329674373000046],[39.96863191500006,21.329984139000032],[39.968701503000034,21.330313905000025],[39.969136646000038,21.332426045000034],[39.969177875000071,21.332632126000078],[39.969261667000069,21.333021962000032],[39.969465807000063,21.334053084000061],[39.969210349000036,21.334102546000054],[39.968956457000047,21.334158640000055],[39.968704327000069,21.334221322000076],[39.968454153000039,21.334290546000034],[39.968206129000066,21.334366257000056],[39.967960447000053,21.334448396000028],[39.967717295000057,21.334536901000035],[39.967476863000059,21.334631702000024],[39.967239335000045,21.334732727000073],[39.967004895000059,21.334839898000041],[39.96654600200003,21.335072340000067],[39.96632190300005,21.335197433000076],[39.959026833000053,21.339600389000054],[39.959897492000039,21.33975309300007],[39.962083822000068,21.340102003000027],[39.963354236000043,21.340281783000023],[39.964165537000042,21.340402728000072],[39.965538207000066,21.340588467000032],[39.969332081000061,21.341166655000052],[39.969949754000027,21.341233893000037],[39.97196415500008,21.341398955000045],[39.975204524000048,21.341657407000071],[39.977501105000044,21.34183405400006],[39.978269431000058,21.341953748000037],[39.978568372000041,21.342023475000076],[39.978865776000077,21.342098751000037],[39.979161524000062,21.342179549000036],[39.979455501000075,21.342265836000024],[39.979747590000045,21.34235757700003],[39.980037676000052,21.342454736000036],[39.980294342000036,21.342544596000039],[39.98032564500005,21.342557276000036],[39.980611383000053,21.342665155000077],[39.98089477700006,21.342778332000023],[39.983458300000052,21.343753415000037],[39.983664668000074,21.343863542000065],[39.983672493000029,21.343868018000023],[39.983554537000032,21.343970657000057],[39.982372369000075,21.344858612000053],[39.980823771000075,21.345835048000026],[39.98031792900008,21.34615376000005],[39.979889797000055,21.346423507000054],[39.978668238000068,21.347188829000061],[39.978661490000036,21.347261060000051],[39.979009341000051,21.347763484000041],[39.97914389400006,21.347677611000051]]},"properties":{"OBJECTID":799,"camp_label":"13/202","Transport_mode":"النقل التقليدي","Street_Camp_MIN":"شارع 202","MAKARF":"طريق الطائف - جسر الجامعة عرفات الثاني - الدائري الشرقي","Street_Camp_ARF":"طريق 56","Street_MIN_Exit":"طريق الجوهرة (56)","ASMARF":"الدائري الغربي عرفات","ASM_CODE":"ASMARF2","block":"43","camp_type":"حجاج الخارج","block_ARF":"43","ARF_ZONE2":"ARF ZONE 12","_length":17203,"MAKARFT1":4311,"ARF_IN":56,"ARF_OUT":56,"Shape_Length":0.051208931427460434}},{"type":"Feature","id":800,"geometry":{"type":"LineString","coordinates":[[39.94754269200007,21.33845289900006],[39.948252810000042,21.339560423000023],[39.948686590000079,21.339902104000032],[39.95437045500006,21.342254175000051],[39.955214053000077,21.341746444000023],[39.95665136000008,21.340876285000036],[39.957739140000058,21.340217757000062],[39.958823771000027,21.339568923000058],[39.959897492000039,21.33975309300007],[39.962083822000068,21.340102003000027],[39.963354236000043,21.340281783000023],[39.964165537000042,21.340402728000072],[39.965538207000066,21.340588467000032],[39.969332081000061,21.341166655000052],[39.969949754000027,21.341233893000037],[39.97196415500008,21.341398955000045],[39.975204524000048,21.341657407000071],[39.977501105000044,21.34183405400006],[39.978269431000058,21.341953748000037],[39.978568372000041,21.342023475000076],[39.978865776000077,21.342098751000037],[39.979161524000062,21.342179549000036],[39.979455501000075,21.342265836000024],[39.979747590000045,21.34235757700003],[39.980037676000052,21.342454736000036],[39.980294342000036,21.342544596000039],[39.98056482100003,21.342647576000047],[39.980611383000053,21.342665155000077],[39.98089477700006,21.342778332000023],[39.981829549000054,21.343133895000051],[39.983458300000052,21.343753415000037],[39.983664410000074,21.343863399000043],[39.983866915000078,21.343979112000056],[39.984065634000046,21.344100449000052],[39.984260389000042,21.344227302000036],[39.984451005000039,21.344359558000065],[39.984637313000064,21.344497098000033],[39.984819145000074,21.34463979800006],[39.984998100000041,21.344789048000052],[39.98516873300008,21.344940166000072],[39.985336176000033,21.34509756500006],[39.985338255000045,21.345099580000067],[39.985498518000043,21.345259587000044],[39.985500733000038,21.345261866000044],[39.985655613000063,21.345426086000032],[39.985809761000041,21.345599751000066],[39.985953503000076,21.345771920000061],[39.985835277000035,21.345842350000055],[39.985232733000032,21.346201292000046],[39.984435273000031,21.346676344000059],[39.982744226000079,21.347683687000028],[39.981885601000045,21.34820015400004],[39.981128150000075,21.34865618300006],[39.980161779000071,21.349238811000077],[39.978144788000066,21.350458397000068],[39.97806242200005,21.350508175000073],[39.97773426200007,21.350706498000022],[39.97549915500008,21.352057247000062],[39.975006447000055,21.352355001000035],[39.974513735000073,21.352652753000029],[39.973325196000076,21.353363586000057],[39.973303374000068,21.35338119100004],[39.973285066000074,21.353402015000029],[39.973270803000048,21.353425452000067],[39.973261001000026,21.353450819000045],[39.973255946000052,21.353477378000036],[39.97325578400006,21.35350435600003],[39.973260521000043,21.353530966000051],[39.973270018000051,21.35355643500003],[39.973283999000046,21.353580020000038],[39.97375554000007,21.354295040000068],[39.974010512000063,21.354677970000068],[39.973970160000079,21.354700352000066]]},"properties":{"OBJECTID":800,"camp_label":"13/206","Transport_mode":"النقل التقليدي","Street_Camp_MIN":"شارع 206","MAKARF":"طريق الطائف - نفق الجامعة عرفات الأول - الدائري الأوسط","Street_Camp_ARF":"شارع 510","Street_MIN_Exit":"طريق الجوهرة (56)","ASMARF":"الدائري الغربي عرفات","ASM_CODE":"ASMARF1","block":"32","camp_type":"حجاج الخارج","block_ARF":"32","ARF_ZONE2":"ARF Zone 4","_length":18949,"MAKARFT1":2343,"ARF_IN":50,"ARF_OUT":50,"Shape_Length":0.057896586393281373}},{"type":"Feature","id":801,"geometry":{"type":"LineString","coordinates":[[39.94754269200007,21.33845289900006],[39.948252810000042,21.339560423000023],[39.948686590000079,21.339902104000032],[39.954370572000073,21.342254106000041],[39.958823771000027,21.339568923000058],[39.959897492000039,21.33975309300007],[39.962083822000068,21.340102003000027],[39.964165537000042,21.340402728000072],[39.965538207000066,21.340588467000032],[39.969332081000061,21.341166655000052],[39.969949754000027,21.341233893000037],[39.97196415500008,21.341398955000045],[39.975204524000048,21.341657407000071],[39.975453354000081,21.341676548000066],[39.976811903000055,21.341781043000026],[39.977501105000044,21.34183405400006],[39.978296163000039,21.341959276000068],[39.978563690000044,21.342022324000027],[39.978604033000067,21.342032188000076],[39.979147801000067,21.342175668000039],[39.979609008000068,21.342313316000059],[39.979921347000072,21.342415042000027],[39.980294342000036,21.342544596000039],[39.981829549000054,21.343133895000051],[39.983458300000052,21.343753415000037],[39.983672493000029,21.343868018000023],[39.98406637800008,21.344100919000027],[39.984261361000051,21.344227956000054],[39.984535313000038,21.344421497000042],[39.984820729000035,21.344641081000077],[39.984998100000041,21.344789048000052],[39.985169000000042,21.344940000000065],[39.985500733000038,21.345261866000044],[39.985657949000029,21.345428640000023],[39.985953503000076,21.345771920000061],[39.984365856000068,21.346717695000052],[39.98489199800008,21.34748440900006],[39.985246337000035,21.348000763000073],[39.984903925000026,21.34821796500006],[39.984883417000049,21.348181295000074]]},"properties":{"OBJECTID":801,"camp_label":"13/50","Transport_mode":"النقل التقليدي","Street_Camp_MIN":"شارع 50","MAKARF":"طريق الطائف - نفق الجامعة عرفات الأول - الدائري الأوسط","Street_Camp_ARF":"طريق 56","Street_MIN_Exit":"طريق الجوهرة (56)","ASMARF":"الدائري الأوسط 83","ASM_CODE":"ASMARF1","block":"50","camp_type":"حجاج الخارج","block_ARF":"50","ARF_ZONE2":"ARF ZONE 7","_length":13537,"MAKARFT1":1326,"ARF_IN":54,"ARF_OUT":56,"Shape_Length":0.045404483329911052}},{"type":"Feature","id":802,"geometry":{"type":"LineString","coordinates":[[39.990743021000071,21.329642170000056],[39.990451545000042,21.330835190000073],[39.989611008000054,21.333919417000061],[39.988851198000077,21.335819235000031],[39.989595674000043,21.335976746000028],[39.989913331000025,21.336059639000041],[39.990074634000052,21.336108697000043],[39.990594525000063,21.336279122000064],[39.99105174400006,21.336456535000025],[39.991471697000065,21.336638142000027],[39.991601720000062,21.336694369000043],[39.991792512000075,21.336788336000041],[39.992351202000066,21.337087992000022],[39.992804592000027,21.337365677000037],[39.99309629000004,21.337567412000055],[39.993452297000033,21.337824367000053],[39.99365896200004,21.337998774000027],[39.993671273000075,21.338009163000038],[39.99368718900007,21.338027052000029],[39.993709859000035,21.33805942500004],[39.993726308000078,21.338094944000034],[39.993736055000056,21.338132570000027],[39.993738814000039,21.338171202000069],[39.993733165000037,21.338215780000041],[39.993723252000052,21.338246964000064],[39.993705387000034,21.338281877000043],[39.993681432000074,21.33831342700006],[39.993652087000044,21.338340690000052],[39.993556083000044,21.338436218000027],[39.993461530000047,21.338522392000073],[39.993455359000052,21.338527379000027],[39.993350140000075,21.33861397000004],[39.993240663000051,21.338695796000025],[39.993127172000072,21.338772672000061],[39.993009924000035,21.338844428000073],[39.992783036000048,21.338980023000033],[39.992720938000048,21.339013927000053],[39.992656138000029,21.339043054000058],[39.992589051000039,21.339067215000057],[39.992520111000033,21.33908625600003],[39.992449763000025,21.339100052000049],[39.992390191000027,21.339119094000068],[39.992333216000077,21.339144161000036],[39.992279530000076,21.33917494800005],[39.992229786000053,21.339211082000077],[39.992099411000027,21.339288565000061],[39.991965776000029,21.339361010000061],[39.991829103000043,21.339428296000051],[39.991689619000056,21.339490313000056],[39.991547555000068,21.339546957000039],[39.991403148000074,21.339598133000038],[39.991362239000068,21.339608388000045],[39.991320112000039,21.339612421000027],[39.991277835000062,21.33961012900005],[39.991236485000059,21.33960157000007],[39.991197113000055,21.339586961000066],[39.991160720000039,21.339566676000061],[39.991128231000062,21.33954122800003],[39.991100473000074,21.339511266000045],[39.990991220000069,21.339396444000045],[39.990964733000055,21.339372317000027],[39.990934851000077,21.339351965000048],[39.990902184000049,21.33933580300004],[39.990867394000077,21.339324160000047],[39.990970682000068,21.339166062000061]]},"properties":{"OBJECTID":802,"camp_label":"13/56","Transport_mode":"النقل التقليدي","Street_Camp_MIN":"شارع 56","MAKARF":"طريق الطائف - مواقف حجاج البر بعرفات","Street_Camp_ARF":"طريق 54","Street_MIN_Exit":"طريق الجوهرة (56)","ASMARF":"الدائري الشرقي عرفات","ASM_CODE":"ASMARF3","block":"48","camp_type":"حجاج الخارج","block_ARF":"48","ARF_ZONE2":"ARF ZONE 1","_length":17337,"MAKARFT1":null,"ARF_IN":null,"ARF_OUT":null,"Shape_Length":0.015630518542541227}},{"type":"Feature","id":803,"geometry":{"type":"LineString","coordinates":[[39.967559644000062,21.327004457000044],[39.968701503000034,21.330313905000025],[39.969441523000057,21.333916960000067],[39.970409320000044,21.333797324000045],[39.971279505000041,21.333759134000047],[39.972151085000064,21.333794204000071],[39.973522413000069,21.333893175000071],[39.976147974000071,21.334090063000076],[39.977602365000052,21.334224284000072],[39.979497907000052,21.334478962000048],[39.981905452000035,21.334827834000066],[39.982791503000044,21.334956225000042],[39.984311741000056,21.335168384000042],[39.988851198000077,21.335819235000031],[39.989595674000043,21.335976746000028],[39.989913331000025,21.336059639000041],[39.990074634000052,21.336108697000043],[39.990594525000063,21.336279122000064],[39.99105174400006,21.336456535000025],[39.991601720000062,21.336694369000043],[39.991792514000053,21.33678833700003],[39.992351202000066,21.337087992000022],[39.992804592000027,21.337365677000037],[39.99309629000004,21.337567412000055],[39.993452297000033,21.337824367000053],[39.994206700000063,21.33846101000006],[39.994472922000057,21.338717325000061],[39.994792016000076,21.339050093000026],[39.995042147000049,21.339336876000061],[39.995392021000043,21.339778528000068],[39.995651810000027,21.34014140000005],[39.995958320000057,21.34061009900006],[39.996381353000061,21.341357596000023],[39.996698020000053,21.342059065000058],[39.996976540000048,21.342841210000074],[39.997211230000062,21.34376932400005],[39.997252959000036,21.344040429000074],[39.997339835000048,21.344604835000041],[39.997337702000038,21.344635206000078],[39.997334698000031,21.344645613000068],[39.997327512000027,21.344654809000076],[39.997310216000074,21.344673909000051],[39.997252113000059,21.34472491300005],[39.997191895000071,21.344767832000059],[39.997140123000065,21.344798063000042],[39.996649712000078,21.34509171600007],[39.996160563000046,21.345396685000026],[39.995619392000037,21.345732669000029],[39.99477203500004,21.346252186000072],[39.993932314000062,21.34677982200003],[39.993200467000065,21.347233577000054],[39.993055323000078,21.347323674000052],[39.993039167000063,21.347332425000047],[39.993021666000061,21.347338495000031],[39.99300332200005,21.347341710000023],[39.992984662000026,21.347341976000052],[39.992966222000064,21.347339287000068],[39.992948531000025,21.347333720000051],[39.99293209800004,21.347325434000027],[39.992917394000074,21.347314668000024],[39.992904841000041,21.347301731000073],[39.992894801000034,21.347286993000068],[39.992887560000042,21.347270880000053],[39.992875552000044,21.347244221000039],[39.992859088000046,21.347219740000071],[39.992472260000056,21.346674059000065],[39.99240714900003,21.346591480000029],[39.992383456000027,21.346576154000047],[39.992357384000059,21.346564709000063],[39.992329650000045,21.346557462000078],[39.99230102000007,21.346554610000055],[39.992272280000066,21.346556234000047],[39.992244222000068,21.34656228800003],[39.992217537000045,21.346523403000049]]},"properties":{"OBJECTID":803,"camp_label":"13/62","Transport_mode":"النقل التقليدي","Street_Camp_MIN":"شارع 62","MAKARF":"طريق الطائف - جسر الجامعة عرفات الثاني - الدائري الشرقي","Street_Camp_ARF":"طريق 62","Street_MIN_Exit":"طريق الجوهرة (56)","ASMARF":"الدائري الشرقي عرفات","ASM_CODE":"ASMARF2","block":"42","camp_type":"حجاج الخارج","block_ARF":"42","ARF_ZONE2":"ARF ZONE 11","_length":18451,"MAKARFT1":3090.75,"ARF_IN":62,"ARF_OUT":62,"Shape_Length":0.046169200460846903}},{"type":"Feature","id":804,"geometry":{"type":"LineString","coordinates":[[39.94754269200007,21.33845289900006],[39.948252810000042,21.339560423000023],[39.948686590000079,21.339902104000032],[39.95437045500006,21.342254175000051],[39.954370572000073,21.342254106000041],[39.955214053000077,21.341746444000023],[39.95665136000008,21.340876285000036],[39.957739140000058,21.340217757000062],[39.958823771000027,21.339568923000058],[39.960442163000039,21.338577470000075],[39.962677939000059,21.337227900000073],[39.963674408000031,21.336629292000055],[39.965102309000031,21.335764582000024],[39.966452691000029,21.334973297000033],[39.967387416000065,21.334537778000026],[39.968147388000034,21.334252954000078],[39.968538309000053,21.334134651000056],[39.969056085000034,21.33399937400003],[39.969441184000061,21.333917002000078],[39.969441523000057,21.333916960000067],[39.970409320000044,21.333797324000045],[39.971279505000041,21.333759134000047],[39.972151085000064,21.333794204000071],[39.973522413000069,21.333893175000071],[39.976147974000071,21.334090063000076],[39.977602365000052,21.334224284000072],[39.978620627000055,21.334361124000054],[39.979497907000052,21.334478962000048],[39.981905452000035,21.334827834000066],[39.982791503000044,21.334956225000042],[39.984311742000045,21.335168384000042],[39.988851198000077,21.335819235000031],[39.989595674000043,21.335976746000028],[39.98991333400005,21.33605964000003],[39.990074634000052,21.336108697000043],[39.990594525000063,21.336279122000064],[39.99105174400006,21.336456535000025],[39.991601720000062,21.336694369000043],[39.991792512000075,21.336788336000041],[39.992351202000066,21.337087992000022],[39.992804592000027,21.337365677000037],[39.99309629000004,21.337567412000055],[39.993452297000033,21.337824367000053],[39.994206700000063,21.33846101000006],[39.994472922000057,21.338717325000061],[39.994792016000076,21.339050093000026],[39.995042147000049,21.339336876000061],[39.995392021000043,21.339778528000068],[39.995651810000027,21.34014140000005],[39.995958320000057,21.34061009900006],[39.996381353000061,21.341357596000023],[39.996698020000053,21.342059065000058],[39.996976540000048,21.342841210000074],[39.997211230000062,21.343769325000039],[39.997339835000048,21.344604835000041],[39.997333322000031,21.344615608000026],[39.997325026000055,21.344625246000078],[39.997315169000046,21.34463349300006],[39.997304012000029,21.344640128000037],[39.997291852000046,21.34464497700003],[39.997279012000035,21.344647909000059],[39.997265835000064,21.344648848000077],[39.99725267000008,21.344647767000026],[39.997239867000076,21.344644696000046],[39.997227768000073,21.344639716000074],[39.997216693000041,21.344632960000069],[39.997206938000033,21.344624607000071],[39.997198762000039,21.344614881000041],[39.997192382000037,21.344604038000057],[39.997187968000048,21.344592368000065],[39.997168473000045,21.344367563000048],[39.99714146000008,21.344143442000075],[39.997119998000073,21.343998952000049],[39.997071676000076,21.343733480000026],[39.996958881000069,21.343258190000029],[39.996847271000036,21.342894473000058],[39.996642690000044,21.342317295000043],[39.996545076000075,21.342065606000062],[39.99644270500005,21.341815581000048],[39.996335611000063,21.341567299000076],[39.996319276000065,21.34154733400004],[39.996299657000066,21.341530159000058],[39.996277289000034,21.341516242000068],[39.996252782000056,21.341505962000042],[39.996226804000059,21.341499600000077],[39.99620006300006,21.341497329000049],[39.996173287000033,21.341499211000041],[39.996147206000046,21.341505194000035],[39.996122532000072,21.341515116000039],[39.996043446000044,21.341562175000035],[39.99521240100006,21.342056675000038],[39.992729631000032,21.34353924800007],[39.99271245500006,21.34354965600005],[39.991935774000069,21.344020261000026],[39.99197102800008,21.344084911000039]]},"properties":{"OBJECTID":804,"camp_label":"14/520","Transport_mode":"النقل التقليدي","Street_Camp_MIN":"شارع 520","MAKARF":"طريق الطائف - نفق الجامعة عرفات الأول - الدائري الأوسط","Street_Camp_ARF":"طريق 62","Street_MIN_Exit":"طريق الجوهرة (56)","ASMARF":"الدائري الشرقي عرفات","ASM_CODE":"ASMARF1","block":"8-7","camp_type":"حجاج الخارج","block_ARF":"8-7","ARF_ZONE2":"مسار رقم 2","_length":17424,"MAKARFT1":null,"ARF_IN":null,"ARF_OUT":null,"Shape_Length":0.066494694989141581}},{"type":"Feature","id":805,"geometry":{"type":"LineString","coordinates":[[39.967559644000062,21.327004457000044],[39.968701503000034,21.330313905000025],[39.969441523000057,21.333916960000067],[39.970409320000044,21.333797324000045],[39.971279505000041,21.333759134000047],[39.972151085000064,21.333794204000071],[39.973522413000069,21.333893175000071],[39.976147974000071,21.334090063000076],[39.977602365000052,21.334224284000072],[39.979497907000052,21.334478962000048],[39.981905452000035,21.334827834000066],[39.982791503000044,21.334956225000042],[39.984311741000056,21.335168384000042],[39.988851198000077,21.335819235000031],[39.989595674000043,21.335976746000028],[39.989913331000025,21.336059639000041],[39.990074634000052,21.336108697000043],[39.990594525000063,21.336279122000064],[39.99105174400006,21.336456535000025],[39.991601720000062,21.336694369000043],[39.991792514000053,21.33678833700003],[39.992351202000066,21.337087992000022],[39.992804592000027,21.337365677000037],[39.99309629000004,21.337567412000055],[39.993452297000033,21.337824367000053],[39.994206700000063,21.33846101000006],[39.994472922000057,21.338717325000061],[39.994792016000076,21.339050093000026],[39.995042147000049,21.339336876000061],[39.995392021000043,21.339778528000068],[39.995651810000027,21.34014140000005],[39.995958320000057,21.34061009900006],[39.996381353000061,21.341357596000023],[39.996698020000053,21.342059065000058],[39.996976540000048,21.342841210000074],[39.997211230000062,21.34376932400005],[39.997252959000036,21.344040429000074],[39.997339835000048,21.344604835000041],[39.997337702000038,21.344635206000078],[39.997334698000031,21.344645613000068],[39.997327512000027,21.344654809000076],[39.997310216000074,21.344673909000051],[39.997252113000059,21.34472491300005],[39.997191895000071,21.344767832000059],[39.997140123000065,21.344798063000042],[39.996649712000078,21.34509171600007],[39.996160563000046,21.345396685000026],[39.995619392000037,21.345732669000029],[39.995454504000065,21.34583376300003],[39.995425983000075,21.345837987000039],[39.995397112000035,21.345837630000062],[39.995368721000034,21.345832702000052],[39.995341629000052,21.345823344000053],[39.995316617000071,21.345809828000029],[39.995294408000063,21.345792542000027],[39.995275640000045,21.345771984000066],[39.995260855000026,21.345748749000052],[39.994979006000051,21.345330940000053],[39.994742264000024,21.344981786000062],[39.99546556100006,21.34454895500005],[39.995438771000067,21.344507453000062]]},"properties":{"OBJECTID":805,"camp_label":"15/62","Transport_mode":"النقل التقليدي","Street_Camp_MIN":"شارع 62","MAKARF":"طريق الطائف - جسر الجامعة عرفات الثاني - الدائري الشرقي","Street_Camp_ARF":"طريق 62","Street_MIN_Exit":"طريق الجوهرة (56)","ASMARF":"الدائري الشرقي عرفات","ASM_CODE":"ASMARF2","block":"42","camp_type":"حجاج الخارج","block_ARF":"42","ARF_ZONE2":"ARF NODE 30","_length":18213,"MAKARFT1":2441.25,"ARF_IN":null,"ARF_OUT":null,"Shape_Length":0.04413720881561032}},{"type":"Feature","id":806,"geometry":{"type":"LineString","coordinates":[[39.967559644000062,21.327004457000044],[39.968701503000034,21.330313905000025],[39.969441184000061,21.333917002000078],[39.969441523000057,21.333916960000067],[39.970409320000044,21.333797324000045],[39.971279505000041,21.333759134000047],[39.972151085000064,21.333794204000071],[39.973522413000069,21.333893175000071],[39.976147974000071,21.334090063000076],[39.977602365000052,21.334224284000072],[39.978620627000055,21.334361124000054],[39.979497907000052,21.334478962000048],[39.981905452000035,21.334827834000066],[39.982791503000044,21.334956225000042],[39.984311742000045,21.335168384000042],[39.988851198000077,21.335819235000031],[39.989595674000043,21.335976746000028],[39.98991333400005,21.33605964000003],[39.990074634000052,21.336108697000043],[39.990594525000063,21.336279122000064],[39.99105174400006,21.336456535000025],[39.991601720000062,21.336694369000043],[39.991792512000075,21.336788336000041],[39.992352289000053,21.337088574000063],[39.992804592000027,21.337365677000037],[39.99309629000004,21.337567412000055],[39.993452297000033,21.337824367000053],[39.994206700000063,21.33846101000006],[39.994472922000057,21.338717325000061],[39.994792016000076,21.339050093000026],[39.995042147000049,21.339336876000061],[39.995392021000043,21.339778528000068],[39.995651810000027,21.34014140000005],[39.995958320000057,21.34061009900006],[39.996381353000061,21.341357596000023],[39.996698020000053,21.342059065000058],[39.996976540000048,21.342841210000074],[39.997211230000062,21.343769325000039],[39.997339835000048,21.344604835000041],[39.997333322000031,21.344615608000026],[39.997325026000055,21.344625246000078],[39.997315169000046,21.34463349300006],[39.997304012000029,21.344640128000037],[39.997291852000046,21.34464497700003],[39.997279012000035,21.344647909000059],[39.997265835000064,21.344648848000077],[39.99725267000008,21.344647767000026],[39.997239867000076,21.344644696000046],[39.997227768000073,21.344639716000074],[39.997216693000041,21.344632960000069],[39.997206938000033,21.344624607000071],[39.997198762000039,21.344614881000041],[39.997192382000037,21.344604038000057],[39.997187968000048,21.344592368000065],[39.997168473000045,21.344367563000048],[39.997148496000079,21.344196145000069],[39.99714146000008,21.344143442000075],[39.997071676000076,21.343733480000026],[39.99695633500005,21.343248397000025],[39.996847271000036,21.342894473000058],[39.996642690000044,21.342317295000043],[39.996545076000075,21.342065606000062],[39.99644270500005,21.341815581000048],[39.996335611000063,21.341567299000076],[39.996319276000065,21.34154733400004],[39.996299657000066,21.341530159000058],[39.996277289000034,21.341516242000068],[39.996252782000056,21.341505962000042],[39.996226804000059,21.341499600000077],[39.99620006300006,21.341497329000049],[39.996173287000033,21.341499211000041],[39.996147206000046,21.341505194000035],[39.996122532000072,21.341515116000039],[39.996043446000044,21.341562175000035],[39.994786519000058,21.342310086000055],[39.992729631000032,21.34353924800007],[39.99271245500006,21.34354965600005],[39.991188706000059,21.344472930000052],[39.991224874000068,21.344535673000053]]},"properties":{"OBJECTID":806,"camp_label":"16/520","Transport_mode":"النقل التقليدي","Street_Camp_MIN":"شارع 520","MAKARF":"طريق الطائف - جسر الجامعة عرفات الثاني - الدائري الشرقي","Street_Camp_ARF":"طريق 62","Street_MIN_Exit":"طريق الجوهرة (56)","ASMARF":"الدائري الشرقي عرفات","ASM_CODE":"ASMARF2","block":"8-7","camp_type":"حجاج الخارج","block_ARF":"8-7","ARF_ZONE2":"","_length":17524,"MAKARFT1":null,"ARF_IN":null,"ARF_OUT":null,"Shape_Length":0.049240148434800381}},{"type":"Feature","id":807,"geometry":{"type":"LineString","coordinates":[[39.990743021000071,21.329642170000056],[39.990451545000042,21.330835190000073],[39.989611008000054,21.333919417000061],[39.988851198000077,21.335819235000031],[39.989595674000043,21.335976746000028],[39.98991333400005,21.33605964000003],[39.990074634000052,21.336108697000043],[39.990594525000063,21.336279122000064],[39.99105174400006,21.336456535000025],[39.991471697000065,21.336638142000027],[39.991485818000058,21.336645660000045],[39.991498393000029,21.336655290000067],[39.991509065000059,21.33666676100006],[39.991518000000042,21.336680000000058],[39.991524000000027,21.336694000000023],[39.991526958000065,21.336708759000032],[39.99152765000008,21.336723963000054],[39.991525610000053,21.336739059000024],[39.991520896000054,21.336753621000071],[39.991513640000051,21.336767235000025],[39.99150405000006,21.336779516000036],[39.991492396000069,21.336790116000032],[39.991479009000045,21.336798733000023],[39.990670257000033,21.337407892000044],[39.989959569000064,21.337943179000035],[39.989589453000065,21.338221947000022],[39.989441315000079,21.338335753000024],[39.989486838000062,21.338393067000027],[39.989862729000038,21.338756157000034],[39.989841179000052,21.338775303000034]]},"properties":{"OBJECTID":807,"camp_label":"16/62","Transport_mode":"النقل التقليدي","Street_Camp_MIN":"شارع 62","MAKARF":"طريق الطائف - مواقف حجاج البر بعرفات","Street_Camp_ARF":"طريق 54","Street_MIN_Exit":"طريق الجوهرة (56)","ASMARF":"الدائري الشرقي عرفات","ASM_CODE":"ASMARF3","block":"48","camp_type":"حجاج الخارج","block_ARF":"48","ARF_ZONE2":"ARF ZONE 1","_length":17023,"MAKARFT1":null,"ARF_IN":null,"ARF_OUT":null,"Shape_Length":0.012603099433747832}},{"type":"Feature","id":808,"geometry":{"type":"LineString","coordinates":[[39.94754269200007,21.33845289900006],[39.948252810000042,21.339560423000023],[39.948686590000079,21.339902104000032],[39.95437045500006,21.342254175000051],[39.955214053000077,21.341746444000023],[39.95665136000008,21.340876285000036],[39.957739140000058,21.340217757000062],[39.958823771000027,21.339568923000058],[39.959897492000039,21.33975309300007],[39.962083822000068,21.340102003000027],[39.963354236000043,21.340281783000023],[39.964165537000042,21.340402728000072],[39.965538207000066,21.340588467000032],[39.969332081000061,21.341166655000052],[39.969949754000027,21.341233893000037],[39.97196415500008,21.341398955000045],[39.975204524000048,21.341657407000071],[39.977501105000044,21.34183405400006],[39.978269431000058,21.341953748000037],[39.978563738000048,21.342022348000057],[39.978856557000029,21.342096329000071],[39.979147775000058,21.342175660000066],[39.979437282000049,21.342260313000054],[39.979455501000075,21.342265836000024],[39.979724966000049,21.342350254000053],[39.980010717000027,21.342445449000024],[39.980037676000052,21.342454736000036],[39.980294342000036,21.342544596000039],[39.980314471000042,21.342586012000027],[39.980328010000051,21.342628481000077],[39.980334753000079,21.342672353000069],[39.980334553000034,21.342716676000066],[39.980327415000033,21.342760493000071],[39.98031349200005,21.34280285400007],[39.980293087000064,21.342842843000028],[39.980266641000071,21.342879596000046],[39.980234726000049,21.342912315000035],[39.980198032000033,21.342940295000062],[39.979253608000079,21.343506618000049],[39.97700327900003,21.344855964000033],[39.974874026000066,21.346132709000074],[39.974663650000025,21.346258850000027],[39.97414013000008,21.346575947000076],[39.973585984000067,21.346911591000037],[39.973495728000046,21.34677447100006]]},"properties":{"OBJECTID":808,"camp_label":"17/206","Transport_mode":"النقل التقليدي","Street_Camp_MIN":"شارع 206","MAKARF":"طريق الطائف - نفق الجامعة عرفات الأول - الدائري الأوسط","Street_Camp_ARF":"شارع 52","Street_MIN_Exit":"طريق الجوهرة (56)","ASMARF":"الدائري الغربي عرفات","ASM_CODE":"ASMARF1","block":"34","camp_type":"حجاج الخارج","block_ARF":"34","ARF_ZONE2":"مسار رقم 1","_length":17564,"MAKARFT1":1665.5,"ARF_IN":null,"ARF_OUT":null,"Shape_Length":0.043261320310806171}},{"type":"Feature","id":809,"geometry":{"type":"LineString","coordinates":[[39.990743021000071,21.329642170000056],[39.990451545000042,21.330835190000073],[39.989611008000054,21.333919417000061],[39.988851198000077,21.335819235000031],[39.989595674000043,21.335976746000028],[39.989913331000025,21.336059639000041],[39.990074634000052,21.336108697000043],[39.990594525000063,21.336279122000064],[39.99105174400006,21.336456535000025],[39.991471697000065,21.336638142000027],[39.991485818000058,21.336645660000045],[39.991498393000029,21.336655290000067],[39.991509065000059,21.33666676100006],[39.991518000000042,21.336680000000058],[39.991524000000027,21.336694000000023],[39.991526958000065,21.336708759000032],[39.99152765000008,21.336723963000054],[39.991525610000053,21.336739059000024],[39.991520896000054,21.336753621000071],[39.991513640000051,21.336767235000025],[39.99150405000006,21.336779516000036],[39.991492396000069,21.336790116000032],[39.991479009000045,21.336798733000023],[39.990670257000033,21.337407892000044],[39.990891271000066,21.337656817000038],[39.990922812000065,21.337634207000065]]},"properties":{"OBJECTID":809,"camp_label":"17/56","Transport_mode":"النقل التقليدي","Street_Camp_MIN":"شارع 56","MAKARF":"طريق الطائف - مواقف حجاج البر بعرفات","Street_Camp_ARF":"طريق 54","Street_MIN_Exit":"طريق الجوهرة (56)","ASMARF":"الدائري الشرقي عرفات","ASM_CODE":"ASMARF3","block":"48","camp_type":"حجاج الخارج","block_ARF":"48","ARF_ZONE2":"مسار رقم 2","_length":16744,"MAKARFT1":null,"ARF_IN":null,"ARF_OUT":null,"Shape_Length":0.010810267749189612}},{"type":"Feature","id":810,"geometry":{"type":"LineString","coordinates":[[39.967559644000062,21.327004457000044],[39.968701503000034,21.330313905000025],[39.969441523000057,21.333916960000067],[39.970409320000044,21.333797324000045],[39.971279505000041,21.333759134000047],[39.972151085000064,21.333794204000071],[39.973522413000069,21.333893175000071],[39.976147974000071,21.334090063000076],[39.977602365000052,21.334224284000072],[39.979497907000052,21.334478962000048],[39.981905452000035,21.334827834000066],[39.982791503000044,21.334956225000042],[39.984311741000056,21.335168384000042],[39.988851198000077,21.335819235000031],[39.989595674000043,21.335976746000028],[39.989913331000025,21.336059639000041],[39.990074634000052,21.336108697000043],[39.990594525000063,21.336279122000064],[39.99105174400006,21.336456535000025],[39.991601720000062,21.336694369000043],[39.991792514000053,21.33678833700003],[39.992351202000066,21.337087992000022],[39.992804592000027,21.337365677000037],[39.99309629000004,21.337567412000055],[39.993452297000033,21.337824367000053],[39.994206700000063,21.33846101000006],[39.994472922000057,21.338717325000061],[39.994792016000076,21.339050093000026],[39.995042147000049,21.339336876000061],[39.995392021000043,21.339778528000068],[39.995651810000027,21.34014140000005],[39.995958320000057,21.34061009900006],[39.996381353000061,21.341357596000023],[39.996698020000053,21.342059065000058],[39.996976540000048,21.342841210000074],[39.997211230000062,21.34376932400005],[39.997252959000036,21.344040429000074],[39.997339835000048,21.344604835000041],[39.997337702000038,21.344635206000078],[39.997334698000031,21.344645613000068],[39.997327512000027,21.344654809000076],[39.997310216000074,21.344673909000051],[39.997252113000059,21.34472491300005],[39.997191895000071,21.344767832000059],[39.997140123000065,21.344798063000042],[39.996649712000078,21.34509171600007],[39.996160563000046,21.345396685000026],[39.995619392000037,21.345732669000029],[39.995454504000065,21.34583376300003],[39.995425983000075,21.345837987000039],[39.995397112000035,21.345837630000062],[39.995368721000034,21.345832702000052],[39.995341629000052,21.345823344000053],[39.995316617000071,21.345809828000029],[39.995294408000063,21.345792542000027],[39.995275640000045,21.345771984000066],[39.995260855000026,21.345748749000052],[39.994979006000051,21.345330940000053],[39.994742264000024,21.344981786000062],[39.994600228000024,21.345067831000051],[39.994589326000039,21.345052878000047]]},"properties":{"OBJECTID":810,"camp_label":"17/62","Transport_mode":"النقل التقليدي","Street_Camp_MIN":"شارع 62","MAKARF":"طريق الطائف - جسر الجامعة عرفات الثاني - الدائري الشرقي","Street_Camp_ARF":"طريق 62","Street_MIN_Exit":"طريق الجوهرة (56)","ASMARF":"الدائري الشرقي عرفات","ASM_CODE":"ASMARF2","block":"42","camp_type":"حجاج الخارج","block_ARF":"42","ARF_ZONE2":"0","_length":18074,"MAKARFT1":2645.25,"ARF_IN":null,"ARF_OUT":null,"Shape_Length":0.043429470341641407}},{"type":"Feature","id":811,"geometry":{"type":"LineString","coordinates":[[39.967559644000062,21.327004457000044],[39.968701503000034,21.330313905000025],[39.969441523000057,21.333916960000067],[39.970409320000044,21.333797324000045],[39.971279505000041,21.333759134000047],[39.972151085000064,21.333794204000071],[39.973522413000069,21.333893175000071],[39.976147974000071,21.334090063000076],[39.977602365000052,21.334224284000072],[39.979497907000052,21.334478962000048],[39.981905452000035,21.334827834000066],[39.982791503000044,21.334956225000042],[39.984311741000056,21.335168384000042],[39.988851198000077,21.335819235000031],[39.989595674000043,21.335976746000028],[39.989913331000025,21.336059639000041],[39.990074634000052,21.336108697000043],[39.990594525000063,21.336279122000064],[39.99105174400006,21.336456535000025],[39.991601720000062,21.336694369000043],[39.991792514000053,21.33678833700003],[39.992351202000066,21.337087992000022],[39.992804592000027,21.337365677000037],[39.99309629000004,21.337567412000055],[39.993452297000033,21.337824367000053],[39.994206700000063,21.33846101000006],[39.994472922000057,21.338717325000061],[39.994792016000076,21.339050093000026],[39.995042147000049,21.339336876000061],[39.995392021000043,21.339778528000068],[39.995651810000027,21.34014140000005],[39.995958320000057,21.34061009900006],[39.996381353000061,21.341357596000023],[39.996698020000053,21.342059065000058],[39.996976540000048,21.342841210000074],[39.997211230000062,21.34376932400005],[39.997252959000036,21.344040429000074],[39.997339835000048,21.344604835000041],[39.997337702000038,21.344635206000078],[39.997334698000031,21.344645613000068],[39.997327512000027,21.344654809000076],[39.997310216000074,21.344673909000051],[39.997252113000059,21.34472491300005],[39.997191895000071,21.344767832000059],[39.997140123000065,21.344798063000042],[39.996649712000078,21.34509171600007],[39.996160563000046,21.345396685000026],[39.995619392000037,21.345732669000029],[39.99477203500004,21.346252186000072],[39.993932314000062,21.34677982200003],[39.993200467000065,21.347233577000054],[39.993055323000078,21.347323674000052],[39.993039167000063,21.347332425000047],[39.993021666000061,21.347338495000031],[39.99300332200005,21.347341710000023],[39.992984662000026,21.347341976000052],[39.992966222000064,21.347339287000068],[39.992948531000025,21.347333720000051],[39.99293209800004,21.347325434000027],[39.992917394000074,21.347314668000024],[39.992904841000041,21.347301731000073],[39.992894801000034,21.347286993000068],[39.992887560000042,21.347270880000053],[39.992875552000044,21.347244221000039],[39.992859088000046,21.347219740000071],[39.992472260000056,21.346674059000065],[39.99240714900003,21.346591480000029],[39.992383456000027,21.346576154000047],[39.992357384000059,21.346564709000063],[39.992329650000045,21.346557462000078],[39.99230102000007,21.346554610000055],[39.992272280000066,21.346556234000047],[39.992244222000068,21.34656228800003],[39.99221761900003,21.346572605000063],[39.992193204000046,21.34658690200007],[39.991879704000041,21.346776487000056],[39.991859776000069,21.346746425000049]]},"properties":{"OBJECTID":811,"camp_label":"18/204","Transport_mode":"النقل التقليدي","Street_Camp_MIN":"شارع 204","MAKARF":"طريق الطائف - جسر الجامعة عرفات الثاني - الدائري الشرقي","Street_Camp_ARF":"طريق 62","Street_MIN_Exit":"طريق الجوهرة (56)","ASMARF":"الدائري الغربي عرفات","ASM_CODE":"ASMARF2","block":"42","camp_type":"حجاج الخارج","block_ARF":"42","ARF_ZONE2":"مسار رقم 1","_length":19353,"MAKARFT1":2898,"ARF_IN":null,"ARF_OUT":null,"Shape_Length":0.04658130049629184}},{"type":"Feature","id":812,"geometry":{"type":"LineString","coordinates":[[39.94754269200007,21.33845289900006],[39.948252810000042,21.339560423000023],[39.948686590000079,21.339902104000032],[39.95437045500006,21.342254175000051],[39.955214053000077,21.341746444000023],[39.95665136000008,21.340876285000036],[39.957739140000058,21.340217757000062],[39.958823771000027,21.339568923000058],[39.959897492000039,21.33975309300007],[39.962083822000068,21.340102003000027],[39.963354236000043,21.340281783000023],[39.964165537000042,21.340402728000072],[39.965538207000066,21.340588467000032],[39.969332081000061,21.341166655000052],[39.969949754000027,21.341233893000037],[39.97196415500008,21.341398955000045],[39.975204524000048,21.341657407000071],[39.977501105000044,21.34183405400006],[39.978269431000058,21.341953748000037],[39.978563738000048,21.342022348000057],[39.978856557000029,21.342096329000071],[39.979147775000058,21.342175660000066],[39.979437282000049,21.342260313000054],[39.979455501000075,21.342265836000024],[39.979724966000049,21.342350254000053],[39.980010717000027,21.342445449000024],[39.980037676000052,21.342454736000036],[39.980294342000036,21.342544596000039],[39.980314471000042,21.342586012000027],[39.980328010000051,21.342628481000077],[39.980334753000079,21.342672353000069],[39.980334553000034,21.342716676000066],[39.980327415000033,21.342760493000071],[39.98031349200005,21.34280285400007],[39.980293087000064,21.342842843000028],[39.980266641000071,21.342879596000046],[39.980234726000049,21.342912315000035],[39.980198032000033,21.342940295000062],[39.979253608000079,21.343506618000049],[39.974874026000066,21.346132709000074],[39.974663650000025,21.346258850000027],[39.97414013000008,21.346575947000076],[39.973632868000038,21.345840404000057],[39.973544275000052,21.345712269000046],[39.973591317000057,21.345685945000071]]},"properties":{"OBJECTID":812,"camp_label":"19/206","Transport_mode":"النقل التقليدي","Street_Camp_MIN":"شارع 206","MAKARF":"طريق الطائف - نفق الجامعة عرفات الأول - الدائري الأوسط","Street_Camp_ARF":"شارع 52","Street_MIN_Exit":"طريق الجوهرة (56)","ASMARF":"الدائري الغربي عرفات","ASM_CODE":"ASMARF1","block":"34","camp_type":"حجاج الخارج","block_ARF":"34","ARF_ZONE2":"","_length":17628,"MAKARFT1":null,"ARF_IN":null,"ARF_OUT":null,"Shape_Length":0.043552476215254918}},{"type":"Feature","id":813,"geometry":{"type":"LineString","coordinates":[[39.967559644000062,21.327004457000044],[39.968701503000034,21.330313905000025],[39.969441523000057,21.333916960000067],[39.970409320000044,21.333797324000045],[39.971279505000041,21.333759134000047],[39.972151085000064,21.333794204000071],[39.973522413000069,21.333893175000071],[39.976147974000071,21.334090063000076],[39.977602365000052,21.334224284000072],[39.979497907000052,21.334478962000048],[39.981905452000035,21.334827834000066],[39.982791503000044,21.334956225000042],[39.984311741000056,21.335168384000042],[39.988851198000077,21.335819235000031],[39.989595674000043,21.335976746000028],[39.989913331000025,21.336059639000041],[39.990074634000052,21.336108697000043],[39.990594525000063,21.336279122000064],[39.99105174400006,21.336456535000025],[39.991601720000062,21.336694369000043],[39.991792514000053,21.33678833700003],[39.992351202000066,21.337087992000022],[39.992804592000027,21.337365677000037],[39.99309629000004,21.337567412000055],[39.993452297000033,21.337824367000053],[39.994206700000063,21.33846101000006],[39.994472922000057,21.338717325000061],[39.994792016000076,21.339050093000026],[39.995042147000049,21.339336876000061],[39.995392021000043,21.339778528000068],[39.995651810000027,21.34014140000005],[39.995958320000057,21.34061009900006],[39.996381353000061,21.341357596000023],[39.996698020000053,21.342059065000058],[39.996976540000048,21.342841210000074],[39.997211230000062,21.34376932400005],[39.997252959000036,21.344040429000074],[39.997339835000048,21.344604835000041],[39.997337702000038,21.344635206000078],[39.997334698000031,21.344645613000068],[39.997327512000027,21.344654809000076],[39.997310216000074,21.344673909000051],[39.997252113000059,21.34472491300005],[39.997191895000071,21.344767832000059],[39.997140123000065,21.344798063000042],[39.996649712000078,21.34509171600007],[39.996160563000046,21.345396685000026],[39.995619392000037,21.345732669000029],[39.995454504000065,21.34583376300003],[39.995425983000075,21.345837987000039],[39.995397112000035,21.345837630000062],[39.995368721000034,21.345832702000052],[39.995341629000052,21.345823344000053],[39.995316617000071,21.345809828000029],[39.995294408000063,21.345792542000027],[39.995275640000045,21.345771984000066],[39.995260855000026,21.345748749000052],[39.994979006000051,21.345330940000053],[39.994742264000024,21.344981786000062],[39.994600228000024,21.345067831000051],[39.993859661000045,21.345520530000044],[39.993853019000028,21.345510513000022]]},"properties":{"OBJECTID":813,"camp_label":"19/62","Transport_mode":"النقل التقليدي","Street_Camp_MIN":"شارع 62","MAKARF":"طريق الطائف - جسر الجامعة عرفات الثاني - الدائري الشرقي","Street_Camp_ARF":"طريق 62","Street_MIN_Exit":"طريق الجوهرة (56)","ASMARF":"الدائري الشرقي عرفات","ASM_CODE":"ASMARF2","block":"42","camp_type":"حجاج الخارج","block_ARF":"42","ARF_ZONE2":"مسار رقم 3","_length":18125,"MAKARFT1":2422.5,"ARF_IN":null,"ARF_OUT":null,"Shape_Length":0.044290956326644669}},{"type":"Feature","id":814,"geometry":{"type":"LineString","coordinates":[[39.967559644000062,21.327004457000044],[39.968701503000034,21.330313905000025],[39.969441184000061,21.333917002000078],[39.969441523000057,21.333916960000067],[39.970409320000044,21.333797324000045],[39.971279505000041,21.333759134000047],[39.972151085000064,21.333794204000071],[39.973522413000069,21.333893175000071],[39.976147974000071,21.334090063000076],[39.977602365000052,21.334224284000072],[39.978620627000055,21.334361124000054],[39.979497907000052,21.334478962000048],[39.981905452000035,21.334827834000066],[39.982791503000044,21.334956225000042],[39.984311742000045,21.335168384000042],[39.988851198000077,21.335819235000031],[39.989595674000043,21.335976746000028],[39.98991333400005,21.33605964000003],[39.990074634000052,21.336108697000043],[39.990594525000063,21.336279122000064],[39.99105174400006,21.336456535000025],[39.991601720000062,21.336694369000043],[39.991792512000075,21.336788336000041],[39.992352289000053,21.337088574000063],[39.992804592000027,21.337365677000037],[39.99309629000004,21.337567412000055],[39.993452297000033,21.337824367000053],[39.994206700000063,21.33846101000006],[39.994472922000057,21.338717325000061],[39.994792016000076,21.339050093000026],[39.995042147000049,21.339336876000061],[39.995392021000043,21.339778528000068],[39.995651810000027,21.34014140000005],[39.995532057000048,21.340210543000069],[39.993757089000042,21.341235365000045],[39.991528136000056,21.342522261000056],[39.990046323000058,21.343386097000064],[39.989661241000078,21.343610579000028],[39.986729848000039,21.345323110000038],[39.987049334000062,21.345759749000024],[39.987077803000034,21.345744896000042]]},"properties":{"OBJECTID":814,"camp_label":"2/114","Transport_mode":"النقل التقليدي","Street_Camp_MIN":"شارع 114","MAKARF":"طريق الطائف - جسر الجامعة عرفات الثاني - الدائري الشرقي","Street_Camp_ARF":"طريق 56","Street_MIN_Exit":"طريق الجوهرة (56)","ASMARF":"الدائري الغربي عرفات","ASM_CODE":"ASMARF2","block":"10","camp_type":"حجاج الخارج","block_ARF":"10","ARF_ZONE2":"ARF ZONE 10","_length":19222,"MAKARFT1":null,"ARF_IN":62,"ARF_OUT":62,"Shape_Length":0.045893106040095499}},{"type":"Feature","id":815,"geometry":{"type":"LineString","coordinates":[[39.94754269200007,21.33845289900006],[39.948252810000042,21.339560423000023],[39.948686590000079,21.339902104000032],[39.95437045500006,21.342254175000051],[39.955214053000077,21.341746444000023],[39.95665136000008,21.340876285000036],[39.957739140000058,21.340217757000062],[39.958823771000027,21.339568923000058],[39.959897492000039,21.33975309300007],[39.962083822000068,21.340102003000027],[39.963354236000043,21.340281783000023],[39.964165537000042,21.340402728000072],[39.965538207000066,21.340588467000032],[39.969332081000061,21.341166655000052],[39.969949754000027,21.341233893000037],[39.97196415500008,21.341398955000045],[39.975204524000048,21.341657407000071],[39.977501105000044,21.34183405400006],[39.978269431000058,21.341953748000037],[39.978568372000041,21.342023475000076],[39.978865776000077,21.342098751000037],[39.979161524000062,21.342179549000036],[39.979455501000075,21.342265836000024],[39.979747590000045,21.34235757700003],[39.980037676000052,21.342454736000036],[39.980294342000036,21.342544596000039],[39.98032564500005,21.342557276000036],[39.980611383000053,21.342665155000077],[39.98089477700006,21.342778332000023],[39.983458300000052,21.343753415000037],[39.983664668000074,21.343863542000065],[39.98386742100007,21.343979411000078],[39.98406637800008,21.344100919000027],[39.984261361000051,21.344227956000054],[39.984452194000028,21.344360409000046],[39.984638706000055,21.344498158000079],[39.984820729000035,21.344641081000077],[39.984998100000041,21.344789048000052],[39.985170661000041,21.344941926000047],[39.985338255000045,21.345099580000067],[39.985500733000038,21.345261866000044],[39.985657949000029,21.345428640000023],[39.985809761000041,21.345599751000066],[39.985956033000036,21.345775047000075],[39.987438914000052,21.347561534000079],[39.987803652000025,21.348111524000046],[39.988048065000044,21.348599213000057],[39.988278319000074,21.349219230000074],[39.988502444000062,21.349841215000026],[39.988513325000042,21.349882528000023],[39.988517823000052,21.349924871000042],[39.988515847000031,21.349967382000045],[39.988507438000056,21.350009198000066],[39.988492767000025,21.350049469000055],[39.988472131000037,21.350087376000033],[39.988445950000028,21.350122148000025],[39.988414756000054,21.350153078000062],[39.988379185000042,21.350179539000067],[39.988339957000051,21.350200990000076],[39.988162524000074,21.350294986000051],[39.985186054000053,21.351683482000055],[39.98290570000006,21.352742626000065],[39.982332004000057,21.353025279000065],[39.981298937000076,21.353651520000028],[39.977352641000039,21.356040107000069],[39.975679312000068,21.357046987000047],[39.97524597000006,21.356445920000056],[39.974973074000047,21.356057018000058],[39.974355782000032,21.356434116000059],[39.973288131000061,21.357086544000026],[39.973323942000036,21.357137082000065]]},"properties":{"OBJECTID":815,"camp_label":"2/116","Transport_mode":"النقل التقليدي","Street_Camp_MIN":"شارع 116","MAKARF":"طريق الطائف - نفق الجامعة عرفات الأول - الدائري الأوسط","Street_Camp_ARF":"طريق 62","Street_MIN_Exit":"طريق الجوهرة (56)","ASMARF":"الدائري الغربي عرفات","ASM_CODE":"ASMARF1","block":"16","camp_type":"حجاج الخارج","block_ARF":"16","ARF_ZONE2":"ARF3","_length":18771,"MAKARFT1":null,"ARF_IN":null,"ARF_OUT":null,"Shape_Length":0.064505498337921255}},{"type":"Feature","id":816,"geometry":{"type":"LineString","coordinates":[[39.990743021000071,21.329642170000056],[39.990451545000042,21.330835190000073],[39.989611008000054,21.333919417000061],[39.988851198000077,21.335819235000031],[39.989595674000043,21.335976746000028],[39.98991333400005,21.33605964000003],[39.990074634000052,21.336108697000043],[39.990594525000063,21.336279122000064],[39.99105174400006,21.336456535000025],[39.991601720000062,21.336694369000043],[39.991792512000075,21.336788336000041],[39.992351202000066,21.337087992000022],[39.992416304000074,21.337127793000036],[39.992804592000027,21.337365677000037],[39.99309629000004,21.337567412000055],[39.993452297000033,21.337824367000053],[39.99365896200004,21.337998774000027],[39.993671273000075,21.338009163000038],[39.99368718900007,21.338027052000029],[39.993709859000035,21.33805942500004],[39.993726308000078,21.338094944000034],[39.993736055000056,21.338132570000027],[39.993738814000039,21.338171202000069],[39.993733165000037,21.338215780000041],[39.993723252000052,21.338246964000064],[39.993705387000034,21.338281877000043],[39.993681432000074,21.33831342700006],[39.993652087000044,21.338340690000052],[39.993556179000052,21.338436311000066],[39.993461530000047,21.338522392000073],[39.993455507000078,21.338527534000036],[39.993350300000031,21.338614149000023],[39.993240799000034,21.338695959000063],[39.993127254000058,21.338772777000031],[39.993009924000035,21.338844428000073],[39.993004137000071,21.338849346000075],[39.992993590000026,21.338860781000051],[39.992985174000069,21.33887367400007],[39.992979113000047,21.338887680000028],[39.992975570000056,21.338902424000025],[39.992974640000057,21.338917512000023],[39.99297634800007,21.33893254000003],[39.992980647000024,21.338947106000035],[39.992987423000045,21.338960821000057],[39.992996495000057,21.338973317000068],[39.993069164000076,21.339083758000072],[39.993409517000032,21.339581379000037],[39.993383581000046,21.339595344000031]]},"properties":{"OBJECTID":816,"camp_label":"2/204","Transport_mode":"النقل التقليدي","Street_Camp_MIN":"شارع 204","MAKARF":"طريق الطائف - مواقف حجاج البر بعرفات","Street_Camp_ARF":"شارع 54","Street_MIN_Exit":"طريق الجوهرة (56)","ASMARF":"الدائري الغربي عرفات","ASM_CODE":"ASMARF3","block":"29A","camp_type":"حجاج الخارج","block_ARF":"29A","ARF_ZONE2":"ARF ZONE 7","_length":17843,"MAKARFT1":null,"ARF_IN":54,"ARF_OUT":56,"Shape_Length":0.013929356304638447}},{"type":"Feature","id":817,"geometry":{"type":"LineString","coordinates":[[39.967559644000062,21.327004457000044],[39.968701503000034,21.330313905000025],[39.969441184000061,21.333917002000078],[39.969441523000057,21.333916960000067],[39.970409320000044,21.333797324000045],[39.971279505000041,21.333759134000047],[39.972151085000064,21.333794204000071],[39.973522413000069,21.333893175000071],[39.976147974000071,21.334090063000076],[39.977602365000052,21.334224284000072],[39.978620627000055,21.334361124000054],[39.979497907000052,21.334478962000048],[39.981905452000035,21.334827834000066],[39.982791503000044,21.334956225000042],[39.984311742000045,21.335168384000042],[39.979933780000067,21.338390607000065],[39.980551090000063,21.338939160000052],[39.982152789000054,21.339092924000056],[39.983268733000045,21.339172331000043],[39.983280644000047,21.339174899000056],[39.983291929000075,21.339179297000044],[39.983302269000035,21.339185401000066],[39.983311375000028,21.339193039000065],[39.983318990000043,21.339201996000043],[39.983324898000035,21.339212020000048],[39.983328934000042,21.33922282900005],[39.98333098300003,21.339234118000036],[39.983388011000045,21.339683267000055],[39.983426369000028,21.339921485000048],[39.984235470000044,21.339356272000032],[39.984446543000047,21.339179236000064],[39.984475820000057,21.339150552000035],[39.984500013000059,21.339117972000054],[39.984518540000067,21.339082280000071],[39.984530956000071,21.33904433500004],[39.984536963000039,21.339005048000047],[39.984536416000026,21.338965362000067],[39.984529328000065,21.338926233000052],[39.984515871000042,21.338888601000065],[39.984361504000049,21.33837991300004],[39.984340567000061,21.338271741000028],[39.984325011000067,21.338162775000058],[39.984314869000059,21.33805325000003],[39.984310163000032,21.337943402000064],[39.984310902000061,21.337833468000042],[39.984317087000079,21.337723685000071],[39.984389105000048,21.33753163800003],[39.984396139000069,21.337066379000078],[39.984371692000025,21.337069020000058]]},"properties":{"OBJECTID":817,"camp_label":"2/502","Transport_mode":"النقل التقليدي","Street_Camp_MIN":"شارع 502","MAKARF":"طريق الطائف - جسر الجامعة عرفات الثاني - الدائري الشرقي","Street_Camp_ARF":"طريق 50","Street_MIN_Exit":"طريق الجوهرة (56)","ASMARF":"الدائري الشرقي عرفات","ASM_CODE":"ASMARF2","block":"6-4","camp_type":"حجاج الخارج","block_ARF":"6-4","ARF_ZONE2":"","_length":14877,"MAKARFT1":null,"ARF_IN":null,"ARF_OUT":null,"Shape_Length":0.035390115300268893}},{"type":"Feature","id":818,"geometry":{"type":"LineString","coordinates":[[39.94754269200007,21.33845289900006],[39.948252810000042,21.339560423000023],[39.948686590000079,21.339902104000032],[39.95437045500006,21.342254175000051],[39.954370572000073,21.342254106000041],[39.955214053000077,21.341746444000023],[39.95665136000008,21.340876285000036],[39.957739140000058,21.340217757000062],[39.958823771000027,21.339568923000058],[39.960442163000039,21.338577470000075],[39.962677939000059,21.337227900000073],[39.963674408000031,21.336629292000055],[39.965102309000031,21.335764582000024],[39.966452691000029,21.334973297000033],[39.967387416000065,21.334537778000026],[39.968147388000034,21.334252954000078],[39.968538309000053,21.334134651000056],[39.969056085000034,21.33399937400003],[39.969441184000061,21.333917002000078],[39.969441523000057,21.333916960000067],[39.970409320000044,21.333797324000045],[39.971279505000041,21.333759134000047],[39.972151085000064,21.333794204000071],[39.973522413000069,21.333893175000071],[39.976147974000071,21.334090063000076],[39.977602365000052,21.334224284000072],[39.978620627000055,21.334361124000054],[39.979497907000052,21.334478962000048],[39.981905452000035,21.334827834000066],[39.982791503000044,21.334956225000042],[39.984311742000045,21.335168384000042],[39.979933780000067,21.338390607000065],[39.980551090000063,21.338939160000052],[39.982152789000054,21.339092924000056],[39.983268733000045,21.339172331000043],[39.98333098300003,21.339234118000036],[39.983374497000057,21.339576830000055],[39.983388011000045,21.339683267000055],[39.983424595000031,21.339921281000045],[39.983927467000058,21.33957143400005],[39.984235470000044,21.339356272000032],[39.984314347000065,21.33929265200004],[39.984446543000047,21.339179236000064],[39.984475820000057,21.339150551000046],[39.984500013000059,21.339117972000054],[39.984518540000067,21.339082280000071],[39.984530956000071,21.33904433400005],[39.984536963000039,21.339005048000047],[39.984536416000026,21.338965362000067],[39.984529328000065,21.338926233000052],[39.984515871000042,21.338888601000065],[39.984435034000057,21.338622219000058],[39.984361504000049,21.33837991300004],[39.984345445000031,21.338296944000035],[39.984325011000067,21.338162775000058],[39.984314869000059,21.33805325000003],[39.984310163000032,21.337943402000064],[39.984310902000061,21.337833468000042],[39.984317087000079,21.337723685000071],[39.984303324000052,21.337667088000046],[39.984289376000049,21.337641068000039],[39.98427115700008,21.337617478000027],[39.984249139000042,21.337596928000039],[39.984223890000067,21.337579950000077],[39.984196064000059,21.337566982000055],[39.984166379000044,21.33755835900007],[39.984135603000027,21.337554305000026],[39.983884065000041,21.337510031000022],[39.983080492000056,21.337476585000047],[39.983085605000042,21.337426005000054]]},"properties":{"OBJECTID":818,"camp_label":"2/533","Transport_mode":"النقل التقليدي","Street_Camp_MIN":"شارع 533","MAKARF":"طريق الطائف - نفق الجامعة عرفات الأول - الدائري الأوسط","Street_Camp_ARF":"طريق 83","Street_MIN_Exit":"طريق الجوهرة (56)","ASMARF":"الدائري الأوسط 83","ASM_CODE":"ASMARF1","block":"7-9A","camp_type":"حجاج الخارج","block_ARF":"7-9A","ARF_ZONE2":"ARF ZONE 2","_length":15443,"MAKARFT1":null,"ARF_IN":50,"ARF_OUT":56,"Shape_Length":0.054197178774541652}},{"type":"Feature","id":819,"geometry":{"type":"LineString","coordinates":[[39.967559644000062,21.327004457000044],[39.968701503000034,21.330313905000025],[39.969441184000061,21.333917002000078],[39.970409320000044,21.333797324000045],[39.971279505000041,21.333759134000047],[39.972151085000064,21.333794204000071],[39.973522413000069,21.333893175000071],[39.976147974000071,21.334090063000076],[39.977602000000047,21.334224000000063],[39.978620627000055,21.334361124000054],[39.981905452000035,21.334827834000066],[39.982791503000044,21.334956225000042],[39.984311742000045,21.335168384000042],[39.988851198000077,21.335819235000031],[39.989595674000043,21.335976746000028],[39.98991333400005,21.33605964000003],[39.990074634000052,21.336108697000043],[39.990594525000063,21.336279122000064],[39.99105174400006,21.336456535000025],[39.991601720000062,21.336694369000043],[39.991792512000075,21.336788336000041],[39.992352289000053,21.337088574000063],[39.992804592000027,21.337365677000037],[39.99309629000004,21.337567412000055],[39.993452297000033,21.337824367000053],[39.994206700000063,21.33846101000006],[39.994472922000057,21.338717325000061],[39.994792016000076,21.339050093000026],[39.995042147000049,21.339336876000061],[39.995392021000043,21.339778528000068],[39.995651810000027,21.34014140000005],[39.995958320000057,21.34061009900006],[39.996381353000061,21.341357596000023],[39.996698020000053,21.342059065000058],[39.996976540000048,21.342841210000074],[39.997211230000062,21.343769325000039],[39.997339835000048,21.344604835000041],[39.997333322000031,21.344615608000026],[39.997325026000055,21.344625246000078],[39.997315169000046,21.34463349300006],[39.997304012000029,21.344640128000037],[39.997291852000046,21.34464497700003],[39.997279012000035,21.344647909000059],[39.997265835000064,21.344648848000077],[39.99725267000008,21.344647767000026],[39.997239867000076,21.344644696000046],[39.997227768000073,21.344639716000074],[39.997216693000041,21.344632960000069],[39.997206938000033,21.344624607000071],[39.997198762000039,21.344614881000041],[39.997192382000037,21.344604038000057],[39.997187968000048,21.344592368000065],[39.997168473000045,21.344367563000048],[39.99714146000008,21.344143442000075],[39.997071676000076,21.343733480000026],[39.99695633500005,21.343248397000025],[39.996838738000065,21.342873351000037],[39.996640875000026,21.342312616000072],[39.996545076000075,21.342065606000062],[39.99644270500005,21.341815581000048],[39.996335611000063,21.341567299000076],[39.996319276000065,21.34154733400004],[39.996299657000066,21.341530159000058],[39.996277289000034,21.341516242000068],[39.996252782000056,21.341505962000042],[39.996229553000035,21.341500273000065],[39.99620006300006,21.341497329000049],[39.996173287000033,21.341499211000041],[39.996147206000046,21.341505194000035],[39.996122532000072,21.341515116000039],[39.996043446000044,21.341562175000035],[39.994141506000062,21.342693884000028],[39.994181366000078,21.342750701000057]]},"properties":{"OBJECTID":819,"camp_label":"2/62","Transport_mode":"النقل التقليدي","Street_Camp_MIN":"شارع 62","MAKARF":"طريق الطائف - جسر الجامعة عرفات الثاني - الدائري الشرقي","Street_Camp_ARF":"طريق 56","Street_MIN_Exit":"طريق الجوهرة (56)","ASMARF":"الدائري الغربي عرفات","ASM_CODE":"ASMARF2","block":"14","camp_type":"حجاج الخارج","block_ARF":"14","ARF_ZONE2":"ARF ZONE 12","_length":18607,"MAKARFT1":null,"ARF_IN":56,"ARF_OUT":56,"Shape_Length":0.045789680284185112}},{"type":"Feature","id":820,"geometry":{"type":"LineString","coordinates":[[39.967559644000062,21.327004457000044],[39.968701503000034,21.330313905000025],[39.969441523000057,21.333916960000067],[39.970409320000044,21.333797324000045],[39.971279505000041,21.333759134000047],[39.972151085000064,21.333794204000071],[39.973522413000069,21.333893175000071],[39.976147974000071,21.334090063000076],[39.977602365000052,21.334224284000072],[39.979497907000052,21.334478962000048],[39.981905452000035,21.334827834000066],[39.982791503000044,21.334956225000042],[39.984311741000056,21.335168384000042],[39.988851198000077,21.335819235000031],[39.989595674000043,21.335976746000028],[39.989913331000025,21.336059639000041],[39.990074634000052,21.336108697000043],[39.990594525000063,21.336279122000064],[39.99105174400006,21.336456535000025],[39.991601720000062,21.336694369000043],[39.991792514000053,21.33678833700003],[39.992351202000066,21.337087992000022],[39.992804592000027,21.337365677000037],[39.99309629000004,21.337567412000055],[39.993452297000033,21.337824367000053],[39.994206700000063,21.33846101000006],[39.994472922000057,21.338717325000061],[39.994792016000076,21.339050093000026],[39.995042147000049,21.339336876000061],[39.995392021000043,21.339778528000068],[39.995651810000027,21.34014140000005],[39.995958320000057,21.34061009900006],[39.996381353000061,21.341357596000023],[39.996698020000053,21.342059065000058],[39.996976540000048,21.342841210000074],[39.997211230000062,21.34376932400005],[39.997252959000036,21.344040429000074],[39.997339835000048,21.344604835000041],[39.997337702000038,21.344635206000078],[39.997334698000031,21.344645613000068],[39.997327512000027,21.344654809000076],[39.997310216000074,21.344673909000051],[39.997252113000059,21.34472491300005],[39.997191895000071,21.344767832000059],[39.997140123000065,21.344798063000042],[39.996649712000078,21.34509171600007],[39.996160563000046,21.345396685000026],[39.995619392000037,21.345732669000029],[39.99477203500004,21.346252186000072],[39.993932314000062,21.34677982200003],[39.993200467000065,21.347233577000054],[39.993055323000078,21.347323674000052],[39.993039167000063,21.347332425000047],[39.993021666000061,21.347338495000031],[39.99300332200005,21.347341710000023],[39.992984662000026,21.347341976000052],[39.992966222000064,21.347339287000068],[39.992948531000025,21.347333720000051],[39.99293209800004,21.347325434000027],[39.992917394000074,21.347314668000024],[39.992904841000041,21.347301731000073],[39.992894801000034,21.347286993000068],[39.992887560000042,21.347270880000053],[39.992875552000044,21.347244221000039],[39.992859088000046,21.347219740000071],[39.992472260000056,21.346674059000065],[39.99240714900003,21.346591480000029],[39.992383456000027,21.346576154000047],[39.992357384000059,21.346564709000063],[39.992329650000045,21.346557462000078],[39.99230102000007,21.346554610000055],[39.992272280000066,21.346556234000047],[39.992244222000068,21.34656228800003],[39.99221761900003,21.346572605000063],[39.992193204000046,21.34658690200007],[39.991879704000041,21.346776487000056],[39.991236664000041,21.347169228000041],[39.991207332000045,21.34712885700003]]},"properties":{"OBJECTID":820,"camp_label":"20/204","Transport_mode":"النقل التقليدي","Street_Camp_MIN":"شارع 204","MAKARF":"طريق الطائف - جسر الجامعة عرفات الثاني - الدائري الشرقي","Street_Camp_ARF":"طريق 62","Street_MIN_Exit":"طريق الجوهرة (56)","ASMARF":"الدائري الغربي عرفات","ASM_CODE":"ASMARF2","block":"42","camp_type":"حجاج الخارج","block_ARF":"42","ARF_ZONE2":"ARF ZONE 13","_length":19509,"MAKARFT1":2278.5,"ARF_IN":62,"ARF_OUT":62,"Shape_Length":0.047348624127237282}},{"type":"Feature","id":821,"geometry":{"type":"LineString","coordinates":[[39.990743021000071,21.329642170000056],[39.990451545000042,21.330835190000073],[39.989611008000054,21.333919417000061],[39.988851198000077,21.335819235000031],[39.989595674000043,21.335976746000028],[39.98991333400005,21.33605964000003],[39.990074634000052,21.336108697000043],[39.990594525000063,21.336279122000064],[39.99105174400006,21.336456535000025],[39.991471697000065,21.336638142000027],[39.991485818000058,21.336645660000045],[39.991498393000029,21.336655290000067],[39.991509065000059,21.33666676100006],[39.991518000000042,21.336680000000058],[39.991524000000027,21.336694000000023],[39.991526958000065,21.336708759000032],[39.99152765000008,21.336723963000054],[39.991525610000053,21.336739059000024],[39.991520896000054,21.336753621000071],[39.991513640000051,21.336767235000025],[39.99150405000006,21.336779516000036],[39.991492396000069,21.336790116000032],[39.991479009000045,21.336798733000023],[39.990670257000033,21.337407892000044],[39.990891271000066,21.337656817000038],[39.991644141000052,21.338536544000078],[39.991669537000064,21.338562232000072],[39.99169856900005,21.338584280000077],[39.991730650000079,21.338602242000036],[39.991765129000044,21.338615751000077],[39.991828510000062,21.338636209000072],[39.992296610000039,21.338643285000046],[39.992299927000033,21.338417719000063],[39.992355737000025,21.338418906000072],[39.992511293000064,21.338301349000062],[39.992487763000042,21.338265113000034]]},"properties":{"OBJECTID":821,"camp_label":"20/62","Transport_mode":"النقل التقليدي","Street_Camp_MIN":"شارع 62","MAKARF":"طريق الطائف - مواقف حجاج البر بعرفات","Street_Camp_ARF":"طريق 54","Street_MIN_Exit":"طريق الجوهرة (56)","ASMARF":"الدائري الشرقي عرفات","ASM_CODE":"ASMARF3","block":"48","camp_type":"حجاج الخارج","block_ARF":"48","ARF_ZONE2":"مسار رقم 3","_length":16930,"MAKARFT1":null,"ARF_IN":null,"ARF_OUT":null,"Shape_Length":0.013130088870846608}},{"type":"Feature","id":822,"geometry":{"type":"LineString","coordinates":[[39.967559644000062,21.327004457000044],[39.968701503000034,21.330313905000025],[39.969465807000063,21.334053084000061],[39.969210349000036,21.334102546000054],[39.968956457000047,21.334158640000055],[39.968704327000069,21.334221322000076],[39.968454153000039,21.334290546000034],[39.968206129000066,21.334366257000056],[39.967960447000053,21.334448396000028],[39.967717295000057,21.334536901000035],[39.967476863000059,21.334631702000024],[39.967239335000045,21.334732727000073],[39.967004895000059,21.334839898000041],[39.96654600200003,21.335072340000067],[39.96632190300005,21.335197433000076],[39.959026325000025,21.339603667000063],[39.959897492000039,21.33975309300007],[39.962083822000068,21.340102003000027],[39.963354236000043,21.340281783000023],[39.964165537000042,21.340402728000072],[39.965538207000066,21.340588467000032],[39.969332081000061,21.341166655000052],[39.969949754000027,21.341233893000037],[39.97196415500008,21.341398955000045],[39.975204524000048,21.341657407000071],[39.977501105000044,21.34183405400006],[39.978269431000058,21.341953748000037],[39.978563738000048,21.342022348000057],[39.978856557000029,21.342096329000071],[39.979147775000058,21.342175660000066],[39.979437282000049,21.342260313000054],[39.979455501000075,21.342265836000024],[39.979724966000049,21.342350254000053],[39.980010717000027,21.342445449000024],[39.980037676000052,21.342454736000036],[39.980294342000036,21.342544596000039],[39.980314471000042,21.342586012000027],[39.980328010000051,21.342628481000077],[39.980334753000079,21.342672353000069],[39.980334553000034,21.342716676000066],[39.980327415000033,21.342760493000071],[39.98031349200005,21.34280285400007],[39.980293087000064,21.342842843000028],[39.980266641000071,21.342879596000046],[39.980234726000049,21.342912315000035],[39.980198032000033,21.342940295000062],[39.979253608000079,21.343506618000049],[39.974874026000066,21.346132709000074],[39.974698662000037,21.346237856000073],[39.974620543000071,21.346127768000031]]},"properties":{"OBJECTID":822,"camp_label":"21/206","Transport_mode":"النقل التقليدي","Street_Camp_MIN":"شارع 206","MAKARF":"طريق الطائف - جسر الجامعة عرفات الثاني - الدائري الشرقي","Street_Camp_ARF":"شارع 510","Street_MIN_Exit":"طريق الجوهرة (56)","ASMARF":"الدائري الغربي عرفات","ASM_CODE":"ASMARF2","block":"34","camp_type":"حجاج الخارج","block_ARF":"34","ARF_ZONE2":"ARF1","_length":17517,"MAKARFT1":null,"ARF_IN":null,"ARF_OUT":null,"Shape_Length":0.047708939566471056}},{"type":"Feature","id":823,"geometry":{"type":"LineString","coordinates":[[39.990743021000071,21.329642170000056],[39.990451545000042,21.330835190000073],[39.989611008000054,21.333919417000061],[39.988851198000077,21.335819235000031],[39.988711627000043,21.336257132000071],[39.988327309000056,21.337083364000023],[39.988269401000025,21.337207859000046],[39.988068871000053,21.337586084000066],[39.988005839000039,21.337558888000046]]},"properties":{"OBJECTID":823,"camp_label":"21/56","Transport_mode":"النقل التقليدي","Street_Camp_MIN":"شارع 56","MAKARF":"طريق الطائف - مواقف حجاج البر بعرفات","Street_Camp_ARF":"طريق 54","Street_MIN_Exit":"طريق الجوهرة (56)","ASMARF":"الدائري الشرقي عرفات","ASM_CODE":"ASMARF3","block":"47","camp_type":"حجاج الخارج","block_ARF":"47","ARF_ZONE2":"مسار رقم 2","_length":16852,"MAKARFT1":null,"ARF_IN":null,"ARF_OUT":null,"Shape_Length":0.0084758354585427499}},{"type":"Feature","id":824,"geometry":{"type":"LineString","coordinates":[[39.967559644000062,21.327004457000044],[39.968701503000034,21.330313905000025],[39.969441523000057,21.333916960000067],[39.970409320000044,21.333797324000045],[39.971279505000041,21.333759134000047],[39.972151085000064,21.333794204000071],[39.973522413000069,21.333893175000071],[39.976147974000071,21.334090063000076],[39.977602365000052,21.334224284000072],[39.979497907000052,21.334478962000048],[39.981905452000035,21.334827834000066],[39.982791503000044,21.334956225000042],[39.984311741000056,21.335168384000042],[39.988851198000077,21.335819235000031],[39.989595674000043,21.335976746000028],[39.989913331000025,21.336059639000041],[39.990074634000052,21.336108697000043],[39.990594525000063,21.336279122000064],[39.99105174400006,21.336456535000025],[39.991601720000062,21.336694369000043],[39.991792514000053,21.33678833700003],[39.992351202000066,21.337087992000022],[39.992804592000027,21.337365677000037],[39.99309629000004,21.337567412000055],[39.993452297000033,21.337824367000053],[39.994206700000063,21.33846101000006],[39.994472922000057,21.338717325000061],[39.994792016000076,21.339050093000026],[39.995042147000049,21.339336876000061],[39.995392021000043,21.339778528000068],[39.995651810000027,21.34014140000005],[39.995958320000057,21.34061009900006],[39.996381353000061,21.341357596000023],[39.996698020000053,21.342059065000058],[39.996976540000048,21.342841210000074],[39.997211230000062,21.34376932400005],[39.997252959000036,21.344040429000074],[39.997339835000048,21.344604835000041],[39.997337702000038,21.344635206000078],[39.997334698000031,21.344645613000068],[39.997327512000027,21.344654809000076],[39.997310216000074,21.344673909000051],[39.997252113000059,21.34472491300005],[39.997191895000071,21.344767832000059],[39.997140123000065,21.344798063000042],[39.996649712000078,21.34509171600007],[39.996160563000046,21.345396685000026],[39.995619392000037,21.345732669000029],[39.995454504000065,21.34583376300003],[39.995425983000075,21.345837987000039],[39.995397112000035,21.345837630000062],[39.995368721000034,21.345832702000052],[39.995341629000052,21.345823344000053],[39.995316617000071,21.345809828000029],[39.995294408000063,21.345792542000027],[39.995275640000045,21.345771984000066],[39.995260855000026,21.345748749000052],[39.994979006000051,21.345330940000053],[39.994742264000024,21.344981786000062],[39.994600228000024,21.345067831000051],[39.993859661000045,21.345520530000044],[39.993488502000048,21.345742443000063],[39.992853141000069,21.34483289800005],[39.992423611000049,21.345087052000054],[39.992443663000074,21.34511948100004]]},"properties":{"OBJECTID":824,"camp_label":"21/62","Transport_mode":"النقل التقليدي","Street_Camp_MIN":"شارع 62","MAKARF":"طريق الطائف - جسر الجامعة عرفات الثاني - الدائري الشرقي","Street_Camp_ARF":"طريق 62","Street_MIN_Exit":"طريق الجوهرة (56)","ASMARF":"الدائري الشرقي عرفات","ASM_CODE":"ASMARF2","block":"42","camp_type":"حجاج الخارج","block_ARF":"42","ARF_ZONE2":"مسار رقم 3","_length":18295,"MAKARFT1":2645.25,"ARF_IN":null,"ARF_OUT":null,"Shape_Length":0.04635807895350115}},{"type":"Feature","id":825,"geometry":{"type":"LineString","coordinates":[[39.967559644000062,21.327004457000044],[39.968701503000034,21.330313905000025],[39.969465807000063,21.334053084000061],[39.969210349000036,21.334102546000054],[39.968956457000047,21.334158640000055],[39.968704327000069,21.334221322000076],[39.968454153000039,21.334290546000034],[39.968206129000066,21.334366257000056],[39.967960447000053,21.334448396000028],[39.967717295000057,21.334536901000035],[39.967476863000059,21.334631702000024],[39.967239335000045,21.334732727000073],[39.967004895000059,21.334839898000041],[39.96654600200003,21.335072340000067],[39.96632190300005,21.335197433000076],[39.959026833000053,21.339600389000054],[39.959897492000039,21.33975309300007],[39.962083822000068,21.340102003000027],[39.963354236000043,21.340281783000023],[39.964165537000042,21.340402728000072],[39.965538207000066,21.340588467000032],[39.969332081000061,21.341166655000052],[39.969949754000027,21.341233893000037],[39.97196415500008,21.341398955000045],[39.975204524000048,21.341657407000071],[39.977501105000044,21.34183405400006],[39.978269431000058,21.341953748000037],[39.978568372000041,21.342023475000076],[39.978865776000077,21.342098751000037],[39.979161524000062,21.342179549000036],[39.979455501000075,21.342265836000024],[39.979747590000045,21.34235757700003],[39.980037676000052,21.342454736000036],[39.980294342000036,21.342544596000039],[39.98032564500005,21.342557276000036],[39.980611383000053,21.342665155000077],[39.98089477700006,21.342778332000023],[39.983458300000052,21.343753415000037],[39.983664668000074,21.343863542000065],[39.98386742100007,21.343979411000078],[39.98406637800008,21.344100919000027],[39.984261361000051,21.344227956000054],[39.984452194000028,21.344360409000046],[39.984638706000055,21.344498158000079],[39.984820729000035,21.344641081000077],[39.984998100000041,21.344789048000052],[39.985170661000041,21.344941926000047],[39.985338255000045,21.345099580000067],[39.985500733000038,21.345261866000044],[39.985657949000029,21.345428640000023],[39.985809761000041,21.345599751000066],[39.985953503000076,21.345771920000061],[39.985956033000036,21.345775047000075],[39.987438914000052,21.347561534000079],[39.987803652000025,21.348111524000046],[39.988048065000044,21.348599213000057],[39.988060165000036,21.34861875200005],[39.98807568400008,21.348636041000077],[39.988094156000045,21.348650560000067],[39.98811502500007,21.348661874000072],[39.988137666000057,21.34866964400004],[39.988161399000035,21.348673635000068],[39.98818551200003,21.348673728000051],[39.988209279000046,21.348669921000067],[39.988231988000052,21.348662327000056],[39.988252956000053,21.348651174000054],[39.98827155500004,21.34863679800003],[39.989712310000073,21.347703807000073],[39.989524304000042,21.347388054000078],[39.989672360000043,21.347288701000025]]},"properties":{"OBJECTID":825,"camp_label":"22/204","Transport_mode":"النقل التقليدي","Street_Camp_MIN":"شارع 204","MAKARF":"طريق الطائف - جسر الجامعة عرفات الثاني - الدائري الشرقي","Street_Camp_ARF":"طريق 62","Street_MIN_Exit":"طريق الجوهرة (56)","ASMARF":"الدائري الغربي عرفات","ASM_CODE":"ASMARF2","block":"42","camp_type":"حجاج الخارج","block_ARF":"42","ARF_ZONE2":"مسار رقم 1","_length":17699,"MAKARFT1":3117,"ARF_IN":null,"ARF_OUT":null,"Shape_Length":0.053383008181053224}},{"type":"Feature","id":826,"geometry":{"type":"LineString","coordinates":[[39.967559644000062,21.327004457000044],[39.968701503000034,21.330313905000025],[39.969465807000063,21.334053084000061],[39.969210349000036,21.334102546000054],[39.968956457000047,21.334158640000055],[39.968704327000069,21.334221322000076],[39.968454153000039,21.334290546000034],[39.968206129000066,21.334366257000056],[39.967960447000053,21.334448396000028],[39.967717295000057,21.334536901000035],[39.967476863000059,21.334631702000024],[39.967239335000045,21.334732727000073],[39.967004895000059,21.334839898000041],[39.96654600200003,21.335072340000067],[39.96632190300005,21.335197433000076],[39.959026325000025,21.339603667000063],[39.959897492000039,21.33975309300007],[39.962083822000068,21.340102003000027],[39.963354236000043,21.340281783000023],[39.964165537000042,21.340402728000072],[39.965538207000066,21.340588467000032],[39.969332081000061,21.341166655000052],[39.969949754000027,21.341233893000037],[39.97196415500008,21.341398955000045],[39.975204524000048,21.341657407000071],[39.977501105000044,21.34183405400006],[39.978269431000058,21.341953748000037],[39.978563738000048,21.342022348000057],[39.978856557000029,21.342096329000071],[39.979147775000058,21.342175660000066],[39.979437282000049,21.342260313000054],[39.979455501000075,21.342265836000024],[39.979724966000049,21.342350254000053],[39.980010717000027,21.342445449000024],[39.980037676000052,21.342454736000036],[39.980294342000036,21.342544596000039],[39.980314471000042,21.342586012000027],[39.980328010000051,21.342628481000077],[39.980334753000079,21.342672353000069],[39.980334553000034,21.342716676000066],[39.980327415000033,21.342760493000071],[39.98031349200005,21.34280285400007],[39.980293087000064,21.342842843000028],[39.980266641000071,21.342879596000046],[39.980234726000049,21.342912315000035],[39.980198032000033,21.342940295000062],[39.979253608000079,21.343506618000049],[39.974874026000066,21.346132709000074],[39.974441522000063,21.345471233000069],[39.974427748000039,21.345445568000059],[39.97441873300005,21.345418111000072],[39.974414729000046,21.345389630000057],[39.974415848000035,21.345360923000044],[39.974422059000062,21.345332792000022],[39.974433187000045,21.345306024000024],[39.974448923000068,21.34528136800003],[39.974468825000031,21.345259514000077],[39.974492336000026,21.345241074000057],[39.974518799000066,21.34522656300004],[39.97527716500008,21.34477116100004],[39.975249615000052,21.344731395000053]]},"properties":{"OBJECTID":826,"camp_label":"23/206","Transport_mode":"النقل التقليدي","Street_Camp_MIN":"شارع 206","MAKARF":"طريق الطائف - جسر الجامعة عرفات الثاني - الدائري الشرقي","Street_Camp_ARF":"شارع 52","Street_MIN_Exit":"طريق الجوهرة (56)","ASMARF":"الدائري الغربي عرفات","ASM_CODE":"ASMARF2","block":"34","camp_type":"حجاج الخارج","block_ARF":"34","ARF_ZONE2":"مسار رقم 2","_length":17776,"MAKARFT1":null,"ARF_IN":null,"ARF_OUT":null,"Shape_Length":0.04938495760749808}},{"type":"Feature","id":827,"geometry":{"type":"LineString","coordinates":[[39.967559644000062,21.327004457000044],[39.968701503000034,21.330313905000025],[39.969441523000057,21.333916960000067],[39.970409320000044,21.333797324000045],[39.971279505000041,21.333759134000047],[39.972151085000064,21.333794204000071],[39.973522413000069,21.333893175000071],[39.976147974000071,21.334090063000076],[39.977602365000052,21.334224284000072],[39.979497907000052,21.334478962000048],[39.981905452000035,21.334827834000066],[39.982791503000044,21.334956225000042],[39.984311741000056,21.335168384000042],[39.988851198000077,21.335819235000031],[39.989595674000043,21.335976746000028],[39.989913331000025,21.336059639000041],[39.990074634000052,21.336108697000043],[39.990594525000063,21.336279122000064],[39.99105174400006,21.336456535000025],[39.991601720000062,21.336694369000043],[39.991792514000053,21.33678833700003],[39.992351202000066,21.337087992000022],[39.992804592000027,21.337365677000037],[39.99309629000004,21.337567412000055],[39.993452297000033,21.337824367000053],[39.994206700000063,21.33846101000006],[39.994472922000057,21.338717325000061],[39.994792016000076,21.339050093000026],[39.995042147000049,21.339336876000061],[39.995392021000043,21.339778528000068],[39.995651810000027,21.34014140000005],[39.995958320000057,21.34061009900006],[39.996381353000061,21.341357596000023],[39.996698020000053,21.342059065000058],[39.996976540000048,21.342841210000074],[39.997211230000062,21.34376932400005],[39.997252959000036,21.344040429000074],[39.997339835000048,21.344604835000041],[39.997337702000038,21.344635206000078],[39.997334698000031,21.344645613000068],[39.997327512000027,21.344654809000076],[39.997310216000074,21.344673909000051],[39.997252113000059,21.34472491300005],[39.997191895000071,21.344767832000059],[39.997140123000065,21.344798063000042],[39.996649712000078,21.34509171600007],[39.996160563000046,21.345396685000026],[39.995619392000037,21.345732669000029],[39.99477203500004,21.346252186000072],[39.993932314000062,21.34677982200003],[39.993333926000048,21.347150831000079],[39.993071486000076,21.34731368100006],[39.993039167000063,21.347332425000047],[39.993021666000061,21.347338495000031],[39.99300332200005,21.347341710000023],[39.992984662000026,21.347341976000052],[39.992966222000064,21.347339287000068],[39.992948531000025,21.347333720000051],[39.99293209800004,21.347325434000027],[39.992917394000074,21.347314668000024],[39.992904841000041,21.347301731000073],[39.992894801000034,21.347286993000068],[39.992887560000042,21.347270880000053],[39.992875552000044,21.347244221000039],[39.992472260000056,21.346674059000065],[39.992516195000064,21.346643390000054]]},"properties":{"OBJECTID":827,"camp_label":"23/62","Transport_mode":"النقل التقليدي","Street_Camp_MIN":"شارع 62","MAKARF":"طريق الطائف - جسر الجامعة عرفات الثاني - الدائري الشرقي","Street_Camp_ARF":"طريق 62","Street_MIN_Exit":"طريق الجوهرة (56)","ASMARF":"الدائري الشرقي عرفات","ASM_CODE":"ASMARF2","block":"42","camp_type":"حجاج الخارج","block_ARF":"42","ARF_ZONE2":"مسار رقم 3","_length":18068,"MAKARFT1":2340.75,"ARF_IN":null,"ARF_OUT":null,"Shape_Length":0.045898818154646165}},{"type":"Feature","id":828,"geometry":{"type":"LineString","coordinates":[[39.967559644000062,21.327004457000044],[39.968701503000034,21.330313905000025],[39.969465807000063,21.334053084000061],[39.969210349000036,21.334102546000054],[39.968956457000047,21.334158640000055],[39.968704327000069,21.334221322000076],[39.968454153000039,21.334290546000034],[39.968206129000066,21.334366257000056],[39.967960447000053,21.334448396000028],[39.967717295000057,21.334536901000035],[39.967476863000059,21.334631702000024],[39.967239335000045,21.334732727000073],[39.967004895000059,21.334839898000041],[39.96654600200003,21.335072340000067],[39.96632190300005,21.335197433000076],[39.959026833000053,21.339600389000054],[39.959897492000039,21.33975309300007],[39.962083822000068,21.340102003000027],[39.963354236000043,21.340281783000023],[39.964165537000042,21.340402728000072],[39.965538207000066,21.340588467000032],[39.969332081000061,21.341166655000052],[39.969949754000027,21.341233893000037],[39.97196415500008,21.341398955000045],[39.975204524000048,21.341657407000071],[39.977501105000044,21.34183405400006],[39.978269431000058,21.341953748000037],[39.978568372000041,21.342023475000076],[39.978865776000077,21.342098751000037],[39.979161524000062,21.342179549000036],[39.979455501000075,21.342265836000024],[39.979747590000045,21.34235757700003],[39.980037676000052,21.342454736000036],[39.980294342000036,21.342544596000039],[39.98032564500005,21.342557276000036],[39.980611383000053,21.342665155000077],[39.98089477700006,21.342778332000023],[39.983458300000052,21.343753415000037],[39.983664668000074,21.343863542000065],[39.98386742100007,21.343979411000078],[39.98406637800008,21.344100919000027],[39.984261361000051,21.344227956000054],[39.984452194000028,21.344360409000046],[39.984638706000055,21.344498158000079],[39.984820729000035,21.344641081000077],[39.984998100000041,21.344789048000052],[39.985170661000041,21.344941926000047],[39.985338255000045,21.345099580000067],[39.985500733000038,21.345261866000044],[39.985657949000029,21.345428640000023],[39.985809761000041,21.345599751000066],[39.985953503000076,21.345771920000061],[39.985956033000036,21.345775047000075],[39.987438914000052,21.347561534000079],[39.987803652000025,21.348111524000046],[39.988048065000044,21.348599213000057],[39.988060165000036,21.34861875200005],[39.98807568400008,21.348636041000077],[39.988094156000045,21.348650560000067],[39.98811502500007,21.348661874000072],[39.988137666000057,21.34866964400004],[39.988161399000035,21.348673635000068],[39.98818551200003,21.348673728000051],[39.988209279000046,21.348669921000067],[39.988231988000052,21.348662327000056],[39.988252956000053,21.348651174000054],[39.98827155500004,21.34863679800003],[39.989656547000038,21.347739918000059],[39.989714935000052,21.347827147000032]]},"properties":{"OBJECTID":828,"camp_label":"24/204","Transport_mode":"النقل التقليدي","Street_Camp_MIN":"شارع 204","MAKARF":"طريق الطائف - جسر الجامعة عرفات الثاني - الدائري الشرقي","Street_Camp_ARF":"طريق 62","Street_MIN_Exit":"طريق الجوهرة (56)","ASMARF":"الدائري الغربي عرفات","ASM_CODE":"ASMARF2","block":"42","camp_type":"حجاج الخارج","block_ARF":"42","ARF_ZONE2":"ARF ZONE 9","_length":17718,"MAKARFT1":2811.75,"ARF_IN":62,"ARF_OUT":62,"Shape_Length":0.052875752483019178}},{"type":"Feature","id":829,"geometry":{"type":"LineString","coordinates":[[39.94754269200007,21.33845289900006],[39.948252810000042,21.339560423000023],[39.948686590000079,21.339902104000032],[39.95437045500006,21.342254175000051],[39.955214053000077,21.341746444000023],[39.95665136000008,21.340876285000036],[39.957739140000058,21.340217757000062],[39.958823771000027,21.339568923000058],[39.959897492000039,21.33975309300007],[39.962083822000068,21.340102003000027],[39.963354236000043,21.340281783000023],[39.964165537000042,21.340402728000072],[39.965538207000066,21.340588467000032],[39.969332081000061,21.341166655000052],[39.969949754000027,21.341233893000037],[39.97196415500008,21.341398955000045],[39.975204524000048,21.341657407000071],[39.977501105000044,21.34183405400006],[39.978269431000058,21.341953748000037],[39.978568372000041,21.342023475000076],[39.978865776000077,21.342098751000037],[39.979161524000062,21.342179549000036],[39.979455501000075,21.342265836000024],[39.979747590000045,21.34235757700003],[39.980037676000052,21.342454736000036],[39.980294342000036,21.342544596000039],[39.98056482100003,21.342647576000047],[39.980611383000053,21.342665155000077],[39.98089477700006,21.342778332000023],[39.983458300000052,21.343753415000037],[39.983664410000074,21.343863399000043],[39.983866915000078,21.343979112000056],[39.984065634000046,21.344100449000052],[39.984260389000042,21.344227302000036],[39.984451005000039,21.344359558000065],[39.984637313000064,21.344497098000033],[39.984819145000074,21.34463979800006],[39.984998100000041,21.344789048000052],[39.98516873300008,21.344940166000072],[39.985336176000033,21.34509756500006],[39.985338255000045,21.345099580000067],[39.985498518000043,21.345259587000044],[39.985500733000038,21.345261866000044],[39.985655613000063,21.345426086000032],[39.985809761000041,21.345599751000066],[39.985953503000076,21.345771920000061],[39.985835277000035,21.345842350000055],[39.985232733000032,21.346201292000046],[39.984435273000031,21.346676344000059],[39.982744226000079,21.347683687000028],[39.981885601000045,21.34820015400004],[39.981128150000075,21.34865618300006],[39.980161779000071,21.349238811000077],[39.978144788000066,21.350458397000068],[39.97806242200005,21.350508175000073],[39.97773426200007,21.350706498000022],[39.97549915500008,21.352057247000062],[39.975974609000048,21.352807311000049],[39.976556825000046,21.352887422000038],[39.977083162000042,21.353034714000046],[39.977468185000077,21.35335456200005],[39.977415172000065,21.353405471000031]]},"properties":{"OBJECTID":829,"camp_label":"24/206","Transport_mode":"النقل التقليدي","Street_Camp_MIN":"شارع 206","MAKARF":"طريق الطائف - نفق الجامعة عرفات الأول - الدائري الأوسط","Street_Camp_ARF":"شارع 510","Street_MIN_Exit":"طريق الجوهرة (56)","ASMARF":"الدائري الغربي عرفات","ASM_CODE":"ASMARF1","block":"37","camp_type":"حجاج الخارج","block_ARF":"37","ARF_ZONE2":"","_length":18915,"MAKARFT1":3635,"ARF_IN":null,"ARF_OUT":null,"Shape_Length":0.056347944109768372}},{"type":"Feature","id":830,"geometry":{"type":"LineString","coordinates":[[39.94754269200007,21.33845289900006],[39.948252810000042,21.339560423000023],[39.948686590000079,21.339902104000032],[39.95437045500006,21.342254175000051],[39.955214053000077,21.341746444000023],[39.95665136000008,21.340876285000036],[39.957739140000058,21.340217757000062],[39.958823771000027,21.339568923000058],[39.959897492000039,21.33975309300007],[39.962083822000068,21.340102003000027],[39.963354236000043,21.340281783000023],[39.964165537000042,21.340402728000072],[39.965538207000066,21.340588467000032],[39.969332081000061,21.341166655000052],[39.969949754000027,21.341233893000037],[39.97196415500008,21.341398955000045],[39.975204524000048,21.341657407000071],[39.977501105000044,21.34183405400006],[39.978269431000058,21.341953748000037],[39.978568372000041,21.342023475000076],[39.978865776000077,21.342098751000037],[39.979161524000062,21.342179549000036],[39.979455501000075,21.342265836000024],[39.979747590000045,21.34235757700003],[39.980037676000052,21.342454736000036],[39.980294342000036,21.342544596000039],[39.98032564500005,21.342557276000036],[39.980611383000053,21.342665155000077],[39.98089477700006,21.342778332000023],[39.983458300000052,21.343753415000037],[39.983664668000074,21.343863542000065],[39.98386742100007,21.343979411000078],[39.98406637800008,21.344100919000027],[39.984261361000051,21.344227956000054],[39.984452194000028,21.344360409000046],[39.984638706000055,21.344498158000079],[39.984820729000035,21.344641081000077],[39.984998100000041,21.344789048000052],[39.985170661000041,21.344941926000047],[39.985338255000045,21.345099580000067],[39.985500733000038,21.345261866000044],[39.985657949000029,21.345428640000023],[39.985809761000041,21.345599751000066],[39.985956033000036,21.345775047000075],[39.987438914000052,21.347561534000079],[39.987803652000025,21.348111524000046],[39.988048065000044,21.348599213000057],[39.988278319000074,21.349219230000074],[39.988502444000062,21.349841215000026],[39.988513325000042,21.349882528000023],[39.988517823000052,21.349924871000042],[39.988515847000031,21.349967382000045],[39.988507438000056,21.350009198000066],[39.988492767000025,21.350049469000055],[39.988472131000037,21.350087376000033],[39.988445950000028,21.350122148000025],[39.988414756000054,21.350153078000062],[39.988379185000042,21.350179539000067],[39.988339957000051,21.350200990000076],[39.988162524000074,21.350294986000051],[39.98542744100007,21.351570880000054],[39.985475010000073,21.351651696000033]]},"properties":{"OBJECTID":830,"camp_label":"24/608","Transport_mode":"النقل التقليدي","Street_Camp_MIN":"شارع 608","MAKARF":"طريق الطائف - نفق الجامعة عرفات الأول - الدائري الأوسط","Street_Camp_ARF":"طريق 62","Street_MIN_Exit":"طريق الجوهرة (56)","ASMARF":"الدائري الأوسط 83","ASM_CODE":"ASMARF1","block":"90","camp_type":"حجاج الخارج","block_ARF":"90","ARF_ZONE2":"مسار رقم 2","_length":17509,"MAKARFT1":26.630000000000098,"ARF_IN":null,"ARF_OUT":null,"Shape_Length":0.05015260957531531}},{"type":"Feature","id":831,"geometry":{"type":"LineString","coordinates":[[39.990743021000071,21.329642170000056],[39.990451545000042,21.330835190000073],[39.989611008000054,21.333919417000061],[39.988851198000077,21.335819235000031],[39.989595674000043,21.335976746000028],[39.98991333400005,21.33605964000003],[39.990074634000052,21.336108697000043],[39.990594525000063,21.336279122000064],[39.99105174400006,21.336456535000025],[39.991471697000065,21.336638142000027],[39.991485818000058,21.336645660000045],[39.991498393000029,21.336655290000067],[39.991509065000059,21.33666676100006],[39.991518000000042,21.336680000000058],[39.991524000000027,21.336694000000023],[39.991526958000065,21.336708759000032],[39.99152765000008,21.336723963000054],[39.991525610000053,21.336739059000024],[39.991520896000054,21.336753621000071],[39.991513640000051,21.336767235000025],[39.99150405000006,21.336779516000036],[39.991492396000069,21.336790116000032],[39.991479009000045,21.336798733000023],[39.990670257000033,21.337407892000044],[39.990891271000066,21.337656817000038],[39.991109150000057,21.337911408000025],[39.99108859100005,21.337927523000076]]},"properties":{"OBJECTID":831,"camp_label":"24/62","Transport_mode":"النقل التقليدي","Street_Camp_MIN":"شارع 62","MAKARF":"طريق الطائف - مواقف حجاج البر بعرفات","Street_Camp_ARF":"طريق 54","Street_MIN_Exit":"طريق الجوهرة (56)","ASMARF":"الدائري الشرقي عرفات","ASM_CODE":"ASMARF3","block":"47","camp_type":"حجاج الخارج","block_ARF":"47","ARF_ZONE2":"مسار رقم 3","_length":16752,"MAKARFT1":null,"ARF_IN":null,"ARF_OUT":null,"Shape_Length":0.011132675827208052}},{"type":"Feature","id":832,"geometry":{"type":"LineString","coordinates":[[39.967559644000062,21.327004457000044],[39.968701503000034,21.330313905000025],[39.969465807000063,21.334053084000061],[39.969210349000036,21.334102546000054],[39.968956457000047,21.334158640000055],[39.968704327000069,21.334221322000076],[39.968454153000039,21.334290546000034],[39.968206129000066,21.334366257000056],[39.967960447000053,21.334448396000028],[39.967717295000057,21.334536901000035],[39.967476863000059,21.334631702000024],[39.967239335000045,21.334732727000073],[39.967004895000059,21.334839898000041],[39.96654600200003,21.335072340000067],[39.96632190300005,21.335197433000076],[39.959026833000053,21.339600389000054],[39.959897492000039,21.33975309300007],[39.962083822000068,21.340102003000027],[39.963354236000043,21.340281783000023],[39.964165537000042,21.340402728000072],[39.965538207000066,21.340588467000032],[39.969332081000061,21.341166655000052],[39.969949754000027,21.341233893000037],[39.97196415500008,21.341398955000045],[39.975204524000048,21.341657407000071],[39.977501105000044,21.34183405400006],[39.978269431000058,21.341953748000037],[39.978563738000048,21.342022348000057],[39.978856557000029,21.342096329000071],[39.979147775000058,21.342175660000066],[39.979437282000049,21.342260313000054],[39.979455501000075,21.342265836000024],[39.979724966000049,21.342350254000053],[39.980010717000027,21.342445449000024],[39.980037676000052,21.342454736000036],[39.980294342000036,21.342544596000039],[39.980314471000042,21.342586012000027],[39.980328010000051,21.342628481000077],[39.980334753000079,21.342672353000069],[39.980334553000034,21.342716676000066],[39.980327415000033,21.342760493000071],[39.98031349200005,21.34280285400007],[39.980293087000064,21.342842843000028],[39.980266641000071,21.342879596000046],[39.980234726000049,21.342912315000035],[39.980198032000033,21.342940295000062],[39.979172948000041,21.343554985000026],[39.97667235800003,21.345054391000076],[39.976128938000045,21.344287996000048],[39.975942450000048,21.344396877000065],[39.975900583000055,21.344336213000076]]},"properties":{"OBJECTID":832,"camp_label":"25/206","Transport_mode":"النقل التقليدي","Street_Camp_MIN":"شارع 206","MAKARF":"طريق الطائف - جسر الجامعة عرفات الثاني - الدائري الشرقي","Street_Camp_ARF":"شارع 52","Street_MIN_Exit":"طريق الجوهرة (56)","ASMARF":"الدائري الغربي عرفات","ASM_CODE":"ASMARF2","block":"34","camp_type":"حجاج الخارج","block_ARF":"34","ARF_ZONE2":"ARF1","_length":17952,"MAKARFT1":null,"ARF_IN":null,"ARF_OUT":null,"Shape_Length":0.0464997216958268}},{"type":"Feature","id":833,"geometry":{"type":"LineString","coordinates":[[39.94754269200007,21.33845289900006],[39.948252810000042,21.339560423000023],[39.948686590000079,21.339902104000032],[39.95262288400005,21.341608852000036],[39.953817981000043,21.342131661000053],[39.95408722600007,21.342220962000056],[39.95437045500006,21.342254175000051],[39.955214053000077,21.341746444000023],[39.95665136000008,21.340876285000036],[39.957739140000058,21.340217757000062],[39.958823771000027,21.339568923000058],[39.959897492000039,21.33975309300007],[39.962083822000068,21.340102003000027],[39.963354236000043,21.340281783000023],[39.964165537000042,21.340402728000072],[39.965538207000066,21.340588467000032],[39.969332081000061,21.341166655000052],[39.969949754000027,21.341233893000037],[39.97196415500008,21.341398955000045],[39.975204524000048,21.341657407000071],[39.977501105000044,21.34183405400006],[39.978269431000058,21.341953748000037],[39.978568372000041,21.342023475000076],[39.978865776000077,21.342098751000037],[39.979161524000062,21.342179549000036],[39.979455501000075,21.342265836000024],[39.979747590000045,21.34235757700003],[39.980037676000052,21.342454736000036],[39.980294342000036,21.342544596000039],[39.98032564500005,21.342557276000036],[39.980611383000053,21.342665155000077],[39.98089477700006,21.342778332000023],[39.983458300000052,21.343753415000037],[39.983664668000074,21.343863542000065],[39.98386742100007,21.343979411000078],[39.98406637800008,21.344100919000027],[39.984261361000051,21.344227956000054],[39.984452194000028,21.344360409000046],[39.984638706000055,21.344498158000079],[39.984820729000035,21.344641081000077],[39.984998100000041,21.344789048000052],[39.985170661000041,21.344941926000047],[39.985338255000045,21.345099580000067],[39.985500733000038,21.345261866000044],[39.985657949000029,21.345428640000023],[39.985809761000041,21.345599751000066],[39.985953503000076,21.345771920000061],[39.985956033000036,21.345775047000075],[39.987438914000052,21.347561534000079],[39.987803652000025,21.348111524000046],[39.988048065000044,21.348599213000057],[39.988060165000036,21.34861875200005],[39.98807568400008,21.348636041000077],[39.988094156000045,21.348650560000067],[39.98811502500007,21.348661874000072],[39.988137666000057,21.34866964400004],[39.988161399000035,21.348673635000068],[39.98818551200003,21.348673728000051],[39.988209279000046,21.348669921000067],[39.988231988000052,21.348662327000056],[39.988252956000053,21.348651174000054],[39.98827155500004,21.34863679800003],[39.98936875000004,21.347926289000043],[39.989590812000074,21.34830462900004],[39.989569096000025,21.348316258000068]]},"properties":{"OBJECTID":833,"camp_label":"26/204","Transport_mode":"النقل التقليدي","Street_Camp_MIN":"شارع 204","MAKARF":"طريق الطائف - نفق الجامعة عرفات الأول - الدائري الأوسط","Street_Camp_ARF":"طريق 62","Street_MIN_Exit":"طريق الجوهرة (56)","ASMARF":"الدائري الغربي عرفات","ASM_CODE":"ASMARF1","block":"43","camp_type":"حجاج الخارج","block_ARF":"43","ARF_ZONE2":"","_length":17764,"MAKARFT1":1772.25,"ARF_IN":null,"ARF_OUT":null,"Shape_Length":0.047128128743027839}},{"type":"Feature","id":835,"geometry":{"type":"LineString","coordinates":[[39.94754269200007,21.33845289900006],[39.948252810000042,21.339560423000023],[39.948686590000079,21.339902104000032],[39.95437045500006,21.342254175000051],[39.955214053000077,21.341746444000023],[39.95665136000008,21.340876285000036],[39.957739140000058,21.340217757000062],[39.958823771000027,21.339568923000058],[39.959897492000039,21.33975309300007],[39.962083822000068,21.340102003000027],[39.963354236000043,21.340281783000023],[39.964165537000042,21.340402728000072],[39.965538207000066,21.340588467000032],[39.969332081000061,21.341166655000052],[39.969949754000027,21.341233893000037],[39.97196415500008,21.341398955000045],[39.975204524000048,21.341657407000071],[39.977501105000044,21.34183405400006],[39.978269431000058,21.341953748000037],[39.978568372000041,21.342023475000076],[39.978865776000077,21.342098751000037],[39.979161524000062,21.342179549000036],[39.979455501000075,21.342265836000024],[39.979747590000045,21.34235757700003],[39.980037676000052,21.342454736000036],[39.980294342000036,21.342544596000039],[39.98032564500005,21.342557276000036],[39.980611383000053,21.342665155000077],[39.98089477700006,21.342778332000023],[39.983458300000052,21.343753415000037],[39.983664668000074,21.343863542000065],[39.98386742100007,21.343979411000078],[39.98406637800008,21.344100919000027],[39.984261361000051,21.344227956000054],[39.984452194000028,21.344360409000046],[39.984638706000055,21.344498158000079],[39.984820729000035,21.344641081000077],[39.984998100000041,21.344789048000052],[39.985170661000041,21.344941926000047],[39.985338255000045,21.345099580000067],[39.985500733000038,21.345261866000044],[39.985657949000029,21.345428640000023],[39.985809761000041,21.345599751000066],[39.985956033000036,21.345775047000075],[39.987438914000052,21.347561534000079],[39.987803652000025,21.348111524000046],[39.988048065000044,21.348599213000057],[39.988278319000074,21.349219230000074],[39.988502444000062,21.349841215000026],[39.988513325000042,21.349882528000023],[39.988517823000052,21.349924871000042],[39.988515847000031,21.349967382000045],[39.988507438000056,21.350009198000066],[39.988492767000025,21.350049469000055],[39.988472131000037,21.350087376000033],[39.988445950000028,21.350122148000025],[39.988414756000054,21.350153078000062],[39.988379185000042,21.350179539000067],[39.988339957000051,21.350200990000076],[39.988162524000074,21.350294986000051],[39.985924622000027,21.351338954000028],[39.986447966000071,21.352109814000073],[39.986413768000034,21.352127361000043]]},"properties":{"OBJECTID":835,"camp_label":"26/608","Transport_mode":"النقل التقليدي","Street_Camp_MIN":"شارع 608","MAKARF":"طريق الطائف - نفق الجامعة عرفات الأول - الدائري الأوسط","Street_Camp_ARF":"طريق 62","Street_MIN_Exit":"طريق الجوهرة (56)","ASMARF":"الدائري الأوسط 83","ASM_CODE":"ASMARF1","block":"90","camp_type":"حجاج الخارج","block_ARF":"90","ARF_ZONE2":"ARF1","_length":17461,"MAKARFT1":29.690000000000101,"ARF_IN":null,"ARF_OUT":null,"Shape_Length":0.050480381240855687}},{"type":"Feature","id":837,"geometry":{"type":"LineString","coordinates":[[39.94754269200007,21.33845289900006],[39.948252810000042,21.339560423000023],[39.948686590000079,21.339902104000032],[39.95437045500006,21.342254175000051],[39.955214053000077,21.341746444000023],[39.95665136000008,21.340876285000036],[39.957739140000058,21.340217757000062],[39.958823771000027,21.339568923000058],[39.959897492000039,21.33975309300007],[39.962083822000068,21.340102003000027],[39.963354236000043,21.340281783000023],[39.964165537000042,21.340402728000072],[39.965538207000066,21.340588467000032],[39.969332081000061,21.341166655000052],[39.969949754000027,21.341233893000037],[39.97196415500008,21.341398955000045],[39.975204524000048,21.341657407000071],[39.977501105000044,21.34183405400006],[39.978269431000058,21.341953748000037],[39.978568372000041,21.342023475000076],[39.978865776000077,21.342098751000037],[39.979161524000062,21.342179549000036],[39.979455501000075,21.342265836000024],[39.979747590000045,21.34235757700003],[39.980037676000052,21.342454736000036],[39.980294342000036,21.342544596000039],[39.98032564500005,21.342557276000036],[39.980611383000053,21.342665155000077],[39.98089477700006,21.342778332000023],[39.983458300000052,21.343753415000037],[39.983664668000074,21.343863542000065],[39.98386742100007,21.343979411000078],[39.98406637800008,21.344100919000027],[39.984261361000051,21.344227956000054],[39.984452194000028,21.344360409000046],[39.984638706000055,21.344498158000079],[39.984820729000035,21.344641081000077],[39.984998100000041,21.344789048000052],[39.985170661000041,21.344941926000047],[39.985338255000045,21.345099580000067],[39.985500733000038,21.345261866000044],[39.985657949000029,21.345428640000023],[39.985809761000041,21.345599751000066],[39.985953503000076,21.345771920000061],[39.985956033000036,21.345775047000075],[39.987438914000052,21.347561534000079],[39.987803652000025,21.348111524000046],[39.988048065000044,21.348599213000057],[39.988060165000036,21.34861875200005],[39.98807568400008,21.348636041000077],[39.988094156000045,21.348650560000067],[39.98811502500007,21.348661874000072],[39.988137666000057,21.34866964400004],[39.988161399000035,21.348673635000068],[39.98818551200003,21.348673728000051],[39.988209279000046,21.348669921000067],[39.988231988000052,21.348662327000056],[39.988252956000053,21.348651174000054],[39.98827155500004,21.34863679800003],[39.988514710000061,21.34847934000004],[39.988717359000077,21.348846543000036],[39.988750964000076,21.348831355000073]]},"properties":{"OBJECTID":837,"camp_label":"28/204","Transport_mode":"النقل التقليدي","Street_Camp_MIN":"شارع 204","MAKARF":"طريق الطائف - نفق الجامعة عرفات الأول - الدائري الأوسط","Street_Camp_ARF":"طريق 62","Street_MIN_Exit":"طريق الجوهرة (56)","ASMARF":"الدائري الغربي عرفات","ASM_CODE":"ASMARF1","block":"43","camp_type":"حجاج الخارج","block_ARF":"43","ARF_ZONE2":"ARF ZONE 8","_length":17706,"MAKARFT1":2340,"ARF_IN":62,"ARF_OUT":62,"Shape_Length":0.046091250910041924}},{"type":"Feature","id":838,"geometry":{"type":"LineString","coordinates":[[39.94754269200007,21.33845289900006],[39.948252810000042,21.339560423000023],[39.948686590000079,21.339902104000032],[39.95437045500006,21.342254175000051],[39.955214053000077,21.341746444000023],[39.95665136000008,21.340876285000036],[39.957739140000058,21.340217757000062],[39.958823771000027,21.339568923000058],[39.959897492000039,21.33975309300007],[39.962083822000068,21.340102003000027],[39.963354236000043,21.340281783000023],[39.964165537000042,21.340402728000072],[39.965538207000066,21.340588467000032],[39.969332081000061,21.341166655000052],[39.969949754000027,21.341233893000037],[39.97196415500008,21.341398955000045],[39.975204524000048,21.341657407000071],[39.977501105000044,21.34183405400006],[39.978269431000058,21.341953748000037],[39.978568372000041,21.342023475000076],[39.978865776000077,21.342098751000037],[39.979161524000062,21.342179549000036],[39.979455501000075,21.342265836000024],[39.979747590000045,21.34235757700003],[39.980037676000052,21.342454736000036],[39.980294342000036,21.342544596000039],[39.98056482100003,21.342647576000047],[39.980611383000053,21.342665155000077],[39.98089477700006,21.342778332000023],[39.983458300000052,21.343753415000037],[39.983664668000074,21.343863542000065],[39.98386742100007,21.343979411000078],[39.98406637800008,21.344100919000027],[39.984261361000051,21.344227956000054],[39.984452194000028,21.344360409000046],[39.984638706000055,21.344498158000079],[39.984820729000035,21.344641081000077],[39.984998100000041,21.344789048000052],[39.985170661000041,21.344941926000047],[39.985338255000045,21.345099580000067],[39.985500733000038,21.345261866000044],[39.985657949000029,21.345428640000023],[39.985809761000041,21.345599751000066],[39.985953503000076,21.345771920000061],[39.985956033000036,21.345775047000075],[39.987438914000052,21.347561534000079],[39.987803652000025,21.348111524000046],[39.988048065000044,21.348599213000057],[39.988278319000074,21.349219230000074],[39.988502444000062,21.349841215000026],[39.988513325000042,21.349882528000023],[39.988517823000052,21.349924871000042],[39.988515847000031,21.349967382000045],[39.988507438000056,21.350009198000066],[39.988492767000025,21.350049469000055],[39.988472131000037,21.350087376000033],[39.988445950000028,21.350122148000025],[39.988414756000054,21.350153078000062],[39.988379185000042,21.350179539000067],[39.988339957000051,21.350200990000076],[39.988162524000074,21.350294986000051],[39.985186054000053,21.351683482000055],[39.98290570000006,21.352742626000065],[39.982850790000043,21.35276454600006],[39.982793559000072,21.35278042300007],[39.982734762000064,21.352790049000077],[39.982675175000054,21.352793296000073],[39.98261558300004,21.352790122000044],[39.982556773000056,21.352780568000071],[39.982499520000033,21.35276476100006],[39.98244457900006,21.352742908000039],[39.982392675000028,21.352715299000067],[39.982344492000038,21.352682297000058],[39.982300666000071,21.352644337000072],[39.98226177500004,21.35260192100003],[39.982228331000044,21.352555607000056],[39.981922371000053,21.352070821000041],[39.981905077000079,21.352047910000067],[39.981884041000058,21.35202793600007],[39.981859821000057,21.352011427000036],[39.981833060000042,21.351998822000041],[39.981804470000043,21.351990455000077],[39.981774809000058,21.351986550000049],[39.981744865000053,21.351987209000072],[39.981715432000044,21.35199241600003],[39.98168729300005,21.35200203100004],[39.981661194000026,21.352015800000061],[39.979641389000051,21.353231633000064],[39.979587569000046,21.353236505000041],[39.979541219000055,21.353227042000071],[39.979502170000046,21.353209632000073],[39.979472484000041,21.353189523000026],[39.978874563000034,21.352323399000056],[39.978843583000071,21.352347757000075]]},"properties":{"OBJECTID":838,"camp_label":"28/206","Transport_mode":"النقل التقليدي","Street_Camp_MIN":"شارع 206","MAKARF":"طريق الطائف - نفق الجامعة عرفات الأول - الدائري الأوسط","Street_Camp_ARF":"شارع 510","Street_MIN_Exit":"طريق الجوهرة (56)","ASMARF":"الدائري الغربي عرفات","ASM_CODE":"ASMARF1","block":"36","camp_type":"حجاج الخارج","block_ARF":"36","ARF_ZONE2":"ARF2","_length":19271,"MAKARFT1":null,"ARF_IN":null,"ARF_OUT":null,"Shape_Length":0.058102899969703567}},{"type":"Feature","id":839,"geometry":{"type":"LineString","coordinates":[[39.94754269200007,21.33845289900006],[39.948252810000042,21.339560423000023],[39.948686590000079,21.339902104000032],[39.95437045500006,21.342254175000051],[39.955214053000077,21.341746444000023],[39.95665136000008,21.340876285000036],[39.957739140000058,21.340217757000062],[39.958823771000027,21.339568923000058],[39.959897492000039,21.33975309300007],[39.962083822000068,21.340102003000027],[39.963354236000043,21.340281783000023],[39.964165537000042,21.340402728000072],[39.965538207000066,21.340588467000032],[39.969332081000061,21.341166655000052],[39.969949754000027,21.341233893000037],[39.97196415500008,21.341398955000045],[39.975204524000048,21.341657407000071],[39.977501105000044,21.34183405400006],[39.978269431000058,21.341953748000037],[39.978568372000041,21.342023475000076],[39.978865776000077,21.342098751000037],[39.979161524000062,21.342179549000036],[39.979455501000075,21.342265836000024],[39.979747590000045,21.34235757700003],[39.980037676000052,21.342454736000036],[39.980294342000036,21.342544596000039],[39.98032564500005,21.342557276000036],[39.980611383000053,21.342665155000077],[39.98089477700006,21.342778332000023],[39.983458300000052,21.343753415000037],[39.983664668000074,21.343863542000065],[39.98386742100007,21.343979411000078],[39.98406637800008,21.344100919000027],[39.984261361000051,21.344227956000054],[39.984452194000028,21.344360409000046],[39.984638706000055,21.344498158000079],[39.984820729000035,21.344641081000077],[39.984998100000041,21.344789048000052],[39.985170661000041,21.344941926000047],[39.985338255000045,21.345099580000067],[39.985500733000038,21.345261866000044],[39.985657949000029,21.345428640000023],[39.985809761000041,21.345599751000066],[39.985956033000036,21.345775047000075],[39.987438914000052,21.347561534000079],[39.987803652000025,21.348111524000046],[39.988048065000044,21.348599213000057],[39.988278319000074,21.349219230000074],[39.988502444000062,21.349841215000026],[39.988513325000042,21.349882528000023],[39.988517823000052,21.349924871000042],[39.988515847000031,21.349967382000045],[39.988507438000056,21.350009198000066],[39.988492767000025,21.350049469000055],[39.988472131000037,21.350087376000033],[39.988445950000028,21.350122148000025],[39.988414756000054,21.350153078000062],[39.988379185000042,21.350179539000067],[39.988339957000051,21.350200990000076],[39.988162524000074,21.350294986000051],[39.986535916000037,21.351053793000062],[39.986585719000061,21.351134295000065]]},"properties":{"OBJECTID":839,"camp_label":"28/608","Transport_mode":"النقل التقليدي","Street_Camp_MIN":"شارع 608","MAKARF":"طريق الطائف - نفق الجامعة عرفات الأول - الدائري الأوسط","Street_Camp_ARF":"طريق 62","Street_MIN_Exit":"طريق الجوهرة (56)","ASMARF":"الدائري الأوسط 83","ASM_CODE":"ASMARF1","block":"90","camp_type":"حجاج الخارج","block_ARF":"90","ARF_ZONE2":"ARF2","_length":17240,"MAKARFT1":27.490000000000201,"ARF_IN":null,"ARF_OUT":null,"Shape_Length":0.048930345197065336}},{"type":"Feature","id":840,"geometry":{"type":"LineString","coordinates":[[39.94754269200007,21.33845289900006],[39.948252810000042,21.339560423000023],[39.948686590000079,21.339902104000032],[39.95437045500006,21.342254175000051],[39.955214053000077,21.341746444000023],[39.95665136000008,21.340876285000036],[39.957739140000058,21.340217757000062],[39.958823771000027,21.339568923000058],[39.959897492000039,21.33975309300007],[39.962083822000068,21.340102003000027],[39.963354236000043,21.340281783000023],[39.964165537000042,21.340402728000072],[39.965538207000066,21.340588467000032],[39.969332081000061,21.341166655000052],[39.969949754000027,21.341233893000037],[39.97196415500008,21.341398955000045],[39.975204524000048,21.341657407000071],[39.977501105000044,21.34183405400006],[39.978269431000058,21.341953748000037],[39.978563751000024,21.342022338000049],[39.978856590000078,21.342096283000046],[39.979147775000058,21.342175660000066],[39.979437382000071,21.342260124000063],[39.979455501000075,21.342265836000024],[39.979725115000065,21.342349957000067],[39.98001092700008,21.34244502100006],[39.980037676000052,21.342454736000036],[39.980294342000036,21.342544596000039],[39.98056482100003,21.342647576000047],[39.980611383000053,21.342665155000077],[39.98089477700006,21.342778332000023],[39.981829549000054,21.343133895000051],[39.983458300000052,21.343753415000037],[39.983664668000074,21.343863542000065],[39.983672493000029,21.343868018000023],[39.983554537000032,21.343970657000057],[39.98237242600004,21.344858569000053],[39.980823646000033,21.345834850000074],[39.979889797000055,21.346423507000054],[39.978670265000062,21.347192216000053],[39.977641315000028,21.347852532000047],[39.977694876000044,21.347903000000031]]},"properties":{"OBJECTID":840,"camp_label":"29/68","Transport_mode":"النقل التقليدي","Street_Camp_MIN":"شارع 68","MAKARF":"طريق الطائف - نفق الجامعة عرفات الأول - الدائري الأوسط","Street_Camp_ARF":"شارع 52","Street_MIN_Exit":"طريق الجوهرة (56)","ASMARF":"الدائري الأوسط 83","ASM_CODE":"ASMARF1","block":"30","camp_type":"حجاج الخارج","block_ARF":"30","ARF_ZONE2":"ARF3","_length":20064,"MAKARFT1":null,"ARF_IN":null,"ARF_OUT":null,"Shape_Length":0.045871088284522313}},{"type":"Feature","id":841,"geometry":{"type":"LineString","coordinates":[[39.94754269200007,21.33845289900006],[39.948252810000042,21.339560423000023],[39.948686590000079,21.339902104000032],[39.95437045500006,21.342254175000051],[39.955214053000077,21.341746444000023],[39.95665136000008,21.340876285000036],[39.957739140000058,21.340217757000062],[39.958823771000027,21.339568923000058],[39.960442163000039,21.338577470000075],[39.965102309000031,21.335764582000024],[39.966452691000029,21.334973297000033],[39.967387416000065,21.334537778000026],[39.968147388000034,21.334252954000078],[39.968538309000053,21.334134651000056],[39.969056085000034,21.33399937400003],[39.969441000000074,21.333917000000042],[39.970409000000075,21.333797000000061],[39.971280000000036,21.333759000000043],[39.972151085000064,21.333794204000071],[39.97614800000008,21.33409000000006],[39.977602365000052,21.334224284000072],[39.978621000000032,21.334361000000058],[39.984312000000045,21.335168000000067],[39.988851000000068,21.335819000000072],[39.989595674000043,21.335976746000028],[39.98991333400005,21.33605964000003],[39.990074634000052,21.336108697000043],[39.990594525000063,21.336279122000064],[39.99105174400006,21.336456535000025],[39.991471697000065,21.336638142000027],[39.991601720000062,21.336694369000043],[39.991792512000075,21.336788336000041],[39.992416304000074,21.337127793000036],[39.992805000000033,21.337366000000031],[39.993452297000033,21.337824367000053],[39.993671273000075,21.338009163000038],[39.994206700000063,21.33846101000006],[39.994303764000051,21.338554463000037],[39.994472922000057,21.338717325000061],[39.994792000000075,21.339050000000043],[39.995042000000069,21.339337000000057],[39.995392000000038,21.339779000000078],[39.995652000000064,21.340141000000074],[39.995958320000057,21.34061009900006],[39.996381353000061,21.341357596000023],[39.996698020000053,21.342059065000058],[39.996976540000048,21.342841210000074],[39.997211230000062,21.34376932400005],[39.997339835000048,21.344604835000041],[39.997385370000075,21.345240382000043],[39.997384630000056,21.346098341000072],[39.997384342000032,21.346432373000027],[39.997466570000029,21.346757599000057],[39.99755140700006,21.346955553000043],[39.997653212000046,21.347034734000033],[39.998432505000039,21.34716110200003],[39.998781356000052,21.347215772000027],[39.998739125000043,21.345416018000037],[39.998835917000065,21.345372002000033],[39.998846503000038,21.34539600200003]]},"properties":{"OBJECTID":841,"camp_label":"3/116","Transport_mode":"النقل التقليدي","Street_Camp_MIN":"شارع 116","MAKARF":"طريق الطائف - نفق الجامعة عرفات الأول - الدائري الأوسط","Street_Camp_ARF":"طريق 62","Street_MIN_Exit":"طريق الجوهرة (56)","ASMARF":"الدائري الغربي عرفات","ASM_CODE":"ASMARF1","block":"17","camp_type":"حجاج الخارج","block_ARF":"17","ARF_ZONE2":"ARF3","_length":18555,"MAKARFT1":null,"ARF_IN":null,"ARF_OUT":null,"Shape_Length":0.063534896075029448}},{"type":"Feature","id":842,"geometry":{"type":"LineString","coordinates":[[39.967559644000062,21.327004457000044],[39.968701503000034,21.330313905000025],[39.969441184000061,21.333917002000078],[39.969441523000057,21.333916960000067],[39.970409320000044,21.333797324000045],[39.971279505000041,21.333759134000047],[39.972151085000064,21.333794204000071],[39.973522413000069,21.333893175000071],[39.976147974000071,21.334090063000076],[39.977602365000052,21.334224284000072],[39.978620627000055,21.334361124000054],[39.979497907000052,21.334478962000048],[39.981905452000035,21.334827834000066],[39.982791503000044,21.334956225000042],[39.984311742000045,21.335168384000042],[39.988851198000077,21.335819235000031],[39.989595674000043,21.335976746000028],[39.98991333400005,21.33605964000003],[39.990074634000052,21.336108697000043],[39.990594525000063,21.336279122000064],[39.99105174400006,21.336456535000025],[39.991471697000065,21.336638142000027],[39.991485818000058,21.336645660000045],[39.991498000000036,21.336655000000064],[39.991509065000059,21.33666676100006],[39.991518000000042,21.336680000000058],[39.991524000000027,21.336694000000023],[39.991526958000065,21.336708759000032],[39.99152765000008,21.336723963000054],[39.991525610000053,21.336739059000024],[39.991520896000054,21.336753621000071],[39.991513640000051,21.336767235000025],[39.99150405000006,21.336779516000036],[39.991492396000069,21.336790116000032],[39.991479009000045,21.336798733000023],[39.990670257000033,21.337407892000044],[39.989441315000079,21.338335753000024],[39.988781688000074,21.33886601100005],[39.988521028000036,21.339089873000034],[39.988264814000047,21.339318195000033],[39.988013132000049,21.339550902000042],[39.987434000000064,21.340121000000067],[39.987417828000048,21.340242019000073],[39.987450888000069,21.340354800000057],[39.98753182300004,21.340525072000048],[39.98765338000004,21.340780807000044],[39.987751819000039,21.341112310000028],[39.987778000000048,21.341403000000071],[39.98778346000006,21.341523842000072],[39.98775100000006,21.341998000000046],[39.987910600000077,21.342255078000051],[39.988168253000026,21.342669112000067],[39.988178000000062,21.342682000000025],[39.988190000000031,21.342694000000051],[39.988204000000053,21.342704000000026],[39.988220000000069,21.342711000000065],[39.988236000000029,21.342716000000053],[39.98825400000004,21.342718000000048],[39.988270926000041,21.342717253000046],[39.988287928000034,21.342714188000059],[39.988304000000028,21.34270900000007],[39.988319000000047,21.342701000000034],[39.989445000000046,21.342030000000022],[39.988974000000042,21.341491000000076],[39.988679282000078,21.341535450000038],[39.988664000000028,21.341539000000068],[39.98864100000003,21.341540000000066],[39.988619000000028,21.341539000000068],[39.988594000000035,21.341532000000029],[39.988574000000028,21.341523000000052],[39.988556000000074,21.341511000000025],[39.988542000000052,21.341498000000058],[39.988529000000028,21.341481000000044],[39.988518326000076,21.341461444000061],[39.988512000000071,21.341442000000029],[39.988509167000075,21.341421592000074],[39.988416000000029,21.341115000000059],[39.98841883700004,21.341053006000038],[39.988427929000068,21.340991891000044],[39.988443000000075,21.340932000000066],[39.988465332000033,21.340873719000058],[39.988493270000049,21.340817840000057],[39.988527015000045,21.340764848000049],[39.988566000000048,21.340715000000046],[39.98861052400008,21.340669605000073],[39.988659000000041,21.340628000000038],[39.988913518000061,21.340456963000065],[39.988853905000042,21.340378142000077]]},"properties":{"OBJECTID":842,"camp_label":"3/518","Transport_mode":"النقل التقليدي","Street_Camp_MIN":"شارع 518","MAKARF":"طريق الطائف - جسر الجامعة عرفات الثاني - الدائري الشرقي","Street_Camp_ARF":"طريق 56","Street_MIN_Exit":"طريق الجوهرة (56)","ASMARF":"الدائري الشرقي عرفات","ASM_CODE":"ASMARF2","block":"8-6","camp_type":"حجاج الخارج","block_ARF":"8-6","ARF_ZONE2":"","_length":17331,"MAKARFT1":null,"ARF_IN":null,"ARF_OUT":null,"Shape_Length":0.041678743057364173}},{"type":"Feature","id":843,"geometry":{"type":"LineString","coordinates":[[39.967559644000062,21.327004457000044],[39.968701503000034,21.330313905000025],[39.969465807000063,21.334053084000061],[39.969210349000036,21.334102546000054],[39.968956457000047,21.334158640000055],[39.968704327000069,21.334221322000076],[39.968454153000039,21.334290546000034],[39.968206129000066,21.334366257000056],[39.967960447000053,21.334448396000028],[39.967717295000057,21.334536901000035],[39.967476863000059,21.334631702000024],[39.967239335000045,21.334732727000073],[39.967004895000059,21.334839898000041],[39.96654600200003,21.335072340000067],[39.96632190300005,21.335197433000076],[39.959026833000053,21.339600389000054],[39.959897492000039,21.33975309300007],[39.962083822000068,21.340102003000027],[39.963354236000043,21.340281783000023],[39.964165537000042,21.340402728000072],[39.965538207000066,21.340588467000032],[39.969332081000061,21.341166655000052],[39.969949754000027,21.341233893000037],[39.97196415500008,21.341398955000045],[39.975204524000048,21.341657407000071],[39.977501105000044,21.34183405400006],[39.978269431000058,21.341953748000037],[39.978568372000041,21.342023475000076],[39.978865776000077,21.342098751000037],[39.979161524000062,21.342179549000036],[39.979455501000075,21.342265836000024],[39.979747590000045,21.34235757700003],[39.980037676000052,21.342454736000036],[39.980294342000036,21.342544596000039],[39.98032564500005,21.342557276000036],[39.980611383000053,21.342665155000077],[39.98089477700006,21.342778332000023],[39.983458300000052,21.343753415000037],[39.983664668000074,21.343863542000065],[39.983672493000029,21.343868018000023],[39.983866916000068,21.343979111000067],[39.984065635000036,21.344100447000073],[39.984260000000063,21.344227000000046],[39.984452194000028,21.344360409000046],[39.984535313000038,21.344421497000042],[39.984819144000028,21.344639799000049],[39.984998100000041,21.344789048000052],[39.985040992000052,21.344827530000032],[39.985338255000045,21.345099580000067],[39.985655613000063,21.345426087000078],[39.985809761000041,21.345599751000066],[39.985863786000039,21.345664514000077],[39.985953503000076,21.345771920000061],[39.985835277000035,21.345842350000055],[39.985232733000032,21.346201292000046],[39.984435273000031,21.346676344000059],[39.98364353900007,21.347147922000033],[39.983529844000032,21.347215667000057],[39.982877085000041,21.346210932000076],[39.982764388000078,21.346248325000033]]},"properties":{"OBJECTID":843,"camp_label":"3/56","Transport_mode":"النقل التقليدي","Street_Camp_MIN":"شارع 56","MAKARF":"طريق الطائف - جسر الجامعة عرفات الثاني - الدائري الشرقي","Street_Camp_ARF":"طريق 56","Street_MIN_Exit":"طريق الجوهرة (56)","ASMARF":"الدائري الأوسط 83","ASM_CODE":"ASMARF2","block":"49","camp_type":"حجاج الخارج","block_ARF":"49","ARF_ZONE2":"مسار رقم 2","_length":16492,"MAKARFT1":null,"ARF_IN":null,"ARF_OUT":null,"Shape_Length":0.051466564688305516}},{"type":"Feature","id":844,"geometry":{"type":"LineString","coordinates":[[39.94754269200007,21.33845289900006],[39.948252810000042,21.339560423000023],[39.948686590000079,21.339902104000032],[39.95437045500006,21.342254175000051],[39.955214053000077,21.341746444000023],[39.95665136000008,21.340876285000036],[39.957739140000058,21.340217757000062],[39.958823771000027,21.339568923000058],[39.959897492000039,21.33975309300007],[39.962083822000068,21.340102003000027],[39.963354236000043,21.340281783000023],[39.964165537000042,21.340402728000072],[39.965538207000066,21.340588467000032],[39.969332081000061,21.341166655000052],[39.969949754000027,21.341233893000037],[39.97196415500008,21.341398955000045],[39.975204524000048,21.341657407000071],[39.977501105000044,21.34183405400006],[39.978269431000058,21.341953748000037],[39.978568372000041,21.342023475000076],[39.978865776000077,21.342098751000037],[39.979161524000062,21.342179549000036],[39.979455501000075,21.342265836000024],[39.979747590000045,21.34235757700003],[39.980037676000052,21.342454736000036],[39.980294342000036,21.342544596000039],[39.98056482100003,21.342647576000047],[39.980611383000053,21.342665155000077],[39.98089477700006,21.342778332000023],[39.983458300000052,21.343753415000037],[39.983664668000074,21.343863542000065],[39.98386742100007,21.343979411000078],[39.98406637800008,21.344100919000027],[39.984261361000051,21.344227956000054],[39.984452194000028,21.344360409000046],[39.984638706000055,21.344498158000079],[39.984820729000035,21.344641081000077],[39.984998100000041,21.344789048000052],[39.985170661000041,21.344941926000047],[39.985338255000045,21.345099580000067],[39.985500733000038,21.345261866000044],[39.985657949000029,21.345428640000023],[39.985809761000041,21.345599751000066],[39.985953503000076,21.345771920000061],[39.985956033000036,21.345775047000075],[39.987438914000052,21.347561534000079],[39.987803652000025,21.348111524000046],[39.988048065000044,21.348599213000057],[39.988278319000074,21.349219230000074],[39.988502444000062,21.349841215000026],[39.988513325000042,21.349882528000023],[39.988517823000052,21.349924871000042],[39.988515847000031,21.349967382000045],[39.988507438000056,21.350009198000066],[39.988492767000025,21.350049469000055],[39.988472131000037,21.350087376000033],[39.988445950000028,21.350122148000025],[39.988414756000054,21.350153078000062],[39.988379185000042,21.350179539000067],[39.988339957000051,21.350200990000076],[39.988162524000074,21.350294986000051],[39.985186054000053,21.351683482000055],[39.98290570000006,21.352742626000065],[39.982850790000043,21.35276454600006],[39.982793559000072,21.35278042300007],[39.982734762000064,21.352790049000077],[39.982675175000054,21.352793296000073],[39.98261558300004,21.352790122000044],[39.982556773000056,21.352780568000071],[39.982499520000033,21.35276476100006],[39.98244457900006,21.352742908000039],[39.982392675000028,21.352715299000067],[39.982344492000038,21.352682297000058],[39.982300666000071,21.352644337000072],[39.98226177500004,21.35260192100003],[39.982228331000044,21.352555607000056],[39.981922371000053,21.352070821000041],[39.981905077000079,21.352047910000067],[39.981884041000058,21.35202793600007],[39.981859821000057,21.352011427000036],[39.981833060000042,21.351998822000041],[39.981804470000043,21.351990455000077],[39.981774809000058,21.351986550000049],[39.981744865000053,21.351987209000072],[39.981715432000044,21.35199241600003],[39.98168729300005,21.35200203100004],[39.981661194000026,21.352015800000061],[39.980519385000036,21.352703123000026],[39.98049844500008,21.352713549000043],[39.980475960000035,21.352720607000037],[39.980452541000034,21.35272410500005],[39.980428827000026,21.352723947000072],[39.980405464000057,21.352720138000052],[39.980383088000053,21.352712781000037],[39.980362308000053,21.352702076000071],[39.98034369100003,21.352688317000059],[39.980327742000043,21.352671876000045],[39.980314897000028,21.352653201000066],[39.979638614000066,21.351654120000035],[39.979680880000046,21.35162871700004]]},"properties":{"OBJECTID":844,"camp_label":"30/206","Transport_mode":"النقل التقليدي","Street_Camp_MIN":"شارع 206","MAKARF":"طريق الطائف - نفق الجامعة عرفات الأول - الدائري الأوسط","Street_Camp_ARF":"شارع 510","Street_MIN_Exit":"طريق الجوهرة (56)","ASMARF":"الدائري الغربي عرفات","ASM_CODE":"ASMARF1","block":"36","camp_type":"حجاج الخارج","block_ARF":"36","ARF_ZONE2":"ARF ZONE 3","_length":19255,"MAKARFT1":null,"ARF_IN":50,"ARF_OUT":50,"Shape_Length":0.057295715436033866}},{"type":"Feature","id":845,"geometry":{"type":"LineString","coordinates":[[39.94754269200007,21.33845289900006],[39.948252810000042,21.339560423000023],[39.948686590000079,21.339902104000032],[39.95437045500006,21.342254175000051],[39.955214053000077,21.341746444000023],[39.95665136000008,21.340876285000036],[39.957739140000058,21.340217757000062],[39.958823771000027,21.339568923000058],[39.959897492000039,21.33975309300007],[39.962083822000068,21.340102003000027],[39.963354236000043,21.340281783000023],[39.964165537000042,21.340402728000072],[39.965538207000066,21.340588467000032],[39.969332081000061,21.341166655000052],[39.969949754000027,21.341233893000037],[39.97196415500008,21.341398955000045],[39.975204524000048,21.341657407000071],[39.977501105000044,21.34183405400006],[39.978269431000058,21.341953748000037],[39.978568372000041,21.342023475000076],[39.978865776000077,21.342098751000037],[39.979161524000062,21.342179549000036],[39.979455501000075,21.342265836000024],[39.979747590000045,21.34235757700003],[39.980037676000052,21.342454736000036],[39.980294342000036,21.342544596000039],[39.980314471000042,21.342586012000027],[39.980328010000051,21.342628481000077],[39.980334753000079,21.342672353000069],[39.980334553000034,21.342716676000066],[39.980327415000033,21.342760493000071],[39.98031349200005,21.34280285400007],[39.980293000000074,21.342843000000073],[39.980266641000071,21.342879596000046],[39.980234726000049,21.342912315000035],[39.980198032000033,21.342940295000062],[39.979253608000079,21.343506618000049],[39.979172948000041,21.343554985000026],[39.97700327900003,21.344855964000033],[39.97667235800003,21.345054391000076],[39.974874026000066,21.346132709000074],[39.974698662000037,21.346237856000073],[39.974664000000075,21.346259000000032],[39.975013173000036,21.346756476000053],[39.975303932000031,21.347176792000027],[39.97405270400003,21.347930176000034],[39.974005003000059,21.347850838000056]]},"properties":{"OBJECTID":845,"camp_label":"30/608","Transport_mode":"النقل التقليدي","Street_Camp_MIN":"شارع 608","MAKARF":"طريق الطائف - نفق الجامعة عرفات الأول - الدائري الأوسط","Street_Camp_ARF":"طريق 62","Street_MIN_Exit":"طريق الجوهرة (56)","ASMARF":"الدائري الأوسط 83","ASM_CODE":"ASMARF1","block":"90","camp_type":"حجاج الخارج","block_ARF":"90","ARF_ZONE2":"ARF3","_length":17018,"MAKARFT1":null,"ARF_IN":null,"ARF_OUT":null,"Shape_Length":0.044508981869266932}},{"type":"Feature","id":846,"geometry":{"type":"LineString","coordinates":[[39.94754269200007,21.33845289900006],[39.948252810000042,21.339560423000023],[39.948686590000079,21.339902104000032],[39.95437045500006,21.342254175000051],[39.955214053000077,21.341746444000023],[39.95665136000008,21.340876285000036],[39.957739140000058,21.340217757000062],[39.958823771000027,21.339568923000058],[39.959897492000039,21.33975309300007],[39.962083822000068,21.340102003000027],[39.963354236000043,21.340281783000023],[39.964165537000042,21.340402728000072],[39.965538207000066,21.340588467000032],[39.969332081000061,21.341166655000052],[39.969949754000027,21.341233893000037],[39.97196415500008,21.341398955000045],[39.975204524000048,21.341657407000071],[39.977501105000044,21.34183405400006],[39.978269431000058,21.341953748000037],[39.978568372000041,21.342023475000076],[39.979147775000058,21.342175660000066],[39.979437493000034,21.342260158000045],[39.979595509000035,21.342309056000033],[39.980037676000052,21.342454736000036],[39.980294342000036,21.342544596000039],[39.98032564500005,21.342557276000036],[39.98056482100003,21.342647576000047],[39.980611383000053,21.342665155000077],[39.98089477700006,21.342778332000023],[39.981829549000054,21.343133895000051],[39.983458300000052,21.343753415000037],[39.983664668000074,21.343863542000065],[39.983672493000029,21.343868018000023],[39.983866916000068,21.343979111000067],[39.98393958500003,21.344023380000067],[39.984065635000036,21.344100447000073],[39.984260000000063,21.344227000000046],[39.984452194000028,21.344360409000046],[39.984535313000038,21.344421497000042],[39.984819147000053,21.344639796000024],[39.984998100000041,21.344789048000052],[39.985040992000052,21.344827530000032],[39.985338255000045,21.345099580000067],[39.985655613000063,21.345426086000032],[39.985809761000041,21.345599751000066],[39.985863786000039,21.345664514000077],[39.985953503000076,21.345771920000061],[39.984365856000068,21.346717695000052],[39.98364353900007,21.347147922000033],[39.983529844000032,21.347215667000057],[39.982744226000079,21.347683687000028],[39.982290258000035,21.347956751000027],[39.981888137000055,21.348198629000024],[39.981128150000075,21.34865618300006],[39.980161779000071,21.349238811000077],[39.978823420000026,21.350048058000027],[39.978686462000042,21.349886447000074]]},"properties":{"OBJECTID":846,"camp_label":"31/68","Transport_mode":"النقل التقليدي","Street_Camp_MIN":"شارع 68","MAKARF":"طريق الطائف - نفق الجامعة عرفات الأول - الدائري الأوسط","Street_Camp_ARF":"شارع 52","Street_MIN_Exit":"طريق الجوهرة (56)","ASMARF":"الدائري الأوسط 83","ASM_CODE":"ASMARF1","block":"30","camp_type":"حجاج الخارج","block_ARF":"30","ARF_ZONE2":"ARF ZONE 7","_length":19449,"MAKARFT1":null,"ARF_IN":56,"ARF_OUT":56,"Shape_Length":0.050078994726626462}},{"type":"Feature","id":847,"geometry":{"type":"LineString","coordinates":[[39.94754269200007,21.33845289900006],[39.948252810000042,21.339560423000023],[39.948686590000079,21.339902104000032],[39.954370572000073,21.342254106000041],[39.958823771000027,21.339568923000058],[39.959897492000039,21.33975309300007],[39.962085382000055,21.340102224000077],[39.964165537000042,21.340402728000072],[39.965538207000066,21.340588467000032],[39.969332081000061,21.341166655000052],[39.969949754000027,21.341233893000037],[39.97196415500008,21.341398955000045],[39.975453354000081,21.341676548000066],[39.977501084000039,21.341834052000024],[39.978296163000039,21.341959276000068],[39.978563780000059,21.342022345000032],[39.979147775000058,21.342175660000066],[39.979455501000075,21.342265836000024],[39.979867254000055,21.342401291000044],[39.980037676000052,21.342454736000036],[39.980294342000036,21.342544596000039],[39.981829549000054,21.343133895000051],[39.983458300000052,21.343753415000037],[39.983672493000029,21.343868018000023],[39.98386742100007,21.343979411000078],[39.984065636000025,21.344100447000073],[39.984328099000038,21.344274259000031],[39.984535313000038,21.344421497000042],[39.984638706000055,21.344498158000079],[39.984819147000053,21.344639795000035],[39.984998100000041,21.344789048000052],[39.985170661000041,21.344941926000047],[39.985338255000045,21.345099580000067],[39.985500733000038,21.345261866000044],[39.985655613000063,21.345426086000032],[39.985864480000032,21.345664065000051],[39.989598000000058,21.343496000000073],[39.989600000000053,21.34346000000005],[39.989595000000065,21.343424000000027],[39.989556612000058,21.343356074000042],[39.989507929000069,21.34330135600004],[39.989431411000055,21.343247793000046],[39.989317328000027,21.343183796000062],[39.989127000000053,21.343098000000055],[39.989078000000063,21.343084000000033],[39.989029000000073,21.343076000000053],[39.988978000000031,21.343075000000056],[39.988928000000044,21.343080000000043],[39.988719787000036,21.343146232000038],[39.988671507000049,21.343152110000062],[39.988628000000062,21.343152000000032],[39.98859600000003,21.343148000000042],[39.988566000000048,21.343138000000067],[39.988537000000065,21.343124000000046],[39.988512000000071,21.343106000000034],[39.98849000000007,21.343085000000031],[39.988472000000058,21.343060000000037],[39.988242860000071,21.342751020000037],[39.988319000000047,21.342701000000034],[39.989445000000046,21.342030000000022],[39.990301109000029,21.341522052000073],[39.990055912000059,21.341168663000076],[39.990094774000056,21.341151276000062]]},"properties":{"OBJECTID":847,"camp_label":"32/204","Transport_mode":"النقل التقليدي","Street_Camp_MIN":"شارع 204","MAKARF":"طريق الطائف - نفق الجامعة عرفات الأول - الدائري الأوسط","Street_Camp_ARF":"طريق 56","Street_MIN_Exit":"طريق الجوهرة (56)","ASMARF":"الدائري الغربي عرفات","ASM_CODE":"ASMARF1","block":"43","camp_type":"حجاج الخارج","block_ARF":"43","ARF_ZONE2":"ARF ZONE 11 ","_length":13717,"MAKARFT1":null,"ARF_IN":null,"ARF_OUT":null,"Shape_Length":0.050342453181290117}},{"type":"Feature","id":848,"geometry":{"type":"LineString","coordinates":[[39.94754269200007,21.33845289900006],[39.948252810000042,21.339560423000023],[39.948686590000079,21.339902104000032],[39.95437045500006,21.342254175000051],[39.955214053000077,21.341746444000023],[39.95665136000008,21.340876285000036],[39.957739140000058,21.340217757000062],[39.958823771000027,21.339568923000058],[39.959897492000039,21.33975309300007],[39.962083822000068,21.340102003000027],[39.963354236000043,21.340281783000023],[39.964165537000042,21.340402728000072],[39.965538207000066,21.340588467000032],[39.969332081000061,21.341166655000052],[39.969949754000027,21.341233893000037],[39.97196415500008,21.341398955000045],[39.975204524000048,21.341657407000071],[39.977501105000044,21.34183405400006],[39.978269431000058,21.341953748000037],[39.978563738000048,21.342022348000057],[39.978856557000029,21.342096329000071],[39.979147775000058,21.342175660000066],[39.979437282000049,21.342260313000054],[39.979455501000075,21.342265836000024],[39.979724966000049,21.342350254000053],[39.980010717000027,21.342445449000024],[39.980037676000052,21.342454736000036],[39.980294342000036,21.342544596000039],[39.98056482100003,21.342647576000047],[39.980611383000053,21.342665155000077],[39.98089477700006,21.342778332000023],[39.981829549000054,21.343133895000051],[39.983458300000052,21.343753415000037],[39.983664668000074,21.343863542000065],[39.983672493000029,21.343868018000023],[39.983866916000068,21.343979111000067],[39.984065634000046,21.344100449000052],[39.984260000000063,21.344227000000046],[39.984451008000065,21.34435955500004],[39.984535313000038,21.344421497000042],[39.984995323000078,21.344164355000032],[39.985218000000032,21.344028000000037],[39.985734208000054,21.343706705000045],[39.986067670000068,21.344152689000055],[39.985991328000068,21.34420284600003]]},"properties":{"OBJECTID":848,"camp_label":"32/206","Transport_mode":"النقل التقليدي","Street_Camp_MIN":"شارع 206","MAKARF":"طريق الطائف - نفق الجامعة عرفات الأول - الدائري الأوسط","Street_Camp_ARF":"شارع 508","Street_MIN_Exit":"طريق الجوهرة (56)","ASMARF":"الدائري الغربي عرفات","ASM_CODE":"ASMARF1","block":"36","camp_type":"حجاج الخارج","block_ARF":"36","ARF_ZONE2":"ARF2","_length":17941,"MAKARFT1":null,"ARF_IN":null,"ARF_OUT":null,"Shape_Length":0.041633944055679141}},{"type":"Feature","id":849,"geometry":{"type":"LineString","coordinates":[[39.94754269200007,21.33845289900006],[39.948252810000042,21.339560423000023],[39.948686590000079,21.339902104000032],[39.95437045500006,21.342254175000051],[39.955214053000077,21.341746444000023],[39.95665136000008,21.340876285000036],[39.957739140000058,21.340217757000062],[39.958823771000027,21.339568923000058],[39.959897492000039,21.33975309300007],[39.962083822000068,21.340102003000027],[39.963354236000043,21.340281783000023],[39.964165537000042,21.340402728000072],[39.965538207000066,21.340588467000032],[39.969332081000061,21.341166655000052],[39.969949754000027,21.341233893000037],[39.97196415500008,21.341398955000045],[39.975204524000048,21.341657407000071],[39.977501105000044,21.34183405400006],[39.978269431000058,21.341953748000037],[39.978568372000041,21.342023475000076],[39.978865776000077,21.342098751000037],[39.979161524000062,21.342179549000036],[39.979455501000075,21.342265836000024],[39.979747590000045,21.34235757700003],[39.980037676000052,21.342454736000036],[39.980294342000036,21.342544596000039],[39.98032564500005,21.342557276000036],[39.980611383000053,21.342665155000077],[39.98089477700006,21.342778332000023],[39.983458300000052,21.343753415000037],[39.983664410000074,21.343863399000043],[39.983866915000078,21.343979112000056],[39.984065634000046,21.344100449000052],[39.984260389000042,21.344227302000036],[39.984451005000039,21.344359558000065],[39.984637313000064,21.344497098000033],[39.984819145000074,21.34463979800006],[39.984998100000041,21.344789048000052],[39.98516873300008,21.344940166000072],[39.985336176000033,21.34509756500006],[39.985338255000045,21.345099580000067],[39.985498518000043,21.345259587000044],[39.985500733000038,21.345261866000044],[39.985655613000063,21.345426086000032],[39.985809761000041,21.345599751000066],[39.985953503000076,21.345771920000061],[39.985835277000035,21.345842350000055],[39.985232733000032,21.346201292000046],[39.984435273000031,21.346676344000059],[39.982744226000079,21.347683687000028],[39.981885601000045,21.34820015400004],[39.981128150000075,21.34865618300006],[39.980161779000071,21.349238811000077],[39.978144788000066,21.350458397000068],[39.97806242200005,21.350508175000073],[39.97773426200007,21.350706498000022],[39.97549915500008,21.352057247000062],[39.975974609000048,21.352807311000049],[39.976142795000044,21.353078207000067],[39.975790299000039,21.353285279000033],[39.97582951000004,21.353341942000043]]},"properties":{"OBJECTID":849,"camp_label":"33/204","Transport_mode":"النقل التقليدي","Street_Camp_MIN":"شارع 204","MAKARF":"طريق الطائف - نفق الجامعة عرفات الأول - الدائري الأوسط","Street_Camp_ARF":"شارع 510","Street_MIN_Exit":"طريق الجوهرة (56)","ASMARF":"الدائري الغربي عرفات","ASM_CODE":"ASMARF1","block":"37","camp_type":"حجاج الخارج","block_ARF":"37","ARF_ZONE2":"ARF2","_length":18638,"MAKARFT1":null,"ARF_IN":null,"ARF_OUT":null,"Shape_Length":0.055436233301482042}},{"type":"Feature","id":850,"geometry":{"type":"LineString","coordinates":[[39.94754269200007,21.33845289900006],[39.948252810000042,21.339560423000023],[39.948686590000079,21.339902104000032],[39.95437045500006,21.342254175000051],[39.955214053000077,21.341746444000023],[39.95665136000008,21.340876285000036],[39.957739140000058,21.340217757000062],[39.958823771000027,21.339568923000058],[39.959897492000039,21.33975309300007],[39.962083822000068,21.340102003000027],[39.963354236000043,21.340281783000023],[39.964165537000042,21.340402728000072],[39.965538207000066,21.340588467000032],[39.969332081000061,21.341166655000052],[39.969949754000027,21.341233893000037],[39.97196415500008,21.341398955000045],[39.975204524000048,21.341657407000071],[39.977501105000044,21.34183405400006],[39.978269431000058,21.341953748000037],[39.978563738000048,21.342022348000057],[39.978856557000029,21.342096329000071],[39.979147775000058,21.342175660000066],[39.979437282000049,21.342260313000054],[39.979455501000075,21.342265836000024],[39.979724966000049,21.342350254000053],[39.980010717000027,21.342445449000024],[39.980037676000052,21.342454736000036],[39.980294342000036,21.342544596000039],[39.980314471000042,21.342586012000027],[39.980328010000051,21.342628481000077],[39.980334753000079,21.342672353000069],[39.980334553000034,21.342716676000066],[39.980327415000033,21.342760493000071],[39.98031349200005,21.34280285400007],[39.980293087000064,21.342842843000028],[39.980266641000071,21.342879596000046],[39.980234726000049,21.342912315000035],[39.980198032000033,21.342940295000062],[39.979253608000079,21.343506618000049],[39.974874026000066,21.346132709000074],[39.974663650000025,21.346258850000027],[39.973311654000042,21.347077750000039],[39.97322222400004,21.346937603000072]]},"properties":{"OBJECTID":850,"camp_label":"34/68","Transport_mode":"النقل التقليدي","Street_Camp_MIN":"شارع 68","MAKARF":"طريق الطائف - نفق الجامعة عرفات الأول - الدائري الأوسط","Street_Camp_ARF":"شارع 52","Street_MIN_Exit":"طريق الجوهرة (56)","ASMARF":"الدائري الأوسط 83","ASM_CODE":"ASMARF1","block":"34","camp_type":"حجاج الخارج","block_ARF":"34","ARF_ZONE2":"ARF3","_length":16740,"MAKARFT1":null,"ARF_IN":null,"ARF_OUT":null,"Shape_Length":0.043584138187731353}},{"type":"Feature","id":851,"geometry":{"type":"LineString","coordinates":[[39.94754269200007,21.33845289900006],[39.948252810000042,21.339560423000023],[39.948686590000079,21.339902104000032],[39.95437045500006,21.342254175000051],[39.955214053000077,21.341746444000023],[39.95665136000008,21.340876285000036],[39.957739140000058,21.340217757000062],[39.958823771000027,21.339568923000058],[39.959897492000039,21.33975309300007],[39.962083822000068,21.340102003000027],[39.963354236000043,21.340281783000023],[39.964165537000042,21.340402728000072],[39.965538207000066,21.340588467000032],[39.969332081000061,21.341166655000052],[39.969949754000027,21.341233893000037],[39.97196415500008,21.341398955000045],[39.975204524000048,21.341657407000071],[39.977501105000044,21.34183405400006],[39.978269431000058,21.341953748000037],[39.978568372000041,21.342023475000076],[39.978865776000077,21.342098751000037],[39.979161524000062,21.342179549000036],[39.979455501000075,21.342265836000024],[39.979747590000045,21.34235757700003],[39.980037676000052,21.342454736000036],[39.980294342000036,21.342544596000039],[39.98032564500005,21.342557276000036],[39.980611383000053,21.342665155000077],[39.98089477700006,21.342778332000023],[39.983458300000052,21.343753415000037],[39.983664411000063,21.343863398000053],[39.983866916000068,21.343979110000078],[39.984065636000025,21.344100447000073],[39.984260391000078,21.344227300000057],[39.984451008000065,21.34435955500004],[39.984637316000033,21.344497095000065],[39.984819147000053,21.344639795000035],[39.984998100000041,21.344789048000052],[39.985168735000059,21.344940164000036],[39.985336179000058,21.345097562000035],[39.985338255000045,21.345099580000067],[39.985498520000078,21.345259585000065],[39.985500733000038,21.345261866000044],[39.985655614000052,21.345426085000042],[39.985809761000041,21.345599751000066],[39.985953503000076,21.345771920000061],[39.986637838000036,21.346596446000035],[39.987438914000052,21.347561534000079],[39.987803652000025,21.348111524000046],[39.988048065000044,21.348599213000057],[39.988278319000074,21.349219230000074],[39.988502444000062,21.349841215000026],[39.988513325000042,21.349882528000023],[39.988517823000052,21.349924871000042],[39.988515847000031,21.349967382000045],[39.988507438000056,21.350009198000066],[39.988492767000025,21.350049469000055],[39.988472131000037,21.350087376000033],[39.988445950000028,21.350122148000025],[39.988414756000054,21.350153078000062],[39.988379185000042,21.350179539000067],[39.988339957000051,21.350200990000076],[39.988162524000074,21.350294986000051],[39.98290570000006,21.352742626000065],[39.982332004000057,21.353025279000065],[39.981579497000041,21.353481446000046],[39.979296676000047,21.354863366000075],[39.978120649000061,21.355575122000062],[39.976326562000054,21.35666113800005],[39.975679312000068,21.357046987000047],[39.975906761000033,21.357367435000072],[39.975950582000053,21.357336380000049]]},"properties":{"OBJECTID":851,"camp_label":"36/204","Transport_mode":"النقل التقليدي","Street_Camp_MIN":"شارع 204","MAKARF":"طريق الطائف - نفق الجامعة عرفات الأول - الدائري الأوسط","Street_Camp_ARF":"طريق 56","Street_MIN_Exit":"طريق الجوهرة (56)","ASMARF":"الدائري الغربي عرفات","ASM_CODE":"ASMARF1","block":"43","camp_type":"حجاج الخارج","block_ARF":"43","ARF_ZONE2":"ARF ZONE 6","_length":17112,"MAKARFT1":null,"ARF_IN":54,"ARF_OUT":56,"Shape_Length":0.061699576329077042}},{"type":"Feature","id":854,"geometry":{"type":"LineString","coordinates":[[39.94754269200007,21.33845289900006],[39.948252810000042,21.339560423000023],[39.948686590000079,21.339902104000032],[39.95437045500006,21.342254175000051],[39.955214053000077,21.341746444000023],[39.95665136000008,21.340876285000036],[39.957739140000058,21.340217757000062],[39.958823771000027,21.339568923000058],[39.960442163000039,21.338577470000075],[39.962677939000059,21.337227900000073],[39.963674408000031,21.336629292000055],[39.965102309000031,21.335764582000024],[39.966452691000029,21.334973297000033],[39.967387416000065,21.334537778000026],[39.968147388000034,21.334252954000078],[39.968538309000053,21.334134651000056],[39.969056085000034,21.33399937400003],[39.969441523000057,21.333916960000067],[39.970409320000044,21.333797324000045],[39.971279505000041,21.333759134000047],[39.972151085000064,21.333794204000071],[39.973522413000069,21.333893175000071],[39.976147974000071,21.334090063000076],[39.977602365000052,21.334224284000072],[39.979497907000052,21.334478962000048],[39.981905452000035,21.334827834000066],[39.982791503000044,21.334956225000042],[39.984311741000056,21.335168384000042],[39.988851198000077,21.335819235000031],[39.989595674000043,21.335976746000028],[39.989913331000025,21.336059639000041],[39.990074634000052,21.336108697000043],[39.990594525000063,21.336279122000064],[39.99105174400006,21.336456535000025],[39.991601720000062,21.336694369000043],[39.991792514000053,21.33678833700003],[39.992351202000066,21.337087992000022],[39.992804592000027,21.337365677000037],[39.99309629000004,21.337567412000055],[39.993452297000033,21.337824367000053],[39.994206700000063,21.33846101000006],[39.994472922000057,21.338717325000061],[39.994792016000076,21.339050093000026],[39.995042147000049,21.339336876000061],[39.995392021000043,21.339778528000068],[39.995651810000027,21.34014140000005],[39.995958320000057,21.34061009900006],[39.996381353000061,21.341357596000023],[39.996698020000053,21.342059065000058],[39.996976540000048,21.342841210000074],[39.997211230000062,21.34376932400005],[39.997252959000036,21.344040429000074],[39.997339835000048,21.344604835000041],[39.997337702000038,21.344635206000078],[39.997334698000031,21.344645613000068],[39.997327512000027,21.344654809000076],[39.997310216000074,21.344673909000051],[39.997252113000059,21.34472491300005],[39.997191895000071,21.344767832000059],[39.997140123000065,21.344798063000042],[39.996649712000078,21.34509171600007],[39.996160563000046,21.345396685000026],[39.995619392000037,21.345732669000029],[39.99477203500004,21.346252186000072],[39.993932314000062,21.34677982200003],[39.993200467000065,21.347233577000054],[39.992443997000066,21.347703152000065],[39.991488313000048,21.34829056600006],[39.99033677500006,21.34901265600007],[39.989335598000025,21.34962766700005],[39.988731235000046,21.349993709000046],[39.988162524000074,21.350294986000051],[39.985186054000053,21.351683482000055],[39.98290570000006,21.352742626000065],[39.982850790000043,21.35276454600006],[39.982793559000072,21.35278042300007],[39.982734762000064,21.352790049000077],[39.982675175000054,21.352793296000073],[39.98261558300004,21.352790122000044],[39.982556773000056,21.352780568000071],[39.982499520000033,21.35276476100006],[39.98244457900006,21.352742908000039],[39.982392675000028,21.352715299000067],[39.982344492000038,21.352682297000058],[39.982300666000071,21.352644337000072],[39.98226177500004,21.35260192100003],[39.982228331000044,21.352555607000056],[39.981922371000053,21.352070821000041],[39.981905077000079,21.352047910000067],[39.981884041000058,21.35202793600007],[39.981859821000057,21.352011427000036],[39.981833060000042,21.351998822000041],[39.981804470000043,21.351990455000077],[39.981774809000058,21.351986550000049],[39.981744865000053,21.351987209000072],[39.981715432000044,21.35199241600003],[39.98168729300005,21.35200203100004],[39.981661194000026,21.352015800000061],[39.980519385000036,21.352703123000026],[39.98049844500008,21.352713549000043],[39.980475960000035,21.352720607000037],[39.980452541000034,21.35272410500005],[39.980428827000026,21.352723947000072],[39.980405464000057,21.352720138000052],[39.980383088000053,21.352712781000037],[39.980362308000053,21.352702076000071],[39.98034369100003,21.352688317000059],[39.980327742000043,21.352671876000045],[39.980314897000028,21.352653201000066],[39.979807715000049,21.351903938000078],[39.979760790000057,21.351933293000059]]},"properties":{"OBJECTID":854,"camp_label":"39/204","Transport_mode":"النقل التقليدي","Street_Camp_MIN":"شارع 204","MAKARF":"طريق الطائف - نفق الجامعة عرفات الأول - الدائري الأوسط","Street_Camp_ARF":"شارع 510","Street_MIN_Exit":"طريق الجوهرة (56)","ASMARF":"الدائري الغربي عرفات","ASM_CODE":"ASMARF1","block":"36","camp_type":"حجاج الخارج","block_ARF":"36","ARF_ZONE2":"ARF1","_length":20118,"MAKARFT1":null,"ARF_IN":null,"ARF_OUT":null,"Shape_Length":0.078728203147038836}},{"type":"Feature","id":855,"geometry":{"type":"LineString","coordinates":[[39.94754269200007,21.33845289900006],[39.948252810000042,21.339560423000023],[39.948686590000079,21.339902104000032],[39.95437045500006,21.342254175000051],[39.955214053000077,21.341746444000023],[39.95665136000008,21.340876285000036],[39.957739140000058,21.340217757000062],[39.958823771000027,21.339568923000058],[39.959897492000039,21.33975309300007],[39.962083822000068,21.340102003000027],[39.963354236000043,21.340281783000023],[39.964165537000042,21.340402728000072],[39.965538207000066,21.340588467000032],[39.969332081000061,21.341166655000052],[39.969949754000027,21.341233893000037],[39.97196415500008,21.341398955000045],[39.975204524000048,21.341657407000071],[39.977501105000044,21.34183405400006],[39.978269431000058,21.341953748000037],[39.978568372000041,21.342023475000076],[39.978865776000077,21.342098751000037],[39.979161524000062,21.342179549000036],[39.979455501000075,21.342265836000024],[39.979747590000045,21.34235757700003],[39.980037676000052,21.342454736000036],[39.980294342000036,21.342544596000039],[39.98032564500005,21.342557276000036],[39.980611383000053,21.342665155000077],[39.98089477700006,21.342778332000023],[39.983458300000052,21.343753415000037],[39.983664668000074,21.343863542000065],[39.98386742100007,21.343979411000078],[39.98406637800008,21.344100919000027],[39.984261361000051,21.344227956000054],[39.984452194000028,21.344360409000046],[39.984638706000055,21.344498158000079],[39.984820729000035,21.344641081000077],[39.984998100000041,21.344789048000052],[39.985170661000041,21.344941926000047],[39.985338255000045,21.345099580000067],[39.985500733000038,21.345261866000044],[39.985657949000029,21.345428640000023],[39.985809761000041,21.345599751000066],[39.985956033000036,21.345775047000075],[39.987438914000052,21.347561534000079],[39.987803652000025,21.348111524000046],[39.988048065000044,21.348599213000057],[39.988278319000074,21.349219230000074],[39.988502444000062,21.349841215000026],[39.988513325000042,21.349882528000023],[39.988517823000052,21.349924871000042],[39.988515847000031,21.349967382000045],[39.988507438000056,21.350009198000066],[39.988492767000025,21.350049469000055],[39.988472131000037,21.350087376000033],[39.988445950000028,21.350122148000025],[39.988414756000054,21.350153078000062],[39.988379185000042,21.350179539000067],[39.988339957000051,21.350200990000076],[39.988162524000074,21.350294986000051],[39.985186054000053,21.351683482000055],[39.98290570000006,21.352742626000065],[39.982332004000057,21.353025279000065],[39.981298937000076,21.353651520000028],[39.979296719000047,21.354863429000034],[39.978120649000061,21.355575122000062],[39.977352641000039,21.356040107000069],[39.976326562000054,21.35666113800005],[39.975679312000068,21.357046987000047],[39.974786949000077,21.357578949000072],[39.973947353000028,21.358082720000027],[39.973805070000026,21.357873062000067]]},"properties":{"OBJECTID":855,"camp_label":"4/116","Transport_mode":"النقل التقليدي","Street_Camp_MIN":"شارع 116","MAKARF":"طريق الطائف - نفق الجامعة عرفات الأول - الدائري الأوسط","Street_Camp_ARF":"طريق 62","Street_MIN_Exit":"طريق الجوهرة (56)","ASMARF":"الدائري الغربي عرفات","ASM_CODE":"ASMARF1","block":"20","camp_type":"حجاج الخارج","block_ARF":"20","ARF_ZONE2":"","_length":19123,"MAKARFT1":null,"ARF_IN":null,"ARF_OUT":null,"Shape_Length":0.06352431030316269}},{"type":"Feature","id":856,"geometry":{"type":"LineString","coordinates":[[39.967559644000062,21.327004457000044],[39.968701503000034,21.330313905000025],[39.969441184000061,21.333917002000078],[39.969441523000057,21.333916960000067],[39.970409320000044,21.333797324000045],[39.971279505000041,21.333759134000047],[39.972151085000064,21.333794204000071],[39.973522413000069,21.333893175000071],[39.976147974000071,21.334090063000076],[39.977602365000052,21.334224284000072],[39.978620627000055,21.334361124000054],[39.979497907000052,21.334478962000048],[39.981905452000035,21.334827834000066],[39.982791503000044,21.334956225000042],[39.984311742000045,21.335168384000042],[39.979933780000067,21.338390607000065],[39.980551090000063,21.338939160000052],[39.982152789000054,21.339092924000056],[39.983268733000045,21.339172331000043],[39.983280644000047,21.339174899000056],[39.983291929000075,21.339179297000044],[39.983302269000035,21.339185401000066],[39.983311375000028,21.339193039000065],[39.983318990000043,21.339201996000043],[39.983324898000035,21.339212020000048],[39.983328934000042,21.33922282900005],[39.98333098300003,21.339234118000036],[39.983336253000061,21.339275618000045],[39.983388011000045,21.339683267000055],[39.983426000000065,21.339921000000061],[39.983927000000051,21.339571000000035],[39.984235470000044,21.339356272000032],[39.984446543000047,21.339179236000064],[39.984475820000057,21.339150551000046],[39.984500012000069,21.339117972000054],[39.984518540000067,21.339082280000071],[39.984530955000025,21.33904433500004],[39.984536963000039,21.339005048000047],[39.984536416000026,21.338965362000067],[39.984529328000065,21.338926233000052],[39.984515871000042,21.338888601000065],[39.984435034000057,21.338622219000058],[39.984361504000049,21.33837991300004],[39.984340567000061,21.338271741000028],[39.984325011000067,21.338162775000058],[39.984314869000059,21.33805325000003],[39.984310163000032,21.337943402000064],[39.984310902000061,21.337833468000042],[39.984317087000079,21.337723685000071],[39.984312641000031,21.337694866000049],[39.984303324000052,21.337667088000046],[39.984289376000049,21.337641068000039],[39.98427115700008,21.337617478000027],[39.984249139000042,21.337596928000039],[39.984223890000067,21.337579950000077],[39.984196064000059,21.337566982000055],[39.984166379000044,21.33755835900007],[39.984135603000027,21.337554305000026],[39.983884065000041,21.337510031000022],[39.983861691000072,21.337502703000041],[39.983841004000055,21.33749186700004],[39.983822623000037,21.337477849000038],[39.983807099000046,21.337461069000028],[39.983794900000078,21.337442030000034],[39.983786390000034,21.337421305000078],[39.98378182600004,21.337399515000072],[39.983781344000079,21.337377314000037],[39.983784958000058,21.337355369000022],[39.983838478000052,21.336893730000043],[39.983903445000067,21.336425528000063],[39.983530723000058,21.336354974000074],[39.983472463000055,21.336341366000056],[39.983428479000054,21.336316372000056],[39.983380160000024,21.336259251000058],[39.983343662000038,21.336282833000041]]},"properties":{"OBJECTID":856,"camp_label":"4/535","Transport_mode":"النقل التقليدي","Street_Camp_MIN":"شارع 525","MAKARF":"طريق الطائف - جسر الجامعة عرفات الثاني - الدائري الشرقي","Street_Camp_ARF":"طريق 50","Street_MIN_Exit":"طريق الجوهرة (56)","ASMARF":"الدائري الشرقي عرفات","ASM_CODE":"ASMARF2","block":"7-13","camp_type":"حجاج الخارج","block_ARF":"7-13","ARF_ZONE2":"","_length":15833,"MAKARFT1":null,"ARF_IN":null,"ARF_OUT":null,"Shape_Length":0.036971031389129112}},{"type":"Feature","id":857,"geometry":{"type":"LineString","coordinates":[[39.94754269200007,21.33845289900006],[39.948686590000079,21.339902104000032],[39.95437045500006,21.342254175000051],[39.954370572000073,21.342254106000041],[39.955214053000077,21.341746444000023],[39.95665136000008,21.340876285000036],[39.957739140000058,21.340217757000062],[39.958823771000027,21.339568923000058],[39.960442163000039,21.338577470000075],[39.962677939000059,21.337227900000073],[39.963674408000031,21.336629292000055],[39.965102309000031,21.335764582000024],[39.966452691000029,21.334973297000033],[39.967387416000065,21.334537778000026],[39.968147388000034,21.334252954000078],[39.968538309000053,21.334134651000056],[39.969056085000034,21.33399937400003],[39.969441184000061,21.333917002000078],[39.969441523000057,21.333916960000067],[39.970409320000044,21.333797324000045],[39.971279505000041,21.333759134000047],[39.972151085000064,21.333794204000071],[39.973522413000069,21.333893175000071],[39.976147974000071,21.334090063000076],[39.977602365000052,21.334224284000072],[39.978620627000055,21.334361124000054],[39.979497907000052,21.334478962000048],[39.981905452000035,21.334827834000066],[39.982791503000044,21.334956225000042],[39.984311742000045,21.335168384000042],[39.979933780000067,21.338390607000065],[39.980551090000063,21.338939160000052],[39.980400714000041,21.339759882000067],[39.980838000000062,21.339806000000067],[39.980849155000044,21.33975661900007]]},"properties":{"OBJECTID":857,"camp_label":"4/533","Transport_mode":"النقل التقليدي","Street_Camp_MIN":"شارع 533","MAKARF":"طريق الطائف - نفق الجامعة عرفات الأول - الدائري الأوسط","Street_Camp_ARF":"طريق 83","Street_MIN_Exit":"طريق الجوهرة (56)","ASMARF":"الدائري الأوسط 83","ASM_CODE":"ASMARF1","block":"7-9A","camp_type":"حجاج الخارج","block_ARF":"7-9A","ARF_ZONE2":"ARF ZONE 2","_length":15439,"MAKARFT1":null,"ARF_IN":50,"ARF_OUT":56,"Shape_Length":0.047833613400238263}},{"type":"Feature","id":858,"geometry":{"type":"LineString","coordinates":[[39.94754269200007,21.33845289900006],[39.948686590000079,21.339902104000032],[39.95437045500006,21.342254175000051],[39.955214053000077,21.341746444000023],[39.95665136000008,21.340876285000036],[39.957739140000058,21.340217757000062],[39.958823771000027,21.339568923000058],[39.959897492000039,21.33975309300007],[39.962083822000068,21.340102003000027],[39.963354236000043,21.340281783000023],[39.964165537000042,21.340402728000072],[39.965538207000066,21.340588467000032],[39.969332081000061,21.341166655000052],[39.969949754000027,21.341233893000037],[39.97196415500008,21.341398955000045],[39.975204524000048,21.341657407000071],[39.977501105000044,21.34183405400006],[39.978269431000058,21.341953748000037],[39.978568372000041,21.342023475000076],[39.978865776000077,21.342098751000037],[39.979161524000062,21.342179549000036],[39.979455501000075,21.342265836000024],[39.979747590000045,21.34235757700003],[39.980037676000052,21.342454736000036],[39.980294342000036,21.342544596000039],[39.98032564500005,21.342557276000036],[39.980611383000053,21.342665155000077],[39.98089477700006,21.342778332000023],[39.983458300000052,21.343753415000037],[39.983664410000074,21.343863399000043],[39.983866915000078,21.343979112000056],[39.984065634000046,21.344100449000052],[39.984260388000052,21.344227303000025],[39.984451005000039,21.344359558000065],[39.984637312000075,21.344497098000033],[39.984819144000028,21.344639799000049],[39.984998100000041,21.344789048000052],[39.985168732000034,21.344940167000061],[39.985336176000033,21.34509756500006],[39.985338255000045,21.345099580000067],[39.985498518000043,21.345259587000044],[39.985500733000038,21.345261866000044],[39.985655613000063,21.345426087000078],[39.985809761000041,21.345599751000066],[39.985953503000076,21.345771920000061],[39.985835277000035,21.345842350000055],[39.985232733000032,21.346201292000046],[39.984435273000031,21.346676344000059],[39.982744226000079,21.347683687000028],[39.982801479000045,21.347773334000067]]},"properties":{"OBJECTID":858,"camp_label":"4/56","Transport_mode":"النقل التقليدي","Street_Camp_MIN":"شارع 56","MAKARF":"طريق الطائف - نفق الجامعة عرفات الأول - الدائري الأوسط","Street_Camp_ARF":"طريق 56","Street_MIN_Exit":"طريق الجوهرة (56)","ASMARF":"الدائري الأوسط 83","ASM_CODE":"ASMARF1","block":"50A","camp_type":"حجاج الخارج","block_ARF":"50A","ARF_ZONE2":"مسار رقم 2","_length":16773,"MAKARFT1":null,"ARF_IN":null,"ARF_OUT":null,"Shape_Length":0.045373598865306078}},{"type":"Feature","id":859,"geometry":{"type":"LineString","coordinates":[[39.967559644000062,21.327004457000044],[39.968701503000034,21.330313905000025],[39.969465807000063,21.334053084000061],[39.969210349000036,21.334102546000054],[39.968956457000047,21.334158640000055],[39.968704327000069,21.334221322000076],[39.968454153000039,21.334290546000034],[39.968206129000066,21.334366257000056],[39.967960447000053,21.334448396000028],[39.967717295000057,21.334536901000035],[39.967476863000059,21.334631702000024],[39.967239335000045,21.334732727000073],[39.967004895000059,21.334839898000041],[39.96654600200003,21.335072340000067],[39.96632190300005,21.335197433000076],[39.959026325000025,21.339603667000063],[39.959897492000039,21.33975309300007],[39.962083822000068,21.340102003000027],[39.963354236000043,21.340281783000023],[39.964165537000042,21.340402728000072],[39.965538207000066,21.340588467000032],[39.969332081000061,21.341166655000052],[39.969949754000027,21.341233893000037],[39.97196415500008,21.341398955000045],[39.975204524000048,21.341657407000071],[39.977501105000044,21.34183405400006],[39.978269431000058,21.341953748000037],[39.978568372000041,21.342023475000076],[39.978865776000077,21.342098751000037],[39.979161524000062,21.342179549000036],[39.979455501000075,21.342265836000024],[39.979747590000045,21.34235757700003],[39.980037676000052,21.342454736000036],[39.980294342000036,21.342544596000039],[39.98032564500005,21.342557276000036],[39.980611383000053,21.342665155000077],[39.98089477700006,21.342778332000023],[39.983458300000052,21.343753415000037],[39.983664668000074,21.343863542000065],[39.983672493000029,21.343868018000023],[39.98386742100007,21.343979411000078],[39.98393958500003,21.344023380000067],[39.98406637800008,21.344100919000027],[39.984260000000063,21.344227000000046],[39.984452194000028,21.344360409000046],[39.984535313000038,21.344421497000042],[39.984637316000033,21.344497095000065],[39.984819144000028,21.344639799000049],[39.984998100000041,21.344789048000052],[39.985338255000045,21.345099580000067],[39.985500733000038,21.345261866000044],[39.985655614000052,21.345426085000042],[39.985809761000041,21.345599751000066],[39.985863786000039,21.345664514000077],[39.985953503000076,21.345771920000061],[39.985835277000035,21.345842350000055],[39.985233000000051,21.346201000000065],[39.984734801000059,21.345491026000047],[39.984586171000046,21.345279013000038],[39.98461542900003,21.345261014000073]]},"properties":{"OBJECTID":859,"camp_label":"4/62","Transport_mode":"النقل التقليدي","Street_Camp_MIN":"شارع 62","MAKARF":"طريق الطائف - جسر الجامعة عرفات الثاني - الدائري الشرقي","Street_Camp_ARF":"طريق 56","Street_MIN_Exit":"طريق الجوهرة (56)","ASMARF":"الدائري الأوسط 83","ASM_CODE":"ASMARF2","block":"49","camp_type":"حجاج الخارج","block_ARF":"49","ARF_ZONE2":"مسار رقم 2","_length":17468,"MAKARFT1":null,"ARF_IN":null,"ARF_OUT":null,"Shape_Length":0.049329924545406446}},{"type":"Feature","id":860,"geometry":{"type":"LineString","coordinates":[[39.967559644000062,21.327004457000044],[39.968701503000034,21.330313905000025],[39.969465807000063,21.334053084000061],[39.969210349000036,21.334102546000054],[39.968956457000047,21.334158640000055],[39.968704327000069,21.334221322000076],[39.968454153000039,21.334290546000034],[39.968206129000066,21.334366257000056],[39.967960447000053,21.334448396000028],[39.967717295000057,21.334536901000035],[39.967476863000059,21.334631702000024],[39.967239335000045,21.334732727000073],[39.967004895000059,21.334839898000041],[39.96654600200003,21.335072340000067],[39.96632190300005,21.335197433000076],[39.959026325000025,21.339603667000063],[39.959897492000039,21.33975309300007],[39.962083822000068,21.340102003000027],[39.963354236000043,21.340281783000023],[39.964165537000042,21.340402728000072],[39.965538207000066,21.340588467000032],[39.969332081000061,21.341166655000052],[39.969949754000027,21.341233893000037],[39.97196415500008,21.341398955000045],[39.975204524000048,21.341657407000071],[39.977501105000044,21.34183405400006],[39.978269431000058,21.341953748000037],[39.978568372000041,21.342023475000076],[39.978865776000077,21.342098751000037],[39.979161524000062,21.342179549000036],[39.979455501000075,21.342265836000024],[39.979747590000045,21.34235757700003],[39.980037676000052,21.342454736000036],[39.980294342000036,21.342544596000039],[39.98032564500005,21.342557276000036],[39.980611383000053,21.342665155000077],[39.98089477700006,21.342778332000023],[39.983458300000052,21.343753415000037],[39.983664668000074,21.343863542000065],[39.983672493000029,21.343868018000023],[39.983554537000032,21.343970657000057],[39.982372369000075,21.344858612000053],[39.980823771000075,21.345835048000026],[39.979889797000055,21.346423507000054],[39.980347177000056,21.347090450000053],[39.980306085000052,21.347118937000062]]},"properties":{"OBJECTID":860,"camp_label":"40/204","Transport_mode":"النقل التقليدي","Street_Camp_MIN":"شارع 204","MAKARF":"طريق الطائف - جسر الجامعة عرفات الثاني - الدائري الشرقي","Street_Camp_ARF":"طريق 56","Street_MIN_Exit":"طريق الجوهرة (56)","ASMARF":"الدائري الغربي عرفات","ASM_CODE":"ASMARF2","block":"43","camp_type":"حجاج الخارج","block_ARF":"43","ARF_ZONE2":"ARF2","_length":16537,"MAKARFT1":null,"ARF_IN":null,"ARF_OUT":null,"Shape_Length":0.049769551684863834}},{"type":"Feature","id":861,"geometry":{"type":"LineString","coordinates":[[39.94754269200007,21.33845289900006],[39.948686590000079,21.339902104000032],[39.95437045500006,21.342254175000051],[39.955214053000077,21.341746444000023],[39.95665136000008,21.340876285000036],[39.957739140000058,21.340217757000062],[39.958823771000027,21.339568923000058],[39.959897492000039,21.33975309300007],[39.962083822000068,21.340102003000027],[39.963354236000043,21.340281783000023],[39.964165537000042,21.340402728000072],[39.965538207000066,21.340588467000032],[39.969332081000061,21.341166655000052],[39.969949754000027,21.341233893000037],[39.97196415500008,21.341398955000045],[39.975204524000048,21.341657407000071],[39.977501105000044,21.34183405400006],[39.978269431000058,21.341953748000037],[39.978563738000048,21.342022348000057],[39.978856557000029,21.342096329000071],[39.979147775000058,21.342175660000066],[39.979437282000049,21.342260313000054],[39.979455501000075,21.342265836000024],[39.979724966000049,21.342350254000053],[39.980010717000027,21.342445449000024],[39.980037676000052,21.342454736000036],[39.980294342000036,21.342544596000039],[39.980314471000042,21.342586012000027],[39.980328010000051,21.342628481000077],[39.980334753000079,21.342672353000069],[39.980334553000034,21.342716676000066],[39.980327415000033,21.342760493000071],[39.98031349200005,21.34280285400007],[39.980293087000064,21.342842843000028],[39.980266641000071,21.342879596000046],[39.980234726000049,21.342912315000035],[39.980198032000033,21.342940295000062],[39.979253608000079,21.343506618000049],[39.974874026000066,21.346132709000074],[39.974663650000025,21.346258850000027],[39.973288875000037,21.347091547000048],[39.972408193000035,21.347624963000044],[39.971799248000025,21.346737956000027],[39.971883223000077,21.346681663000027]]},"properties":{"OBJECTID":861,"camp_label":"40/68","Transport_mode":"النقل التقليدي","Street_Camp_MIN":"شارع 68","MAKARF":"طريق الطائف - نفق الجامعة عرفات الأول - الدائري الأوسط","Street_Camp_ARF":"شارع 52","Street_MIN_Exit":"طريق الجوهرة (56)","ASMARF":"الدائري الأوسط 83","ASM_CODE":"ASMARF1","block":"35B","camp_type":"حجاج الخارج","block_ARF":"35B","ARF_ZONE2":"ARF2","_length":16742,"MAKARFT1":null,"ARF_IN":null,"ARF_OUT":null,"Shape_Length":0.045629612055194259}},{"type":"Feature","id":862,"geometry":{"type":"LineString","coordinates":[[39.94754269200007,21.33845289900006],[39.948686590000079,21.339902104000032],[39.95437045500006,21.342254175000051],[39.955214053000077,21.341746444000023],[39.95665136000008,21.340876285000036],[39.957739140000058,21.340217757000062],[39.958823771000027,21.339568923000058],[39.960442163000039,21.338577470000075],[39.962677939000059,21.337227900000073],[39.963674408000031,21.336629292000055],[39.965102309000031,21.335764582000024],[39.966452691000029,21.334973297000033],[39.967387416000065,21.334537778000026],[39.968147388000034,21.334252954000078],[39.968538309000053,21.334134651000056],[39.969056085000034,21.33399937400003],[39.969441523000057,21.333916960000067],[39.970409320000044,21.333797324000045],[39.971279505000041,21.333759134000047],[39.972151085000064,21.333794204000071],[39.973522413000069,21.333893175000071],[39.976147974000071,21.334090063000076],[39.977602365000052,21.334224284000072],[39.979497907000052,21.334478962000048],[39.981905452000035,21.334827834000066],[39.982791503000044,21.334956225000042],[39.984311741000056,21.335168384000042],[39.988851198000077,21.335819235000031],[39.989595674000043,21.335976746000028],[39.989913331000025,21.336059639000041],[39.990074634000052,21.336108697000043],[39.990594525000063,21.336279122000064],[39.99105174400006,21.336456535000025],[39.991601720000062,21.336694369000043],[39.991792514000053,21.33678833700003],[39.992351202000066,21.337087992000022],[39.992804592000027,21.337365677000037],[39.99309629000004,21.337567412000055],[39.993452297000033,21.337824367000053],[39.994206700000063,21.33846101000006],[39.994472922000057,21.338717325000061],[39.994792016000076,21.339050093000026],[39.995042147000049,21.339336876000061],[39.995392021000043,21.339778528000068],[39.995651810000027,21.34014140000005],[39.995958320000057,21.34061009900006],[39.996381353000061,21.341357596000023],[39.996698020000053,21.342059065000058],[39.996976540000048,21.342841210000074],[39.997211230000062,21.34376932400005],[39.997252959000036,21.344040429000074],[39.997339835000048,21.344604835000041],[39.997337702000038,21.344635206000078],[39.997334698000031,21.344645613000068],[39.997327512000027,21.344654809000076],[39.997310216000074,21.344673909000051],[39.997252113000059,21.34472491300005],[39.997191895000071,21.344767832000059],[39.997140123000065,21.344798063000042],[39.996649712000078,21.34509171600007],[39.996160563000046,21.345396685000026],[39.995619392000037,21.345732669000029],[39.99477203500004,21.346252186000072],[39.993932314000062,21.34677982200003],[39.993200467000065,21.347233577000054],[39.992443997000066,21.347703152000065],[39.991488313000048,21.34829056600006],[39.99033677500006,21.34901265600007],[39.989335598000025,21.34962766700005],[39.988731235000046,21.349993709000046],[39.988162524000074,21.350294986000051],[39.985186054000053,21.351683482000055],[39.98290570000006,21.352742626000065],[39.982850790000043,21.35276454600006],[39.982793559000072,21.35278042300007],[39.982734762000064,21.352790049000077],[39.982675175000054,21.352793296000073],[39.98261558300004,21.352790122000044],[39.982556773000056,21.352780568000071],[39.982499520000033,21.35276476100006],[39.98244457900006,21.352742908000039],[39.982392675000028,21.352715299000067],[39.982344492000038,21.352682297000058],[39.982300666000071,21.352644337000072],[39.98226177500004,21.35260192100003],[39.982228331000044,21.352555607000056],[39.981922371000053,21.352070821000041],[39.981905077000079,21.352047910000067],[39.981884041000058,21.35202793600007],[39.981859821000057,21.352011427000036],[39.981833060000042,21.351998822000041],[39.981804470000043,21.351990455000077],[39.981774809000058,21.351986550000049],[39.981744865000053,21.351987209000072],[39.981715432000044,21.35199241600003],[39.98168729300005,21.35200203100004],[39.981661194000026,21.352015800000061],[39.980519385000036,21.352703123000026],[39.98049844500008,21.352713549000043],[39.980475960000035,21.352720607000037],[39.980452541000034,21.35272410500005],[39.980428827000026,21.352723947000072],[39.980405464000057,21.352720138000052],[39.980383088000053,21.352712781000037],[39.980362308000053,21.352702076000071],[39.98034369100003,21.352688317000059],[39.980327742000043,21.352671876000045],[39.980314897000028,21.352653201000066],[39.979807715000049,21.351903938000078],[39.979638614000066,21.351654120000035],[39.979381443000079,21.351285645000075],[39.979372433000037,21.351270001000046],[39.979366359000039,21.351253162000035],[39.979363393000028,21.351235605000056],[39.979363620000072,21.351217832000032],[39.979367033000074,21.351200347000031],[39.979373535000036,21.351183648000074],[39.979382942000029,21.351168211000072],[39.979394985000056,21.351154476000033],[39.979409321000048,21.35114283200005],[39.980010611000068,21.350794918000076],[39.980042295000032,21.350848871000039]]},"properties":{"OBJECTID":862,"camp_label":"41/204","Transport_mode":"النقل التقليدي","Street_Camp_MIN":"شارع 204","MAKARF":"طريق الطائف - نفق الجامعة عرفات الأول - الدائري الأوسط","Street_Camp_ARF":"شارع 510","Street_MIN_Exit":"طريق الجوهرة (56)","ASMARF":"الدائري الغربي عرفات","ASM_CODE":"ASMARF1","block":"36","camp_type":"حجاج الخارج","block_ARF":"36","ARF_ZONE2":"","_length":20533,"MAKARFT1":null,"ARF_IN":null,"ARF_OUT":null,"Shape_Length":0.080321657953485337}},{"type":"Feature","id":863,"geometry":{"type":"LineString","coordinates":[[39.94754269200007,21.33845289900006],[39.948686590000079,21.339902104000032],[39.95437045500006,21.342254175000051],[39.955214053000077,21.341746444000023],[39.95665136000008,21.340876285000036],[39.957739140000058,21.340217757000062],[39.958823771000027,21.339568923000058],[39.959897492000039,21.33975309300007],[39.962083822000068,21.340102003000027],[39.963354236000043,21.340281783000023],[39.964165537000042,21.340402728000072],[39.965538207000066,21.340588467000032],[39.969332081000061,21.341166655000052],[39.969949754000027,21.341233893000037],[39.97196415500008,21.341398955000045],[39.975204524000048,21.341657407000071],[39.977501105000044,21.34183405400006],[39.978269431000058,21.341953748000037],[39.978563738000048,21.342022348000057],[39.978856557000029,21.342096329000071],[39.979147775000058,21.342175660000066],[39.979437282000049,21.342260313000054],[39.979455501000075,21.342265836000024],[39.979724966000049,21.342350254000053],[39.980010717000027,21.342445449000024],[39.980037676000052,21.342454736000036],[39.980294342000036,21.342544596000039],[39.980314471000042,21.342586012000027],[39.980328010000051,21.342628481000077],[39.980334753000079,21.342672353000069],[39.980334553000034,21.342716676000066],[39.980327415000033,21.342760493000071],[39.98031349200005,21.34280285400007],[39.980293087000064,21.342842843000028],[39.980266641000071,21.342879596000046],[39.980234726000049,21.342912315000035],[39.980198032000033,21.342940295000062],[39.979253608000079,21.343506618000049],[39.974874026000066,21.346132709000074],[39.974663650000025,21.346258850000027],[39.973288875000037,21.347091547000048],[39.972408193000035,21.347624963000044],[39.971381291000057,21.348246932000052],[39.970725318000063,21.347332026000061],[39.970582148000062,21.347210879000045],[39.97056604200003,21.347198417000072],[39.970683724000025,21.347118867000063]]},"properties":{"OBJECTID":863,"camp_label":"47/68","Transport_mode":"النقل التقليدي","Street_Camp_MIN":"شارع 68","MAKARF":"طريق الطائف - نفق الجامعة عرفات الأول - الدائري الأوسط","Street_Camp_ARF":"شارع 52","Street_MIN_Exit":"طريق الجوهرة (56)","ASMARF":"الدائري الأوسط 83","ASM_CODE":"ASMARF1","block":"35B","camp_type":"حجاج الخارج","block_ARF":"35B","ARF_ZONE2":"ARF2","_length":21910,"MAKARFT1":null,"ARF_IN":null,"ARF_OUT":null,"Shape_Length":0.047128897422007862}},{"type":"Feature","id":864,"geometry":{"type":"LineString","coordinates":[[39.967559644000062,21.327004457000044],[39.968701503000034,21.330313905000025],[39.969441184000061,21.333917002000078],[39.969441523000057,21.333916960000067],[39.970409320000044,21.333797324000045],[39.971279505000041,21.333759134000047],[39.972151085000064,21.333794204000071],[39.973522413000069,21.333893175000071],[39.976147974000071,21.334090063000076],[39.977602365000052,21.334224284000072],[39.978620627000055,21.334361124000054],[39.979497907000052,21.334478962000048],[39.981905452000035,21.334827834000066],[39.982791503000044,21.334956225000042],[39.984311742000045,21.335168384000042],[39.988851198000077,21.335819235000031],[39.989595674000043,21.335976746000028],[39.98991333400005,21.33605964000003],[39.990074634000052,21.336108697000043],[39.990594525000063,21.336279122000064],[39.99105174400006,21.336456535000025],[39.991471697000065,21.336638142000027],[39.991485818000058,21.336645660000045],[39.991498000000036,21.336655000000064],[39.991509065000059,21.33666676100006],[39.991518000000042,21.336680000000058],[39.991524000000027,21.336694000000023],[39.991526958000065,21.336708759000032],[39.99152765000008,21.336723963000054],[39.991525610000053,21.336739059000024],[39.991520896000054,21.336753621000071],[39.991513640000051,21.336767235000025],[39.99150405000006,21.336779516000036],[39.991492396000069,21.336790116000032],[39.991479009000045,21.336798733000023],[39.990670257000033,21.337407892000044],[39.989441315000079,21.338335753000024],[39.989427000000035,21.338346000000058],[39.989046706000067,21.33864668700005],[39.988521028000036,21.339089873000034],[39.988013132000049,21.339550902000042],[39.987434000000064,21.340121000000067],[39.98719200000005,21.340374000000054],[39.986482516000081,21.341149893000022],[39.98613415300008,21.341518133000022],[39.985421996000071,21.342241514000023],[39.984689682000067,21.342947012000025],[39.983672493000029,21.343868018000023],[39.983866915000078,21.343979112000056],[39.98406637800008,21.344100919000027],[39.984535313000038,21.344421497000042],[39.984819144000028,21.344639799000049],[39.984998100000041,21.344789048000052],[39.985655613000063,21.345426087000078],[39.985809761000041,21.345599751000066],[39.985956033000036,21.345775047000075],[39.986637838000036,21.346596446000035],[39.986976172000027,21.346374927000056],[39.987167216000046,21.346287945000029],[39.987352614000031,21.346179903000063],[39.987182310000037,21.345958013000029],[39.98716248900007,21.345969689000071]]},"properties":{"OBJECTID":864,"camp_label":"5/112","Transport_mode":"النقل التقليدي","Street_Camp_MIN":"شارع 112","MAKARF":"طريق الطائف - جسر الجامعة عرفات الثاني - الدائري الشرقي","Street_Camp_ARF":"طريق 56","Street_MIN_Exit":"طريق الجوهرة (56)","ASMARF":"الدائري الغربي عرفات","ASM_CODE":"ASMARF2","block":"10","camp_type":"حجاج الخارج","block_ARF":"10","ARF_ZONE2":"ARF3","_length":18958,"MAKARFT1":null,"ARF_IN":null,"ARF_OUT":null,"Shape_Length":0.045428295506746416}},{"type":"Feature","id":865,"geometry":{"type":"LineString","coordinates":[[39.94754269200007,21.33845289900006],[39.94806738300008,21.33931715600005],[39.948252810000042,21.339560423000023],[39.948387074000038,21.339683809000064],[39.948537936000037,21.339801633000036],[39.948686590000079,21.339902104000032],[39.948875346000079,21.339993251000067],[39.949350837000054,21.340210389000049],[39.949867232000031,21.34042755300004],[39.951483967000058,21.341119548000052],[39.95262288400005,21.341608852000036],[39.953384264000078,21.341944678000061],[39.953817981000043,21.342131661000053],[39.95408722600007,21.342220962000056],[39.95437045500006,21.342254175000051],[39.955214053000077,21.341746444000023],[39.95665136000008,21.340876285000036],[39.957739140000058,21.340217757000062],[39.958823771000027,21.339568923000058],[39.959897492000039,21.33975309300007],[39.962083822000068,21.340102003000027],[39.963354236000043,21.340281783000023],[39.964165537000042,21.340402728000072],[39.965538207000066,21.340588467000032],[39.969332081000061,21.341166655000052],[39.969949754000027,21.341233893000037],[39.97196415500008,21.341398955000045],[39.975204524000048,21.341657407000071],[39.977501105000044,21.34183405400006],[39.978269431000058,21.341953748000037],[39.978568372000041,21.342023475000076],[39.978865776000077,21.342098751000037],[39.979161524000062,21.342179549000036],[39.979455501000075,21.342265836000024],[39.979747590000045,21.34235757700003],[39.980037676000052,21.342454736000036],[39.980294342000036,21.342544596000039],[39.98032564500005,21.342557276000036],[39.980611383000053,21.342665155000077],[39.98089477700006,21.342778332000023],[39.983458300000052,21.343753415000037],[39.983664668000074,21.343863542000065],[39.983672493000029,21.343868018000023],[39.983554537000032,21.343970657000057],[39.982372369000075,21.344858612000053],[39.980823771000075,21.345835048000026],[39.981164143000058,21.346320563000063],[39.981198889000041,21.346296195000036]]},"properties":{"OBJECTID":865,"camp_label":"5/202","Transport_mode":"النقل التقليدي","Street_Camp_MIN":"شارع 202","MAKARF":"طريق الطائف - نفق الجامعة عرفات الأول - الدائري الأوسط","Street_Camp_ARF":"طريق 56","Street_MIN_Exit":"طريق الجوهرة (56)","ASMARF":"الدائري الغربي عرفات","ASM_CODE":"ASMARF1","block":"43","camp_type":"حجاج الخارج","block_ARF":"43","ARF_ZONE2":"ARF ZONE 1","_length":16417,"MAKARFT1":null,"ARF_IN":null,"ARF_OUT":null,"Shape_Length":0.042679797500051596}},{"type":"Feature","id":866,"geometry":{"type":"LineString","coordinates":[[39.990743021000071,21.329642170000056],[39.990451545000042,21.330835190000073],[39.989611008000054,21.333919417000061],[39.988851198000077,21.335819235000031],[39.989595674000043,21.335976746000028],[39.98991333400005,21.33605964000003],[39.990074634000052,21.336108697000043],[39.990594525000063,21.336279122000064],[39.99105174400006,21.336456535000025],[39.991601720000062,21.336694369000043],[39.991792512000075,21.336788336000041],[39.992351202000066,21.337087992000022],[39.992416304000074,21.337127793000036],[39.992804592000027,21.337365677000037],[39.99309629000004,21.337567412000055],[39.993452297000033,21.337824367000053],[39.994206700000063,21.33846101000006],[39.994472922000057,21.338717325000061],[39.994792016000076,21.339050093000026],[39.995042147000049,21.339336876000061],[39.995392021000043,21.339778528000068],[39.995651810000027,21.34014140000005],[39.993757089000042,21.341235365000045],[39.993288477000078,21.340537965000067],[39.993260217000056,21.340555104000032]]},"properties":{"OBJECTID":866,"camp_label":"5/204","Transport_mode":"النقل التقليدي","Street_Camp_MIN":"شارع 204","MAKARF":"طريق الطائف - مواقف حجاج البر بعرفات","Street_Camp_ARF":"طريق 54","Street_MIN_Exit":"طريق الجوهرة (56)","ASMARF":"الدائري الغربي عرفات","ASM_CODE":"ASMARF3","block":"39","camp_type":"حجاج الخارج","block_ARF":"39","ARF_ZONE2":"ARF Zone 4","_length":18428,"MAKARFT1":null,"ARF_IN":50,"ARF_OUT":50,"Shape_Length":0.017806692317988291}},{"type":"Feature","id":867,"geometry":{"type":"LineString","coordinates":[[39.94754269200007,21.33845289900006],[39.948686590000079,21.339902104000032],[39.95437045500006,21.342254175000051],[39.955214053000077,21.341746444000023],[39.95665136000008,21.340876285000036],[39.957739140000058,21.340217757000062],[39.958823771000027,21.339568923000058],[39.959897492000039,21.33975309300007],[39.962083822000068,21.340102003000027],[39.963354236000043,21.340281783000023],[39.964165537000042,21.340402728000072],[39.965538207000066,21.340588467000032],[39.969332081000061,21.341166655000052],[39.969949754000027,21.341233893000037],[39.97196415500008,21.341398955000045],[39.975204524000048,21.341657407000071],[39.977501105000044,21.34183405400006],[39.978269431000058,21.341953748000037],[39.978568372000041,21.342023475000076],[39.978865776000077,21.342098751000037],[39.979161524000062,21.342179549000036],[39.979455501000075,21.342265836000024],[39.979747590000045,21.34235757700003],[39.980037676000052,21.342454736000036],[39.980294342000036,21.342544596000039],[39.98056482100003,21.342647576000047],[39.980611383000053,21.342665155000077],[39.98089477700006,21.342778332000023],[39.983458300000052,21.343753415000037],[39.983664410000074,21.343863399000043],[39.983866915000078,21.343979112000056],[39.984065634000046,21.344100449000052],[39.984260389000042,21.344227302000036],[39.984451005000039,21.344359558000065],[39.984637313000064,21.344497098000033],[39.984819145000074,21.34463979800006],[39.984998100000041,21.344789048000052],[39.98516873300008,21.344940166000072],[39.985336176000033,21.34509756500006],[39.985338255000045,21.345099580000067],[39.985498518000043,21.345259587000044],[39.985500733000038,21.345261866000044],[39.985655613000063,21.345426086000032],[39.985809761000041,21.345599751000066],[39.985953503000076,21.345771920000061],[39.985835277000035,21.345842350000055],[39.985232733000032,21.346201292000046],[39.984435273000031,21.346676344000059],[39.982744226000079,21.347683687000028],[39.981885601000045,21.34820015400004],[39.981128150000075,21.34865618300006],[39.980161779000071,21.349238811000077],[39.978144788000066,21.350458397000068],[39.97806242200005,21.350508175000073],[39.97773426200007,21.350706498000022],[39.97549915500008,21.352057247000062],[39.975006447000055,21.352355001000035],[39.974513735000073,21.352652753000029],[39.973325196000076,21.353363586000057],[39.973303374000068,21.35338119100004],[39.973285066000074,21.353402015000029],[39.973270803000048,21.353425452000067],[39.973261001000026,21.353450819000045],[39.973255946000052,21.353477378000036],[39.97325578400006,21.35350435600003],[39.973260521000043,21.353530966000051],[39.973270018000051,21.35355643500003],[39.973283999000046,21.353580020000038],[39.97375554000007,21.354295040000068],[39.973766433000037,21.354318362000072],[39.97377321700003,21.354343012000072],[39.97377571800007,21.35436836100007],[39.973773874000074,21.354393758000072],[39.973767729000031,21.354418555000052],[39.973757443000068,21.354442118000065],[39.973344823000048,21.354678980000074],[39.973016534000067,21.354867433000038],[39.972495077000076,21.355166716000042],[39.972400578000077,21.355220863000056],[39.972434901000042,21.355270329000064]]},"properties":{"OBJECTID":867,"camp_label":"5/206","Transport_mode":"النقل التقليدي","Street_Camp_MIN":"شارع 206","MAKARF":"طريق الطائف - نفق الجامعة عرفات الأول - الدائري الأوسط","Street_Camp_ARF":"شارع 510","Street_MIN_Exit":"طريق الجوهرة (56)","ASMARF":"الدائري الغربي عرفات","ASM_CODE":"ASMARF1","block":"32","camp_type":"حجاج الخارج","block_ARF":"32","ARF_ZONE2":"ARF Zone 4","_length":18778,"MAKARFT1":null,"ARF_IN":50,"ARF_OUT":50,"Shape_Length":0.059147008131431547}},{"type":"Feature","id":868,"geometry":{"type":"LineString","coordinates":[[39.967559644000062,21.327004457000044],[39.968701503000034,21.330313905000025],[39.969441184000061,21.333917002000078],[39.969441523000057,21.333916960000067],[39.970409320000044,21.333797324000045],[39.971279505000041,21.333759134000047],[39.972151085000064,21.333794204000071],[39.973522413000069,21.333893175000071],[39.976147974000071,21.334090063000076],[39.977602365000052,21.334224284000072],[39.978620627000055,21.334361124000054],[39.979497907000052,21.334478962000048],[39.981905452000035,21.334827834000066],[39.982791503000044,21.334956225000042],[39.984311742000045,21.335168384000042],[39.988851198000077,21.335819235000031],[39.989595674000043,21.335976746000028],[39.98991333400005,21.33605964000003],[39.990074634000052,21.336108697000043],[39.990594525000063,21.336279122000064],[39.99105174400006,21.336456535000025],[39.991471697000065,21.336638142000027],[39.991485773000079,21.336645636000071],[39.991498000000036,21.336655000000064],[39.991509065000059,21.33666676100006],[39.991518000000042,21.336680000000058],[39.991524000000027,21.336694000000023],[39.991527000000076,21.336709000000042],[39.99152765000008,21.336723963000054],[39.991525610000053,21.336739059000024],[39.991520896000054,21.336753621000071],[39.991513640000051,21.336767235000025],[39.991504000000077,21.336780000000033],[39.991492396000069,21.336790116000032],[39.991479009000045,21.336798733000023],[39.989441315000079,21.338335753000024],[39.989021656000034,21.338667072000078],[39.988521028000036,21.339089873000034],[39.988013132000049,21.339550902000042],[39.987434000000064,21.340121000000067],[39.987417828000048,21.340242019000073],[39.987450888000069,21.340354800000057],[39.98753182300004,21.340525072000048],[39.98765338000004,21.340780807000044],[39.987694770000076,21.340920192000056],[39.987752018000037,21.340915104000032]]},"properties":{"OBJECTID":868,"camp_label":"5/518","Transport_mode":"النقل التقليدي","Street_Camp_MIN":"شارع 518","MAKARF":"طريق الطائف - جسر الجامعة عرفات الثاني - الدائري الشرقي","Street_Camp_ARF":"طريق 56","Street_MIN_Exit":"طريق الجوهرة (56)","ASMARF":"الدائري الشرقي عرفات","ASM_CODE":"ASMARF2","block":"8-6","camp_type":"حجاج الخارج","block_ARF":"8-6","ARF_ZONE2":"ARF1","_length":17298,"MAKARFT1":null,"ARF_IN":null,"ARF_OUT":null,"Shape_Length":0.03583805355577125}},{"type":"Feature","id":869,"geometry":{"type":"LineString","coordinates":[[39.94754269200007,21.33845289900006],[39.948686590000079,21.339902104000032],[39.95437045500006,21.342254175000051],[39.955214053000077,21.341746444000023],[39.95665136000008,21.340876285000036],[39.957739140000058,21.340217757000062],[39.958823771000027,21.339568923000058],[39.959897492000039,21.33975309300007],[39.962083822000068,21.340102003000027],[39.963354236000043,21.340281783000023],[39.964165537000042,21.340402728000072],[39.965538207000066,21.340588467000032],[39.969332081000061,21.341166655000052],[39.969949754000027,21.341233893000037],[39.97196415500008,21.341398955000045],[39.975204524000048,21.341657407000071],[39.977501105000044,21.34183405400006],[39.978269431000058,21.341953748000037],[39.978568372000041,21.342023475000076],[39.978865776000077,21.342098751000037],[39.979161524000062,21.342179549000036],[39.979455501000075,21.342265836000024],[39.979747590000045,21.34235757700003],[39.980037676000052,21.342454736000036],[39.980294342000036,21.342544596000039],[39.98032564500005,21.342557276000036],[39.980611383000053,21.342665155000077],[39.98089477700006,21.342778332000023],[39.983458300000052,21.343753415000037],[39.983664668000074,21.343863542000065],[39.98386742100007,21.343979411000078],[39.98406637800008,21.344100919000027],[39.984261361000051,21.344227956000054],[39.984452194000028,21.344360409000046],[39.984638706000055,21.344498158000079],[39.984820729000035,21.344641081000077],[39.984998100000041,21.344789048000052],[39.985170661000041,21.344941926000047],[39.985338255000045,21.345099580000067],[39.985500733000038,21.345261866000044],[39.985657949000029,21.345428640000023],[39.985809761000041,21.345599751000066],[39.985953503000076,21.345771920000061],[39.985956033000036,21.345775047000075],[39.987438914000052,21.347561534000079],[39.987803652000025,21.348111524000046],[39.988048065000044,21.348599213000057],[39.988278319000074,21.349219230000074],[39.988502444000062,21.349841215000026],[39.988513325000042,21.349882528000023],[39.988517823000052,21.349924871000042],[39.988515847000031,21.349967382000045],[39.988507438000056,21.350009198000066],[39.988492767000025,21.350049469000055],[39.988472131000037,21.350087376000033],[39.988445950000028,21.350122148000025],[39.988414756000054,21.350153078000062],[39.988379185000042,21.350179539000067],[39.988339957000051,21.350200990000076],[39.988162524000074,21.350294986000051],[39.985924622000027,21.351338954000028],[39.986394510000025,21.35203107600006],[39.986427893000041,21.352009578000036]]},"properties":{"OBJECTID":869,"camp_label":"55/68","Transport_mode":"النقل التقليدي","Street_Camp_MIN":"شارع 68","MAKARF":"طريق الطائف - نفق الجامعة عرفات الأول - الدائري الأوسط","Street_Camp_ARF":"طريق 62","Street_MIN_Exit":"طريق الجوهرة (56)","ASMARF":"الدائري الأوسط 83","ASM_CODE":"ASMARF1","block":"90","camp_type":"حجاج الخارج","block_ARF":"90","ARF_ZONE2":"ARF3","_length":16955,"MAKARFT1":28.809999999999899,"ARF_IN":null,"ARF_OUT":null,"Shape_Length":0.050364932067241269}},{"type":"Feature","id":870,"geometry":{"type":"LineString","coordinates":[[39.94754269200007,21.33845289900006],[39.948686590000079,21.339902104000032],[39.95437045500006,21.342254175000051],[39.955214053000077,21.341746444000023],[39.95665136000008,21.340876285000036],[39.957739140000058,21.340217757000062],[39.958823771000027,21.339568923000058],[39.959897492000039,21.33975309300007],[39.962083822000068,21.340102003000027],[39.963354236000043,21.340281783000023],[39.964165537000042,21.340402728000072],[39.965538207000066,21.340588467000032],[39.969332081000061,21.341166655000052],[39.969949754000027,21.341233893000037],[39.97196415500008,21.341398955000045],[39.975204524000048,21.341657407000071],[39.977501105000044,21.34183405400006],[39.978269431000058,21.341953748000037],[39.978568372000041,21.342023475000076],[39.978865776000077,21.342098751000037],[39.979161524000062,21.342179549000036],[39.979455501000075,21.342265836000024],[39.979747590000045,21.34235757700003],[39.980037676000052,21.342454736000036],[39.980294342000036,21.342544596000039],[39.98032564500005,21.342557276000036],[39.980611383000053,21.342665155000077],[39.98089477700006,21.342778332000023],[39.983458300000052,21.343753415000037],[39.983664668000074,21.343863542000065],[39.98386742100007,21.343979411000078],[39.98406637800008,21.344100919000027],[39.984261361000051,21.344227956000054],[39.984452194000028,21.344360409000046],[39.984638706000055,21.344498158000079],[39.984820729000035,21.344641081000077],[39.984998100000041,21.344789048000052],[39.985170661000041,21.344941926000047],[39.985338255000045,21.345099580000067],[39.985500733000038,21.345261866000044],[39.985657949000029,21.345428640000023],[39.985809761000041,21.345599751000066],[39.985953503000076,21.345771920000061],[39.985956033000036,21.345775047000075],[39.987438914000052,21.347561534000079],[39.987803652000025,21.348111524000046],[39.988048065000044,21.348599213000057],[39.988278319000074,21.349219230000074],[39.988502444000062,21.349841215000026],[39.988513325000042,21.349882528000023],[39.988517823000052,21.349924871000042],[39.988515847000031,21.349967382000045],[39.988507438000056,21.350009198000066],[39.988492767000025,21.350049469000055],[39.988472131000037,21.350087376000033],[39.988445950000028,21.350122148000025],[39.988414756000054,21.350153078000062],[39.988379185000042,21.350179539000067],[39.988339957000051,21.350200990000076],[39.988162524000074,21.350294986000051],[39.98782529500005,21.350452304000044],[39.987878978000026,21.350535258000036]]},"properties":{"OBJECTID":870,"camp_label":"57/68","Transport_mode":"النقل التقليدي","Street_Camp_MIN":"شارع 68","MAKARF":"طريق الطائف - نفق الجامعة عرفات الأول - الدائري الأوسط","Street_Camp_ARF":"طريق 62","Street_MIN_Exit":"طريق الجوهرة (56)","ASMARF":"الدائري الأوسط 83","ASM_CODE":"ASMARF1","block":"90","camp_type":"حجاج الخارج","block_ARF":"90","ARF_ZONE2":"","_length":16946,"MAKARFT1":25.929999999999801,"ARF_IN":null,"ARF_OUT":null,"Shape_Length":0.047490168613000143}},{"type":"Feature","id":871,"geometry":{"type":"LineString","coordinates":[[39.94754269200007,21.33845289900006],[39.948686590000079,21.339902104000032],[39.95437045500006,21.342254175000051],[39.955214053000077,21.341746444000023],[39.95665136000008,21.340876285000036],[39.957739140000058,21.340217757000062],[39.958823771000027,21.339568923000058],[39.959897492000039,21.33975309300007],[39.962083822000068,21.340102003000027],[39.963354236000043,21.340281783000023],[39.964165537000042,21.340402728000072],[39.965538207000066,21.340588467000032],[39.969332081000061,21.341166655000052],[39.969949754000027,21.341233893000037],[39.97196415500008,21.341398955000045],[39.975204524000048,21.341657407000071],[39.977501105000044,21.34183405400006],[39.978269431000058,21.341953748000037],[39.978568372000041,21.342023475000076],[39.978865776000077,21.342098751000037],[39.979161524000062,21.342179549000036],[39.979455501000075,21.342265836000024],[39.979747590000045,21.34235757700003],[39.980037676000052,21.342454736000036],[39.980294342000036,21.342544596000039],[39.98032564500005,21.342557276000036],[39.980611383000053,21.342665155000077],[39.98089477700006,21.342778332000023],[39.983458300000052,21.343753415000037],[39.983664668000074,21.343863542000065],[39.983672493000029,21.343868018000023],[39.983554537000032,21.343970657000057],[39.98237242600004,21.344858569000053],[39.980823771000075,21.345835048000026],[39.98031792900008,21.34615376000005],[39.978670265000062,21.347192216000053],[39.976331315000039,21.348693813000068],[39.974126443000046,21.350098937000041],[39.973792637000031,21.350311598000076],[39.973281697000061,21.350049355000067],[39.97321934200005,21.350139753000065]]},"properties":{"OBJECTID":871,"camp_label":"59/68","Transport_mode":"النقل التقليدي","Street_Camp_MIN":"شارع 68","MAKARF":"طريق الطائف - نفق الجامعة عرفات الأول - الدائري الأوسط","Street_Camp_ARF":"طريق 54","Street_MIN_Exit":"طريق الجوهرة (56)","ASMARF":"الدائري الشرقي عرفات","ASM_CODE":"ASMARF1","block":"91B","camp_type":"حجاج الخارج","block_ARF":"91B","ARF_ZONE2":"ARF ZONE 11","_length":16459,"MAKARFT1":null,"ARF_IN":62,"ARF_OUT":62,"Shape_Length":0.051027268334832822}},{"type":"Feature","id":872,"geometry":{"type":"LineString","coordinates":[[39.967559644000062,21.327004457000044],[39.968701503000034,21.330313905000025],[39.969441184000061,21.333917002000078],[39.969441523000057,21.333916960000067],[39.970409320000044,21.333797324000045],[39.971279505000041,21.333759134000047],[39.972151085000064,21.333794204000071],[39.973522413000069,21.333893175000071],[39.976147974000071,21.334090063000076],[39.977602365000052,21.334224284000072],[39.978620627000055,21.334361124000054],[39.979497907000052,21.334478962000048],[39.981905452000035,21.334827834000066],[39.982791503000044,21.334956225000042],[39.984311742000045,21.335168384000042],[39.988851198000077,21.335819235000031],[39.989595674000043,21.335976746000028],[39.98991333400005,21.33605964000003],[39.990074634000052,21.336108697000043],[39.990594525000063,21.336279122000064],[39.99105174400006,21.336456535000025],[39.991601720000062,21.336694369000043],[39.991792512000075,21.336788336000041],[39.992352289000053,21.337088574000063],[39.992804592000027,21.337365677000037],[39.99309629000004,21.337567412000055],[39.993452297000033,21.337824367000053],[39.994206700000063,21.33846101000006],[39.994472922000057,21.338717325000061],[39.994792016000076,21.339050093000026],[39.995042147000049,21.339336876000061],[39.995392021000043,21.339778528000068],[39.995651810000027,21.34014140000005],[39.991528136000056,21.342522261000056],[39.985953503000076,21.345771920000061],[39.986637838000036,21.346596446000035],[39.98694112000004,21.346961713000042],[39.986260223000045,21.347387790000028],[39.986290259000043,21.347432268000034]]},"properties":{"OBJECTID":872,"camp_label":"6/112","Transport_mode":"النقل التقليدي","Street_Camp_MIN":"شارع 112","MAKARF":"طريق الطائف - جسر الجامعة عرفات الثاني - الدائري الشرقي","Street_Camp_ARF":"طريق 56","Street_MIN_Exit":"طريق الجوهرة (56)","ASMARF":"الدائري الغربي عرفات","ASM_CODE":"ASMARF2","block":"7A","camp_type":"حجاج الخارج","block_ARF":"7A","ARF_ZONE2":"ARF3","_length":19891,"MAKARFT1":null,"ARF_IN":null,"ARF_OUT":null,"Shape_Length":0.04861986104981271}},{"type":"Feature","id":873,"geometry":{"type":"LineString","coordinates":[[39.967559644000062,21.327004457000044],[39.968701503000034,21.330313905000025],[39.969441523000057,21.333916960000067],[39.970409320000044,21.333797324000045],[39.971279505000041,21.333759134000047],[39.972151085000064,21.333794204000071],[39.973522413000069,21.333893175000071],[39.976147974000071,21.334090063000076],[39.977602365000052,21.334224284000072],[39.979497907000052,21.334478962000048],[39.981905452000035,21.334827834000066],[39.982791503000044,21.334956225000042],[39.984311741000056,21.335168384000042],[39.988851198000077,21.335819235000031],[39.989595674000043,21.335976746000028],[39.989913331000025,21.336059639000041],[39.990074634000052,21.336108697000043],[39.990594525000063,21.336279122000064],[39.99105174400006,21.336456535000025],[39.991601720000062,21.336694369000043],[39.991792514000053,21.33678833700003],[39.992351202000066,21.337087992000022],[39.992804592000027,21.337365677000037],[39.99309629000004,21.337567412000055],[39.993452297000033,21.337824367000053],[39.994206700000063,21.33846101000006],[39.994472922000057,21.338717325000061],[39.994792016000076,21.339050093000026],[39.995042147000049,21.339336876000061],[39.995392021000043,21.339778528000068],[39.995651810000027,21.34014140000005],[39.995958320000057,21.34061009900006],[39.996381353000061,21.341357596000023],[39.996698020000053,21.342059065000058],[39.996976540000048,21.342841210000074],[39.997211230000062,21.34376932400005],[39.997252959000036,21.344040429000074],[39.997339835000048,21.344604835000041],[39.997333322000031,21.344615608000026],[39.997325026000055,21.344625246000078],[39.997315169000046,21.34463349300006],[39.997304012000029,21.344640128000037],[39.997291852000046,21.34464497700003],[39.997279012000035,21.344647909000059],[39.997265835000064,21.344648848000077],[39.99725267000008,21.344647767000026],[39.997239867000076,21.344644696000046],[39.997227768000073,21.344639716000074],[39.997216693000041,21.344632960000069],[39.997206938000033,21.344624607000071],[39.997198762000039,21.344614881000041],[39.997192382000037,21.344604038000057],[39.997187968000048,21.344592368000065],[39.997167950000062,21.344363227000031],[39.99714146000008,21.344143442000075],[39.997071676000076,21.343733480000026],[39.996943631000079,21.343661678000046],[39.996551662000059,21.34389125000007],[39.996035600000027,21.344194543000071],[39.995567336000079,21.344509069000026]]},"properties":{"OBJECTID":873,"camp_label":"6/114","Transport_mode":"النقل التقليدي","Street_Camp_MIN":"شارع 114","MAKARF":"طريق الطائف - جسر الجامعة عرفات الثاني - الدائري الشرقي","Street_Camp_ARF":"طريق 62","Street_MIN_Exit":"طريق الجوهرة (56)","ASMARF":"الدائري الغربي عرفات","ASM_CODE":"ASMARF2","block":"15","camp_type":"حجاج الخارج","block_ARF":"15","ARF_ZONE2":"ARF ZONE 12","_length":19303,"MAKARFT1":null,"ARF_IN":56,"ARF_OUT":56,"Shape_Length":0.042648192396493305}},{"type":"Feature","id":874,"geometry":{"type":"LineString","coordinates":[[39.990743021000071,21.329642170000056],[39.990451545000042,21.330835190000073],[39.989611008000054,21.333919417000061],[39.988851198000077,21.335819235000031],[39.989595674000043,21.335976746000028],[39.98991333400005,21.33605964000003],[39.990074634000052,21.336108697000043],[39.990594525000063,21.336279122000064],[39.99105174400006,21.336456535000025],[39.991601720000062,21.336694369000043],[39.991792512000075,21.336788336000041],[39.992351202000066,21.337087992000022],[39.992416304000074,21.337127793000036],[39.992804592000027,21.337365677000037],[39.99309629000004,21.337567412000055],[39.993452297000033,21.337824367000053],[39.994206700000063,21.33846101000006],[39.994472922000057,21.338717325000061],[39.994792016000076,21.339050093000026],[39.995042147000049,21.339336876000061],[39.995392021000043,21.339778528000068],[39.995651810000027,21.34014140000005],[39.993757089000042,21.341235365000045],[39.993229899000028,21.340450787000066],[39.993266206000044,21.340433934000032]]},"properties":{"OBJECTID":874,"camp_label":"6/204","Transport_mode":"النقل التقليدي","Street_Camp_MIN":"شارع 204","MAKARF":"طريق الطائف - مواقف حجاج البر بعرفات","Street_Camp_ARF":"طريق 54","Street_MIN_Exit":"طريق الجوهرة (56)","ASMARF":"الدائري الغربي عرفات","ASM_CODE":"ASMARF3","block":"40","camp_type":"حجاج الخارج","block_ARF":"40","ARF_ZONE2":"","_length":18328,"MAKARFT1":null,"ARF_IN":null,"ARF_OUT":null,"Shape_Length":0.017918699420298455}},{"type":"Feature","id":876,"geometry":{"type":"LineString","coordinates":[[39.94754269200007,21.33845289900006],[39.948686590000079,21.339902104000032],[39.95437045500006,21.342254175000051],[39.955214053000077,21.341746444000023],[39.95665136000008,21.340876285000036],[39.957739140000058,21.340217757000062],[39.958823771000027,21.339568923000058],[39.959897492000039,21.33975309300007],[39.962083822000068,21.340102003000027],[39.963354236000043,21.340281783000023],[39.964165537000042,21.340402728000072],[39.965538207000066,21.340588467000032],[39.969332081000061,21.341166655000052],[39.969949754000027,21.341233893000037],[39.97196415500008,21.341398955000045],[39.975204524000048,21.341657407000071],[39.977501105000044,21.34183405400006],[39.978269431000058,21.341953748000037],[39.978568372000041,21.342023475000076],[39.978865776000077,21.342098751000037],[39.979161524000062,21.342179549000036],[39.979455501000075,21.342265836000024],[39.979747590000045,21.34235757700003],[39.980037676000052,21.342454736000036],[39.980294342000036,21.342544596000039],[39.98032564500005,21.342557276000036],[39.980611383000053,21.342665155000077],[39.98089477700006,21.342778332000023],[39.983458300000052,21.343753415000037],[39.983664411000063,21.343863399000043],[39.983866916000068,21.343979111000067],[39.984065635000036,21.344100447000073],[39.984260391000078,21.344227300000057],[39.984451007000075,21.344359556000029],[39.984637315000043,21.344497095000065],[39.984819147000053,21.344639796000024],[39.984998100000041,21.344789048000052],[39.985168735000059,21.344940164000036],[39.985336178000068,21.345097563000024],[39.985338255000045,21.345099580000067],[39.985498520000078,21.345259585000065],[39.985500733000038,21.345261866000044],[39.985655614000052,21.345426085000042],[39.985809761000041,21.345599751000066],[39.985953503000076,21.345771920000061],[39.985835277000035,21.345842350000055],[39.985233000000051,21.346201000000065],[39.984435273000031,21.346676344000059],[39.984365854000032,21.346717692000027],[39.98364353900007,21.347147922000033],[39.983688916000062,21.347238670000024]]},"properties":{"OBJECTID":876,"camp_label":"6/56","Transport_mode":"النقل التقليدي","Street_Camp_MIN":"شارع 56","MAKARF":"طريق الطائف - نفق الجامعة عرفات الأول - الدائري الأوسط","Street_Camp_ARF":"طريق 56","Street_MIN_Exit":"طريق الجوهرة (56)","ASMARF":"الدائري الأوسط 83","ASM_CODE":"ASMARF1","block":"50A","camp_type":"حجاج الخارج","block_ARF":"50A","ARF_ZONE2":"مسار رقم 2","_length":17519,"MAKARFT1":null,"ARF_IN":null,"ARF_OUT":null,"Shape_Length":0.04432188234141296}},{"type":"Feature","id":877,"geometry":{"type":"LineString","coordinates":[[39.94754269200007,21.33845289900006],[39.948686590000079,21.339902104000032],[39.95437045500006,21.342254175000051],[39.955214053000077,21.341746444000023],[39.95665136000008,21.340876285000036],[39.957739140000058,21.340217757000062],[39.958823771000027,21.339568923000058],[39.959897492000039,21.33975309300007],[39.962083822000068,21.340102003000027],[39.963354236000043,21.340281783000023],[39.964165537000042,21.340402728000072],[39.965538207000066,21.340588467000032],[39.969332081000061,21.341166655000052],[39.969949754000027,21.341233893000037],[39.97196415500008,21.341398955000045],[39.975204524000048,21.341657407000071],[39.977501105000044,21.34183405400006],[39.978269431000058,21.341953748000037],[39.978568372000041,21.342023475000076],[39.978865776000077,21.342098751000037],[39.979161524000062,21.342179549000036],[39.979455501000075,21.342265836000024],[39.979747590000045,21.34235757700003],[39.980037676000052,21.342454736000036],[39.980294342000036,21.342544596000039],[39.98032564500005,21.342557276000036],[39.980611383000053,21.342665155000077],[39.98089477700006,21.342778332000023],[39.983458300000052,21.343753415000037],[39.983664668000074,21.343863542000065],[39.983672493000029,21.343868018000023],[39.983554537000032,21.343970657000057],[39.982822003000081,21.344520881000051],[39.983069216000047,21.344862181000053],[39.983044946000064,21.344879319000029]]},"properties":{"OBJECTID":877,"camp_label":"6/62","Transport_mode":"النقل التقليدي","Street_Camp_MIN":"شارع 62","MAKARF":"طريق الطائف - نفق الجامعة عرفات الأول - الدائري الأوسط","Street_Camp_ARF":"طريق 56","Street_MIN_Exit":"طريق الجوهرة (56)","ASMARF":"الدائري الأوسط 83","ASM_CODE":"ASMARF1","block":"49","camp_type":"حجاج الخارج","block_ARF":"49","ARF_ZONE2":"مسار رقم 2","_length":16811,"MAKARFT1":null,"ARF_IN":null,"ARF_OUT":null,"Shape_Length":0.040065905513509706}},{"type":"Feature","id":878,"geometry":{"type":"LineString","coordinates":[[39.94754269200007,21.33845289900006],[39.948686590000079,21.339902104000032],[39.95437045500006,21.342254175000051],[39.955214053000077,21.341746444000023],[39.95665136000008,21.340876285000036],[39.957739140000058,21.340217757000062],[39.958823771000027,21.339568923000058],[39.959897492000039,21.33975309300007],[39.962083822000068,21.340102003000027],[39.963354236000043,21.340281783000023],[39.964165537000042,21.340402728000072],[39.965538207000066,21.340588467000032],[39.969332081000061,21.341166655000052],[39.969949754000027,21.341233893000037],[39.97196415500008,21.341398955000045],[39.975204524000048,21.341657407000071],[39.977501105000044,21.34183405400006],[39.978269431000058,21.341953748000037],[39.978568372000041,21.342023475000076],[39.978865776000077,21.342098751000037],[39.979161524000062,21.342179549000036],[39.979455501000075,21.342265836000024],[39.979747590000045,21.34235757700003],[39.980037676000052,21.342454736000036],[39.980294342000036,21.342544596000039],[39.98056482100003,21.342647576000047],[39.980611383000053,21.342665155000077],[39.98089477700006,21.342778332000023],[39.983458300000052,21.343753415000037],[39.983664410000074,21.343863399000043],[39.983866915000078,21.343979112000056],[39.984065634000046,21.344100449000052],[39.984260389000042,21.344227302000036],[39.984451005000039,21.344359558000065],[39.984637313000064,21.344497098000033],[39.984819145000074,21.34463979800006],[39.984998100000041,21.344789048000052],[39.98516873300008,21.344940166000072],[39.985336176000033,21.34509756500006],[39.985338255000045,21.345099580000067],[39.985498518000043,21.345259587000044],[39.985500733000038,21.345261866000044],[39.985655613000063,21.345426086000032],[39.985809761000041,21.345599751000066],[39.985953503000076,21.345771920000061],[39.985835277000035,21.345842350000055],[39.985232733000032,21.346201292000046],[39.984435273000031,21.346676344000059],[39.982744226000079,21.347683687000028],[39.981885601000045,21.34820015400004],[39.981128150000075,21.34865618300006],[39.980161779000071,21.349238811000077],[39.978144788000066,21.350458397000068],[39.97806242200005,21.350508175000073],[39.97773426200007,21.350706498000022],[39.97549915500008,21.352057247000062],[39.975006447000055,21.352355001000035],[39.974513735000073,21.352652753000029],[39.973325196000076,21.353363586000057],[39.973303374000068,21.35338119100004],[39.973285066000074,21.353402015000029],[39.973270803000048,21.353425452000067],[39.973261001000026,21.353450819000045],[39.973255946000052,21.353477378000036],[39.97325578400006,21.35350435600003],[39.973260521000043,21.353530966000051],[39.973270018000051,21.35355643500003],[39.973283999000046,21.353580020000038],[39.97375554000007,21.354295040000068],[39.973766433000037,21.354318362000072],[39.97377321700003,21.354343012000072],[39.97377571800007,21.35436836100007],[39.973773874000074,21.354393758000072],[39.973767729000031,21.354418555000052],[39.973757443000068,21.354442118000065],[39.973344823000048,21.354678980000074],[39.973016534000067,21.354867433000038],[39.973046694000061,21.354917303000036]]},"properties":{"OBJECTID":878,"camp_label":"7/206","Transport_mode":"النقل التقليدي","Street_Camp_MIN":"شارع 206","MAKARF":"طريق الطائف - نفق الجامعة عرفات الأول - الدائري الأوسط","Street_Camp_ARF":"شارع 510","Street_MIN_Exit":"طريق الجوهرة (56)","ASMARF":"الدائري الغربي عرفات","ASM_CODE":"ASMARF1","block":"32","camp_type":"حجاج الخارج","block_ARF":"32","ARF_ZONE2":"مسار رقم 1","_length":18858,"MAKARFT1":null,"ARF_IN":null,"ARF_OUT":null,"Shape_Length":0.058434930161287313}},{"type":"Feature","id":880,"geometry":{"type":"LineString","coordinates":[[39.990743021000071,21.329642170000056],[39.990451545000042,21.330835190000073],[39.989611008000054,21.333919417000061],[39.988851198000077,21.335819235000031],[39.988711627000043,21.336257132000071],[39.988503847000061,21.336701111000025],[39.988269401000025,21.337207859000046],[39.988298412000063,21.337219395000034]]},"properties":{"OBJECTID":880,"camp_label":"7/56","Transport_mode":"النقل التقليدي","Street_Camp_MIN":"شارع 56","MAKARF":"طريق الطائف - مواقف حجاج البر بعرفات","Street_Camp_ARF":"طريق 54","Street_MIN_Exit":"طريق الجوهرة (56)","ASMARF":"الدائري الشرقي عرفات","ASM_CODE":"ASMARF3","block":"48","camp_type":"حجاج الخارج","block_ARF":"48","ARF_ZONE2":"مسار رقم 2","_length":16693,"MAKARFT1":null,"ARF_IN":null,"ARF_OUT":null,"Shape_Length":0.0080103133737251739}},{"type":"Feature","id":881,"geometry":{"type":"LineString","coordinates":[[39.94754269200007,21.33845289900006],[39.948686590000079,21.339902104000032],[39.95437045500006,21.342254175000051],[39.955214053000077,21.341746444000023],[39.95665136000008,21.340876285000036],[39.957739140000058,21.340217757000062],[39.958823771000027,21.339568923000058],[39.960442163000039,21.338577470000075],[39.962677939000059,21.337227900000073],[39.963674408000031,21.336629292000055],[39.965102309000031,21.335764582000024],[39.966452691000029,21.334973297000033],[39.967387416000065,21.334537778000026],[39.968147388000034,21.334252954000078],[39.968538309000053,21.334134651000056],[39.969056085000034,21.33399937400003],[39.969441523000057,21.333916960000067],[39.970409320000044,21.333797324000045],[39.971279505000041,21.333759134000047],[39.972151085000064,21.333794204000071],[39.973522413000069,21.333893175000071],[39.976147974000071,21.334090063000076],[39.977602365000052,21.334224284000072],[39.979497907000052,21.334478962000048],[39.981905452000035,21.334827834000066],[39.982791503000044,21.334956225000042],[39.984311741000056,21.335168384000042],[39.988851198000077,21.335819235000031],[39.989595674000043,21.335976746000028],[39.989913331000025,21.336059639000041],[39.990074634000052,21.336108697000043],[39.990594525000063,21.336279122000064],[39.99105174400006,21.336456535000025],[39.991601720000062,21.336694369000043],[39.991792514000053,21.33678833700003],[39.992351202000066,21.337087992000022],[39.992804592000027,21.337365677000037],[39.99309629000004,21.337567412000055],[39.993452297000033,21.337824367000053],[39.994206700000063,21.33846101000006],[39.994472922000057,21.338717325000061],[39.994792016000076,21.339050093000026],[39.995042147000049,21.339336876000061],[39.995392021000043,21.339778528000068],[39.995651810000027,21.34014140000005],[39.993757089000042,21.341235365000045],[39.991528136000056,21.342522261000056],[39.990046323000058,21.343386097000064],[39.98979298900008,21.343533742000034],[39.985953503000076,21.345771920000061],[39.985835277000035,21.345842350000055],[39.985233000000051,21.346201000000065],[39.984435273000031,21.346676344000059],[39.98364353900007,21.347147922000033],[39.983529844000032,21.347215667000057],[39.982744226000079,21.347683687000028],[39.981888137000055,21.348198629000024],[39.981940221000059,21.348280631000023]]},"properties":{"OBJECTID":881,"camp_label":"7/62","Transport_mode":"النقل التقليدي","Street_Camp_MIN":"شارع 62","MAKARF":"طريق الطائف - نفق الجامعة عرفات الأول - الدائري الأوسط","Street_Camp_ARF":"طريق 62","Street_MIN_Exit":"طريق الجوهرة (56)","ASMARF":"الدائري الأوسط 83","ASM_CODE":"ASMARF1","block":"41","camp_type":"حجاج الخارج","block_ARF":"41","ARF_ZONE2":"ARF ZONE 13","_length":20311,"MAKARFT1":null,"ARF_IN":62,"ARF_OUT":62,"Shape_Length":0.069153658059189882}},{"type":"Feature","id":882,"geometry":{"type":"LineString","coordinates":[[39.967559644000062,21.327004457000044],[39.968701503000034,21.330313905000025],[39.969441184000061,21.333917002000078],[39.969441523000057,21.333916960000067],[39.970409320000044,21.333797324000045],[39.971279505000041,21.333759134000047],[39.972151085000064,21.333794204000071],[39.973522413000069,21.333893175000071],[39.976147974000071,21.334090063000076],[39.977602365000052,21.334224284000072],[39.978620627000055,21.334361124000054],[39.979497907000052,21.334478962000048],[39.981905452000035,21.334827834000066],[39.982791503000044,21.334956225000042],[39.984311742000045,21.335168384000042],[39.979933780000067,21.338390607000065],[39.980551090000063,21.338939160000052],[39.982152789000054,21.339092924000056],[39.983268733000045,21.339172331000043],[39.983280644000047,21.339174899000056],[39.983291929000075,21.339179297000044],[39.983302269000035,21.339185401000066],[39.983311375000028,21.339193039000065],[39.983318990000043,21.339201996000043],[39.983324898000035,21.339212020000048],[39.983328934000042,21.33922282900005],[39.98333098300003,21.339234118000036],[39.983336253000061,21.339275618000045],[39.983388011000045,21.339683267000055],[39.983424595000031,21.339921281000045],[39.983927467000058,21.33957143400005],[39.984235470000044,21.339356272000032],[39.984314347000065,21.33929265200004],[39.984446543000047,21.339179236000064],[39.984475820000057,21.339150551000046],[39.984500013000059,21.339117971000064],[39.984518540000067,21.339082280000071],[39.984530956000071,21.33904433400005],[39.984536963000039,21.339005048000047],[39.984536415000036,21.338965362000067],[39.984529328000065,21.338926233000052],[39.984515871000042,21.338888601000065],[39.984435034000057,21.338622219000058],[39.984361504000049,21.33837991300004],[39.984345445000031,21.338296944000035],[39.984291651000035,21.338305554000044]]},"properties":{"OBJECTID":882,"camp_label":"71/62","Transport_mode":"النقل التقليدي","Street_Camp_MIN":"شارع 62","MAKARF":"طريق الطائف - جسر الجامعة عرفات الثاني - الدائري الشرقي","Street_Camp_ARF":"طريق 50","Street_MIN_Exit":"طريق الجوهرة (56)","ASMARF":"الدائري الشرقي عرفات","ASM_CODE":"ASMARF2","block":"7-14","camp_type":"حجاج الخارج","block_ARF":"7-14","ARF_ZONE2":"","_length":15829,"MAKARFT1":null,"ARF_IN":null,"ARF_OUT":null,"Shape_Length":0.034174899176756493}},{"type":"Feature","id":883,"geometry":{"type":"LineString","coordinates":[[39.967559644000062,21.327004457000044],[39.968701503000034,21.330313905000025],[39.969441184000061,21.333917002000078],[39.970409320000044,21.333797324000045],[39.971279505000041,21.333759134000047],[39.972151085000064,21.333794204000071],[39.973522413000069,21.333893175000071],[39.976147974000071,21.334090063000076],[39.977602000000047,21.334224000000063],[39.978620627000055,21.334361124000054],[39.981905452000035,21.334827834000066],[39.982791503000044,21.334956225000042],[39.984311742000045,21.335168384000042],[39.988851198000077,21.335819235000031],[39.989595674000043,21.335976746000028],[39.98991333400005,21.33605964000003],[39.990074634000052,21.336108697000043],[39.990594525000063,21.336279122000064],[39.99105174400006,21.336456535000025],[39.991601720000062,21.336694369000043],[39.991792512000075,21.336788336000041],[39.992352289000053,21.337088574000063],[39.992804592000027,21.337365677000037],[39.99309629000004,21.337567412000055],[39.993452297000033,21.337824367000053],[39.994206700000063,21.33846101000006],[39.994472922000057,21.338717325000061],[39.994792016000076,21.339050093000026],[39.995042147000049,21.339336876000061],[39.995392021000043,21.339778528000068],[39.995651810000027,21.34014140000005],[39.991528136000056,21.342522261000056],[39.990046323000058,21.343386097000064],[39.989661241000078,21.343610579000028],[39.989707620000047,21.343681404000051]]},"properties":{"OBJECTID":883,"camp_label":"8/114","Transport_mode":"النقل التقليدي","Street_Camp_MIN":"شارع 114","MAKARF":"طريق الطائف - جسر الجامعة عرفات الثاني - الدائري الشرقي","Street_Camp_ARF":"طريق 56","Street_MIN_Exit":"طريق الجوهرة (56)","ASMARF":"الدائري الغربي عرفات","ASM_CODE":"ASMARF2","block":"14","camp_type":"حجاج الخارج","block_ARF":"14","ARF_ZONE2":"ARF2","_length":18567,"MAKARFT1":null,"ARF_IN":null,"ARF_OUT":null,"Shape_Length":0.042009618235369042}},{"type":"Feature","id":884,"geometry":{"type":"LineString","coordinates":[[39.94754269200007,21.33845289900006],[39.948686590000079,21.339902104000032],[39.95437045500006,21.342254175000051],[39.955214053000077,21.341746444000023],[39.95665136000008,21.340876285000036],[39.957739140000058,21.340217757000062],[39.958823771000027,21.339568923000058],[39.960442163000039,21.338577470000075],[39.962677939000059,21.337227900000073],[39.963674408000031,21.336629292000055],[39.965102309000031,21.335764582000024],[39.966452691000029,21.334973297000033],[39.967387416000065,21.334537778000026],[39.968147388000034,21.334252954000078],[39.968538309000053,21.334134651000056],[39.969056085000034,21.33399937400003],[39.969441523000057,21.333916960000067],[39.970409320000044,21.333797324000045],[39.971279505000041,21.333759134000047],[39.972151085000064,21.333794204000071],[39.973522413000069,21.333893175000071],[39.976147974000071,21.334090063000076],[39.977602365000052,21.334224284000072],[39.979497907000052,21.334478962000048],[39.981905452000035,21.334827834000066],[39.982791503000044,21.334956225000042],[39.984311741000056,21.335168384000042],[39.988851198000077,21.335819235000031],[39.989595674000043,21.335976746000028],[39.989913331000025,21.336059639000041],[39.990074634000052,21.336108697000043],[39.990594525000063,21.336279122000064],[39.99105174400006,21.336456535000025],[39.991601720000062,21.336694369000043],[39.991792514000053,21.33678833700003],[39.992351202000066,21.337087992000022],[39.992804592000027,21.337365677000037],[39.99309629000004,21.337567412000055],[39.993452297000033,21.337824367000053],[39.994206700000063,21.33846101000006],[39.994472922000057,21.338717325000061],[39.994792016000076,21.339050093000026],[39.995042147000049,21.339336876000061],[39.995392021000043,21.339778528000068],[39.995651810000027,21.34014140000005],[39.995958320000057,21.34061009900006],[39.996381353000061,21.341357596000023],[39.996698020000053,21.342059065000058],[39.996976540000048,21.342841210000074],[39.997211230000062,21.34376932400005],[39.997252959000036,21.344040429000074],[39.997339835000048,21.344604835000041],[39.997337702000038,21.344635206000078],[39.997334698000031,21.344645613000068],[39.997327512000027,21.344654809000076],[39.997310216000074,21.344673909000051],[39.997252113000059,21.34472491300005],[39.997191895000071,21.344767832000059],[39.997140123000065,21.344798063000042],[39.996649712000078,21.34509171600007],[39.996160563000046,21.345396685000026],[39.995619392000037,21.345732669000029],[39.99477203500004,21.346252186000072],[39.993932314000062,21.34677982200003],[39.993200467000065,21.347233577000054],[39.992443997000066,21.347703152000065],[39.991488313000048,21.34829056600006],[39.99033677500006,21.34901265600007],[39.989335598000025,21.34962766700005],[39.988731235000046,21.349993709000046],[39.988162524000074,21.350294986000051],[39.985186054000053,21.351683482000055],[39.98290570000006,21.352742626000065],[39.982850790000043,21.35276454600006],[39.982793559000072,21.35278042300007],[39.982734762000064,21.352790049000077],[39.982675175000054,21.352793296000073],[39.98261558300004,21.352790122000044],[39.982556773000056,21.352780568000071],[39.982499520000033,21.35276476100006],[39.98244457900006,21.352742908000039],[39.982392675000028,21.352715299000067],[39.982344492000038,21.352682297000058],[39.982300666000071,21.352644337000072],[39.98226177500004,21.35260192100003],[39.982228331000044,21.352555607000056],[39.981922371000053,21.352070821000041],[39.981105613000068,21.350782891000051],[39.980917968000028,21.350506229000075],[39.980824169000073,21.350363063000032],[39.981662236000034,21.350165058000073],[39.981609362000029,21.350096334000057]]},"properties":{"OBJECTID":884,"camp_label":"8/204","Transport_mode":"النقل التقليدي","Street_Camp_MIN":"شارع 204","MAKARF":"طريق الطائف - نفق الجامعة عرفات الأول - الدائري الأوسط","Street_Camp_ARF":"طريق 62","Street_MIN_Exit":"طريق الجوهرة (56)","ASMARF":"الدائري الغربي عرفات","ASM_CODE":"ASMARF1","block":"41","camp_type":"حجاج الخارج","block_ARF":"41","ARF_ZONE2":"ARF2","_length":20189,"MAKARFT1":null,"ARF_IN":null,"ARF_OUT":null,"Shape_Length":0.0788631077305606}},{"type":"Feature","id":886,"geometry":{"type":"LineString","coordinates":[[39.94754269200007,21.33845289900006],[39.948686590000079,21.339902104000032],[39.95437045500006,21.342254175000051],[39.955214053000077,21.341746444000023],[39.95665136000008,21.340876285000036],[39.957739140000058,21.340217757000062],[39.958823771000027,21.339568923000058],[39.959897492000039,21.33975309300007],[39.962083822000068,21.340102003000027],[39.963354236000043,21.340281783000023],[39.964165537000042,21.340402728000072],[39.965538207000066,21.340588467000032],[39.969332081000061,21.341166655000052],[39.969949754000027,21.341233893000037],[39.97196415500008,21.341398955000045],[39.975204524000048,21.341657407000071],[39.977501105000044,21.34183405400006],[39.978269431000058,21.341953748000037],[39.978568372000041,21.342023475000076],[39.978865776000077,21.342098751000037],[39.979161524000062,21.342179549000036],[39.979455501000075,21.342265836000024],[39.979747590000045,21.34235757700003],[39.980037676000052,21.342454736000036],[39.980294342000036,21.342544596000039],[39.98032564500005,21.342557276000036],[39.980611383000053,21.342665155000077],[39.98089477700006,21.342778332000023],[39.983458300000052,21.343753415000037],[39.983664411000063,21.343863398000053],[39.983866916000068,21.343979110000078],[39.984065636000025,21.344100447000073],[39.984260391000078,21.344227300000057],[39.984451008000065,21.34435955500004],[39.984637316000033,21.344497095000065],[39.984819147000053,21.344639795000035],[39.984998100000041,21.344789048000052],[39.985168735000059,21.344940164000036],[39.985336179000058,21.345097562000035],[39.985338255000045,21.345099580000067],[39.985498520000078,21.345259585000065],[39.985500733000038,21.345261866000044],[39.985655614000052,21.345426085000042],[39.985809761000041,21.345599751000066],[39.985953503000076,21.345771920000061],[39.985232733000032,21.346201292000046],[39.984365856000068,21.346717695000052],[39.98364353900007,21.347147922000033],[39.983529844000032,21.347215667000057],[39.982744226000079,21.347683687000028],[39.981888137000055,21.348198629000024],[39.981128150000075,21.34865618300006],[39.980161779000071,21.349238811000077],[39.978823420000026,21.350048058000027],[39.978347992000067,21.350335528000073],[39.97806242200005,21.350508175000073],[39.97773426200007,21.350706498000022],[39.97549915500008,21.352057247000062],[39.974513735000073,21.352652753000029],[39.973325196000076,21.353363586000057],[39.973303374000068,21.35338119100004],[39.973285066000074,21.353402015000029],[39.973270803000048,21.353425452000067],[39.973261001000026,21.353450819000045],[39.973255946000052,21.353477378000036],[39.97325578400006,21.35350435600003],[39.973260521000043,21.353530966000051],[39.973270018000051,21.35355643500003],[39.973283999000046,21.353580020000038],[39.97375554000007,21.354295040000068],[39.973821672000042,21.354394360000072],[39.974310230000071,21.354114092000032],[39.974332433000029,21.354153322000059]]},"properties":{"OBJECTID":886,"camp_label":"8/62","Transport_mode":"النقل التقليدي","Street_Camp_MIN":"شارع 62","MAKARF":"طريق الطائف - نفق الجامعة عرفات الأول - الدائري الأوسط","Street_Camp_ARF":"طريق 56","Street_MIN_Exit":"طريق الجوهرة (56)","ASMARF":"الدائري الأوسط 83","ASM_CODE":"ASMARF1","block":"49","camp_type":"حجاج الخارج","block_ARF":"49","ARF_ZONE2":"","_length":16564,"MAKARFT1":null,"ARF_IN":null,"ARF_OUT":null,"Shape_Length":0.058096492248988663}},{"type":"Feature","id":887,"geometry":{"type":"LineString","coordinates":[[39.967559644000062,21.327004457000044],[39.968701503000034,21.330313905000025],[39.969465807000063,21.334053084000061],[39.969210349000036,21.334102546000054],[39.968956457000047,21.334158640000055],[39.968704327000069,21.334221322000076],[39.968454153000039,21.334290546000034],[39.968206129000066,21.334366257000056],[39.967960447000053,21.334448396000028],[39.967717295000057,21.334536901000035],[39.967476863000059,21.334631702000024],[39.967239335000045,21.334732727000073],[39.967004895000059,21.334839898000041],[39.96654600200003,21.335072340000067],[39.96632190300005,21.335197433000076],[39.959026325000025,21.339603667000063],[39.959897492000039,21.33975309300007],[39.962083822000068,21.340102003000027],[39.963354236000043,21.340281783000023],[39.964165537000042,21.340402728000072],[39.965538207000066,21.340588467000032],[39.969332081000061,21.341166655000052],[39.969949754000027,21.341233893000037],[39.97196415500008,21.341398955000045],[39.975204524000048,21.341657407000071],[39.977501105000044,21.34183405400006],[39.978269431000058,21.341953748000037],[39.978568372000041,21.342023475000076],[39.978865776000077,21.342098751000037],[39.979161524000062,21.342179549000036],[39.979455501000075,21.342265836000024],[39.979747590000045,21.34235757700003],[39.980037676000052,21.342454736000036],[39.980294342000036,21.342544596000039],[39.98032564500005,21.342557276000036],[39.980611383000053,21.342665155000077],[39.98089477700006,21.342778332000023],[39.983458300000052,21.343753415000037],[39.983664411000063,21.343863398000053],[39.983672493000029,21.343868018000023],[39.983554537000032,21.343970657000057],[39.982842434000077,21.344505535000053],[39.982068806000029,21.344178051000029],[39.982088859000044,21.344135274000053]]},"properties":{"OBJECTID":887,"camp_label":"9/202","Transport_mode":"النقل التقليدي","Street_Camp_MIN":"شارع 202","MAKARF":"طريق الطائف - جسر الجامعة عرفات الثاني - الدائري الشرقي","Street_Camp_ARF":"طريق 56","Street_MIN_Exit":"طريق الجوهرة (56)","ASMARF":"الدائري الغربي عرفات","ASM_CODE":"ASMARF2","block":"43","camp_type":"حجاج الخارج","block_ARF":"43","ARF_ZONE2":"ARF ZONE 12","_length":17015,"MAKARFT1":null,"ARF_IN":null,"ARF_OUT":null,"Shape_Length":0.046275643986178852}},{"type":"Feature","id":888,"geometry":{"type":"LineString","coordinates":[[39.990743021000071,21.329642170000056],[39.990451545000042,21.330835190000073],[39.989611008000054,21.333919417000061],[39.988851198000077,21.335819235000031],[39.989595674000043,21.335976746000028],[39.989913331000025,21.336059639000041],[39.990074634000052,21.336108697000043],[39.990594525000063,21.336279122000064],[39.99105174400006,21.336456535000025],[39.991601720000062,21.336694369000043],[39.991792514000053,21.33678833700003],[39.992351202000066,21.337087992000022],[39.992804592000027,21.337365677000037],[39.99309629000004,21.337567412000055],[39.993452297000033,21.337824367000053],[39.994206700000063,21.33846101000006],[39.994472922000057,21.338717325000061],[39.994792016000076,21.339050093000026],[39.995042147000049,21.339336876000061],[39.995392021000043,21.339778528000068],[39.995651810000027,21.34014140000005],[39.995958320000057,21.34061009900006],[39.996381353000061,21.341357596000023],[39.996698020000053,21.342059065000058],[39.996976540000048,21.342841210000074],[39.997211230000062,21.34376932400005],[39.997252959000036,21.344040429000074],[39.997339835000048,21.344604835000041],[39.997337702000038,21.344635206000078],[39.997334698000031,21.344645613000068],[39.997327512000027,21.344654809000076],[39.997310216000074,21.344673909000051],[39.997252113000059,21.34472491300005],[39.997191895000071,21.344767832000059],[39.997140123000065,21.344798063000042],[39.996649712000078,21.34509171600007],[39.996160563000046,21.345396685000026],[39.995619392000037,21.345732669000029],[39.99477203500004,21.346252186000072],[39.993932314000062,21.34677982200003],[39.993200467000065,21.347233577000054],[39.992443997000066,21.347703152000065],[39.991488313000048,21.34829056600006],[39.99033677500006,21.34901265600007],[39.989335598000025,21.34962766700005],[39.988731235000046,21.349993709000046],[39.988162524000074,21.350294986000051],[39.985186054000053,21.351683482000055],[39.98290570000006,21.352742626000065],[39.982332004000057,21.353025279000065],[39.981298937000076,21.353651520000028],[39.978120649000061,21.355575122000062],[39.978090372000054,21.355590205000055],[39.978057810000053,21.355600280000033],[39.97802389900005,21.355605058000037],[39.97798961400008,21.35560440200004],[39.977955940000072,21.355598330000078],[39.977923845000078,21.355587017000062],[39.977894251000066,21.355570788000023],[39.97786800800003,21.355550109000035],[39.977845871000056,21.355525575000058],[39.977828475000081,21.355497891000027],[39.977732251000077,21.355354189000025],[39.977781294000067,21.35532458800003]]},"properties":{"OBJECTID":888,"camp_label":"9/204","Transport_mode":"النقل التقليدي","Street_Camp_MIN":"شارع 204","MAKARF":"طريق الطائف - مواقف حجاج البر بعرفات","Street_Camp_ARF":"طريق 62","Street_MIN_Exit":"طريق الجوهرة (56)","ASMARF":"الدائري الغربي عرفات","ASM_CODE":"ASMARF3","block":"39","camp_type":"حجاج الخارج","block_ARF":"39","ARF_ZONE2":"","_length":20656,"MAKARFT1":null,"ARF_IN":null,"ARF_OUT":null,"Shape_Length":0.042314497639110285}},{"type":"Feature","id":889,"geometry":{"type":"LineString","coordinates":[[39.967559644000062,21.327004457000044],[39.968701503000034,21.330313905000025],[39.969441184000061,21.333917002000078],[39.969441523000057,21.333916960000067],[39.970409320000044,21.333797324000045],[39.971279505000041,21.333759134000047],[39.972151085000064,21.333794204000071],[39.973522413000069,21.333893175000071],[39.976147974000071,21.334090063000076],[39.977602365000052,21.334224284000072],[39.978620627000055,21.334361124000054],[39.979497907000052,21.334478962000048],[39.981905452000035,21.334827834000066],[39.982791503000044,21.334956225000042],[39.984311742000045,21.335168384000042],[39.988851198000077,21.335819235000031],[39.989595674000043,21.335976746000028],[39.98991333400005,21.33605964000003],[39.990074634000052,21.336108697000043],[39.990594525000063,21.336279122000064],[39.99105174400006,21.336456535000025],[39.991601720000062,21.336694369000043],[39.991792512000075,21.336788336000041],[39.992352289000053,21.337088574000063],[39.992804592000027,21.337365677000037],[39.99309629000004,21.337567412000055],[39.993452297000033,21.337824367000053],[39.994206700000063,21.33846101000006],[39.994472922000057,21.338717325000061],[39.994792016000076,21.339050093000026],[39.995042147000049,21.339336876000061],[39.995392021000043,21.339778528000068],[39.995651810000027,21.34014140000005],[39.991528136000056,21.342522261000056],[39.985953503000076,21.345771920000061],[39.985232733000032,21.346201292000046],[39.984365856000068,21.346717695000052],[39.98489199800008,21.34748440900006],[39.984927178000078,21.347458933000041]]},"properties":{"OBJECTID":889,"camp_label":"9/50","Transport_mode":"النقل التقليدي","Street_Camp_MIN":"شارع 50","MAKARF":"طريق الطائف - جسر الجامعة عرفات الثاني - الدائري الشرقي","Street_Camp_ARF":"طريق 56","Street_MIN_Exit":"طريق الجوهرة (56)","ASMARF":"الدائري الأوسط 83","ASM_CODE":"ASMARF2","block":"50","camp_type":"حجاج الخارج","block_ARF":"50","ARF_ZONE2":"ARF1","_length":19775,"MAKARFT1":null,"ARF_IN":null,"ARF_OUT":null,"Shape_Length":0.049038004690695546}},{"type":"Feature","id":890,"geometry":{"type":"LineString","coordinates":[[39.990743021000071,21.329642170000056],[39.990451545000042,21.330835190000073],[39.989611008000054,21.333919417000061],[39.988851198000077,21.335819235000031],[39.988711627000043,21.336257132000071],[39.988991720000058,21.336336490000065],[39.989174580000054,21.336587355000063],[39.989186282000048,21.336599718000059],[39.989199719000055,21.336610423000025],[39.989214624000056,21.336619257000052],[39.989230704000079,21.336626047000038],[39.989506144000075,21.336683207000078],[39.989516810000055,21.336652369000035]]},"properties":{"OBJECTID":890,"camp_label":"9/56","Transport_mode":"النقل التقليدي","Street_Camp_MIN":"شارع 56","MAKARF":"طريق الطائف - مواقف حجاج البر بعرفات","Street_Camp_ARF":"طريق 54","Street_MIN_Exit":"طريق الجوهرة (56)","ASMARF":"الدائري الشرقي عرفات","ASM_CODE":"ASMARF3","block":"48","camp_type":"حجاج الخارج","block_ARF":"48","ARF_ZONE2":"مسار رقم 2","_length":16614,"MAKARFT1":null,"ARF_IN":null,"ARF_OUT":null,"Shape_Length":0.0079150236773518207}},{"type":"Feature","id":891,"geometry":{"type":"LineString","coordinates":[[39.94754269200007,21.33845289900006],[39.948686590000079,21.339902104000032],[39.95437045500006,21.342254175000051],[39.955214053000077,21.341746444000023],[39.95665136000008,21.340876285000036],[39.957739140000058,21.340217757000062],[39.958823771000027,21.339568923000058],[39.959897492000039,21.33975309300007],[39.962083822000068,21.340102003000027],[39.963354236000043,21.340281783000023],[39.964165537000042,21.340402728000072],[39.965538207000066,21.340588467000032],[39.969332081000061,21.341166655000052],[39.969949754000027,21.341233893000037],[39.97196415500008,21.341398955000045],[39.975204524000048,21.341657407000071],[39.977501105000044,21.34183405400006],[39.978269431000058,21.341953748000037],[39.978568372000041,21.342023475000076],[39.978865776000077,21.342098751000037],[39.979161524000062,21.342179549000036],[39.979455501000075,21.342265836000024],[39.979747590000045,21.34235757700003],[39.980037676000052,21.342454736000036],[39.980294342000036,21.342544596000039],[39.98032564500005,21.342557276000036],[39.980611383000053,21.342665155000077],[39.98089477700006,21.342778332000023],[39.983458300000052,21.343753415000037],[39.983664668000074,21.343863542000065],[39.983672493000029,21.343868018000023],[39.983866916000068,21.343979111000067],[39.98393958500003,21.344023380000067],[39.98406637800008,21.344100919000027],[39.984260000000063,21.344227000000046],[39.984452194000028,21.344360409000046],[39.984535313000038,21.344421497000042],[39.984820729000035,21.344641081000077],[39.984998100000041,21.344789048000052],[39.985338255000045,21.345099580000067],[39.985655614000052,21.345426085000042],[39.985809761000041,21.345599751000066],[39.985863786000039,21.345664514000077],[39.985953503000076,21.345771920000061],[39.985835277000035,21.345842350000055],[39.985233000000051,21.346201000000065],[39.984435273000031,21.346676344000059],[39.98364353900007,21.347147922000033],[39.983529844000032,21.347215667000057],[39.982744226000079,21.347683687000028],[39.982290258000035,21.347956751000027],[39.981888137000055,21.348198629000024],[39.981128150000075,21.34865618300006],[39.980161779000071,21.349238811000077],[39.978823420000026,21.350048058000027],[39.978347992000067,21.350335528000073],[39.97806242200005,21.350508175000073],[39.97549915500008,21.352057247000062],[39.975974609000048,21.352807311000049],[39.976142795000044,21.353078207000067],[39.975790299000039,21.353285279000033],[39.975580019000063,21.353401948000055],[39.974859798000068,21.353816260000031],[39.974834090000058,21.353776909000032]]},"properties":{"OBJECTID":891,"camp_label":"9/62","Transport_mode":"النقل التقليدي","Street_Camp_MIN":"شارع 62","MAKARF":"طريق الطائف - نفق الجامعة عرفات الأول - الدائري الأوسط","Street_Camp_ARF":"طريق 56","Street_MIN_Exit":"طريق الجوهرة (56)","ASMARF":"الدائري الأوسط 83","ASM_CODE":"ASMARF1","block":"41","camp_type":"حجاج الخارج","block_ARF":"41","ARF_ZONE2":"ARF3","_length":17368,"MAKARFT1":null,"ARF_IN":null,"ARF_OUT":null,"Shape_Length":0.056464012224554321}},{"type":"Feature","id":895,"geometry":{"type":"LineString","coordinates":[[39.967559644000062,21.327004457000044],[39.968701503000034,21.330313905000025],[39.969465807000063,21.334053084000061],[39.969210349000036,21.334102546000054],[39.968956457000047,21.334158640000055],[39.968704327000069,21.334221322000076],[39.968454153000039,21.334290546000034],[39.968206129000066,21.334366257000056],[39.967960447000053,21.334448396000028],[39.967717295000057,21.334536901000035],[39.967476863000059,21.334631702000024],[39.967239335000045,21.334732727000073],[39.967004895000059,21.334839898000041],[39.96654600200003,21.335072340000067],[39.96632190300005,21.335197433000076],[39.959026325000025,21.339603667000063],[39.960991000000035,21.339928000000043],[39.963354236000043,21.340281783000023],[39.965538207000066,21.340588467000032],[39.969332000000065,21.341167000000041],[39.96995000000004,21.341234000000043],[39.97196415500008,21.341398955000045],[39.975204524000048,21.341657407000071],[39.975453354000081,21.341676548000066],[39.975926350000066,21.341712932000064],[39.976439504000041,21.341752403000044],[39.97699300000005,21.341795000000047],[39.977327000000059,21.341821000000039],[39.977501105000044,21.34183405400006],[39.978269431000058,21.341953748000037],[39.978564000000063,21.342022000000043],[39.979147775000058,21.342175660000066],[39.979595509000035,21.342309056000033],[39.980244589000051,21.342527792000055],[39.980294342000036,21.342544596000039],[39.980314471000042,21.342586012000027],[39.980328010000051,21.342628481000077],[39.980334753000079,21.342672353000069],[39.980334553000034,21.342716676000066],[39.980327415000033,21.342760493000071],[39.98031349200005,21.34280285400007],[39.980293000000074,21.342843000000073],[39.980266641000071,21.342879596000046],[39.980234726000049,21.342912315000035],[39.980198032000033,21.342940295000062],[39.979253608000079,21.343506618000049],[39.979172948000041,21.343554985000026],[39.976974718000065,21.344873115000041],[39.974874026000066,21.346132709000074],[39.974698662000037,21.346237856000073],[39.974664000000075,21.346259000000032],[39.974140000000034,21.346576000000027],[39.973585984000067,21.346911591000037],[39.973290549000069,21.347094330000061],[39.972408193000035,21.347624963000044],[39.971381291000057,21.348246932000052],[39.970145548000062,21.34899949000004],[39.969728417000056,21.348384077000048],[39.96978396600008,21.348350285000038]]},"properties":{"OBJECTID":895,"camp_label":"B/62","Transport_mode":"النقل التقليدي","Street_Camp_MIN":"شارع 62","MAKARF":"طريق الطائف - جسر الجامعة عرفات الثاني - الدائري الشرقي","Street_Camp_ARF":"طريق 50","Street_MIN_Exit":"طريق الجوهرة (56)","ASMARF":"الدائري الشرقي عرفات","ASM_CODE":"ASMARF2","block":"7-14","camp_type":"حجاج الخارج","block_ARF":"7-14","ARF_ZONE2":null,"_length":15829,"MAKARFT1":null,"ARF_IN":null,"ARF_OUT":null,"Shape_Length":0.053707415357863345}},{"type":"Feature","id":897,"geometry":{"type":"LineString","coordinates":[[39.94754269200007,21.33845289900006],[39.948686590000079,21.339902104000032],[39.95437045500006,21.342254175000051],[39.955214053000077,21.341746444000023],[39.95665136000008,21.340876285000036],[39.957739140000058,21.340217757000062],[39.958823771000027,21.339568923000058],[39.960442163000039,21.338577470000075],[39.962677939000059,21.337227900000073],[39.963674408000031,21.336629292000055],[39.965102309000031,21.335764582000024],[39.966452691000029,21.334973297000033],[39.967387416000065,21.334537778000026],[39.968147388000034,21.334252954000078],[39.968538309000053,21.334134651000056],[39.969056085000034,21.33399937400003],[39.969441523000057,21.333916960000067],[39.970409320000044,21.333797324000045],[39.971279505000041,21.333759134000047],[39.972151085000064,21.333794204000071],[39.973522413000069,21.333893175000071],[39.976147974000071,21.334090063000076],[39.977602365000052,21.334224284000072],[39.979497907000052,21.334478962000048],[39.981905452000035,21.334827834000066],[39.982791503000044,21.334956225000042],[39.984311741000056,21.335168384000042],[39.988851198000077,21.335819235000031],[39.989595674000043,21.335976746000028],[39.989913331000025,21.336059639000041],[39.990074634000052,21.336108697000043],[39.990594525000063,21.336279122000064],[39.99105174400006,21.336456535000025],[39.991601720000062,21.336694369000043],[39.991792514000053,21.33678833700003],[39.992351202000066,21.337087992000022],[39.992804592000027,21.337365677000037],[39.99309629000004,21.337567412000055],[39.993452297000033,21.337824367000053],[39.994206700000063,21.33846101000006],[39.994472922000057,21.338717325000061],[39.994792016000076,21.339050093000026],[39.995042147000049,21.339336876000061],[39.995392021000043,21.339778528000068],[39.995651810000027,21.34014140000005],[39.995958320000057,21.34061009900006],[39.996381353000061,21.341357596000023],[39.996698020000053,21.342059065000058],[39.996976540000048,21.342841210000074],[39.997211230000062,21.34376932400005],[39.997252959000036,21.344040429000074],[39.997339835000048,21.344604835000041],[39.997337702000038,21.344635206000078],[39.997334698000031,21.344645613000068],[39.997327512000027,21.344654809000076],[39.997310216000074,21.344673909000051],[39.997252113000059,21.34472491300005],[39.997191895000071,21.344767832000059],[39.997140123000065,21.344798063000042],[39.996649712000078,21.34509171600007],[39.996160563000046,21.345396685000026],[39.995619392000037,21.345732669000029],[39.99477203500004,21.346252186000072],[39.993932314000062,21.34677982200003],[39.993200467000065,21.347233577000054],[39.992443997000066,21.347703152000065],[39.991488313000048,21.34829056600006],[39.99033677500006,21.34901265600007],[39.989335598000025,21.34962766700005],[39.988731235000046,21.349993709000046],[39.988162524000074,21.350294986000051],[39.985186054000053,21.351683482000055],[39.98290570000006,21.352742626000065],[39.982850790000043,21.35276454600006],[39.982793559000072,21.35278042300007],[39.982734762000064,21.352790049000077],[39.982675175000054,21.352793296000073],[39.98261558300004,21.352790122000044],[39.982556773000056,21.352780568000071],[39.982499520000033,21.35276476100006],[39.98244457900006,21.352742908000039],[39.982392675000028,21.352715299000067],[39.982344492000038,21.352682297000058],[39.982300666000071,21.352644337000072],[39.98226177500004,21.35260192100003],[39.982228331000044,21.352555607000056],[39.981922371000053,21.352070821000041],[39.981105613000068,21.350782891000051],[39.980941647000066,21.350883165000027]]},"properties":{"OBJECTID":897,"camp_label":"43/204","Transport_mode":"النقل التقليدي","Street_Camp_MIN":"شارع 204","MAKARF":"طريق الطائف - نفق الجامعة عرفات الأول - الدائري الأوسط","Street_Camp_ARF":"شارع 510","Street_MIN_Exit":"طريق الجوهرة (56)","ASMARF":"الدائري الغربي عرفات","ASM_CODE":"ASMARF1","block":"36","camp_type":"حجاج الخارج","block_ARF":"36","ARF_ZONE2":"","_length":20533,"MAKARFT1":null,"ARF_IN":null,"ARF_OUT":null,"Shape_Length":0.077602003433478353}},{"type":"Feature","id":898,"geometry":{"type":"LineString","coordinates":[[40.00517823000007,21.328710576000049],[40.001738069000055,21.330411155000036],[39.999634566000054,21.331432715000062],[39.997618553000052,21.332540480000034],[39.996834841000066,21.333015973000045],[39.995822902000043,21.333517219000043],[39.994872963000034,21.334088969000049],[39.99424463400004,21.334544582000035],[39.993634172000043,21.33507762000005],[39.991938696000034,21.336478406000026],[39.991492396000069,21.336790116000032],[39.990670257000033,21.337407892000044],[39.989441315000079,21.338335753000024],[39.989303191000033,21.338441866000039],[39.989046706000067,21.33864668700005],[39.988781688000074,21.33886601100005],[39.988465451000025,21.339138481000077],[39.988205200000039,21.339372234000052],[39.988013132000049,21.339550902000042],[39.987766069000031,21.339787913000066],[39.987434000000064,21.340121000000067],[39.98719189500008,21.340374422000025],[39.986825655000075,21.340777374000027],[39.986482516000081,21.341149893000022],[39.98613415300008,21.341518133000022],[39.985780625000075,21.341882027000054],[39.985331676000044,21.342329684000049],[39.985058327000047,21.342596529000048],[39.984689682000067,21.342947012000025],[39.984316125000078,21.343292901000041],[39.983937721000075,21.343634136000048],[39.983672493000029,21.343868018000023],[39.983866915000078,21.343979112000056],[39.984065634000046,21.344100449000052],[39.984260389000042,21.344227302000036],[39.984451005000039,21.344359558000065],[39.984637313000064,21.344497098000033],[39.984819145000074,21.34463979800006],[39.984998100000041,21.344789048000052],[39.98516873300008,21.344940166000072],[39.985336176000033,21.34509756500006],[39.985338255000045,21.345099580000067],[39.985498518000043,21.345259587000044],[39.985500716000047,21.345261848000064],[39.985655613000063,21.345426086000032],[39.985809761000041,21.345599751000066],[39.985953503000076,21.345771920000061],[39.985835277000035,21.345842350000055],[39.985232733000032,21.346201292000046],[39.984435273000031,21.346676344000059],[39.982744226000079,21.347683687000028],[39.981885601000045,21.34820015400004],[39.981128150000075,21.34865618300006],[39.980161779000071,21.349238811000077],[39.978144788000066,21.350458397000068],[39.97806242200005,21.350508175000073],[39.97773426200007,21.350706498000022],[39.97549915500008,21.352057247000062],[39.975006447000055,21.352355001000035],[39.974513735000073,21.352652753000029],[39.973325196000076,21.353363586000057],[39.973303374000068,21.35338119100004],[39.973285066000074,21.353402015000029],[39.973270803000048,21.353425452000067],[39.973261001000026,21.353450819000045],[39.973255946000052,21.353477378000036],[39.97325578400006,21.35350435600003],[39.973260521000043,21.353530966000051],[39.973270018000051,21.35355643500003],[39.973283999000046,21.353580020000038],[39.97375554000007,21.354295040000068],[39.973766433000037,21.354318362000072],[39.97377321700003,21.354343012000072],[39.97377571800007,21.35436836100007],[39.973773874000074,21.354393758000072],[39.973767729000031,21.354418555000052],[39.973757443000068,21.354442118000065],[39.973344823000048,21.354678980000074],[39.972496799000055,21.355165606000071],[39.972463269000059,21.355121273000066]]},"properties":{"OBJECTID":898,"camp_label":"3/204","Transport_mode":"النقل التقليدي","Street_Camp_MIN":"شارع 204","MAKARF":"طريق الطائف - طريق صاد - الدائري الشرقي","Street_Camp_ARF":"طريق 56","Street_MIN_Exit":"طريق الجوهرة (56)","ASMARF":"الدائري الغربي عرفات","ASM_CODE":"ASMARF4","block":"29","camp_type":"حجاج الخارج","block_ARF":"29","ARF_ZONE2":"ARF NODE 30","_length":18422,"MAKARFT1":1265.5,"ARF_IN":null,"ARF_OUT":null,"Shape_Length":0.047019974204193543}},{"type":"Feature","id":899,"geometry":{"type":"LineString","coordinates":[[39.990743021000071,21.329642170000056],[39.990451545000042,21.330835190000073],[39.989611008000054,21.333919417000061],[39.988851198000077,21.335819235000031],[39.989595674000043,21.335976746000028],[39.989913331000025,21.336059639000041],[39.990074634000052,21.336108697000043],[39.990594525000063,21.336279122000064],[39.99105174400006,21.336456535000025],[39.991471697000065,21.336638142000027],[39.991601720000062,21.336694369000043],[39.991792512000075,21.336788336000041],[39.992351202000066,21.337087992000022],[39.992804592000027,21.337365677000037],[39.99309629000004,21.337567412000055],[39.993452297000033,21.337824367000053],[39.99365896200004,21.337998774000027],[39.993671273000075,21.338009163000038],[39.99368718900007,21.338027052000029],[39.993709859000035,21.33805942500004],[39.993726308000078,21.338094944000034],[39.993736055000056,21.338132570000027],[39.993738814000039,21.338171202000069],[39.993733165000037,21.338215780000041],[39.993723252000052,21.338246964000064],[39.993705387000034,21.338281877000043],[39.993681432000074,21.33831342700006],[39.993652087000044,21.338340690000052],[39.993556083000044,21.338436218000027],[39.993461530000047,21.338522392000073],[39.993455359000052,21.338527379000027],[39.993350140000075,21.33861397000004],[39.993240663000051,21.338695796000025],[39.993127172000072,21.338772672000061],[39.993009924000035,21.338844428000073],[39.992783036000048,21.338980023000033],[39.992720938000048,21.339013927000053],[39.992656138000029,21.339043054000058],[39.992589051000039,21.339067215000057],[39.992520111000033,21.33908625600003],[39.992449763000025,21.339100052000049],[39.992390191000027,21.339119094000068],[39.992333216000077,21.339144161000036],[39.992279530000076,21.33917494800005],[39.992229786000053,21.339211082000077],[39.992099411000027,21.339288565000061],[39.991965776000029,21.339361010000061],[39.991829103000043,21.339428296000051],[39.991689619000056,21.339490313000056],[39.991547555000068,21.339546957000039],[39.991403148000074,21.339598133000038],[39.991362239000068,21.339608388000045],[39.991373000000067,21.339637000000039]]},"properties":{"OBJECTID":899,"camp_label":"14/643","Transport_mode":"النقل التقليدي","Street_Camp_MIN":"شارع 56","MAKARF":"طريق الطائف - مواقف حجاج البر بعرفات","Street_Camp_ARF":"طريق 54","Street_MIN_Exit":"طريق الجوهرة (56)","ASMARF":"الدائري الشرقي عرفات","ASM_CODE":"ASMARF3","block":"48","camp_type":"حجاج الخارج","block_ARF":"48","ARF_ZONE2":"ARF ZONE 1","_length":17337,"MAKARFT1":null,"ARF_IN":null,"ARF_OUT":null,"Shape_Length":0.014875972387182584}},{"type":"Feature","id":1105,"geometry":{"type":"LineString","coordinates":[[39.94754269200007,21.33845289900006],[39.947882922000076,21.339012342000046],[39.94806738300008,21.33931715600005],[39.948252810000042,21.339560423000023],[39.948387074000038,21.339683809000064],[39.948537936000037,21.339801633000036],[39.948686590000079,21.339902104000032],[39.948875346000079,21.339993251000067],[39.949350837000054,21.340210389000049],[39.949867232000031,21.34042755300004],[39.950523626000063,21.340707680000037],[39.951483967000058,21.341119548000052],[39.95262288400005,21.341608852000036],[39.953384264000078,21.341944678000061],[39.953817981000043,21.342131661000053],[39.95408722600007,21.342220962000056],[39.95437045500006,21.342254175000051],[39.955214053000077,21.341746444000023],[39.95665136000008,21.340876285000036],[39.957739140000058,21.340217757000062],[39.958823771000027,21.339568923000058],[39.959897492000039,21.33975309300007],[39.960990657000025,21.339927552000063],[39.962083822000068,21.340102003000027],[39.963354236000043,21.340281783000023],[39.964165537000042,21.340402728000072],[39.965538207000066,21.340588467000032],[39.969332081000061,21.341166655000052],[39.969949754000027,21.341233893000037],[39.97196415500008,21.341398955000045],[39.975204524000048,21.341657407000071],[39.975453354000081,21.341676548000066],[39.974133824000035,21.342484467000077],[39.974357711000039,21.342802760000041],[39.974551963000067,21.343078922000075],[39.974748797000075,21.343358751000039],[39.97485415500006,21.343516154000042],[39.974886360000028,21.343498966000027],[39.974921272000074,21.343548089000024],[39.974974897000038,21.343511828000032]]},"properties":{"OBJECTID":1105,"camp_label":"8/639","Transport_mode":"النقل التقليدي","Street_Camp_MIN":"شارع 639","MAKARF":"طريق الطائف - نفق الجامعة عرفات الأول - الدائري الأوسط","Street_Camp_ARF":"طريق 50","Street_MIN_Exit":"طريق الملك خالد - المعيصم","ASMARF":"الدائري الأوسط 83","ASM_CODE":"ASMARF1","block":"35E","camp_type":"حجاج الداخل","block_ARF":"35E","ARF_ZONE2":"ARF Zone 4","_length":24104,"MAKARFT1":null,"ARF_IN":50,"ARF_OUT":50,"Shape_Length":0.032973741860554684}},{"type":"Feature","id":1106,"geometry":{"type":"LineString","coordinates":[[39.94754269200007,21.33845289900006],[39.947882922000076,21.339012342000046],[39.94806738300008,21.33931715600005],[39.948252810000042,21.339560423000023],[39.948387074000038,21.339683809000064],[39.948537936000037,21.339801633000036],[39.948686590000079,21.339902104000032],[39.948875346000079,21.339993251000067],[39.949350837000054,21.340210389000049],[39.949867232000031,21.34042755300004],[39.950523626000063,21.340707680000037],[39.951483967000058,21.341119548000052],[39.95262288400005,21.341608852000036],[39.953384264000078,21.341944678000061],[39.953817981000043,21.342131661000053],[39.95408722600007,21.342220962000056],[39.95437045500006,21.342254175000051],[39.955214053000077,21.341746444000023],[39.95665136000008,21.340876285000036],[39.957739140000058,21.340217757000062],[39.958823771000027,21.339568923000058],[39.959897492000039,21.33975309300007],[39.960990657000025,21.339927552000063],[39.962083822000068,21.340102003000027],[39.963354236000043,21.340281783000023],[39.964165537000042,21.340402728000072],[39.965538207000066,21.340588467000032],[39.969332081000061,21.341166655000052],[39.969949754000027,21.341233893000037],[39.97196415500008,21.341398955000045],[39.975204524000048,21.341657407000071],[39.975453354000081,21.341676548000066],[39.974133824000035,21.342484467000077],[39.974357711000039,21.342802760000041],[39.974534795000068,21.343054515000063],[39.974611386000049,21.34300184600005]]},"properties":{"OBJECTID":1106,"camp_label":"2/639","Transport_mode":"النقل التقليدي","Street_Camp_MIN":"شارع 639","MAKARF":"طريق الطائف - نفق الجامعة عرفات الأول - الدائري الأوسط","Street_Camp_ARF":"طريق 50","Street_MIN_Exit":"طريق الملك خالد - المعيصم","ASMARF":"الدائري الأوسط 83","ASM_CODE":"ASMARF1","block":"35E","camp_type":"حجاج الداخل","block_ARF":"35E","ARF_ZONE2":"ARF Zone 4","_length":24104,"MAKARFT1":null,"ARF_IN":50,"ARF_OUT":50,"Shape_Length":0.03234381790678597}},{"type":"Feature","id":1107,"geometry":{"type":"LineString","coordinates":[[39.94754269200007,21.33845289900006],[39.947882922000076,21.339012342000046],[39.94806738300008,21.33931715600005],[39.948252810000042,21.339560423000023],[39.948387074000038,21.339683809000064],[39.948537936000037,21.339801633000036],[39.948686590000079,21.339902104000032],[39.948875346000079,21.339993251000067],[39.949350837000054,21.340210389000049],[39.949867232000031,21.34042755300004],[39.950523626000063,21.340707680000037],[39.951483967000058,21.341119548000052],[39.95262288400005,21.341608852000036],[39.953384264000078,21.341944678000061],[39.953817981000043,21.342131661000053],[39.95408722600007,21.342220962000056],[39.95437045500006,21.342254175000051],[39.955214053000077,21.341746444000023],[39.95665136000008,21.340876285000036],[39.957739140000058,21.340217757000062],[39.958823771000027,21.339568923000058],[39.959897492000039,21.33975309300007],[39.960990657000025,21.339927552000063],[39.962083822000068,21.340102003000027],[39.963354236000043,21.340281783000023],[39.964165537000042,21.340402728000072],[39.965538207000066,21.340588467000032],[39.969332081000061,21.341166655000052],[39.969949754000027,21.341233893000037],[39.97196415500008,21.341398955000045],[39.975204524000048,21.341657407000071],[39.975453354000081,21.341676548000066],[39.976439504000041,21.341752403000044],[39.976811903000055,21.341781043000026],[39.977501105000044,21.34183405400006],[39.978269431000058,21.341953748000037],[39.978568372000041,21.342023475000076],[39.979147775000058,21.342175660000066],[39.979437493000034,21.342260158000045],[39.979595509000035,21.342309056000033],[39.980037676000052,21.342454736000036],[39.980294342000036,21.342544596000039],[39.980314471000042,21.342586012000027],[39.980328010000051,21.342628481000077],[39.980334753000079,21.342672353000069],[39.980334553000034,21.342716676000066],[39.980327415000033,21.342760493000071],[39.98031349200005,21.34280285400007],[39.980293087000064,21.342842843000028],[39.980266641000071,21.342879596000046],[39.980234726000049,21.342912315000035],[39.980198032000033,21.342940295000062],[39.97700327900003,21.344855964000033],[39.976317575000053,21.343828173000077],[39.975944136000066,21.343271203000029],[39.975870601000054,21.34331779300004]]},"properties":{"OBJECTID":1107,"camp_label":"6/639","Transport_mode":"النقل التقليدي","Street_Camp_MIN":"شارع 639","MAKARF":"طريق الطائف - نفق الجامعة عرفات الأول - الدائري الأوسط","Street_Camp_ARF":"طريق 50","Street_MIN_Exit":"طريق الملك خالد - المعيصم","ASMARF":"الدائري الأوسط 83","ASM_CODE":"ASMARF1","block":"31B","camp_type":"حجاج الداخل","block_ARF":"31B","ARF_ZONE2":null,"_length":23569,"MAKARFT1":null,"ARF_IN":null,"ARF_OUT":null,"Shape_Length":0.04111738674802886}},{"type":"Feature","id":1108,"geometry":{"type":"LineString","coordinates":[[39.94754269200007,21.33845289900006],[39.947882922000076,21.339012342000046],[39.94806738300008,21.33931715600005],[39.948252810000042,21.339560423000023],[39.948387074000038,21.339683809000064],[39.948537936000037,21.339801633000036],[39.948686590000079,21.339902104000032],[39.948875346000079,21.339993251000067],[39.949350837000054,21.340210389000049],[39.949867232000031,21.34042755300004],[39.950523626000063,21.340707680000037],[39.951483967000058,21.341119548000052],[39.95262288400005,21.341608852000036],[39.953384264000078,21.341944678000061],[39.953817981000043,21.342131661000053],[39.95408722600007,21.342220962000056],[39.95437045500006,21.342254175000051],[39.955214053000077,21.341746444000023],[39.95665136000008,21.340876285000036],[39.957739140000058,21.340217757000062],[39.958823771000027,21.339568923000058],[39.959897492000039,21.33975309300007],[39.960990657000025,21.339927552000063],[39.962083822000068,21.340102003000027],[39.963354236000043,21.340281783000023],[39.964165537000042,21.340402728000072],[39.965538207000066,21.340588467000032],[39.969332081000061,21.341166655000052],[39.969949754000027,21.341233893000037],[39.97196415500008,21.341398955000045],[39.975204524000048,21.341657407000071],[39.975453354000081,21.341676548000066],[39.976439504000041,21.341752403000044],[39.976811903000055,21.341781043000026],[39.977501105000044,21.34183405400006],[39.978269431000058,21.341953748000037],[39.978568372000041,21.342023475000076],[39.979147775000058,21.342175660000066],[39.979437493000034,21.342260158000045],[39.979595509000035,21.342309056000033],[39.980037676000052,21.342454736000036],[39.980294342000036,21.342544596000039],[39.980314471000042,21.342586012000027],[39.980328010000051,21.342628481000077],[39.980334753000079,21.342672353000069],[39.980334553000034,21.342716676000066],[39.980327415000033,21.342760493000071],[39.98031349200005,21.34280285400007],[39.980293087000064,21.342842843000028],[39.980266641000071,21.342879596000046],[39.980234726000049,21.342912315000035],[39.980198032000033,21.342940295000062],[39.97700327900003,21.344855964000033],[39.976317575000053,21.343828173000077],[39.97592325200003,21.34324005600007],[39.975969358000043,21.343210786000043]]},"properties":{"OBJECTID":1108,"camp_label":"7/656","Transport_mode":"النقل التقليدي","Street_Camp_MIN":"شارع 656","MAKARF":"طريق الطائف - نفق الجامعة عرفات الأول - الدائري الأوسط","Street_Camp_ARF":"طريق 50","Street_MIN_Exit":"طريق الملك خالد - المعيصم","ASMARF":"الدائري الأوسط 83","ASM_CODE":"ASMARF1","block":"31B","camp_type":"حجاج الداخل","block_ARF":"31B","ARF_ZONE2":null,"_length":23569,"MAKARFT1":null,"ARF_IN":null,"ARF_OUT":null,"Shape_Length":0.041122447494707615}},{"type":"Feature","id":1109,"geometry":{"type":"LineString","coordinates":[[39.94754269200007,21.33845289900006],[39.947882922000076,21.339012342000046],[39.94806738300008,21.33931715600005],[39.948252810000042,21.339560423000023],[39.948387074000038,21.339683809000064],[39.948537936000037,21.339801633000036],[39.948686590000079,21.339902104000032],[39.948875346000079,21.339993251000067],[39.949350837000054,21.340210389000049],[39.949867232000031,21.34042755300004],[39.950523626000063,21.340707680000037],[39.951483967000058,21.341119548000052],[39.95262288400005,21.341608852000036],[39.953384264000078,21.341944678000061],[39.953817981000043,21.342131661000053],[39.95408722600007,21.342220962000056],[39.95437045500006,21.342254175000051],[39.955214053000077,21.341746444000023],[39.95665136000008,21.340876285000036],[39.957739140000058,21.340217757000062],[39.958823771000027,21.339568923000058],[39.959897492000039,21.33975309300007],[39.960990657000025,21.339927552000063],[39.962083822000068,21.340102003000027],[39.963354236000043,21.340281783000023],[39.964165537000042,21.340402728000072],[39.965538207000066,21.340588467000032],[39.969332081000061,21.341166655000052],[39.969949754000027,21.341233893000037],[39.97196415500008,21.341398955000045],[39.975204524000048,21.341657407000071],[39.975453354000081,21.341676548000066],[39.976439504000041,21.341752403000044],[39.976811903000055,21.341781043000026],[39.977501105000044,21.34183405400006],[39.978269431000058,21.341953748000037],[39.978568372000041,21.342023475000076],[39.979147775000058,21.342175660000066],[39.979437493000034,21.342260158000045],[39.979595509000035,21.342309056000033],[39.980037676000052,21.342454736000036],[39.980294342000036,21.342544596000039],[39.980314471000042,21.342586012000027],[39.980328010000051,21.342628481000077],[39.980334753000079,21.342672353000069],[39.980334553000034,21.342716676000066],[39.980327415000033,21.342760493000071],[39.98031349200005,21.34280285400007],[39.980293087000064,21.342842843000028],[39.980266641000071,21.342879596000046],[39.980234726000049,21.342912315000035],[39.980198032000033,21.342940295000062],[39.97700327900003,21.344855964000033],[39.976317575000053,21.343828173000077],[39.975767791000067,21.34300819200007],[39.975653186000045,21.342832934000057],[39.975693786000079,21.342806664000022]]},"properties":{"OBJECTID":1109,"camp_label":"16/ؤ","Transport_mode":"النقل التقليدي","Street_Camp_MIN":"شارع 608","MAKARF":"طريق الطائف - نفق الجامعة عرفات الأول - الدائري الأوسط","Street_Camp_ARF":"طريق 50","Street_MIN_Exit":"طريق الملك خالد - المعيصم","ASMARF":"الدائري الأوسط 83","ASM_CODE":"ASMARF1","block":"31B","camp_type":"حجاج الداخل","block_ARF":"31B","ARF_ZONE2":null,"_length":23569,"MAKARFT1":null,"ARF_IN":null,"ARF_OUT":null,"Shape_Length":0.041604753881874852}},{"type":"Feature","id":1110,"geometry":{"type":"LineString","coordinates":[[40.00517823000007,21.328710576000049],[40.001738069000055,21.330411155000036],[39.999634566000054,21.331432715000062],[39.997618553000052,21.332540480000034],[39.996834841000066,21.333015973000045],[39.995822902000043,21.333517219000043],[39.994872963000034,21.334088969000049],[39.99424463400004,21.334544582000035],[39.993634172000043,21.33507762000005],[39.991938696000034,21.336478406000026],[39.991479009000045,21.336798733000023],[39.990670257000033,21.337407892000044],[39.989589453000065,21.338221947000022],[39.989405685000065,21.338363126000047],[39.989303191000033,21.338441866000039],[39.989046706000067,21.33864668700005],[39.988781688000074,21.33886601100005],[39.988465451000025,21.339138481000077],[39.988205200000039,21.339372234000052],[39.988013132000049,21.339550902000042],[39.98794298100006,21.339617063000048],[39.987766069000031,21.339787913000066],[39.987685873000032,21.339866604000065],[39.987451299000043,21.340103285000055],[39.987434000000064,21.340121000000067],[39.98719189500008,21.340374422000025],[39.987053422000031,21.340523963000066],[39.986825655000075,21.340777374000027],[39.986482516000081,21.341149893000022],[39.98613415300008,21.341518133000022],[39.985780625000075,21.341882027000054],[39.985421996000071,21.342241514000023],[39.985331676000044,21.342329684000049],[39.985058327000047,21.342596529000048],[39.984689682000067,21.342947012000025],[39.984316125000078,21.343292901000041],[39.983937721000075,21.343634136000048],[39.983672493000029,21.343868018000023],[39.983554537000032,21.343970657000057],[39.982372369000075,21.344858612000053],[39.978670087000069,21.347191870000074],[39.978108840000061,21.346402318000059],[39.977702362000059,21.345805509000058],[39.977328879000027,21.34603071600003],[39.976896698000076,21.34629129800004],[39.976146336000056,21.34671839400005],[39.976087538000058,21.346618665000051]]},"properties":{"OBJECTID":1110,"camp_label":"1/637","Transport_mode":"النقل التقليدي","Street_Camp_MIN":"شارع 637","MAKARF":"طريق الطائف - طريق صاد - الدائري الشرقي","Street_Camp_ARF":"طريق 91","Street_MIN_Exit":"طريق الملك فهد (68 )","ASMARF":"الدائري الشرقي عرفات","ASM_CODE":"ASMARF4","block":"39A","camp_type":"حجاج الخارج","block_ARF":"39A","ARF_ZONE2":"ARF ZONE 13","_length":25840,"MAKARFT1":801,"ARF_IN":62,"ARF_OUT":62,"Shape_Length":0.03615266130862136}},{"type":"Feature","id":1111,"geometry":{"type":"LineString","coordinates":[[40.00517823000007,21.328710576000049],[40.001738069000055,21.330411155000036],[39.999634566000054,21.331432715000062],[39.997618553000052,21.332540480000034],[39.996834841000066,21.333015973000045],[39.995822902000043,21.333517219000043],[39.994872963000034,21.334088969000049],[39.99424463400004,21.334544582000035],[39.993634172000043,21.33507762000005],[39.991938696000034,21.336478406000026],[39.991479009000045,21.336798733000023],[39.990670257000033,21.337407892000044],[39.989589453000065,21.338221947000022],[39.989405685000065,21.338363126000047],[39.989303191000033,21.338441866000039],[39.989046706000067,21.33864668700005],[39.988781688000074,21.33886601100005],[39.988465451000025,21.339138481000077],[39.988205200000039,21.339372234000052],[39.988013132000049,21.339550902000042],[39.98794298100006,21.339617063000048],[39.987766069000031,21.339787913000066],[39.987685873000032,21.339866604000065],[39.987451299000043,21.340103285000055],[39.987434000000064,21.340121000000067],[39.98719189500008,21.340374422000025],[39.987053422000031,21.340523963000066],[39.986825655000075,21.340777374000027],[39.986482516000081,21.341149893000022],[39.98613415300008,21.341518133000022],[39.985780625000075,21.341882027000054],[39.985421996000071,21.342241514000023],[39.985331676000044,21.342329684000049],[39.985058327000047,21.342596529000048],[39.984689682000067,21.342947012000025],[39.984316125000078,21.343292901000041],[39.983937721000075,21.343634136000048],[39.983672493000029,21.343868018000023],[39.983554537000032,21.343970657000057],[39.982372369000075,21.344858612000053],[39.978670087000069,21.347191870000074],[39.978108840000061,21.346402318000059],[39.978151499000035,21.346377618000076]]},"properties":{"OBJECTID":1111,"camp_label":"3/616","Transport_mode":"النقل التقليدي","Street_Camp_MIN":"شارع 616","MAKARF":"طريق الطائف - طريق صاد - الدائري الشرقي","Street_Camp_ARF":"طريق 91","Street_MIN_Exit":"طريق الملك فهد (68 )","ASMARF":"الدائري الشرقي عرفات","ASM_CODE":"ASMARF4","block":"39A","camp_type":"حجاج الخارج","block_ARF":"39A","ARF_ZONE2":"ARF ZONE 13","_length":25840,"MAKARFT1":801,"ARF_IN":62,"ARF_OUT":62,"Shape_Length":0.03355991278516323}},{"type":"Feature","id":1112,"geometry":{"type":"LineString","coordinates":[[40.00517823000007,21.328710576000049],[40.001738069000055,21.330411155000036],[39.999634566000054,21.331432715000062],[39.997618553000052,21.332540480000034],[39.996834841000066,21.333015973000045],[39.995822902000043,21.333517219000043],[39.994872963000034,21.334088969000049],[39.99424463400004,21.334544582000035],[39.993634172000043,21.33507762000005],[39.991938696000034,21.336478406000026],[39.991479009000045,21.336798733000023],[39.990670257000033,21.337407892000044],[39.989589453000065,21.338221947000022],[39.989405685000065,21.338363126000047],[39.989303191000033,21.338441866000039],[39.989046706000067,21.33864668700005],[39.988781688000074,21.33886601100005],[39.988465451000025,21.339138481000077],[39.988205200000039,21.339372234000052],[39.988013132000049,21.339550902000042],[39.98794298100006,21.339617063000048],[39.987766069000031,21.339787913000066],[39.987685873000032,21.339866604000065],[39.987451299000043,21.340103285000055],[39.987434000000064,21.340121000000067],[39.98719189500008,21.340374422000025],[39.987053422000031,21.340523963000066],[39.986825655000075,21.340777374000027],[39.986482516000081,21.341149893000022],[39.98613415300008,21.341518133000022],[39.985780625000075,21.341882027000054],[39.985421996000071,21.342241514000023],[39.985331676000044,21.342329684000049],[39.985058327000047,21.342596529000048],[39.984689682000067,21.342947012000025],[39.984316125000078,21.343292901000041],[39.983937721000075,21.343634136000048],[39.983672493000029,21.343868018000023],[39.983554537000032,21.343970657000057],[39.982372369000075,21.344858612000053],[39.979513755000028,21.346659102000046],[39.979431389000069,21.346547957000041]]},"properties":{"OBJECTID":1112,"camp_label":"5/616","Transport_mode":"النقل التقليدي","Street_Camp_MIN":"شارع 616","MAKARF":"طريق الطائف - طريق صاد - الدائري الشرقي","Street_Camp_ARF":"طريق 91","Street_MIN_Exit":"طريق الملك فهد (68 )","ASMARF":"الدائري الشرقي عرفات","ASM_CODE":"ASMARF4","block":"39A","camp_type":"حجاج الخارج","block_ARF":"39A","ARF_ZONE2":"ARF ZONE 13","_length":25840,"MAKARFT1":801,"ARF_IN":62,"ARF_OUT":62,"Shape_Length":0.031682445460948463}},{"type":"Feature","id":1113,"geometry":{"type":"LineString","coordinates":[[39.967559644000062,21.327004457000044],[39.967578091000064,21.327037485000062],[39.967578537000065,21.327038283000036],[39.96770568800008,21.327282506000074],[39.967770659000053,21.327413711000077],[39.967832212000076,21.327544264000039],[39.96790502500005,21.327700284000059],[39.968117881000069,21.328196809000076],[39.968214207000074,21.328460520000078],[39.968280636000031,21.328653065000026],[39.968321539000044,21.328768767000042],[39.968383609000057,21.328967263000038],[39.968430871000066,21.329139271000031],[39.968458883000039,21.329258612000046],[39.968548708000071,21.329609178000055],[39.968561854000029,21.329674373000046],[39.96863191500006,21.329984139000032],[39.968701503000034,21.330313905000025],[39.969136646000038,21.332426045000034],[39.969177875000071,21.332632126000078],[39.969261667000069,21.333021962000032],[39.969363442000031,21.333523420000063],[39.969441184000061,21.333917002000078],[39.970409320000044,21.333797324000045],[39.971279505000041,21.333759134000047],[39.972151085000064,21.333794204000071],[39.973522413000069,21.333893175000071],[39.976147974000071,21.334090063000076],[39.977602000000047,21.334224000000063],[39.978620627000055,21.334361124000054],[39.981905452000035,21.334827834000066],[39.982791503000044,21.334956225000042],[39.984311742000045,21.335168384000042],[39.979933780000067,21.338390607000065],[39.975453354000081,21.341676548000066],[39.976811903000055,21.341781043000026],[39.977501117000031,21.341834057000028],[39.978269431000058,21.341953748000037],[39.978568372000041,21.342023475000076],[39.979147775000058,21.342175660000066],[39.979595509000035,21.342309056000033],[39.980294342000036,21.342544596000039],[39.980314471000042,21.342586012000027],[39.980328000000043,21.342628000000047],[39.980334753000079,21.342672353000069],[39.980335000000025,21.34271700000005],[39.980327415000033,21.342760493000071],[39.98031349200005,21.34280285400007],[39.980293087000064,21.342842843000028],[39.980267000000026,21.342880000000036],[39.980234726000049,21.342912315000035],[39.980198032000033,21.342940295000062],[39.97700327900003,21.344855964000033],[39.974874026000066,21.346132709000074],[39.97414013000008,21.346575947000076],[39.973585984000067,21.346911591000037],[39.973311654000042,21.347077750000039],[39.971381291000057,21.348246932000052],[39.970725318000063,21.347332026000061],[39.97056604200003,21.347198417000072],[39.970377260000078,21.347051446000023],[39.970120099000042,21.34683958200003],[39.969991813000036,21.346697041000027],[39.969857192000063,21.34652440900004],[39.969676640000046,21.34629792800007],[39.969329792000053,21.346514906000039],[39.969302494000033,21.346473427000035]]},"properties":{"OBJECTID":1113,"camp_label":"2/504","Transport_mode":"النقل التقليدي","Street_Camp_MIN":"شارع 504","MAKARF":"طريق الطائف - جسر الجامعة عرفات الثاني - الدائري الشرقي","Street_Camp_ARF":"شارع 54","Street_MIN_Exit":"طريق الجوهرة 56 - الدائري الرابع","ASMARF":"الدائري الشرقي عرفات","ASM_CODE":"ASMARF2","block":"6-7","camp_type":"حجاج الخارج","block_ARF":"6-7","ARF_ZONE2":null,"_length":17217,"MAKARFT1":null,"ARF_IN":null,"ARF_OUT":null,"Shape_Length":0.051897852005897249}},{"type":"Feature","id":1114,"geometry":{"type":"LineString","coordinates":[[39.967559644000062,21.327004457000044],[39.967578091000064,21.327037485000062],[39.967578537000065,21.327038283000036],[39.96770568800008,21.327282506000074],[39.967770659000053,21.327413711000077],[39.967832212000076,21.327544264000039],[39.96790502500005,21.327700284000059],[39.968117881000069,21.328196809000076],[39.968214207000074,21.328460520000078],[39.968280636000031,21.328653065000026],[39.968321539000044,21.328768767000042],[39.968383609000057,21.328967263000038],[39.968430871000066,21.329139271000031],[39.968458883000039,21.329258612000046],[39.968548708000071,21.329609178000055],[39.968561854000029,21.329674373000046],[39.96863191500006,21.329984139000032],[39.968701503000034,21.330313905000025],[39.969136646000038,21.332426045000034],[39.969177875000071,21.332632126000078],[39.969261667000069,21.333021962000032],[39.969363442000031,21.333523420000063],[39.969441184000061,21.333917002000078],[39.970409320000044,21.333797324000045],[39.971279505000041,21.333759134000047],[39.972151085000064,21.333794204000071],[39.973522413000069,21.333893175000071],[39.976147974000071,21.334090063000076],[39.977602000000047,21.334224000000063],[39.978620627000055,21.334361124000054],[39.981905452000035,21.334827834000066],[39.982791503000044,21.334956225000042],[39.984311742000045,21.335168384000042],[39.979933780000067,21.338390607000065],[39.975453354000081,21.341676548000066],[39.976811903000055,21.341781043000026],[39.977501117000031,21.341834057000028],[39.978269431000058,21.341953748000037],[39.978568372000041,21.342023475000076],[39.979147775000058,21.342175660000066],[39.979595509000035,21.342309056000033],[39.980294342000036,21.342544596000039],[39.980314471000042,21.342586012000027],[39.980328000000043,21.342628000000047],[39.980334753000079,21.342672353000069],[39.980335000000025,21.34271700000005],[39.980327415000033,21.342760493000071],[39.98031349200005,21.34280285400007],[39.980293087000064,21.342842843000028],[39.980267000000026,21.342880000000036],[39.980234726000049,21.342912315000035],[39.980198032000033,21.342940295000062],[39.97700327900003,21.344855964000033],[39.974874026000066,21.346132709000074],[39.97414013000008,21.346575947000076],[39.973585984000067,21.346911591000037],[39.973311654000042,21.347077750000039],[39.971381291000057,21.348246932000052],[39.970725318000063,21.347332026000061],[39.97056604200003,21.347198417000072],[39.970377260000078,21.347051446000023],[39.970120099000042,21.34683958200003],[39.969991813000036,21.346697041000027],[39.969857192000063,21.34652440900004],[39.969956574000037,21.346459654000057]]},"properties":{"OBJECTID":1114,"camp_label":"5/656","Transport_mode":"النقل التقليدي","Street_Camp_MIN":"شارع 656","MAKARF":"طريق الطائف - جسر الجامعة عرفات الثاني - الدائري الشرقي","Street_Camp_ARF":"شارع 54","Street_MIN_Exit":"طريق الجوهرة 56 - الدائري الرابع","ASMARF":"الدائري الشرقي عرفات","ASM_CODE":"ASMARF2","block":"6-7","camp_type":"حجاج الخارج","block_ARF":"6-7","ARF_ZONE2":null,"_length":17217,"MAKARFT1":null,"ARF_IN":null,"ARF_OUT":null,"Shape_Length":0.05126804633500031}},{"type":"Feature","id":1115,"geometry":{"type":"LineString","coordinates":[[39.967559644000062,21.327004457000044],[39.967578537000065,21.327038283000036],[39.96764752200005,21.327170784000032],[39.96770568800008,21.327282506000074],[39.967770659000053,21.327413711000077],[39.967832212000076,21.327544264000039],[39.96790502500005,21.327700284000059],[39.968107109000073,21.328171681000072],[39.968214207000074,21.328460520000078],[39.968280636000031,21.328653065000026],[39.968321539000044,21.328768767000042],[39.968383609000057,21.328967263000038],[39.968458883000039,21.329258612000046],[39.968548708000071,21.329609178000055],[39.968561854000029,21.329674373000046],[39.96863191500006,21.329984139000032],[39.968701503000034,21.330313905000025],[39.969136646000038,21.332426045000034],[39.969177875000071,21.332632126000078],[39.969261667000069,21.333021962000032],[39.969465807000063,21.334053084000061],[39.969210349000036,21.334102546000054],[39.968956457000047,21.334158640000055],[39.968704327000069,21.334221322000076],[39.968454153000039,21.334290546000034],[39.968206129000066,21.334366257000056],[39.967960447000053,21.334448396000028],[39.967717295000057,21.334536901000035],[39.967476863000059,21.334631702000024],[39.967239335000045,21.334732727000073],[39.967004895000059,21.334839898000041],[39.96654600200003,21.335072340000067],[39.96632190300005,21.335197433000076],[39.959026833000053,21.339600389000054],[39.959897492000039,21.33975309300007],[39.962083822000068,21.340102003000027],[39.963354236000043,21.340281783000023],[39.964165537000042,21.340402728000072],[39.965538207000066,21.340588467000032],[39.969332081000061,21.341166655000052],[39.969949754000027,21.341233893000037],[39.97196415500008,21.341398955000045],[39.975204524000048,21.341657407000071],[39.977501105000044,21.34183405400006],[39.978269431000058,21.341953748000037],[39.978568372000041,21.342023475000076],[39.978865776000077,21.342098751000037],[39.979161524000062,21.342179549000036],[39.979455501000075,21.342265836000024],[39.979747590000045,21.34235757700003],[39.980037676000052,21.342454736000036],[39.980294342000036,21.342544596000039],[39.98032564500005,21.342557276000036],[39.980611383000053,21.342665155000077],[39.98089477700006,21.342778332000023],[39.983458300000052,21.343753415000037],[39.983664668000074,21.343863542000065],[39.983672493000029,21.343868018000023],[39.983554537000032,21.343970657000057],[39.982372369000075,21.344858612000053],[39.980823771000075,21.345835048000026],[39.98031792900008,21.34615376000005],[39.979889797000055,21.346423507000054],[39.978668238000068,21.347188829000061],[39.978661490000036,21.347261060000051],[39.979009341000051,21.347763484000041],[39.979529453000055,21.348500110000032],[39.979662820000044,21.348421251000048]]},"properties":{"OBJECTID":1115,"camp_label":"4/632","Transport_mode":"النقل التقليدي","Street_Camp_MIN":"شارع 632","MAKARF":"طريق الطائف - جسر الجامعة عرفات الثاني - الدائري الشرقي","Street_Camp_ARF":"طريق 56","Street_MIN_Exit":"طريق الجوهرة (56)","ASMARF":"الدائري الغربي عرفات","ASM_CODE":"ASMARF2","block":"43","camp_type":"حجاج الخارج","block_ARF":"43","ARF_ZONE2":"ARF ZONE 12","_length":17203,"MAKARFT1":4311,"ARF_IN":56,"ARF_OUT":56,"Shape_Length":0.052105987703839396}},{"type":"Feature","id":1116,"geometry":{"type":"LineString","coordinates":[[39.967559644000062,21.327004457000044],[39.967578537000065,21.327038283000036],[39.96764752200005,21.327170784000032],[39.96770568800008,21.327282506000074],[39.967770659000053,21.327413711000077],[39.967832212000076,21.327544264000039],[39.96790502500005,21.327700284000059],[39.968107109000073,21.328171681000072],[39.968214207000074,21.328460520000078],[39.968280636000031,21.328653065000026],[39.968321539000044,21.328768767000042],[39.968383609000057,21.328967263000038],[39.968458883000039,21.329258612000046],[39.968548708000071,21.329609178000055],[39.968561854000029,21.329674373000046],[39.96863191500006,21.329984139000032],[39.968701503000034,21.330313905000025],[39.969136646000038,21.332426045000034],[39.969177875000071,21.332632126000078],[39.969261667000069,21.333021962000032],[39.969465807000063,21.334053084000061],[39.969210349000036,21.334102546000054],[39.968956457000047,21.334158640000055],[39.968704327000069,21.334221322000076],[39.968454153000039,21.334290546000034],[39.968206129000066,21.334366257000056],[39.967960447000053,21.334448396000028],[39.967717295000057,21.334536901000035],[39.967476863000059,21.334631702000024],[39.967239335000045,21.334732727000073],[39.967004895000059,21.334839898000041],[39.96654600200003,21.335072340000067],[39.96632190300005,21.335197433000076],[39.959026833000053,21.339600389000054],[39.959897492000039,21.33975309300007],[39.962083822000068,21.340102003000027],[39.963354236000043,21.340281783000023],[39.964165537000042,21.340402728000072],[39.965538207000066,21.340588467000032],[39.969332081000061,21.341166655000052],[39.969949754000027,21.341233893000037],[39.97196415500008,21.341398955000045],[39.975204524000048,21.341657407000071],[39.977501105000044,21.34183405400006],[39.978269431000058,21.341953748000037],[39.978568372000041,21.342023475000076],[39.978865776000077,21.342098751000037],[39.979161524000062,21.342179549000036],[39.979455501000075,21.342265836000024],[39.979747590000045,21.34235757700003],[39.980037676000052,21.342454736000036],[39.980294342000036,21.342544596000039],[39.98032564500005,21.342557276000036],[39.980611383000053,21.342665155000077],[39.98089477700006,21.342778332000023],[39.983458300000052,21.343753415000037],[39.983664668000074,21.343863542000065],[39.983672493000029,21.343868018000023],[39.983554537000032,21.343970657000057],[39.982372369000075,21.344858612000053],[39.980823771000075,21.345835048000026],[39.98031792900008,21.34615376000005],[39.979889797000055,21.346423507000054],[39.978668238000068,21.347188829000061],[39.978661490000036,21.347261060000051],[39.979009341000051,21.347763484000041],[39.979117810000048,21.347917107000058],[39.979027644000041,21.347977609000054]]},"properties":{"OBJECTID":1116,"camp_label":"2/632","Transport_mode":"النقل التقليدي","Street_Camp_MIN":"شارع 632","MAKARF":"طريق الطائف - جسر الجامعة عرفات الثاني - الدائري الشرقي","Street_Camp_ARF":"طريق 56","Street_MIN_Exit":"طريق الجوهرة (56)","ASMARF":"الدائري الغربي عرفات","ASM_CODE":"ASMARF2","block":"43","camp_type":"حجاج الخارج","block_ARF":"43","ARF_ZONE2":"ARF ZONE 12","_length":17203,"MAKARFT1":4311,"ARF_IN":56,"ARF_OUT":56,"Shape_Length":0.051345951908294059}},{"type":"Feature","id":1117,"geometry":{"type":"LineString","coordinates":[[40.00517823000007,21.328710576000049],[40.001738069000055,21.330411155000036],[39.999634566000054,21.331432715000062],[39.997618553000052,21.332540480000034],[39.996834841000066,21.333015973000045],[39.995822902000043,21.333517219000043],[39.994872963000034,21.334088969000049],[39.99424463400004,21.334544582000035],[39.993634172000043,21.33507762000005],[39.991938696000034,21.336478406000026],[39.991479009000045,21.336798733000023],[39.990670257000033,21.337407892000044],[39.989589453000065,21.338221947000022],[39.989405685000065,21.338363126000047],[39.989303191000033,21.338441866000039],[39.989046706000067,21.33864668700005],[39.988781688000074,21.33886601100005],[39.988465451000025,21.339138481000077],[39.988205200000039,21.339372234000052],[39.988013132000049,21.339550902000042],[39.98794298100006,21.339617063000048],[39.987766069000031,21.339787913000066],[39.987685873000032,21.339866604000065],[39.987451299000043,21.340103285000055],[39.987434000000064,21.340121000000067],[39.98719189500008,21.340374422000025],[39.987053422000031,21.340523963000066],[39.986825655000075,21.340777374000027],[39.986482516000081,21.341149893000022],[39.98613415300008,21.341518133000022],[39.985780625000075,21.341882027000054],[39.985421996000071,21.342241514000023],[39.985331676000044,21.342329684000049],[39.985058327000047,21.342596529000048],[39.984689682000067,21.342947012000025],[39.984316125000078,21.343292901000041],[39.983937721000075,21.343634136000048],[39.983672493000029,21.343868018000023],[39.983554537000032,21.343970657000057],[39.982372369000075,21.344858612000053],[39.980113680000045,21.346282490000078],[39.980031956000062,21.346154777000038]]},"properties":{"OBJECTID":1117,"camp_label":"1/628","Transport_mode":"النقل التقليدي","Street_Camp_MIN":"شارع 628","MAKARF":"طريق الطائف - طريق صاد - الدائري الشرقي","Street_Camp_ARF":"طريق 91","Street_MIN_Exit":"طريق الملك فهد (68 )","ASMARF":"الدائري الشرقي عرفات","ASM_CODE":"ASMARF4","block":"39A","camp_type":"حجاج الخارج","block_ARF":"39A","ARF_ZONE2":"ARF ZONE 13","_length":25840,"MAKARFT1":801,"ARF_IN":62,"ARF_OUT":62,"Shape_Length":0.03098739047077578}},{"type":"Feature","id":1118,"geometry":{"type":"LineString","coordinates":[[40.00517823000007,21.328710576000049],[40.001738069000055,21.330411155000036],[39.999634566000054,21.331432715000062],[39.997618553000052,21.332540480000034],[39.996834841000066,21.333015973000045],[39.995822902000043,21.333517219000043],[39.994872963000034,21.334088969000049],[39.99424463400004,21.334544582000035],[39.993634172000043,21.33507762000005],[39.991938696000034,21.336478406000026],[39.991479009000045,21.336798733000023],[39.990670257000033,21.337407892000044],[39.989589453000065,21.338221947000022],[39.989405685000065,21.338363126000047],[39.989303191000033,21.338441866000039],[39.989046706000067,21.33864668700005],[39.988781688000074,21.33886601100005],[39.988465451000025,21.339138481000077],[39.988205200000039,21.339372234000052],[39.988013132000049,21.339550902000042],[39.98794298100006,21.339617063000048],[39.987766069000031,21.339787913000066],[39.987685873000032,21.339866604000065],[39.987451299000043,21.340103285000055],[39.987434000000064,21.340121000000067],[39.98719189500008,21.340374422000025],[39.987053422000031,21.340523963000066],[39.986825655000075,21.340777374000027],[39.986482516000081,21.341149893000022],[39.98613415300008,21.341518133000022],[39.985780625000075,21.341882027000054],[39.985421996000071,21.342241514000023],[39.985331676000044,21.342329684000049],[39.985058327000047,21.342596529000048],[39.984689682000067,21.342947012000025],[39.984316125000078,21.343292901000041],[39.983937721000075,21.343634136000048],[39.983672493000029,21.343868018000023],[39.983554537000032,21.343970657000057],[39.982372369000075,21.344858612000053],[39.980823175000069,21.345834111000045],[39.980313337000041,21.345087633000048],[39.980254989000059,21.345002203000035],[39.980282985000031,21.344986365000068]]},"properties":{"OBJECTID":1118,"camp_label":"3/639","Transport_mode":"النقل التقليدي","Street_Camp_MIN":"شارع 639","MAKARF":"طريق الطائف - طريق صاد - الدائري الشرقي","Street_Camp_ARF":"طريق 91","Street_MIN_Exit":"طريق الملك فهد (68 )","ASMARF":"الدائري الشرقي عرفات","ASM_CODE":"ASMARF4","block":"39A","camp_type":"حجاج الخارج","block_ARF":"39A","ARF_ZONE2":"ARF ZONE 13","_length":25840,"MAKARFT1":801,"ARF_IN":62,"ARF_OUT":62,"Shape_Length":0.031036058222281851}},{"type":"Feature","id":1119,"geometry":{"type":"LineString","coordinates":[[40.00517823000007,21.328710576000049],[40.001738069000055,21.330411155000036],[39.999634566000054,21.331432715000062],[39.997618553000052,21.332540480000034],[39.996834841000066,21.333015973000045],[39.995822902000043,21.333517219000043],[39.994872963000034,21.334088969000049],[39.99424463400004,21.334544582000035],[39.993634172000043,21.33507762000005],[39.991938696000034,21.336478406000026],[39.991479009000045,21.336798733000023],[39.990670257000033,21.337407892000044],[39.989589453000065,21.338221947000022],[39.989405685000065,21.338363126000047],[39.989303191000033,21.338441866000039],[39.989046706000067,21.33864668700005],[39.988781688000074,21.33886601100005],[39.988465451000025,21.339138481000077],[39.988205200000039,21.339372234000052],[39.988013132000049,21.339550902000042],[39.98794298100006,21.339617063000048],[39.987766069000031,21.339787913000066],[39.987685873000032,21.339866604000065],[39.987451299000043,21.340103285000055],[39.987434000000064,21.340121000000067],[39.98719189500008,21.340374422000025],[39.987053422000031,21.340523963000066],[39.986825655000075,21.340777374000027],[39.986482516000081,21.341149893000022],[39.98613415300008,21.341518133000022],[39.985780625000075,21.341882027000054],[39.985421996000071,21.342241514000023],[39.985331676000044,21.342329684000049],[39.985058327000047,21.342596529000048],[39.984689682000067,21.342947012000025],[39.984316125000078,21.343292901000041],[39.983937721000075,21.343634136000048],[39.983672493000029,21.343868018000023],[39.983554537000032,21.343970657000057],[39.982372369000075,21.344858612000053],[39.980823771000075,21.345835048000026],[39.980313337000041,21.345087633000048],[39.980281830000081,21.345106073000068]]},"properties":{"OBJECTID":1119,"camp_label":"6/25","Transport_mode":"النقل التقليدي","Street_Camp_MIN":"شارع 25","MAKARF":"طريق الطائف - طريق صاد - الدائري الشرقي","Street_Camp_ARF":"طريق 91","Street_MIN_Exit":"طريق الملك فهد (68 )","ASMARF":"الدائري الشرقي عرفات","ASM_CODE":"ASMARF4","block":"39A","camp_type":"حجاج الخارج","block_ARF":"39A","ARF_ZONE2":"ARF ZONE 13","_length":25840,"MAKARFT1":801,"ARF_IN":62,"ARF_OUT":62,"Shape_Length":0.030938050194386515}},{"type":"Feature","id":1120,"geometry":{"type":"LineString","coordinates":[[39.94754269200007,21.33845289900006],[39.947882922000076,21.339012342000046],[39.94806738300008,21.33931715600005],[39.948252810000042,21.339560423000023],[39.948387074000038,21.339683809000064],[39.948537936000037,21.339801633000036],[39.948686590000079,21.339902104000032],[39.948875346000079,21.339993251000067],[39.949350837000054,21.340210389000049],[39.949867232000031,21.34042755300004],[39.950523626000063,21.340707680000037],[39.951483967000058,21.341119548000052],[39.95262288400005,21.341608852000036],[39.953384264000078,21.341944678000061],[39.953817981000043,21.342131661000053],[39.95408722600007,21.342220962000056],[39.95437045500006,21.342254175000051],[39.955214053000077,21.341746444000023],[39.95665136000008,21.340876285000036],[39.957739140000058,21.340217757000062],[39.958823771000027,21.339568923000058],[39.965102309000031,21.335764582000024],[39.966452691000029,21.334973297000033],[39.967387416000065,21.334537778000026],[39.968147388000034,21.334252954000078],[39.968538309000053,21.334134651000056],[39.969056085000034,21.33399937400003],[39.969441000000074,21.333917000000042],[39.970414163000044,21.333796775000053],[39.971280000000036,21.333759000000043],[39.972151085000064,21.333794204000071],[39.97614800000008,21.33409000000006],[39.977602365000052,21.334224284000072],[39.978620627000055,21.334361124000054],[39.984312000000045,21.335168000000067],[39.979933780000067,21.338390607000065],[39.980449681000039,21.338849046000064],[39.980421670000055,21.338964661000034],[39.980363839000063,21.339115587000038],[39.980283439000061,21.33922560700006],[39.980186113000059,21.339297544000033],[39.980035187000055,21.339351144000034],[39.979738084000076,21.339339849000055],[39.97974270900005,21.339280307000024]]},"properties":{"OBJECTID":1120,"camp_label":"6/631","Transport_mode":"النقل التقليدي","Street_Camp_MIN":"شارع 631","MAKARF":"طريق الطائف - نفق الجامعة عرفات الأول - الدائري الأوسط","Street_Camp_ARF":"طريق 50","Street_MIN_Exit":"طريق الملك عبدالله (25) - المعيصم","ASMARF":"الدائري الأوسط 83","ASM_CODE":"ASMARF1","block":"120","camp_type":"حجاج الداخل","block_ARF":"120","ARF_ZONE2":"مسار رقم 3","_length":20844,"MAKARFT1":null,"ARF_IN":null,"ARF_OUT":null,"Shape_Length":0.047465463278247154}},{"type":"Feature","id":1121,"geometry":{"type":"LineString","coordinates":[[39.94754269200007,21.33845289900006],[39.947882922000076,21.339012342000046],[39.94806738300008,21.33931715600005],[39.948252810000042,21.339560423000023],[39.948387074000038,21.339683809000064],[39.948537936000037,21.339801633000036],[39.948686590000079,21.339902104000032],[39.948875346000079,21.339993251000067],[39.949350837000054,21.340210389000049],[39.949867232000031,21.34042755300004],[39.950523626000063,21.340707680000037],[39.951483967000058,21.341119548000052],[39.95262288400005,21.341608852000036],[39.953384264000078,21.341944678000061],[39.953817981000043,21.342131661000053],[39.95408722600007,21.342220962000056],[39.95437045500006,21.342254175000051],[39.955214053000077,21.341746444000023],[39.95665136000008,21.340876285000036],[39.957739140000058,21.340217757000062],[39.958823771000027,21.339568923000058],[39.965102309000031,21.335764582000024],[39.966452691000029,21.334973297000033],[39.967387416000065,21.334537778000026],[39.968147388000034,21.334252954000078],[39.968538309000053,21.334134651000056],[39.969056085000034,21.33399937400003],[39.969441000000074,21.333917000000042],[39.970414163000044,21.333796775000053],[39.971280000000036,21.333759000000043],[39.972151085000064,21.333794204000071],[39.97614800000008,21.33409000000006],[39.977602365000052,21.334224284000072],[39.978620627000055,21.334361124000054],[39.984312000000045,21.335168000000067],[39.979933780000067,21.338390607000065],[39.977507439000078,21.340167536000024],[39.977757719000067,21.340512643000068],[39.978515082000058,21.341668546000051],[39.978549114000032,21.341657015000067]]},"properties":{"OBJECTID":1121,"camp_label":"10/643","Transport_mode":"النقل التقليدي","Street_Camp_MIN":"شارع 643","MAKARF":"طريق الطائف - نفق الجامعة عرفات الأول - الدائري الأوسط","Street_Camp_ARF":"طريق 50","Street_MIN_Exit":"طريق الملك عبدالله (25) - المعيصم","ASMARF":"الدائري الأوسط 83","ASM_CODE":"ASMARF1","block":"120","camp_type":"حجاج الداخل","block_ARF":"120","ARF_ZONE2":"مسار رقم 3","_length":20844,"MAKARFT1":null,"ARF_IN":null,"ARF_OUT":null,"Shape_Length":0.050571813920645789}},{"type":"Feature","id":1122,"geometry":{"type":"LineString","coordinates":[[39.967559644000062,21.327004457000044],[39.967578091000064,21.327037485000062],[39.96764752200005,21.327170784000032],[39.96770568800008,21.327282506000074],[39.967717248000042,21.327305851000062],[39.967770659000053,21.327413711000077],[39.967832212000076,21.327544264000039],[39.96790502500005,21.327700284000059],[39.968107109000073,21.328171681000072],[39.968214207000074,21.328460520000078],[39.968280636000031,21.328653065000026],[39.968321539000044,21.328768767000042],[39.968383609000057,21.328967263000038],[39.968430871000066,21.329139271000031],[39.968458883000039,21.329258612000046],[39.968561854000029,21.329674373000046],[39.96863191500006,21.329984139000032],[39.968701503000034,21.330313905000025],[39.969441184000061,21.333917002000078],[39.969441523000057,21.333916960000067],[39.970409320000044,21.333797324000045],[39.971279505000041,21.333759134000047],[39.972151085000064,21.333794204000071],[39.973522413000069,21.333893175000071],[39.976147974000071,21.334090063000076],[39.977602365000052,21.334224284000072],[39.978620627000055,21.334361124000054],[39.979497907000052,21.334478962000048],[39.981905452000035,21.334827834000066],[39.982791503000044,21.334956225000042],[39.984311742000045,21.335168384000042],[39.98066797000007,21.337850254000045],[39.979933780000067,21.338390607000065],[39.980551000000048,21.338939000000039],[39.980401000000029,21.339760000000069],[39.980838000000062,21.339806000000067],[39.981564976000072,21.339882259000035],[39.981514038000057,21.340095922000046],[39.981388453000079,21.340613650000023],[39.981433199000037,21.340623204000053]]},"properties":{"OBJECTID":1122,"camp_label":"3/637","Transport_mode":"النقل التقليدي","Street_Camp_MIN":"شارع 637","MAKARF":"طريق الطائف - جسر الجامعة عرفات الثاني - الدائري الشرقي","Street_Camp_ARF":"طريق 83","Street_MIN_Exit":"طريق الجوهرة (56)","ASMARF":"الدائري الشرقي عرفات","ASM_CODE":"ASMARF2","block":"7-5","camp_type":"حجاج الخارج","block_ARF":"7-5","ARF_ZONE2":"ARF ZONE 7","_length":17365,"MAKARFT1":null,"ARF_IN":56,"ARF_OUT":56,"Shape_Length":0.031221912429559247}},{"type":"Feature","id":1123,"geometry":{"type":"LineString","coordinates":[[39.967559644000062,21.327004457000044],[39.967578091000064,21.327037485000062],[39.96764752200005,21.327170784000032],[39.96770568800008,21.327282506000074],[39.967717248000042,21.327305851000062],[39.967770659000053,21.327413711000077],[39.967832212000076,21.327544264000039],[39.96790502500005,21.327700284000059],[39.968107109000073,21.328171681000072],[39.968214207000074,21.328460520000078],[39.968280636000031,21.328653065000026],[39.968321539000044,21.328768767000042],[39.968383609000057,21.328967263000038],[39.968430871000066,21.329139271000031],[39.968458883000039,21.329258612000046],[39.968561854000029,21.329674373000046],[39.96863191500006,21.329984139000032],[39.968701503000034,21.330313905000025],[39.969441184000061,21.333917002000078],[39.969441523000057,21.333916960000067],[39.970409320000044,21.333797324000045],[39.971279505000041,21.333759134000047],[39.972151085000064,21.333794204000071],[39.973522413000069,21.333893175000071],[39.976147974000071,21.334090063000076],[39.977602365000052,21.334224284000072],[39.978620627000055,21.334361124000054],[39.979497907000052,21.334478962000048],[39.981905452000035,21.334827834000066],[39.982791503000044,21.334956225000042],[39.984311742000045,21.335168384000042],[39.98066797000007,21.337850254000045],[39.979933780000067,21.338390607000065],[39.980551000000048,21.338939000000039],[39.980401000000029,21.339760000000069],[39.980838000000062,21.339806000000067],[39.981564976000072,21.339882259000035],[39.981514038000057,21.340095922000046],[39.98154939300008,21.340105866000044]]},"properties":{"OBJECTID":1123,"camp_label":"5/637","Transport_mode":"النقل التقليدي","Street_Camp_MIN":"شارع 637","MAKARF":"طريق الطائف - جسر الجامعة عرفات الثاني - الدائري الشرقي","Street_Camp_ARF":"طريق 83","Street_MIN_Exit":"طريق الجوهرة (56)","ASMARF":"الدائري الشرقي عرفات","ASM_CODE":"ASMARF2","block":"7-5","camp_type":"حجاج الخارج","block_ARF":"7-5","ARF_ZONE2":"ARF ZONE 7","_length":17365,"MAKARFT1":null,"ARF_IN":56,"ARF_OUT":56,"Shape_Length":0.030680142801786728}},{"type":"Feature","id":1124,"geometry":{"type":"LineString","coordinates":[[39.967559644000062,21.327004457000044],[39.967578091000064,21.327037485000062],[39.96764752200005,21.327170784000032],[39.96770568800008,21.327282506000074],[39.967717248000042,21.327305851000062],[39.967770659000053,21.327413711000077],[39.967832212000076,21.327544264000039],[39.96790502500005,21.327700284000059],[39.968107109000073,21.328171681000072],[39.968214207000074,21.328460520000078],[39.968280636000031,21.328653065000026],[39.968321539000044,21.328768767000042],[39.968383609000057,21.328967263000038],[39.968430871000066,21.329139271000031],[39.968458883000039,21.329258612000046],[39.968561854000029,21.329674373000046],[39.96863191500006,21.329984139000032],[39.968701503000034,21.330313905000025],[39.969441184000061,21.333917002000078],[39.969441523000057,21.333916960000067],[39.970409320000044,21.333797324000045],[39.971279505000041,21.333759134000047],[39.972151085000064,21.333794204000071],[39.973522413000069,21.333893175000071],[39.976147974000071,21.334090063000076],[39.977602365000052,21.334224284000072],[39.978620627000055,21.334361124000054],[39.979497907000052,21.334478962000048],[39.981905452000035,21.334827834000066],[39.982791503000044,21.334956225000042],[39.984311742000045,21.335168384000042],[39.98066797000007,21.337850254000045],[39.979933780000067,21.338390607000065],[39.980551000000048,21.338939000000039],[39.980401000000029,21.339760000000069],[39.980838000000062,21.339806000000067],[39.981564976000072,21.339882259000035],[39.98162530500008,21.339882335000027],[39.98179732300008,21.339781281000057]]},"properties":{"OBJECTID":1124,"camp_label":"2/637","Transport_mode":"النقل التقليدي","Street_Camp_MIN":"شارع 637","MAKARF":"طريق الطائف - جسر الجامعة عرفات الثاني - الدائري الشرقي","Street_Camp_ARF":"طريق 83","Street_MIN_Exit":"طريق الجوهرة (56)","ASMARF":"الدائري الشرقي عرفات","ASM_CODE":"ASMARF2","block":"7-5","camp_type":"حجاج الخارج","block_ARF":"7-5","ARF_ZONE2":"ARF ZONE 7","_length":17365,"MAKARFT1":null,"ARF_IN":56,"ARF_OUT":56,"Shape_Length":0.030683598686252513}},{"type":"Feature","id":1125,"geometry":{"type":"LineString","coordinates":[[39.967559644000062,21.327004457000044],[39.967578091000064,21.327037485000062],[39.96764752200005,21.327170784000032],[39.967717248000042,21.327305851000062],[39.967770659000053,21.327413711000077],[39.967832212000076,21.327544264000039],[39.96790502500005,21.327700284000059],[39.968107109000073,21.328171681000072],[39.968117881000069,21.328196809000076],[39.968214207000074,21.328460520000078],[39.968280636000031,21.328653065000026],[39.968321539000044,21.328768767000042],[39.968383609000057,21.328967263000038],[39.968430871000066,21.329139271000031],[39.968458883000039,21.329258612000046],[39.968499020000024,21.329415255000072],[39.968548708000071,21.329609178000055],[39.968561854000029,21.329674373000046],[39.96863191500006,21.329984139000032],[39.968701503000034,21.330313905000025],[39.969441184000061,21.333917002000078],[39.969441523000057,21.333916960000067],[39.970409320000044,21.333797324000045],[39.971279505000041,21.333759134000047],[39.972151085000064,21.333794204000071],[39.973522413000069,21.333893175000071],[39.976147974000071,21.334090063000076],[39.977602365000052,21.334224284000072],[39.978620627000055,21.334361124000054],[39.979497907000052,21.334478962000048],[39.981905452000035,21.334827834000066],[39.982791503000044,21.334956225000042],[39.984311742000045,21.335168384000042],[39.979933780000067,21.338390607000065],[39.980551090000063,21.338939160000052],[39.982152789000054,21.339092924000056],[39.983268733000045,21.339172331000043],[39.983280644000047,21.339174899000056],[39.983291929000075,21.339179297000044],[39.983302269000035,21.339185401000066],[39.983311375000028,21.339193039000065],[39.983318990000043,21.339201996000043],[39.983324898000035,21.339212020000048],[39.983328934000042,21.33922282900005],[39.98333098300003,21.339234118000036],[39.983374497000057,21.339576830000055],[39.983349081000028,21.339580084000033]]},"properties":{"OBJECTID":1125,"camp_label":"7/637","Transport_mode":"النقل التقليدي","Street_Camp_MIN":"شارع 637","MAKARF":"طريق الطائف - جسر الجامعة عرفات الثاني - الدائري الشرقي","Street_Camp_ARF":"طريق 50","Street_MIN_Exit":"طريق الجوهرة (56)","ASMARF":"الدائري الشرقي عرفات","ASM_CODE":"ASMARF2","block":"6-4","camp_type":"حجاج الخارج","block_ARF":"6-4","ARF_ZONE2":null,"_length":14745,"MAKARFT1":null,"ARF_IN":null,"ARF_OUT":null,"Shape_Length":0.03161258510378033}},{"type":"Feature","id":1126,"geometry":{"type":"LineString","coordinates":[[39.94754269200007,21.33845289900006],[39.94806738300008,21.33931715600005],[39.948252810000042,21.339560423000023],[39.948387074000038,21.339683809000064],[39.948537936000037,21.339801633000036],[39.948686590000079,21.339902104000032],[39.948875346000079,21.339993251000067],[39.949350837000054,21.340210389000049],[39.949867232000031,21.34042755300004],[39.951483967000058,21.341119548000052],[39.95262288400005,21.341608852000036],[39.953384264000078,21.341944678000061],[39.953817981000043,21.342131661000053],[39.95408722600007,21.342220962000056],[39.95437045500006,21.342254175000051],[39.955214053000077,21.341746444000023],[39.95665136000008,21.340876285000036],[39.957739140000058,21.340217757000062],[39.958823771000027,21.339568923000058],[39.959897492000039,21.33975309300007],[39.962083822000068,21.340102003000027],[39.963354236000043,21.340281783000023],[39.964165537000042,21.340402728000072],[39.965538207000066,21.340588467000032],[39.969332081000061,21.341166655000052],[39.969949754000027,21.341233893000037],[39.97196415500008,21.341398955000045],[39.975204524000048,21.341657407000071],[39.977501105000044,21.34183405400006],[39.978269431000058,21.341953748000037],[39.978568372000041,21.342023475000076],[39.978865776000077,21.342098751000037],[39.979161524000062,21.342179549000036],[39.979455501000075,21.342265836000024],[39.979747590000045,21.34235757700003],[39.980037676000052,21.342454736000036],[39.980294342000036,21.342544596000039],[39.98032564500005,21.342557276000036],[39.980611383000053,21.342665155000077],[39.98089477700006,21.342778332000023],[39.983458300000052,21.343753415000037],[39.983664668000074,21.343863542000065],[39.983672493000029,21.343868018000023],[39.983554537000032,21.343970657000057],[39.982372369000075,21.344858612000053],[39.980823771000075,21.345835048000026],[39.981164143000058,21.346320563000063],[39.981415429000037,21.346693932000051],[39.981837111000061,21.347320481000054],[39.981878473000052,21.347301265000056]]},"properties":{"OBJECTID":1126,"camp_label":"1/631","Transport_mode":"النقل التقليدي","Street_Camp_MIN":"شارع 631","MAKARF":"طريق الطائف - نفق الجامعة عرفات الأول - الدائري الأوسط","Street_Camp_ARF":"طريق 56","Street_MIN_Exit":"طريق الجوهرة (56)","ASMARF":"الدائري الغربي عرفات","ASM_CODE":"ASMARF1","block":"43","camp_type":"حجاج الخارج","block_ARF":"43","ARF_ZONE2":"ARF ZONE 1","_length":16417,"MAKARFT1":null,"ARF_IN":null,"ARF_OUT":null,"Shape_Length":0.043888255252131095}},{"type":"Feature","id":1127,"geometry":{"type":"LineString","coordinates":[[39.94754269200007,21.33845289900006],[39.94806738300008,21.33931715600005],[39.948252810000042,21.339560423000023],[39.948387074000038,21.339683809000064],[39.948537936000037,21.339801633000036],[39.948686590000079,21.339902104000032],[39.948875346000079,21.339993251000067],[39.949350837000054,21.340210389000049],[39.949867232000031,21.34042755300004],[39.951483967000058,21.341119548000052],[39.95262288400005,21.341608852000036],[39.953384264000078,21.341944678000061],[39.953817981000043,21.342131661000053],[39.95408722600007,21.342220962000056],[39.95437045500006,21.342254175000051],[39.955214053000077,21.341746444000023],[39.95665136000008,21.340876285000036],[39.957739140000058,21.340217757000062],[39.958823771000027,21.339568923000058],[39.959897492000039,21.33975309300007],[39.962083822000068,21.340102003000027],[39.963354236000043,21.340281783000023],[39.964165537000042,21.340402728000072],[39.965538207000066,21.340588467000032],[39.969332081000061,21.341166655000052],[39.969949754000027,21.341233893000037],[39.97196415500008,21.341398955000045],[39.975204524000048,21.341657407000071],[39.977501105000044,21.34183405400006],[39.978269431000058,21.341953748000037],[39.978568372000041,21.342023475000076],[39.978865776000077,21.342098751000037],[39.979161524000062,21.342179549000036],[39.979455501000075,21.342265836000024],[39.979747590000045,21.34235757700003],[39.980037676000052,21.342454736000036],[39.980294342000036,21.342544596000039],[39.98032564500005,21.342557276000036],[39.980611383000053,21.342665155000077],[39.98089477700006,21.342778332000023],[39.983458300000052,21.343753415000037],[39.983664668000074,21.343863542000065],[39.983672493000029,21.343868018000023],[39.983554537000032,21.343970657000057],[39.982372369000075,21.344858612000053],[39.980823771000075,21.345835048000026],[39.981164143000058,21.346320563000063],[39.981415429000037,21.346693932000051],[39.981370923000043,21.346718672000065]]},"properties":{"OBJECTID":1127,"camp_label":"2/631","Transport_mode":"النقل التقليدي","Street_Camp_MIN":"شارع 631","MAKARF":"طريق الطائف - نفق الجامعة عرفات الأول - الدائري الأوسط","Street_Camp_ARF":"طريق 56","Street_MIN_Exit":"طريق الجوهرة (56)","ASMARF":"الدائري الغربي عرفات","ASM_CODE":"ASMARF1","block":"43","camp_type":"حجاج الخارج","block_ARF":"43","ARF_ZONE2":"ARF ZONE 1","_length":16417,"MAKARFT1":null,"ARF_IN":null,"ARF_OUT":null,"Shape_Length":0.043138332884347146}},{"type":"Feature","id":1128,"geometry":{"type":"LineString","coordinates":[[39.967559644000062,21.327004457000044],[39.96764752200005,21.327170784000032],[39.96770568800008,21.327282506000074],[39.967770659000053,21.327413711000077],[39.967832212000076,21.327544264000039],[39.96790502500005,21.327700284000059],[39.968117881000069,21.328196809000076],[39.968214207000074,21.328460520000078],[39.968280636000031,21.328653065000026],[39.968383609000057,21.328967263000038],[39.968430871000066,21.329139271000031],[39.968458883000039,21.329258612000046],[39.968548708000071,21.329609178000055],[39.96863191500006,21.329984139000032],[39.968701503000034,21.330313905000025],[39.969441523000057,21.333916960000067],[39.969465807000063,21.334053084000061],[39.969210349000036,21.334102546000054],[39.968956457000047,21.334158640000055],[39.968704327000069,21.334221322000076],[39.968454153000039,21.334290546000034],[39.968206129000066,21.334366257000056],[39.967960447000053,21.334448396000028],[39.967717295000057,21.334536901000035],[39.967476863000059,21.334631702000024],[39.967239335000045,21.334732727000073],[39.967004895000059,21.334839898000041],[39.96654600200003,21.335072340000067],[39.96632190300005,21.335197433000076],[39.959026833000053,21.339600389000054],[39.960991000000035,21.339928000000043],[39.965538207000066,21.340588467000032],[39.969332000000065,21.341167000000041],[39.975205000000074,21.341657000000055],[39.975453354000081,21.341676548000066],[39.975926350000066,21.341712932000064],[39.976439504000041,21.341752403000044],[39.97699300000005,21.341795000000047],[39.977327169000034,21.341820677000044],[39.977501105000044,21.34183405400006],[39.978269431000058,21.341953748000037],[39.978568372000041,21.342023475000076],[39.979147775000058,21.342175660000066],[39.979595509000035,21.342309056000033],[39.979921347000072,21.342415042000027],[39.980294342000036,21.342544596000039],[39.98056482100003,21.342647576000047],[39.980611383000053,21.342665155000077],[39.98089477700006,21.342778332000023],[39.981829549000054,21.343133895000051],[39.981841489000033,21.343160773000022],[39.981848351000053,21.343189168000038],[39.981849934000024,21.343218243000024],[39.981846190000056,21.343247145000078],[39.981837229000064,21.343275021000068],[39.981823316000032,21.343301053000062],[39.981804860000068,21.343324476000078],[39.981782403000068,21.343344598000044],[39.981756606000033,21.343360830000051],[39.981109974000049,21.343750759000045],[39.980936499000052,21.343855345000065],[39.981332476000034,21.344401747000063],[39.981360924000057,21.344382013000029]]},"properties":{"OBJECTID":1128,"camp_label":"4/25","Transport_mode":"النقل التقليدي","Street_Camp_MIN":"شارع 25","MAKARF":"طريق الطائف - جسر الجامعة عرفات الثاني - الدائري الشرقي","Street_Camp_ARF":"0","Street_MIN_Exit":"طريق الجوهرة (56)","ASMARF":"0","ASM_CODE":"ASMARF2","block":"7-13A","camp_type":"حجاج الخارج","block_ARF":"7-13A","ARF_ZONE2":null,"_length":16351,"MAKARFT1":580,"ARF_IN":null,"ARF_OUT":null,"Shape_Length":0.044301899310619341}},{"type":"Feature","id":1129,"geometry":{"type":"LineString","coordinates":[[39.94754269200007,21.33845289900006],[39.947882922000076,21.339012342000046],[39.94806738300008,21.33931715600005],[39.948252810000042,21.339560423000023],[39.948387074000038,21.339683809000064],[39.948537936000037,21.339801633000036],[39.948686590000079,21.339902104000032],[39.948875346000079,21.339993251000067],[39.949350837000054,21.340210389000049],[39.949867232000031,21.34042755300004],[39.950523626000063,21.340707680000037],[39.951483967000058,21.341119548000052],[39.95262288400005,21.341608852000036],[39.953384264000078,21.341944678000061],[39.953817981000043,21.342131661000053],[39.95408722600007,21.342220962000056],[39.95437045500006,21.342254175000051],[39.955214053000077,21.341746444000023],[39.95665136000008,21.340876285000036],[39.957739140000058,21.340217757000062],[39.958823771000027,21.339568923000058],[39.959897492000039,21.33975309300007],[39.960990657000025,21.339927552000063],[39.962083822000068,21.340102003000027],[39.963354236000043,21.340281783000023],[39.964165537000042,21.340402728000072],[39.965538207000066,21.340588467000032],[39.969332081000061,21.341166655000052],[39.969949754000027,21.341233893000037],[39.97196415500008,21.341398955000045],[39.975204524000048,21.341657407000071],[39.977501105000044,21.34183405400006],[39.978269431000058,21.341953748000037],[39.978568372000041,21.342023475000076],[39.978856557000029,21.342096329000071],[39.979147775000058,21.342175660000066],[39.979192321000028,21.342176087000041],[39.979243256000075,21.342165116000047],[39.979610838000042,21.341959594000059],[39.97978979100003,21.341888660000052],[39.98003097000003,21.341886183000042],[39.98034841100008,21.341950427000029],[39.980691328000034,21.342375000000061],[39.980744806000075,21.342421258000059],[39.980803626000068,21.342442154000025],[39.980870186000061,21.342447572000026],[39.980946064000079,21.342433348000043],[39.981360290000055,21.342160920000026],[39.981499132000067,21.34221307100006],[39.98201003500003,21.342390883000064],[39.982537432000072,21.342574435000074],[39.982648257000051,21.342613006000022],[39.98311534000004,21.342775567000047],[39.983224336000035,21.34281350200007],[39.983469907000028,21.342898969000032],[39.983571942000026,21.342897080000057],[39.983619180000062,21.342872516000057],[39.984123683000064,21.342496500000038],[39.984167478000074,21.342528727000058]]},"properties":{"OBJECTID":1129,"camp_label":"2/634","Transport_mode":"النقل التقليدي","Street_Camp_MIN":"شارع 634","MAKARF":"طريق الطائف - نفق الجامعة عرفات الأول - الدائري الأوسط","Street_Camp_ARF":"طريق 50","Street_MIN_Exit":"طريق الملك عبدالله (25) - المعيصم","ASMARF":"الدائري الأوسط 83","ASM_CODE":"ASMARF1","block":"120","camp_type":"حجاج الداخل","block_ARF":"120","ARF_ZONE2":null,"_length":22070,"MAKARFT1":null,"ARF_IN":null,"ARF_OUT":null,"Shape_Length":0.039412066091252994}},{"type":"Feature","id":1130,"geometry":{"type":"LineString","coordinates":[[39.94754269200007,21.33845289900006],[39.947882922000076,21.339012342000046],[39.94806738300008,21.33931715600005],[39.948252810000042,21.339560423000023],[39.948387074000038,21.339683809000064],[39.948537936000037,21.339801633000036],[39.948686590000079,21.339902104000032],[39.948875346000079,21.339993251000067],[39.949350837000054,21.340210389000049],[39.949867232000031,21.34042755300004],[39.950523626000063,21.340707680000037],[39.951483967000058,21.341119548000052],[39.95262288400005,21.341608852000036],[39.953384264000078,21.341944678000061],[39.953817981000043,21.342131661000053],[39.95408722600007,21.342220962000056],[39.95437045500006,21.342254175000051],[39.955214053000077,21.341746444000023],[39.95665136000008,21.340876285000036],[39.957739140000058,21.340217757000062],[39.958823771000027,21.339568923000058],[39.959897492000039,21.33975309300007],[39.960990657000025,21.339927552000063],[39.962083822000068,21.340102003000027],[39.963354236000043,21.340281783000023],[39.964165537000042,21.340402728000072],[39.965538207000066,21.340588467000032],[39.969332081000061,21.341166655000052],[39.969949754000027,21.341233893000037],[39.97196415500008,21.341398955000045],[39.975204524000048,21.341657407000071],[39.977501105000044,21.34183405400006],[39.978269431000058,21.341953748000037],[39.978568372000041,21.342023475000076],[39.978856557000029,21.342096329000071],[39.979147775000058,21.342175660000066],[39.979192321000028,21.342176087000041],[39.979243256000075,21.342165116000047],[39.979610838000042,21.341959594000059],[39.97978979100003,21.341888660000052],[39.98003097000003,21.341886183000042],[39.98034841100008,21.341950427000029],[39.980691328000034,21.342375000000061],[39.980744806000075,21.342421258000059],[39.980803626000068,21.342442154000025],[39.980870186000061,21.342447572000026],[39.980946064000079,21.342433348000043],[39.981360290000055,21.342160920000026],[39.981499132000067,21.34221307100006],[39.98201003500003,21.342390883000064],[39.982537432000072,21.342574435000074],[39.982648257000051,21.342613006000022],[39.98311534000004,21.342775567000047],[39.983224336000035,21.34281350200007],[39.983250802000043,21.342757123000069]]},"properties":{"OBJECTID":1130,"camp_label":"4/634","Transport_mode":"النقل التقليدي","Street_Camp_MIN":"شارع 634","MAKARF":"طريق الطائف - نفق الجامعة عرفات الأول - الدائري الأوسط","Street_Camp_ARF":"طريق 50","Street_MIN_Exit":"طريق الملك عبدالله (25) - المعيصم","ASMARF":"الدائري الأوسط 83","ASM_CODE":"ASMARF1","block":"120","camp_type":"حجاج الداخل","block_ARF":"120","ARF_ZONE2":null,"_length":22070,"MAKARFT1":null,"ARF_IN":null,"ARF_OUT":null,"Shape_Length":0.038375444545122837}},{"type":"Feature","id":1131,"geometry":{"type":"LineString","coordinates":[[39.94754269200007,21.33845289900006],[39.947882922000076,21.339012342000046],[39.94806738300008,21.33931715600005],[39.948252810000042,21.339560423000023],[39.948387074000038,21.339683809000064],[39.948537936000037,21.339801633000036],[39.948686590000079,21.339902104000032],[39.948875346000079,21.339993251000067],[39.949350837000054,21.340210389000049],[39.949867232000031,21.34042755300004],[39.950523626000063,21.340707680000037],[39.951483967000058,21.341119548000052],[39.95262288400005,21.341608852000036],[39.953384264000078,21.341944678000061],[39.953817981000043,21.342131661000053],[39.95408722600007,21.342220962000056],[39.95437045500006,21.342254175000051],[39.955214053000077,21.341746444000023],[39.95665136000008,21.340876285000036],[39.957739140000058,21.340217757000062],[39.958823771000027,21.339568923000058],[39.959897492000039,21.33975309300007],[39.960990657000025,21.339927552000063],[39.962083822000068,21.340102003000027],[39.963354236000043,21.340281783000023],[39.964165537000042,21.340402728000072],[39.965538207000066,21.340588467000032],[39.969332081000061,21.341166655000052],[39.969949754000027,21.341233893000037],[39.97196415500008,21.341398955000045],[39.975204524000048,21.341657407000071],[39.977501105000044,21.34183405400006],[39.978269431000058,21.341953748000037],[39.978568372000041,21.342023475000076],[39.978856557000029,21.342096329000071],[39.979147775000058,21.342175660000066],[39.979192321000028,21.342176087000041],[39.979243256000075,21.342165116000047],[39.979610838000042,21.341959594000059],[39.97978979100003,21.341888660000052],[39.98003097000003,21.341886183000042],[39.98034841100008,21.341950427000029],[39.980691328000034,21.342375000000061],[39.980744806000075,21.342421258000059],[39.980803626000068,21.342442154000025],[39.980870186000061,21.342447572000026],[39.980946064000079,21.342433348000043],[39.981360290000055,21.342160920000026],[39.981499132000067,21.34221307100006],[39.98201003500003,21.342390883000064],[39.982537432000072,21.342574435000074],[39.982648257000051,21.342613006000022],[39.98311534000004,21.342775567000047],[39.983092855000052,21.342844260000049]]},"properties":{"OBJECTID":1131,"camp_label":"13/25","Transport_mode":"النقل التقليدي","Street_Camp_MIN":"شارع 25","MAKARF":"طريق الطائف - نفق الجامعة عرفات الأول - الدائري الأوسط","Street_Camp_ARF":"طريق 50","Street_MIN_Exit":"طريق الملك عبدالله (25) - المعيصم","ASMARF":"الدائري الأوسط 83","ASM_CODE":"ASMARF1","block":"120","camp_type":"حجاج الداخل","block_ARF":"120","ARF_ZONE2":null,"_length":22070,"MAKARFT1":null,"ARF_IN":null,"ARF_OUT":null,"Shape_Length":0.038270033137594861}},{"type":"Feature","id":1132,"geometry":{"type":"LineString","coordinates":[[39.94754269200007,21.33845289900006],[39.947882922000076,21.339012342000046],[39.94806738300008,21.33931715600005],[39.948252810000042,21.339560423000023],[39.948387074000038,21.339683809000064],[39.948537936000037,21.339801633000036],[39.948686590000079,21.339902104000032],[39.948875346000079,21.339993251000067],[39.949350837000054,21.340210389000049],[39.949867232000031,21.34042755300004],[39.950523626000063,21.340707680000037],[39.951483967000058,21.341119548000052],[39.95262288400005,21.341608852000036],[39.953384264000078,21.341944678000061],[39.953817981000043,21.342131661000053],[39.95408722600007,21.342220962000056],[39.95437045500006,21.342254175000051],[39.955214053000077,21.341746444000023],[39.95665136000008,21.340876285000036],[39.957739140000058,21.340217757000062],[39.958823771000027,21.339568923000058],[39.959897492000039,21.33975309300007],[39.960990657000025,21.339927552000063],[39.962083822000068,21.340102003000027],[39.963354236000043,21.340281783000023],[39.964165537000042,21.340402728000072],[39.965538207000066,21.340588467000032],[39.969332081000061,21.341166655000052],[39.969949754000027,21.341233893000037],[39.97196415500008,21.341398955000045],[39.975204524000048,21.341657407000071],[39.977501105000044,21.34183405400006],[39.978269431000058,21.341953748000037],[39.978568372000041,21.342023475000076],[39.978856557000029,21.342096329000071],[39.979147775000058,21.342175660000066],[39.979192321000028,21.342176087000041],[39.979243256000075,21.342165116000047],[39.979610838000042,21.341959594000059],[39.97978979100003,21.341888660000052],[39.98003097000003,21.341886183000042],[39.98034841100008,21.341950427000029],[39.980691328000034,21.342375000000061],[39.980744806000075,21.342421258000059],[39.980803626000068,21.342442154000025],[39.980870186000061,21.342447572000026],[39.980946064000079,21.342433348000043],[39.981360290000055,21.342160920000026],[39.981499132000067,21.34221307100006],[39.98201003500003,21.342390883000064],[39.982537432000072,21.342574435000074],[39.982648257000051,21.342613006000022],[39.982666013000028,21.342563461000054]]},"properties":{"OBJECTID":1132,"camp_label":"9/25","Transport_mode":"النقل التقليدي","Street_Camp_MIN":"شارع 25","MAKARF":"طريق الطائف - نفق الجامعة عرفات الأول - الدائري الأوسط","Street_Camp_ARF":"طريق 50","Street_MIN_Exit":"طريق الملك عبدالله (25) - المعيصم","ASMARF":"الدائري الأوسط 83","ASM_CODE":"ASMARF1","block":"120","camp_type":"حجاج الداخل","block_ARF":"120","ARF_ZONE2":null,"_length":22070,"MAKARFT1":null,"ARF_IN":null,"ARF_OUT":null,"Shape_Length":0.037755821370857708}},{"type":"Feature","id":1133,"geometry":{"type":"LineString","coordinates":[[39.94754269200007,21.33845289900006],[39.947882922000076,21.339012342000046],[39.94806738300008,21.33931715600005],[39.948252810000042,21.339560423000023],[39.948387074000038,21.339683809000064],[39.948537936000037,21.339801633000036],[39.948686590000079,21.339902104000032],[39.948875346000079,21.339993251000067],[39.949350837000054,21.340210389000049],[39.949867232000031,21.34042755300004],[39.950523626000063,21.340707680000037],[39.951483967000058,21.341119548000052],[39.95262288400005,21.341608852000036],[39.953384264000078,21.341944678000061],[39.953817981000043,21.342131661000053],[39.95408722600007,21.342220962000056],[39.95437045500006,21.342254175000051],[39.955214053000077,21.341746444000023],[39.95665136000008,21.340876285000036],[39.957739140000058,21.340217757000062],[39.958823771000027,21.339568923000058],[39.959897492000039,21.33975309300007],[39.960990657000025,21.339927552000063],[39.962083822000068,21.340102003000027],[39.963354236000043,21.340281783000023],[39.964165537000042,21.340402728000072],[39.965538207000066,21.340588467000032],[39.969332081000061,21.341166655000052],[39.969949754000027,21.341233893000037],[39.97196415500008,21.341398955000045],[39.975204524000048,21.341657407000071],[39.977501105000044,21.34183405400006],[39.978269431000058,21.341953748000037],[39.978568372000041,21.342023475000076],[39.978856557000029,21.342096329000071],[39.979147775000058,21.342175660000066],[39.979192321000028,21.342176087000041],[39.979243256000075,21.342165116000047],[39.979610838000042,21.341959594000059],[39.97978979100003,21.341888660000052],[39.98003097000003,21.341886183000042],[39.98034841100008,21.341950427000029],[39.980691328000034,21.342375000000061],[39.980744806000075,21.342421258000059],[39.980803626000068,21.342442154000025],[39.980870186000061,21.342447572000026],[39.980946064000079,21.342433348000043],[39.981360290000055,21.342160920000026],[39.981499132000067,21.34221307100006],[39.98201003500003,21.342390883000064],[39.982537432000072,21.342574435000074],[39.98251755900003,21.342631303000076]]},"properties":{"OBJECTID":1133,"camp_label":"4/637","Transport_mode":"النقل التقليدي","Street_Camp_MIN":"شارع 637","MAKARF":"طريق الطائف - نفق الجامعة عرفات الأول - الدائري الأوسط","Street_Camp_ARF":"طريق 50","Street_MIN_Exit":"طريق الملك عبدالله (25) - المعيصم","ASMARF":"الدائري الأوسط 83","ASM_CODE":"ASMARF1","block":"120","camp_type":"حجاج الداخل","block_ARF":"120","ARF_ZONE2":null,"_length":22070,"MAKARFT1":null,"ARF_IN":null,"ARF_OUT":null,"Shape_Length":0.037646085916608014}},{"type":"Feature","id":1134,"geometry":{"type":"LineString","coordinates":[[39.94754269200007,21.33845289900006],[39.947882922000076,21.339012342000046],[39.94806738300008,21.33931715600005],[39.948252810000042,21.339560423000023],[39.948387074000038,21.339683809000064],[39.948537936000037,21.339801633000036],[39.948686590000079,21.339902104000032],[39.948875346000079,21.339993251000067],[39.949350837000054,21.340210389000049],[39.949867232000031,21.34042755300004],[39.950523626000063,21.340707680000037],[39.951483967000058,21.341119548000052],[39.95262288400005,21.341608852000036],[39.953384264000078,21.341944678000061],[39.953817981000043,21.342131661000053],[39.95408722600007,21.342220962000056],[39.95437045500006,21.342254175000051],[39.955214053000077,21.341746444000023],[39.95665136000008,21.340876285000036],[39.957739140000058,21.340217757000062],[39.958823771000027,21.339568923000058],[39.959897492000039,21.33975309300007],[39.960990657000025,21.339927552000063],[39.962083822000068,21.340102003000027],[39.963354236000043,21.340281783000023],[39.964165537000042,21.340402728000072],[39.965538207000066,21.340588467000032],[39.969332081000061,21.341166655000052],[39.969949754000027,21.341233893000037],[39.97196415500008,21.341398955000045],[39.975204524000048,21.341657407000071],[39.977501105000044,21.34183405400006],[39.978269431000058,21.341953748000037],[39.978568372000041,21.342023475000076],[39.978856557000029,21.342096329000071],[39.979147775000058,21.342175660000066],[39.979192321000028,21.342176087000041],[39.979243256000075,21.342165116000047],[39.979610838000042,21.341959594000059],[39.97978979100003,21.341888660000052],[39.98003097000003,21.341886183000042],[39.98034841100008,21.341950427000029],[39.980691328000034,21.342375000000061],[39.980744806000075,21.342421258000059],[39.980803626000068,21.342442154000025],[39.980870186000061,21.342447572000026],[39.980946064000079,21.342433348000043],[39.981360290000055,21.342160920000026],[39.981499132000067,21.34221307100006],[39.98201003500003,21.342390883000064],[39.982023172000027,21.342352461000075]]},"properties":{"OBJECTID":1134,"camp_label":"11/25","Transport_mode":"النقل التقليدي","Street_Camp_MIN":"شارع 25","MAKARF":"طريق الطائف - نفق الجامعة عرفات الأول - الدائري الأوسط","Street_Camp_ARF":"طريق 50","Street_MIN_Exit":"طريق الملك عبدالله (25) - المعيصم","ASMARF":"الدائري الأوسط 83","ASM_CODE":"ASMARF1","block":"120","camp_type":"حجاج الداخل","block_ARF":"120","ARF_ZONE2":null,"_length":22070,"MAKARFT1":null,"ARF_IN":null,"ARF_OUT":null,"Shape_Length":0.03706802591236133}},{"type":"Feature","id":1136,"geometry":{"type":"LineString","coordinates":[[39.967559644000062,21.327004457000044],[39.967578091000064,21.327037485000062],[39.96764752200005,21.327170784000032],[39.967717248000042,21.327305851000062],[39.967770659000053,21.327413711000077],[39.967832212000076,21.327544264000039],[39.96790502500005,21.327700284000059],[39.968107109000073,21.328171681000072],[39.968117881000069,21.328196809000076],[39.968214207000074,21.328460520000078],[39.968280636000031,21.328653065000026],[39.968321539000044,21.328768767000042],[39.968383609000057,21.328967263000038],[39.968430871000066,21.329139271000031],[39.968458883000039,21.329258612000046],[39.968499020000024,21.329415255000072],[39.968548708000071,21.329609178000055],[39.968561854000029,21.329674373000046],[39.96863191500006,21.329984139000032],[39.968701503000034,21.330313905000025],[39.969441184000061,21.333917002000078],[39.969441523000057,21.333916960000067],[39.970409320000044,21.333797324000045],[39.971279505000041,21.333759134000047],[39.972151085000064,21.333794204000071],[39.973522413000069,21.333893175000071],[39.976147974000071,21.334090063000076],[39.977602365000052,21.334224284000072],[39.978620627000055,21.334361124000054],[39.979497907000052,21.334478962000048],[39.981905452000035,21.334827834000066],[39.982791503000044,21.334956225000042],[39.984311742000045,21.335168384000042],[39.979933780000067,21.338390607000065],[39.980551090000063,21.338939160000052],[39.982152789000054,21.339092924000056],[39.983268733000045,21.339172331000043],[39.983280644000047,21.339174899000056],[39.983291929000075,21.339179297000044],[39.983302269000035,21.339185401000066],[39.983311375000028,21.339193039000065],[39.983318990000043,21.339201996000043],[39.983324898000035,21.339212020000048],[39.983328934000042,21.33922282900005],[39.98333098300003,21.339234118000036],[39.983374497000057,21.339576830000055],[39.983426369000028,21.339921485000048],[39.983379092000064,21.339959221000072],[39.983760175000043,21.340621604000034],[39.983785458000057,21.34066555000004],[39.983424559000071,21.340867729000024],[39.983454849000054,21.340912660000072]]},"properties":{"OBJECTID":1136,"camp_label":"3/633","Transport_mode":"النقل التقليدي","Street_Camp_MIN":"شارع 633","MAKARF":"طريق الطائف - جسر الجامعة عرفات الثاني - الدائري الشرقي","Street_Camp_ARF":"طريق 50","Street_MIN_Exit":"طريق الجوهرة (56)","ASMARF":"الدائري الشرقي عرفات","ASM_CODE":"ASMARF2","block":"6-4","camp_type":"حجاج الخارج","block_ARF":"6-4","ARF_ZONE2":null,"_length":14745,"MAKARFT1":null,"ARF_IN":null,"ARF_OUT":null,"Shape_Length":0.033278731066311185}},{"type":"Feature","id":1137,"geometry":{"type":"LineString","coordinates":[[39.967559644000062,21.327004457000044],[39.967578091000064,21.327037485000062],[39.96764752200005,21.327170784000032],[39.967717248000042,21.327305851000062],[39.967770659000053,21.327413711000077],[39.967832212000076,21.327544264000039],[39.96790502500005,21.327700284000059],[39.968107109000073,21.328171681000072],[39.968117881000069,21.328196809000076],[39.968214207000074,21.328460520000078],[39.968280636000031,21.328653065000026],[39.968321539000044,21.328768767000042],[39.968383609000057,21.328967263000038],[39.968430871000066,21.329139271000031],[39.968458883000039,21.329258612000046],[39.968499020000024,21.329415255000072],[39.968548708000071,21.329609178000055],[39.968561854000029,21.329674373000046],[39.96863191500006,21.329984139000032],[39.968701503000034,21.330313905000025],[39.969441184000061,21.333917002000078],[39.969441523000057,21.333916960000067],[39.970409320000044,21.333797324000045],[39.971279505000041,21.333759134000047],[39.972151085000064,21.333794204000071],[39.973522413000069,21.333893175000071],[39.976147974000071,21.334090063000076],[39.977602365000052,21.334224284000072],[39.978620627000055,21.334361124000054],[39.979497907000052,21.334478962000048],[39.981905452000035,21.334827834000066],[39.982791503000044,21.334956225000042],[39.984311742000045,21.335168384000042],[39.979933780000067,21.338390607000065],[39.980551090000063,21.338939160000052],[39.982152789000054,21.339092924000056],[39.983268733000045,21.339172331000043],[39.983280644000047,21.339174899000056],[39.983291929000075,21.339179297000044],[39.983302269000035,21.339185401000066],[39.983311375000028,21.339193039000065],[39.983318990000043,21.339201996000043],[39.983324898000035,21.339212020000048],[39.983328934000042,21.33922282900005],[39.98333098300003,21.339234118000036],[39.983374497000057,21.339576830000055],[39.983424595000031,21.339921281000045],[39.983379092000064,21.339959221000072],[39.983760175000043,21.340621604000034],[39.983785408000074,21.340606088000072]]},"properties":{"OBJECTID":1137,"camp_label":"8/631","Transport_mode":"النقل التقليدي","Street_Camp_MIN":"شارع 631","MAKARF":"طريق الطائف - جسر الجامعة عرفات الثاني - الدائري الشرقي","Street_Camp_ARF":"طريق 50","Street_MIN_Exit":"طريق الجوهرة (56)","ASMARF":"الدائري الشرقي عرفات","ASM_CODE":"ASMARF2","block":"6-4","camp_type":"حجاج الخارج","block_ARF":"6-4","ARF_ZONE2":null,"_length":14745,"MAKARFT1":null,"ARF_IN":null,"ARF_OUT":null,"Shape_Length":0.03278808643759247}},{"type":"Feature","id":1138,"geometry":{"type":"LineString","coordinates":[[39.94754269200007,21.33845289900006],[39.947882922000076,21.339012342000046],[39.94806738300008,21.33931715600005],[39.948252810000042,21.339560423000023],[39.948387074000038,21.339683809000064],[39.948537936000037,21.339801633000036],[39.948686590000079,21.339902104000032],[39.948875346000079,21.339993251000067],[39.949350837000054,21.340210389000049],[39.949867232000031,21.34042755300004],[39.950523626000063,21.340707680000037],[39.951483967000058,21.341119548000052],[39.95262288400005,21.341608852000036],[39.953384264000078,21.341944678000061],[39.953817981000043,21.342131661000053],[39.95408722600007,21.342220962000056],[39.95437045500006,21.342254175000051],[39.955214053000077,21.341746444000023],[39.95665136000008,21.340876285000036],[39.957739140000058,21.340217757000062],[39.958823771000027,21.339568923000058],[39.959897492000039,21.33975309300007],[39.960990657000025,21.339927552000063],[39.962083822000068,21.340102003000027],[39.963354236000043,21.340281783000023],[39.964165537000042,21.340402728000072],[39.965538207000066,21.340588467000032],[39.969332081000061,21.341166655000052],[39.969949754000027,21.341233893000037],[39.97196415500008,21.341398955000045],[39.975204524000048,21.341657407000071],[39.975453354000081,21.341676548000066],[39.974133824000035,21.342484467000077],[39.973112164000042,21.343102888000033],[39.971542448000037,21.344036152000058],[39.971764868000037,21.344403397000065],[39.971993454000028,21.344268456000066],[39.972241071000042,21.344123621000051],[39.972525000000076,21.344543000000044],[39.972714000000053,21.344822000000022],[39.97184575700004,21.345351393000044],[39.971596429000044,21.345503416000042],[39.971444058000031,21.345288161000042],[39.971392322000042,21.345320676000028]]},"properties":{"OBJECTID":1138,"camp_label":"20/608","Transport_mode":"النقل التقليدي","Street_Camp_MIN":"شارع 608","MAKARF":"طريق الطائف - نفق الجامعة عرفات الأول - الدائري الأوسط","Street_Camp_ARF":"طريق 50","Street_MIN_Exit":"طريق الملك خالد - المعيصم","ASMARF":"الدائري الأوسط 83","ASM_CODE":"ASMARF1","block":"35D","camp_type":"حجاج الداخل","block_ARF":"35D","ARF_ZONE2":"مسار رقم 1","_length":24211,"MAKARFT1":null,"ARF_IN":null,"ARF_OUT":null,"Shape_Length":0.038033224670194876}},{"type":"Feature","id":1139,"geometry":{"type":"LineString","coordinates":[[39.94754269200007,21.33845289900006],[39.947882922000076,21.339012342000046],[39.94806738300008,21.33931715600005],[39.948252810000042,21.339560423000023],[39.948387074000038,21.339683809000064],[39.948537936000037,21.339801633000036],[39.948686590000079,21.339902104000032],[39.948875346000079,21.339993251000067],[39.949350837000054,21.340210389000049],[39.949867232000031,21.34042755300004],[39.950523626000063,21.340707680000037],[39.951483967000058,21.341119548000052],[39.95262288400005,21.341608852000036],[39.953384264000078,21.341944678000061],[39.953817981000043,21.342131661000053],[39.95408722600007,21.342220962000056],[39.95437045500006,21.342254175000051],[39.955214053000077,21.341746444000023],[39.95665136000008,21.340876285000036],[39.957739140000058,21.340217757000062],[39.958823771000027,21.339568923000058],[39.959897492000039,21.33975309300007],[39.960990657000025,21.339927552000063],[39.962083822000068,21.340102003000027],[39.963354236000043,21.340281783000023],[39.964165537000042,21.340402728000072],[39.965538207000066,21.340588467000032],[39.969332081000061,21.341166655000052],[39.969949754000027,21.341233893000037],[39.97196415500008,21.341398955000045],[39.975204524000048,21.341657407000071],[39.975453354000081,21.341676548000066],[39.974133824000035,21.342484467000077],[39.973112164000042,21.343102888000033],[39.971542448000037,21.344036152000058],[39.971764868000037,21.344403397000065],[39.971993454000028,21.344268456000066],[39.972241071000042,21.344123621000051],[39.972525000000076,21.344543000000044],[39.972714000000053,21.344822000000022],[39.97184575700004,21.345351393000044],[39.971869538000078,21.345386541000039]]},"properties":{"OBJECTID":1139,"camp_label":"4/639","Transport_mode":"النقل التقليدي","Street_Camp_MIN":"شارع 639","MAKARF":"طريق الطائف - نفق الجامعة عرفات الأول - الدائري الأوسط","Street_Camp_ARF":"طريق 50","Street_MIN_Exit":"طريق الملك خالد - المعيصم","ASMARF":"الدائري الأوسط 83","ASM_CODE":"ASMARF1","block":"35D","camp_type":"حجاج الداخل","block_ARF":"35D","ARF_ZONE2":"مسار رقم 1","_length":24211,"MAKARFT1":null,"ARF_IN":null,"ARF_OUT":null,"Shape_Length":0.037458810708133769}},{"type":"Feature","id":1140,"geometry":{"type":"LineString","coordinates":[[39.94754269200007,21.33845289900006],[39.947882922000076,21.339012342000046],[39.94806738300008,21.33931715600005],[39.948252810000042,21.339560423000023],[39.948387074000038,21.339683809000064],[39.948537936000037,21.339801633000036],[39.948686590000079,21.339902104000032],[39.948875346000079,21.339993251000067],[39.949350837000054,21.340210389000049],[39.949867232000031,21.34042755300004],[39.950523626000063,21.340707680000037],[39.951483967000058,21.341119548000052],[39.95262288400005,21.341608852000036],[39.953384264000078,21.341944678000061],[39.953817981000043,21.342131661000053],[39.95408722600007,21.342220962000056],[39.95437045500006,21.342254175000051],[39.955214053000077,21.341746444000023],[39.95665136000008,21.340876285000036],[39.957739140000058,21.340217757000062],[39.958823771000027,21.339568923000058],[39.959897492000039,21.33975309300007],[39.960990657000025,21.339927552000063],[39.962083822000068,21.340102003000027],[39.963354236000043,21.340281783000023],[39.964165537000042,21.340402728000072],[39.965538207000066,21.340588467000032],[39.969332081000061,21.341166655000052],[39.969949754000027,21.341233893000037],[39.97196415500008,21.341398955000045],[39.975204524000048,21.341657407000071],[39.975453354000081,21.341676548000066],[39.974133824000035,21.342484467000077],[39.973112164000042,21.343102888000033],[39.971542448000037,21.344036152000058],[39.971764868000037,21.344403397000065],[39.971993454000028,21.344268456000066],[39.971962403000077,21.344215222000059]]},"properties":{"OBJECTID":1140,"camp_label":"1/616","Transport_mode":"النقل التقليدي","Street_Camp_MIN":"شارع 616","MAKARF":"طريق الطائف - نفق الجامعة عرفات الأول - الدائري الأوسط","Street_Camp_ARF":"طريق 50","Street_MIN_Exit":"طريق الملك خالد - المعيصم","ASMARF":"الدائري الأوسط 83","ASM_CODE":"ASMARF1","block":"35D","camp_type":"حجاج الداخل","block_ARF":"35D","ARF_ZONE2":"مسار رقم 1","_length":24211,"MAKARFT1":null,"ARF_IN":null,"ARF_OUT":null,"Shape_Length":0.035330786013272913}},{"type":"Feature","id":1141,"geometry":{"type":"LineString","coordinates":[[39.94754269200007,21.33845289900006],[39.947882922000076,21.339012342000046],[39.94806738300008,21.33931715600005],[39.948252810000042,21.339560423000023],[39.948387074000038,21.339683809000064],[39.948537936000037,21.339801633000036],[39.948686590000079,21.339902104000032],[39.948875346000079,21.339993251000067],[39.949350837000054,21.340210389000049],[39.949867232000031,21.34042755300004],[39.950523626000063,21.340707680000037],[39.951483967000058,21.341119548000052],[39.95262288400005,21.341608852000036],[39.953384264000078,21.341944678000061],[39.953817981000043,21.342131661000053],[39.95408722600007,21.342220962000056],[39.95437045500006,21.342254175000051],[39.955214053000077,21.341746444000023],[39.95665136000008,21.340876285000036],[39.957739140000058,21.340217757000062],[39.958823771000027,21.339568923000058],[39.959897492000039,21.33975309300007],[39.960990657000025,21.339927552000063],[39.962083822000068,21.340102003000027],[39.963354236000043,21.340281783000023],[39.964165537000042,21.340402728000072],[39.965538207000066,21.340588467000032],[39.969332081000061,21.341166655000052],[39.969949754000027,21.341233893000037],[39.97196415500008,21.341398955000045],[39.975204524000048,21.341657407000071],[39.975453354000081,21.341676548000066],[39.974133824000035,21.342484467000077],[39.973112164000042,21.343102888000033],[39.971542448000037,21.344036152000058],[39.97099903700007,21.344370910000066],[39.971046518000037,21.344457117000047]]},"properties":{"OBJECTID":1141,"camp_label":"18/608","Transport_mode":"النقل التقليدي","Street_Camp_MIN":"شارع 608","MAKARF":"طريق الطائف - نفق الجامعة عرفات الأول - الدائري الأوسط","Street_Camp_ARF":"طريق 50","Street_MIN_Exit":"طريق الملك خالد - المعيصم","ASMARF":"الدائري الأوسط 83","ASM_CODE":"ASMARF1","block":"35D","camp_type":"حجاج الداخل","block_ARF":"35D","ARF_ZONE2":"مسار رقم 1","_length":24211,"MAKARFT1":null,"ARF_IN":null,"ARF_OUT":null,"Shape_Length":0.035311030195003493}},{"type":"Feature","id":1142,"geometry":{"type":"LineString","coordinates":[[39.967559644000062,21.327004457000044],[39.968701503000034,21.330313905000025],[39.969441184000061,21.333917002000078],[39.969441523000057,21.333916960000067],[39.970409320000044,21.333797324000045],[39.971279505000041,21.333759134000047],[39.972151085000064,21.333794204000071],[39.973522413000069,21.333893175000071],[39.976147974000071,21.334090063000076],[39.977602365000052,21.334224284000072],[39.978620627000055,21.334361124000054],[39.979497907000052,21.334478962000048],[39.981905452000035,21.334827834000066],[39.982791503000044,21.334956225000042],[39.984311742000045,21.335168384000042],[39.988851198000077,21.335819235000031],[39.989595674000043,21.335976746000028],[39.98991333400005,21.33605964000003],[39.990074634000052,21.336108697000043],[39.990594525000063,21.336279122000064],[39.99105174400006,21.336456535000025],[39.991471697000065,21.336638142000027],[39.991485818000058,21.336645660000045],[39.991498393000029,21.336655290000067],[39.991509065000059,21.33666676100006],[39.991518000000042,21.336680000000058],[39.991524000000027,21.336694000000023],[39.991526958000065,21.336708759000032],[39.99152765000008,21.336723963000054],[39.991525610000053,21.336739059000024],[39.991520896000054,21.336753621000071],[39.991513640000051,21.336767235000025],[39.991504000000077,21.336780000000033],[39.991492396000069,21.336790116000032],[39.991479009000045,21.336798733000023],[39.990670257000033,21.337407892000044],[39.989441315000079,21.338335753000024],[39.989303000000064,21.338442000000043],[39.989046706000067,21.33864668700005],[39.988746000000049,21.338896000000034],[39.988521028000036,21.339089873000034],[39.988264814000047,21.339318195000033],[39.988013132000049,21.339550902000042],[39.987766069000031,21.339787913000066],[39.987434000000064,21.340121000000067],[39.98719200000005,21.340374000000054],[39.987053422000031,21.340523963000066],[39.986825655000075,21.340777374000027],[39.986482516000081,21.341149893000022],[39.98613415300008,21.341518133000022],[39.985780625000075,21.341882027000054],[39.985421996000071,21.342241514000023],[39.985331676000044,21.342329684000049],[39.985225582000055,21.342248897000047]]},"properties":{"OBJECTID":1142,"camp_label":"4/631","Transport_mode":"النقل التقليدي","Street_Camp_MIN":"شارع 631","MAKARF":"طريق الطائف - جسر الجامعة عرفات الثاني - الدائري الشرقي","Street_Camp_ARF":"طريق 56","Street_MIN_Exit":"طريق الجوهرة (56)","ASMARF":"الدائري الشرقي عرفات","ASM_CODE":"ASMARF2","block":"8-6","camp_type":"حجاج الخارج","block_ARF":"8-6","ARF_ZONE2":"ARF ZONE 14","_length":17350,"MAKARFT1":null,"ARF_IN":56,"ARF_OUT":56,"Shape_Length":0.038107115320507499}},{"type":"Feature","id":1143,"geometry":{"type":"LineString","coordinates":[[39.967559644000062,21.327004457000044],[39.967578091000064,21.327037485000062],[39.967578537000065,21.327038283000036],[39.96770568800008,21.327282506000074],[39.967770659000053,21.327413711000077],[39.967832212000076,21.327544264000039],[39.96790502500005,21.327700284000059],[39.968117881000069,21.328196809000076],[39.968214207000074,21.328460520000078],[39.968280636000031,21.328653065000026],[39.968321539000044,21.328768767000042],[39.968383609000057,21.328967263000038],[39.968430871000066,21.329139271000031],[39.968458883000039,21.329258612000046],[39.968548708000071,21.329609178000055],[39.968561854000029,21.329674373000046],[39.96863191500006,21.329984139000032],[39.968701503000034,21.330313905000025],[39.969136646000038,21.332426045000034],[39.969177875000071,21.332632126000078],[39.969261667000069,21.333021962000032],[39.969363442000031,21.333523420000063],[39.969441184000061,21.333917002000078],[39.970409320000044,21.333797324000045],[39.971279505000041,21.333759134000047],[39.972151085000064,21.333794204000071],[39.973522413000069,21.333893175000071],[39.976147974000071,21.334090063000076],[39.977602365000052,21.334224284000072],[39.978620627000055,21.334361124000054],[39.981905452000035,21.334827834000066],[39.982791503000044,21.334956225000042],[39.984311742000045,21.335168384000042],[39.988851198000077,21.335819235000031],[39.989595674000043,21.335976746000028],[39.98991333400005,21.33605964000003],[39.990074634000052,21.336108697000043],[39.990594525000063,21.336279122000064],[39.99105174400006,21.336456535000025],[39.991601720000062,21.336694369000043],[39.991792514000053,21.33678833700003],[39.992351202000066,21.337087992000022],[39.992804592000027,21.337365677000037],[39.99309629000004,21.337567412000055],[39.993452297000033,21.337824367000053],[39.994206700000063,21.33846101000006],[39.994472922000057,21.338717325000061],[39.994792016000076,21.339050093000026],[39.995042147000049,21.339336876000061],[39.995392021000043,21.339778528000068],[39.995651810000027,21.34014140000005],[39.995958320000057,21.34061009900006],[39.996381353000061,21.341357596000023],[39.996698020000053,21.342059065000058],[39.996976540000048,21.342841210000074],[39.997211230000062,21.34376932400005],[39.997339835000048,21.344604835000041],[39.997333322000031,21.344615608000026],[39.997325026000055,21.344625246000078],[39.997315169000046,21.34463349300006],[39.997304012000029,21.344640128000037],[39.997291852000046,21.34464497700003],[39.997279012000035,21.344647909000059],[39.997265835000064,21.344648848000077],[39.99725267000008,21.344647767000026],[39.997239867000076,21.344644696000046],[39.997227768000073,21.344639716000074],[39.997216693000041,21.344632960000069],[39.997206938000033,21.344624607000071],[39.997198762000039,21.344614881000041],[39.997192382000037,21.344604038000057],[39.997187968000048,21.344592368000065],[39.997168473000045,21.344367563000048],[39.99714146000008,21.344143442000075],[39.997106957000028,21.343920225000033],[39.997064998000042,21.343698132000043],[39.997015623000038,21.343477381000071],[39.996958881000069,21.343258190000029],[39.996894829000041,21.343040774000031],[39.996823529000039,21.34282534700003],[39.996735518000037,21.342570568000042],[39.996642690000044,21.342317295000043],[39.996545076000075,21.342065606000062],[39.99644270500005,21.341815581000048],[39.996335611000063,21.341567299000076],[39.996319276000065,21.34154733400004],[39.996299657000066,21.341530159000058],[39.996277289000034,21.341516242000068],[39.996252782000056,21.341505962000042],[39.996226804000059,21.341499600000077],[39.99620006300006,21.341497329000049],[39.996173287000033,21.341499211000041],[39.996147206000046,21.341505194000035],[39.996122532000072,21.341515116000039],[39.995667465000054,21.341785893000065],[39.99521240100006,21.342056675000038],[39.994786519000058,21.342310086000055],[39.994731474000048,21.342342840000072],[39.994141506000062,21.342693884000028],[39.993939983000075,21.342813771000067],[39.992972554000062,21.343392051000023],[39.992729631000032,21.34353924800007],[39.99271245500006,21.34354965600005],[39.991642652000053,21.344197889000043],[39.991188706000059,21.344472930000052],[39.990659404000041,21.344793663000075],[39.989963827000054,21.345215125000038],[39.989843377000057,21.345288108000034],[39.98967074400008,21.345392706000041],[39.989624323000044,21.34542190600007],[39.989581918000056,21.345456047000027],[39.98954412300003,21.345494651000024],[39.989511472000061,21.345537174000071],[39.989484422000032,21.34558301800007],[39.989463354000065,21.345631540000056],[39.989397722000035,21.345834664000051],[39.989285375000065,21.346182368000029],[39.989141060000065,21.346760987000039],[39.988480848000052,21.347150718000023],[39.988317174000031,21.34724919000007],[39.988428597000052,21.347419939000076],[39.988385688000051,21.347446868000077]]},"properties":{"OBJECTID":1143,"camp_label":"22/608","Transport_mode":"النقل التقليدي","Street_Camp_MIN":"شارع 608","MAKARF":"طريق الطائف - جسر الجامعة عرفات الثاني - الدائري الشرقي","Street_Camp_ARF":"طريق 62","Street_MIN_Exit":"طريق الملك فهد (68 )","ASMARF":"الدائري الشرقي عرفات","ASM_CODE":"ASMARF2","block":"8-7","camp_type":"حجاج الخارج","block_ARF":"8-7","ARF_ZONE2":null,"_length":21725,"MAKARFT1":null,"ARF_IN":null,"ARF_OUT":null,"Shape_Length":0.053668741910533946}},{"type":"Feature","id":1145,"geometry":{"type":"LineString","coordinates":[[39.94754269200007,21.33845289900006],[39.948252810000042,21.339560423000023],[39.948686590000079,21.339902104000032],[39.95437045500006,21.342254175000051],[39.955214053000077,21.341746444000023],[39.95665136000008,21.340876285000036],[39.957739140000058,21.340217757000062],[39.958823771000027,21.339568923000058],[39.959897492000039,21.33975309300007],[39.962083822000068,21.340102003000027],[39.963354236000043,21.340281783000023],[39.964165537000042,21.340402728000072],[39.965538207000066,21.340588467000032],[39.969332081000061,21.341166655000052],[39.969949754000027,21.341233893000037],[39.97196415500008,21.341398955000045],[39.975204524000048,21.341657407000071],[39.977501105000044,21.34183405400006],[39.978269431000058,21.341953748000037],[39.978568372000041,21.342023475000076],[39.978865776000077,21.342098751000037],[39.979161524000062,21.342179549000036],[39.979455501000075,21.342265836000024],[39.979747590000045,21.34235757700003],[39.980037676000052,21.342454736000036],[39.980294342000036,21.342544596000039],[39.980314471000042,21.342586012000027],[39.980328010000051,21.342628481000077],[39.980334753000079,21.342672353000069],[39.980334553000034,21.342716676000066],[39.980327415000033,21.342760493000071],[39.98031349200005,21.34280285400007],[39.980293000000074,21.342843000000073],[39.980266641000071,21.342879596000046],[39.980234726000049,21.342912315000035],[39.980198032000033,21.342940295000062],[39.979253608000079,21.343506618000049],[39.979172948000041,21.343554985000026],[39.97700327900003,21.344855964000033],[39.97667235800003,21.345054391000076],[39.974874026000066,21.346132709000074],[39.974698662000037,21.346237856000073],[39.974664000000075,21.346259000000032],[39.975013173000036,21.346756476000053],[39.974968359000059,21.346780014000046]]},"properties":{"OBJECTID":1145,"camp_label":"5/631","Transport_mode":"النقل التقليدي","Street_Camp_MIN":"شارع 631","MAKARF":"طريق الطائف - نفق الجامعة عرفات الأول - الدائري الأوسط","Street_Camp_ARF":"طريق 62","Street_MIN_Exit":"طريق الجوهرة (56)","ASMARF":"الدائري الأوسط 83","ASM_CODE":"ASMARF1","block":"90","camp_type":"حجاج الخارج","block_ARF":"90","ARF_ZONE2":"ARF3","_length":17018,"MAKARFT1":null,"ARF_IN":null,"ARF_OUT":null,"Shape_Length":0.042495410293263085}}]
}