ID,Period,Start time,End time,Timing period,Number of buses,Number of haj,Plan type ID,Plan type,Transport type ID,Transport type,Entrance ID,Entrance,Path ID,Path objectid,Path,Get parking type,Get parking ID,Get parking,Set parking type,Set parking ID,Set parking,Plan desire ID,Plan desire,Start point type,Start point name,End point type,End point name,Path GIS,Creator,Company ID,Company,Owner,Created at,Updated at
019e1db7-0156-71d1-9a35-7131870636db,1,20:00,23:59,فترة اولى,20,3842,8b2033c0-197e-43d7-935a-c37e5ac86561,تروية,9fc47c58-d9e9-45e0-9d66-6da9f5c4fc85,قطار,c9b6a08b-9db3-4cc8-bfba-162d2ee1544f,مدخل طريق الملك عبدالله - العزيزية,0e82823f-f16d-4c90-9e17-988133aa21e7,198,شارع 62,parking,4b152c54-b526-49fb-86d9-409334589cfb,الاسناد القطار,parking,4b152c54-b526-49fb-86d9-409334589cfb,الاسناد القطار,,,residence,شركة برج قصر الشرق للخدمات الفندقيه,camp,49/62,"{""type"":""LineString"",""coordinates"":[[39.810298,21.402883],[39.810243,21.403224],[39.810187,21.403661],[39.810006,21.405206],[39.80931,21.405118],[39.809031,21.407047],[39.808818,21.408268],[39.808617,21.409027],[39.809571,21.409244],[39.809632,21.408572],[39.809712,21.408353],[39.809811,21.407727],[39.809943,21.407297],[39.810114,21.405858],[39.81041,21.403816],[39.810849,21.400982],[39.810842,21.399724],[39.81081,21.399267],[39.810792,21.398813],[39.810679,21.398191],[39.810579,21.397899],[39.810078,21.396209],[39.809966,21.395806],[39.809467,21.394017],[39.809104,21.393444],[39.808949,21.393264],[39.808743,21.393123],[39.808551,21.393069],[39.80832,21.393069],[39.80804,21.393145],[39.807788,21.393338],[39.807543,21.393611],[39.807398,21.394029],[39.807368,21.394382],[39.807463,21.39463],[39.8077,21.394861],[39.807987,21.394947],[39.808437,21.394952],[39.809089,21.394697],[39.810361,21.393996],[39.811102,21.393614],[39.812213,21.392723],[39.813192,21.391724],[39.813419,21.391411],[39.813907,21.39074],[39.814757,21.389569],[39.815443,21.388743],[39.816345,21.387941],[39.816891,21.387545],[39.817406,21.387243],[39.818184,21.386825],[39.818931,21.386534],[39.81968,21.386324],[39.820468,21.386162],[39.821319,21.386089],[39.822593,21.386054],[39.824501,21.385929],[39.825737,21.385701],[39.827605,21.385172],[39.831319,21.38409],[39.831698,21.383991],[39.83206,21.383938],[39.832469,21.383894],[39.83283,21.383901],[39.83366,21.384005],[39.834076,21.384084],[39.834522,21.384233],[39.83508,21.384505],[39.835481,21.384745],[39.835939,21.385046],[39.836207,21.385284],[39.838285,21.387534],[39.838589,21.387837],[39.839153,21.388255],[39.839564,21.388494],[39.840047,21.388707],[39.840505,21.388865],[39.841031,21.388987],[39.841601,21.389045],[39.845807,21.389365],[39.845916,21.389383],[39.846272,21.38944],[39.846807,21.389599],[39.847417,21.389851],[39.847917,21.390141],[39.848327,21.390434],[39.848696,21.390774],[39.849186,21.391318],[39.849592,21.391657],[39.849861,21.391947],[39.850018,21.392085],[39.850446,21.392585],[39.851391,21.393633],[39.851581,21.393812],[39.851774,21.393938],[39.852046,21.394056],[39.852337,21.394122],[39.85254,21.394143],[39.852726,21.394133],[39.852959,21.394071],[39.853614,21.393779],[39.85405,21.393471],[39.854566,21.393024],[39.855648,21.391708],[39.855996,21.391461],[39.856181,21.391287],[39.856525,21.391018],[39.85717,21.390408],[39.857709,21.389855],[39.858217,21.389318],[39.85912,21.388568],[39.862032,21.385524],[39.863018,21.384644],[39.863957,21.384037],[39.86448,21.383738],[39.865047,21.383474],[39.865891,21.383149],[39.866999,21.382837],[39.867992,21.382698],[39.868715,21.382637],[39.869226,21.382632],[39.870011,21.382663],[39.870534,21.38271],[39.871031,21.382805],[39.872226,21.383094],[39.872622,21.383189],[39.87341,21.383495],[39.874256,21.383747],[39.874375,21.383782],[39.875494,21.384124],[39.875621,21.384163],[39.877628,21.384792],[39.877799,21.384845],[39.881188,21.385907],[39.881609,21.386039],[39.883944,21.386745],[39.885585,21.38727],[39.885492,21.387397],[39.885337,21.387606],[39.885146,21.387815],[39.884401,21.388374],[39.884161,21.388603],[39.883976,21.388805],[39.883784,21.389073],[39.883661,21.389262],[39.883397,21.389747],[39.883264,21.390239],[39.883217,21.390412],[39.883086,21.391198],[39.883009,21.391761],[39.883004,21.392121],[39.883034,21.392971],[39.883076,21.393244],[39.88309,21.39336],[39.883151,21.393861],[39.883281,21.394359],[39.883387,21.394766],[39.883451,21.394994],[39.883531,21.39521]]}",Admin,91a7aeb8-caf0-42b0-b9b7-90982be51219,اثراء الخير,13,2026-05-12 19:43:13,2026-05-12 19:43:13
019e1db6-fca9-7369-a538-81e88fde16ad,1,20:00,23:59,فترة اولى,15,3940,8b2033c0-197e-43d7-935a-c37e5ac86561,تروية,a0bc4dde-a22d-4d68-bf95-75f45d362d66,تقليدي رد,ba2f406d-8d95-4830-b635-1ba0d2d6825b,مدخل انفاق الجمرات سوق العرب - شارح الحج,9518cce9-06d0-4a1d-b0f4-419fa76abb14,627,شارع 206,parking,6a81cfb3-9019-4ac5-9f85-353cab5b9895,الاتصالات الجديد,parking,6a81cfb3-9019-4ac5-9f85-353cab5b9895,الاتصالات الجديد,,,residence,شركة المستحدث للمقاولات شركة ذات المسؤولية المحدودة من,camp,2/207,"{""type"":""LineString"",""coordinates"":[[39.874993,21.393491],[39.875561,21.393195],[39.87582,21.393627],[39.875682,21.393704],[39.875345,21.393881],[39.875388,21.393976],[39.875365,21.394035],[39.874497,21.394504],[39.874067,21.394726],[39.874325,21.395146],[39.87473,21.395784],[39.875,21.396165],[39.875054,21.396259],[39.875614,21.397216],[39.875935,21.397753],[39.877014,21.399553],[39.87754,21.400431],[39.878082,21.401335],[39.878144,21.401442],[39.878224,21.401599],[39.878085,21.401676],[39.877587,21.401978],[39.875685,21.403319],[39.875271,21.403623],[39.875148,21.403694],[39.875087,21.403731],[39.874767,21.403981],[39.874024,21.404541],[39.873704,21.404785],[39.873437,21.404961],[39.873398,21.404987],[39.873222,21.405102],[39.870999,21.406751],[39.870103,21.407381],[39.869872,21.40758],[39.867755,21.409738],[39.867381,21.410119],[39.867271,21.410232],[39.866179,21.411353],[39.863733,21.41389],[39.862971,21.414657],[39.862891,21.414738],[39.860752,21.417063],[39.859194,21.418766],[39.85849,21.419535],[39.858425,21.419606],[39.857239,21.420905],[39.856901,21.421274],[39.856712,21.421565],[39.856603,21.42185],[39.856519,21.422144],[39.856517,21.422425],[39.856545,21.422718],[39.856787,21.424362],[39.856946,21.42544],[39.856991,21.426045],[39.856939,21.426436],[39.856821,21.426768],[39.856625,21.427119],[39.856469,21.427339],[39.857012,21.427373],[39.857324,21.427516],[39.857616,21.427768],[39.857803,21.427942],[39.858208,21.42766],[39.858477,21.42751],[39.858578,21.427456],[39.858688,21.427398],[39.859321,21.427186],[39.860025,21.426955],[39.860749,21.426769],[39.861713,21.426532],[39.862247,21.426366],[39.862485,21.426326],[39.862678,21.426294],[39.862756,21.426283]]}",Admin,91a7aeb8-caf0-42b0-b9b7-90982be51219,اثراء الخير,20,2026-05-12 19:43:12,2026-05-12 19:43:12
019e1db6-ff80-7209-a184-f5073db77a73,1,20:00,23:59,فترة اولى,15,3984,8b2033c0-197e-43d7-935a-c37e5ac86561,تروية,a0bc4dde-a22d-4d68-bf95-75f45d362d66,تقليدي رد,7e119f56-c9f9-4a70-9aa5-de9f5cdd2513,مدخل طريق الملك خالد - العزيزية,9b2e9242-1dfa-4188-bfe6-7dd70b7651d6,624,شارع 68,parking,6a81cfb3-9019-4ac5-9f85-353cab5b9895,الاتصالات الجديد,parking,6a81cfb3-9019-4ac5-9f85-353cab5b9895,الاتصالات الجديد,,,residence,أوقاف واربطة النظام حيدر آباد الوقفية,camp,44/68,"{""type"":""LineString"",""coordinates"":[[39.771939,21.429184],[39.771872,21.429447],[39.771695,21.429917],[39.771505,21.430294],[39.771337,21.430568],[39.771873,21.430899],[39.772422,21.43122],[39.773236,21.429771],[39.773544,21.429305],[39.774567,21.427918],[39.77474,21.427805],[39.774772,21.427768],[39.775092,21.427402],[39.775158,21.427327],[39.775251,21.427221],[39.775654,21.426764],[39.776353,21.4261],[39.776468,21.426105],[39.776508,21.426165],[39.776447,21.426265],[39.775816,21.42684],[39.774936,21.427815],[39.774868,21.428018],[39.774135,21.429054],[39.773335,21.430333],[39.773,21.43087],[39.773371,21.431134],[39.773706,21.431335],[39.773993,21.431405],[39.774271,21.431446],[39.774838,21.431436],[39.775393,21.431342],[39.775733,21.431244],[39.776046,21.431093],[39.776293,21.43093],[39.77654,21.43069],[39.776715,21.430453],[39.776976,21.429957],[39.777345,21.42879],[39.778284,21.425768],[39.778432,21.425286],[39.778651,21.424576],[39.779125,21.42291],[39.779445,21.421689],[39.779542,21.421251],[39.779886,21.42015],[39.780002,21.419752],[39.780427,21.417964],[39.780523,21.41757],[39.781756,21.412516],[39.781957,21.411816],[39.782411,21.409984],[39.782817,21.40817],[39.783075,21.406748],[39.783241,21.405794],[39.783581,21.404372],[39.78407,21.402907],[39.784367,21.402258],[39.784651,21.401747],[39.785163,21.400955],[39.785792,21.400144],[39.786058,21.399844],[39.786396,21.399507],[39.787091,21.398924],[39.787803,21.398421],[39.788661,21.397893],[39.789208,21.397624],[39.789734,21.397366],[39.791116,21.39691],[39.795057,21.396094],[39.796682,21.395776],[39.797482,21.395713],[39.798875,21.395682],[39.801061,21.395665],[39.802203,21.39565],[39.805217,21.3956],[39.805839,21.39558],[39.806678,21.395451],[39.80775,21.39516],[39.808437,21.394952],[39.809089,21.394697],[39.810361,21.393996],[39.811102,21.393614],[39.812213,21.392723],[39.813192,21.391724],[39.813419,21.391411],[39.813907,21.39074],[39.814757,21.389569],[39.815443,21.388743],[39.816345,21.387941],[39.816891,21.387545],[39.817406,21.387243],[39.818184,21.386825],[39.818931,21.386534],[39.81968,21.386324],[39.820468,21.386162],[39.821319,21.386089],[39.822593,21.386054],[39.824501,21.385929],[39.825737,21.385701],[39.827605,21.385172],[39.831319,21.38409],[39.831698,21.383991],[39.83206,21.383938],[39.832469,21.383894],[39.83283,21.383901],[39.83366,21.384005],[39.834076,21.384084],[39.834522,21.384233],[39.83508,21.384505],[39.835481,21.384745],[39.835939,21.385046],[39.836207,21.385284],[39.838285,21.387534],[39.838589,21.387837],[39.839153,21.388255],[39.839564,21.388494],[39.840047,21.388707],[39.840505,21.388865],[39.841031,21.388987],[39.841601,21.389045],[39.845807,21.389365],[39.845916,21.389383],[39.846272,21.38944],[39.846807,21.389599],[39.847417,21.389851],[39.847917,21.390141],[39.848327,21.390434],[39.848696,21.390774],[39.849186,21.391318],[39.849592,21.391657],[39.849861,21.391947],[39.850018,21.392085],[39.850446,21.392585],[39.851391,21.393633],[39.851581,21.393812],[39.851774,21.393938],[39.852046,21.394056],[39.852337,21.394122],[39.85254,21.394143],[39.852726,21.394133],[39.852959,21.394071],[39.853614,21.393779],[39.85405,21.393471],[39.854566,21.393024],[39.855648,21.391708],[39.855996,21.391461],[39.856181,21.391287],[39.856525,21.391018],[39.85717,21.390408],[39.857709,21.389855],[39.858217,21.389318],[39.858296,21.389234],[39.858421,21.388963],[39.858482,21.388785],[39.858509,21.38862],[39.858484,21.388457],[39.858342,21.388246],[39.858207,21.388178],[39.858024,21.388129],[39.857846,21.388133],[39.857681,21.388174],[39.857481,21.388316],[39.857389,21.388493],[39.857363,21.388644],[39.857395,21.388753],[39.857486,21.388948],[39.857602,21.389076],[39.857993,21.389269],[39.858778,21.389586],[39.860102,21.390036],[39.860409,21.39017],[39.863574,21.391659],[39.865433,21.392485],[39.866105,21.392865],[39.866575,21.393191],[39.866952,21.393565],[39.86732,21.393982],[39.867845,21.394613],[39.867923,21.394682],[39.868002,21.394783],[39.868412,21.395292],[39.868845,21.395777],[39.869183,21.396134],[39.869471,21.396486],[39.870046,21.397325],[39.870523,21.398201],[39.870867,21.3988],[39.871852,21.400489],[39.872236,21.401144],[39.872538,21.401635],[39.872718,21.401887]]}",Admin,91a7aeb8-caf0-42b0-b9b7-90982be51219,اثراء الخير,22,2026-05-12 19:43:12,2026-05-12 19:43:12
019e1db6-fdb8-70f6-bf1a-91278c9ea804,2,00:00,03:59,فترة ثانية,20,3335,8b2033c0-197e-43d7-935a-c37e5ac86561,تروية,9fc47c58-d9e9-45e0-9d66-6da9f5c4fc85,قطار,7e7e21be-788f-4408-bc11-279c05bf480a,مدخل انفاق الجمرات الجوهرة - شارح الحج,1ceb55df-31c5-4b6a-b111-061bf3603972,623,شارع 56,parking,4b152c54-b526-49fb-86d9-409334589cfb,الاسناد القطار,parking,4b152c54-b526-49fb-86d9-409334589cfb,الاسناد القطار,,,residence,شركة الماسه ذاخر لتشغيل الفنادق شركة شخص واحد,camp,39/56,"{""type"":""LineString"",""coordinates"":[[39.836999,21.445979],[39.83655,21.444985],[39.836424,21.444702],[39.836115,21.444006],[39.83598,21.443735],[39.83595,21.443675],[39.835789,21.443354],[39.835694,21.443166],[39.835664,21.44305],[39.835595,21.442959],[39.835515,21.442724],[39.835523,21.44251],[39.835586,21.442167],[39.835667,21.441967],[39.835717,21.441799],[39.835764,21.441653],[39.835854,21.441674],[39.836146,21.441719],[39.836433,21.441707],[39.837604,21.441554],[39.838054,21.441488],[39.83822,21.44143],[39.838356,21.441359],[39.838551,21.441144],[39.838933,21.440707],[39.839132,21.440507],[39.83939,21.440349],[39.839586,21.440253],[39.84036,21.440324],[39.841393,21.440367],[39.841808,21.440362],[39.842835,21.440308],[39.843563,21.440207],[39.844756,21.439985],[39.846013,21.439761],[39.847718,21.439446],[39.848404,21.439285],[39.848747,21.439216],[39.850317,21.438848],[39.850575,21.438785],[39.850737,21.438697],[39.85119,21.438468],[39.851402,21.438311],[39.851997,21.437821],[39.852663,21.437224],[39.853072,21.436899],[39.853397,21.436722],[39.853774,21.436575],[39.854452,21.436391],[39.85532,21.43629],[39.855834,21.436215],[39.855996,21.436166],[39.856178,21.43611],[39.856567,21.43598],[39.856838,21.435782],[39.85731,21.435425],[39.857722,21.434995],[39.858064,21.434639],[39.858845,21.433738],[39.859967,21.43252],[39.860503,21.431987],[39.860978,21.431307],[39.861034,21.4312],[39.86121,21.430861],[39.861294,21.4307],[39.861513,21.43011],[39.861885,21.428719],[39.862151,21.427831],[39.862225,21.427423],[39.862333,21.426825],[39.862475,21.426434],[39.862485,21.426326],[39.862678,21.426294],[39.862756,21.426283]]}",Admin,91a7aeb8-caf0-42b0-b9b7-90982be51219,اثراء الخير,12,2026-05-12 19:43:12,2026-05-12 19:43:12
019e1db6-faf3-717b-b51f-0bcd8100c446,2,00:00,03:59,فترة ثانية,15,2358,8b2033c0-197e-43d7-935a-c37e5ac86561,تروية,a0bc4dde-a22d-4d68-bf95-75f45d362d66,تقليدي رد,c9b6a08b-9db3-4cc8-bfba-162d2ee1544f,مدخل طريق الملك عبدالله - العزيزية,759a8b97-1759-47f1-9dbf-35583091cf5b,625,شارع 616,parking,6a81cfb3-9019-4ac5-9f85-353cab5b9895,الاتصالات الجديد,parking,6a81cfb3-9019-4ac5-9f85-353cab5b9895,الاتصالات الجديد,,,residence,شركة الروح الحرة الفندقية,camp,1/628,"{""type"":""LineString"",""coordinates"":[[39.848188,21.420226],[39.847955,21.420217],[39.847573,21.420241],[39.847498,21.420318],[39.847489,21.420558],[39.847514,21.420936],[39.847346,21.420938],[39.847368,21.421227],[39.847802,21.421211],[39.848334,21.421188],[39.849191,21.421167],[39.850454,21.421049],[39.851183,21.420947],[39.851521,21.420819],[39.851827,21.42067],[39.852143,21.420443],[39.852385,21.420171],[39.853182,21.4192],[39.853454,21.418683],[39.853662,21.418375],[39.854049,21.41786],[39.854388,21.417419],[39.854815,21.416871],[39.854832,21.41685],[39.855039,21.416754],[39.856199,21.415212],[39.856915,21.414028],[39.857548,21.412983],[39.859613,21.409567],[39.860347,21.408343],[39.861218,21.406891],[39.861848,21.405711],[39.862293,21.404805],[39.862648,21.403944],[39.863146,21.402736],[39.864457,21.399575],[39.864667,21.399101],[39.865353,21.397787],[39.865604,21.397353],[39.865839,21.397027],[39.866002,21.396835],[39.866639,21.39624],[39.867089,21.395886],[39.869109,21.394312],[39.87078,21.393016],[39.871413,21.392421],[39.871914,21.39181],[39.87245,21.39099],[39.872511,21.39085],[39.872815,21.390147],[39.873089,21.389359],[39.873632,21.387748],[39.873794,21.387223],[39.87407,21.386327],[39.874115,21.385744],[39.874141,21.385156],[39.87435,21.384466],[39.874406,21.384327],[39.874475,21.384217],[39.874577,21.384167],[39.874671,21.384162],[39.874872,21.38419],[39.875036,21.384267],[39.875103,21.384342],[39.875149,21.384429],[39.875162,21.384517],[39.875135,21.384632],[39.874937,21.385255],[39.874524,21.385901],[39.87417,21.386626],[39.873912,21.387434],[39.873864,21.387944],[39.873808,21.388107],[39.873629,21.388677],[39.873994,21.388795],[39.876326,21.389517],[39.877948,21.390034],[39.878779,21.390299],[39.878926,21.390339],[39.879114,21.390389],[39.879558,21.390607],[39.880854,21.391498],[39.881567,21.392007],[39.882011,21.392538],[39.882065,21.39262],[39.882396,21.393125],[39.882444,21.393197],[39.882514,21.393265],[39.882609,21.393289],[39.882868,21.393262],[39.883076,21.393244],[39.88309,21.39336],[39.883151,21.393861],[39.883281,21.394359],[39.883387,21.394766],[39.883451,21.394994],[39.883531,21.39521]]}",Admin,91a7aeb8-caf0-42b0-b9b7-90982be51219,اثراء الخير,34,2026-05-12 19:43:11,2026-05-12 19:43:11
019e1c80-a0a7-7228-8712-04bd9316c886,2,00:00,03:59,فترة ثانية,4,183,8b2033c0-197e-43d7-935a-c37e5ac86561,تروية,a0bc4dde-a22d-4d68-bf95-75f45d362d66,تقليدي رد,ba2f406d-8d95-4830-b635-1ba0d2d6825b,مدخل انفاق الجمرات سوق العرب - شارح الحج,39fb0218-e0d9-4d81-8144-cd9f385838cd,471,شارع 206,parking,6a81cfb3-9019-4ac5-9f85-353cab5b9895,الاتصالات الجديد,parking,6a81cfb3-9019-4ac5-9f85-353cab5b9895,الاتصالات الجديد,,,residence,شركة رومانس ايليت الفندقية,camp,E/206,"{""type"":""LineString"",""coordinates"":[[39.820243,21.436905],[39.820411,21.437086],[39.821169,21.437782],[39.821229,21.437838],[39.821304,21.437906],[39.821649,21.438085],[39.821945,21.43819],[39.822398,21.43803],[39.823357,21.437517],[39.824015,21.437233],[39.824762,21.436936],[39.824987,21.436863],[39.825807,21.436664],[39.826307,21.436516],[39.826546,21.436387],[39.826789,21.436219],[39.827367,21.43594],[39.828227,21.435483],[39.829782,21.43488],[39.830042,21.434874],[39.83035,21.43491],[39.830614,21.434997],[39.83094,21.435188],[39.83117,21.435431],[39.831333,21.435654],[39.831389,21.435841],[39.831582,21.436666],[39.831828,21.437183],[39.832105,21.437477],[39.832876,21.438218],[39.833056,21.438369],[39.833477,21.438676],[39.83449,21.439608],[39.834725,21.439775],[39.835097,21.439958],[39.835535,21.440036],[39.835633,21.44003],[39.83587,21.440014],[39.83608,21.440017],[39.836335,21.439992],[39.836481,21.439992],[39.836576,21.439992],[39.837051,21.440007],[39.837648,21.440052],[39.838387,21.440111],[39.839121,21.440179],[39.839382,21.440225],[39.839586,21.440253],[39.84036,21.440324],[39.841393,21.440367],[39.841808,21.440362],[39.842835,21.440308],[39.843563,21.440207],[39.844756,21.439985],[39.846013,21.439761],[39.847718,21.439446],[39.848404,21.439285],[39.848747,21.439216],[39.850317,21.438848],[39.850575,21.438785],[39.850737,21.438697],[39.85119,21.438468],[39.851402,21.438311],[39.851997,21.437821],[39.852663,21.437224],[39.853072,21.436899],[39.853397,21.436722],[39.853774,21.436575],[39.854452,21.436391],[39.85532,21.43629],[39.855834,21.436215],[39.855996,21.436166],[39.856178,21.43611],[39.856567,21.43598],[39.856838,21.435782],[39.85731,21.435425],[39.857722,21.434995],[39.858064,21.434639],[39.858845,21.433738],[39.859967,21.43252],[39.860503,21.431987],[39.860978,21.431307],[39.861034,21.4312],[39.86121,21.430861],[39.861294,21.4307],[39.861513,21.43011],[39.861885,21.428719],[39.862151,21.427831],[39.862225,21.427423],[39.862333,21.426825],[39.862475,21.426434],[39.862485,21.426326],[39.862678,21.426294],[39.862756,21.426283]]}",Admin,7ef8e119-d4ed-42a5-9110-d77db1a7e856,ابراج شركة مكه,2,2026-05-12 14:04:12,2026-05-12 14:04:12
019e1c80-9bdd-726b-ad02-ee1a76dcca63,2,00:00,03:59,فترة ثانية,15,3177,8b2033c0-197e-43d7-935a-c37e5ac86561,تروية,48a174b1-0445-44d5-8d15-f6b484620b5d,ترددي,4e968379-67ed-4221-903f-e7351145b578,مدخل الترددي 1 - منى,03d2e841-f7a9-478d-82bf-b96382c54f41,592,شارع 408,bus_warehouse,78d92381-0800-44ed-ad7b-9ff92b62e4b6,ترددي 1,bus_warehouse,78d92381-0800-44ed-ad7b-9ff92b62e4b6,ترددي 1,,,residence,شركة اصيل الهيبة لتشغيل الفنادق,camp,13/408,"{""type"":""LineString"",""coordinates"":[[39.827967,21.416659],[39.828007,21.41679],[39.828076,21.417017],[39.8285,21.416933],[39.828573,21.416917],[39.828798,21.416844],[39.829045,21.416713],[39.829337,21.416677],[39.829786,21.416694],[39.830732,21.416554],[39.831377,21.416384],[39.831718,21.416278],[39.832033,21.416152],[39.838227,21.412896],[39.838921,21.412402],[39.83955,21.411899],[39.840154,21.41138],[39.841104,21.4104],[39.841448,21.41001],[39.842328,21.408941],[39.842812,21.408322],[39.84304,21.40803],[39.846588,21.403952],[39.84699,21.403319],[39.847287,21.402708],[39.847522,21.401979],[39.847675,21.400866],[39.847757,21.400379],[39.847936,21.398697],[39.848087,21.398091],[39.848194,21.397813],[39.848526,21.397184],[39.848715,21.396921],[39.848992,21.396578],[39.849437,21.396111],[39.849685,21.395914],[39.849987,21.395705],[39.850241,21.39555],[39.850696,21.395318],[39.851103,21.395121],[39.852866,21.39428],[39.85336,21.394031],[39.853855,21.39375],[39.854267,21.393467],[39.85464,21.393184],[39.854897,21.39296],[39.855798,21.391964],[39.856536,21.391178],[39.85912,21.388568],[39.862032,21.385524],[39.863018,21.384644],[39.863957,21.384037],[39.86448,21.383738],[39.865047,21.383474],[39.865891,21.383149],[39.866999,21.382837],[39.867992,21.382698],[39.868715,21.382637],[39.869226,21.382632],[39.870011,21.382663],[39.870534,21.38271],[39.871031,21.382805],[39.872226,21.383094],[39.872622,21.383189],[39.87341,21.383495],[39.874256,21.383747],[39.874375,21.383782],[39.875494,21.384124],[39.875621,21.384163],[39.877628,21.384792],[39.877799,21.384845],[39.881188,21.385907],[39.881609,21.386039],[39.883944,21.386745],[39.885585,21.38727],[39.886236,21.387469],[39.888263,21.388099],[39.889419,21.388485],[39.889529,21.388522],[39.890503,21.388827],[39.892548,21.38947],[39.892976,21.389646],[39.893288,21.389775],[39.893949,21.389932],[39.894388,21.390017],[39.894603,21.390012],[39.895011,21.390022],[39.896599,21.389807],[39.897783,21.38963],[39.898315,21.389587],[39.898723,21.389502],[39.898959,21.389404],[39.899363,21.389162],[39.899572,21.388916],[39.899647,21.388823],[39.899738,21.388711],[39.900204,21.388081],[39.90045,21.387688],[39.901347,21.386056],[39.901491,21.385591],[39.901518,21.385428],[39.901502,21.385248],[39.901443,21.385013],[39.901303,21.384842],[39.901105,21.384753],[39.900836,21.384717],[39.900558,21.384773],[39.900375,21.384898],[39.900247,21.385043],[39.900188,21.385198],[39.900166,21.385406],[39.900203,21.385591],[39.900341,21.385945],[39.902134,21.388293],[39.903467,21.39016],[39.904777,21.391926],[39.906077,21.393658],[39.908527,21.39692],[39.90976,21.398562],[39.910401,21.399415],[39.911031,21.400316],[39.911549,21.401261],[39.911872,21.402078],[39.912199,21.403295],[39.912263,21.404103],[39.912291,21.404463],[39.912243,21.40527],[39.912039,21.406224],[39.911342,21.40799],[39.91131,21.408071],[39.911269,21.408174],[39.910998,21.408861],[39.910953,21.408975]]}",Admin,7ef8e119-d4ed-42a5-9110-d77db1a7e856,ابراج شركة مكه,9,2026-05-12 14:04:11,2026-05-12 14:04:11
019e1c80-983f-70e8-b4df-9934069f3c01,3,04:00,08:00,فترة ثالثة,20,940,8b2033c0-197e-43d7-935a-c37e5ac86561,تروية,a0bc4dde-a22d-4d68-bf95-75f45d362d66,تقليدي رد,c9b6a08b-9db3-4cc8-bfba-162d2ee1544f,مدخل طريق الملك عبدالله - العزيزية,164c9665-4ea5-4c53-a5ed-f28018ceaadb,166,شارع 639,parking,7a92132e-3f5f-42d3-a0df-28ea64bb1b86,الجامعة الجديد,parking,7a92132e-3f5f-42d3-a0df-28ea64bb1b86,الجامعة الجديد,,,residence,مؤسسة شاكر فيصل حموه,camp,3/639,"{""type"":""LineString"",""coordinates"":[[39.8804,21.395572],[39.880463,21.395677],[39.880718,21.396102],[39.881695,21.395594],[39.882849,21.394999],[39.883066,21.394982],[39.883,21.394804],[39.882989,21.394644],[39.883095,21.394449],[39.88306,21.39433],[39.882892,21.393411],[39.882868,21.393262],[39.883076,21.393244],[39.88309,21.39336],[39.883151,21.393861],[39.883281,21.394359],[39.883387,21.394766],[39.883451,21.394994],[39.883531,21.39521]]}",Admin,91a7aeb8-caf0-42b0-b9b7-90982be51219,اثراء الخير,31,2026-05-12 14:04:10,2026-05-12 14:04:10
019e1c80-9ae3-73a3-934f-a65d50c5174f,3,04:00,08:00,فترة ثالثة,15,3519,8b2033c0-197e-43d7-935a-c37e5ac86561,تروية,48a174b1-0445-44d5-8d15-f6b484620b5d,ترددي,4e968379-67ed-4221-903f-e7351145b578,مدخل الترددي 1 - منى,e8129e8b-e72f-424f-b921-4fda2746acbd,590,شارع 408,bus_warehouse,78d92381-0800-44ed-ad7b-9ff92b62e4b6,ترددي 1,bus_warehouse,78d92381-0800-44ed-ad7b-9ff92b62e4b6,ترددي 1,,,residence,شركة انوار الصلاح المحدودة شخص واحد,camp,11/408,"{""type"":""LineString"",""coordinates"":[[39.819414,21.426313],[39.819606,21.426021],[39.819838,21.425482],[39.820027,21.424948],[39.820096,21.424676],[39.820093,21.424556],[39.820058,21.424428],[39.819915,21.424157],[39.819837,21.424095],[39.819732,21.424045],[39.81951,21.424005],[39.819349,21.424009],[39.818696,21.424095],[39.818506,21.424106],[39.818339,21.42409],[39.818091,21.424109],[39.816302,21.424249],[39.814901,21.424394],[39.814513,21.424411],[39.814207,21.424402],[39.814037,21.424379],[39.81389,21.424253],[39.81416,21.424288],[39.814583,21.424301],[39.8149,21.424294],[39.816324,21.424159],[39.817715,21.424025],[39.817839,21.424015],[39.818018,21.424003],[39.818758,21.423956],[39.819167,21.423893],[39.819468,21.423825],[39.819616,21.423779],[39.819737,21.423712],[39.82102,21.422308],[39.821255,21.422148],[39.821521,21.422043],[39.8218,21.42196],[39.822147,21.421864],[39.822382,21.421761],[39.822573,21.421647],[39.822791,21.421489],[39.823573,21.420862],[39.823754,21.420759],[39.824375,21.420476],[39.824726,21.420372],[39.825105,21.420284],[39.825955,21.420176],[39.826362,21.420149],[39.826554,21.420136],[39.826763,21.420141],[39.827464,21.420235],[39.828747,21.420466],[39.829051,21.420521],[39.829896,21.420637],[39.830672,21.420741],[39.830929,21.420773],[39.831535,21.420838],[39.83191,21.420945],[39.832039,21.421015],[39.832183,21.421174],[39.832273,21.421282],[39.833266,21.422326],[39.83351,21.422555],[39.833692,21.42261],[39.833898,21.422641],[39.834238,21.422617],[39.834413,21.422597],[39.834643,21.422554],[39.842963,21.421445],[39.843901,21.421349],[39.844575,21.421303],[39.845233,21.42127],[39.846332,21.421259],[39.847368,21.421227],[39.847802,21.421211],[39.848334,21.421188],[39.849191,21.421167],[39.850454,21.421049],[39.851183,21.420947],[39.851521,21.420819],[39.851827,21.42067],[39.852143,21.420443],[39.852385,21.420171],[39.853182,21.4192],[39.853454,21.418683],[39.853662,21.418375],[39.854049,21.41786],[39.854388,21.417419],[39.854815,21.416871],[39.854832,21.41685],[39.855039,21.416754],[39.856199,21.415212],[39.856915,21.414028],[39.857548,21.412983],[39.859613,21.409567],[39.860347,21.408343],[39.861218,21.406891],[39.861848,21.405711],[39.862293,21.404805],[39.862648,21.403944],[39.863146,21.402736],[39.864457,21.399575],[39.864667,21.399101],[39.865353,21.397787],[39.865604,21.397353],[39.865839,21.397027],[39.866002,21.396835],[39.866639,21.39624],[39.867089,21.395886],[39.869109,21.394312],[39.87078,21.393016],[39.871413,21.392421],[39.871914,21.39181],[39.87245,21.39099],[39.872511,21.39085],[39.872815,21.390147],[39.873089,21.389359],[39.873632,21.387748],[39.873794,21.387223],[39.87407,21.386327],[39.874115,21.385744],[39.874141,21.385156],[39.874177,21.384349],[39.87425,21.384097],[39.874324,21.383912],[39.874375,21.383782],[39.875494,21.384124],[39.875621,21.384163],[39.877628,21.384792],[39.877799,21.384845],[39.881188,21.385907],[39.881609,21.386039],[39.883944,21.386745],[39.885585,21.38727],[39.886236,21.387469],[39.888263,21.388099],[39.889419,21.388485],[39.889529,21.388522],[39.890503,21.388827],[39.892548,21.38947],[39.892976,21.389646],[39.893288,21.389775],[39.893949,21.389932],[39.894388,21.390017],[39.894603,21.390012],[39.895011,21.390022],[39.896599,21.389807],[39.897783,21.38963],[39.898315,21.389587],[39.898723,21.389502],[39.898959,21.389404],[39.899363,21.389162],[39.899572,21.388916],[39.899647,21.388823],[39.899738,21.388711],[39.900204,21.388081],[39.90045,21.387688],[39.901347,21.386056],[39.901491,21.385591],[39.901518,21.385428],[39.901502,21.385248],[39.901443,21.385013],[39.901303,21.384842],[39.901105,21.384753],[39.900836,21.384717],[39.900558,21.384773],[39.900375,21.384898],[39.900247,21.385043],[39.900188,21.385198],[39.900166,21.385406],[39.900203,21.385591],[39.900341,21.385945],[39.902134,21.388293],[39.903467,21.39016],[39.904777,21.391926],[39.906077,21.393658],[39.908527,21.39692],[39.90976,21.398562],[39.910401,21.399415],[39.911031,21.400316],[39.911549,21.401261],[39.911872,21.402078],[39.912199,21.403295],[39.912263,21.404103],[39.912291,21.404463],[39.912243,21.40527],[39.912039,21.406224],[39.911342,21.40799],[39.91131,21.408071],[39.911269,21.408174],[39.910998,21.408861],[39.910953,21.408975]]}",Admin,7ef8e119-d4ed-42a5-9110-d77db1a7e856,ابراج شركة مكه,8,2026-05-12 14:04:10,2026-05-12 14:04:10
019e1c80-939c-7118-9582-a957ff872a6b,3,04:00,08:00,فترة ثالثة,20,940,8b2033c0-197e-43d7-935a-c37e5ac86561,تروية,a0bc4dde-a22d-4d68-bf95-75f45d362d66,تقليدي رد,c9b6a08b-9db3-4cc8-bfba-162d2ee1544f,مدخل طريق الملك عبدالله - العزيزية,9c461371-8299-4e87-a270-44bb69bbed18,164,شارع 25,parking,6a81cfb3-9019-4ac5-9f85-353cab5b9895,الاتصالات الجديد,parking,6a81cfb3-9019-4ac5-9f85-353cab5b9895,الاتصالات الجديد,,,residence,شركة بيوتات التميز للخدمات الفندقيه,camp,4/25,"{""type"":""LineString"",""coordinates"":[[39.876199,21.391731],[39.877218,21.391201],[39.877647,21.390978],[39.87818,21.391867],[39.878424,21.392275],[39.878809,21.392916],[39.879028,21.393282],[39.879389,21.393884],[39.881922,21.392568],[39.882011,21.392538],[39.882065,21.39262],[39.882396,21.393125],[39.882444,21.393197],[39.882514,21.393265],[39.882609,21.393289],[39.882868,21.393262],[39.883076,21.393244],[39.88309,21.39336],[39.883151,21.393861],[39.883281,21.394359],[39.883387,21.394766],[39.883451,21.394994],[39.883531,21.39521]]}",Admin,91a7aeb8-caf0-42b0-b9b7-90982be51219,اثراء الخير,29,2026-05-12 14:04:08,2026-05-12 14:04:08
019e1c80-929f-7295-a989-4ba8ff8c1f48,1,20:00,23:59,فترة اولى,26,3701,8b2033c0-197e-43d7-935a-c37e5ac86561,تروية,9fc47c58-d9e9-45e0-9d66-6da9f5c4fc85,قطار,ba2f406d-8d95-4830-b635-1ba0d2d6825b,مدخل انفاق الجمرات سوق العرب - شارح الحج,df100911-d049-469a-8f4b-f8f18bc4acf2,75,شارع 62,parking,4b152c54-b526-49fb-86d9-409334589cfb,الاسناد القطار,parking,4b152c54-b526-49fb-86d9-409334589cfb,الاسناد القطار,,,residence,شركة جوهرة ذاخر الفندقية,camp,33/62,"{""type"":""LineString"",""coordinates"":[[39.837414,21.446783],[39.837229,21.446488],[39.83655,21.444985],[39.836424,21.444702],[39.836115,21.444006],[39.83598,21.443735],[39.83595,21.443675],[39.835789,21.443354],[39.835694,21.443166],[39.835664,21.44305],[39.835595,21.442959],[39.835515,21.442724],[39.835523,21.44251],[39.835586,21.442167],[39.835667,21.441967],[39.835717,21.441799],[39.835764,21.441653],[39.835854,21.441674],[39.836146,21.441719],[39.836433,21.441707],[39.837604,21.441554],[39.838054,21.441488],[39.83822,21.44143],[39.838356,21.441359],[39.838551,21.441144],[39.838933,21.440707],[39.839132,21.440507],[39.83939,21.440349],[39.839586,21.440253],[39.84036,21.440324],[39.841393,21.440367],[39.841808,21.440362],[39.842835,21.440308],[39.843563,21.440207],[39.844756,21.439985],[39.846013,21.439761],[39.847718,21.439446],[39.848404,21.439285],[39.848747,21.439216],[39.850317,21.438848],[39.850575,21.438785],[39.850737,21.438697],[39.85119,21.438468],[39.851402,21.438311],[39.851997,21.437821],[39.852663,21.437224],[39.853072,21.436899],[39.853397,21.436722],[39.853774,21.436575],[39.854452,21.436391],[39.85532,21.43629],[39.855834,21.436215],[39.855996,21.436166],[39.856178,21.43611],[39.856567,21.43598],[39.856838,21.435782],[39.85731,21.435425],[39.857722,21.434995],[39.858064,21.434639],[39.858845,21.433738],[39.859967,21.43252],[39.860503,21.431987],[39.860978,21.431307],[39.861034,21.4312],[39.86121,21.430861],[39.861294,21.4307],[39.861513,21.43011],[39.861885,21.428719],[39.862151,21.427831],[39.862225,21.427423],[39.862333,21.426825],[39.862475,21.426434],[39.862485,21.426326],[39.862678,21.426294],[39.862756,21.426283]]}",Admin,91a7aeb8-caf0-42b0-b9b7-90982be51219,اثراء الخير,6,2026-05-12 14:04:08,2026-05-12 14:04:08
019e1c80-8e6a-7016-963c-a8f4110ad3cd,2,00:00,03:59,فترة ثانية,20,940,8b2033c0-197e-43d7-935a-c37e5ac86561,تروية,a0bc4dde-a22d-4d68-bf95-75f45d362d66,تقليدي رد,c9b6a08b-9db3-4cc8-bfba-162d2ee1544f,مدخل طريق الملك عبدالله - العزيزية,3ed00eac-7c03-4abb-8a32-9cc00dc97425,208,شارع 68,parking,6a81cfb3-9019-4ac5-9f85-353cab5b9895,الاتصالات الجديد,parking,6a81cfb3-9019-4ac5-9f85-353cab5b9895,الاتصالات الجديد,,,residence,وقف امينة بيبي محمد حسين خان,camp,48/68,"{""type"":""LineString"",""coordinates"":[[39.875851,21.38804],[39.876271,21.388181],[39.876692,21.388322],[39.876745,21.388346],[39.876529,21.388923],[39.876438,21.389199],[39.876326,21.389517],[39.877948,21.390034],[39.878779,21.390299],[39.878926,21.390339],[39.879114,21.390389],[39.879558,21.390607],[39.880854,21.391498],[39.881567,21.392007],[39.882011,21.392538],[39.882065,21.39262],[39.882396,21.393125],[39.882444,21.393197],[39.882514,21.393265],[39.882609,21.393289],[39.882868,21.393262],[39.883076,21.393244],[39.88309,21.39336],[39.883151,21.393861],[39.883281,21.394359],[39.883387,21.394766],[39.883451,21.394994],[39.883531,21.39521]]}",Admin,91a7aeb8-caf0-42b0-b9b7-90982be51219,اثراء الخير,23,2026-05-12 14:04:07,2026-05-12 14:04:07
019e1c80-8d76-7354-aebc-2ff0e9600a91,1,20:00,23:59,فترة اولى,20,940,8b2033c0-197e-43d7-935a-c37e5ac86561,تروية,a0bc4dde-a22d-4d68-bf95-75f45d362d66,تقليدي رد,c9b6a08b-9db3-4cc8-bfba-162d2ee1544f,مدخل طريق الملك عبدالله - العزيزية,23f67af0-fb4e-4ce6-9723-100cccfd0b2c,204,شارع 68,parking,6a81cfb3-9019-4ac5-9f85-353cab5b9895,الاتصالات الجديد,parking,6a81cfb3-9019-4ac5-9f85-353cab5b9895,الاتصالات الجديد,,,residence,وقف عمر موسى رواس,camp,56/68,"{""type"":""LineString"",""coordinates"":[[39.876345,21.390966],[39.876903,21.390676],[39.877218,21.391201],[39.877647,21.390978],[39.87818,21.391867],[39.878424,21.392275],[39.878809,21.392916],[39.879028,21.393282],[39.879389,21.393884],[39.881922,21.392568],[39.882011,21.392538],[39.882065,21.39262],[39.882396,21.393125],[39.882444,21.393197],[39.882514,21.393265],[39.882609,21.393289],[39.882868,21.393262],[39.883076,21.393244],[39.88309,21.39336],[39.883151,21.393861],[39.883281,21.394359],[39.883387,21.394766],[39.883451,21.394994],[39.883531,21.39521]]}",Admin,91a7aeb8-caf0-42b0-b9b7-90982be51219,اثراء الخير,27,2026-05-12 14:04:07,2026-05-12 14:04:07
019e1c80-87fc-7212-b87c-1d7c60820320,2,00:00,03:59,فترة ثانية,15,2461,8b2033c0-197e-43d7-935a-c37e5ac86561,تروية,48a174b1-0445-44d5-8d15-f6b484620b5d,ترددي,c8fab1e4-386b-41c7-8e60-d7588f96ccde,مدخل الترددي 3 - منى,480cebb2-f2d4-4599-afd5-785d83461bb8,265,شارع 647,bus_warehouse,3066fa1f-05fa-40a1-9bd2-b134cd6c9234,ترددي 3,bus_warehouse,3066fa1f-05fa-40a1-9bd2-b134cd6c9234,ترددي 3,,,residence,شركة القصواء للسفر و السياحة,camp,10/647,"{""type"":""LineString"",""coordinates"":[[39.829966,21.406483],[39.829538,21.408329],[39.829293,21.409483],[39.829211,21.40995],[39.829031,21.410604],[39.829016,21.410708],[39.829032,21.410834],[39.829189,21.411227],[39.82919,21.411378],[39.829162,21.411558],[39.829086,21.411794],[39.828953,21.412001],[39.828732,21.412233],[39.828396,21.412501],[39.828167,21.412734],[39.828138,21.412813],[39.828092,21.413063],[39.827963,21.413896],[39.82782,21.414639],[39.827706,21.415078],[39.827692,21.415205],[39.827674,21.415692],[39.828007,21.41679],[39.828076,21.417017],[39.8285,21.416933],[39.828573,21.416917],[39.828798,21.416844],[39.829045,21.416713],[39.829337,21.416677],[39.829786,21.416694],[39.830732,21.416554],[39.831377,21.416384],[39.831718,21.416278],[39.832033,21.416152],[39.838227,21.412896],[39.838921,21.412402],[39.83955,21.411899],[39.840154,21.41138],[39.841104,21.4104],[39.841448,21.41001],[39.842328,21.408941],[39.842812,21.408322],[39.84304,21.40803],[39.846588,21.403952],[39.84699,21.403319],[39.847287,21.402708],[39.847522,21.401979],[39.847675,21.400866],[39.847757,21.400379],[39.847936,21.398697],[39.848087,21.398091],[39.848194,21.397813],[39.848526,21.397184],[39.848715,21.396921],[39.848992,21.396578],[39.849437,21.396111],[39.849685,21.395914],[39.849987,21.395705],[39.850241,21.39555],[39.850696,21.395318],[39.851103,21.395121],[39.852866,21.39428],[39.85336,21.394031],[39.853855,21.39375],[39.854267,21.393467],[39.85464,21.393184],[39.854897,21.39296],[39.855798,21.391964],[39.856536,21.391178],[39.85912,21.388568],[39.862032,21.385524],[39.863018,21.384644],[39.863957,21.384037],[39.86448,21.383738],[39.865047,21.383474],[39.865891,21.383149],[39.866999,21.382837],[39.867992,21.382698],[39.868715,21.382637],[39.869226,21.382632],[39.870011,21.382663],[39.870534,21.38271],[39.871031,21.382805],[39.872226,21.383094],[39.872622,21.383189],[39.87341,21.383495],[39.874256,21.383747],[39.874375,21.383782],[39.875494,21.384124],[39.875621,21.384163],[39.877628,21.384792],[39.877799,21.384845],[39.881188,21.385907],[39.881609,21.386039],[39.883944,21.386745],[39.885585,21.38727],[39.886236,21.387469],[39.888263,21.388099],[39.889419,21.388485],[39.889529,21.388522],[39.890503,21.388827],[39.892548,21.38947],[39.892976,21.389646],[39.893288,21.389775],[39.893949,21.389932],[39.894388,21.390017],[39.894603,21.390012],[39.895011,21.390022],[39.896599,21.389807],[39.897783,21.38963],[39.898315,21.389587],[39.898723,21.389502],[39.898959,21.389404],[39.899363,21.389162],[39.899572,21.388916],[39.899647,21.388823],[39.899738,21.388711],[39.900204,21.388081],[39.90045,21.387688],[39.901347,21.386056],[39.901491,21.385591],[39.901518,21.385428],[39.901502,21.385248],[39.901443,21.385013],[39.901303,21.384842],[39.901105,21.384753],[39.900836,21.384717],[39.900558,21.384773],[39.900375,21.384898],[39.900247,21.385043],[39.900188,21.385198],[39.900166,21.385406],[39.900203,21.385591],[39.900341,21.385945],[39.902134,21.388293],[39.903467,21.39016],[39.904777,21.391926],[39.906077,21.393658],[39.908527,21.39692],[39.90976,21.398562],[39.910401,21.399415],[39.910873,21.399891],[39.911066,21.400051],[39.911393,21.400286],[39.91186,21.40052],[39.912342,21.400695],[39.913266,21.4011],[39.913528,21.401256],[39.913853,21.401385]]}",Admin,53e04c90-dfba-4e08-9332-7597ce1ed527,الراجحي,101,2026-05-12 14:04:06,2026-05-12 14:04:06
019e1c80-8b63-70f6-9640-a483eaec1521,2,00:00,03:59,فترة ثانية,20,940,8b2033c0-197e-43d7-935a-c37e5ac86561,تروية,a0bc4dde-a22d-4d68-bf95-75f45d362d66,تقليدي رد,ba2f406d-8d95-4830-b635-1ba0d2d6825b,مدخل انفاق الجمرات سوق العرب - شارح الحج,63e9e8b6-b49e-42c1-9635-a8622870edf5,64,شارع 202,parking,6a81cfb3-9019-4ac5-9f85-353cab5b9895,الاتصالات الجديد,parking,6a81cfb3-9019-4ac5-9f85-353cab5b9895,الاتصالات الجديد,,,residence,شركة صروح المقام للتطوير والاستثمار العقاري,camp,9/202,"{""type"":""LineString"",""coordinates"":[[39.877611,21.3854],[39.877725,21.385092],[39.877468,21.385009],[39.877093,21.384887],[39.876127,21.384469],[39.875577,21.384286],[39.875463,21.384248],[39.875221,21.384752],[39.874937,21.385255],[39.874524,21.385901],[39.87417,21.386626],[39.873912,21.387434],[39.873036,21.390101],[39.872846,21.390532],[39.872649,21.390977],[39.872306,21.391553],[39.87203,21.391913],[39.871764,21.392229],[39.871332,21.392678],[39.870738,21.39318],[39.869184,21.394411],[39.867161,21.395987],[39.866297,21.39678],[39.866071,21.397019],[39.865774,21.397386],[39.865511,21.397785],[39.865159,21.398455],[39.864763,21.39921],[39.863373,21.402464],[39.862192,21.405373],[39.862125,21.405532],[39.861577,21.406556],[39.860422,21.408498],[39.859667,21.409768],[39.858408,21.411859],[39.858352,21.41195],[39.857692,21.413029],[39.85697,21.41421],[39.856305,21.415298],[39.855785,21.415998],[39.855121,21.41688],[39.855016,21.417244],[39.854682,21.41768],[39.854445,21.417946],[39.854304,21.418073],[39.85401,21.418463],[39.85392,21.418589],[39.853683,21.418864],[39.853583,21.418979],[39.853459,21.419059],[39.852752,21.419993],[39.85245,21.420436],[39.852424,21.420572],[39.852436,21.420748],[39.852481,21.420906],[39.852626,21.421055],[39.852835,21.421151],[39.853675,21.421372],[39.853827,21.421398],[39.854582,21.421552],[39.855431,21.421768],[39.855511,21.421746],[39.855594,21.421691],[39.855678,21.42158],[39.855908,21.421131],[39.856068,21.420848],[39.856184,21.420716],[39.856355,21.420575],[39.856586,21.42047],[39.85678,21.420421],[39.856978,21.420407],[39.857156,21.420414],[39.857313,21.420394],[39.857462,21.420392],[39.857587,21.420266],[39.858297,21.419511],[39.858366,21.419438],[39.85849,21.419535],[39.858425,21.419606],[39.857239,21.420905],[39.856901,21.421274],[39.856712,21.421565],[39.856603,21.42185],[39.856519,21.422144],[39.856517,21.422425],[39.856545,21.422718],[39.856787,21.424362],[39.856946,21.42544],[39.856991,21.426045],[39.856939,21.426436],[39.856821,21.426768],[39.856625,21.427119],[39.856469,21.427339],[39.857012,21.427373],[39.857324,21.427516],[39.857616,21.427768],[39.857803,21.427942],[39.858208,21.42766],[39.858477,21.42751],[39.858578,21.427456],[39.858688,21.427398],[39.859321,21.427186],[39.860025,21.426955],[39.860749,21.426769],[39.861713,21.426532],[39.862247,21.426366],[39.862485,21.426326],[39.862678,21.426294],[39.862756,21.426283]]}",Admin,91a7aeb8-caf0-42b0-b9b7-90982be51219,اثراء الخير,18,2026-05-12 14:04:06,2026-05-12 14:04:06
019e1c80-89eb-727c-ad68-9e3fbb377107,1,20:00,23:59,فترة اولى,15,1068,8b2033c0-197e-43d7-935a-c37e5ac86561,تروية,a0bc4dde-a22d-4d68-bf95-75f45d362d66,تقليدي رد,ba2f406d-8d95-4830-b635-1ba0d2d6825b,مدخل انفاق الجمرات سوق العرب - شارح الحج,54c1926f-89ed-4e81-b0b4-b249fd9770cf,556,شارع 206,parking,6a81cfb3-9019-4ac5-9f85-353cab5b9895,الاتصالات الجديد,parking,6a81cfb3-9019-4ac5-9f85-353cab5b9895,الاتصالات الجديد,,,residence,شركة القصواء للسفر و السياحة,camp,1/206,"{""type"":""LineString"",""coordinates"":[[39.829966,21.406483],[39.829538,21.408329],[39.829293,21.409483],[39.829211,21.40995],[39.829031,21.410604],[39.829016,21.410708],[39.829032,21.410834],[39.829189,21.411227],[39.82919,21.411378],[39.829162,21.411558],[39.829331,21.411618],[39.829612,21.411754],[39.829986,21.411986],[39.830311,21.412249],[39.830592,21.412449],[39.831075,21.412894],[39.831555,21.413389],[39.831888,21.41372],[39.832941,21.414696],[39.833376,21.415051],[39.834147,21.415815],[39.835112,21.417126],[39.83545,21.417568],[39.835596,21.417809],[39.836159,21.418816],[39.836387,21.419342],[39.836499,21.419828],[39.836585,21.420383],[39.836663,21.421152],[39.836678,21.421615],[39.836627,21.42254],[39.83658,21.423004],[39.836524,21.423363],[39.836362,21.424044],[39.836231,21.424443],[39.8361,21.424782],[39.834917,21.42702],[39.834795,21.427241],[39.834514,21.427898],[39.834311,21.428241],[39.834026,21.428641],[39.834009,21.428721],[39.834023,21.428834],[39.834092,21.428968],[39.834276,21.429063],[39.839238,21.429498],[39.840112,21.429579],[39.842782,21.429811],[39.84341,21.42991],[39.843926,21.430004],[39.844347,21.430084],[39.845486,21.430359],[39.846236,21.430555],[39.847035,21.430847],[39.847521,21.431051],[39.848236,21.431382],[39.848826,21.431678],[39.849363,21.431853],[39.850032,21.431985],[39.850223,21.432009],[39.850786,21.43208],[39.851505,21.432194],[39.853807,21.432516],[39.854342,21.432602],[39.854528,21.432385],[39.854751,21.432015],[39.855032,21.431585],[39.855441,21.430914],[39.855464,21.430877],[39.855825,21.430302],[39.856465,21.429408],[39.857694,21.428018],[39.857803,21.427942],[39.858208,21.42766],[39.858477,21.42751],[39.858578,21.427456],[39.858688,21.427398],[39.859321,21.427186],[39.860025,21.426955],[39.860749,21.426769],[39.861713,21.426532],[39.862247,21.426366],[39.862485,21.426326],[39.862678,21.426294],[39.862756,21.426283]]}",Admin,53e04c90-dfba-4e08-9332-7597ce1ed527,الراجحي,105,2026-05-12 14:04:06,2026-05-12 14:04:06
019e1c80-855f-720c-b276-9dfb6f691b99,1,20:00,23:59,فترة اولى,15,6335,8b2033c0-197e-43d7-935a-c37e5ac86561,تروية,48a174b1-0445-44d5-8d15-f6b484620b5d,ترددي,2214b63a-70fc-4e0d-a01e-a4e7cf4e7673,مدخل الترددي 2 - منى,65789ec5-cbbe-4806-b237-e7820ca6dd25,527,شارع 649,bus_warehouse,646b18f1-18fc-4ce2-b471-ce297eaaa9e4,ترددي 2,bus_warehouse,646b18f1-18fc-4ce2-b471-ce297eaaa9e4,ترددي 2,,,residence,شركة الماسة الخاصة المحدودة,camp,15/649,"{""type"":""LineString"",""coordinates"":[[39.848341,21.431896],[39.848204,21.432251],[39.848639,21.432409],[39.849222,21.432644],[39.849447,21.43246],[39.849924,21.432152],[39.850223,21.432009],[39.850569,21.431846],[39.85127,21.431556],[39.851797,21.431288],[39.852096,21.431109],[39.85236,21.430894],[39.853159,21.430049],[39.853339,21.429859],[39.853562,21.429624],[39.853914,21.429253],[39.854323,21.428883],[39.854714,21.428543],[39.855154,21.42816],[39.855576,21.427793],[39.856134,21.427285],[39.856323,21.427072],[39.856561,21.426867],[39.856717,21.426548],[39.856807,21.426235],[39.856788,21.425604],[39.856715,21.425078],[39.856551,21.424078],[39.856519,21.423903],[39.856393,21.42305],[39.856339,21.422512],[39.856352,21.422095],[39.856419,21.421808],[39.856519,21.421544],[39.856673,21.421301],[39.85681,21.421127],[39.857462,21.420392],[39.857587,21.420266],[39.858297,21.419511],[39.858366,21.419438],[39.858916,21.418816],[39.859453,21.418242],[39.860483,21.417098],[39.861377,21.416104],[39.862745,21.414626],[39.862825,21.414546],[39.86331,21.414048],[39.86555,21.411751],[39.866513,21.410762],[39.868553,21.408657],[39.869613,21.407562],[39.869889,21.407322],[39.870641,21.406779],[39.873129,21.404971],[39.873921,21.404413],[39.874476,21.404014],[39.874835,21.403755],[39.875046,21.403601],[39.87569,21.40313],[39.876679,21.402412],[39.87737,21.401909],[39.878002,21.401518],[39.878144,21.401442],[39.878392,21.401307],[39.879401,21.400847],[39.883366,21.399037],[39.884426,21.398552],[39.885932,21.397834],[39.887662,21.397056],[39.89015,21.395924],[39.892381,21.394909],[39.893021,21.394575],[39.893456,21.394283],[39.893609,21.394158],[39.893721,21.394066],[39.894165,21.393702],[39.894773,21.393204],[39.896259,21.391933],[39.897172,21.391133],[39.899133,21.389417],[39.899363,21.389162],[39.899572,21.388916],[39.899647,21.388823],[39.899738,21.388711],[39.900204,21.388081],[39.90045,21.387688],[39.901347,21.386056],[39.901491,21.385591],[39.901518,21.385428],[39.901502,21.385248],[39.901443,21.385013],[39.901303,21.384842],[39.901105,21.384753],[39.900836,21.384717],[39.900558,21.384773],[39.900375,21.384898],[39.900247,21.385043],[39.900188,21.385198],[39.900166,21.385406],[39.900203,21.385591],[39.900341,21.385945],[39.902134,21.388293],[39.903467,21.39016],[39.904777,21.391926],[39.906077,21.393658],[39.908527,21.39692],[39.90976,21.398562],[39.910401,21.399415],[39.910873,21.399891],[39.911066,21.400051],[39.911393,21.400286],[39.91186,21.40052],[39.912342,21.400695],[39.913266,21.4011],[39.913528,21.401256],[39.913853,21.401385]]}",Admin,53e04c90-dfba-4e08-9332-7597ce1ed527,الراجحي,102,2026-05-12 14:04:05,2026-05-12 14:04:05
019e1c80-8050-73dd-9cf5-ce27596d9add,2,00:00,03:59,فترة ثانية,15,7826,8b2033c0-197e-43d7-935a-c37e5ac86561,تروية,48a174b1-0445-44d5-8d15-f6b484620b5d,ترددي,2214b63a-70fc-4e0d-a01e-a4e7cf4e7673,مدخل الترددي 2 - منى,3b8dee78-c3d2-4533-93c1-957112b3f922,525,شارع 649,bus_warehouse,646b18f1-18fc-4ce2-b471-ce297eaaa9e4,ترددي 2,bus_warehouse,646b18f1-18fc-4ce2-b471-ce297eaaa9e4,ترددي 2,,,residence,شركة القصواء للسفر و السياحة,camp,7/649,"{""type"":""LineString"",""coordinates"":[[39.829966,21.406483],[39.829538,21.408329],[39.829293,21.409483],[39.829211,21.40995],[39.829031,21.410604],[39.829016,21.410708],[39.829032,21.410834],[39.829189,21.411227],[39.82919,21.411378],[39.829162,21.411558],[39.829086,21.411794],[39.828953,21.412001],[39.828732,21.412233],[39.828396,21.412501],[39.828167,21.412734],[39.828138,21.412813],[39.828092,21.413063],[39.827963,21.413896],[39.82782,21.414639],[39.827706,21.415078],[39.827692,21.415205],[39.827674,21.415692],[39.828007,21.41679],[39.828076,21.417017],[39.8285,21.416933],[39.828573,21.416917],[39.828798,21.416844],[39.829045,21.416713],[39.829337,21.416677],[39.829786,21.416694],[39.830732,21.416554],[39.831377,21.416384],[39.831718,21.416278],[39.832033,21.416152],[39.838227,21.412896],[39.838921,21.412402],[39.83955,21.411899],[39.840154,21.41138],[39.841104,21.4104],[39.841448,21.41001],[39.842328,21.408941],[39.842812,21.408322],[39.84304,21.40803],[39.846588,21.403952],[39.84699,21.403319],[39.847287,21.402708],[39.847522,21.401979],[39.847675,21.400866],[39.847757,21.400379],[39.847936,21.398697],[39.848087,21.398091],[39.848194,21.397813],[39.848526,21.397184],[39.848715,21.396921],[39.848992,21.396578],[39.849437,21.396111],[39.849685,21.395914],[39.849987,21.395705],[39.850241,21.39555],[39.850696,21.395318],[39.851103,21.395121],[39.852866,21.39428],[39.85336,21.394031],[39.853855,21.39375],[39.854267,21.393467],[39.85464,21.393184],[39.854897,21.39296],[39.855798,21.391964],[39.856536,21.391178],[39.85912,21.388568],[39.862032,21.385524],[39.863018,21.384644],[39.863957,21.384037],[39.86448,21.383738],[39.865047,21.383474],[39.865891,21.383149],[39.866999,21.382837],[39.867992,21.382698],[39.868715,21.382637],[39.869226,21.382632],[39.870011,21.382663],[39.870534,21.38271],[39.871031,21.382805],[39.872226,21.383094],[39.872622,21.383189],[39.87341,21.383495],[39.874256,21.383747],[39.874375,21.383782],[39.875494,21.384124],[39.875621,21.384163],[39.877628,21.384792],[39.877799,21.384845],[39.881188,21.385907],[39.881609,21.386039],[39.883944,21.386745],[39.885585,21.38727],[39.886236,21.387469],[39.888263,21.388099],[39.889419,21.388485],[39.889529,21.388522],[39.890503,21.388827],[39.892548,21.38947],[39.892976,21.389646],[39.893288,21.389775],[39.893949,21.389932],[39.894388,21.390017],[39.894603,21.390012],[39.895011,21.390022],[39.896599,21.389807],[39.897783,21.38963],[39.898315,21.389587],[39.898723,21.389502],[39.898959,21.389404],[39.899363,21.389162],[39.899572,21.388916],[39.899647,21.388823],[39.899738,21.388711],[39.900204,21.388081],[39.90045,21.387688],[39.901347,21.386056],[39.901491,21.385591],[39.901518,21.385428],[39.901502,21.385248],[39.901443,21.385013],[39.901303,21.384842],[39.901105,21.384753],[39.900836,21.384717],[39.900558,21.384773],[39.900375,21.384898],[39.900247,21.385043],[39.900188,21.385198],[39.900166,21.385406],[39.900203,21.385591],[39.900341,21.385945],[39.902134,21.388293],[39.903467,21.39016],[39.904777,21.391926],[39.906077,21.393658],[39.908527,21.39692],[39.90976,21.398562],[39.910401,21.399415],[39.910873,21.399891],[39.911066,21.400051],[39.911393,21.400286],[39.91186,21.40052],[39.912342,21.400695],[39.913266,21.4011],[39.913528,21.401256],[39.913853,21.401385]]}",Admin,53e04c90-dfba-4e08-9332-7597ce1ed527,الراجحي,108,2026-05-12 14:04:04,2026-05-12 14:04:04
019e1c80-821e-7157-9a43-a0537232be1c,1,20:00,23:59,فترة اولى,15,1685,8b2033c0-197e-43d7-935a-c37e5ac86561,تروية,48a174b1-0445-44d5-8d15-f6b484620b5d,ترددي,c8fab1e4-386b-41c7-8e60-d7588f96ccde,مدخل الترددي 3 - منى,abef03e8-c65c-40cb-bdaa-c62f45183c52,267,شارع 647,bus_warehouse,3066fa1f-05fa-40a1-9bd2-b134cd6c9234,ترددي 3,bus_warehouse,3066fa1f-05fa-40a1-9bd2-b134cd6c9234,ترددي 3,,,residence,شركة ادم الخير الفندقية,camp,4/647,"{""type"":""LineString"",""coordinates"":[[39.793352,21.439983],[39.790528,21.439848],[39.790301,21.439767],[39.790123,21.439669],[39.790023,21.439609],[39.789913,21.439475],[39.789873,21.439341],[39.789858,21.439116],[39.789862,21.439004],[39.789878,21.438753],[39.789882,21.438702],[39.789907,21.438363],[39.79004,21.4357],[39.790072,21.435],[39.790122,21.433396],[39.790148,21.432856],[39.790154,21.432698],[39.790142,21.432101],[39.790117,21.431853],[39.790022,21.431441],[39.789684,21.430171],[39.789463,21.429344],[39.78926,21.428581],[39.789105,21.427977],[39.789093,21.427534],[39.789162,21.426953],[39.789189,21.426845],[39.789277,21.426567],[39.789437,21.426206],[39.789552,21.425987],[39.789978,21.425358],[39.790217,21.425036],[39.790295,21.424892],[39.790481,21.42455],[39.790536,21.424553],[39.790652,21.424563],[39.790895,21.424573],[39.792356,21.424599],[39.793628,21.424621],[39.793799,21.424623],[39.794299,21.424595],[39.795987,21.424392],[39.796652,21.424307],[39.796911,21.424251],[39.797347,21.424098],[39.797873,21.423911],[39.798012,21.423863],[39.798564,21.423674],[39.798991,21.423526],[39.801781,21.422521],[39.802388,21.422375],[39.802672,21.422327],[39.80289,21.422308],[39.803555,21.422291],[39.804068,21.42237],[39.804903,21.422555],[39.805273,21.422687],[39.806698,21.4231],[39.808503,21.423408],[39.809005,21.423496],[39.810004,21.423673],[39.812704,21.424079],[39.81389,21.424253],[39.81416,21.424288],[39.814583,21.424301],[39.8149,21.424294],[39.816324,21.424159],[39.817715,21.424025],[39.817839,21.424015],[39.818018,21.424003],[39.818758,21.423956],[39.819167,21.423893],[39.819468,21.423825],[39.819616,21.423779],[39.819737,21.423712],[39.82102,21.422308],[39.821255,21.422148],[39.821521,21.422043],[39.8218,21.42196],[39.822147,21.421864],[39.822382,21.421761],[39.822573,21.421647],[39.822791,21.421489],[39.823573,21.420862],[39.823754,21.420759],[39.824375,21.420476],[39.824726,21.420372],[39.825105,21.420284],[39.825955,21.420176],[39.826362,21.420149],[39.826554,21.420136],[39.826763,21.420141],[39.827464,21.420235],[39.828747,21.420466],[39.829051,21.420521],[39.829896,21.420637],[39.830672,21.420741],[39.830929,21.420773],[39.831535,21.420838],[39.83191,21.420945],[39.832039,21.421015],[39.832183,21.421174],[39.832273,21.421282],[39.833266,21.422326],[39.83351,21.422555],[39.833692,21.42261],[39.833898,21.422641],[39.834238,21.422617],[39.834413,21.422597],[39.834643,21.422554],[39.842963,21.421445],[39.843901,21.421349],[39.844575,21.421303],[39.845233,21.42127],[39.846332,21.421259],[39.847368,21.421227],[39.847802,21.421211],[39.848334,21.421188],[39.849191,21.421167],[39.850454,21.421049],[39.851183,21.420947],[39.851521,21.420819],[39.851827,21.42067],[39.852143,21.420443],[39.852385,21.420171],[39.853182,21.4192],[39.853454,21.418683],[39.853662,21.418375],[39.854049,21.41786],[39.854388,21.417419],[39.854815,21.416871],[39.854832,21.41685],[39.855039,21.416754],[39.856199,21.415212],[39.856915,21.414028],[39.857548,21.412983],[39.859613,21.409567],[39.860347,21.408343],[39.861218,21.406891],[39.861848,21.405711],[39.862293,21.404805],[39.862648,21.403944],[39.863146,21.402736],[39.864457,21.399575],[39.864667,21.399101],[39.865353,21.397787],[39.865604,21.397353],[39.865839,21.397027],[39.866002,21.396835],[39.866639,21.39624],[39.867089,21.395886],[39.869109,21.394312],[39.87078,21.393016],[39.871413,21.392421],[39.871914,21.39181],[39.87245,21.39099],[39.872511,21.39085],[39.872815,21.390147],[39.873089,21.389359],[39.873632,21.387748],[39.873794,21.387223],[39.87407,21.386327],[39.874115,21.385744],[39.874141,21.385156],[39.874177,21.384349],[39.87425,21.384097],[39.874324,21.383912],[39.874375,21.383782],[39.875494,21.384124],[39.875621,21.384163],[39.877628,21.384792],[39.877799,21.384845],[39.881188,21.385907],[39.881609,21.386039],[39.883944,21.386745],[39.885585,21.38727],[39.886236,21.387469],[39.888263,21.388099],[39.889419,21.388485],[39.889529,21.388522],[39.890503,21.388827],[39.892548,21.38947],[39.892976,21.389646],[39.893288,21.389775],[39.893949,21.389932],[39.894388,21.390017],[39.894603,21.390012],[39.895011,21.390022],[39.896599,21.389807],[39.897783,21.38963],[39.898315,21.389587],[39.898723,21.389502],[39.898959,21.389404],[39.899363,21.389162],[39.899572,21.388916],[39.899647,21.388823],[39.899738,21.388711],[39.900204,21.388081],[39.90045,21.387688],[39.901347,21.386056],[39.901491,21.385591],[39.901518,21.385428],[39.901502,21.385248],[39.901443,21.385013],[39.901303,21.384842],[39.901105,21.384753],[39.900836,21.384717],[39.900558,21.384773],[39.900375,21.384898],[39.900247,21.385043],[39.900188,21.385198],[39.900166,21.385406],[39.900203,21.385591],[39.900341,21.385945],[39.902134,21.388293],[39.903467,21.39016],[39.904777,21.391926],[39.906077,21.393658],[39.908527,21.39692],[39.90976,21.398562],[39.910401,21.399415],[39.910873,21.399891],[39.911066,21.400051],[39.911393,21.400286],[39.91186,21.40052],[39.912342,21.400695],[39.913266,21.4011],[39.913528,21.401256],[39.913853,21.401385]]}",Admin,53e04c90-dfba-4e08-9332-7597ce1ed527,الراجحي,109,2026-05-12 14:04:04,2026-05-12 14:04:04
019e1c80-7f2d-7152-af73-8fad3f1dce77,1,20:00,23:59,فترة اولى,15,1802,8b2033c0-197e-43d7-935a-c37e5ac86561,تروية,a0bc4dde-a22d-4d68-bf95-75f45d362d66,تقليدي رد,c9b6a08b-9db3-4cc8-bfba-162d2ee1544f,مدخل طريق الملك عبدالله - العزيزية,1601aed9-6b84-471c-940f-3191bf2d7b6f,177,شارع 643,parking,6a81cfb3-9019-4ac5-9f85-353cab5b9895,الاتصالات الجديد,parking,6a81cfb3-9019-4ac5-9f85-353cab5b9895,الاتصالات الجديد,,,residence,شركة الماسة العالمية للسفر و السياحة,camp,14/643,"{""type"":""LineString"",""coordinates"":[[39.831127,21.406373],[39.830895,21.40634],[39.83004,21.406161],[39.829538,21.408329],[39.829293,21.409483],[39.829211,21.40995],[39.829031,21.410604],[39.829016,21.410708],[39.829032,21.410834],[39.829189,21.411227],[39.82919,21.411378],[39.829162,21.411558],[39.829086,21.411794],[39.828953,21.412001],[39.828732,21.412233],[39.828396,21.412501],[39.828167,21.412734],[39.828138,21.412813],[39.828092,21.413063],[39.827963,21.413896],[39.82782,21.414639],[39.827706,21.415078],[39.827692,21.415205],[39.827674,21.415692],[39.828007,21.41679],[39.828076,21.417017],[39.8285,21.416933],[39.828573,21.416917],[39.828798,21.416844],[39.829045,21.416713],[39.829337,21.416677],[39.829786,21.416694],[39.830732,21.416554],[39.831377,21.416384],[39.831718,21.416278],[39.832033,21.416152],[39.838227,21.412896],[39.838921,21.412402],[39.83955,21.411899],[39.840154,21.41138],[39.841104,21.4104],[39.841448,21.41001],[39.842328,21.408941],[39.842812,21.408322],[39.84304,21.40803],[39.846588,21.403952],[39.84699,21.403319],[39.847287,21.402708],[39.847522,21.401979],[39.847675,21.400866],[39.847757,21.400379],[39.847936,21.398697],[39.848087,21.398091],[39.848194,21.397813],[39.848526,21.397184],[39.848715,21.396921],[39.848992,21.396578],[39.849437,21.396111],[39.849685,21.395914],[39.849987,21.395705],[39.850241,21.39555],[39.850696,21.395318],[39.851103,21.395121],[39.852866,21.39428],[39.85336,21.394031],[39.853855,21.39375],[39.854267,21.393467],[39.85464,21.393184],[39.854897,21.39296],[39.855798,21.391964],[39.856536,21.391178],[39.85912,21.388568],[39.862032,21.385524],[39.863018,21.384644],[39.863957,21.384037],[39.86448,21.383738],[39.865047,21.383474],[39.865891,21.383149],[39.866999,21.382837],[39.867992,21.382698],[39.868715,21.382637],[39.869226,21.382632],[39.870011,21.382663],[39.870534,21.38271],[39.871031,21.382805],[39.872226,21.383094],[39.872622,21.383189],[39.87341,21.383495],[39.874256,21.383747],[39.874375,21.383782],[39.875494,21.384124],[39.875621,21.384163],[39.877628,21.384792],[39.877799,21.384845],[39.881188,21.385907],[39.881609,21.386039],[39.883944,21.386745],[39.885585,21.38727],[39.885492,21.387397],[39.885337,21.387606],[39.885146,21.387815],[39.884401,21.388374],[39.884161,21.388603],[39.883976,21.388805],[39.883784,21.389073],[39.883661,21.389262],[39.883397,21.389747],[39.883264,21.390239],[39.883217,21.390412],[39.883086,21.391198],[39.883009,21.391761],[39.883004,21.392121],[39.883034,21.392971],[39.883076,21.393244],[39.88309,21.39336],[39.883151,21.393861],[39.883281,21.394359],[39.883387,21.394766],[39.883451,21.394994],[39.883531,21.39521]]}",Admin,53e04c90-dfba-4e08-9332-7597ce1ed527,الراجحي,113,2026-05-12 14:04:03,2026-05-12 14:04:03
019e1c80-7a39-7328-91d2-265715109a04,1,20:00,23:59,فترة اولى,25,3894,8b2033c0-197e-43d7-935a-c37e5ac86561,تروية,9fc47c58-d9e9-45e0-9d66-6da9f5c4fc85,قطار,ba2f406d-8d95-4830-b635-1ba0d2d6825b,مدخل انفاق الجمرات سوق العرب - شارح الحج,a36f4048-1caa-4a2a-9d66-427614b789a0,129,شارع 202,parking,4b152c54-b526-49fb-86d9-409334589cfb,الاسناد القطار,parking,4b152c54-b526-49fb-86d9-409334589cfb,الاسناد القطار,,,residence,شركة مكان التميز المحدودة,camp,4/202,"{""type"":""LineString"",""coordinates"":[[39.863391,21.410184],[39.863307,21.410113],[39.862781,21.409628],[39.861369,21.410985],[39.86132,21.410945],[39.860922,21.410613],[39.860776,21.410458],[39.859654,21.410053],[39.859569,21.410194],[39.85914,21.41091],[39.858593,21.411765],[39.858408,21.411859],[39.858352,21.41195],[39.857692,21.413029],[39.85697,21.41421],[39.856305,21.415298],[39.855785,21.415998],[39.855121,21.41688],[39.855016,21.417244],[39.854682,21.41768],[39.854445,21.417946],[39.854304,21.418073],[39.85401,21.418463],[39.85392,21.418589],[39.853683,21.418864],[39.853583,21.418979],[39.853459,21.419059],[39.852752,21.419993],[39.85245,21.420436],[39.852424,21.420572],[39.852436,21.420748],[39.852481,21.420906],[39.852626,21.421055],[39.852835,21.421151],[39.853675,21.421372],[39.853827,21.421398],[39.854582,21.421552],[39.855431,21.421768],[39.855511,21.421746],[39.855594,21.421691],[39.855678,21.42158],[39.855908,21.421131],[39.856068,21.420848],[39.856184,21.420716],[39.856355,21.420575],[39.856586,21.42047],[39.85678,21.420421],[39.856978,21.420407],[39.857156,21.420414],[39.857313,21.420394],[39.857462,21.420392],[39.857587,21.420266],[39.858297,21.419511],[39.858366,21.419438],[39.85849,21.419535],[39.858425,21.419606],[39.857239,21.420905],[39.856901,21.421274],[39.856712,21.421565],[39.856603,21.42185],[39.856519,21.422144],[39.856517,21.422425],[39.856545,21.422718],[39.856787,21.424362],[39.856946,21.42544],[39.856991,21.426045],[39.856939,21.426436],[39.856821,21.426768],[39.856625,21.427119],[39.856469,21.427339],[39.857012,21.427373],[39.857324,21.427516],[39.857616,21.427768],[39.857803,21.427942],[39.858208,21.42766],[39.858477,21.42751],[39.858578,21.427456],[39.858688,21.427398],[39.859321,21.427186],[39.860025,21.426955],[39.860749,21.426769],[39.861713,21.426532],[39.862247,21.426366],[39.862485,21.426326],[39.862678,21.426294],[39.862756,21.426283]]}",Admin,53e04c90-dfba-4e08-9332-7597ce1ed527,الراجحي,124,2026-05-12 14:04:02,2026-05-12 14:04:02
019e1c80-7925-72e3-b70c-c8979ec2dc0d,3,04:00,08:00,فترة ثالثة,25,3623,8b2033c0-197e-43d7-935a-c37e5ac86561,تروية,9fc47c58-d9e9-45e0-9d66-6da9f5c4fc85,قطار,ba2f406d-8d95-4830-b635-1ba0d2d6825b,مدخل انفاق الجمرات سوق العرب - شارح الحج,84df39a8-9acd-490d-b52c-1c3197a07aa2,78,شارع 62,parking,4b152c54-b526-49fb-86d9-409334589cfb,الاسناد القطار,parking,4b152c54-b526-49fb-86d9-409334589cfb,الاسناد القطار,,,residence,شركة إيفاه المحدودة,camp,25/62,"{""type"":""LineString"",""coordinates"":[[39.863272,21.399506],[39.86341,21.399403],[39.863573,21.399336],[39.863725,21.399312],[39.864038,21.399331],[39.864411,21.399418],[39.864494,21.399233],[39.865292,21.397529],[39.865482,21.397192],[39.865829,21.396784],[39.866064,21.396517],[39.866319,21.396262],[39.866574,21.396037],[39.867456,21.39536],[39.867599,21.395325],[39.867753,21.395339],[39.86784,21.395405],[39.867856,21.39551],[39.867799,21.395628],[39.867007,21.396255],[39.866435,21.396805],[39.865979,21.397311],[39.86588,21.397463],[39.865511,21.397785],[39.865159,21.398455],[39.864763,21.39921],[39.863373,21.402464],[39.862192,21.405373],[39.862125,21.405532],[39.861577,21.406556],[39.860422,21.408498],[39.859667,21.409768],[39.858408,21.411859],[39.858352,21.41195],[39.857692,21.413029],[39.85697,21.41421],[39.856305,21.415298],[39.855785,21.415998],[39.855121,21.41688],[39.855016,21.417244],[39.854682,21.41768],[39.854445,21.417946],[39.854304,21.418073],[39.85401,21.418463],[39.85392,21.418589],[39.853683,21.418864],[39.853583,21.418979],[39.853459,21.419059],[39.852752,21.419993],[39.85245,21.420436],[39.852424,21.420572],[39.852436,21.420748],[39.852481,21.420906],[39.852626,21.421055],[39.852835,21.421151],[39.853675,21.421372],[39.853827,21.421398],[39.854582,21.421552],[39.855431,21.421768],[39.855511,21.421746],[39.855594,21.421691],[39.855678,21.42158],[39.855908,21.421131],[39.856068,21.420848],[39.856184,21.420716],[39.856355,21.420575],[39.856586,21.42047],[39.85678,21.420421],[39.856978,21.420407],[39.857156,21.420414],[39.857313,21.420394],[39.857462,21.420392],[39.857587,21.420266],[39.858297,21.419511],[39.858366,21.419438],[39.85849,21.419535],[39.858425,21.419606],[39.857239,21.420905],[39.856901,21.421274],[39.856712,21.421565],[39.856603,21.42185],[39.856519,21.422144],[39.856517,21.422425],[39.856545,21.422718],[39.856787,21.424362],[39.856946,21.42544],[39.856991,21.426045],[39.856939,21.426436],[39.856821,21.426768],[39.856625,21.427119],[39.856469,21.427339],[39.857012,21.427373],[39.857324,21.427516],[39.857616,21.427768],[39.857803,21.427942],[39.858208,21.42766],[39.858477,21.42751],[39.858578,21.427456],[39.858688,21.427398],[39.859321,21.427186],[39.860025,21.426955],[39.860749,21.426769],[39.861713,21.426532],[39.862247,21.426366],[39.862485,21.426326],[39.862678,21.426294],[39.862756,21.426283]]}",Admin,53e04c90-dfba-4e08-9332-7597ce1ed527,الراجحي,125,2026-05-12 14:04:02,2026-05-12 14:04:02
019e1c80-75a6-709a-8eee-9865597e9e23,3,04:00,08:00,فترة ثالثة,9,400,8b2033c0-197e-43d7-935a-c37e5ac86561,تروية,a0bc4dde-a22d-4d68-bf95-75f45d362d66,تقليدي رد,ba2f406d-8d95-4830-b635-1ba0d2d6825b,مدخل انفاق الجمرات سوق العرب - شارح الحج,7671a94f-88a8-4504-835e-7cccf5d30070,121,شارع 206,parking,6a81cfb3-9019-4ac5-9f85-353cab5b9895,الاتصالات الجديد,parking,6a81cfb3-9019-4ac5-9f85-353cab5b9895,الاتصالات الجديد,,,residence,شركة القصواء للسفر و السياحة,camp,C/206,"{""type"":""LineString"",""coordinates"":[[39.829966,21.406483],[39.829538,21.408329],[39.829293,21.409483],[39.829211,21.40995],[39.829031,21.410604],[39.829016,21.410708],[39.829032,21.410834],[39.829189,21.411227],[39.82919,21.411378],[39.829162,21.411558],[39.829331,21.411618],[39.829612,21.411754],[39.829986,21.411986],[39.830311,21.412249],[39.830592,21.412449],[39.831075,21.412894],[39.831555,21.413389],[39.831888,21.41372],[39.832941,21.414696],[39.833376,21.415051],[39.834147,21.415815],[39.835112,21.417126],[39.83545,21.417568],[39.835596,21.417809],[39.836159,21.418816],[39.836387,21.419342],[39.836499,21.419828],[39.836585,21.420383],[39.836663,21.421152],[39.836678,21.421615],[39.836627,21.42254],[39.83658,21.423004],[39.836524,21.423363],[39.836362,21.424044],[39.836231,21.424443],[39.8361,21.424782],[39.834917,21.42702],[39.834795,21.427241],[39.834514,21.427898],[39.834311,21.428241],[39.834026,21.428641],[39.834009,21.428721],[39.834023,21.428834],[39.834092,21.428968],[39.834276,21.429063],[39.839238,21.429498],[39.840112,21.429579],[39.842782,21.429811],[39.84341,21.42991],[39.843926,21.430004],[39.844347,21.430084],[39.845486,21.430359],[39.846236,21.430555],[39.847035,21.430847],[39.847521,21.431051],[39.848236,21.431382],[39.848826,21.431678],[39.849363,21.431853],[39.850032,21.431985],[39.850223,21.432009],[39.850786,21.43208],[39.851505,21.432194],[39.853807,21.432516],[39.854342,21.432602],[39.854528,21.432385],[39.854751,21.432015],[39.855032,21.431585],[39.855441,21.430914],[39.855464,21.430877],[39.855825,21.430302],[39.856465,21.429408],[39.857694,21.428018],[39.857803,21.427942],[39.858208,21.42766],[39.858477,21.42751],[39.858578,21.427456],[39.858688,21.427398],[39.859321,21.427186],[39.860025,21.426955],[39.860749,21.426769],[39.861713,21.426532],[39.862247,21.426366],[39.862485,21.426326],[39.862678,21.426294],[39.862756,21.426283]]}",Admin,53e04c90-dfba-4e08-9332-7597ce1ed527,الراجحي,101,2026-05-12 14:04:01,2026-05-12 14:04:01
019e1c80-7374-7218-b746-d9ec2afca809,1,20:00,23:59,فترة اولى,15,3447,8b2033c0-197e-43d7-935a-c37e5ac86561,تروية,48a174b1-0445-44d5-8d15-f6b484620b5d,ترددي,4e968379-67ed-4221-903f-e7351145b578,مدخل الترددي 1 - منى,1d72aced-a3e6-4515-aee8-b7b25d040d51,582,شارع 427,bus_warehouse,78d92381-0800-44ed-ad7b-9ff92b62e4b6,ترددي 1,bus_warehouse,78d92381-0800-44ed-ad7b-9ff92b62e4b6,ترددي 1,,,residence,شركة ثروات المشاعر للسياحة,camp,3/427,"{""type"":""LineString"",""coordinates"":[[39.794793,21.437672],[39.794579,21.43781],[39.795209,21.438645],[39.795652,21.439304],[39.796133,21.440019],[39.79776,21.440087],[39.799694,21.440166],[39.800483,21.440269],[39.801032,21.440367],[39.801713,21.440514],[39.803502,21.440894],[39.804212,21.441008],[39.804267,21.440353],[39.804502,21.438014],[39.804645,21.437088],[39.804898,21.436329],[39.804969,21.436109],[39.804989,21.436045],[39.805009,21.435983],[39.805342,21.435418],[39.805738,21.434581],[39.805797,21.434413],[39.806366,21.432674],[39.806481,21.432262],[39.80651,21.43211],[39.806543,21.431778],[39.806587,21.431381],[39.80664,21.430825],[39.806675,21.430387],[39.806743,21.428954],[39.806754,21.428722],[39.806762,21.42835],[39.806767,21.428082],[39.806781,21.427419],[39.80678,21.426874],[39.806778,21.426117],[39.806753,21.424478],[39.806715,21.42358],[39.806709,21.423445],[39.806701,21.423258],[39.806683,21.422982],[39.80667,21.422961],[39.806856,21.422998],[39.807543,21.423128],[39.808284,21.423318],[39.809005,21.423496],[39.810004,21.423673],[39.812704,21.424079],[39.81389,21.424253],[39.81416,21.424288],[39.814583,21.424301],[39.8149,21.424294],[39.816324,21.424159],[39.817715,21.424025],[39.817839,21.424015],[39.818018,21.424003],[39.818758,21.423956],[39.819167,21.423893],[39.819468,21.423825],[39.819616,21.423779],[39.819737,21.423712],[39.82102,21.422308],[39.821255,21.422148],[39.821521,21.422043],[39.8218,21.42196],[39.822147,21.421864],[39.822382,21.421761],[39.822573,21.421647],[39.822791,21.421489],[39.823573,21.420862],[39.823754,21.420759],[39.824375,21.420476],[39.824726,21.420372],[39.825105,21.420284],[39.825955,21.420176],[39.826362,21.420149],[39.826554,21.420136],[39.826763,21.420141],[39.827464,21.420235],[39.828747,21.420466],[39.829051,21.420521],[39.829896,21.420637],[39.830672,21.420741],[39.830929,21.420773],[39.831535,21.420838],[39.83191,21.420945],[39.832039,21.421015],[39.832183,21.421174],[39.832273,21.421282],[39.833266,21.422326],[39.83351,21.422555],[39.833692,21.42261],[39.833898,21.422641],[39.834238,21.422617],[39.834413,21.422597],[39.834643,21.422554],[39.842963,21.421445],[39.843901,21.421349],[39.844575,21.421303],[39.845233,21.42127],[39.846332,21.421259],[39.847368,21.421227],[39.847802,21.421211],[39.848334,21.421188],[39.849191,21.421167],[39.850454,21.421049],[39.851183,21.420947],[39.851521,21.420819],[39.851827,21.42067],[39.852143,21.420443],[39.852385,21.420171],[39.853182,21.4192],[39.853454,21.418683],[39.853662,21.418375],[39.854049,21.41786],[39.854388,21.417419],[39.854815,21.416871],[39.854832,21.41685],[39.855039,21.416754],[39.856199,21.415212],[39.856915,21.414028],[39.857548,21.412983],[39.859613,21.409567],[39.860347,21.408343],[39.861218,21.406891],[39.861848,21.405711],[39.862293,21.404805],[39.862648,21.403944],[39.863146,21.402736],[39.864457,21.399575],[39.864667,21.399101],[39.865353,21.397787],[39.865604,21.397353],[39.865839,21.397027],[39.866002,21.396835],[39.866639,21.39624],[39.867089,21.395886],[39.869109,21.394312],[39.87078,21.393016],[39.871413,21.392421],[39.871914,21.39181],[39.87245,21.39099],[39.872511,21.39085],[39.872815,21.390147],[39.873089,21.389359],[39.873632,21.387748],[39.873794,21.387223],[39.87407,21.386327],[39.874115,21.385744],[39.874141,21.385156],[39.874177,21.384349],[39.87425,21.384097],[39.874324,21.383912],[39.874375,21.383782],[39.875494,21.384124],[39.875621,21.384163],[39.877628,21.384792],[39.877799,21.384845],[39.881188,21.385907],[39.881609,21.386039],[39.883944,21.386745],[39.885585,21.38727],[39.886236,21.387469],[39.888263,21.388099],[39.889419,21.388485],[39.889529,21.388522],[39.890503,21.388827],[39.892548,21.38947],[39.892976,21.389646],[39.893288,21.389775],[39.893949,21.389932],[39.894388,21.390017],[39.894603,21.390012],[39.895011,21.390022],[39.896599,21.389807],[39.897783,21.38963],[39.898315,21.389587],[39.898723,21.389502],[39.898959,21.389404],[39.899363,21.389162],[39.899572,21.388916],[39.899647,21.388823],[39.899738,21.388711],[39.900204,21.388081],[39.90045,21.387688],[39.901347,21.386056],[39.901491,21.385591],[39.901518,21.385428],[39.901502,21.385248],[39.901443,21.385013],[39.901303,21.384842],[39.901105,21.384753],[39.900836,21.384717],[39.900558,21.384773],[39.900375,21.384898],[39.900247,21.385043],[39.900188,21.385198],[39.900166,21.385406],[39.900203,21.385591],[39.900341,21.385945],[39.902134,21.388293],[39.903467,21.39016],[39.904777,21.391926],[39.906077,21.393658],[39.908527,21.39692],[39.90976,21.398562],[39.910401,21.399415],[39.911031,21.400316],[39.911549,21.401261],[39.911872,21.402078],[39.912199,21.403295],[39.912263,21.404103],[39.912291,21.404463],[39.912243,21.40527],[39.912039,21.406224],[39.911342,21.40799],[39.91131,21.408071],[39.911269,21.408174],[39.910998,21.408861],[39.910953,21.408975]]}",Admin,6f634c93-b9c8-4552-94aa-422e027f4c34,إثراء الجود,13,2026-05-12 14:04:00,2026-05-12 14:04:00
019e1c80-6fed-7217-b0ff-368ea5e67d99,1,20:00,23:59,فترة اولى,15,3342,8b2033c0-197e-43d7-935a-c37e5ac86561,تروية,48a174b1-0445-44d5-8d15-f6b484620b5d,ترددي,4e968379-67ed-4221-903f-e7351145b578,مدخل الترددي 1 - منى,61f08bc5-5118-4453-8f53-cffe9b0dd454,580,شارع 427,bus_warehouse,78d92381-0800-44ed-ad7b-9ff92b62e4b6,ترددي 1,bus_warehouse,78d92381-0800-44ed-ad7b-9ff92b62e4b6,ترددي 1,,,residence,شركة ثروات المشاعر للسياحة,camp,2/427,"{""type"":""LineString"",""coordinates"":[[39.794793,21.437672],[39.794579,21.43781],[39.795209,21.438645],[39.795652,21.439304],[39.796133,21.440019],[39.79776,21.440087],[39.799694,21.440166],[39.800483,21.440269],[39.801032,21.440367],[39.801713,21.440514],[39.803502,21.440894],[39.804212,21.441008],[39.804267,21.440353],[39.804502,21.438014],[39.804645,21.437088],[39.804898,21.436329],[39.804969,21.436109],[39.804989,21.436045],[39.805009,21.435983],[39.805342,21.435418],[39.805738,21.434581],[39.805797,21.434413],[39.806366,21.432674],[39.806481,21.432262],[39.80651,21.43211],[39.806543,21.431778],[39.806587,21.431381],[39.80664,21.430825],[39.806675,21.430387],[39.806743,21.428954],[39.806754,21.428722],[39.806762,21.42835],[39.806767,21.428082],[39.806781,21.427419],[39.80678,21.426874],[39.806778,21.426117],[39.806753,21.424478],[39.806715,21.42358],[39.806709,21.423445],[39.806701,21.423258],[39.806683,21.422982],[39.80667,21.422961],[39.806856,21.422998],[39.807543,21.423128],[39.808284,21.423318],[39.809005,21.423496],[39.810004,21.423673],[39.812704,21.424079],[39.81389,21.424253],[39.81416,21.424288],[39.814583,21.424301],[39.8149,21.424294],[39.816324,21.424159],[39.817715,21.424025],[39.817839,21.424015],[39.818018,21.424003],[39.818758,21.423956],[39.819167,21.423893],[39.819468,21.423825],[39.819616,21.423779],[39.819737,21.423712],[39.82102,21.422308],[39.821255,21.422148],[39.821521,21.422043],[39.8218,21.42196],[39.822147,21.421864],[39.822382,21.421761],[39.822573,21.421647],[39.822791,21.421489],[39.823573,21.420862],[39.823754,21.420759],[39.824375,21.420476],[39.824726,21.420372],[39.825105,21.420284],[39.825955,21.420176],[39.826362,21.420149],[39.826554,21.420136],[39.826763,21.420141],[39.827464,21.420235],[39.828747,21.420466],[39.829051,21.420521],[39.829896,21.420637],[39.830672,21.420741],[39.830929,21.420773],[39.831535,21.420838],[39.83191,21.420945],[39.832039,21.421015],[39.832183,21.421174],[39.832273,21.421282],[39.833266,21.422326],[39.83351,21.422555],[39.833692,21.42261],[39.833898,21.422641],[39.834238,21.422617],[39.834413,21.422597],[39.834643,21.422554],[39.842963,21.421445],[39.843901,21.421349],[39.844575,21.421303],[39.845233,21.42127],[39.846332,21.421259],[39.847368,21.421227],[39.847802,21.421211],[39.848334,21.421188],[39.849191,21.421167],[39.850454,21.421049],[39.851183,21.420947],[39.851521,21.420819],[39.851827,21.42067],[39.852143,21.420443],[39.852385,21.420171],[39.853182,21.4192],[39.853454,21.418683],[39.853662,21.418375],[39.854049,21.41786],[39.854388,21.417419],[39.854815,21.416871],[39.854832,21.41685],[39.855039,21.416754],[39.856199,21.415212],[39.856915,21.414028],[39.857548,21.412983],[39.859613,21.409567],[39.860347,21.408343],[39.861218,21.406891],[39.861848,21.405711],[39.862293,21.404805],[39.862648,21.403944],[39.863146,21.402736],[39.864457,21.399575],[39.864667,21.399101],[39.865353,21.397787],[39.865604,21.397353],[39.865839,21.397027],[39.866002,21.396835],[39.866639,21.39624],[39.867089,21.395886],[39.869109,21.394312],[39.87078,21.393016],[39.871413,21.392421],[39.871914,21.39181],[39.87245,21.39099],[39.872511,21.39085],[39.872815,21.390147],[39.873089,21.389359],[39.873632,21.387748],[39.873794,21.387223],[39.87407,21.386327],[39.874115,21.385744],[39.874141,21.385156],[39.874177,21.384349],[39.87425,21.384097],[39.874324,21.383912],[39.874375,21.383782],[39.875494,21.384124],[39.875621,21.384163],[39.877628,21.384792],[39.877799,21.384845],[39.881188,21.385907],[39.881609,21.386039],[39.883944,21.386745],[39.885585,21.38727],[39.886236,21.387469],[39.888263,21.388099],[39.889419,21.388485],[39.889529,21.388522],[39.890503,21.388827],[39.892548,21.38947],[39.892976,21.389646],[39.893288,21.389775],[39.893949,21.389932],[39.894388,21.390017],[39.894603,21.390012],[39.895011,21.390022],[39.896599,21.389807],[39.897783,21.38963],[39.898315,21.389587],[39.898723,21.389502],[39.898959,21.389404],[39.899363,21.389162],[39.899572,21.388916],[39.899647,21.388823],[39.899738,21.388711],[39.900204,21.388081],[39.90045,21.387688],[39.901347,21.386056],[39.901491,21.385591],[39.901518,21.385428],[39.901502,21.385248],[39.901443,21.385013],[39.901303,21.384842],[39.901105,21.384753],[39.900836,21.384717],[39.900558,21.384773],[39.900375,21.384898],[39.900247,21.385043],[39.900188,21.385198],[39.900166,21.385406],[39.900203,21.385591],[39.900341,21.385945],[39.902134,21.388293],[39.903467,21.39016],[39.904777,21.391926],[39.906077,21.393658],[39.908527,21.39692],[39.90976,21.398562],[39.910401,21.399415],[39.911031,21.400316],[39.911549,21.401261],[39.911872,21.402078],[39.912199,21.403295],[39.912263,21.404103],[39.912291,21.404463],[39.912243,21.40527],[39.912039,21.406224],[39.911342,21.40799],[39.91131,21.408071],[39.911269,21.408174],[39.910998,21.408861],[39.910953,21.408975]]}",Admin,6f634c93-b9c8-4552-94aa-422e027f4c34,إثراء الجود,5,2026-05-12 14:03:59,2026-05-12 14:03:59
019e1c80-6bd2-734f-b13f-8e9591b25741,1,20:00,23:59,فترة اولى,10,1372,8b2033c0-197e-43d7-935a-c37e5ac86561,تروية,a0bc4dde-a22d-4d68-bf95-75f45d362d66,تقليدي رد,c9b6a08b-9db3-4cc8-bfba-162d2ee1544f,مدخل طريق الملك عبدالله - العزيزية,fc0dbb86-123c-402c-a73c-cf9fbc0c1115,217,شارع 506,parking,6a81cfb3-9019-4ac5-9f85-353cab5b9895,الاتصالات الجديد,parking,6a81cfb3-9019-4ac5-9f85-353cab5b9895,الاتصالات الجديد,,,residence,شركة القوافل العالمية للمقاولات شخص واحد,camp,2/506,"{""type"":""LineString"",""coordinates"":[[39.867276,21.409118],[39.867943,21.408443],[39.868312,21.408747],[39.868464,21.40859],[39.868553,21.408657],[39.869613,21.407562],[39.869889,21.407322],[39.870641,21.406779],[39.873129,21.404971],[39.873921,21.404413],[39.874476,21.404014],[39.874835,21.403755],[39.875046,21.403601],[39.87569,21.40313],[39.876679,21.402412],[39.87737,21.401909],[39.878002,21.401518],[39.878144,21.401442],[39.878392,21.401307],[39.879401,21.400847],[39.883366,21.399037],[39.884426,21.398552],[39.884352,21.398409],[39.884099,21.397911],[39.884029,21.397519],[39.883907,21.397075],[39.88381,21.396665],[39.883613,21.395952],[39.883437,21.395547],[39.883296,21.395139],[39.883095,21.394449],[39.88306,21.39433],[39.882892,21.393411],[39.882868,21.393262],[39.883076,21.393244],[39.88309,21.39336],[39.883151,21.393861],[39.883281,21.394359],[39.883387,21.394766],[39.883451,21.394994],[39.883531,21.39521]]}",Admin,806536a5-c86c-4e09-acca-ee8a888042e2,إكرام الضيف,162,2026-05-12 14:03:58,2026-05-12 14:03:58
019e1c80-697f-7384-b8b3-26f2126244a4,2,00:00,03:59,فترة ثانية,15,3595,8b2033c0-197e-43d7-935a-c37e5ac86561,تروية,48a174b1-0445-44d5-8d15-f6b484620b5d,ترددي,c8fab1e4-386b-41c7-8e60-d7588f96ccde,مدخل الترددي 3 - منى,c5725677-4ea9-4650-bb76-f13ee9d7b093,274,شارع 641,bus_warehouse,3066fa1f-05fa-40a1-9bd2-b134cd6c9234,ترددي 3,bus_warehouse,3066fa1f-05fa-40a1-9bd2-b134cd6c9234,ترددي 3,,,residence,شركة الفجر البديع خمسة للخدمات الفندقيه,camp,2/641,"{""type"":""LineString"",""coordinates"":[[39.821345,21.414876],[39.821647,21.41483],[39.821773,21.414813],[39.822161,21.41501],[39.822246,21.41511],[39.822307,21.415127],[39.822575,21.415058],[39.822375,21.414442],[39.821984,21.41363],[39.821965,21.413339],[39.82194,21.413279],[39.821811,21.412978],[39.821689,21.412677],[39.821415,21.412278],[39.821074,21.411474],[39.82098,21.411311],[39.820796,21.411053],[39.820984,21.411131],[39.821133,21.411136],[39.823693,21.411142],[39.824304,21.411081],[39.824887,21.411008],[39.825389,21.410965],[39.826113,21.4109],[39.826641,21.410897],[39.827167,21.410943],[39.827684,21.411038],[39.82819,21.41118],[39.828677,21.411368],[39.829042,21.411506],[39.829162,21.411558],[39.829086,21.411794],[39.828953,21.412001],[39.828732,21.412233],[39.828396,21.412501],[39.828167,21.412734],[39.828138,21.412813],[39.828092,21.413063],[39.827963,21.413896],[39.82782,21.414639],[39.827706,21.415078],[39.827692,21.415205],[39.827674,21.415692],[39.828007,21.41679],[39.828076,21.417017],[39.8285,21.416933],[39.828573,21.416917],[39.828798,21.416844],[39.829045,21.416713],[39.829337,21.416677],[39.829786,21.416694],[39.830732,21.416554],[39.831377,21.416384],[39.831718,21.416278],[39.832033,21.416152],[39.838227,21.412896],[39.838921,21.412402],[39.83955,21.411899],[39.840154,21.41138],[39.841104,21.4104],[39.841448,21.41001],[39.842328,21.408941],[39.842812,21.408322],[39.84304,21.40803],[39.846588,21.403952],[39.84699,21.403319],[39.847287,21.402708],[39.847522,21.401979],[39.847675,21.400866],[39.847757,21.400379],[39.847936,21.398697],[39.848087,21.398091],[39.848194,21.397813],[39.848526,21.397184],[39.848715,21.396921],[39.848992,21.396578],[39.849437,21.396111],[39.849685,21.395914],[39.849987,21.395705],[39.850241,21.39555],[39.850696,21.395318],[39.851103,21.395121],[39.852866,21.39428],[39.85336,21.394031],[39.853855,21.39375],[39.854267,21.393467],[39.85464,21.393184],[39.854897,21.39296],[39.855798,21.391964],[39.856536,21.391178],[39.85912,21.388568],[39.862032,21.385524],[39.863018,21.384644],[39.863957,21.384037],[39.86448,21.383738],[39.865047,21.383474],[39.865891,21.383149],[39.866999,21.382837],[39.867992,21.382698],[39.868715,21.382637],[39.869226,21.382632],[39.870011,21.382663],[39.870534,21.38271],[39.871031,21.382805],[39.872226,21.383094],[39.872622,21.383189],[39.87341,21.383495],[39.874256,21.383747],[39.874375,21.383782],[39.875494,21.384124],[39.875621,21.384163],[39.877628,21.384792],[39.877799,21.384845],[39.881188,21.385907],[39.881609,21.386039],[39.883944,21.386745],[39.885585,21.38727],[39.886236,21.387469],[39.888263,21.388099],[39.889419,21.388485],[39.889529,21.388522],[39.890503,21.388827],[39.892548,21.38947],[39.892976,21.389646],[39.893288,21.389775],[39.893949,21.389932],[39.894388,21.390017],[39.894603,21.390012],[39.895011,21.390022],[39.896599,21.389807],[39.897783,21.38963],[39.898315,21.389587],[39.898723,21.389502],[39.898959,21.389404],[39.899363,21.389162],[39.899572,21.388916],[39.899647,21.388823],[39.899738,21.388711],[39.900204,21.388081],[39.90045,21.387688],[39.901347,21.386056],[39.901491,21.385591],[39.901518,21.385428],[39.901502,21.385248],[39.901443,21.385013],[39.901303,21.384842],[39.901105,21.384753],[39.900836,21.384717],[39.900558,21.384773],[39.900375,21.384898],[39.900247,21.385043],[39.900188,21.385198],[39.900166,21.385406],[39.900203,21.385591],[39.900341,21.385945],[39.902134,21.388293],[39.903467,21.39016],[39.904777,21.391926],[39.906077,21.393658],[39.908527,21.39692],[39.90976,21.398562],[39.910401,21.399415],[39.910873,21.399891],[39.911066,21.400051],[39.911393,21.400286],[39.91186,21.40052],[39.912342,21.400695],[39.913266,21.4011],[39.913528,21.401256],[39.913853,21.401385]]}",Admin,806536a5-c86c-4e09-acca-ee8a888042e2,إكرام الضيف,122,2026-05-12 14:03:58,2026-05-12 14:03:58
019e1c80-67bd-70a8-86fa-0595ea251400,1,20:00,23:59,فترة اولى,15,3081,8b2033c0-197e-43d7-935a-c37e5ac86561,تروية,48a174b1-0445-44d5-8d15-f6b484620b5d,ترددي,2214b63a-70fc-4e0d-a01e-a4e7cf4e7673,مدخل الترددي 2 - منى,1ccddb6d-9db2-4d76-bb98-97d78e384369,328,شارع 608,bus_warehouse,646b18f1-18fc-4ce2-b471-ce297eaaa9e4,ترددي 2,bus_warehouse,646b18f1-18fc-4ce2-b471-ce297eaaa9e4,ترددي 2,,,residence,شركة سدرة المحبس للخدمات الفندقيه غير ربحية خاصة,camp,21/608,"{""type"":""LineString"",""coordinates"":[[39.852716,21.422347],[39.853073,21.422363],[39.853911,21.422427],[39.855464,21.4227],[39.855572,21.421658],[39.855664,21.421465],[39.855726,21.421199],[39.855722,21.42109],[39.855666,21.420944],[39.855526,21.420785],[39.855253,21.42039],[39.854591,21.419346],[39.85444,21.419133],[39.85425,21.418837],[39.854149,21.418744],[39.85392,21.418589],[39.853838,21.41854],[39.853712,21.418472],[39.85381,21.418326],[39.854136,21.417924],[39.854526,21.41742],[39.855039,21.416754],[39.856199,21.415212],[39.856915,21.414028],[39.857548,21.412983],[39.859613,21.409567],[39.860347,21.408343],[39.861218,21.406891],[39.861848,21.405711],[39.862293,21.404805],[39.862648,21.403944],[39.863146,21.402736],[39.864457,21.399575],[39.864667,21.399101],[39.865353,21.397787],[39.865604,21.397353],[39.865839,21.397027],[39.866002,21.396835],[39.866639,21.39624],[39.867089,21.395886],[39.869109,21.394312],[39.87078,21.393016],[39.871413,21.392421],[39.871914,21.39181],[39.87245,21.39099],[39.872511,21.39085],[39.872815,21.390147],[39.873089,21.389359],[39.873632,21.387748],[39.873794,21.387223],[39.87407,21.386327],[39.874115,21.385744],[39.874141,21.385156],[39.874177,21.384349],[39.87425,21.384097],[39.874324,21.383912],[39.874375,21.383782],[39.875494,21.384124],[39.875621,21.384163],[39.877628,21.384792],[39.877799,21.384845],[39.881188,21.385907],[39.881609,21.386039],[39.883944,21.386745],[39.885585,21.38727],[39.886236,21.387469],[39.888263,21.388099],[39.889419,21.388485],[39.889529,21.388522],[39.890503,21.388827],[39.892548,21.38947],[39.892976,21.389646],[39.893288,21.389775],[39.893949,21.389932],[39.894388,21.390017],[39.894603,21.390012],[39.895011,21.390022],[39.896599,21.389807],[39.897783,21.38963],[39.898315,21.389587],[39.898723,21.389502],[39.898959,21.389404],[39.899363,21.389162],[39.899572,21.388916],[39.899647,21.388823],[39.899738,21.388711],[39.900204,21.388081],[39.90045,21.387688],[39.901347,21.386056],[39.901491,21.385591],[39.901518,21.385428],[39.901502,21.385248],[39.901443,21.385013],[39.901303,21.384842],[39.901105,21.384753],[39.900836,21.384717],[39.900558,21.384773],[39.900375,21.384898],[39.900247,21.385043],[39.900188,21.385198],[39.900166,21.385406],[39.900203,21.385591],[39.900341,21.385945],[39.902134,21.388293],[39.903467,21.39016],[39.904777,21.391926],[39.906077,21.393658],[39.908527,21.39692],[39.90976,21.398562],[39.910401,21.399415],[39.910873,21.399891],[39.911066,21.400051],[39.911393,21.400286],[39.91186,21.40052],[39.912342,21.400695],[39.913266,21.4011],[39.913528,21.401256],[39.913853,21.401385]]}",Admin,806536a5-c86c-4e09-acca-ee8a888042e2,إكرام الضيف,123,2026-05-12 14:03:57,2026-05-12 14:03:57
019e1c80-66bd-72d9-bbcd-e57a90da026e,2,00:00,03:59,فترة ثانية,15,1530,8b2033c0-197e-43d7-935a-c37e5ac86561,تروية,a0bc4dde-a22d-4d68-bf95-75f45d362d66,تقليدي رد,ba2f406d-8d95-4830-b635-1ba0d2d6825b,مدخل انفاق الجمرات سوق العرب - شارح الحج,799406f8-b9dd-4b24-8ba3-34fcb5e56f0c,112,شارع 206,parking,6a81cfb3-9019-4ac5-9f85-353cab5b9895,الاتصالات الجديد,parking,6a81cfb3-9019-4ac5-9f85-353cab5b9895,الاتصالات الجديد,,,residence,شركة الماسة الخاصة المحدودة,camp,21/206,"{""type"":""LineString"",""coordinates"":[[39.848341,21.431896],[39.848204,21.432251],[39.848639,21.432409],[39.849222,21.432644],[39.849447,21.43246],[39.849924,21.432152],[39.850223,21.432009],[39.850786,21.43208],[39.851505,21.432194],[39.853807,21.432516],[39.854342,21.432602],[39.854528,21.432385],[39.854751,21.432015],[39.855032,21.431585],[39.855441,21.430914],[39.855464,21.430877],[39.855825,21.430302],[39.856465,21.429408],[39.857694,21.428018],[39.857803,21.427942],[39.858208,21.42766],[39.858477,21.42751],[39.858578,21.427456],[39.858688,21.427398],[39.859321,21.427186],[39.860025,21.426955],[39.860749,21.426769],[39.861713,21.426532],[39.862247,21.426366],[39.862485,21.426326],[39.862678,21.426294],[39.862756,21.426283]]}",Admin,806536a5-c86c-4e09-acca-ee8a888042e2,إكرام الضيف,106,2026-05-12 14:03:57,2026-05-12 14:03:57
019e1c80-65c5-71ba-847d-e96622996d39,1,20:00,23:59,فترة اولى,15,2850,8b2033c0-197e-43d7-935a-c37e5ac86561,تروية,a0bc4dde-a22d-4d68-bf95-75f45d362d66,تقليدي رد,c9b6a08b-9db3-4cc8-bfba-162d2ee1544f,مدخل طريق الملك عبدالله - العزيزية,27b2231e-0d12-4fbb-b7f5-19d6fbebd316,605,شارع 608,parking,6a81cfb3-9019-4ac5-9f85-353cab5b9895,الاتصالات الجديد,parking,6a81cfb3-9019-4ac5-9f85-353cab5b9895,الاتصالات الجديد,,,residence,شركة الضيافة العصرية الفندقية,camp,26/608,"{""type"":""LineString"",""coordinates"":[[39.861937,21.406096],[39.861622,21.406658],[39.861936,21.406879],[39.862333,21.407209],[39.863133,21.407873],[39.863643,21.408297],[39.86441,21.408933],[39.864437,21.408955],[39.864482,21.408993],[39.865583,21.409982],[39.86609,21.410407],[39.866424,21.410687],[39.866513,21.410762],[39.868553,21.408657],[39.869613,21.407562],[39.869889,21.407322],[39.870641,21.406779],[39.873129,21.404971],[39.873921,21.404413],[39.874476,21.404014],[39.874835,21.403755],[39.875046,21.403601],[39.87569,21.40313],[39.876679,21.402412],[39.87737,21.401909],[39.878002,21.401518],[39.878144,21.401442],[39.878392,21.401307],[39.879401,21.400847],[39.883366,21.399037],[39.884426,21.398552],[39.884352,21.398409],[39.884099,21.397911],[39.884029,21.397519],[39.883907,21.397075],[39.88381,21.396665],[39.883613,21.395952],[39.883437,21.395547],[39.883296,21.395139],[39.883095,21.394449],[39.88306,21.39433],[39.882892,21.393411],[39.882868,21.393262],[39.883076,21.393244],[39.88309,21.39336],[39.883151,21.393861],[39.883281,21.394359],[39.883387,21.394766],[39.883451,21.394994],[39.883531,21.39521]]}",Admin,806536a5-c86c-4e09-acca-ee8a888042e2,إكرام الضيف,118,2026-05-12 14:03:57,2026-05-12 14:03:57
019e1c80-59f6-7277-8a71-d777b6d5d496,2,00:00,03:59,فترة ثانية,15,3506,8b2033c0-197e-43d7-935a-c37e5ac86561,تروية,48a174b1-0445-44d5-8d15-f6b484620b5d,ترددي,c8fab1e4-386b-41c7-8e60-d7588f96ccde,مدخل الترددي 3 - منى,a8634ee8-4e37-427e-bd8c-0ae699d86243,252,شارع 655,bus_warehouse,3066fa1f-05fa-40a1-9bd2-b134cd6c9234,ترددي 3,bus_warehouse,3066fa1f-05fa-40a1-9bd2-b134cd6c9234,ترددي 3,,,residence,شركة الفرسان الذهبيه لتشغيل الفنادق,camp,5/655,"{""type"":""LineString"",""coordinates"":[[39.869005,21.406541],[39.869122,21.406426],[39.869543,21.406093],[39.870133,21.405659],[39.870803,21.406467],[39.871639,21.405884],[39.872473,21.405289],[39.872804,21.405051],[39.873129,21.404971],[39.873921,21.404413],[39.874476,21.404014],[39.874835,21.403755],[39.875046,21.403601],[39.87569,21.40313],[39.876679,21.402412],[39.87737,21.401909],[39.878002,21.401518],[39.878144,21.401442],[39.878392,21.401307],[39.879401,21.400847],[39.883366,21.399037],[39.884426,21.398552],[39.885932,21.397834],[39.887662,21.397056],[39.89015,21.395924],[39.892381,21.394909],[39.893021,21.394575],[39.893456,21.394283],[39.893609,21.394158],[39.893721,21.394066],[39.894165,21.393702],[39.894773,21.393204],[39.896259,21.391933],[39.897172,21.391133],[39.899133,21.389417],[39.899363,21.389162],[39.899572,21.388916],[39.899647,21.388823],[39.899738,21.388711],[39.900204,21.388081],[39.90045,21.387688],[39.901347,21.386056],[39.901491,21.385591],[39.901518,21.385428],[39.901502,21.385248],[39.901443,21.385013],[39.901303,21.384842],[39.901105,21.384753],[39.900836,21.384717],[39.900558,21.384773],[39.900375,21.384898],[39.900247,21.385043],[39.900188,21.385198],[39.900166,21.385406],[39.900203,21.385591],[39.900341,21.385945],[39.902134,21.388293],[39.903467,21.39016],[39.904777,21.391926],[39.906077,21.393658],[39.908527,21.39692],[39.90976,21.398562],[39.910401,21.399415],[39.910873,21.399891],[39.911066,21.400051],[39.911393,21.400286],[39.91186,21.40052],[39.912342,21.400695],[39.913266,21.4011],[39.913528,21.401256],[39.913853,21.401385]]}",Admin,e9a7afdb-66fc-41d1-b1b7-90c085414df4,رحلات ومنافع,206,2026-05-12 14:03:54,2026-05-12 14:03:54
019e1c80-5532-7393-97e7-f8cf827ae668,1,20:00,23:59,فترة اولى,15,2953,8b2033c0-197e-43d7-935a-c37e5ac86561,تروية,48a174b1-0445-44d5-8d15-f6b484620b5d,ترددي,4e968379-67ed-4221-903f-e7351145b578,مدخل الترددي 1 - منى,ed3a379c-89da-4578-8cca-312f7b7d2968,455,شارع 527,bus_warehouse,78d92381-0800-44ed-ad7b-9ff92b62e4b6,ترددي 1,bus_warehouse,78d92381-0800-44ed-ad7b-9ff92b62e4b6,ترددي 1,,,residence,شركة سبل الحياة الخليجية للمقاولات,camp,1/527,"{""type"":""LineString"",""coordinates"":[[39.832458,21.405548],[39.832186,21.405789],[39.831806,21.405467],[39.831528,21.40523],[39.831424,21.4052],[39.831386,21.405198],[39.830871,21.405145],[39.830831,21.40513],[39.830807,21.405095],[39.830876,21.404561],[39.830874,21.404429],[39.830371,21.404266],[39.830138,21.405686],[39.83004,21.406161],[39.829538,21.408329],[39.829293,21.409483],[39.829211,21.40995],[39.829031,21.410604],[39.829016,21.410708],[39.829032,21.410834],[39.829189,21.411227],[39.82919,21.411378],[39.829162,21.411558],[39.829086,21.411794],[39.828953,21.412001],[39.828732,21.412233],[39.828396,21.412501],[39.828167,21.412734],[39.828138,21.412813],[39.828092,21.413063],[39.827963,21.413896],[39.82782,21.414639],[39.827706,21.415078],[39.827692,21.415205],[39.827674,21.415692],[39.828007,21.41679],[39.828076,21.417017],[39.8285,21.416933],[39.828573,21.416917],[39.828798,21.416844],[39.829045,21.416713],[39.829337,21.416677],[39.829786,21.416694],[39.830732,21.416554],[39.831377,21.416384],[39.831718,21.416278],[39.832033,21.416152],[39.838227,21.412896],[39.838921,21.412402],[39.83955,21.411899],[39.840154,21.41138],[39.841104,21.4104],[39.841448,21.41001],[39.842328,21.408941],[39.842812,21.408322],[39.84304,21.40803],[39.846588,21.403952],[39.84699,21.403319],[39.847287,21.402708],[39.847522,21.401979],[39.847675,21.400866],[39.847757,21.400379],[39.847936,21.398697],[39.848087,21.398091],[39.848194,21.397813],[39.848526,21.397184],[39.848715,21.396921],[39.848992,21.396578],[39.849437,21.396111],[39.849685,21.395914],[39.849987,21.395705],[39.850241,21.39555],[39.850696,21.395318],[39.851103,21.395121],[39.852866,21.39428],[39.85336,21.394031],[39.853855,21.39375],[39.854267,21.393467],[39.85464,21.393184],[39.854897,21.39296],[39.855798,21.391964],[39.856536,21.391178],[39.85912,21.388568],[39.862032,21.385524],[39.863018,21.384644],[39.863957,21.384037],[39.86448,21.383738],[39.865047,21.383474],[39.865891,21.383149],[39.866999,21.382837],[39.867992,21.382698],[39.868715,21.382637],[39.869226,21.382632],[39.870011,21.382663],[39.870534,21.38271],[39.871031,21.382805],[39.872226,21.383094],[39.872622,21.383189],[39.87341,21.383495],[39.874256,21.383747],[39.874375,21.383782],[39.875494,21.384124],[39.875621,21.384163],[39.877628,21.384792],[39.877799,21.384845],[39.881188,21.385907],[39.881609,21.386039],[39.883944,21.386745],[39.885585,21.38727],[39.886236,21.387469],[39.888263,21.388099],[39.889419,21.388485],[39.889529,21.388522],[39.890503,21.388827],[39.892548,21.38947],[39.892976,21.389646],[39.893288,21.389775],[39.893949,21.389932],[39.894388,21.390017],[39.894603,21.390012],[39.895011,21.390022],[39.896599,21.389807],[39.897783,21.38963],[39.898315,21.389587],[39.898723,21.389502],[39.898959,21.389404],[39.899363,21.389162],[39.899572,21.388916],[39.899647,21.388823],[39.899738,21.388711],[39.900204,21.388081],[39.90045,21.387688],[39.901347,21.386056],[39.901491,21.385591],[39.901518,21.385428],[39.901502,21.385248],[39.901443,21.385013],[39.901303,21.384842],[39.901105,21.384753],[39.900836,21.384717],[39.900558,21.384773],[39.900375,21.384898],[39.900247,21.385043],[39.900188,21.385198],[39.900166,21.385406],[39.900203,21.385591],[39.900341,21.385945],[39.902134,21.388293],[39.903467,21.39016],[39.904777,21.391926],[39.906077,21.393658],[39.908527,21.39692],[39.90976,21.398562],[39.910401,21.399415],[39.911031,21.400316],[39.911549,21.401261],[39.911872,21.402078],[39.912199,21.403295],[39.912263,21.404103],[39.912291,21.404463],[39.912243,21.40527],[39.912039,21.406224],[39.911342,21.40799],[39.91131,21.408071],[39.911269,21.408174],[39.910998,21.408861],[39.910953,21.408975]]}",Admin,aabd2b1c-054c-4def-bda9-edfa61c862d1,مشارق الذهبية,12,2026-05-12 14:03:53,2026-05-12 14:03:53
019e1c80-5174-721c-951a-5e2ff8dcdda5,2,00:00,03:59,فترة ثانية,15,3659,8b2033c0-197e-43d7-935a-c37e5ac86561,تروية,48a174b1-0445-44d5-8d15-f6b484620b5d,ترددي,4e968379-67ed-4221-903f-e7351145b578,مدخل الترددي 1 - منى,97084346-2411-4573-9f7c-0e3dfda68a7f,463,شارع 526,bus_warehouse,78d92381-0800-44ed-ad7b-9ff92b62e4b6,ترددي 1,bus_warehouse,78d92381-0800-44ed-ad7b-9ff92b62e4b6,ترددي 1,,,residence,شركة السيوف الحجازية المحدودة,camp,5/526,"{""type"":""LineString"",""coordinates"":[[39.80648,21.412507],[39.806712,21.412566],[39.807256,21.412704],[39.807378,21.412365],[39.80771,21.411439],[39.807859,21.411082],[39.807979,21.4106],[39.808185,21.409923],[39.808458,21.408988],[39.808638,21.408221],[39.808743,21.407687],[39.808894,21.406667],[39.808984,21.406062],[39.809117,21.405079],[39.809428,21.402933],[39.809526,21.402159],[39.809712,21.400993],[39.809788,21.400554],[39.810157,21.400105],[39.810172,21.399962],[39.810232,21.399782],[39.810318,21.399631],[39.81042,21.399368],[39.810453,21.399147],[39.810434,21.398962],[39.810425,21.398644],[39.810348,21.398167],[39.810271,21.397936],[39.810119,21.397672],[39.81003,21.397433],[39.809979,21.397059],[39.810044,21.396405],[39.810078,21.396209],[39.809966,21.395806],[39.809467,21.394017],[39.809104,21.393444],[39.808949,21.393264],[39.808743,21.393123],[39.808551,21.393069],[39.80832,21.393069],[39.80804,21.393145],[39.807788,21.393338],[39.807543,21.393611],[39.807398,21.394029],[39.807368,21.394382],[39.807463,21.39463],[39.8077,21.394861],[39.807987,21.394947],[39.808437,21.394952],[39.809089,21.394697],[39.810361,21.393996],[39.811102,21.393614],[39.812213,21.392723],[39.813192,21.391724],[39.813419,21.391411],[39.813907,21.39074],[39.814757,21.389569],[39.815443,21.388743],[39.816345,21.387941],[39.816891,21.387545],[39.817406,21.387243],[39.818184,21.386825],[39.818931,21.386534],[39.81968,21.386324],[39.820468,21.386162],[39.821319,21.386089],[39.822593,21.386054],[39.824501,21.385929],[39.825737,21.385701],[39.827605,21.385172],[39.831319,21.38409],[39.831698,21.383991],[39.83206,21.383938],[39.832469,21.383894],[39.83283,21.383901],[39.83366,21.384005],[39.834076,21.384084],[39.834522,21.384233],[39.83508,21.384505],[39.835481,21.384745],[39.835939,21.385046],[39.836207,21.385284],[39.838285,21.387534],[39.838589,21.387837],[39.839153,21.388255],[39.839564,21.388494],[39.840047,21.388707],[39.840505,21.388865],[39.841031,21.388987],[39.841601,21.389045],[39.845807,21.389365],[39.845916,21.389383],[39.846272,21.38944],[39.846807,21.389599],[39.847417,21.389851],[39.847917,21.390141],[39.848327,21.390434],[39.848696,21.390774],[39.849186,21.391318],[39.849592,21.391657],[39.849861,21.391947],[39.850018,21.392085],[39.850446,21.392585],[39.851391,21.393633],[39.851581,21.393812],[39.851774,21.393938],[39.852046,21.394056],[39.852337,21.394122],[39.85254,21.394143],[39.852726,21.394133],[39.852959,21.394071],[39.853614,21.393779],[39.85405,21.393471],[39.854566,21.393024],[39.855648,21.391708],[39.855996,21.391461],[39.856181,21.391287],[39.856525,21.391018],[39.85717,21.390408],[39.857709,21.389855],[39.858217,21.389318],[39.85912,21.388568],[39.862032,21.385524],[39.863018,21.384644],[39.863957,21.384037],[39.86448,21.383738],[39.865047,21.383474],[39.865891,21.383149],[39.866999,21.382837],[39.867992,21.382698],[39.868715,21.382637],[39.869226,21.382632],[39.870011,21.382663],[39.870534,21.38271],[39.871031,21.382805],[39.872226,21.383094],[39.872622,21.383189],[39.87341,21.383495],[39.874256,21.383747],[39.874375,21.383782],[39.875494,21.384124],[39.875621,21.384163],[39.877628,21.384792],[39.877799,21.384845],[39.881188,21.385907],[39.881609,21.386039],[39.883944,21.386745],[39.885585,21.38727],[39.886236,21.387469],[39.888263,21.388099],[39.889419,21.388485],[39.889529,21.388522],[39.890503,21.388827],[39.892548,21.38947],[39.892976,21.389646],[39.893288,21.389775],[39.893949,21.389932],[39.894388,21.390017],[39.894603,21.390012],[39.895011,21.390022],[39.896599,21.389807],[39.897783,21.38963],[39.898315,21.389587],[39.898723,21.389502],[39.898959,21.389404],[39.899363,21.389162],[39.899572,21.388916],[39.899647,21.388823],[39.899738,21.388711],[39.900204,21.388081],[39.90045,21.387688],[39.901347,21.386056],[39.901491,21.385591],[39.901518,21.385428],[39.901502,21.385248],[39.901443,21.385013],[39.901303,21.384842],[39.901105,21.384753],[39.900836,21.384717],[39.900558,21.384773],[39.900375,21.384898],[39.900247,21.385043],[39.900188,21.385198],[39.900166,21.385406],[39.900203,21.385591],[39.900341,21.385945],[39.902134,21.388293],[39.903467,21.39016],[39.904777,21.391926],[39.906077,21.393658],[39.908527,21.39692],[39.90976,21.398562],[39.910401,21.399415],[39.911031,21.400316],[39.911549,21.401261],[39.911872,21.402078],[39.912199,21.403295],[39.912263,21.404103],[39.912291,21.404463],[39.912243,21.40527],[39.912039,21.406224],[39.911342,21.40799],[39.91131,21.408071],[39.911269,21.408174],[39.910998,21.408861],[39.910953,21.408975]]}",Admin,aabd2b1c-054c-4def-bda9-edfa61c862d1,مشارق الذهبية,4,2026-05-12 14:03:52,2026-05-12 14:03:52
019e1c80-52f7-718c-91e3-0f676872b571,2,00:00,03:59,فترة ثانية,15,1701,8b2033c0-197e-43d7-935a-c37e5ac86561,تروية,a0bc4dde-a22d-4d68-bf95-75f45d362d66,تقليدي رد,c9b6a08b-9db3-4cc8-bfba-162d2ee1544f,مدخل طريق الملك عبدالله - العزيزية,01d39c9c-a653-43a8-84dc-3656f9f5523f,211,شارع 68,parking,7cd11b31-ed19-4e26-ba8c-765318bd0a7c,100-83,parking,7cd11b31-ed19-4e26-ba8c-765318bd0a7c,100-83,,,residence,شركة جذور الفندقية شركة شخص واحد,camp,17/68,"{""type"":""LineString"",""coordinates"":[[39.837146,21.369827],[39.837511,21.369328],[39.83779,21.368948],[39.837866,21.368839],[39.838855,21.369469],[39.838965,21.369548],[39.839079,21.36963],[39.839004,21.369733],[39.838242,21.370776],[39.835895,21.373987],[39.833844,21.3768],[39.831637,21.379826],[39.83034,21.381632],[39.829518,21.382776],[39.829244,21.383137],[39.829189,21.383211],[39.828715,21.383626],[39.828431,21.383911],[39.827708,21.384644],[39.828992,21.384535],[39.829244,21.384519],[39.829855,21.38437],[39.831122,21.383987],[39.831785,21.383827],[39.832342,21.383768],[39.832689,21.383765],[39.833425,21.383788],[39.834009,21.38386],[39.834378,21.383974],[39.834634,21.384054],[39.835276,21.384458],[39.835525,21.384616],[39.835729,21.384746],[39.835976,21.384932],[39.836262,21.385178],[39.838411,21.38745],[39.838733,21.387759],[39.839259,21.388169],[39.839699,21.388429],[39.840246,21.388658],[39.840634,21.388749],[39.841231,21.388838],[39.842264,21.388921],[39.843922,21.389083],[39.845957,21.389246],[39.846384,21.389345],[39.847035,21.389539],[39.847266,21.389645],[39.84768,21.389836],[39.848252,21.390213],[39.848953,21.390805],[39.849588,21.39154],[39.850018,21.392085],[39.850446,21.392585],[39.851391,21.393633],[39.851581,21.393812],[39.851774,21.393938],[39.852046,21.394056],[39.852337,21.394122],[39.85254,21.394143],[39.852726,21.394133],[39.852959,21.394071],[39.853614,21.393779],[39.85405,21.393471],[39.854566,21.393024],[39.855648,21.391708],[39.855996,21.391461],[39.856181,21.391287],[39.856525,21.391018],[39.85717,21.390408],[39.857709,21.389855],[39.858217,21.389318],[39.85912,21.388568],[39.862032,21.385524],[39.863018,21.384644],[39.863957,21.384037],[39.86448,21.383738],[39.865047,21.383474],[39.865891,21.383149],[39.866999,21.382837],[39.867992,21.382698],[39.868715,21.382637],[39.869226,21.382632],[39.870011,21.382663],[39.870534,21.38271],[39.871031,21.382805],[39.872226,21.383094],[39.872622,21.383189],[39.87341,21.383495],[39.874256,21.383747],[39.874375,21.383782],[39.875494,21.384124],[39.875621,21.384163],[39.877628,21.384792],[39.877799,21.384845],[39.881188,21.385907],[39.881609,21.386039],[39.883944,21.386745],[39.885585,21.38727],[39.885492,21.387397],[39.885337,21.387606],[39.885146,21.387815],[39.884401,21.388374],[39.884161,21.388603],[39.883976,21.388805],[39.883784,21.389073],[39.883661,21.389262],[39.883397,21.389747],[39.883264,21.390239],[39.883217,21.390412],[39.883086,21.391198],[39.883009,21.391761],[39.883004,21.392121],[39.883034,21.392971],[39.883076,21.393244],[39.88309,21.39336],[39.883151,21.393861],[39.883281,21.394359],[39.883387,21.394766],[39.883451,21.394994],[39.883531,21.39521]]}",Admin,aabd2b1c-054c-4def-bda9-edfa61c862d1,مشارق الذهبية,9,2026-05-12 14:03:52,2026-05-12 14:03:52
019e1c80-4e91-7054-adc6-3c03a7be9f73,3,04:00,08:00,فترة ثالثة,15,1138,8b2033c0-197e-43d7-935a-c37e5ac86561,تروية,48a174b1-0445-44d5-8d15-f6b484620b5d,ترددي,4e968379-67ed-4221-903f-e7351145b578,مدخل الترددي 1 - منى,aa10b347-aaec-4c0e-a2ef-1c36916b42eb,450,شارع 524,bus_warehouse,78d92381-0800-44ed-ad7b-9ff92b62e4b6,ترددي 1,bus_warehouse,78d92381-0800-44ed-ad7b-9ff92b62e4b6,ترددي 1,,,residence,شركة برهان التجارة المحدودة,camp,1/524,"{""type"":""LineString"",""coordinates"":[[39.796408,21.433591],[39.796465,21.433653],[39.796701,21.433907],[39.795868,21.43448],[39.796038,21.434696],[39.796228,21.434937],[39.796442,21.435187],[39.796658,21.435439],[39.797592,21.434701],[39.798656,21.433727],[39.79915,21.433281],[39.799606,21.432876],[39.799874,21.432707],[39.80018,21.432593],[39.800374,21.432549],[39.80078,21.432496],[39.802933,21.43225],[39.803158,21.432125],[39.803657,21.432058],[39.80373,21.432049],[39.804191,21.43199],[39.805828,21.431841],[39.806543,21.431778],[39.806587,21.431381],[39.80664,21.430825],[39.806675,21.430387],[39.806743,21.428954],[39.806754,21.428722],[39.806762,21.42835],[39.806767,21.428082],[39.806781,21.427419],[39.80678,21.426874],[39.806778,21.426117],[39.806753,21.424478],[39.806715,21.42358],[39.806709,21.423445],[39.806701,21.423258],[39.806683,21.422982],[39.80667,21.422961],[39.806856,21.422998],[39.807543,21.423128],[39.808284,21.423318],[39.809005,21.423496],[39.810004,21.423673],[39.812704,21.424079],[39.81389,21.424253],[39.81416,21.424288],[39.814583,21.424301],[39.8149,21.424294],[39.816324,21.424159],[39.817715,21.424025],[39.817839,21.424015],[39.818018,21.424003],[39.818758,21.423956],[39.819167,21.423893],[39.819468,21.423825],[39.819616,21.423779],[39.819737,21.423712],[39.82102,21.422308],[39.821255,21.422148],[39.821521,21.422043],[39.8218,21.42196],[39.822147,21.421864],[39.822382,21.421761],[39.822573,21.421647],[39.822791,21.421489],[39.823573,21.420862],[39.823754,21.420759],[39.824375,21.420476],[39.824726,21.420372],[39.825105,21.420284],[39.825955,21.420176],[39.826362,21.420149],[39.826554,21.420136],[39.826763,21.420141],[39.827464,21.420235],[39.828747,21.420466],[39.829051,21.420521],[39.829896,21.420637],[39.830672,21.420741],[39.830929,21.420773],[39.831535,21.420838],[39.83191,21.420945],[39.832039,21.421015],[39.832183,21.421174],[39.832273,21.421282],[39.833266,21.422326],[39.83351,21.422555],[39.833692,21.42261],[39.833898,21.422641],[39.834238,21.422617],[39.834413,21.422597],[39.834643,21.422554],[39.842963,21.421445],[39.843901,21.421349],[39.844575,21.421303],[39.845233,21.42127],[39.846332,21.421259],[39.847368,21.421227],[39.847802,21.421211],[39.848334,21.421188],[39.849191,21.421167],[39.850454,21.421049],[39.851183,21.420947],[39.851521,21.420819],[39.851827,21.42067],[39.852143,21.420443],[39.852385,21.420171],[39.853182,21.4192],[39.853454,21.418683],[39.853662,21.418375],[39.854049,21.41786],[39.854388,21.417419],[39.854815,21.416871],[39.854832,21.41685],[39.855039,21.416754],[39.856199,21.415212],[39.856915,21.414028],[39.857548,21.412983],[39.859613,21.409567],[39.860347,21.408343],[39.861218,21.406891],[39.861848,21.405711],[39.862293,21.404805],[39.862648,21.403944],[39.863146,21.402736],[39.864457,21.399575],[39.864667,21.399101],[39.865353,21.397787],[39.865604,21.397353],[39.865839,21.397027],[39.866002,21.396835],[39.866639,21.39624],[39.867089,21.395886],[39.869109,21.394312],[39.87078,21.393016],[39.871413,21.392421],[39.871914,21.39181],[39.87245,21.39099],[39.872511,21.39085],[39.872815,21.390147],[39.873089,21.389359],[39.873632,21.387748],[39.873794,21.387223],[39.87407,21.386327],[39.874115,21.385744],[39.874141,21.385156],[39.874177,21.384349],[39.87425,21.384097],[39.874324,21.383912],[39.874375,21.383782],[39.875494,21.384124],[39.875621,21.384163],[39.877628,21.384792],[39.877799,21.384845],[39.881188,21.385907],[39.881609,21.386039],[39.883944,21.386745],[39.885585,21.38727],[39.886236,21.387469],[39.888263,21.388099],[39.889419,21.388485],[39.889529,21.388522],[39.890503,21.388827],[39.892548,21.38947],[39.892976,21.389646],[39.893288,21.389775],[39.893949,21.389932],[39.894388,21.390017],[39.894603,21.390012],[39.895011,21.390022],[39.896599,21.389807],[39.897783,21.38963],[39.898315,21.389587],[39.898723,21.389502],[39.898959,21.389404],[39.899363,21.389162],[39.899572,21.388916],[39.899647,21.388823],[39.899738,21.388711],[39.900204,21.388081],[39.90045,21.387688],[39.901347,21.386056],[39.901491,21.385591],[39.901518,21.385428],[39.901502,21.385248],[39.901443,21.385013],[39.901303,21.384842],[39.901105,21.384753],[39.900836,21.384717],[39.900558,21.384773],[39.900375,21.384898],[39.900247,21.385043],[39.900188,21.385198],[39.900166,21.385406],[39.900203,21.385591],[39.900341,21.385945],[39.902134,21.388293],[39.903467,21.39016],[39.904777,21.391926],[39.906077,21.393658],[39.908527,21.39692],[39.90976,21.398562],[39.910401,21.399415],[39.911031,21.400316],[39.911549,21.401261],[39.911872,21.402078],[39.912199,21.403295],[39.912263,21.404103],[39.912291,21.404463],[39.912243,21.40527],[39.912039,21.406224],[39.911342,21.40799],[39.91131,21.408071],[39.911269,21.408174],[39.910998,21.408861],[39.910953,21.408975]]}",Admin,855f0bca-948d-43a9-9377-5ab3eb5e8409,مشارق الماسية,807,2026-05-12 14:03:51,2026-05-12 14:03:51
019e1c80-5023-70b2-94c6-0cad6cd59659,1,20:00,23:59,فترة اولى,15,3183,8b2033c0-197e-43d7-935a-c37e5ac86561,تروية,48a174b1-0445-44d5-8d15-f6b484620b5d,ترددي,4e968379-67ed-4221-903f-e7351145b578,مدخل الترددي 1 - منى,04a8a7cf-c053-4c4d-89bc-1ea90bf8c7b4,464,شارع 529,bus_warehouse,78d92381-0800-44ed-ad7b-9ff92b62e4b6,ترددي 1,bus_warehouse,78d92381-0800-44ed-ad7b-9ff92b62e4b6,ترددي 1,,,residence,شركة إنفيكتوس كونستراكشن,camp,8/529,"{""type"":""LineString"",""coordinates"":[[39.820137,21.435028],[39.819815,21.43524],[39.819218,21.435493],[39.818847,21.435578],[39.818562,21.435615],[39.818292,21.43563],[39.818307,21.435317],[39.8186,21.435303],[39.818895,21.435258],[39.81904,21.435208],[39.819532,21.435013],[39.819902,21.434806],[39.820131,21.434607],[39.820286,21.434421],[39.820338,21.434359],[39.820624,21.434102],[39.820933,21.433905],[39.821109,21.433744],[39.82204,21.432987],[39.822531,21.432619],[39.823084,21.432293],[39.823847,21.431891],[39.824194,21.431761],[39.824612,21.43165],[39.825042,21.431576],[39.825724,21.431535],[39.826204,21.431503],[39.826654,21.431502],[39.828038,21.431431],[39.828385,21.431389],[39.829491,21.431189],[39.829943,21.431064],[39.830761,21.430768],[39.831147,21.430473],[39.831442,21.43028],[39.832009,21.429897],[39.832606,21.42945],[39.832778,21.429315],[39.833046,21.429076],[39.833088,21.428984],[39.833126,21.428947],[39.833186,21.428915],[39.833254,21.428902],[39.833324,21.428909],[39.833387,21.428935],[39.833439,21.428979],[39.834276,21.429063],[39.839238,21.429498],[39.840112,21.429579],[39.842782,21.429811],[39.84341,21.42991],[39.843926,21.430004],[39.844347,21.430084],[39.845486,21.430359],[39.846236,21.430555],[39.847035,21.430847],[39.847521,21.431051],[39.848236,21.431382],[39.848826,21.431678],[39.849363,21.431853],[39.850032,21.431985],[39.850223,21.432009],[39.850569,21.431846],[39.85127,21.431556],[39.851797,21.431288],[39.852096,21.431109],[39.85236,21.430894],[39.853159,21.430049],[39.853339,21.429859],[39.853562,21.429624],[39.853914,21.429253],[39.854323,21.428883],[39.854714,21.428543],[39.855154,21.42816],[39.855576,21.427793],[39.856134,21.427285],[39.856323,21.427072],[39.856561,21.426867],[39.856717,21.426548],[39.856807,21.426235],[39.856788,21.425604],[39.856715,21.425078],[39.856551,21.424078],[39.856519,21.423903],[39.856393,21.42305],[39.856339,21.422512],[39.856352,21.422095],[39.856419,21.421808],[39.856519,21.421544],[39.856673,21.421301],[39.85681,21.421127],[39.857462,21.420392],[39.857587,21.420266],[39.858297,21.419511],[39.858366,21.419438],[39.858916,21.418816],[39.859453,21.418242],[39.860483,21.417098],[39.861377,21.416104],[39.862745,21.414626],[39.862825,21.414546],[39.86331,21.414048],[39.86555,21.411751],[39.866513,21.410762],[39.868553,21.408657],[39.869613,21.407562],[39.869889,21.407322],[39.870641,21.406779],[39.873129,21.404971],[39.873921,21.404413],[39.874476,21.404014],[39.874835,21.403755],[39.875046,21.403601],[39.87569,21.40313],[39.876679,21.402412],[39.87737,21.401909],[39.878002,21.401518],[39.878144,21.401442],[39.878392,21.401307],[39.879401,21.400847],[39.883366,21.399037],[39.884426,21.398552],[39.885932,21.397834],[39.887662,21.397056],[39.89015,21.395924],[39.892381,21.394909],[39.893021,21.394575],[39.893456,21.394283],[39.893609,21.394158],[39.893721,21.394066],[39.894165,21.393702],[39.894773,21.393204],[39.896259,21.391933],[39.897172,21.391133],[39.899133,21.389417],[39.899363,21.389162],[39.899572,21.388916],[39.899647,21.388823],[39.899738,21.388711],[39.900204,21.388081],[39.90045,21.387688],[39.901347,21.386056],[39.901491,21.385591],[39.901518,21.385428],[39.901502,21.385248],[39.901443,21.385013],[39.901303,21.384842],[39.901105,21.384753],[39.900836,21.384717],[39.900558,21.384773],[39.900375,21.384898],[39.900247,21.385043],[39.900188,21.385198],[39.900166,21.385406],[39.900203,21.385591],[39.900341,21.385945],[39.902134,21.388293],[39.903467,21.39016],[39.904777,21.391926],[39.906077,21.393658],[39.908527,21.39692],[39.90976,21.398562],[39.910401,21.399415],[39.911031,21.400316],[39.911549,21.401261],[39.911872,21.402078],[39.912199,21.403295],[39.912263,21.404103],[39.912291,21.404463],[39.912243,21.40527],[39.912039,21.406224],[39.911342,21.40799],[39.91131,21.408071],[39.911269,21.408174],[39.910998,21.408861],[39.910953,21.408975]]}",Admin,aabd2b1c-054c-4def-bda9-edfa61c862d1,مشارق الذهبية,22,2026-05-12 14:03:51,2026-05-12 14:03:51
019e1c80-4b67-7224-894b-71f08b974c44,3,04:00,08:00,فترة ثالثة,10,1704,8b2033c0-197e-43d7-935a-c37e5ac86561,تروية,9fc47c58-d9e9-45e0-9d66-6da9f5c4fc85,قطار,ede61c28-c746-4cfa-a67b-19eb13385d55,مدخل طريق سوق العرب - الدائري الرابع,b830baea-0da8-4491-9886-12974d58cf5d,360,شارع 518,parking,4b152c54-b526-49fb-86d9-409334589cfb,الاسناد القطار,parking,4b152c54-b526-49fb-86d9-409334589cfb,الاسناد القطار,,,residence,شركة سدرا العزيزية الفندقية,camp,10/518,"{""type"":""LineString"",""coordinates"":[[39.872364,21.401918],[39.872124,21.401526],[39.871671,21.400764],[39.871595,21.400637],[39.870867,21.399373],[39.870643,21.39901],[39.870454,21.398671],[39.870396,21.398549],[39.870288,21.398356],[39.870181,21.398187],[39.870064,21.397989],[39.87003,21.397921],[39.869721,21.397456],[39.869172,21.396648],[39.869007,21.396436],[39.868854,21.396241],[39.868485,21.395785],[39.868221,21.395521],[39.868098,21.395395],[39.867888,21.395173],[39.86786,21.395103],[39.867877,21.395036],[39.868137,21.394842],[39.868449,21.394587],[39.869498,21.393757],[39.870132,21.393335],[39.870383,21.393174],[39.870545,21.393066],[39.871016,21.392654],[39.871501,21.392134],[39.871827,21.391707],[39.872067,21.39133],[39.872511,21.39085],[39.872815,21.390147],[39.873089,21.389359],[39.873632,21.387748],[39.873794,21.387223],[39.87407,21.386327],[39.874115,21.385744],[39.874141,21.385156],[39.874177,21.384349],[39.87425,21.384097],[39.874324,21.383912],[39.874375,21.383782],[39.875494,21.384124],[39.875621,21.384163],[39.877628,21.384792],[39.877799,21.384845],[39.881188,21.385907],[39.881609,21.386039],[39.883944,21.386745],[39.885585,21.38727],[39.886236,21.387469],[39.888263,21.388099],[39.889419,21.388485],[39.889529,21.388522],[39.890503,21.388827],[39.892548,21.38947],[39.892976,21.389646],[39.893288,21.389775],[39.893949,21.389932],[39.894388,21.390017],[39.894603,21.390012],[39.895011,21.390022],[39.896599,21.389807],[39.897783,21.38963],[39.898315,21.389587],[39.898723,21.389502],[39.898959,21.389404],[39.899363,21.389162],[39.899572,21.388916],[39.899647,21.388823],[39.899738,21.388711],[39.900204,21.388081],[39.90045,21.387688],[39.901347,21.386056],[39.901491,21.385591],[39.901518,21.385428],[39.901502,21.385248],[39.901443,21.385013],[39.901303,21.384842],[39.901105,21.384753],[39.900836,21.384717],[39.900558,21.384773],[39.900375,21.384898],[39.900247,21.385043],[39.900188,21.385198],[39.900166,21.385406],[39.900203,21.385591],[39.900341,21.385945],[39.902134,21.388293],[39.903467,21.39016],[39.904777,21.391926],[39.906077,21.393658],[39.908527,21.39692],[39.90976,21.398562],[39.910401,21.399415],[39.910873,21.399891],[39.911066,21.400051],[39.911393,21.400286],[39.91186,21.40052],[39.912342,21.400695],[39.913266,21.4011],[39.913528,21.401256],[39.913652,21.40133],[39.914215,21.401769],[39.914778,21.402318],[39.915143,21.402768],[39.915394,21.403191],[39.915556,21.403522],[39.915706,21.403927],[39.915776,21.404331],[39.915798,21.404596],[39.915776,21.404921],[39.915739,21.40512],[39.915605,21.405525],[39.915444,21.40578],[39.915294,21.405941],[39.91495,21.406279],[39.914693,21.406429],[39.914186,21.406633],[39.9135,21.406632],[39.913094,21.406579],[39.912692,21.406449],[39.91236,21.406242],[39.912191,21.406137],[39.911826,21.405797],[39.911656,21.40556],[39.91149,21.405255],[39.911392,21.404933],[39.911351,21.404636],[39.91134,21.404156],[39.911284,21.403673],[39.911302,21.403357],[39.911257,21.402681],[39.91114,21.402043],[39.910943,21.40119],[39.91068,21.400436],[39.910315,21.39978],[39.909522,21.398673],[39.909249,21.398437]]}",Admin,855f0bca-948d-43a9-9377-5ab3eb5e8409,مشارق الماسية,608,2026-05-12 14:03:50,2026-05-12 14:03:50
019e1c80-49f4-7076-93c1-d93a90832686,1,20:00,23:59,فترة اولى,15,2690,8b2033c0-197e-43d7-935a-c37e5ac86561,تروية,a0bc4dde-a22d-4d68-bf95-75f45d362d66,تقليدي رد,d374e1f8-69c9-4d77-b9fb-b89bbba091e9,مدخل طريق الملك فيصل - الششة,80a540b0-7531-4ce9-a6a9-a618935e37d1,399,شارع 50,parking,6a81cfb3-9019-4ac5-9f85-353cab5b9895,الاتصالات الجديد,parking,6a81cfb3-9019-4ac5-9f85-353cab5b9895,الاتصالات الجديد,,,residence,شركة الوليد صالح الحربي السياحية,camp,11/50,"{""type"":""LineString"",""coordinates"":[[39.865163,21.413279],[39.865346,21.413096],[39.864978,21.412785],[39.863817,21.41396],[39.863059,21.414726],[39.862976,21.414803],[39.862891,21.414738],[39.860752,21.417063],[39.859194,21.418766],[39.85849,21.419535],[39.858425,21.419606],[39.857239,21.420905],[39.856901,21.421274],[39.856712,21.421565],[39.856603,21.42185],[39.856519,21.422144],[39.856517,21.422425],[39.856545,21.422718],[39.856787,21.424362],[39.856946,21.42544],[39.856991,21.426045],[39.856939,21.426436],[39.856821,21.426768],[39.856813,21.426949],[39.856925,21.427154],[39.856952,21.427181],[39.857184,21.427257],[39.857246,21.42723]]}",Admin,855f0bca-948d-43a9-9377-5ab3eb5e8409,مشارق الماسية,617,2026-05-12 14:03:50,2026-05-12 14:03:50
019e1c80-4669-73ca-a5a1-950f5335f18e,2,00:00,03:59,فترة ثانية,20,2014,8b2033c0-197e-43d7-935a-c37e5ac86561,تروية,48a174b1-0445-44d5-8d15-f6b484620b5d,ترددي,2214b63a-70fc-4e0d-a01e-a4e7cf4e7673,مدخل الترددي 2 - منى,4dd034a5-7da7-4716-a001-6a62ac1fe9c0,311,شارع 613,bus_warehouse,646b18f1-18fc-4ce2-b471-ce297eaaa9e4,ترددي 2,bus_warehouse,646b18f1-18fc-4ce2-b471-ce297eaaa9e4,ترددي 2,,,residence,شركة عاطف عبدالقادر عبدالله عبدالقادر للتطوير والاستثمار العقاري شخص واحد,camp,2/613,"{""type"":""LineString"",""coordinates"":[[39.870723,21.400899],[39.870813,21.401052],[39.871224,21.400839],[39.871595,21.400637],[39.870867,21.399373],[39.870643,21.39901],[39.870454,21.398671],[39.870396,21.398549],[39.870288,21.398356],[39.870181,21.398187],[39.870064,21.397989],[39.87003,21.397921],[39.869721,21.397456],[39.869172,21.396648],[39.869007,21.396436],[39.868854,21.396241],[39.868485,21.395785],[39.868221,21.395521],[39.868098,21.395395],[39.867888,21.395173],[39.86786,21.395103],[39.867877,21.395036],[39.868137,21.394842],[39.868449,21.394587],[39.869498,21.393757],[39.870132,21.393335],[39.870383,21.393174],[39.870545,21.393066],[39.871016,21.392654],[39.871501,21.392134],[39.871827,21.391707],[39.872067,21.39133],[39.872511,21.39085],[39.872815,21.390147],[39.873089,21.389359],[39.873632,21.387748],[39.873794,21.387223],[39.87407,21.386327],[39.874115,21.385744],[39.874141,21.385156],[39.874177,21.384349],[39.87425,21.384097],[39.874324,21.383912],[39.874375,21.383782],[39.875494,21.384124],[39.875621,21.384163],[39.877628,21.384792],[39.877799,21.384845],[39.881188,21.385907],[39.881609,21.386039],[39.883944,21.386745],[39.885585,21.38727],[39.886236,21.387469],[39.888263,21.388099],[39.889419,21.388485],[39.889529,21.388522],[39.890503,21.388827],[39.892548,21.38947],[39.892976,21.389646],[39.893288,21.389775],[39.893949,21.389932],[39.894388,21.390017],[39.894603,21.390012],[39.895011,21.390022],[39.896599,21.389807],[39.897783,21.38963],[39.898315,21.389587],[39.898723,21.389502],[39.898959,21.389404],[39.899363,21.389162],[39.899572,21.388916],[39.899647,21.388823],[39.899738,21.388711],[39.900204,21.388081],[39.90045,21.387688],[39.901347,21.386056],[39.901491,21.385591],[39.901518,21.385428],[39.901502,21.385248],[39.901443,21.385013],[39.901303,21.384842],[39.901105,21.384753],[39.900836,21.384717],[39.900558,21.384773],[39.900375,21.384898],[39.900247,21.385043],[39.900188,21.385198],[39.900166,21.385406],[39.900203,21.385591],[39.900341,21.385945],[39.902134,21.388293],[39.903467,21.39016],[39.904777,21.391926],[39.906077,21.393658],[39.908527,21.39692],[39.90976,21.398562],[39.910401,21.399415],[39.910873,21.399891],[39.911066,21.400051],[39.911393,21.400286],[39.91186,21.40052],[39.912342,21.400695],[39.913266,21.4011],[39.913528,21.401256],[39.913853,21.401385]]}",Admin,855f0bca-948d-43a9-9377-5ab3eb5e8409,مشارق الماسية,79,2026-05-12 14:03:49,2026-05-12 14:03:49
019e1c80-47e0-7276-b8d0-ff343f2757ff,3,04:00,08:00,فترة ثالثة,10,654,8b2033c0-197e-43d7-935a-c37e5ac86561,تروية,48a174b1-0445-44d5-8d15-f6b484620b5d,ترددي,2214b63a-70fc-4e0d-a01e-a4e7cf4e7673,مدخل الترددي 2 - منى,df6cd58b-e7ee-4f8f-823f-c4a40dfb56b9,310,شارع 613,bus_warehouse,646b18f1-18fc-4ce2-b471-ce297eaaa9e4,ترددي 2,bus_warehouse,646b18f1-18fc-4ce2-b471-ce297eaaa9e4,ترددي 2,,,residence,شركة بينون الحديثة المحدودة,camp,1/613,"{""type"":""LineString"",""coordinates"":[[39.829518,21.432772],[39.829516,21.432564],[39.829486,21.431772],[39.829454,21.431437],[39.829419,21.431239],[39.829451,21.431163],[39.829563,21.431069],[39.829713,21.431],[39.829768,21.431003],[39.830681,21.4307],[39.831147,21.430473],[39.831442,21.43028],[39.832009,21.429897],[39.832606,21.42945],[39.832778,21.429315],[39.833046,21.429076],[39.833088,21.428984],[39.833126,21.428947],[39.833186,21.428915],[39.833254,21.428902],[39.833324,21.428909],[39.833387,21.428935],[39.833439,21.428979],[39.834276,21.429063],[39.839238,21.429498],[39.840112,21.429579],[39.842782,21.429811],[39.84341,21.42991],[39.843926,21.430004],[39.844347,21.430084],[39.845486,21.430359],[39.846236,21.430555],[39.847035,21.430847],[39.847521,21.431051],[39.848236,21.431382],[39.848826,21.431678],[39.849363,21.431853],[39.850032,21.431985],[39.850223,21.432009],[39.850569,21.431846],[39.85127,21.431556],[39.851797,21.431288],[39.852096,21.431109],[39.85236,21.430894],[39.853159,21.430049],[39.853339,21.429859],[39.853562,21.429624],[39.853914,21.429253],[39.854323,21.428883],[39.854714,21.428543],[39.855154,21.42816],[39.855576,21.427793],[39.856134,21.427285],[39.856323,21.427072],[39.856561,21.426867],[39.856717,21.426548],[39.856807,21.426235],[39.856788,21.425604],[39.856715,21.425078],[39.856551,21.424078],[39.856519,21.423903],[39.856393,21.42305],[39.856339,21.422512],[39.856352,21.422095],[39.856419,21.421808],[39.856519,21.421544],[39.856673,21.421301],[39.85681,21.421127],[39.857462,21.420392],[39.857587,21.420266],[39.858297,21.419511],[39.858366,21.419438],[39.858916,21.418816],[39.859453,21.418242],[39.860483,21.417098],[39.861377,21.416104],[39.862745,21.414626],[39.862825,21.414546],[39.86331,21.414048],[39.86555,21.411751],[39.866513,21.410762],[39.868553,21.408657],[39.869613,21.407562],[39.869889,21.407322],[39.870641,21.406779],[39.873129,21.404971],[39.873921,21.404413],[39.874476,21.404014],[39.874835,21.403755],[39.875046,21.403601],[39.87569,21.40313],[39.876679,21.402412],[39.87737,21.401909],[39.878002,21.401518],[39.878144,21.401442],[39.878392,21.401307],[39.879401,21.400847],[39.883366,21.399037],[39.884426,21.398552],[39.885932,21.397834],[39.887662,21.397056],[39.89015,21.395924],[39.892381,21.394909],[39.893021,21.394575],[39.893456,21.394283],[39.893609,21.394158],[39.893721,21.394066],[39.894165,21.393702],[39.894773,21.393204],[39.896259,21.391933],[39.897172,21.391133],[39.899133,21.389417],[39.899363,21.389162],[39.899572,21.388916],[39.899647,21.388823],[39.899738,21.388711],[39.900204,21.388081],[39.90045,21.387688],[39.901347,21.386056],[39.901491,21.385591],[39.901518,21.385428],[39.901502,21.385248],[39.901443,21.385013],[39.901303,21.384842],[39.901105,21.384753],[39.900836,21.384717],[39.900558,21.384773],[39.900375,21.384898],[39.900247,21.385043],[39.900188,21.385198],[39.900166,21.385406],[39.900203,21.385591],[39.900341,21.385945],[39.902134,21.388293],[39.903467,21.39016],[39.904777,21.391926],[39.906077,21.393658],[39.908527,21.39692],[39.90976,21.398562],[39.910401,21.399415],[39.910873,21.399891],[39.911066,21.400051],[39.911393,21.400286],[39.91186,21.40052],[39.912342,21.400695],[39.913266,21.4011],[39.913528,21.401256],[39.913853,21.401385]]}",Admin,855f0bca-948d-43a9-9377-5ab3eb5e8409,مشارق الماسية,81,2026-05-12 14:03:49,2026-05-12 14:03:49
019e1c80-48f3-73fc-83e6-eaf2bc54cbcf,1,20:00,23:59,فترة اولى,15,1766,8b2033c0-197e-43d7-935a-c37e5ac86561,تروية,48a174b1-0445-44d5-8d15-f6b484620b5d,ترددي,4e968379-67ed-4221-903f-e7351145b578,مدخل الترددي 1 - منى,c1ed2618-bb47-4086-98e5-3206a92f019f,600,شارع 406,bus_warehouse,78d92381-0800-44ed-ad7b-9ff92b62e4b6,ترددي 1,bus_warehouse,78d92381-0800-44ed-ad7b-9ff92b62e4b6,ترددي 1,,,residence,شركة التطوير الحضري للاعمال شركة شخص واحد,camp,13/406,"{""type"":""LineString"",""coordinates"":[[39.817907,21.404464],[39.817822,21.404481],[39.817407,21.404678],[39.817862,21.405425],[39.81816,21.406171],[39.818194,21.406258],[39.818085,21.40631],[39.818053,21.406222],[39.817775,21.405591],[39.817692,21.405402],[39.817421,21.404903],[39.816851,21.404052],[39.816089,21.403054],[39.816014,21.40295],[39.81613,21.402883],[39.816561,21.402631],[39.81733,21.402295],[39.819773,21.401398],[39.819919,21.401331],[39.8204,21.401034],[39.821916,21.399889],[39.823429,21.398723],[39.82413,21.398203],[39.824494,21.397912],[39.825012,21.397538],[39.825231,21.397408],[39.825791,21.39727],[39.825726,21.395513],[39.82572,21.395364],[39.825694,21.393973],[39.825632,21.391763],[39.825569,21.39041],[39.825426,21.388622],[39.825407,21.388044],[39.825496,21.387593],[39.825749,21.386994],[39.825806,21.38686],[39.826226,21.386186],[39.826372,21.385951],[39.826832,21.385414],[39.827396,21.384783],[39.827497,21.38467],[39.827708,21.384644],[39.828992,21.384535],[39.829244,21.384519],[39.829855,21.38437],[39.831122,21.383987],[39.831785,21.383827],[39.832342,21.383768],[39.832689,21.383765],[39.833425,21.383788],[39.834009,21.38386],[39.834378,21.383974],[39.834634,21.384054],[39.835276,21.384458],[39.835525,21.384616],[39.835729,21.384746],[39.835976,21.384932],[39.836262,21.385178],[39.838411,21.38745],[39.838733,21.387759],[39.839259,21.388169],[39.839699,21.388429],[39.840246,21.388658],[39.840634,21.388749],[39.841231,21.388838],[39.842264,21.388921],[39.843922,21.389083],[39.845957,21.389246],[39.846384,21.389345],[39.847035,21.389539],[39.847266,21.389645],[39.84768,21.389836],[39.848252,21.390213],[39.848953,21.390805],[39.849588,21.39154],[39.850018,21.392085],[39.850446,21.392585],[39.851391,21.393633],[39.851581,21.393812],[39.851774,21.393938],[39.852046,21.394056],[39.852337,21.394122],[39.85254,21.394143],[39.852726,21.394133],[39.852959,21.394071],[39.853614,21.393779],[39.85405,21.393471],[39.854566,21.393024],[39.855648,21.391708],[39.855996,21.391461],[39.856181,21.391287],[39.856525,21.391018],[39.85717,21.390408],[39.857709,21.389855],[39.858217,21.389318],[39.85912,21.388568],[39.862032,21.385524],[39.863018,21.384644],[39.863957,21.384037],[39.86448,21.383738],[39.865047,21.383474],[39.865891,21.383149],[39.866999,21.382837],[39.867992,21.382698],[39.868715,21.382637],[39.869226,21.382632],[39.870011,21.382663],[39.870534,21.38271],[39.871031,21.382805],[39.872226,21.383094],[39.872622,21.383189],[39.87341,21.383495],[39.874256,21.383747],[39.874375,21.383782],[39.875494,21.384124],[39.875621,21.384163],[39.877628,21.384792],[39.877799,21.384845],[39.881188,21.385907],[39.881609,21.386039],[39.883944,21.386745],[39.885585,21.38727],[39.886236,21.387469],[39.888263,21.388099],[39.889419,21.388485],[39.889529,21.388522],[39.890503,21.388827],[39.892548,21.38947],[39.892976,21.389646],[39.893288,21.389775],[39.893949,21.389932],[39.894388,21.390017],[39.894603,21.390012],[39.895011,21.390022],[39.896599,21.389807],[39.897783,21.38963],[39.898315,21.389587],[39.898723,21.389502],[39.898959,21.389404],[39.899363,21.389162],[39.899572,21.388916],[39.899647,21.388823],[39.899738,21.388711],[39.900204,21.388081],[39.90045,21.387688],[39.901347,21.386056],[39.901491,21.385591],[39.901518,21.385428],[39.901502,21.385248],[39.901443,21.385013],[39.901303,21.384842],[39.901105,21.384753],[39.900836,21.384717],[39.900558,21.384773],[39.900375,21.384898],[39.900247,21.385043],[39.900188,21.385198],[39.900166,21.385406],[39.900203,21.385591],[39.900341,21.385945],[39.902134,21.388293],[39.903467,21.39016],[39.904777,21.391926],[39.906077,21.393658],[39.908527,21.39692],[39.90976,21.398562],[39.910401,21.399415],[39.911031,21.400316],[39.911549,21.401261],[39.911872,21.402078],[39.912199,21.403295],[39.912263,21.404103],[39.912291,21.404463],[39.912243,21.40527],[39.912039,21.406224],[39.911342,21.40799],[39.91131,21.408071],[39.911269,21.408174],[39.910998,21.408861],[39.910953,21.408975]]}",Admin,855f0bca-948d-43a9-9377-5ab3eb5e8409,مشارق الماسية,806,2026-05-12 14:03:49,2026-05-12 14:03:49
019e1c80-4554-712a-be0b-37cf90d02046,3,04:00,08:00,فترة ثالثة,15,2247,8b2033c0-197e-43d7-935a-c37e5ac86561,تروية,a0bc4dde-a22d-4d68-bf95-75f45d362d66,تقليدي رد,d374e1f8-69c9-4d77-b9fb-b89bbba091e9,مدخل طريق الملك فيصل - الششة,76b84a5a-7b56-4a51-8f4a-e49f90d0c2bb,398,شارع 50,parking,6a81cfb3-9019-4ac5-9f85-353cab5b9895,الاتصالات الجديد,parking,6a81cfb3-9019-4ac5-9f85-353cab5b9895,الاتصالات الجديد,,,residence,شركة إيلاف للاستثمار الدولي,camp,13/50,"{""type"":""LineString"",""coordinates"":[[39.831413,21.420825],[39.831535,21.420838],[39.83191,21.420945],[39.832039,21.421015],[39.832183,21.421174],[39.832273,21.421282],[39.833266,21.422326],[39.83351,21.422555],[39.833692,21.42261],[39.833898,21.422641],[39.834238,21.422617],[39.834413,21.422597],[39.834643,21.422554],[39.842963,21.421445],[39.843901,21.421349],[39.844575,21.421303],[39.845233,21.42127],[39.846332,21.421259],[39.847368,21.421227],[39.847802,21.421211],[39.848334,21.421188],[39.849191,21.421167],[39.849903,21.421197],[39.850629,21.421152],[39.851006,21.421128],[39.851405,21.421135],[39.851909,21.421159],[39.852663,21.421236],[39.853675,21.421372],[39.853827,21.421398],[39.854582,21.421552],[39.855431,21.421768],[39.855511,21.421746],[39.855594,21.421691],[39.855678,21.42158],[39.855908,21.421131],[39.856068,21.420848],[39.856184,21.420716],[39.856355,21.420575],[39.856586,21.42047],[39.85678,21.420421],[39.856978,21.420407],[39.857156,21.420414],[39.857313,21.420394],[39.857462,21.420392],[39.857587,21.420266],[39.858297,21.419511],[39.858366,21.419438],[39.85849,21.419535],[39.858425,21.419606],[39.857239,21.420905],[39.856901,21.421274],[39.856712,21.421565],[39.856603,21.42185],[39.856519,21.422144],[39.856517,21.422425],[39.856545,21.422718],[39.856787,21.424362],[39.856946,21.42544],[39.856991,21.426045],[39.856939,21.426436],[39.856821,21.426768],[39.856813,21.426949],[39.856925,21.427154],[39.856952,21.427181],[39.857184,21.427257],[39.857246,21.42723]]}",Admin,855f0bca-948d-43a9-9377-5ab3eb5e8409,مشارق الماسية,614,2026-05-12 14:03:48,2026-05-12 14:03:48
019e1c80-42f8-73ab-9894-9b791d477c4b,1,20:00,23:59,فترة اولى,20,2102,8b2033c0-197e-43d7-935a-c37e5ac86561,تروية,a0bc4dde-a22d-4d68-bf95-75f45d362d66,تقليدي رد,ba2f406d-8d95-4830-b635-1ba0d2d6825b,مدخل انفاق الجمرات سوق العرب - شارح الحج,074b7f41-278a-4317-be4b-489bd0f5a04b,508,شارع 206,parking,0dbf5e64-c219-4b75-8580-feb1d03a42ea,150-83,parking,0dbf5e64-c219-4b75-8580-feb1d03a42ea,150-83,,,residence,شركة اكنان الصفا الفندقية,camp,24/206,"{""type"":""LineString"",""coordinates"":[[39.87623,21.373999],[39.875949,21.374267],[39.875456,21.374738],[39.875565,21.374879],[39.876066,21.375365],[39.875258,21.376092],[39.875142,21.376249],[39.875443,21.376613],[39.875765,21.376898],[39.876099,21.377088],[39.875965,21.377306],[39.875735,21.377154],[39.875582,21.377052],[39.87525,21.376756],[39.87493,21.376359],[39.874572,21.375636],[39.874383,21.375254],[39.874168,21.375099],[39.874047,21.375048],[39.873898,21.375079],[39.87321,21.375603],[39.870999,21.377284],[39.868445,21.379222],[39.867759,21.379743],[39.866323,21.380843],[39.865955,21.381126],[39.865732,21.381288],[39.865479,21.381583],[39.865361,21.381807],[39.8653,21.382082],[39.865314,21.382352],[39.865665,21.383114],[39.866067,21.382965],[39.866181,21.382936],[39.866717,21.382798],[39.867553,21.382679],[39.867778,21.382664],[39.867992,21.382698],[39.868715,21.382637],[39.869226,21.382632],[39.870011,21.382663],[39.870534,21.38271],[39.871031,21.382805],[39.872226,21.383094],[39.872622,21.383189],[39.87341,21.383495],[39.874256,21.383747],[39.874375,21.383782],[39.875494,21.384124],[39.875463,21.384248],[39.875221,21.384752],[39.874937,21.385255],[39.874524,21.385901],[39.87417,21.386626],[39.873912,21.387434],[39.873036,21.390101],[39.872846,21.390532],[39.872649,21.390977],[39.872306,21.391553],[39.87203,21.391913],[39.871764,21.392229],[39.871332,21.392678],[39.870738,21.39318],[39.869184,21.394411],[39.867161,21.395987],[39.866297,21.39678],[39.866071,21.397019],[39.865774,21.397386],[39.865511,21.397785],[39.865159,21.398455],[39.864763,21.39921],[39.863373,21.402464],[39.862192,21.405373],[39.862125,21.405532],[39.861577,21.406556],[39.860422,21.408498],[39.859667,21.409768],[39.858408,21.411859],[39.858352,21.41195],[39.857692,21.413029],[39.85697,21.41421],[39.856305,21.415298],[39.855785,21.415998],[39.855121,21.41688],[39.855016,21.417244],[39.854682,21.41768],[39.854445,21.417946],[39.854304,21.418073],[39.85401,21.418463],[39.85392,21.418589],[39.853683,21.418864],[39.853583,21.418979],[39.853459,21.419059],[39.852752,21.419993],[39.85245,21.420436],[39.852424,21.420572],[39.852436,21.420748],[39.852481,21.420906],[39.852626,21.421055],[39.852835,21.421151],[39.853675,21.421372],[39.853827,21.421398],[39.854582,21.421552],[39.855431,21.421768],[39.855511,21.421746],[39.855594,21.421691],[39.855678,21.42158],[39.855908,21.421131],[39.856068,21.420848],[39.856184,21.420716],[39.856355,21.420575],[39.856586,21.42047],[39.85678,21.420421],[39.856978,21.420407],[39.857156,21.420414],[39.857313,21.420394],[39.857462,21.420392],[39.857587,21.420266],[39.858297,21.419511],[39.858366,21.419438],[39.85849,21.419535],[39.858425,21.419606],[39.857239,21.420905],[39.856901,21.421274],[39.856712,21.421565],[39.856603,21.42185],[39.856519,21.422144],[39.856517,21.422425],[39.856545,21.422718],[39.856787,21.424362],[39.856946,21.42544],[39.856991,21.426045],[39.856939,21.426436],[39.856821,21.426768],[39.856625,21.427119],[39.856469,21.427339],[39.857012,21.427373],[39.857324,21.427516],[39.857616,21.427768],[39.857803,21.427942],[39.858208,21.42766],[39.858477,21.42751],[39.858578,21.427456],[39.858688,21.427398],[39.859321,21.427186],[39.860025,21.426955],[39.860749,21.426769],[39.861713,21.426532],[39.862247,21.426366],[39.862485,21.426326],[39.862678,21.426294],[39.862756,21.426283]]}",Admin,855f0bca-948d-43a9-9377-5ab3eb5e8409,مشارق الماسية,701,2026-05-12 14:03:48,2026-05-12 14:03:48
019e1c80-3fdc-73e7-aaf2-2cc6fbfe4d59,1,20:00,23:59,فترة اولى,15,3563,8b2033c0-197e-43d7-935a-c37e5ac86561,تروية,a0bc4dde-a22d-4d68-bf95-75f45d362d66,تقليدي رد,3544e355-bb3d-4f8f-9f94-86f9e427ef7e,مدخل طريق الملك عبدالله - المعيصم,3f365118-7604-4c5f-9933-ed811f70c5c6,17,شارع 637,parking,7a92132e-3f5f-42d3-a0df-28ea64bb1b86,الجامعة الجديد,parking,7a92132e-3f5f-42d3-a0df-28ea64bb1b86,الجامعة الجديد,,,residence,شركة القوافل العالمية للمقاولات شخص واحد,camp,3/637,"{""type"":""LineString"",""coordinates"":[[39.867276,21.409118],[39.867943,21.408443],[39.868312,21.408747],[39.868464,21.40859],[39.868553,21.408657],[39.869613,21.407562],[39.869889,21.407322],[39.870641,21.406779],[39.873129,21.404971],[39.873921,21.404413],[39.874476,21.404014],[39.874835,21.403755],[39.875046,21.403601],[39.87569,21.40313],[39.876679,21.402412],[39.87737,21.401909],[39.878002,21.401518],[39.878144,21.401442],[39.878392,21.401307],[39.879401,21.400847],[39.883366,21.399037],[39.884426,21.398552],[39.885932,21.397834],[39.887662,21.397056],[39.89015,21.395924],[39.892381,21.394909],[39.893021,21.394575],[39.893456,21.394283],[39.893609,21.394158],[39.893721,21.394066],[39.894165,21.393702],[39.894773,21.393204],[39.896259,21.391933],[39.897172,21.391133],[39.899133,21.389417],[39.899363,21.389162],[39.899572,21.388916],[39.899647,21.388823],[39.899738,21.388711],[39.900204,21.388081],[39.90045,21.387688],[39.901347,21.386056],[39.901491,21.385591],[39.901518,21.385428],[39.901502,21.385248],[39.901443,21.385013],[39.901303,21.384842],[39.901105,21.384753],[39.900836,21.384717],[39.900558,21.384773],[39.900375,21.384898],[39.900247,21.385043],[39.900188,21.385198],[39.900166,21.385406],[39.900203,21.385591],[39.900341,21.385945],[39.902134,21.388293],[39.903467,21.39016],[39.904777,21.391926],[39.906077,21.393658],[39.908527,21.39692],[39.90976,21.398562],[39.910401,21.399415],[39.911031,21.400316],[39.911549,21.401261],[39.911872,21.402078],[39.912199,21.403295],[39.912263,21.404103],[39.912291,21.404463],[39.912243,21.40527],[39.912039,21.406224],[39.911342,21.40799],[39.91131,21.408071],[39.911269,21.408174],[39.910998,21.408861],[39.910486,21.410158],[39.909808,21.412167],[39.909457,21.413531],[39.909053,21.415277],[39.908831,21.416462],[39.908715,21.417082],[39.908394,21.419071],[39.908216,21.419983],[39.908004,21.42081],[39.907512,21.422467],[39.906398,21.426074],[39.906108,21.426966],[39.905624,21.428454],[39.90518,21.429886],[39.904918,21.430727],[39.90478,21.431147],[39.904688,21.431822],[39.904441,21.432966],[39.904457,21.433121],[39.904576,21.433277],[39.904758,21.433391],[39.905005,21.433397],[39.905214,21.433326],[39.905401,21.433141],[39.905503,21.432926],[39.90553,21.432702],[39.905493,21.432413],[39.905348,21.432157],[39.905024,21.43179],[39.904176,21.43082],[39.903967,21.43058],[39.903919,21.430524]]}",Admin,855f0bca-948d-43a9-9377-5ab3eb5e8409,مشارق الماسية,621,2026-05-12 14:03:47,2026-05-12 14:03:47
019e1c80-4102-7319-94db-a84283b53f21,3,04:00,08:00,فترة ثالثة,15,2323,8b2033c0-197e-43d7-935a-c37e5ac86561,تروية,48a174b1-0445-44d5-8d15-f6b484620b5d,ترددي,4e968379-67ed-4221-903f-e7351145b578,مدخل الترددي 1 - منى,bf96cf26-c7eb-48fe-adce-39199f49420d,593,شارع 421,bus_warehouse,78d92381-0800-44ed-ad7b-9ff92b62e4b6,ترددي 1,bus_warehouse,78d92381-0800-44ed-ad7b-9ff92b62e4b6,ترددي 1,,,residence,شركة نبراس الهدي للسفر و السياحة,camp,3/421,"{""type"":""LineString"",""coordinates"":[[39.806424,21.428934],[39.806743,21.428954],[39.806754,21.428722],[39.806762,21.42835],[39.806767,21.428082],[39.806781,21.427419],[39.80678,21.426874],[39.806778,21.426117],[39.806753,21.424478],[39.806715,21.42358],[39.806709,21.423445],[39.806701,21.423258],[39.806683,21.422982],[39.80667,21.422961],[39.806856,21.422998],[39.807543,21.423128],[39.808284,21.423318],[39.809005,21.423496],[39.810004,21.423673],[39.812704,21.424079],[39.81389,21.424253],[39.81416,21.424288],[39.814583,21.424301],[39.8149,21.424294],[39.816324,21.424159],[39.817715,21.424025],[39.817839,21.424015],[39.818018,21.424003],[39.818758,21.423956],[39.819167,21.423893],[39.819468,21.423825],[39.819616,21.423779],[39.819737,21.423712],[39.82102,21.422308],[39.821255,21.422148],[39.821521,21.422043],[39.8218,21.42196],[39.822147,21.421864],[39.822382,21.421761],[39.822573,21.421647],[39.822791,21.421489],[39.823573,21.420862],[39.823754,21.420759],[39.824375,21.420476],[39.824726,21.420372],[39.825105,21.420284],[39.825955,21.420176],[39.826362,21.420149],[39.826554,21.420136],[39.826763,21.420141],[39.827464,21.420235],[39.828747,21.420466],[39.829051,21.420521],[39.829896,21.420637],[39.830672,21.420741],[39.830929,21.420773],[39.831535,21.420838],[39.83191,21.420945],[39.832039,21.421015],[39.832183,21.421174],[39.832273,21.421282],[39.833266,21.422326],[39.83351,21.422555],[39.833692,21.42261],[39.833898,21.422641],[39.834238,21.422617],[39.834413,21.422597],[39.834643,21.422554],[39.842963,21.421445],[39.843901,21.421349],[39.844575,21.421303],[39.845233,21.42127],[39.846332,21.421259],[39.847368,21.421227],[39.847802,21.421211],[39.848334,21.421188],[39.849191,21.421167],[39.850454,21.421049],[39.851183,21.420947],[39.851521,21.420819],[39.851827,21.42067],[39.852143,21.420443],[39.852385,21.420171],[39.853182,21.4192],[39.853454,21.418683],[39.853662,21.418375],[39.854049,21.41786],[39.854388,21.417419],[39.854815,21.416871],[39.854832,21.41685],[39.855039,21.416754],[39.856199,21.415212],[39.856915,21.414028],[39.857548,21.412983],[39.859613,21.409567],[39.860347,21.408343],[39.861218,21.406891],[39.861848,21.405711],[39.862293,21.404805],[39.862648,21.403944],[39.863146,21.402736],[39.864457,21.399575],[39.864667,21.399101],[39.865353,21.397787],[39.865604,21.397353],[39.865839,21.397027],[39.866002,21.396835],[39.866639,21.39624],[39.867089,21.395886],[39.869109,21.394312],[39.87078,21.393016],[39.871413,21.392421],[39.871914,21.39181],[39.87245,21.39099],[39.872511,21.39085],[39.872815,21.390147],[39.873089,21.389359],[39.873632,21.387748],[39.873794,21.387223],[39.87407,21.386327],[39.874115,21.385744],[39.874141,21.385156],[39.874177,21.384349],[39.87425,21.384097],[39.874324,21.383912],[39.874375,21.383782],[39.875494,21.384124],[39.875621,21.384163],[39.877628,21.384792],[39.877799,21.384845],[39.881188,21.385907],[39.881609,21.386039],[39.883944,21.386745],[39.885585,21.38727],[39.886236,21.387469],[39.888263,21.388099],[39.889419,21.388485],[39.889529,21.388522],[39.890503,21.388827],[39.892548,21.38947],[39.892976,21.389646],[39.893288,21.389775],[39.893949,21.389932],[39.894388,21.390017],[39.894603,21.390012],[39.895011,21.390022],[39.896599,21.389807],[39.897783,21.38963],[39.898315,21.389587],[39.898723,21.389502],[39.898959,21.389404],[39.899363,21.389162],[39.899572,21.388916],[39.899647,21.388823],[39.899738,21.388711],[39.900204,21.388081],[39.90045,21.387688],[39.901347,21.386056],[39.901491,21.385591],[39.901518,21.385428],[39.901502,21.385248],[39.901443,21.385013],[39.901303,21.384842],[39.901105,21.384753],[39.900836,21.384717],[39.900558,21.384773],[39.900375,21.384898],[39.900247,21.385043],[39.900188,21.385198],[39.900166,21.385406],[39.900203,21.385591],[39.900341,21.385945],[39.902134,21.388293],[39.903467,21.39016],[39.904777,21.391926],[39.906077,21.393658],[39.908527,21.39692],[39.90976,21.398562],[39.910401,21.399415],[39.911031,21.400316],[39.911549,21.401261],[39.911872,21.402078],[39.912199,21.403295],[39.912263,21.404103],[39.912291,21.404463],[39.912243,21.40527],[39.912039,21.406224],[39.911342,21.40799],[39.91131,21.408071],[39.911269,21.408174],[39.910998,21.408861],[39.910953,21.408975]]}",Admin,855f0bca-948d-43a9-9377-5ab3eb5e8409,مشارق الماسية,804,2026-05-12 14:03:47,2026-05-12 14:03:47
019e1c80-3e72-734f-b1c4-fd9bffceb0f6,1,20:00,23:59,فترة اولى,10,1455,8b2033c0-197e-43d7-935a-c37e5ac86561,تروية,a0bc4dde-a22d-4d68-bf95-75f45d362d66,تقليدي رد,ede61c28-c746-4cfa-a67b-19eb13385d55,مدخل طريق سوق العرب - الدائري الرابع,ca049f34-2a1a-4d51-be62-9aa5403129f4,518,شارع 520,parking,0dbf5e64-c219-4b75-8580-feb1d03a42ea,150-83,parking,0dbf5e64-c219-4b75-8580-feb1d03a42ea,150-83,,,residence,شركة إيلاف للاستثمار الدولي,camp,4/520,"{""type"":""LineString"",""coordinates"":[[39.831413,21.420825],[39.831535,21.420838],[39.83191,21.420945],[39.832039,21.421015],[39.832183,21.421174],[39.832273,21.421282],[39.833266,21.422326],[39.83351,21.422555],[39.833692,21.42261],[39.833898,21.422641],[39.834238,21.422617],[39.834413,21.422597],[39.834643,21.422554],[39.842963,21.421445],[39.843901,21.421349],[39.844575,21.421303],[39.845233,21.42127],[39.846332,21.421259],[39.847368,21.421227],[39.847802,21.421211],[39.848334,21.421188],[39.849191,21.421167],[39.850454,21.421049],[39.851183,21.420947],[39.851521,21.420819],[39.851827,21.42067],[39.852143,21.420443],[39.852385,21.420171],[39.853182,21.4192],[39.853454,21.418683],[39.853662,21.418375],[39.854049,21.41786],[39.854388,21.417419],[39.854815,21.416871],[39.854832,21.41685],[39.855039,21.416754],[39.856199,21.415212],[39.856915,21.414028],[39.857548,21.412983],[39.859613,21.409567],[39.860347,21.408343],[39.861218,21.406891],[39.861848,21.405711],[39.862293,21.404805],[39.862648,21.403944],[39.863146,21.402736],[39.864457,21.399575],[39.864667,21.399101],[39.865353,21.397787],[39.865604,21.397353],[39.865839,21.397027],[39.866002,21.396835],[39.866639,21.39624],[39.867089,21.395886],[39.869109,21.394312],[39.87078,21.393016],[39.871413,21.392421],[39.871914,21.39181],[39.87245,21.39099],[39.872511,21.39085],[39.872815,21.390147],[39.873089,21.389359],[39.873632,21.387748],[39.873794,21.387223],[39.87407,21.386327],[39.874115,21.385744],[39.874141,21.385156],[39.874177,21.384349],[39.87425,21.384097],[39.874324,21.383912],[39.874375,21.383782],[39.875494,21.384124],[39.875621,21.384163],[39.877628,21.384792],[39.877799,21.384845],[39.881188,21.385907],[39.881609,21.386039],[39.883944,21.386745],[39.885585,21.38727],[39.886236,21.387469],[39.888263,21.388099],[39.889419,21.388485],[39.889529,21.388522],[39.890503,21.388827],[39.892548,21.38947],[39.892976,21.389646],[39.893288,21.389775],[39.893949,21.389932],[39.894388,21.390017],[39.894603,21.390012],[39.895011,21.390022],[39.896599,21.389807],[39.897783,21.38963],[39.898315,21.389587],[39.898723,21.389502],[39.898959,21.389404],[39.899363,21.389162],[39.899572,21.388916],[39.899647,21.388823],[39.899738,21.388711],[39.900204,21.388081],[39.90045,21.387688],[39.901347,21.386056],[39.901491,21.385591],[39.901518,21.385428],[39.901502,21.385248],[39.901443,21.385013],[39.901303,21.384842],[39.901105,21.384753],[39.900836,21.384717],[39.900558,21.384773],[39.900375,21.384898],[39.900247,21.385043],[39.900188,21.385198],[39.900166,21.385406],[39.900203,21.385591],[39.900341,21.385945],[39.902134,21.388293],[39.903467,21.39016],[39.904777,21.391926],[39.906077,21.393658],[39.908527,21.39692],[39.90976,21.398562],[39.910401,21.399415],[39.910873,21.399891],[39.911066,21.400051],[39.911393,21.400286],[39.91186,21.40052],[39.912342,21.400695],[39.913266,21.4011],[39.913528,21.401256],[39.913652,21.40133],[39.914215,21.401769],[39.914778,21.402318],[39.915143,21.402768],[39.915394,21.403191],[39.915556,21.403522],[39.915706,21.403927],[39.915776,21.404331],[39.915798,21.404596],[39.915776,21.404921],[39.915739,21.40512],[39.915605,21.405525],[39.915444,21.40578],[39.915294,21.405941],[39.91495,21.406279],[39.914693,21.406429],[39.914186,21.406633],[39.9135,21.406632],[39.913094,21.406579],[39.912692,21.406449],[39.91236,21.406242],[39.912191,21.406137],[39.911826,21.405797],[39.911656,21.40556],[39.91149,21.405255],[39.911392,21.404933],[39.911351,21.404636],[39.91134,21.404156],[39.911284,21.403673],[39.911302,21.403357],[39.911257,21.402681],[39.91114,21.402043],[39.910943,21.40119],[39.91068,21.400436],[39.910315,21.39978],[39.909522,21.398673],[39.909249,21.398437]]}",Admin,855f0bca-948d-43a9-9377-5ab3eb5e8409,مشارق الماسية,605,2026-05-12 14:03:47,2026-05-12 14:03:47
019e1c80-3d6c-73c1-8fff-bf7683d9bc36,2,00:00,03:59,فترة ثانية,15,3800,8b2033c0-197e-43d7-935a-c37e5ac86561,تروية,a0bc4dde-a22d-4d68-bf95-75f45d362d66,تقليدي رد,ede61c28-c746-4cfa-a67b-19eb13385d55,مدخل طريق سوق العرب - الدائري الرابع,ec812420-64c1-4f3f-bf7a-9fb118c8403c,520,شارع 524,parking,0dbf5e64-c219-4b75-8580-feb1d03a42ea,150-83,parking,0dbf5e64-c219-4b75-8580-feb1d03a42ea,150-83,,,residence,أنوار ضيافة الفندقية,camp,4/524,"{""type"":""LineString"",""coordinates"":[[39.830287,21.420689],[39.830672,21.420741],[39.830929,21.420773],[39.831535,21.420838],[39.83191,21.420945],[39.832039,21.421015],[39.832183,21.421174],[39.832273,21.421282],[39.833266,21.422326],[39.83351,21.422555],[39.833692,21.42261],[39.833898,21.422641],[39.834238,21.422617],[39.834413,21.422597],[39.834643,21.422554],[39.842963,21.421445],[39.843901,21.421349],[39.844575,21.421303],[39.845233,21.42127],[39.846332,21.421259],[39.847368,21.421227],[39.847802,21.421211],[39.848334,21.421188],[39.849191,21.421167],[39.850454,21.421049],[39.851183,21.420947],[39.851521,21.420819],[39.851827,21.42067],[39.852143,21.420443],[39.852385,21.420171],[39.853182,21.4192],[39.853454,21.418683],[39.853662,21.418375],[39.854049,21.41786],[39.854388,21.417419],[39.854815,21.416871],[39.854832,21.41685],[39.855039,21.416754],[39.856199,21.415212],[39.856915,21.414028],[39.857548,21.412983],[39.859613,21.409567],[39.860347,21.408343],[39.861218,21.406891],[39.861848,21.405711],[39.862293,21.404805],[39.862648,21.403944],[39.863146,21.402736],[39.864457,21.399575],[39.864667,21.399101],[39.865353,21.397787],[39.865604,21.397353],[39.865839,21.397027],[39.866002,21.396835],[39.866639,21.39624],[39.867089,21.395886],[39.869109,21.394312],[39.87078,21.393016],[39.871413,21.392421],[39.871914,21.39181],[39.87245,21.39099],[39.872511,21.39085],[39.872815,21.390147],[39.873089,21.389359],[39.873632,21.387748],[39.873794,21.387223],[39.87407,21.386327],[39.874115,21.385744],[39.874141,21.385156],[39.874177,21.384349],[39.87425,21.384097],[39.874324,21.383912],[39.874375,21.383782],[39.875494,21.384124],[39.875621,21.384163],[39.877628,21.384792],[39.877799,21.384845],[39.881188,21.385907],[39.881609,21.386039],[39.883944,21.386745],[39.885585,21.38727],[39.886236,21.387469],[39.888263,21.388099],[39.889419,21.388485],[39.889529,21.388522],[39.890503,21.388827],[39.892548,21.38947],[39.892976,21.389646],[39.893288,21.389775],[39.893949,21.389932],[39.894388,21.390017],[39.894603,21.390012],[39.895011,21.390022],[39.896599,21.389807],[39.897783,21.38963],[39.898315,21.389587],[39.898723,21.389502],[39.898959,21.389404],[39.899363,21.389162],[39.899572,21.388916],[39.899647,21.388823],[39.899738,21.388711],[39.900204,21.388081],[39.90045,21.387688],[39.901347,21.386056],[39.901491,21.385591],[39.901518,21.385428],[39.901502,21.385248],[39.901443,21.385013],[39.901303,21.384842],[39.901105,21.384753],[39.900836,21.384717],[39.900558,21.384773],[39.900375,21.384898],[39.900247,21.385043],[39.900188,21.385198],[39.900166,21.385406],[39.900203,21.385591],[39.900341,21.385945],[39.902134,21.388293],[39.903467,21.39016],[39.904777,21.391926],[39.906077,21.393658],[39.908527,21.39692],[39.90976,21.398562],[39.910401,21.399415],[39.910873,21.399891],[39.911066,21.400051],[39.911393,21.400286],[39.91186,21.40052],[39.912342,21.400695],[39.913266,21.4011],[39.913528,21.401256],[39.913652,21.40133],[39.914215,21.401769],[39.914778,21.402318],[39.915143,21.402768],[39.915394,21.403191],[39.915556,21.403522],[39.915706,21.403927],[39.915776,21.404331],[39.915798,21.404596],[39.915776,21.404921],[39.915739,21.40512],[39.915605,21.405525],[39.915444,21.40578],[39.915294,21.405941],[39.91495,21.406279],[39.914693,21.406429],[39.914186,21.406633],[39.9135,21.406632],[39.913094,21.406579],[39.912692,21.406449],[39.91236,21.406242],[39.912191,21.406137],[39.911826,21.405797],[39.911656,21.40556],[39.91149,21.405255],[39.911392,21.404933],[39.911351,21.404636],[39.91134,21.404156],[39.911284,21.403673],[39.911302,21.403357],[39.911257,21.402681],[39.91114,21.402043],[39.910943,21.40119],[39.91068,21.400436],[39.910315,21.39978],[39.909522,21.398673],[39.909249,21.398437]]}",Admin,855f0bca-948d-43a9-9377-5ab3eb5e8409,مشارق الماسية,623,2026-05-12 14:03:46,2026-05-12 14:03:46
019e1c80-3910-716e-ad20-04e528b81f52,1,20:00,23:59,فترة اولى,15,2591,8b2033c0-197e-43d7-935a-c37e5ac86561,تروية,a0bc4dde-a22d-4d68-bf95-75f45d362d66,تقليدي رد,3544e355-bb3d-4f8f-9f94-86f9e427ef7e,مدخل طريق الملك عبدالله - المعيصم,c5de7e9f-47bd-4c10-a7cf-11cfd825aa58,16,شارع 637,parking,7a92132e-3f5f-42d3-a0df-28ea64bb1b86,الجامعة الجديد,parking,7a92132e-3f5f-42d3-a0df-28ea64bb1b86,الجامعة الجديد,,,residence,شركة الخيمة لتشغيل الفنادق,camp,5/637,"{""type"":""LineString"",""coordinates"":[[39.793075,21.42455],[39.793628,21.424621],[39.793799,21.424623],[39.794299,21.424595],[39.795987,21.424392],[39.796652,21.424307],[39.796911,21.424251],[39.797347,21.424098],[39.797873,21.423911],[39.798012,21.423863],[39.798564,21.423674],[39.798991,21.423526],[39.801781,21.422521],[39.802388,21.422375],[39.802672,21.422327],[39.80289,21.422308],[39.803555,21.422291],[39.804068,21.42237],[39.804903,21.422555],[39.805273,21.422687],[39.806698,21.4231],[39.808503,21.423408],[39.809005,21.423496],[39.810004,21.423673],[39.812704,21.424079],[39.81389,21.424253],[39.814037,21.424379],[39.811946,21.424069],[39.811476,21.424004],[39.811364,21.423986],[39.811079,21.423938],[39.811049,21.424168],[39.811042,21.424379],[39.811033,21.425028],[39.810993,21.425701],[39.810947,21.426369],[39.810938,21.426519],[39.810901,21.426864],[39.810761,21.427911],[39.810628,21.428564],[39.810524,21.429146],[39.810442,21.429279],[39.810393,21.429797],[39.810337,21.430389],[39.810343,21.43086],[39.81043,21.431371],[39.810642,21.431843],[39.810821,21.432106],[39.811041,21.432291],[39.811277,21.432438],[39.812526,21.43302],[39.813285,21.433392],[39.813455,21.433536],[39.814073,21.433828],[39.814319,21.43394],[39.815545,21.434493],[39.816909,21.435104],[39.81729,21.435256],[39.817505,21.435318],[39.817713,21.435357],[39.818279,21.435413],[39.818793,21.435364],[39.819236,21.435249],[39.819602,21.435093],[39.820008,21.434853],[39.820188,21.434711],[39.820366,21.434543],[39.820529,21.434352],[39.820933,21.433905],[39.821109,21.433744],[39.82204,21.432987],[39.822531,21.432619],[39.823084,21.432293],[39.823847,21.431891],[39.824194,21.431761],[39.824612,21.43165],[39.825042,21.431576],[39.825724,21.431535],[39.826204,21.431503],[39.826644,21.431419],[39.827134,21.431362],[39.827878,21.431318],[39.828202,21.431279],[39.828437,21.431261],[39.828566,21.431299],[39.828651,21.431358],[39.828718,21.431405],[39.828768,21.431505],[39.828793,21.431792],[39.828862,21.432072],[39.829024,21.432481],[39.829234,21.433091],[39.829322,21.433357],[39.829692,21.434225],[39.829898,21.434626],[39.830648,21.435771],[39.831049,21.436301],[39.831387,21.43672],[39.831828,21.437183],[39.832105,21.437477],[39.832876,21.438218],[39.833056,21.438369],[39.833477,21.438676],[39.83449,21.439608],[39.834725,21.439775],[39.835097,21.439958],[39.835535,21.440036],[39.835633,21.44003],[39.83587,21.440014],[39.83608,21.440017],[39.836335,21.439992],[39.836481,21.439992],[39.836576,21.439992],[39.837051,21.440007],[39.837648,21.440052],[39.838387,21.440111],[39.839121,21.440179],[39.839382,21.440225],[39.839586,21.440253],[39.84036,21.440324],[39.841393,21.440367],[39.841808,21.440362],[39.842835,21.440308],[39.843563,21.440207],[39.844756,21.439985],[39.846013,21.439761],[39.847718,21.439446],[39.848404,21.439285],[39.848747,21.439216],[39.850317,21.438848],[39.850575,21.438785],[39.851709,21.438514],[39.852697,21.438318],[39.853281,21.438263],[39.853635,21.438268],[39.854259,21.438326],[39.854843,21.438465],[39.855366,21.438671],[39.855481,21.438745],[39.856021,21.439073],[39.856447,21.439421],[39.856801,21.439807],[39.857129,21.440198],[39.857837,21.441325],[39.857946,21.441498],[39.858185,21.441877],[39.858845,21.443027],[39.858996,21.443241],[39.859553,21.444105],[39.859698,21.444287],[39.86018,21.444895],[39.860947,21.445822],[39.862737,21.447975],[39.864304,21.449796],[39.865196,21.450778],[39.865728,21.451285],[39.866387,21.451797],[39.866866,21.452109],[39.867317,21.452397],[39.867782,21.452646],[39.86814,21.452819],[39.868655,21.453054],[39.869473,21.453356],[39.869862,21.453518],[39.870781,21.453746],[39.875985,21.45484],[39.877029,21.455181],[39.877947,21.455643],[39.880643,21.457552],[39.880992,21.457745],[39.881633,21.458099],[39.883265,21.458741],[39.884219,21.459124],[39.884635,21.45929],[39.885551,21.459563],[39.885867,21.459657],[39.886812,21.459879],[39.887736,21.459902],[39.888228,21.459886],[39.889004,21.459835],[39.889691,21.459763],[39.890504,21.459632],[39.891212,21.459457],[39.891896,21.45921],[39.893023,21.458744],[39.893574,21.458563],[39.894874,21.458052],[39.895475,21.457709],[39.895842,21.457417],[39.896222,21.457028],[39.896445,21.456687],[39.896869,21.455477],[39.896905,21.455364],[39.897496,21.453317],[39.89779,21.452296],[39.898702,21.449522],[39.90065,21.443207],[39.90091,21.442368],[39.900977,21.442153],[39.901083,21.441809],[39.901649,21.439958],[39.902038,21.4387],[39.902588,21.43692],[39.903825,21.432942],[39.904039,21.432138],[39.904114,21.431599],[39.904098,21.431144],[39.903967,21.43058],[39.903919,21.430524]]}",Admin,855f0bca-948d-43a9-9377-5ab3eb5e8409,مشارق الماسية,616,2026-05-12 14:03:45,2026-05-12 14:03:45
019e1c80-3814-71e9-aed2-552244d49774,2,00:00,03:59,فترة ثانية,15,2472,8b2033c0-197e-43d7-935a-c37e5ac86561,تروية,a0bc4dde-a22d-4d68-bf95-75f45d362d66,تقليدي رد,7e7e21be-788f-4408-bc11-279c05bf480a,مدخل انفاق الجمرات الجوهرة - شارح الحج,bde07b11-d948-44ac-92bb-8dbf01acb8aa,147,شارع 56,parking,6a81cfb3-9019-4ac5-9f85-353cab5b9895,الاتصالات الجديد,parking,6a81cfb3-9019-4ac5-9f85-353cab5b9895,الاتصالات الجديد,,,residence,شركة أبراج ساره للاستثمار العقاري فندق مكةسويس اوتيل,camp,4/56,"{""type"":""LineString"",""coordinates"":[[39.827229,21.418123],[39.827122,21.417994],[39.826763,21.417768],[39.826241,21.417593],[39.825747,21.417536],[39.825184,21.417559],[39.824712,21.417677],[39.824252,21.417919],[39.823772,21.41833],[39.823528,21.418509],[39.823221,21.418639],[39.822601,21.418721],[39.820049,21.419168],[39.819719,21.419234],[39.819454,21.419286],[39.818712,21.419458],[39.818235,21.419644],[39.817971,21.419795],[39.817705,21.420003],[39.817512,21.420198],[39.8173,21.420479],[39.81702,21.421057],[39.816943,21.421348],[39.816883,21.421671],[39.816872,21.421817],[39.816848,21.422236],[39.816857,21.422544],[39.816918,21.422881],[39.817028,21.42323],[39.81718,21.423613],[39.817446,21.424194],[39.817768,21.424951],[39.818013,21.425398],[39.818773,21.426295],[39.819143,21.426635],[39.819449,21.426867],[39.819925,21.427143],[39.820211,21.427254],[39.820308,21.427292],[39.821109,21.427502],[39.821755,21.427626],[39.82194,21.427667],[39.823144,21.427898],[39.825377,21.428173],[39.826502,21.428168],[39.827094,21.428112],[39.827734,21.427987],[39.82828,21.427817],[39.828425,21.427758],[39.829059,21.427452],[39.829362,21.427269],[39.829849,21.426937],[39.830432,21.426457],[39.831018,21.425964],[39.831483,21.425463],[39.83168,21.425154],[39.831926,21.42471],[39.832105,21.424267],[39.832678,21.422668],[39.832908,21.422197],[39.832979,21.421954],[39.832995,21.421726],[39.832968,21.421278],[39.832927,21.421034],[39.83283,21.420727],[39.832731,21.420605],[39.832651,21.420538],[39.832563,21.420499],[39.832476,21.4205],[39.832374,21.420535],[39.832201,21.420861],[39.832172,21.420967],[39.832168,21.421079],[39.832183,21.421174],[39.832273,21.421282],[39.833266,21.422326],[39.83351,21.422555],[39.833692,21.42261],[39.833898,21.422641],[39.834238,21.422617],[39.834413,21.422597],[39.834643,21.422554],[39.842963,21.421445],[39.843901,21.421349],[39.844575,21.421303],[39.845233,21.42127],[39.846332,21.421259],[39.847368,21.421227],[39.847802,21.421211],[39.848334,21.421188],[39.849191,21.421167],[39.849903,21.421197],[39.850629,21.421152],[39.851006,21.421128],[39.851405,21.421135],[39.851909,21.421159],[39.852663,21.421236],[39.853675,21.421372],[39.853827,21.421398],[39.854582,21.421552],[39.855431,21.421768],[39.855511,21.421746],[39.855594,21.421691],[39.855678,21.42158],[39.855908,21.421131],[39.856068,21.420848],[39.856184,21.420716],[39.856355,21.420575],[39.856586,21.42047],[39.85678,21.420421],[39.856978,21.420407],[39.857156,21.420414],[39.857313,21.420394],[39.857462,21.420392],[39.857587,21.420266],[39.858297,21.419511],[39.858366,21.419438],[39.85849,21.419535],[39.858425,21.419606],[39.857239,21.420905],[39.856901,21.421274],[39.856712,21.421565],[39.856603,21.42185],[39.856519,21.422144],[39.856517,21.422425],[39.856545,21.422718],[39.856787,21.424362],[39.856946,21.42544],[39.856991,21.426045],[39.856939,21.426436],[39.856821,21.426768],[39.856625,21.427119],[39.856469,21.427339],[39.857012,21.427373],[39.857324,21.427516],[39.857616,21.427768],[39.857803,21.427942],[39.858208,21.42766],[39.858477,21.42751],[39.858578,21.427456],[39.858688,21.427398],[39.859321,21.427186],[39.860025,21.426955],[39.860749,21.426769],[39.861713,21.426532],[39.862247,21.426366],[39.862485,21.426326],[39.862678,21.426294],[39.862756,21.426283]]}",Admin,855f0bca-948d-43a9-9377-5ab3eb5e8409,مشارق الماسية,615,2026-05-12 14:03:45,2026-05-12 14:03:45
019e1c80-3574-71ce-b152-3ee52a6edd10,2,00:00,03:59,فترة ثانية,10,1449,8b2033c0-197e-43d7-935a-c37e5ac86561,تروية,a0bc4dde-a22d-4d68-bf95-75f45d362d66,تقليدي رد,c9b6a08b-9db3-4cc8-bfba-162d2ee1544f,مدخل طريق الملك عبدالله - العزيزية,189cb78f-1c55-4c39-974e-aca8cdaa5a81,186,شارع 68,parking,0dbf5e64-c219-4b75-8580-feb1d03a42ea,150-83,parking,0dbf5e64-c219-4b75-8580-feb1d03a42ea,150-83,,,residence,شركة إل بارون إل زهبي,camp,51/68,"{""type"":""LineString"",""coordinates"":[[39.790177,21.43558],[39.790171,21.435709],[39.79004,21.4357],[39.790072,21.435],[39.790122,21.433396],[39.790148,21.432856],[39.790154,21.432698],[39.790142,21.432101],[39.790117,21.431853],[39.790022,21.431441],[39.789684,21.430171],[39.789463,21.429344],[39.78926,21.428581],[39.789105,21.427977],[39.789093,21.427534],[39.789162,21.426953],[39.789189,21.426845],[39.789277,21.426567],[39.789437,21.426206],[39.789552,21.425987],[39.789978,21.425358],[39.790217,21.425036],[39.790295,21.424892],[39.790481,21.42455],[39.790536,21.424553],[39.790652,21.424563],[39.790895,21.424573],[39.792356,21.424599],[39.793628,21.424621],[39.793799,21.424623],[39.794299,21.424595],[39.795987,21.424392],[39.796652,21.424307],[39.796911,21.424251],[39.797347,21.424098],[39.797873,21.423911],[39.798012,21.423863],[39.798564,21.423674],[39.798991,21.423526],[39.801781,21.422521],[39.802388,21.422375],[39.802672,21.422327],[39.80289,21.422308],[39.803555,21.422291],[39.804068,21.42237],[39.804903,21.422555],[39.805273,21.422687],[39.806698,21.4231],[39.808503,21.423408],[39.809005,21.423496],[39.810004,21.423673],[39.812704,21.424079],[39.81389,21.424253],[39.81416,21.424288],[39.814583,21.424301],[39.8149,21.424294],[39.816324,21.424159],[39.817715,21.424025],[39.817839,21.424015],[39.818018,21.424003],[39.818758,21.423956],[39.819167,21.423893],[39.819468,21.423825],[39.819616,21.423779],[39.819737,21.423712],[39.82102,21.422308],[39.821255,21.422148],[39.821521,21.422043],[39.8218,21.42196],[39.822147,21.421864],[39.822382,21.421761],[39.822573,21.421647],[39.822791,21.421489],[39.823573,21.420862],[39.823754,21.420759],[39.824375,21.420476],[39.824726,21.420372],[39.825105,21.420284],[39.825955,21.420176],[39.826362,21.420149],[39.826554,21.420136],[39.826763,21.420141],[39.827464,21.420235],[39.828747,21.420466],[39.829051,21.420521],[39.829896,21.420637],[39.830672,21.420741],[39.830929,21.420773],[39.831535,21.420838],[39.83191,21.420945],[39.832039,21.421015],[39.832183,21.421174],[39.832273,21.421282],[39.833266,21.422326],[39.83351,21.422555],[39.833692,21.42261],[39.833898,21.422641],[39.834238,21.422617],[39.834413,21.422597],[39.834643,21.422554],[39.842963,21.421445],[39.843901,21.421349],[39.844575,21.421303],[39.845233,21.42127],[39.846332,21.421259],[39.847368,21.421227],[39.847802,21.421211],[39.848334,21.421188],[39.849191,21.421167],[39.850454,21.421049],[39.851183,21.420947],[39.851521,21.420819],[39.851827,21.42067],[39.852143,21.420443],[39.852385,21.420171],[39.853182,21.4192],[39.853454,21.418683],[39.853662,21.418375],[39.854049,21.41786],[39.854388,21.417419],[39.854815,21.416871],[39.854832,21.41685],[39.855039,21.416754],[39.856199,21.415212],[39.856915,21.414028],[39.857548,21.412983],[39.859613,21.409567],[39.860347,21.408343],[39.861218,21.406891],[39.861848,21.405711],[39.862293,21.404805],[39.862648,21.403944],[39.863146,21.402736],[39.864457,21.399575],[39.864667,21.399101],[39.865353,21.397787],[39.865604,21.397353],[39.865839,21.397027],[39.866002,21.396835],[39.866639,21.39624],[39.867089,21.395886],[39.869109,21.394312],[39.87078,21.393016],[39.871413,21.392421],[39.871914,21.39181],[39.87245,21.39099],[39.872511,21.39085],[39.872815,21.390147],[39.873089,21.389359],[39.873632,21.387748],[39.873794,21.387223],[39.87407,21.386327],[39.874115,21.385744],[39.874141,21.385156],[39.87435,21.384466],[39.874406,21.384327],[39.874475,21.384217],[39.874577,21.384167],[39.874671,21.384162],[39.874872,21.38419],[39.875036,21.384267],[39.875103,21.384342],[39.875149,21.384429],[39.875162,21.384517],[39.875135,21.384632],[39.874937,21.385255],[39.874524,21.385901],[39.87417,21.386626],[39.873912,21.387434],[39.873864,21.387944],[39.873808,21.388107],[39.873629,21.388677],[39.873994,21.388795],[39.876326,21.389517],[39.877948,21.390034],[39.878779,21.390299],[39.878926,21.390339],[39.879114,21.390389],[39.879558,21.390607],[39.880854,21.391498],[39.881567,21.392007],[39.882011,21.392538],[39.882065,21.39262],[39.882396,21.393125],[39.882444,21.393197],[39.882514,21.393265],[39.882609,21.393289],[39.882868,21.393262],[39.883076,21.393244],[39.88309,21.39336],[39.883151,21.393861],[39.883281,21.394359],[39.883387,21.394766],[39.883451,21.394994],[39.883531,21.39521]]}",Admin,855f0bca-948d-43a9-9377-5ab3eb5e8409,مشارق الماسية,604,2026-05-12 14:03:44,2026-05-12 14:03:44
019e1c80-32e4-7208-affd-0273ae034eaa,3,04:00,08:00,فترة ثالثة,10,1575,8b2033c0-197e-43d7-935a-c37e5ac86561,تروية,a0bc4dde-a22d-4d68-bf95-75f45d362d66,تقليدي رد,ede61c28-c746-4cfa-a67b-19eb13385d55,مدخل طريق سوق العرب - الدائري الرابع,19812d8c-cfda-4f21-9f11-7e0d1b741a8e,349,شارع 520,parking,0dbf5e64-c219-4b75-8580-feb1d03a42ea,150-83,parking,0dbf5e64-c219-4b75-8580-feb1d03a42ea,150-83,,,residence,شركة إيلاف للاستثمار الدولي,camp,6/520,"{""type"":""LineString"",""coordinates"":[[39.831413,21.420825],[39.831535,21.420838],[39.83191,21.420945],[39.832039,21.421015],[39.832183,21.421174],[39.832273,21.421282],[39.833266,21.422326],[39.83351,21.422555],[39.833692,21.42261],[39.833898,21.422641],[39.834238,21.422617],[39.834413,21.422597],[39.834643,21.422554],[39.842963,21.421445],[39.843901,21.421349],[39.844575,21.421303],[39.845233,21.42127],[39.846332,21.421259],[39.847368,21.421227],[39.847802,21.421211],[39.848334,21.421188],[39.849191,21.421167],[39.850454,21.421049],[39.851183,21.420947],[39.851521,21.420819],[39.851827,21.42067],[39.852143,21.420443],[39.852385,21.420171],[39.853182,21.4192],[39.853454,21.418683],[39.853662,21.418375],[39.854049,21.41786],[39.854388,21.417419],[39.854815,21.416871],[39.854832,21.41685],[39.855039,21.416754],[39.856199,21.415212],[39.856915,21.414028],[39.857548,21.412983],[39.859613,21.409567],[39.860347,21.408343],[39.861218,21.406891],[39.861848,21.405711],[39.862293,21.404805],[39.862648,21.403944],[39.863146,21.402736],[39.864457,21.399575],[39.864667,21.399101],[39.865353,21.397787],[39.865604,21.397353],[39.865839,21.397027],[39.866002,21.396835],[39.866639,21.39624],[39.867089,21.395886],[39.869109,21.394312],[39.87078,21.393016],[39.871413,21.392421],[39.871914,21.39181],[39.87245,21.39099],[39.872511,21.39085],[39.872815,21.390147],[39.873089,21.389359],[39.873632,21.387748],[39.873794,21.387223],[39.87407,21.386327],[39.874115,21.385744],[39.874141,21.385156],[39.874177,21.384349],[39.87425,21.384097],[39.874324,21.383912],[39.874375,21.383782],[39.875494,21.384124],[39.875621,21.384163],[39.877628,21.384792],[39.877799,21.384845],[39.881188,21.385907],[39.881609,21.386039],[39.883944,21.386745],[39.885585,21.38727],[39.886236,21.387469],[39.888263,21.388099],[39.889419,21.388485],[39.889529,21.388522],[39.890503,21.388827],[39.892548,21.38947],[39.892976,21.389646],[39.893288,21.389775],[39.893949,21.389932],[39.894388,21.390017],[39.894603,21.390012],[39.895011,21.390022],[39.896599,21.389807],[39.897783,21.38963],[39.898315,21.389587],[39.898723,21.389502],[39.898959,21.389404],[39.899363,21.389162],[39.899572,21.388916],[39.899647,21.388823],[39.899738,21.388711],[39.900204,21.388081],[39.90045,21.387688],[39.901347,21.386056],[39.901491,21.385591],[39.901518,21.385428],[39.901502,21.385248],[39.901443,21.385013],[39.901303,21.384842],[39.901105,21.384753],[39.900836,21.384717],[39.900558,21.384773],[39.900375,21.384898],[39.900247,21.385043],[39.900188,21.385198],[39.900166,21.385406],[39.900203,21.385591],[39.900341,21.385945],[39.902134,21.388293],[39.903467,21.39016],[39.904777,21.391926],[39.906077,21.393658],[39.908527,21.39692],[39.90976,21.398562],[39.910401,21.399415],[39.910873,21.399891],[39.911066,21.400051],[39.911393,21.400286],[39.91186,21.40052],[39.912342,21.400695],[39.913266,21.4011],[39.913528,21.401256],[39.913652,21.40133],[39.914215,21.401769],[39.914778,21.402318],[39.915143,21.402768],[39.915394,21.403191],[39.915556,21.403522],[39.915706,21.403927],[39.915776,21.404331],[39.915798,21.404596],[39.915776,21.404921],[39.915739,21.40512],[39.915605,21.405525],[39.915444,21.40578],[39.915294,21.405941],[39.91495,21.406279],[39.914693,21.406429],[39.914186,21.406633],[39.9135,21.406632],[39.913094,21.406579],[39.912692,21.406449],[39.91236,21.406242],[39.912191,21.406137],[39.911826,21.405797],[39.911656,21.40556],[39.91149,21.405255],[39.911392,21.404933],[39.911351,21.404636],[39.91134,21.404156],[39.911284,21.403673],[39.911302,21.403357],[39.911257,21.402681],[39.91114,21.402043],[39.910943,21.40119],[39.91068,21.400436],[39.910315,21.39978],[39.909522,21.398673],[39.909249,21.398437]]}",Admin,855f0bca-948d-43a9-9377-5ab3eb5e8409,مشارق الماسية,606,2026-05-12 14:03:44,2026-05-12 14:03:44
019e1c80-31ea-707d-b9a0-011601d16350,3,04:00,08:00,فترة ثالثة,10,341,8b2033c0-197e-43d7-935a-c37e5ac86561,تروية,a0bc4dde-a22d-4d68-bf95-75f45d362d66,تقليدي رد,3544e355-bb3d-4f8f-9f94-86f9e427ef7e,مدخل طريق الملك عبدالله - المعيصم,f0f2ac10-9d78-4ad4-a499-bc68f27a4e0f,28,شارع 25,parking,0dbf5e64-c219-4b75-8580-feb1d03a42ea,150-83,parking,0dbf5e64-c219-4b75-8580-feb1d03a42ea,150-83,,,residence,شركة اكنان الصفا الفندقية,camp,7/25,"{""type"":""LineString"",""coordinates"":[[39.87623,21.373999],[39.876456,21.373783],[39.877009,21.373255],[39.876965,21.373214],[39.877518,21.372705],[39.876881,21.372113],[39.876783,21.372021],[39.876882,21.371925],[39.876977,21.372015],[39.877577,21.372581],[39.878136,21.373108],[39.878893,21.373822],[39.879341,21.374245],[39.879646,21.373959],[39.879745,21.373866],[39.880767,21.372904],[39.882348,21.371427],[39.882504,21.371282],[39.883151,21.370683],[39.883254,21.370587],[39.883356,21.370492],[39.883948,21.370084],[39.884584,21.369598],[39.887345,21.367023],[39.887787,21.36661],[39.888374,21.365892],[39.888447,21.365763],[39.88848,21.365632],[39.888491,21.365516],[39.888477,21.365383],[39.888428,21.365219],[39.888348,21.365088],[39.88827,21.365006],[39.888089,21.364877],[39.887922,21.364809],[39.887713,21.364777],[39.887481,21.364799],[39.887309,21.364864],[39.887165,21.364951],[39.887036,21.365082],[39.886969,21.365187],[39.886924,21.365309],[39.886897,21.365447],[39.886903,21.365588],[39.886932,21.365734],[39.887253,21.366319],[39.88805,21.367424],[39.891567,21.372194],[39.892107,21.372925],[39.893051,21.374201],[39.893714,21.375098],[39.894262,21.375966],[39.895354,21.377855],[39.895593,21.378275],[39.89576,21.378568],[39.896977,21.380708],[39.897435,21.38149],[39.898243,21.382869],[39.899595,21.384952],[39.89996,21.38543],[39.900341,21.385945],[39.902134,21.388293],[39.903467,21.39016],[39.904777,21.391926],[39.906077,21.393658],[39.908527,21.39692],[39.90976,21.398562],[39.910401,21.399415],[39.911031,21.400316],[39.911549,21.401261],[39.911872,21.402078],[39.912199,21.403295],[39.912263,21.404103],[39.912291,21.404463],[39.912243,21.40527],[39.912039,21.406224],[39.911342,21.40799],[39.91131,21.408071],[39.911269,21.408174],[39.910998,21.408861],[39.910486,21.410158],[39.909808,21.412167],[39.909457,21.413531],[39.909053,21.415277],[39.908831,21.416462],[39.908715,21.417082],[39.908394,21.419071],[39.908216,21.419983],[39.908004,21.42081],[39.907512,21.422467],[39.906398,21.426074],[39.906108,21.426966],[39.905624,21.428454],[39.90518,21.429886],[39.904918,21.430727],[39.90478,21.431147],[39.904688,21.431822],[39.904441,21.432966],[39.904457,21.433121],[39.904576,21.433277],[39.904758,21.433391],[39.905005,21.433397],[39.905214,21.433326],[39.905401,21.433141],[39.905503,21.432926],[39.90553,21.432702],[39.905493,21.432413],[39.905348,21.432157],[39.905024,21.43179],[39.904176,21.43082],[39.903967,21.43058],[39.903919,21.430524]]}",Admin,855f0bca-948d-43a9-9377-5ab3eb5e8409,مشارق الماسية,700,2026-05-12 14:03:43,2026-05-12 14:03:43
019e1c80-2a95-7089-96c5-dcfae02c525b,2,00:00,03:59,فترة ثانية,20,1724,8b2033c0-197e-43d7-935a-c37e5ac86561,تروية,48a174b1-0445-44d5-8d15-f6b484620b5d,ترددي,2214b63a-70fc-4e0d-a01e-a4e7cf4e7673,مدخل الترددي 2 - منى,82d20daf-35ce-46f9-bedb-bd11e4fa09a6,329,شارع 608,bus_warehouse,646b18f1-18fc-4ce2-b471-ce297eaaa9e4,ترددي 2,bus_warehouse,646b18f1-18fc-4ce2-b471-ce297eaaa9e4,ترددي 2,,,residence,شركة زهرة المدائن الفندقية شركة شخص واحد,camp,19/608,"{""type"":""LineString"",""coordinates"":[[39.829265,21.41906],[39.829048,21.419064],[39.828723,21.419044],[39.828325,21.418973],[39.827934,21.418861],[39.827776,21.418778],[39.82756,21.418579],[39.827383,21.41831],[39.827122,21.417994],[39.826763,21.417768],[39.826241,21.417593],[39.825747,21.417536],[39.825184,21.417559],[39.824712,21.417677],[39.824252,21.417919],[39.823772,21.41833],[39.823528,21.418509],[39.823221,21.418639],[39.822601,21.418721],[39.820049,21.419168],[39.819719,21.419234],[39.819454,21.419286],[39.818712,21.419458],[39.818235,21.419644],[39.817971,21.419795],[39.817705,21.420003],[39.817512,21.420198],[39.8173,21.420479],[39.81702,21.421057],[39.816943,21.421348],[39.816883,21.421671],[39.816872,21.421817],[39.816848,21.422236],[39.816857,21.422544],[39.816918,21.422881],[39.817028,21.42323],[39.81718,21.423613],[39.817446,21.424194],[39.817768,21.424951],[39.818013,21.425398],[39.818773,21.426295],[39.819143,21.426635],[39.819449,21.426867],[39.819925,21.427143],[39.820211,21.427254],[39.820308,21.427292],[39.821109,21.427502],[39.821755,21.427626],[39.82194,21.427667],[39.823144,21.427898],[39.825377,21.428173],[39.826502,21.428168],[39.827094,21.428112],[39.827734,21.427987],[39.82828,21.427817],[39.828425,21.427758],[39.829059,21.427452],[39.829362,21.427269],[39.829849,21.426937],[39.830432,21.426457],[39.831018,21.425964],[39.831483,21.425463],[39.83168,21.425154],[39.831926,21.42471],[39.832105,21.424267],[39.832678,21.422668],[39.832908,21.422197],[39.832979,21.421954],[39.832995,21.421726],[39.832968,21.421278],[39.832927,21.421034],[39.83283,21.420727],[39.832731,21.420605],[39.832651,21.420538],[39.832563,21.420499],[39.832476,21.4205],[39.832374,21.420535],[39.832201,21.420861],[39.832172,21.420967],[39.832168,21.421079],[39.832183,21.421174],[39.832273,21.421282],[39.833266,21.422326],[39.83351,21.422555],[39.833692,21.42261],[39.833898,21.422641],[39.834238,21.422617],[39.834413,21.422597],[39.834643,21.422554],[39.842963,21.421445],[39.843901,21.421349],[39.844575,21.421303],[39.845233,21.42127],[39.846332,21.421259],[39.847368,21.421227],[39.847802,21.421211],[39.848334,21.421188],[39.849191,21.421167],[39.850454,21.421049],[39.851183,21.420947],[39.851521,21.420819],[39.851827,21.42067],[39.852143,21.420443],[39.852385,21.420171],[39.853182,21.4192],[39.853454,21.418683],[39.853662,21.418375],[39.854049,21.41786],[39.854388,21.417419],[39.854815,21.416871],[39.854832,21.41685],[39.855039,21.416754],[39.856199,21.415212],[39.856915,21.414028],[39.857548,21.412983],[39.859613,21.409567],[39.860347,21.408343],[39.861218,21.406891],[39.861848,21.405711],[39.862293,21.404805],[39.862648,21.403944],[39.863146,21.402736],[39.864457,21.399575],[39.864667,21.399101],[39.865353,21.397787],[39.865604,21.397353],[39.865839,21.397027],[39.866002,21.396835],[39.866639,21.39624],[39.867089,21.395886],[39.869109,21.394312],[39.87078,21.393016],[39.871413,21.392421],[39.871914,21.39181],[39.87245,21.39099],[39.872511,21.39085],[39.872815,21.390147],[39.873089,21.389359],[39.873632,21.387748],[39.873794,21.387223],[39.87407,21.386327],[39.874115,21.385744],[39.874141,21.385156],[39.874177,21.384349],[39.87425,21.384097],[39.874324,21.383912],[39.874375,21.383782],[39.875494,21.384124],[39.875621,21.384163],[39.877628,21.384792],[39.877799,21.384845],[39.881188,21.385907],[39.881609,21.386039],[39.883944,21.386745],[39.885585,21.38727],[39.886236,21.387469],[39.888263,21.388099],[39.889419,21.388485],[39.889529,21.388522],[39.890503,21.388827],[39.892548,21.38947],[39.892976,21.389646],[39.893288,21.389775],[39.893949,21.389932],[39.894388,21.390017],[39.894603,21.390012],[39.895011,21.390022],[39.896599,21.389807],[39.897783,21.38963],[39.898315,21.389587],[39.898723,21.389502],[39.898959,21.389404],[39.899363,21.389162],[39.899572,21.388916],[39.899647,21.388823],[39.899738,21.388711],[39.900204,21.388081],[39.90045,21.387688],[39.901347,21.386056],[39.901491,21.385591],[39.901518,21.385428],[39.901502,21.385248],[39.901443,21.385013],[39.901303,21.384842],[39.901105,21.384753],[39.900836,21.384717],[39.900558,21.384773],[39.900375,21.384898],[39.900247,21.385043],[39.900188,21.385198],[39.900166,21.385406],[39.900203,21.385591],[39.900341,21.385945],[39.902134,21.388293],[39.903467,21.39016],[39.904777,21.391926],[39.906077,21.393658],[39.908527,21.39692],[39.90976,21.398562],[39.910401,21.399415],[39.910873,21.399891],[39.911066,21.400051],[39.911393,21.400286],[39.91186,21.40052],[39.912342,21.400695],[39.913266,21.4011],[39.913528,21.401256],[39.913853,21.401385]]}",Admin,a8d362b4-3090-46d4-a937-1a8d863ad798,مشارق المتميزة,23,2026-05-12 14:03:42,2026-05-12 14:03:42
019e1c80-2bfa-713d-a7cd-f5ae4c6ebb6d,3,04:00,08:00,فترة ثالثة,20,2185,8b2033c0-197e-43d7-935a-c37e5ac86561,تروية,48a174b1-0445-44d5-8d15-f6b484620b5d,ترددي,2214b63a-70fc-4e0d-a01e-a4e7cf4e7673,مدخل الترددي 2 - منى,683d2e5b-278c-4bb2-bdb5-72fe3bd741e4,334,شارع 620,bus_warehouse,646b18f1-18fc-4ce2-b471-ce297eaaa9e4,ترددي 2,bus_warehouse,646b18f1-18fc-4ce2-b471-ce297eaaa9e4,ترددي 2,,,residence,شركة اسرار التيسير للخدمات الفندقيه,camp,18/620,"{""type"":""LineString"",""coordinates"":[[39.806627,21.426098],[39.806778,21.426117],[39.806753,21.424478],[39.806715,21.42358],[39.806709,21.423445],[39.806701,21.423258],[39.806683,21.422982],[39.80667,21.422961],[39.806856,21.422998],[39.807543,21.423128],[39.808284,21.423318],[39.809005,21.423496],[39.810004,21.423673],[39.812704,21.424079],[39.81389,21.424253],[39.81416,21.424288],[39.814583,21.424301],[39.8149,21.424294],[39.816324,21.424159],[39.817715,21.424025],[39.817839,21.424015],[39.818018,21.424003],[39.818758,21.423956],[39.819167,21.423893],[39.819468,21.423825],[39.819616,21.423779],[39.819737,21.423712],[39.82102,21.422308],[39.821255,21.422148],[39.821521,21.422043],[39.8218,21.42196],[39.822147,21.421864],[39.822382,21.421761],[39.822573,21.421647],[39.822791,21.421489],[39.823573,21.420862],[39.823754,21.420759],[39.824375,21.420476],[39.824726,21.420372],[39.825105,21.420284],[39.825955,21.420176],[39.826362,21.420149],[39.826554,21.420136],[39.826763,21.420141],[39.827464,21.420235],[39.828747,21.420466],[39.829051,21.420521],[39.829896,21.420637],[39.830672,21.420741],[39.830929,21.420773],[39.831535,21.420838],[39.83191,21.420945],[39.832039,21.421015],[39.832183,21.421174],[39.832273,21.421282],[39.833266,21.422326],[39.83351,21.422555],[39.833692,21.42261],[39.833898,21.422641],[39.834238,21.422617],[39.834413,21.422597],[39.834643,21.422554],[39.842963,21.421445],[39.843901,21.421349],[39.844575,21.421303],[39.845233,21.42127],[39.846332,21.421259],[39.847368,21.421227],[39.847802,21.421211],[39.848334,21.421188],[39.849191,21.421167],[39.850454,21.421049],[39.851183,21.420947],[39.851521,21.420819],[39.851827,21.42067],[39.852143,21.420443],[39.852385,21.420171],[39.853182,21.4192],[39.853454,21.418683],[39.853662,21.418375],[39.854049,21.41786],[39.854388,21.417419],[39.854815,21.416871],[39.854832,21.41685],[39.855039,21.416754],[39.856199,21.415212],[39.856915,21.414028],[39.857548,21.412983],[39.859613,21.409567],[39.860347,21.408343],[39.861218,21.406891],[39.861848,21.405711],[39.862293,21.404805],[39.862648,21.403944],[39.863146,21.402736],[39.864457,21.399575],[39.864667,21.399101],[39.865353,21.397787],[39.865604,21.397353],[39.865839,21.397027],[39.866002,21.396835],[39.866639,21.39624],[39.867089,21.395886],[39.869109,21.394312],[39.87078,21.393016],[39.871413,21.392421],[39.871914,21.39181],[39.87245,21.39099],[39.872511,21.39085],[39.872815,21.390147],[39.873089,21.389359],[39.873632,21.387748],[39.873794,21.387223],[39.87407,21.386327],[39.874115,21.385744],[39.874141,21.385156],[39.874177,21.384349],[39.87425,21.384097],[39.874324,21.383912],[39.874375,21.383782],[39.875494,21.384124],[39.875621,21.384163],[39.877628,21.384792],[39.877799,21.384845],[39.881188,21.385907],[39.881609,21.386039],[39.883944,21.386745],[39.885585,21.38727],[39.886236,21.387469],[39.888263,21.388099],[39.889419,21.388485],[39.889529,21.388522],[39.890503,21.388827],[39.892548,21.38947],[39.892976,21.389646],[39.893288,21.389775],[39.893949,21.389932],[39.894388,21.390017],[39.894603,21.390012],[39.895011,21.390022],[39.896599,21.389807],[39.897783,21.38963],[39.898315,21.389587],[39.898723,21.389502],[39.898959,21.389404],[39.899363,21.389162],[39.899572,21.388916],[39.899647,21.388823],[39.899738,21.388711],[39.900204,21.388081],[39.90045,21.387688],[39.901347,21.386056],[39.901491,21.385591],[39.901518,21.385428],[39.901502,21.385248],[39.901443,21.385013],[39.901303,21.384842],[39.901105,21.384753],[39.900836,21.384717],[39.900558,21.384773],[39.900375,21.384898],[39.900247,21.385043],[39.900188,21.385198],[39.900166,21.385406],[39.900203,21.385591],[39.900341,21.385945],[39.902134,21.388293],[39.903467,21.39016],[39.904777,21.391926],[39.906077,21.393658],[39.908527,21.39692],[39.90976,21.398562],[39.910401,21.399415],[39.910873,21.399891],[39.911066,21.400051],[39.911393,21.400286],[39.91186,21.40052],[39.912342,21.400695],[39.913266,21.4011],[39.913528,21.401256],[39.913853,21.401385]]}",Admin,a8d362b4-3090-46d4-a937-1a8d863ad798,مشارق المتميزة,9,2026-05-12 14:03:42,2026-05-12 14:03:42
019e1c80-2d1f-7338-992e-667793108e4d,3,04:00,08:00,فترة ثالثة,15,1574,8b2033c0-197e-43d7-935a-c37e5ac86561,تروية,48a174b1-0445-44d5-8d15-f6b484620b5d,ترددي,4e968379-67ed-4221-903f-e7351145b578,مدخل الترددي 1 - منى,a2687036-e83a-4c1d-9266-ffed56bb599a,484,شارع 548,bus_warehouse,78d92381-0800-44ed-ad7b-9ff92b62e4b6,ترددي 1,bus_warehouse,78d92381-0800-44ed-ad7b-9ff92b62e4b6,ترددي 1,,,residence,شركة رواد المناسك لتشغيل الفنادق,camp,1/548,"{""type"":""LineString"",""coordinates"":[[39.855138,21.430739],[39.855441,21.430914],[39.855464,21.430877],[39.855825,21.430302],[39.856465,21.429408],[39.857694,21.428018],[39.857208,21.427639],[39.85682,21.4275],[39.856377,21.427459],[39.856187,21.427381],[39.856303,21.427264],[39.856465,21.427075],[39.856561,21.426867],[39.856717,21.426548],[39.856807,21.426235],[39.856788,21.425604],[39.856715,21.425078],[39.856551,21.424078],[39.856519,21.423903],[39.856393,21.42305],[39.856339,21.422512],[39.856352,21.422095],[39.856419,21.421808],[39.856519,21.421544],[39.856673,21.421301],[39.85681,21.421127],[39.857462,21.420392],[39.857587,21.420266],[39.858297,21.419511],[39.858366,21.419438],[39.858916,21.418816],[39.859453,21.418242],[39.860483,21.417098],[39.861377,21.416104],[39.862745,21.414626],[39.862825,21.414546],[39.86331,21.414048],[39.86555,21.411751],[39.866513,21.410762],[39.868553,21.408657],[39.869613,21.407562],[39.869889,21.407322],[39.870641,21.406779],[39.873129,21.404971],[39.873921,21.404413],[39.874476,21.404014],[39.874835,21.403755],[39.875046,21.403601],[39.87569,21.40313],[39.876679,21.402412],[39.87737,21.401909],[39.878002,21.401518],[39.878144,21.401442],[39.878392,21.401307],[39.879401,21.400847],[39.883366,21.399037],[39.884426,21.398552],[39.885932,21.397834],[39.887662,21.397056],[39.89015,21.395924],[39.892381,21.394909],[39.893021,21.394575],[39.893456,21.394283],[39.893609,21.394158],[39.893721,21.394066],[39.894165,21.393702],[39.894773,21.393204],[39.896259,21.391933],[39.897172,21.391133],[39.899133,21.389417],[39.899363,21.389162],[39.899572,21.388916],[39.899647,21.388823],[39.899738,21.388711],[39.900204,21.388081],[39.90045,21.387688],[39.901347,21.386056],[39.901491,21.385591],[39.901518,21.385428],[39.901502,21.385248],[39.901443,21.385013],[39.901303,21.384842],[39.901105,21.384753],[39.900836,21.384717],[39.900558,21.384773],[39.900375,21.384898],[39.900247,21.385043],[39.900188,21.385198],[39.900166,21.385406],[39.900203,21.385591],[39.900341,21.385945],[39.902134,21.388293],[39.903467,21.39016],[39.904777,21.391926],[39.906077,21.393658],[39.908527,21.39692],[39.90976,21.398562],[39.910401,21.399415],[39.911031,21.400316],[39.911549,21.401261],[39.911872,21.402078],[39.912199,21.403295],[39.912263,21.404103],[39.912291,21.404463],[39.912243,21.40527],[39.912039,21.406224],[39.911342,21.40799],[39.91131,21.408071],[39.911269,21.408174],[39.910998,21.408861],[39.910953,21.408975]]}",Admin,a8d362b4-3090-46d4-a937-1a8d863ad798,مشارق المتميزة,24,2026-05-12 14:03:42,2026-05-12 14:03:42
019e1c80-280e-7161-a272-9a9fa2e6798c,3,04:00,08:00,فترة ثالثة,20,2115,8b2033c0-197e-43d7-935a-c37e5ac86561,تروية,48a174b1-0445-44d5-8d15-f6b484620b5d,ترددي,2214b63a-70fc-4e0d-a01e-a4e7cf4e7673,مدخل الترددي 2 - منى,ab8cbe79-925c-41a1-8a2a-466b781551fb,290,شارع 616,bus_warehouse,646b18f1-18fc-4ce2-b471-ce297eaaa9e4,ترددي 2,bus_warehouse,646b18f1-18fc-4ce2-b471-ce297eaaa9e4,ترددي 2,,,residence,شركة تراست مكان,camp,22/616,"{""type"":""LineString"",""coordinates"":[[39.821715,21.400207],[39.820459,21.401182],[39.820282,21.401288],[39.819924,21.401502],[39.819177,21.40182],[39.818598,21.402028],[39.817886,21.402286],[39.817489,21.402425],[39.816639,21.402708],[39.816204,21.402983],[39.816089,21.403054],[39.816014,21.40295],[39.81613,21.402883],[39.816561,21.402631],[39.81733,21.402295],[39.819773,21.401398],[39.819919,21.401331],[39.8204,21.401034],[39.821916,21.399889],[39.823429,21.398723],[39.82413,21.398203],[39.824494,21.397912],[39.825012,21.397538],[39.825231,21.397408],[39.825791,21.39727],[39.825726,21.395513],[39.82572,21.395364],[39.825694,21.393973],[39.825632,21.391763],[39.825569,21.39041],[39.825426,21.388622],[39.825407,21.388044],[39.825496,21.387593],[39.825749,21.386994],[39.825806,21.38686],[39.826226,21.386186],[39.826372,21.385951],[39.826832,21.385414],[39.827396,21.384783],[39.827497,21.38467],[39.827708,21.384644],[39.828992,21.384535],[39.829244,21.384519],[39.829855,21.38437],[39.831122,21.383987],[39.831785,21.383827],[39.832342,21.383768],[39.832689,21.383765],[39.833425,21.383788],[39.834009,21.38386],[39.834378,21.383974],[39.834634,21.384054],[39.835276,21.384458],[39.835525,21.384616],[39.835729,21.384746],[39.835976,21.384932],[39.836262,21.385178],[39.838411,21.38745],[39.838733,21.387759],[39.839259,21.388169],[39.839699,21.388429],[39.840246,21.388658],[39.840634,21.388749],[39.841231,21.388838],[39.842264,21.388921],[39.843922,21.389083],[39.845957,21.389246],[39.846384,21.389345],[39.847035,21.389539],[39.847266,21.389645],[39.84768,21.389836],[39.848252,21.390213],[39.848953,21.390805],[39.849588,21.39154],[39.850018,21.392085],[39.850446,21.392585],[39.851391,21.393633],[39.851581,21.393812],[39.851774,21.393938],[39.852046,21.394056],[39.852337,21.394122],[39.85254,21.394143],[39.852726,21.394133],[39.852959,21.394071],[39.853614,21.393779],[39.85405,21.393471],[39.854566,21.393024],[39.855648,21.391708],[39.855996,21.391461],[39.856181,21.391287],[39.856525,21.391018],[39.85717,21.390408],[39.857709,21.389855],[39.858217,21.389318],[39.85912,21.388568],[39.862032,21.385524],[39.863018,21.384644],[39.863957,21.384037],[39.86448,21.383738],[39.865047,21.383474],[39.865891,21.383149],[39.866999,21.382837],[39.867992,21.382698],[39.868715,21.382637],[39.869226,21.382632],[39.870011,21.382663],[39.870534,21.38271],[39.871031,21.382805],[39.872226,21.383094],[39.872622,21.383189],[39.87341,21.383495],[39.874256,21.383747],[39.874375,21.383782],[39.875494,21.384124],[39.875621,21.384163],[39.877628,21.384792],[39.877799,21.384845],[39.881188,21.385907],[39.881609,21.386039],[39.883944,21.386745],[39.885585,21.38727],[39.886236,21.387469],[39.888263,21.388099],[39.889419,21.388485],[39.889529,21.388522],[39.890503,21.388827],[39.892548,21.38947],[39.892976,21.389646],[39.893288,21.389775],[39.893949,21.389932],[39.894388,21.390017],[39.894603,21.390012],[39.895011,21.390022],[39.896599,21.389807],[39.897783,21.38963],[39.898315,21.389587],[39.898723,21.389502],[39.898959,21.389404],[39.899363,21.389162],[39.899572,21.388916],[39.899647,21.388823],[39.899738,21.388711],[39.900204,21.388081],[39.90045,21.387688],[39.901347,21.386056],[39.901491,21.385591],[39.901518,21.385428],[39.901502,21.385248],[39.901443,21.385013],[39.901303,21.384842],[39.901105,21.384753],[39.900836,21.384717],[39.900558,21.384773],[39.900375,21.384898],[39.900247,21.385043],[39.900188,21.385198],[39.900166,21.385406],[39.900203,21.385591],[39.900341,21.385945],[39.902134,21.388293],[39.903467,21.39016],[39.904777,21.391926],[39.906077,21.393658],[39.908527,21.39692],[39.90976,21.398562],[39.910401,21.399415],[39.910873,21.399891],[39.911066,21.400051],[39.911393,21.400286],[39.91186,21.40052],[39.912342,21.400695],[39.913266,21.4011],[39.913528,21.401256],[39.913853,21.401385]]}",Admin,a8d362b4-3090-46d4-a937-1a8d863ad798,مشارق المتميزة,12,2026-05-12 14:03:41,2026-05-12 14:03:41
019e1c80-2699-72d1-87e3-dcd5ba93d327,2,00:00,03:59,فترة ثانية,20,4264,8b2033c0-197e-43d7-935a-c37e5ac86561,تروية,48a174b1-0445-44d5-8d15-f6b484620b5d,ترددي,2214b63a-70fc-4e0d-a01e-a4e7cf4e7673,مدخل الترددي 2 - منى,83821d26-eb6c-4b07-8c7f-d015e5bb861d,286,شارع 616,bus_warehouse,646b18f1-18fc-4ce2-b471-ce297eaaa9e4,ترددي 2,bus_warehouse,646b18f1-18fc-4ce2-b471-ce297eaaa9e4,ترددي 2,,,residence,شركة الوفاق الدولية للمقاولات,camp,24/616,"{""type"":""LineString"",""coordinates"":[[39.865192,21.420138],[39.865121,21.420315],[39.864658,21.420236],[39.864482,21.421249],[39.864392,21.421233],[39.864447,21.421018],[39.864671,21.419455],[39.864809,21.418653],[39.864936,21.417922],[39.864981,21.417537],[39.865011,21.417083],[39.864929,21.416635],[39.864794,21.416298],[39.864295,21.415797],[39.863776,21.415426],[39.862976,21.414803],[39.862891,21.414738],[39.862745,21.414626],[39.862825,21.414546],[39.86331,21.414048],[39.86555,21.411751],[39.866513,21.410762],[39.868553,21.408657],[39.869613,21.407562],[39.869889,21.407322],[39.870641,21.406779],[39.873129,21.404971],[39.873921,21.404413],[39.874476,21.404014],[39.874835,21.403755],[39.875046,21.403601],[39.87569,21.40313],[39.876679,21.402412],[39.87737,21.401909],[39.878002,21.401518],[39.878144,21.401442],[39.878392,21.401307],[39.879401,21.400847],[39.883366,21.399037],[39.884426,21.398552],[39.885932,21.397834],[39.887662,21.397056],[39.89015,21.395924],[39.892381,21.394909],[39.893021,21.394575],[39.893456,21.394283],[39.893609,21.394158],[39.893721,21.394066],[39.894165,21.393702],[39.894773,21.393204],[39.896259,21.391933],[39.897172,21.391133],[39.899133,21.389417],[39.899363,21.389162],[39.899572,21.388916],[39.899647,21.388823],[39.899738,21.388711],[39.900204,21.388081],[39.90045,21.387688],[39.901347,21.386056],[39.901491,21.385591],[39.901518,21.385428],[39.901502,21.385248],[39.901443,21.385013],[39.901303,21.384842],[39.901105,21.384753],[39.900836,21.384717],[39.900558,21.384773],[39.900375,21.384898],[39.900247,21.385043],[39.900188,21.385198],[39.900166,21.385406],[39.900203,21.385591],[39.900341,21.385945],[39.902134,21.388293],[39.903467,21.39016],[39.904777,21.391926],[39.906077,21.393658],[39.908527,21.39692],[39.90976,21.398562],[39.910401,21.399415],[39.910873,21.399891],[39.911066,21.400051],[39.911393,21.400286],[39.91186,21.40052],[39.912342,21.400695],[39.913266,21.4011],[39.913528,21.401256],[39.913853,21.401385]]}",Admin,a8d362b4-3090-46d4-a937-1a8d863ad798,مشارق المتميزة,3,2026-05-12 14:03:41,2026-05-12 14:03:41
019e1c80-2475-72cb-a80f-41a267f2689a,2,00:00,03:59,فترة ثانية,20,4583,8b2033c0-197e-43d7-935a-c37e5ac86561,تروية,a0bc4dde-a22d-4d68-bf95-75f45d362d66,تقليدي رد,ede61c28-c746-4cfa-a67b-19eb13385d55,مدخل طريق سوق العرب - الدائري الرابع,1b782500-01b3-4f89-b33f-b47cb3bd0803,521,شارع 522,parking,0dbf5e64-c219-4b75-8580-feb1d03a42ea,150-83,parking,0dbf5e64-c219-4b75-8580-feb1d03a42ea,150-83,,,residence,شركة تارا الذهبي,camp,3/522,"{""type"":""LineString"",""coordinates"":[[39.822685,21.414177],[39.822697,21.414544],[39.822592,21.41478],[39.822696,21.415073],[39.822852,21.4159],[39.822924,21.416548],[39.822908,21.41724],[39.822857,21.417793],[39.822772,21.418399],[39.822725,21.418866],[39.8226,21.420264],[39.822057,21.421586],[39.821954,21.421941],[39.821937,21.421993],[39.821832,21.422424],[39.821193,21.423528],[39.820789,21.424052],[39.82059,21.424295],[39.820419,21.424523],[39.820139,21.425005],[39.819966,21.425482],[39.819839,21.425834],[39.819626,21.426266],[39.819384,21.426647],[39.819237,21.426898],[39.819027,21.427196],[39.818877,21.427408],[39.818703,21.427725],[39.818395,21.42846],[39.818357,21.42851],[39.818191,21.428727],[39.817844,21.429089],[39.817671,21.429292],[39.817593,21.429416],[39.817382,21.4297],[39.817276,21.429843],[39.817127,21.430087],[39.816614,21.430938],[39.816461,21.431236],[39.816383,21.431388],[39.816319,21.431512],[39.816198,21.431854],[39.81699,21.432617],[39.817757,21.433349],[39.818311,21.433888],[39.818392,21.434025],[39.81858,21.434356],[39.818804,21.434789],[39.81904,21.435208],[39.819532,21.435013],[39.819902,21.434806],[39.820131,21.434607],[39.820286,21.434421],[39.820338,21.434359],[39.820624,21.434102],[39.820933,21.433905],[39.821109,21.433744],[39.82204,21.432987],[39.822531,21.432619],[39.823084,21.432293],[39.823847,21.431891],[39.824194,21.431761],[39.824612,21.43165],[39.825042,21.431576],[39.825724,21.431535],[39.826204,21.431503],[39.826644,21.431419],[39.827134,21.431362],[39.827878,21.431318],[39.828202,21.431279],[39.828437,21.431261],[39.828566,21.431299],[39.828651,21.431358],[39.828718,21.431405],[39.828768,21.431505],[39.828793,21.431792],[39.828862,21.432072],[39.829024,21.432481],[39.829234,21.433091],[39.829322,21.433357],[39.829692,21.434225],[39.829898,21.434626],[39.830648,21.435771],[39.831049,21.436301],[39.831387,21.43672],[39.831828,21.437183],[39.832105,21.437477],[39.832876,21.438218],[39.833056,21.438369],[39.833477,21.438676],[39.83449,21.439608],[39.834725,21.439775],[39.835097,21.439958],[39.835535,21.440036],[39.835633,21.44003],[39.83587,21.440014],[39.83608,21.440017],[39.836335,21.439992],[39.836481,21.439992],[39.836576,21.439992],[39.837051,21.440007],[39.837648,21.440052],[39.838387,21.440111],[39.839121,21.440179],[39.839382,21.440225],[39.839586,21.440253],[39.84036,21.440324],[39.841393,21.440367],[39.841808,21.440362],[39.842835,21.440308],[39.843563,21.440207],[39.844756,21.439985],[39.846013,21.439761],[39.847718,21.439446],[39.848404,21.439285],[39.848747,21.439216],[39.850317,21.438848],[39.850575,21.438785],[39.851709,21.438514],[39.852697,21.438318],[39.853281,21.438263],[39.853635,21.438268],[39.854259,21.438326],[39.854843,21.438465],[39.855366,21.438671],[39.855481,21.438745],[39.856021,21.439073],[39.856447,21.439421],[39.856801,21.439807],[39.857129,21.440198],[39.857837,21.441325],[39.857946,21.441498],[39.858185,21.441877],[39.858845,21.443027],[39.858996,21.443241],[39.859553,21.444105],[39.859698,21.444287],[39.86018,21.444895],[39.860947,21.445822],[39.862737,21.447975],[39.864304,21.449796],[39.865196,21.450778],[39.865728,21.451285],[39.866387,21.451797],[39.866866,21.452109],[39.867317,21.452397],[39.867782,21.452646],[39.86814,21.452819],[39.868655,21.453054],[39.869473,21.453356],[39.869862,21.453518],[39.870781,21.453746],[39.875985,21.45484],[39.877029,21.455181],[39.877947,21.455643],[39.880643,21.457552],[39.880992,21.457745],[39.881633,21.458099],[39.883265,21.458741],[39.884219,21.459124],[39.884635,21.45929],[39.885551,21.459563],[39.885867,21.459657],[39.886812,21.459879],[39.887736,21.459902],[39.888228,21.459886],[39.889004,21.459835],[39.889691,21.459763],[39.890504,21.459632],[39.891212,21.459457],[39.891896,21.45921],[39.893023,21.458744],[39.893574,21.458563],[39.894874,21.458052],[39.895475,21.457709],[39.895842,21.457417],[39.896222,21.457028],[39.896445,21.456687],[39.896869,21.455477],[39.896905,21.455364],[39.897496,21.453317],[39.897974,21.452359],[39.89981,21.446587],[39.90052,21.444304],[39.902869,21.436598],[39.905729,21.427492],[39.907338,21.422403],[39.907834,21.420764],[39.908039,21.419927],[39.908217,21.419027],[39.908796,21.415399],[39.909448,21.412381],[39.909801,21.410742],[39.910417,21.407867],[39.910744,21.406484],[39.91107,21.404995],[39.911263,21.404045],[39.911284,21.403673],[39.911302,21.403357],[39.911257,21.402681],[39.91114,21.402043],[39.910943,21.40119],[39.91068,21.400436],[39.910315,21.39978],[39.909522,21.398673],[39.909249,21.398437]]}",Admin,a8d362b4-3090-46d4-a937-1a8d863ad798,مشارق المتميزة,4,2026-05-12 14:03:40,2026-05-12 14:03:40
019e1c80-258c-7226-bdcd-6eae9c53fb85,2,00:00,03:59,فترة ثانية,15,1990,8b2033c0-197e-43d7-935a-c37e5ac86561,تروية,48a174b1-0445-44d5-8d15-f6b484620b5d,ترددي,2214b63a-70fc-4e0d-a01e-a4e7cf4e7673,مدخل الترددي 2 - منى,a8358681-3eb4-41e2-a255-73eaa8696342,324,شارع 608,bus_warehouse,646b18f1-18fc-4ce2-b471-ce297eaaa9e4,ترددي 2,bus_warehouse,646b18f1-18fc-4ce2-b471-ce297eaaa9e4,ترددي 2,,,residence,شركة مقام الحجاز للضيافة السياحي,camp,29/608,"{""type"":""LineString"",""coordinates"":[[39.80648,21.42626],[39.806487,21.426081],[39.806778,21.426117],[39.806753,21.424478],[39.806715,21.42358],[39.806709,21.423445],[39.806701,21.423258],[39.806683,21.422982],[39.80667,21.422961],[39.806856,21.422998],[39.807543,21.423128],[39.808284,21.423318],[39.809005,21.423496],[39.810004,21.423673],[39.812704,21.424079],[39.81389,21.424253],[39.81416,21.424288],[39.814583,21.424301],[39.8149,21.424294],[39.816324,21.424159],[39.817715,21.424025],[39.817839,21.424015],[39.818018,21.424003],[39.818758,21.423956],[39.819167,21.423893],[39.819468,21.423825],[39.819616,21.423779],[39.819737,21.423712],[39.82102,21.422308],[39.821255,21.422148],[39.821521,21.422043],[39.8218,21.42196],[39.822147,21.421864],[39.822382,21.421761],[39.822573,21.421647],[39.822791,21.421489],[39.823573,21.420862],[39.823754,21.420759],[39.824375,21.420476],[39.824726,21.420372],[39.825105,21.420284],[39.825955,21.420176],[39.826362,21.420149],[39.826554,21.420136],[39.826763,21.420141],[39.827464,21.420235],[39.828747,21.420466],[39.829051,21.420521],[39.829896,21.420637],[39.830672,21.420741],[39.830929,21.420773],[39.831535,21.420838],[39.83191,21.420945],[39.832039,21.421015],[39.832183,21.421174],[39.832273,21.421282],[39.833266,21.422326],[39.83351,21.422555],[39.833692,21.42261],[39.833898,21.422641],[39.834238,21.422617],[39.834413,21.422597],[39.834643,21.422554],[39.842963,21.421445],[39.843901,21.421349],[39.844575,21.421303],[39.845233,21.42127],[39.846332,21.421259],[39.847368,21.421227],[39.847802,21.421211],[39.848334,21.421188],[39.849191,21.421167],[39.850454,21.421049],[39.851183,21.420947],[39.851521,21.420819],[39.851827,21.42067],[39.852143,21.420443],[39.852385,21.420171],[39.853182,21.4192],[39.853454,21.418683],[39.853662,21.418375],[39.854049,21.41786],[39.854388,21.417419],[39.854815,21.416871],[39.854832,21.41685],[39.855039,21.416754],[39.856199,21.415212],[39.856915,21.414028],[39.857548,21.412983],[39.859613,21.409567],[39.860347,21.408343],[39.861218,21.406891],[39.861848,21.405711],[39.862293,21.404805],[39.862648,21.403944],[39.863146,21.402736],[39.864457,21.399575],[39.864667,21.399101],[39.865353,21.397787],[39.865604,21.397353],[39.865839,21.397027],[39.866002,21.396835],[39.866639,21.39624],[39.867089,21.395886],[39.869109,21.394312],[39.87078,21.393016],[39.871413,21.392421],[39.871914,21.39181],[39.87245,21.39099],[39.872511,21.39085],[39.872815,21.390147],[39.873089,21.389359],[39.873632,21.387748],[39.873794,21.387223],[39.87407,21.386327],[39.874115,21.385744],[39.874141,21.385156],[39.874177,21.384349],[39.87425,21.384097],[39.874324,21.383912],[39.874375,21.383782],[39.875494,21.384124],[39.875621,21.384163],[39.877628,21.384792],[39.877799,21.384845],[39.881188,21.385907],[39.881609,21.386039],[39.883944,21.386745],[39.885585,21.38727],[39.886236,21.387469],[39.888263,21.388099],[39.889419,21.388485],[39.889529,21.388522],[39.890503,21.388827],[39.892548,21.38947],[39.892976,21.389646],[39.893288,21.389775],[39.893949,21.389932],[39.894388,21.390017],[39.894603,21.390012],[39.895011,21.390022],[39.896599,21.389807],[39.897783,21.38963],[39.898315,21.389587],[39.898723,21.389502],[39.898959,21.389404],[39.899363,21.389162],[39.899572,21.388916],[39.899647,21.388823],[39.899738,21.388711],[39.900204,21.388081],[39.90045,21.387688],[39.901347,21.386056],[39.901491,21.385591],[39.901518,21.385428],[39.901502,21.385248],[39.901443,21.385013],[39.901303,21.384842],[39.901105,21.384753],[39.900836,21.384717],[39.900558,21.384773],[39.900375,21.384898],[39.900247,21.385043],[39.900188,21.385198],[39.900166,21.385406],[39.900203,21.385591],[39.900341,21.385945],[39.902134,21.388293],[39.903467,21.39016],[39.904777,21.391926],[39.906077,21.393658],[39.908527,21.39692],[39.90976,21.398562],[39.910401,21.399415],[39.910873,21.399891],[39.911066,21.400051],[39.911393,21.400286],[39.91186,21.40052],[39.912342,21.400695],[39.913266,21.4011],[39.913528,21.401256],[39.913853,21.401385]]}",Admin,a8d362b4-3090-46d4-a937-1a8d863ad798,مشارق المتميزة,16,2026-05-12 14:03:40,2026-05-12 14:03:40
019e1c80-1adf-72d5-8244-fcd7e1904a2c,2,00:00,03:59,فترة ثانية,20,1649,8b2033c0-197e-43d7-935a-c37e5ac86561,تروية,a0bc4dde-a22d-4d68-bf95-75f45d362d66,تقليدي رد,ede61c28-c746-4cfa-a67b-19eb13385d55,مدخل طريق سوق العرب - الدائري الرابع,34c4b471-557a-4460-a525-253c0034a8ff,555,شارع 520,parking,6a81cfb3-9019-4ac5-9f85-353cab5b9895,الاتصالات الجديد,parking,6a81cfb3-9019-4ac5-9f85-353cab5b9895,الاتصالات الجديد,,,residence,شركة ميسان الصفوة الفندقية شخص واحد,camp,18/520,"{""type"":""LineString"",""coordinates"":[[39.873175,21.404447],[39.872689,21.403827],[39.871841,21.404486],[39.872473,21.405289],[39.872804,21.405051],[39.873129,21.404971],[39.873921,21.404413],[39.874476,21.404014],[39.874835,21.403755],[39.875046,21.403601],[39.87569,21.40313],[39.876679,21.402412],[39.87737,21.401909],[39.878002,21.401518],[39.878144,21.401442],[39.878392,21.401307],[39.879401,21.400847],[39.883366,21.399037],[39.884426,21.398552],[39.885932,21.397834],[39.887662,21.397056],[39.89015,21.395924],[39.892381,21.394909],[39.893021,21.394575],[39.893456,21.394283],[39.893609,21.394158],[39.893721,21.394066],[39.894165,21.393702],[39.894773,21.393204],[39.896259,21.391933],[39.897172,21.391133],[39.899133,21.389417],[39.899363,21.389162],[39.899572,21.388916],[39.899647,21.388823],[39.899738,21.388711],[39.900204,21.388081],[39.90045,21.387688],[39.901347,21.386056],[39.901491,21.385591],[39.901518,21.385428],[39.901502,21.385248],[39.901443,21.385013],[39.901303,21.384842],[39.901105,21.384753],[39.900836,21.384717],[39.900558,21.384773],[39.900375,21.384898],[39.900247,21.385043],[39.900188,21.385198],[39.900166,21.385406],[39.900203,21.385591],[39.900341,21.385945],[39.902134,21.388293],[39.903467,21.39016],[39.904777,21.391926],[39.906077,21.393658],[39.908527,21.39692],[39.90976,21.398562],[39.910401,21.399415],[39.910873,21.399891],[39.911066,21.400051],[39.911393,21.400286],[39.91186,21.40052],[39.912342,21.400695],[39.913266,21.4011],[39.913528,21.401256],[39.913652,21.40133],[39.914215,21.401769],[39.914778,21.402318],[39.915143,21.402768],[39.915394,21.403191],[39.915556,21.403522],[39.915706,21.403927],[39.915776,21.404331],[39.915798,21.404596],[39.915776,21.404921],[39.915739,21.40512],[39.915605,21.405525],[39.915444,21.40578],[39.915294,21.405941],[39.91495,21.406279],[39.914693,21.406429],[39.914186,21.406633],[39.9135,21.406632],[39.913094,21.406579],[39.912692,21.406449],[39.91236,21.406242],[39.912191,21.406137],[39.911826,21.405797],[39.911656,21.40556],[39.91149,21.405255],[39.911392,21.404933],[39.911351,21.404636],[39.91134,21.404156],[39.911284,21.403673],[39.911302,21.403357],[39.911257,21.402681],[39.91114,21.402043],[39.910943,21.40119],[39.91068,21.400436],[39.910315,21.39978],[39.909522,21.398673],[39.909249,21.398437]]}",Admin,e207f767-7c33-4dea-8471-e37792f7c72f,يسر المشاعر,212,2026-05-12 14:03:38,2026-05-12 14:03:38
019e1c80-1cd1-719d-9098-57e9e269b6e2,2,00:00,03:59,فترة ثانية,10,1520,8b2033c0-197e-43d7-935a-c37e5ac86561,تروية,48a174b1-0445-44d5-8d15-f6b484620b5d,ترددي,4e968379-67ed-4221-903f-e7351145b578,مدخل الترددي 1 - منى,b4250800-300d-4733-becf-bd58c70ee075,599,شارع 406,bus_warehouse,78d92381-0800-44ed-ad7b-9ff92b62e4b6,ترددي 1,bus_warehouse,78d92381-0800-44ed-ad7b-9ff92b62e4b6,ترددي 1,,,residence,شركة ابراج دانيه الفندقية,camp,11/406,"{""type"":""LineString"",""coordinates"":[[39.839441,21.369379],[39.838848,21.370187],[39.838786,21.370271],[39.838223,21.371032],[39.837619,21.37185],[39.837547,21.371948],[39.836091,21.373931],[39.835895,21.373987],[39.833844,21.3768],[39.831637,21.379826],[39.83034,21.381632],[39.829518,21.382776],[39.829244,21.383137],[39.829189,21.383211],[39.828715,21.383626],[39.828431,21.383911],[39.827708,21.384644],[39.828992,21.384535],[39.829244,21.384519],[39.829855,21.38437],[39.831122,21.383987],[39.831785,21.383827],[39.832342,21.383768],[39.832689,21.383765],[39.833425,21.383788],[39.834009,21.38386],[39.834378,21.383974],[39.834634,21.384054],[39.835276,21.384458],[39.835525,21.384616],[39.835729,21.384746],[39.835976,21.384932],[39.836262,21.385178],[39.838411,21.38745],[39.838733,21.387759],[39.839259,21.388169],[39.839699,21.388429],[39.840246,21.388658],[39.840634,21.388749],[39.841231,21.388838],[39.842264,21.388921],[39.843922,21.389083],[39.845957,21.389246],[39.846384,21.389345],[39.847035,21.389539],[39.847266,21.389645],[39.84768,21.389836],[39.848252,21.390213],[39.848953,21.390805],[39.849588,21.39154],[39.850018,21.392085],[39.850446,21.392585],[39.851391,21.393633],[39.851581,21.393812],[39.851774,21.393938],[39.852046,21.394056],[39.852337,21.394122],[39.85254,21.394143],[39.852726,21.394133],[39.852959,21.394071],[39.853614,21.393779],[39.85405,21.393471],[39.854566,21.393024],[39.855648,21.391708],[39.855996,21.391461],[39.856181,21.391287],[39.856525,21.391018],[39.85717,21.390408],[39.857709,21.389855],[39.858217,21.389318],[39.85912,21.388568],[39.862032,21.385524],[39.863018,21.384644],[39.863957,21.384037],[39.86448,21.383738],[39.865047,21.383474],[39.865891,21.383149],[39.866999,21.382837],[39.867992,21.382698],[39.868715,21.382637],[39.869226,21.382632],[39.870011,21.382663],[39.870534,21.38271],[39.871031,21.382805],[39.872226,21.383094],[39.872622,21.383189],[39.87341,21.383495],[39.874256,21.383747],[39.874375,21.383782],[39.875494,21.384124],[39.875621,21.384163],[39.877628,21.384792],[39.877799,21.384845],[39.881188,21.385907],[39.881609,21.386039],[39.883944,21.386745],[39.885585,21.38727],[39.886236,21.387469],[39.888263,21.388099],[39.889419,21.388485],[39.889529,21.388522],[39.890503,21.388827],[39.892548,21.38947],[39.892976,21.389646],[39.893288,21.389775],[39.893949,21.389932],[39.894388,21.390017],[39.894603,21.390012],[39.895011,21.390022],[39.896599,21.389807],[39.897783,21.38963],[39.898315,21.389587],[39.898723,21.389502],[39.898959,21.389404],[39.899363,21.389162],[39.899572,21.388916],[39.899647,21.388823],[39.899738,21.388711],[39.900204,21.388081],[39.90045,21.387688],[39.901347,21.386056],[39.901491,21.385591],[39.901518,21.385428],[39.901502,21.385248],[39.901443,21.385013],[39.901303,21.384842],[39.901105,21.384753],[39.900836,21.384717],[39.900558,21.384773],[39.900375,21.384898],[39.900247,21.385043],[39.900188,21.385198],[39.900166,21.385406],[39.900203,21.385591],[39.900341,21.385945],[39.902134,21.388293],[39.903467,21.39016],[39.904777,21.391926],[39.906077,21.393658],[39.908527,21.39692],[39.90976,21.398562],[39.910401,21.399415],[39.911031,21.400316],[39.911549,21.401261],[39.911872,21.402078],[39.912199,21.403295],[39.912263,21.404103],[39.912291,21.404463],[39.912243,21.40527],[39.912039,21.406224],[39.911342,21.40799],[39.91131,21.408071],[39.911269,21.408174],[39.910998,21.408861],[39.910953,21.408975]]}",Admin,15cdb671-1ca2-46ab-a42b-3c9793ab98da,مناسك المشاعر,1,2026-05-12 14:03:38,2026-05-12 14:03:38
019e1c80-1dc3-71e4-9401-6e7ef43adb8c,1,20:00,23:59,فترة اولى,15,3556,8b2033c0-197e-43d7-935a-c37e5ac86561,تروية,a0bc4dde-a22d-4d68-bf95-75f45d362d66,تقليدي رد,ede61c28-c746-4cfa-a67b-19eb13385d55,مدخل طريق سوق العرب - الدائري الرابع,eaa98651-90fc-401f-8536-5e3ce93413b6,609,شارع 522,parking,0dbf5e64-c219-4b75-8580-feb1d03a42ea,150-83,parking,0dbf5e64-c219-4b75-8580-feb1d03a42ea,150-83,,,residence,شركة سما الشعائر لتشغيل الفنادق,camp,12/522,"{""type"":""LineString"",""coordinates"":[[39.857565,21.439187],[39.857592,21.43973],[39.857626,21.440336],[39.857642,21.440684],[39.857663,21.440753],[39.857837,21.441325],[39.857946,21.441498],[39.858185,21.441877],[39.858845,21.443027],[39.858996,21.443241],[39.859553,21.444105],[39.859698,21.444287],[39.86018,21.444895],[39.860947,21.445822],[39.862737,21.447975],[39.864304,21.449796],[39.865196,21.450778],[39.865728,21.451285],[39.866387,21.451797],[39.866866,21.452109],[39.867317,21.452397],[39.867782,21.452646],[39.86814,21.452819],[39.868655,21.453054],[39.869473,21.453356],[39.869862,21.453518],[39.870781,21.453746],[39.875985,21.45484],[39.877029,21.455181],[39.877947,21.455643],[39.880643,21.457552],[39.880992,21.457745],[39.881633,21.458099],[39.883265,21.458741],[39.884219,21.459124],[39.884635,21.45929],[39.885551,21.459563],[39.885867,21.459657],[39.886812,21.459879],[39.887736,21.459902],[39.888228,21.459886],[39.889004,21.459835],[39.889691,21.459763],[39.890504,21.459632],[39.891212,21.459457],[39.891896,21.45921],[39.893023,21.458744],[39.893574,21.458563],[39.894874,21.458052],[39.895475,21.457709],[39.895842,21.457417],[39.896222,21.457028],[39.896445,21.456687],[39.896869,21.455477],[39.896905,21.455364],[39.897496,21.453317],[39.897974,21.452359],[39.89981,21.446587],[39.90052,21.444304],[39.902869,21.436598],[39.905729,21.427492],[39.907338,21.422403],[39.907834,21.420764],[39.908039,21.419927],[39.908217,21.419027],[39.908796,21.415399],[39.909448,21.412381],[39.909801,21.410742],[39.910417,21.407867],[39.910744,21.406484],[39.91107,21.404995],[39.911263,21.404045],[39.911284,21.403673],[39.911302,21.403357],[39.911257,21.402681],[39.91114,21.402043],[39.910943,21.40119],[39.91068,21.400436],[39.910315,21.39978],[39.909522,21.398673],[39.909249,21.398437]]}",Admin,ea02e91c-9d45-4e5e-bfaa-171414ea3345,هوليدي ان بكة,9,2026-05-12 14:03:38,2026-05-12 14:03:38
019e1c80-1bdb-7064-b63a-564a3f52e406,2,00:00,03:59,فترة ثانية,15,3148,8b2033c0-197e-43d7-935a-c37e5ac86561,تروية,a0bc4dde-a22d-4d68-bf95-75f45d362d66,تقليدي رد,ede61c28-c746-4cfa-a67b-19eb13385d55,مدخل طريق سوق العرب - الدائري الرابع,d0d2449e-50ff-4d4b-a5e1-d302983cccae,346,شارع 522,parking,6a81cfb3-9019-4ac5-9f85-353cab5b9895,الاتصالات الجديد,parking,6a81cfb3-9019-4ac5-9f85-353cab5b9895,الاتصالات الجديد,,,residence,شركة سما الشعائر لتشغيل الفنادق,camp,16/522,"{""type"":""LineString"",""coordinates"":[[39.857565,21.439187],[39.857592,21.43973],[39.857626,21.440336],[39.857642,21.440684],[39.857663,21.440753],[39.857837,21.441325],[39.857946,21.441498],[39.858185,21.441877],[39.858845,21.443027],[39.858996,21.443241],[39.859553,21.444105],[39.859698,21.444287],[39.86018,21.444895],[39.860947,21.445822],[39.862737,21.447975],[39.864304,21.449796],[39.865196,21.450778],[39.865728,21.451285],[39.866387,21.451797],[39.866866,21.452109],[39.867317,21.452397],[39.867782,21.452646],[39.86814,21.452819],[39.868655,21.453054],[39.869473,21.453356],[39.869862,21.453518],[39.870781,21.453746],[39.875985,21.45484],[39.877029,21.455181],[39.877947,21.455643],[39.880643,21.457552],[39.880992,21.457745],[39.881633,21.458099],[39.883265,21.458741],[39.884219,21.459124],[39.884635,21.45929],[39.885551,21.459563],[39.885867,21.459657],[39.886812,21.459879],[39.887736,21.459902],[39.888228,21.459886],[39.889004,21.459835],[39.889691,21.459763],[39.890504,21.459632],[39.891212,21.459457],[39.891896,21.45921],[39.893023,21.458744],[39.893574,21.458563],[39.894874,21.458052],[39.895475,21.457709],[39.895842,21.457417],[39.896222,21.457028],[39.896445,21.456687],[39.896869,21.455477],[39.896905,21.455364],[39.897496,21.453317],[39.897974,21.452359],[39.89981,21.446587],[39.90052,21.444304],[39.902869,21.436598],[39.905729,21.427492],[39.907338,21.422403],[39.907834,21.420764],[39.908039,21.419927],[39.908217,21.419027],[39.908796,21.415399],[39.909448,21.412381],[39.909801,21.410742],[39.910417,21.407867],[39.910744,21.406484],[39.91107,21.404995],[39.911263,21.404045],[39.911284,21.403673],[39.911302,21.403357],[39.911257,21.402681],[39.91114,21.402043],[39.910943,21.40119],[39.91068,21.400436],[39.910315,21.39978],[39.909522,21.398673],[39.909249,21.398437]]}",Admin,e207f767-7c33-4dea-8471-e37792f7c72f,يسر المشاعر,210,2026-05-12 14:03:38,2026-05-12 14:03:38
019e1c80-1817-729f-a209-6ee61eaf86f1,2,00:00,03:59,فترة ثانية,15,1828,8b2033c0-197e-43d7-935a-c37e5ac86561,تروية,9fc47c58-d9e9-45e0-9d66-6da9f5c4fc85,قطار,ede61c28-c746-4cfa-a67b-19eb13385d55,مدخل طريق سوق العرب - الدائري الرابع,1c68a166-0a4a-4eb0-8fa0-081cf516a78c,364,شارع 513,parking,4b152c54-b526-49fb-86d9-409334589cfb,الاسناد القطار,parking,4b152c54-b526-49fb-86d9-409334589cfb,الاسناد القطار,,,residence,شركة الريان الضيافة لأدارة وتشغيل الفنادق,camp,10/513,"{""type"":""LineString"",""coordinates"":[[39.819773,21.410543],[39.819822,21.410525],[39.820077,21.410459],[39.820222,21.410369],[39.819669,21.409688],[39.819439,21.409363],[39.819021,21.408774],[39.818886,21.408507],[39.818562,21.407708],[39.818318,21.406938],[39.818085,21.40631],[39.818053,21.406222],[39.817775,21.405591],[39.817692,21.405402],[39.817421,21.404903],[39.816851,21.404052],[39.816089,21.403054],[39.816014,21.40295],[39.81613,21.402883],[39.816561,21.402631],[39.81733,21.402295],[39.819773,21.401398],[39.819919,21.401331],[39.8204,21.401034],[39.821916,21.399889],[39.823429,21.398723],[39.82413,21.398203],[39.824494,21.397912],[39.825012,21.397538],[39.825231,21.397408],[39.825791,21.39727],[39.825726,21.395513],[39.82572,21.395364],[39.825694,21.393973],[39.825632,21.391763],[39.825569,21.39041],[39.825426,21.388622],[39.825407,21.388044],[39.825496,21.387593],[39.825749,21.386994],[39.825806,21.38686],[39.826226,21.386186],[39.826372,21.385951],[39.826832,21.385414],[39.827396,21.384783],[39.827497,21.38467],[39.827708,21.384644],[39.828992,21.384535],[39.829244,21.384519],[39.829855,21.38437],[39.831122,21.383987],[39.831785,21.383827],[39.832342,21.383768],[39.832689,21.383765],[39.833425,21.383788],[39.834009,21.38386],[39.834378,21.383974],[39.834634,21.384054],[39.835276,21.384458],[39.835525,21.384616],[39.835729,21.384746],[39.835976,21.384932],[39.836262,21.385178],[39.838411,21.38745],[39.838733,21.387759],[39.839259,21.388169],[39.839699,21.388429],[39.840246,21.388658],[39.840634,21.388749],[39.841231,21.388838],[39.842264,21.388921],[39.843922,21.389083],[39.845957,21.389246],[39.846384,21.389345],[39.847035,21.389539],[39.847266,21.389645],[39.84768,21.389836],[39.848252,21.390213],[39.848953,21.390805],[39.849588,21.39154],[39.850018,21.392085],[39.850446,21.392585],[39.851391,21.393633],[39.851581,21.393812],[39.851774,21.393938],[39.852046,21.394056],[39.852337,21.394122],[39.85254,21.394143],[39.852726,21.394133],[39.852959,21.394071],[39.853614,21.393779],[39.85405,21.393471],[39.854566,21.393024],[39.855648,21.391708],[39.855996,21.391461],[39.856181,21.391287],[39.856525,21.391018],[39.85717,21.390408],[39.857709,21.389855],[39.858217,21.389318],[39.85912,21.388568],[39.862032,21.385524],[39.863018,21.384644],[39.863957,21.384037],[39.86448,21.383738],[39.865047,21.383474],[39.865891,21.383149],[39.866999,21.382837],[39.867992,21.382698],[39.868715,21.382637],[39.869226,21.382632],[39.870011,21.382663],[39.870534,21.38271],[39.871031,21.382805],[39.872226,21.383094],[39.872622,21.383189],[39.87341,21.383495],[39.874256,21.383747],[39.874375,21.383782],[39.875494,21.384124],[39.875621,21.384163],[39.877628,21.384792],[39.877799,21.384845],[39.881188,21.385907],[39.881609,21.386039],[39.883944,21.386745],[39.885585,21.38727],[39.886236,21.387469],[39.888263,21.388099],[39.889419,21.388485],[39.889529,21.388522],[39.890503,21.388827],[39.892548,21.38947],[39.892976,21.389646],[39.893288,21.389775],[39.893949,21.389932],[39.894388,21.390017],[39.894603,21.390012],[39.895011,21.390022],[39.896599,21.389807],[39.897783,21.38963],[39.898315,21.389587],[39.898723,21.389502],[39.898959,21.389404],[39.899363,21.389162],[39.899572,21.388916],[39.899647,21.388823],[39.899738,21.388711],[39.900204,21.388081],[39.90045,21.387688],[39.901347,21.386056],[39.901491,21.385591],[39.901518,21.385428],[39.901502,21.385248],[39.901443,21.385013],[39.901303,21.384842],[39.901105,21.384753],[39.900836,21.384717],[39.900558,21.384773],[39.900375,21.384898],[39.900247,21.385043],[39.900188,21.385198],[39.900166,21.385406],[39.900203,21.385591],[39.900341,21.385945],[39.902134,21.388293],[39.903467,21.39016],[39.904777,21.391926],[39.906077,21.393658],[39.908527,21.39692],[39.90976,21.398562],[39.910401,21.399415],[39.910873,21.399891],[39.911066,21.400051],[39.911393,21.400286],[39.91186,21.40052],[39.912342,21.400695],[39.913266,21.4011],[39.913528,21.401256],[39.913652,21.40133],[39.914215,21.401769],[39.914778,21.402318],[39.915143,21.402768],[39.915394,21.403191],[39.915556,21.403522],[39.915706,21.403927],[39.915776,21.404331],[39.915798,21.404596],[39.915776,21.404921],[39.915739,21.40512],[39.915605,21.405525],[39.915444,21.40578],[39.915294,21.405941],[39.91495,21.406279],[39.914693,21.406429],[39.914186,21.406633],[39.9135,21.406632],[39.913094,21.406579],[39.912692,21.406449],[39.91236,21.406242],[39.912191,21.406137],[39.911826,21.405797],[39.911656,21.40556],[39.91149,21.405255],[39.911392,21.404933],[39.911351,21.404636],[39.91134,21.404156],[39.911284,21.403673],[39.911302,21.403357],[39.911257,21.402681],[39.91114,21.402043],[39.910943,21.40119],[39.91068,21.400436],[39.910315,21.39978],[39.909522,21.398673],[39.909249,21.398437]]}",Admin,e207f767-7c33-4dea-8471-e37792f7c72f,يسر المشاعر,133,2026-05-12 14:03:37,2026-05-12 14:03:37
019e1c80-1379-72de-970b-cd6d5a26e264,1,20:00,23:59,فترة اولى,10,1315,8b2033c0-197e-43d7-935a-c37e5ac86561,تروية,a0bc4dde-a22d-4d68-bf95-75f45d362d66,تقليدي رد,c9b6a08b-9db3-4cc8-bfba-162d2ee1544f,مدخل طريق الملك عبدالله - العزيزية,0da9b04c-827b-482f-b2a8-71a6e3546282,495,شارع 502,parking,6a81cfb3-9019-4ac5-9f85-353cab5b9895,الاتصالات الجديد,parking,6a81cfb3-9019-4ac5-9f85-353cab5b9895,الاتصالات الجديد,,,residence,شركة بلورة الدرة للخدمات الفندقيه,camp,6/502,"{""type"":""LineString"",""coordinates"":[[39.821757,21.414235],[39.821773,21.414813],[39.822161,21.41501],[39.822246,21.41511],[39.822307,21.415127],[39.822575,21.415058],[39.822375,21.414442],[39.821984,21.41363],[39.821965,21.413339],[39.82194,21.413279],[39.821811,21.412978],[39.821689,21.412677],[39.821415,21.412278],[39.821074,21.411474],[39.82098,21.411311],[39.820796,21.411053],[39.820984,21.411131],[39.821133,21.411136],[39.823693,21.411142],[39.824304,21.411081],[39.824887,21.411008],[39.825389,21.410965],[39.826113,21.4109],[39.826641,21.410897],[39.827167,21.410943],[39.827684,21.411038],[39.82819,21.41118],[39.828677,21.411368],[39.829042,21.411506],[39.829162,21.411558],[39.829086,21.411794],[39.828953,21.412001],[39.828732,21.412233],[39.828396,21.412501],[39.828167,21.412734],[39.828138,21.412813],[39.828092,21.413063],[39.827963,21.413896],[39.82782,21.414639],[39.827706,21.415078],[39.827692,21.415205],[39.827674,21.415692],[39.828007,21.41679],[39.828076,21.417017],[39.8285,21.416933],[39.828573,21.416917],[39.828798,21.416844],[39.829045,21.416713],[39.829337,21.416677],[39.829786,21.416694],[39.830732,21.416554],[39.831377,21.416384],[39.831718,21.416278],[39.832033,21.416152],[39.838227,21.412896],[39.838921,21.412402],[39.83955,21.411899],[39.840154,21.41138],[39.841104,21.4104],[39.841448,21.41001],[39.842328,21.408941],[39.842812,21.408322],[39.84304,21.40803],[39.846588,21.403952],[39.84699,21.403319],[39.847287,21.402708],[39.847522,21.401979],[39.847675,21.400866],[39.847757,21.400379],[39.847936,21.398697],[39.848087,21.398091],[39.848194,21.397813],[39.848526,21.397184],[39.848715,21.396921],[39.848992,21.396578],[39.849437,21.396111],[39.849685,21.395914],[39.849987,21.395705],[39.850241,21.39555],[39.850696,21.395318],[39.851103,21.395121],[39.852866,21.39428],[39.85336,21.394031],[39.853855,21.39375],[39.854267,21.393467],[39.85464,21.393184],[39.854897,21.39296],[39.855798,21.391964],[39.856536,21.391178],[39.85912,21.388568],[39.862032,21.385524],[39.863018,21.384644],[39.863957,21.384037],[39.86448,21.383738],[39.865047,21.383474],[39.865891,21.383149],[39.866999,21.382837],[39.867992,21.382698],[39.868715,21.382637],[39.869226,21.382632],[39.870011,21.382663],[39.870534,21.38271],[39.871031,21.382805],[39.872226,21.383094],[39.872622,21.383189],[39.87341,21.383495],[39.874256,21.383747],[39.874375,21.383782],[39.875494,21.384124],[39.875621,21.384163],[39.877628,21.384792],[39.877799,21.384845],[39.881188,21.385907],[39.881609,21.386039],[39.883944,21.386745],[39.885585,21.38727],[39.885492,21.387397],[39.885337,21.387606],[39.885146,21.387815],[39.884401,21.388374],[39.884161,21.388603],[39.883976,21.388805],[39.883784,21.389073],[39.883661,21.389262],[39.883397,21.389747],[39.883264,21.390239],[39.883217,21.390412],[39.883086,21.391198],[39.883009,21.391761],[39.883004,21.392121],[39.883034,21.392971],[39.883076,21.393244],[39.88309,21.39336],[39.883151,21.393861],[39.883281,21.394359],[39.883387,21.394766],[39.883451,21.394994],[39.883531,21.39521]]}",Admin,e207f767-7c33-4dea-8471-e37792f7c72f,يسر المشاعر,120,2026-05-12 14:03:36,2026-05-12 14:03:36
019e1c80-168f-7092-b026-e2d64390cf4e,2,00:00,03:59,فترة ثانية,10,671,8b2033c0-197e-43d7-935a-c37e5ac86561,تروية,a0bc4dde-a22d-4d68-bf95-75f45d362d66,تقليدي رد,ba2f406d-8d95-4830-b635-1ba0d2d6825b,مدخل انفاق الجمرات سوق العرب - شارح الحج,0875d6e4-1337-483c-8540-637a5d0733a1,102,شارع 116,parking,7cd11b31-ed19-4e26-ba8c-765318bd0a7c,100-83,parking,7cd11b31-ed19-4e26-ba8c-765318bd0a7c,100-83,,,residence,شركة أبراج ساره للاستثمار العقاري فندق مكةسويس اوتيل,camp,3/116,"{""type"":""LineString"",""coordinates"":[[39.827229,21.418123],[39.827122,21.417994],[39.826763,21.417768],[39.826241,21.417593],[39.825747,21.417536],[39.825184,21.417559],[39.824712,21.417677],[39.824252,21.417919],[39.823772,21.41833],[39.823528,21.418509],[39.823221,21.418639],[39.822601,21.418721],[39.820049,21.419168],[39.819719,21.419234],[39.819454,21.419286],[39.818712,21.419458],[39.818235,21.419644],[39.817971,21.419795],[39.817705,21.420003],[39.817512,21.420198],[39.8173,21.420479],[39.81702,21.421057],[39.816943,21.421348],[39.816883,21.421671],[39.816872,21.421817],[39.816848,21.422236],[39.816857,21.422544],[39.816918,21.422881],[39.817028,21.42323],[39.81718,21.423613],[39.817446,21.424194],[39.817768,21.424951],[39.818013,21.425398],[39.818773,21.426295],[39.819143,21.426635],[39.819449,21.426867],[39.819925,21.427143],[39.820211,21.427254],[39.820308,21.427292],[39.821109,21.427502],[39.821755,21.427626],[39.82194,21.427667],[39.823144,21.427898],[39.825377,21.428173],[39.826502,21.428168],[39.827094,21.428112],[39.827734,21.427987],[39.82828,21.427817],[39.828425,21.427758],[39.829059,21.427452],[39.829362,21.427269],[39.829849,21.426937],[39.830432,21.426457],[39.831018,21.425964],[39.831483,21.425463],[39.83168,21.425154],[39.831926,21.42471],[39.832105,21.424267],[39.832678,21.422668],[39.832908,21.422197],[39.832979,21.421954],[39.832995,21.421726],[39.832968,21.421278],[39.832927,21.421034],[39.83283,21.420727],[39.832731,21.420605],[39.832651,21.420538],[39.832563,21.420499],[39.832476,21.4205],[39.832374,21.420535],[39.832201,21.420861],[39.832172,21.420967],[39.832168,21.421079],[39.832183,21.421174],[39.832273,21.421282],[39.833266,21.422326],[39.83351,21.422555],[39.833692,21.42261],[39.833898,21.422641],[39.834238,21.422617],[39.834413,21.422597],[39.834643,21.422554],[39.842963,21.421445],[39.843901,21.421349],[39.844575,21.421303],[39.845233,21.42127],[39.846332,21.421259],[39.847368,21.421227],[39.847802,21.421211],[39.848334,21.421188],[39.849191,21.421167],[39.849903,21.421197],[39.850629,21.421152],[39.851006,21.421128],[39.851405,21.421135],[39.851909,21.421159],[39.852663,21.421236],[39.853675,21.421372],[39.853827,21.421398],[39.854582,21.421552],[39.855431,21.421768],[39.855511,21.421746],[39.855594,21.421691],[39.855678,21.42158],[39.855908,21.421131],[39.856068,21.420848],[39.856184,21.420716],[39.856355,21.420575],[39.856586,21.42047],[39.85678,21.420421],[39.856978,21.420407],[39.857156,21.420414],[39.857313,21.420394],[39.857462,21.420392],[39.857587,21.420266],[39.858297,21.419511],[39.858366,21.419438],[39.85849,21.419535],[39.858425,21.419606],[39.857239,21.420905],[39.856901,21.421274],[39.856712,21.421565],[39.856603,21.42185],[39.856519,21.422144],[39.856517,21.422425],[39.856545,21.422718],[39.856787,21.424362],[39.856946,21.42544],[39.856991,21.426045],[39.856939,21.426436],[39.856821,21.426768],[39.856625,21.427119],[39.856469,21.427339],[39.857012,21.427373],[39.857324,21.427516],[39.857616,21.427768],[39.857803,21.427942],[39.858208,21.42766],[39.858477,21.42751],[39.858578,21.427456],[39.858688,21.427398],[39.859321,21.427186],[39.860025,21.426955],[39.860749,21.426769],[39.861713,21.426532],[39.862247,21.426366],[39.862485,21.426326],[39.862678,21.426294],[39.862756,21.426283]]}",Admin,e207f767-7c33-4dea-8471-e37792f7c72f,يسر المشاعر,311,2026-05-12 14:03:36,2026-05-12 14:03:36
019e1c80-1488-71c1-8b0a-af3c3131d5d2,1,20:00,23:59,فترة اولى,10,1678,8b2033c0-197e-43d7-935a-c37e5ac86561,تروية,9fc47c58-d9e9-45e0-9d66-6da9f5c4fc85,قطار,ede61c28-c746-4cfa-a67b-19eb13385d55,مدخل طريق سوق العرب - الدائري الرابع,0e5b0dc1-4958-4edf-a1bc-71d52a77b9a7,375,شارع 508,parking,4b152c54-b526-49fb-86d9-409334589cfb,الاسناد القطار,parking,4b152c54-b526-49fb-86d9-409334589cfb,الاسناد القطار,,,residence,شركة إيلاف للاستثمار الدولي,camp,3/508,"{""type"":""LineString"",""coordinates"":[[39.831413,21.420825],[39.831535,21.420838],[39.83191,21.420945],[39.832039,21.421015],[39.832183,21.421174],[39.832273,21.421282],[39.833266,21.422326],[39.83351,21.422555],[39.833692,21.42261],[39.833898,21.422641],[39.834238,21.422617],[39.834413,21.422597],[39.834643,21.422554],[39.842963,21.421445],[39.843901,21.421349],[39.844575,21.421303],[39.845233,21.42127],[39.846332,21.421259],[39.847368,21.421227],[39.847802,21.421211],[39.848334,21.421188],[39.849191,21.421167],[39.850454,21.421049],[39.851183,21.420947],[39.851521,21.420819],[39.851827,21.42067],[39.852143,21.420443],[39.852385,21.420171],[39.853182,21.4192],[39.853454,21.418683],[39.853662,21.418375],[39.854049,21.41786],[39.854388,21.417419],[39.854815,21.416871],[39.854832,21.41685],[39.855039,21.416754],[39.856199,21.415212],[39.856915,21.414028],[39.857548,21.412983],[39.859613,21.409567],[39.860347,21.408343],[39.861218,21.406891],[39.861848,21.405711],[39.862293,21.404805],[39.862648,21.403944],[39.863146,21.402736],[39.864457,21.399575],[39.864667,21.399101],[39.865353,21.397787],[39.865604,21.397353],[39.865839,21.397027],[39.866002,21.396835],[39.866639,21.39624],[39.867089,21.395886],[39.869109,21.394312],[39.87078,21.393016],[39.871413,21.392421],[39.871914,21.39181],[39.87245,21.39099],[39.872511,21.39085],[39.872815,21.390147],[39.873089,21.389359],[39.873632,21.387748],[39.873794,21.387223],[39.87407,21.386327],[39.874115,21.385744],[39.874141,21.385156],[39.874177,21.384349],[39.87425,21.384097],[39.874324,21.383912],[39.874375,21.383782],[39.875494,21.384124],[39.875621,21.384163],[39.877628,21.384792],[39.877799,21.384845],[39.881188,21.385907],[39.881609,21.386039],[39.883944,21.386745],[39.885585,21.38727],[39.886236,21.387469],[39.888263,21.388099],[39.889419,21.388485],[39.889529,21.388522],[39.890503,21.388827],[39.892548,21.38947],[39.892976,21.389646],[39.893288,21.389775],[39.893949,21.389932],[39.894388,21.390017],[39.894603,21.390012],[39.895011,21.390022],[39.896599,21.389807],[39.897783,21.38963],[39.898315,21.389587],[39.898723,21.389502],[39.898959,21.389404],[39.899363,21.389162],[39.899572,21.388916],[39.899647,21.388823],[39.899738,21.388711],[39.900204,21.388081],[39.90045,21.387688],[39.901347,21.386056],[39.901491,21.385591],[39.901518,21.385428],[39.901502,21.385248],[39.901443,21.385013],[39.901303,21.384842],[39.901105,21.384753],[39.900836,21.384717],[39.900558,21.384773],[39.900375,21.384898],[39.900247,21.385043],[39.900188,21.385198],[39.900166,21.385406],[39.900203,21.385591],[39.900341,21.385945],[39.902134,21.388293],[39.903467,21.39016],[39.904777,21.391926],[39.906077,21.393658],[39.908527,21.39692],[39.90976,21.398562],[39.910401,21.399415],[39.910873,21.399891],[39.911066,21.400051],[39.911393,21.400286],[39.91186,21.40052],[39.912342,21.400695],[39.913266,21.4011],[39.913528,21.401256],[39.913652,21.40133],[39.914215,21.401769],[39.914778,21.402318],[39.915143,21.402768],[39.915394,21.403191],[39.915556,21.403522],[39.915706,21.403927],[39.915776,21.404331],[39.915798,21.404596],[39.915776,21.404921],[39.915739,21.40512],[39.915605,21.405525],[39.915444,21.40578],[39.915294,21.405941],[39.91495,21.406279],[39.914693,21.406429],[39.914186,21.406633],[39.9135,21.406632],[39.913094,21.406579],[39.912692,21.406449],[39.91236,21.406242],[39.912191,21.406137],[39.911826,21.405797],[39.911656,21.40556],[39.91149,21.405255],[39.911392,21.404933],[39.911351,21.404636],[39.91134,21.404156],[39.911284,21.403673],[39.911302,21.403357],[39.911257,21.402681],[39.91114,21.402043],[39.910943,21.40119],[39.91068,21.400436],[39.910315,21.39978],[39.909522,21.398673],[39.909249,21.398437]]}",Admin,e207f767-7c33-4dea-8471-e37792f7c72f,يسر المشاعر,130,2026-05-12 14:03:36,2026-05-12 14:03:36
019e1c80-0f0d-729d-bbaa-a4ca05f7512b,2,00:00,03:59,فترة ثانية,4,2115,7504385f-e792-41a8-8326-21854caef7e1,تصعيد مباشر,a0bc4dde-a22d-4d68-bf95-75f45d362d66,تقليدي رد,d0aad3cb-67f5-4d3a-b28f-f748f9857466,مدخل كوبري الجامعة الأول,,,,parking,6a81cfb3-9019-4ac5-9f85-353cab5b9895,الاتصالات الجديد,parking,6a81cfb3-9019-4ac5-9f85-353cab5b9895,الاتصالات الجديد,,,residence,شركة رومانس ايليت الفندقية,camp,E/206,"{""type"":""LineString"",""coordinates"":[[39.820243,21.436905],[39.820411,21.437086],[39.821169,21.437782],[39.821229,21.437838],[39.821304,21.437906],[39.821649,21.438085],[39.821945,21.43819],[39.822398,21.43803],[39.823357,21.437517],[39.824015,21.437233],[39.824762,21.436936],[39.824987,21.436863],[39.825807,21.436664],[39.826307,21.436516],[39.826546,21.436387],[39.826789,21.436219],[39.827367,21.43594],[39.828227,21.435483],[39.829782,21.43488],[39.830042,21.434874],[39.83035,21.43491],[39.830614,21.434997],[39.83094,21.435188],[39.83117,21.435431],[39.831333,21.435654],[39.831389,21.435841],[39.831582,21.436666],[39.831828,21.437183],[39.832105,21.437477],[39.832876,21.438218],[39.833056,21.438369],[39.833477,21.438676],[39.83449,21.439608],[39.834725,21.439775],[39.835097,21.439958],[39.835535,21.440036],[39.835633,21.44003],[39.83587,21.440014],[39.83608,21.440017],[39.836335,21.439992],[39.836481,21.439992],[39.836576,21.439992],[39.837051,21.440007],[39.837648,21.440052],[39.838387,21.440111],[39.839121,21.440179],[39.839382,21.440225],[39.839586,21.440253],[39.839726,21.440136],[39.839995,21.440144],[39.84073,21.440204],[39.841507,21.440225],[39.842136,21.44021],[39.842528,21.440174],[39.842553,21.440275],[39.843757,21.440068],[39.843993,21.440025],[39.844215,21.439994],[39.844874,21.439736],[39.845132,21.439535],[39.846352,21.438582],[39.846581,21.43837],[39.847095,21.437365],[39.847655,21.436002],[39.847933,21.435353],[39.848006,21.435183],[39.847978,21.435106],[39.847985,21.435016],[39.84803,21.434839],[39.848269,21.4343],[39.84845,21.433836],[39.848684,21.433337],[39.848946,21.432952],[39.849222,21.432644],[39.849447,21.43246],[39.849924,21.432152],[39.850223,21.432009],[39.850569,21.431846],[39.85127,21.431556],[39.851797,21.431288],[39.852096,21.431109],[39.85236,21.430894],[39.853159,21.430049],[39.853339,21.429859],[39.853562,21.429624],[39.853914,21.429253],[39.854323,21.428883],[39.854714,21.428543],[39.855154,21.42816],[39.855576,21.427793],[39.856134,21.427285],[39.856323,21.427072],[39.856561,21.426867],[39.856717,21.426548],[39.856807,21.426235],[39.856788,21.425604],[39.856715,21.425078],[39.856499,21.424808],[39.856109,21.424393],[39.855922,21.424132],[39.855621,21.423432],[39.855501,21.423086],[39.85547,21.422895],[39.855464,21.4227],[39.855572,21.421658],[39.855664,21.421465],[39.855726,21.421199],[39.855722,21.42109],[39.855666,21.420944],[39.855526,21.420785],[39.855253,21.42039],[39.854591,21.419346],[39.85444,21.419133],[39.85425,21.418837],[39.854149,21.418744],[39.85392,21.418589],[39.853838,21.41854],[39.853712,21.418472],[39.85381,21.418326],[39.854136,21.417924],[39.854526,21.41742],[39.855039,21.416754],[39.856199,21.415212],[39.856915,21.414028],[39.857548,21.412983],[39.859613,21.409567],[39.860347,21.408343],[39.861218,21.406891],[39.861848,21.405711],[39.862293,21.404805],[39.862648,21.403944],[39.863146,21.402736],[39.864457,21.399575],[39.864667,21.399101],[39.865353,21.397787],[39.865604,21.397353],[39.865839,21.397027],[39.866002,21.396835],[39.866639,21.39624],[39.867089,21.395886],[39.869109,21.394312],[39.87078,21.393016],[39.871413,21.392421],[39.871914,21.39181],[39.87245,21.39099],[39.872511,21.39085],[39.872815,21.390147],[39.873089,21.389359],[39.873632,21.387748],[39.873794,21.387223],[39.87407,21.386327],[39.874115,21.385744],[39.874141,21.385156],[39.874177,21.384349],[39.87425,21.384097],[39.874324,21.383912],[39.874375,21.383782],[39.874437,21.383626],[39.874595,21.38331],[39.875371,21.382077],[39.875662,21.381409],[39.876101,21.380031],[39.876323,21.379335],[39.8766,21.378625],[39.877126,21.377522],[39.877382,21.377085],[39.877918,21.376235],[39.878397,21.375597],[39.8791,21.374778],[39.879549,21.374304],[39.881444,21.372524],[39.884584,21.369598],[39.887345,21.367023],[39.887787,21.36661],[39.88903,21.36547],[39.889534,21.365032],[39.889791,21.364841],[39.890108,21.364606],[39.890639,21.364255],[39.891133,21.363963],[39.89165,21.363711],[39.892267,21.36344],[39.892905,21.363223],[39.893615,21.363005],[39.897739,21.36211],[39.903536,21.360873],[39.905747,21.360402],[39.910416,21.359406],[39.911788,21.359117],[39.915884,21.358237],[39.916797,21.358039],[39.920311,21.357266],[39.921042,21.357066],[39.921786,21.356842],[39.92239,21.356633],[39.923446,21.35619],[39.923949,21.35594],[39.924421,21.355687],[39.924993,21.355346],[39.925665,21.354893],[39.926158,21.354515],[39.926545,21.354193],[39.927508,21.353327],[39.935967,21.344532],[39.939563,21.340882],[39.94074,21.339918],[39.941519,21.339279],[39.943207,21.338116],[39.943803,21.337713],[39.945973,21.336504],[39.946625,21.336189],[39.946997,21.335912],[39.94708,21.335789],[39.947107,21.335677],[39.947115,21.335547],[39.947062,21.335392],[39.946933,21.33522],[39.946726,21.335112],[39.946541,21.335092],[39.946345,21.335152],[39.946222,21.335232],[39.946115,21.335362],[39.946075,21.335527],[39.946067,21.335644],[39.946238,21.336098],[39.946449,21.336438]]}",Admin,7ef8e119-d4ed-42a5-9110-d77db1a7e856,ابراج شركة مكه,2,2026-05-12 14:03:35,2026-05-12 14:03:35
019e1c80-11ac-739f-98a9-dcb10ee4e07f,2,00:00,03:59,فترة ثانية,10,400,7504385f-e792-41a8-8326-21854caef7e1,تصعيد مباشر,a0bc4dde-a22d-4d68-bf95-75f45d362d66,تقليدي رد,d0aad3cb-67f5-4d3a-b28f-f748f9857466,مدخل كوبري الجامعة الأول,,,,parking,e60dbe00-c3b1-4604-83ee-a2095b636e83,حجاج البر,parking,e60dbe00-c3b1-4604-83ee-a2095b636e83,حجاج البر,,,residence,شركة برج هاجر العقارية المحدودة,camp,1/112,"{""type"":""LineString"",""coordinates"":[[39.826841,21.417817],[39.826763,21.417768],[39.826241,21.417593],[39.825747,21.417536],[39.825184,21.417559],[39.824712,21.417677],[39.824252,21.417919],[39.823772,21.41833],[39.823528,21.418509],[39.823221,21.418639],[39.822601,21.418721],[39.820049,21.419168],[39.819719,21.419234],[39.819454,21.419286],[39.818712,21.419458],[39.818235,21.419644],[39.817971,21.419795],[39.817705,21.420003],[39.817512,21.420198],[39.8173,21.420479],[39.81702,21.421057],[39.816943,21.421348],[39.816883,21.421671],[39.816872,21.421817],[39.816848,21.422236],[39.816857,21.422544],[39.816918,21.422881],[39.817028,21.42323],[39.81718,21.423613],[39.817446,21.424194],[39.817768,21.424951],[39.818013,21.425398],[39.818773,21.426295],[39.819143,21.426635],[39.819449,21.426867],[39.819925,21.427143],[39.820211,21.427254],[39.820308,21.427292],[39.821109,21.427502],[39.821755,21.427626],[39.82194,21.427667],[39.823144,21.427898],[39.825377,21.428173],[39.826502,21.428168],[39.827094,21.428112],[39.827734,21.427987],[39.82828,21.427817],[39.828425,21.427758],[39.829059,21.427452],[39.829362,21.427269],[39.829849,21.426937],[39.830432,21.426457],[39.831018,21.425964],[39.831483,21.425463],[39.83168,21.425154],[39.831926,21.42471],[39.832105,21.424267],[39.832678,21.422668],[39.832908,21.422197],[39.832979,21.421954],[39.832995,21.421726],[39.832968,21.421278],[39.832927,21.421034],[39.83283,21.420727],[39.832731,21.420605],[39.832651,21.420538],[39.832563,21.420499],[39.832476,21.4205],[39.832374,21.420535],[39.832201,21.420861],[39.832172,21.420967],[39.832168,21.421079],[39.832183,21.421174],[39.832273,21.421282],[39.833266,21.422326],[39.83351,21.422555],[39.833692,21.42261],[39.833898,21.422641],[39.834238,21.422617],[39.834413,21.422597],[39.834643,21.422554],[39.842963,21.421445],[39.843901,21.421349],[39.844575,21.421303],[39.845233,21.42127],[39.846332,21.421259],[39.847368,21.421227],[39.847802,21.421211],[39.848334,21.421188],[39.849191,21.421167],[39.850454,21.421049],[39.851183,21.420947],[39.851521,21.420819],[39.851827,21.42067],[39.852143,21.420443],[39.852385,21.420171],[39.853182,21.4192],[39.853454,21.418683],[39.853662,21.418375],[39.854049,21.41786],[39.854388,21.417419],[39.854815,21.416871],[39.854832,21.41685],[39.855039,21.416754],[39.856199,21.415212],[39.856915,21.414028],[39.857548,21.412983],[39.859613,21.409567],[39.860347,21.408343],[39.861218,21.406891],[39.861848,21.405711],[39.862293,21.404805],[39.862648,21.403944],[39.863146,21.402736],[39.864457,21.399575],[39.864667,21.399101],[39.865353,21.397787],[39.865604,21.397353],[39.865839,21.397027],[39.866002,21.396835],[39.866639,21.39624],[39.867089,21.395886],[39.869109,21.394312],[39.87078,21.393016],[39.871413,21.392421],[39.871914,21.39181],[39.87245,21.39099],[39.872511,21.39085],[39.872815,21.390147],[39.873089,21.389359],[39.873632,21.387748],[39.873794,21.387223],[39.87407,21.386327],[39.874115,21.385744],[39.874141,21.385156],[39.874177,21.384349],[39.87425,21.384097],[39.874324,21.383912],[39.874375,21.383782],[39.874437,21.383626],[39.874595,21.38331],[39.875371,21.382077],[39.875662,21.381409],[39.876101,21.380031],[39.876323,21.379335],[39.8766,21.378625],[39.877126,21.377522],[39.877382,21.377085],[39.877918,21.376235],[39.878397,21.375597],[39.8791,21.374778],[39.879549,21.374304],[39.881444,21.372524],[39.884584,21.369598],[39.887345,21.367023],[39.887787,21.36661],[39.88903,21.36547],[39.889534,21.365032],[39.889791,21.364841],[39.890108,21.364606],[39.890639,21.364255],[39.891133,21.363963],[39.89165,21.363711],[39.892267,21.36344],[39.892905,21.363223],[39.893615,21.363005],[39.897739,21.36211],[39.903536,21.360873],[39.905747,21.360402],[39.910416,21.359406],[39.911788,21.359117],[39.915884,21.358237],[39.916797,21.358039],[39.920311,21.357266],[39.921042,21.357066],[39.921786,21.356842],[39.92239,21.356633],[39.923446,21.35619],[39.923949,21.35594],[39.924421,21.355687],[39.924993,21.355346],[39.925665,21.354893],[39.926158,21.354515],[39.926545,21.354193],[39.927508,21.353327],[39.935967,21.344532],[39.939563,21.340882],[39.94074,21.339918],[39.941519,21.339279],[39.943207,21.338116],[39.943803,21.337713],[39.945973,21.336504],[39.946625,21.336189],[39.946997,21.335912],[39.94708,21.335789],[39.947107,21.335677],[39.947115,21.335547],[39.947062,21.335392],[39.946933,21.33522],[39.946726,21.335112],[39.946541,21.335092],[39.946345,21.335152],[39.946222,21.335232],[39.946115,21.335362],[39.946075,21.335527],[39.946067,21.335644],[39.946238,21.336098],[39.946449,21.336438]]}",Admin,ea02e91c-9d45-4e5e-bfaa-171414ea3345,هوليدي ان بكة,113,2026-05-12 14:03:35,2026-05-12 14:03:35
019e1c80-108e-729d-b2c3-a9e0a8bf5d36,2,00:00,03:59,فترة ثانية,20,1766,7504385f-e792-41a8-8326-21854caef7e1,تصعيد مباشر,9fc47c58-d9e9-45e0-9d66-6da9f5c4fc85,قطار,d0e722dc-d99a-4b73-b7a6-6c041fc017b0,مدخل طريق الهدا - شارع صاد,,,,parking,4b152c54-b526-49fb-86d9-409334589cfb,الاسناد القطار,parking,4b152c54-b526-49fb-86d9-409334589cfb,الاسناد القطار,,,residence,شركة البرج العالمية لادارة الفنادق فندق ساعة مكة فيرمونت,camp,1/521,"{""type"":""LineString"",""coordinates"":[[39.825491,21.417547],[39.825184,21.417559],[39.824712,21.417677],[39.824252,21.417919],[39.823772,21.41833],[39.823528,21.418509],[39.823221,21.418639],[39.822601,21.418721],[39.820049,21.419168],[39.819719,21.419234],[39.819454,21.419286],[39.818712,21.419458],[39.818235,21.419644],[39.817971,21.419795],[39.817705,21.420003],[39.817512,21.420198],[39.8173,21.420479],[39.81702,21.421057],[39.816943,21.421348],[39.816883,21.421671],[39.816872,21.421817],[39.816848,21.422236],[39.816857,21.422544],[39.816918,21.422881],[39.817028,21.42323],[39.81718,21.423613],[39.817446,21.424194],[39.817768,21.424951],[39.818013,21.425398],[39.818773,21.426295],[39.819143,21.426635],[39.819449,21.426867],[39.819925,21.427143],[39.820211,21.427254],[39.820308,21.427292],[39.821109,21.427502],[39.821755,21.427626],[39.82194,21.427667],[39.823144,21.427898],[39.825377,21.428173],[39.826502,21.428168],[39.827094,21.428112],[39.827734,21.427987],[39.82828,21.427817],[39.828425,21.427758],[39.829059,21.427452],[39.829362,21.427269],[39.829849,21.426937],[39.830432,21.426457],[39.831018,21.425964],[39.831483,21.425463],[39.83168,21.425154],[39.831926,21.42471],[39.832105,21.424267],[39.832678,21.422668],[39.832908,21.422197],[39.832979,21.421954],[39.832995,21.421726],[39.832968,21.421278],[39.832927,21.421034],[39.83283,21.420727],[39.832731,21.420605],[39.832651,21.420538],[39.832563,21.420499],[39.832476,21.4205],[39.832374,21.420535],[39.832201,21.420861],[39.832172,21.420967],[39.832168,21.421079],[39.832183,21.421174],[39.832273,21.421282],[39.833266,21.422326],[39.83351,21.422555],[39.833692,21.42261],[39.833898,21.422641],[39.834238,21.422617],[39.834413,21.422597],[39.834643,21.422554],[39.842963,21.421445],[39.843901,21.421349],[39.844575,21.421303],[39.845233,21.42127],[39.846332,21.421259],[39.847368,21.421227],[39.847802,21.421211],[39.848334,21.421188],[39.849191,21.421167],[39.850454,21.421049],[39.851183,21.420947],[39.851521,21.420819],[39.851827,21.42067],[39.852143,21.420443],[39.852385,21.420171],[39.853182,21.4192],[39.853454,21.418683],[39.853662,21.418375],[39.854049,21.41786],[39.854388,21.417419],[39.854815,21.416871],[39.854832,21.41685],[39.855039,21.416754],[39.856199,21.415212],[39.856915,21.414028],[39.857548,21.412983],[39.859613,21.409567],[39.860347,21.408343],[39.861218,21.406891],[39.861848,21.405711],[39.862293,21.404805],[39.862648,21.403944],[39.863146,21.402736],[39.864457,21.399575],[39.864667,21.399101],[39.865353,21.397787],[39.865604,21.397353],[39.865839,21.397027],[39.866002,21.396835],[39.866639,21.39624],[39.867089,21.395886],[39.869109,21.394312],[39.87078,21.393016],[39.871413,21.392421],[39.871914,21.39181],[39.87245,21.39099],[39.872511,21.39085],[39.872815,21.390147],[39.873089,21.389359],[39.873632,21.387748],[39.873794,21.387223],[39.87407,21.386327],[39.874115,21.385744],[39.874141,21.385156],[39.874177,21.384349],[39.87425,21.384097],[39.874324,21.383912],[39.874375,21.383782],[39.874437,21.383626],[39.874595,21.38331],[39.875371,21.382077],[39.875662,21.381409],[39.876101,21.380031],[39.876323,21.379335],[39.8766,21.378625],[39.877126,21.377522],[39.877382,21.377085],[39.877918,21.376235],[39.878397,21.375597],[39.8791,21.374778],[39.879549,21.374304],[39.881444,21.372524],[39.884584,21.369598],[39.887345,21.367023],[39.887787,21.36661],[39.88903,21.36547],[39.889534,21.365032],[39.889791,21.364841],[39.890108,21.364606],[39.890639,21.364255],[39.891133,21.363963],[39.89165,21.363711],[39.892267,21.36344],[39.892905,21.363223],[39.893615,21.363005],[39.897739,21.36211],[39.903536,21.360873],[39.905747,21.360402],[39.910416,21.359406],[39.911788,21.359117],[39.915884,21.358237],[39.916797,21.358039],[39.920311,21.357266],[39.921042,21.357066],[39.921786,21.356842],[39.92239,21.356633],[39.923446,21.35619],[39.923949,21.35594],[39.924421,21.355687],[39.924993,21.355346],[39.925665,21.354893],[39.926158,21.354515],[39.926545,21.354193],[39.927508,21.353327],[39.935967,21.344532],[39.939563,21.340882],[39.94074,21.339918],[39.941519,21.339279],[39.943207,21.338116],[39.943803,21.337713],[39.945973,21.336504],[39.946625,21.336189],[39.95031,21.334303],[39.955982,21.331509],[39.957442,21.330754],[39.958857,21.330084],[39.961334,21.328867],[39.963387,21.327911],[39.96351,21.327854],[39.964974,21.327327],[39.965757,21.327065],[39.96681,21.326756],[39.967799,21.326531],[39.968926,21.326339],[39.96984,21.326221],[39.970707,21.326155],[39.972602,21.3261],[39.973796,21.326144],[39.974469,21.326184],[39.976617,21.326438],[39.97742,21.326564],[39.978627,21.326781],[39.987951,21.328639],[39.988818,21.328808],[39.989641,21.328934],[39.990938,21.329092],[39.992481,21.329217],[39.994357,21.329265],[39.995223,21.329258],[39.996077,21.329217],[39.996766,21.329166],[39.998261,21.328985],[40.004443,21.328114],[40.007292,21.327886],[40.009588,21.32794],[40.013003,21.328064],[40.014142,21.328141],[40.015239,21.328151],[40.01622,21.32813],[40.016666,21.328146],[40.016654,21.328429],[40.012735,21.328302],[40.009347,21.328169],[40.006652,21.328208],[40.006228,21.328239]]}",Admin,53e04c90-dfba-4e08-9332-7597ce1ed527,الراجحي,141,2026-05-12 14:03:35,2026-05-12 14:03:35
019e1c80-0be1-7045-b44b-512b97512ac2,1,20:00,23:59,فترة اولى,15,3825,7504385f-e792-41a8-8326-21854caef7e1,تصعيد مباشر,48a174b1-0445-44d5-8d15-f6b484620b5d,ترددي,4f208fa1-de2c-49b4-bdfa-2417d33f8162,مدخل مواقف حجاج البر,,,,bus_warehouse,646b18f1-18fc-4ce2-b471-ce297eaaa9e4,ترددي 2,bus_warehouse,646b18f1-18fc-4ce2-b471-ce297eaaa9e4,ترددي 2,,,residence,شركة كنت المتحدة العقارية,camp,13/649,"{""type"":""LineString"",""coordinates"":[[39.837693,21.388001],[39.838289,21.388548],[39.838713,21.388839],[39.839206,21.389003],[39.840684,21.389415],[39.84201,21.389732],[39.842006,21.38938],[39.841376,21.38934],[39.840887,21.389276],[39.840297,21.389151],[39.839644,21.388892],[39.839062,21.388598],[39.838578,21.388249],[39.838146,21.387881],[39.83633,21.385921],[39.836246,21.385831],[39.835921,21.385484],[39.835491,21.385124],[39.835056,21.38482],[39.834469,21.384534],[39.833987,21.384377],[39.833228,21.384241],[39.832704,21.384236],[39.832242,21.38423],[39.831779,21.384271],[39.831043,21.384492],[39.830482,21.384678],[39.829193,21.385105],[39.828887,21.385206],[39.827984,21.385604],[39.827658,21.38558],[39.827451,21.385482],[39.827378,21.385342],[39.827357,21.385126],[39.827385,21.38498],[39.827396,21.384783],[39.827497,21.38467],[39.827708,21.384644],[39.828992,21.384535],[39.829244,21.384519],[39.829855,21.38437],[39.831122,21.383987],[39.831785,21.383827],[39.832342,21.383768],[39.832689,21.383765],[39.833425,21.383788],[39.834009,21.38386],[39.834378,21.383974],[39.834634,21.384054],[39.835276,21.384458],[39.835525,21.384616],[39.835729,21.384746],[39.835976,21.384932],[39.836262,21.385178],[39.838411,21.38745],[39.838733,21.387759],[39.839259,21.388169],[39.839699,21.388429],[39.840246,21.388658],[39.840634,21.388749],[39.841231,21.388838],[39.842264,21.388921],[39.843922,21.389083],[39.845957,21.389246],[39.846384,21.389345],[39.847035,21.389539],[39.847266,21.389645],[39.84768,21.389836],[39.848252,21.390213],[39.848953,21.390805],[39.849588,21.39154],[39.850018,21.392085],[39.850446,21.392585],[39.851391,21.393633],[39.851581,21.393812],[39.851774,21.393938],[39.852046,21.394056],[39.852337,21.394122],[39.85254,21.394143],[39.852726,21.394133],[39.852959,21.394071],[39.853614,21.393779],[39.85405,21.393471],[39.854566,21.393024],[39.855648,21.391708],[39.855996,21.391461],[39.856181,21.391287],[39.856525,21.391018],[39.85717,21.390408],[39.857709,21.389855],[39.858217,21.389318],[39.85912,21.388568],[39.862032,21.385524],[39.863018,21.384644],[39.863957,21.384037],[39.86448,21.383738],[39.865047,21.383474],[39.865891,21.383149],[39.866999,21.382837],[39.867992,21.382698],[39.868715,21.382637],[39.869226,21.382632],[39.870011,21.382663],[39.870534,21.38271],[39.871031,21.382805],[39.872226,21.383094],[39.872622,21.383189],[39.87341,21.383495],[39.874256,21.383747],[39.874375,21.383782],[39.874437,21.383626],[39.874595,21.38331],[39.875371,21.382077],[39.875662,21.381409],[39.876101,21.380031],[39.876323,21.379335],[39.8766,21.378625],[39.877126,21.377522],[39.877382,21.377085],[39.877918,21.376235],[39.878397,21.375597],[39.8791,21.374778],[39.879549,21.374304],[39.881444,21.372524],[39.884584,21.369598],[39.887345,21.367023],[39.887787,21.36661],[39.88903,21.36547],[39.889534,21.365032],[39.889791,21.364841],[39.890108,21.364606],[39.890639,21.364255],[39.891133,21.363963],[39.89165,21.363711],[39.892267,21.36344],[39.892905,21.363223],[39.893615,21.363005],[39.897739,21.36211],[39.903536,21.360873],[39.905747,21.360402],[39.910416,21.359406],[39.911788,21.359117],[39.915884,21.358237],[39.916797,21.358039],[39.920311,21.357266],[39.921042,21.357066],[39.921786,21.356842],[39.92239,21.356633],[39.923446,21.35619],[39.923949,21.35594],[39.924421,21.355687],[39.924993,21.355346],[39.925665,21.354893],[39.926158,21.354515],[39.926545,21.354193],[39.927508,21.353327],[39.935967,21.344532],[39.939563,21.340882],[39.94074,21.339918],[39.941519,21.339279],[39.943207,21.338116],[39.943803,21.337713],[39.945973,21.336504],[39.946625,21.336189],[39.95031,21.334303],[39.955982,21.331509],[39.957442,21.330754],[39.958857,21.330084],[39.961334,21.328867],[39.963387,21.327911],[39.96351,21.327854],[39.964974,21.327327],[39.965757,21.327065],[39.96681,21.326756],[39.967799,21.326531],[39.968926,21.326339],[39.96984,21.326221],[39.970707,21.326155],[39.972602,21.3261],[39.973796,21.326144],[39.974469,21.326184],[39.976617,21.326438],[39.97742,21.326564],[39.978627,21.326781],[39.987951,21.328639],[39.988818,21.328808],[39.989641,21.328934],[39.990938,21.329092],[39.992481,21.329217],[39.994357,21.329265],[39.995223,21.329258],[39.996077,21.329217],[39.996766,21.329166],[39.998261,21.328985],[40.004443,21.328114],[40.007292,21.327886],[40.009588,21.32794],[40.013003,21.328064],[40.014142,21.328141],[40.015239,21.328151],[40.01622,21.32813],[40.016666,21.328146],[40.016654,21.328429],[40.012735,21.328302],[40.009347,21.328169],[40.006652,21.328208],[40.005189,21.328314],[40.004982,21.32833],[39.998267,21.329267],[39.996795,21.329451],[39.996075,21.329516],[39.995236,21.329546],[39.993504,21.329542],[39.992479,21.329503],[39.9918,21.32946],[39.990844,21.329364],[39.990799,21.329536]]}",Admin,53e04c90-dfba-4e08-9332-7597ce1ed527,الراجحي,120,2026-05-12 14:03:34,2026-05-12 14:03:34
019e1c80-0ce9-7015-b03d-beb39cdf2a08,3,04:00,08:00,فترة ثالثة,15,1496,7504385f-e792-41a8-8326-21854caef7e1,تصعيد مباشر,48a174b1-0445-44d5-8d15-f6b484620b5d,ترددي,4f208fa1-de2c-49b4-bdfa-2417d33f8162,مدخل مواقف حجاج البر,,,,bus_warehouse,78d92381-0800-44ed-ad7b-9ff92b62e4b6,ترددي 1,bus_warehouse,78d92381-0800-44ed-ad7b-9ff92b62e4b6,ترددي 1,,,residence,شركة انوار الصلاح المحدودة شخص واحد,camp,11/408,"{""type"":""LineString"",""coordinates"":[[39.819414,21.426313],[39.819606,21.426021],[39.819838,21.425482],[39.820027,21.424948],[39.820096,21.424676],[39.820093,21.424556],[39.820058,21.424428],[39.819915,21.424157],[39.819837,21.424095],[39.819732,21.424045],[39.81951,21.424005],[39.819349,21.424009],[39.818696,21.424095],[39.818506,21.424106],[39.818339,21.42409],[39.818091,21.424109],[39.816302,21.424249],[39.814901,21.424394],[39.814513,21.424411],[39.814207,21.424402],[39.814037,21.424379],[39.81389,21.424253],[39.81416,21.424288],[39.814583,21.424301],[39.8149,21.424294],[39.816324,21.424159],[39.817715,21.424025],[39.817839,21.424015],[39.818018,21.424003],[39.818758,21.423956],[39.819167,21.423893],[39.819468,21.423825],[39.819616,21.423779],[39.819737,21.423712],[39.82102,21.422308],[39.821255,21.422148],[39.821521,21.422043],[39.8218,21.42196],[39.822147,21.421864],[39.822382,21.421761],[39.822573,21.421647],[39.822791,21.421489],[39.823573,21.420862],[39.823754,21.420759],[39.824375,21.420476],[39.824726,21.420372],[39.825105,21.420284],[39.825955,21.420176],[39.826362,21.420149],[39.826554,21.420136],[39.826763,21.420141],[39.827464,21.420235],[39.828747,21.420466],[39.829051,21.420521],[39.829896,21.420637],[39.830672,21.420741],[39.830929,21.420773],[39.831535,21.420838],[39.83191,21.420945],[39.832039,21.421015],[39.832183,21.421174],[39.832273,21.421282],[39.833266,21.422326],[39.83351,21.422555],[39.833692,21.42261],[39.833898,21.422641],[39.834238,21.422617],[39.834413,21.422597],[39.834643,21.422554],[39.842963,21.421445],[39.843901,21.421349],[39.844575,21.421303],[39.845233,21.42127],[39.846332,21.421259],[39.847368,21.421227],[39.847802,21.421211],[39.848334,21.421188],[39.849191,21.421167],[39.850454,21.421049],[39.851183,21.420947],[39.851521,21.420819],[39.851827,21.42067],[39.852143,21.420443],[39.852385,21.420171],[39.853182,21.4192],[39.853454,21.418683],[39.853662,21.418375],[39.854049,21.41786],[39.854388,21.417419],[39.854815,21.416871],[39.854832,21.41685],[39.855039,21.416754],[39.856199,21.415212],[39.856915,21.414028],[39.857548,21.412983],[39.859613,21.409567],[39.860347,21.408343],[39.861218,21.406891],[39.861848,21.405711],[39.862293,21.404805],[39.862648,21.403944],[39.863146,21.402736],[39.864457,21.399575],[39.864667,21.399101],[39.865353,21.397787],[39.865604,21.397353],[39.865839,21.397027],[39.866002,21.396835],[39.866639,21.39624],[39.867089,21.395886],[39.869109,21.394312],[39.87078,21.393016],[39.871413,21.392421],[39.871914,21.39181],[39.87245,21.39099],[39.872511,21.39085],[39.872815,21.390147],[39.873089,21.389359],[39.873632,21.387748],[39.873794,21.387223],[39.87407,21.386327],[39.874115,21.385744],[39.874141,21.385156],[39.874177,21.384349],[39.87425,21.384097],[39.874324,21.383912],[39.874375,21.383782],[39.874437,21.383626],[39.874595,21.38331],[39.875371,21.382077],[39.875662,21.381409],[39.876101,21.380031],[39.876323,21.379335],[39.8766,21.378625],[39.877126,21.377522],[39.877382,21.377085],[39.877918,21.376235],[39.878397,21.375597],[39.8791,21.374778],[39.879549,21.374304],[39.881444,21.372524],[39.884584,21.369598],[39.887345,21.367023],[39.887787,21.36661],[39.88903,21.36547],[39.889534,21.365032],[39.889791,21.364841],[39.890108,21.364606],[39.890639,21.364255],[39.891133,21.363963],[39.89165,21.363711],[39.892267,21.36344],[39.892905,21.363223],[39.893615,21.363005],[39.897739,21.36211],[39.903536,21.360873],[39.905747,21.360402],[39.910416,21.359406],[39.911788,21.359117],[39.915884,21.358237],[39.916797,21.358039],[39.920311,21.357266],[39.921042,21.357066],[39.921786,21.356842],[39.92239,21.356633],[39.923446,21.35619],[39.923949,21.35594],[39.924421,21.355687],[39.924993,21.355346],[39.925665,21.354893],[39.926158,21.354515],[39.926545,21.354193],[39.927508,21.353327],[39.935967,21.344532],[39.939563,21.340882],[39.94074,21.339918],[39.941519,21.339279],[39.943207,21.338116],[39.943803,21.337713],[39.945973,21.336504],[39.946625,21.336189],[39.95031,21.334303],[39.955982,21.331509],[39.957442,21.330754],[39.958857,21.330084],[39.961334,21.328867],[39.963387,21.327911],[39.96351,21.327854],[39.964974,21.327327],[39.965757,21.327065],[39.96681,21.326756],[39.967799,21.326531],[39.968926,21.326339],[39.96984,21.326221],[39.970707,21.326155],[39.972602,21.3261],[39.973796,21.326144],[39.974469,21.326184],[39.976617,21.326438],[39.97742,21.326564],[39.978627,21.326781],[39.987951,21.328639],[39.988818,21.328808],[39.989641,21.328934],[39.990938,21.329092],[39.992481,21.329217],[39.994357,21.329265],[39.995223,21.329258],[39.996077,21.329217],[39.996766,21.329166],[39.998261,21.328985],[40.004443,21.328114],[40.007292,21.327886],[40.009588,21.32794],[40.013003,21.328064],[40.014142,21.328141],[40.015239,21.328151],[40.01622,21.32813],[40.016666,21.328146],[40.016654,21.328429],[40.012735,21.328302],[40.009347,21.328169],[40.006652,21.328208],[40.005189,21.328314],[40.004982,21.32833],[39.998267,21.329267],[39.996795,21.329451],[39.996075,21.329516],[39.995236,21.329546],[39.993504,21.329542],[39.992479,21.329503],[39.9918,21.32946],[39.990844,21.329364],[39.990799,21.329536]]}",Admin,7ef8e119-d4ed-42a5-9110-d77db1a7e856,ابراج شركة مكه,8,2026-05-12 14:03:34,2026-05-12 14:03:34
019e1c80-0de3-733b-b463-7ed128491533,2,00:00,03:59,فترة ثانية,15,3593,7504385f-e792-41a8-8326-21854caef7e1,تصعيد مباشر,48a174b1-0445-44d5-8d15-f6b484620b5d,ترددي,4f208fa1-de2c-49b4-bdfa-2417d33f8162,مدخل مواقف حجاج البر,,,,bus_warehouse,3066fa1f-05fa-40a1-9bd2-b134cd6c9234,ترددي 3,bus_warehouse,3066fa1f-05fa-40a1-9bd2-b134cd6c9234,ترددي 3,,,residence,شركة القصواء للسفر و السياحة,camp,10/647,"{""type"":""LineString"",""coordinates"":[[39.829966,21.406483],[39.829538,21.408329],[39.829293,21.409483],[39.829211,21.40995],[39.829031,21.410604],[39.829016,21.410708],[39.829032,21.410834],[39.829189,21.411227],[39.82919,21.411378],[39.829162,21.411558],[39.829086,21.411794],[39.828953,21.412001],[39.828732,21.412233],[39.828396,21.412501],[39.828167,21.412734],[39.828138,21.412813],[39.828092,21.413063],[39.827963,21.413896],[39.82782,21.414639],[39.827706,21.415078],[39.827692,21.415205],[39.827674,21.415692],[39.828007,21.41679],[39.828076,21.417017],[39.8285,21.416933],[39.828573,21.416917],[39.828798,21.416844],[39.829045,21.416713],[39.829337,21.416677],[39.829786,21.416694],[39.830732,21.416554],[39.831377,21.416384],[39.831718,21.416278],[39.832033,21.416152],[39.838227,21.412896],[39.838921,21.412402],[39.83955,21.411899],[39.840154,21.41138],[39.841104,21.4104],[39.841448,21.41001],[39.842328,21.408941],[39.842812,21.408322],[39.84304,21.40803],[39.846588,21.403952],[39.84699,21.403319],[39.847287,21.402708],[39.847522,21.401979],[39.847675,21.400866],[39.847757,21.400379],[39.847936,21.398697],[39.848087,21.398091],[39.848194,21.397813],[39.848526,21.397184],[39.848715,21.396921],[39.848992,21.396578],[39.849437,21.396111],[39.849685,21.395914],[39.849987,21.395705],[39.850241,21.39555],[39.850696,21.395318],[39.851103,21.395121],[39.852866,21.39428],[39.85336,21.394031],[39.853855,21.39375],[39.854267,21.393467],[39.85464,21.393184],[39.854897,21.39296],[39.855798,21.391964],[39.856536,21.391178],[39.85912,21.388568],[39.862032,21.385524],[39.863018,21.384644],[39.863957,21.384037],[39.86448,21.383738],[39.865047,21.383474],[39.865891,21.383149],[39.866999,21.382837],[39.867992,21.382698],[39.868715,21.382637],[39.869226,21.382632],[39.870011,21.382663],[39.870534,21.38271],[39.871031,21.382805],[39.872226,21.383094],[39.872622,21.383189],[39.87341,21.383495],[39.874256,21.383747],[39.874375,21.383782],[39.874437,21.383626],[39.874595,21.38331],[39.875371,21.382077],[39.875662,21.381409],[39.876101,21.380031],[39.876323,21.379335],[39.8766,21.378625],[39.877126,21.377522],[39.877382,21.377085],[39.877918,21.376235],[39.878397,21.375597],[39.8791,21.374778],[39.879549,21.374304],[39.881444,21.372524],[39.884584,21.369598],[39.887345,21.367023],[39.887787,21.36661],[39.88903,21.36547],[39.889534,21.365032],[39.889791,21.364841],[39.890108,21.364606],[39.890639,21.364255],[39.891133,21.363963],[39.89165,21.363711],[39.892267,21.36344],[39.892905,21.363223],[39.893615,21.363005],[39.897739,21.36211],[39.903536,21.360873],[39.905747,21.360402],[39.910416,21.359406],[39.911788,21.359117],[39.915884,21.358237],[39.916797,21.358039],[39.920311,21.357266],[39.921042,21.357066],[39.921786,21.356842],[39.92239,21.356633],[39.923446,21.35619],[39.923949,21.35594],[39.924421,21.355687],[39.924993,21.355346],[39.925665,21.354893],[39.926158,21.354515],[39.926545,21.354193],[39.927508,21.353327],[39.935967,21.344532],[39.939563,21.340882],[39.94074,21.339918],[39.941519,21.339279],[39.943207,21.338116],[39.943803,21.337713],[39.945973,21.336504],[39.946625,21.336189],[39.95031,21.334303],[39.955982,21.331509],[39.957442,21.330754],[39.958857,21.330084],[39.961334,21.328867],[39.963387,21.327911],[39.96351,21.327854],[39.964974,21.327327],[39.965757,21.327065],[39.96681,21.326756],[39.967799,21.326531],[39.968926,21.326339],[39.96984,21.326221],[39.970707,21.326155],[39.972602,21.3261],[39.973796,21.326144],[39.974469,21.326184],[39.976617,21.326438],[39.97742,21.326564],[39.978627,21.326781],[39.987951,21.328639],[39.988818,21.328808],[39.989641,21.328934],[39.990938,21.329092],[39.992481,21.329217],[39.994357,21.329265],[39.995223,21.329258],[39.996077,21.329217],[39.996766,21.329166],[39.998261,21.328985],[40.004443,21.328114],[40.007292,21.327886],[40.009588,21.32794],[40.013003,21.328064],[40.014142,21.328141],[40.015239,21.328151],[40.01622,21.32813],[40.016666,21.328146],[40.016654,21.328429],[40.012735,21.328302],[40.009347,21.328169],[40.006652,21.328208],[40.005189,21.328314],[40.004982,21.32833],[39.998267,21.329267],[39.996795,21.329451],[39.996075,21.329516],[39.995236,21.329546],[39.993504,21.329542],[39.992479,21.329503],[39.9918,21.32946],[39.990844,21.329364],[39.990799,21.329536]]}",Admin,53e04c90-dfba-4e08-9332-7597ce1ed527,الراجحي,101,2026-05-12 14:03:34,2026-05-12 14:03:34
019e1c80-0ae6-7279-9d59-9b10b0b124f8,2,00:00,03:59,فترة ثانية,15,4455,7504385f-e792-41a8-8326-21854caef7e1,تصعيد مباشر,48a174b1-0445-44d5-8d15-f6b484620b5d,ترددي,4f208fa1-de2c-49b4-bdfa-2417d33f8162,مدخل مواقف حجاج البر,,,,bus_warehouse,3066fa1f-05fa-40a1-9bd2-b134cd6c9234,ترددي 3,bus_warehouse,3066fa1f-05fa-40a1-9bd2-b134cd6c9234,ترددي 3,,,residence,شركة الفرسان الذهبيه لتشغيل الفنادق,camp,12/88,"{""type"":""LineString"",""coordinates"":[[39.869005,21.406541],[39.869122,21.406426],[39.869543,21.406093],[39.870133,21.405659],[39.870959,21.405064],[39.871841,21.404486],[39.872689,21.403827],[39.873404,21.403267],[39.87278,21.402488],[39.872569,21.402211],[39.872437,21.402036],[39.872124,21.401526],[39.871671,21.400764],[39.871595,21.400637],[39.870867,21.399373],[39.870643,21.39901],[39.870454,21.398671],[39.870396,21.398549],[39.870288,21.398356],[39.870181,21.398187],[39.870064,21.397989],[39.87003,21.397921],[39.869721,21.397456],[39.869172,21.396648],[39.869007,21.396436],[39.868854,21.396241],[39.868485,21.395785],[39.868221,21.395521],[39.868098,21.395395],[39.867888,21.395173],[39.86786,21.395103],[39.867877,21.395036],[39.868137,21.394842],[39.868449,21.394587],[39.869498,21.393757],[39.870132,21.393335],[39.870383,21.393174],[39.870545,21.393066],[39.871016,21.392654],[39.871501,21.392134],[39.871827,21.391707],[39.872067,21.39133],[39.872511,21.39085],[39.872815,21.390147],[39.873089,21.389359],[39.873632,21.387748],[39.873794,21.387223],[39.87407,21.386327],[39.874115,21.385744],[39.874141,21.385156],[39.874177,21.384349],[39.87425,21.384097],[39.874324,21.383912],[39.874375,21.383782],[39.874437,21.383626],[39.874595,21.38331],[39.875371,21.382077],[39.875662,21.381409],[39.876101,21.380031],[39.876323,21.379335],[39.8766,21.378625],[39.877126,21.377522],[39.877382,21.377085],[39.877918,21.376235],[39.878397,21.375597],[39.8791,21.374778],[39.879549,21.374304],[39.881444,21.372524],[39.884584,21.369598],[39.887345,21.367023],[39.887787,21.36661],[39.88903,21.36547],[39.889534,21.365032],[39.889791,21.364841],[39.890108,21.364606],[39.890639,21.364255],[39.891133,21.363963],[39.89165,21.363711],[39.892267,21.36344],[39.892905,21.363223],[39.893615,21.363005],[39.897739,21.36211],[39.903536,21.360873],[39.905747,21.360402],[39.910416,21.359406],[39.911788,21.359117],[39.915884,21.358237],[39.916797,21.358039],[39.920311,21.357266],[39.921042,21.357066],[39.921786,21.356842],[39.92239,21.356633],[39.923446,21.35619],[39.923949,21.35594],[39.924421,21.355687],[39.924993,21.355346],[39.925665,21.354893],[39.926158,21.354515],[39.926545,21.354193],[39.927508,21.353327],[39.935967,21.344532],[39.939563,21.340882],[39.94074,21.339918],[39.941519,21.339279],[39.943207,21.338116],[39.943803,21.337713],[39.945973,21.336504],[39.946625,21.336189],[39.95031,21.334303],[39.955982,21.331509],[39.957442,21.330754],[39.958857,21.330084],[39.961334,21.328867],[39.963387,21.327911],[39.96351,21.327854],[39.964974,21.327327],[39.965757,21.327065],[39.96681,21.326756],[39.967799,21.326531],[39.968926,21.326339],[39.96984,21.326221],[39.970707,21.326155],[39.972602,21.3261],[39.973796,21.326144],[39.974469,21.326184],[39.976617,21.326438],[39.97742,21.326564],[39.978627,21.326781],[39.987951,21.328639],[39.988818,21.328808],[39.989641,21.328934],[39.990938,21.329092],[39.992481,21.329217],[39.994357,21.329265],[39.995223,21.329258],[39.996077,21.329217],[39.996766,21.329166],[39.998261,21.328985],[40.004443,21.328114],[40.007292,21.327886],[40.009588,21.32794],[40.013003,21.328064],[40.014142,21.328141],[40.015239,21.328151],[40.01622,21.32813],[40.016666,21.328146],[40.016654,21.328429],[40.012735,21.328302],[40.009347,21.328169],[40.006652,21.328208],[40.005189,21.328314],[40.004982,21.32833],[39.998267,21.329267],[39.996795,21.329451],[39.996075,21.329516],[39.995236,21.329546],[39.993504,21.329542],[39.992479,21.329503],[39.9918,21.32946],[39.990844,21.329364],[39.990799,21.329536]]}",Admin,e9a7afdb-66fc-41d1-b1b7-90c085414df4,رحلات ومنافع,207,2026-05-12 14:03:33,2026-05-12 14:03:33
019e1c80-0977-7275-8c7f-9d968154ab69,1,20:00,23:59,فترة اولى,15,1612,7504385f-e792-41a8-8326-21854caef7e1,تصعيد مباشر,a0bc4dde-a22d-4d68-bf95-75f45d362d66,تقليدي رد,d0aad3cb-67f5-4d3a-b28f-f748f9857466,مدخل كوبري الجامعة الأول,,,,parking,6a81cfb3-9019-4ac5-9f85-353cab5b9895,الاتصالات الجديد,parking,6a81cfb3-9019-4ac5-9f85-353cab5b9895,الاتصالات الجديد,,,residence,شركة الوليد صالح الحربي السياحية,camp,11/50,"{""type"":""LineString"",""coordinates"":[[39.865163,21.413279],[39.865346,21.413096],[39.864978,21.412785],[39.863817,21.41396],[39.863059,21.414726],[39.862976,21.414803],[39.862891,21.414738],[39.862745,21.414626],[39.862825,21.414546],[39.86331,21.414048],[39.86555,21.411751],[39.866513,21.410762],[39.868553,21.408657],[39.869613,21.407562],[39.869889,21.407322],[39.870641,21.406779],[39.873129,21.404971],[39.873921,21.404413],[39.873892,21.404204],[39.873819,21.404019],[39.873726,21.403844],[39.873634,21.403567],[39.873404,21.403267],[39.87278,21.402488],[39.872569,21.402211],[39.872437,21.402036],[39.872124,21.401526],[39.871671,21.400764],[39.871595,21.400637],[39.870867,21.399373],[39.870643,21.39901],[39.870454,21.398671],[39.870396,21.398549],[39.870288,21.398356],[39.870181,21.398187],[39.870064,21.397989],[39.87003,21.397921],[39.869721,21.397456],[39.869172,21.396648],[39.869007,21.396436],[39.868854,21.396241],[39.868485,21.395785],[39.868221,21.395521],[39.868098,21.395395],[39.867888,21.395173],[39.86786,21.395103],[39.867877,21.395036],[39.868137,21.394842],[39.868449,21.394587],[39.869498,21.393757],[39.870132,21.393335],[39.870383,21.393174],[39.870545,21.393066],[39.871016,21.392654],[39.871501,21.392134],[39.871827,21.391707],[39.872067,21.39133],[39.872511,21.39085],[39.872815,21.390147],[39.873089,21.389359],[39.873632,21.387748],[39.873794,21.387223],[39.87407,21.386327],[39.874115,21.385744],[39.874141,21.385156],[39.874177,21.384349],[39.87425,21.384097],[39.874324,21.383912],[39.874375,21.383782],[39.874437,21.383626],[39.874595,21.38331],[39.875371,21.382077],[39.875662,21.381409],[39.876101,21.380031],[39.876323,21.379335],[39.8766,21.378625],[39.877126,21.377522],[39.877382,21.377085],[39.877918,21.376235],[39.878397,21.375597],[39.8791,21.374778],[39.879549,21.374304],[39.881444,21.372524],[39.884584,21.369598],[39.887345,21.367023],[39.887787,21.36661],[39.88903,21.36547],[39.889534,21.365032],[39.889791,21.364841],[39.890108,21.364606],[39.890639,21.364255],[39.891133,21.363963],[39.89165,21.363711],[39.892267,21.36344],[39.892905,21.363223],[39.893615,21.363005],[39.897739,21.36211],[39.903536,21.360873],[39.905747,21.360402],[39.910416,21.359406],[39.911788,21.359117],[39.915884,21.358237],[39.916797,21.358039],[39.920311,21.357266],[39.921042,21.357066],[39.921786,21.356842],[39.92239,21.356633],[39.923446,21.35619],[39.923949,21.35594],[39.924421,21.355687],[39.924993,21.355346],[39.925665,21.354893],[39.926158,21.354515],[39.926545,21.354193],[39.927508,21.353327],[39.935967,21.344532],[39.939563,21.340882],[39.94074,21.339918],[39.941519,21.339279],[39.943207,21.338116],[39.943803,21.337713],[39.945973,21.336504],[39.946625,21.336189],[39.946997,21.335912],[39.94708,21.335789],[39.947107,21.335677],[39.947115,21.335547],[39.947062,21.335392],[39.946933,21.33522],[39.946726,21.335112],[39.946541,21.335092],[39.946345,21.335152],[39.946222,21.335232],[39.946115,21.335362],[39.946075,21.335527],[39.946067,21.335644],[39.946238,21.336098],[39.946449,21.336438]]}",Admin,855f0bca-948d-43a9-9377-5ab3eb5e8409,مشارق الماسية,617,2026-05-12 14:03:33,2026-05-12 14:03:33
019e1c80-07fe-7329-be46-234dd34a643a,2,00:00,03:59,فترة ثانية,10,1930,7504385f-e792-41a8-8326-21854caef7e1,تصعيد مباشر,48a174b1-0445-44d5-8d15-f6b484620b5d,ترددي,4f208fa1-de2c-49b4-bdfa-2417d33f8162,مدخل مواقف حجاج البر,,,,bus_warehouse,3066fa1f-05fa-40a1-9bd2-b134cd6c9234,ترددي 3,bus_warehouse,3066fa1f-05fa-40a1-9bd2-b134cd6c9234,ترددي 3,,,residence,شركة القمة الذهبية العالمية المحدودة,camp,14/649,"{""type"":""LineString"",""coordinates"":[[39.857626,21.421989],[39.858015,21.4213],[39.858291,21.420896],[39.858749,21.420479],[39.858983,21.420237],[39.858974,21.420141],[39.858875,21.419956],[39.858524,21.419683],[39.858425,21.419606],[39.858297,21.419511],[39.858366,21.419438],[39.858916,21.418816],[39.859453,21.418242],[39.860483,21.417098],[39.861377,21.416104],[39.862745,21.414626],[39.862825,21.414546],[39.86331,21.414048],[39.86555,21.411751],[39.866513,21.410762],[39.868553,21.408657],[39.869613,21.407562],[39.869889,21.407322],[39.870641,21.406779],[39.873129,21.404971],[39.873921,21.404413],[39.873892,21.404204],[39.873819,21.404019],[39.873726,21.403844],[39.873634,21.403567],[39.873404,21.403267],[39.87278,21.402488],[39.872569,21.402211],[39.872437,21.402036],[39.872124,21.401526],[39.871671,21.400764],[39.871595,21.400637],[39.870867,21.399373],[39.870643,21.39901],[39.870454,21.398671],[39.870396,21.398549],[39.870288,21.398356],[39.870181,21.398187],[39.870064,21.397989],[39.87003,21.397921],[39.869721,21.397456],[39.869172,21.396648],[39.869007,21.396436],[39.868854,21.396241],[39.868485,21.395785],[39.868221,21.395521],[39.868098,21.395395],[39.867888,21.395173],[39.86786,21.395103],[39.867877,21.395036],[39.868137,21.394842],[39.868449,21.394587],[39.869498,21.393757],[39.870132,21.393335],[39.870383,21.393174],[39.870545,21.393066],[39.871016,21.392654],[39.871501,21.392134],[39.871827,21.391707],[39.872067,21.39133],[39.872511,21.39085],[39.872815,21.390147],[39.873089,21.389359],[39.873632,21.387748],[39.873794,21.387223],[39.87407,21.386327],[39.874115,21.385744],[39.874141,21.385156],[39.874177,21.384349],[39.87425,21.384097],[39.874324,21.383912],[39.874375,21.383782],[39.874437,21.383626],[39.874595,21.38331],[39.875371,21.382077],[39.875662,21.381409],[39.876101,21.380031],[39.876323,21.379335],[39.8766,21.378625],[39.877126,21.377522],[39.877382,21.377085],[39.877918,21.376235],[39.878397,21.375597],[39.8791,21.374778],[39.879549,21.374304],[39.881444,21.372524],[39.884584,21.369598],[39.887345,21.367023],[39.887787,21.36661],[39.88903,21.36547],[39.889534,21.365032],[39.889791,21.364841],[39.890108,21.364606],[39.890639,21.364255],[39.891133,21.363963],[39.89165,21.363711],[39.892267,21.36344],[39.892905,21.363223],[39.893615,21.363005],[39.897739,21.36211],[39.903536,21.360873],[39.905747,21.360402],[39.910416,21.359406],[39.911788,21.359117],[39.915884,21.358237],[39.916797,21.358039],[39.920311,21.357266],[39.921042,21.357066],[39.921786,21.356842],[39.92239,21.356633],[39.923446,21.35619],[39.923949,21.35594],[39.924421,21.355687],[39.924993,21.355346],[39.925665,21.354893],[39.926158,21.354515],[39.926545,21.354193],[39.927508,21.353327],[39.935967,21.344532],[39.939563,21.340882],[39.94074,21.339918],[39.941519,21.339279],[39.943207,21.338116],[39.943803,21.337713],[39.945973,21.336504],[39.946625,21.336189],[39.95031,21.334303],[39.955982,21.331509],[39.957442,21.330754],[39.958857,21.330084],[39.961334,21.328867],[39.963387,21.327911],[39.96351,21.327854],[39.964974,21.327327],[39.965757,21.327065],[39.96681,21.326756],[39.967799,21.326531],[39.968926,21.326339],[39.96984,21.326221],[39.970707,21.326155],[39.972602,21.3261],[39.973796,21.326144],[39.974469,21.326184],[39.976617,21.326438],[39.97742,21.326564],[39.978627,21.326781],[39.987951,21.328639],[39.988818,21.328808],[39.989641,21.328934],[39.990938,21.329092],[39.992481,21.329217],[39.994357,21.329265],[39.995223,21.329258],[39.996077,21.329217],[39.996766,21.329166],[39.998261,21.328985],[40.004443,21.328114],[40.007292,21.327886],[40.009588,21.32794],[40.013003,21.328064],[40.014142,21.328141],[40.015239,21.328151],[40.01622,21.32813],[40.016666,21.328146],[40.016654,21.328429],[40.012735,21.328302],[40.009347,21.328169],[40.006652,21.328208],[40.005189,21.328314],[40.004982,21.32833],[39.998267,21.329267],[39.996795,21.329451],[39.996075,21.329516],[39.995236,21.329546],[39.993504,21.329542],[39.992479,21.329503],[39.9918,21.32946],[39.990844,21.329364],[39.990799,21.329536]]}",Admin,53e04c90-dfba-4e08-9332-7597ce1ed527,الراجحي,107,2026-05-12 14:03:33,2026-05-12 14:03:33
019e1c80-040d-7120-902a-0ef2d0a9654b,2,00:00,03:59,فترة ثانية,20,5171,7504385f-e792-41a8-8326-21854caef7e1,تصعيد مباشر,48a174b1-0445-44d5-8d15-f6b484620b5d,ترددي,4f208fa1-de2c-49b4-bdfa-2417d33f8162,مدخل مواقف حجاج البر,,,,bus_warehouse,646b18f1-18fc-4ce2-b471-ce297eaaa9e4,ترددي 2,bus_warehouse,646b18f1-18fc-4ce2-b471-ce297eaaa9e4,ترددي 2,,,residence,شركة الماسة الخاصة المحدودة,camp,15/608,"{""type"":""LineString"",""coordinates"":[[39.848341,21.431896],[39.848204,21.432251],[39.848639,21.432409],[39.849222,21.432644],[39.849447,21.43246],[39.849924,21.432152],[39.850223,21.432009],[39.850569,21.431846],[39.85127,21.431556],[39.851797,21.431288],[39.852096,21.431109],[39.85236,21.430894],[39.853159,21.430049],[39.853339,21.429859],[39.853562,21.429624],[39.853914,21.429253],[39.854323,21.428883],[39.854714,21.428543],[39.855154,21.42816],[39.855576,21.427793],[39.856134,21.427285],[39.856323,21.427072],[39.856561,21.426867],[39.856717,21.426548],[39.856807,21.426235],[39.856788,21.425604],[39.856715,21.425078],[39.856499,21.424808],[39.856109,21.424393],[39.855922,21.424132],[39.855621,21.423432],[39.855501,21.423086],[39.85547,21.422895],[39.855464,21.4227],[39.855572,21.421658],[39.855664,21.421465],[39.855726,21.421199],[39.855722,21.42109],[39.855666,21.420944],[39.855526,21.420785],[39.855253,21.42039],[39.854591,21.419346],[39.85444,21.419133],[39.85425,21.418837],[39.854149,21.418744],[39.85392,21.418589],[39.853838,21.41854],[39.853712,21.418472],[39.85381,21.418326],[39.854136,21.417924],[39.854526,21.41742],[39.855039,21.416754],[39.856199,21.415212],[39.856915,21.414028],[39.857548,21.412983],[39.859613,21.409567],[39.860347,21.408343],[39.861218,21.406891],[39.861848,21.405711],[39.862293,21.404805],[39.862648,21.403944],[39.863146,21.402736],[39.864457,21.399575],[39.864667,21.399101],[39.865353,21.397787],[39.865604,21.397353],[39.865839,21.397027],[39.866002,21.396835],[39.866639,21.39624],[39.867089,21.395886],[39.869109,21.394312],[39.87078,21.393016],[39.871413,21.392421],[39.871914,21.39181],[39.87245,21.39099],[39.872511,21.39085],[39.872815,21.390147],[39.873089,21.389359],[39.873632,21.387748],[39.873794,21.387223],[39.87407,21.386327],[39.874115,21.385744],[39.874141,21.385156],[39.874177,21.384349],[39.87425,21.384097],[39.874324,21.383912],[39.874375,21.383782],[39.874437,21.383626],[39.874595,21.38331],[39.875371,21.382077],[39.875662,21.381409],[39.876101,21.380031],[39.876323,21.379335],[39.8766,21.378625],[39.877126,21.377522],[39.877382,21.377085],[39.877918,21.376235],[39.878397,21.375597],[39.8791,21.374778],[39.879549,21.374304],[39.881444,21.372524],[39.884584,21.369598],[39.887345,21.367023],[39.887787,21.36661],[39.88903,21.36547],[39.889534,21.365032],[39.889791,21.364841],[39.890108,21.364606],[39.890639,21.364255],[39.891133,21.363963],[39.89165,21.363711],[39.892267,21.36344],[39.892905,21.363223],[39.893615,21.363005],[39.897739,21.36211],[39.903536,21.360873],[39.905747,21.360402],[39.910416,21.359406],[39.911788,21.359117],[39.915884,21.358237],[39.916797,21.358039],[39.920311,21.357266],[39.921042,21.357066],[39.921786,21.356842],[39.92239,21.356633],[39.923446,21.35619],[39.923949,21.35594],[39.924421,21.355687],[39.924993,21.355346],[39.925665,21.354893],[39.926158,21.354515],[39.926545,21.354193],[39.927508,21.353327],[39.935967,21.344532],[39.939563,21.340882],[39.94074,21.339918],[39.941519,21.339279],[39.943207,21.338116],[39.943803,21.337713],[39.945973,21.336504],[39.946625,21.336189],[39.95031,21.334303],[39.955982,21.331509],[39.957442,21.330754],[39.958857,21.330084],[39.961334,21.328867],[39.963387,21.327911],[39.96351,21.327854],[39.964974,21.327327],[39.965757,21.327065],[39.96681,21.326756],[39.967799,21.326531],[39.968926,21.326339],[39.96984,21.326221],[39.970707,21.326155],[39.972602,21.3261],[39.973796,21.326144],[39.974469,21.326184],[39.976617,21.326438],[39.97742,21.326564],[39.978627,21.326781],[39.987951,21.328639],[39.988818,21.328808],[39.989641,21.328934],[39.990938,21.329092],[39.992481,21.329217],[39.994357,21.329265],[39.995223,21.329258],[39.996077,21.329217],[39.996766,21.329166],[39.998261,21.328985],[40.004443,21.328114],[40.007292,21.327886],[40.009588,21.32794],[40.013003,21.328064],[40.014142,21.328141],[40.015239,21.328151],[40.01622,21.32813],[40.016666,21.328146],[40.016654,21.328429],[40.012735,21.328302],[40.009347,21.328169],[40.006652,21.328208],[40.005189,21.328314],[40.004982,21.32833],[39.998267,21.329267],[39.996795,21.329451],[39.996075,21.329516],[39.995236,21.329546],[39.993504,21.329542],[39.992479,21.329503],[39.9918,21.32946],[39.990844,21.329364],[39.990799,21.329536]]}",Admin,a8d362b4-3090-46d4-a937-1a8d863ad798,مشارق المتميزة,11,2026-05-12 14:03:32,2026-05-12 14:03:32
019e1c80-04fb-7088-8b83-eecfa02f7a5c,1,20:00,23:59,فترة اولى,20,3171,7504385f-e792-41a8-8326-21854caef7e1,تصعيد مباشر,a0bc4dde-a22d-4d68-bf95-75f45d362d66,تقليدي رد,d0aad3cb-67f5-4d3a-b28f-f748f9857466,مدخل كوبري الجامعة الأول,,,,parking,7a92132e-3f5f-42d3-a0df-28ea64bb1b86,الجامعة الجديد,parking,7a92132e-3f5f-42d3-a0df-28ea64bb1b86,الجامعة الجديد,,,residence,شركة صفات التميز و الابداع,camp,8/204,"{""type"":""LineString"",""coordinates"":[[39.876465,21.374755],[39.875949,21.374267],[39.876456,21.373783],[39.877009,21.373255],[39.876965,21.373214],[39.877518,21.372705],[39.876881,21.372113],[39.876783,21.372021],[39.876882,21.371925],[39.876977,21.372015],[39.877577,21.372581],[39.878136,21.373108],[39.878893,21.373822],[39.879341,21.374245],[39.879646,21.373959],[39.879745,21.373866],[39.880767,21.372904],[39.882348,21.371427],[39.882504,21.371282],[39.883151,21.370683],[39.883254,21.370587],[39.883356,21.370492],[39.883948,21.370084],[39.884584,21.369598],[39.887345,21.367023],[39.887787,21.36661],[39.88903,21.36547],[39.889534,21.365032],[39.889791,21.364841],[39.890108,21.364606],[39.890639,21.364255],[39.891133,21.363963],[39.89165,21.363711],[39.892267,21.36344],[39.892905,21.363223],[39.893615,21.363005],[39.897739,21.36211],[39.903536,21.360873],[39.905747,21.360402],[39.910416,21.359406],[39.911788,21.359117],[39.915884,21.358237],[39.916797,21.358039],[39.920311,21.357266],[39.921042,21.357066],[39.921786,21.356842],[39.92239,21.356633],[39.923446,21.35619],[39.923949,21.35594],[39.924421,21.355687],[39.924993,21.355346],[39.925665,21.354893],[39.926158,21.354515],[39.926545,21.354193],[39.927508,21.353327],[39.935967,21.344532],[39.939563,21.340882],[39.94074,21.339918],[39.941519,21.339279],[39.943207,21.338116],[39.943803,21.337713],[39.945973,21.336504],[39.946625,21.336189],[39.946997,21.335912],[39.94708,21.335789],[39.947107,21.335677],[39.947115,21.335547],[39.947062,21.335392],[39.946933,21.33522],[39.946726,21.335112],[39.946541,21.335092],[39.946345,21.335152],[39.946222,21.335232],[39.946115,21.335362],[39.946075,21.335527],[39.946067,21.335644],[39.946238,21.336098],[39.946449,21.336438]]}",Admin,c076b07f-1cf4-4475-a72e-e570d042d0d1,بشرى الضيافة,16,2026-05-12 14:03:32,2026-05-12 14:03:32
019e1c80-06af-711e-8363-52ea7392b267,1,20:00,23:59,فترة اولى,15,2687,7504385f-e792-41a8-8326-21854caef7e1,تصعيد مباشر,48a174b1-0445-44d5-8d15-f6b484620b5d,ترددي,4f208fa1-de2c-49b4-bdfa-2417d33f8162,مدخل مواقف حجاج البر,,,,bus_warehouse,3066fa1f-05fa-40a1-9bd2-b134cd6c9234,ترددي 3,bus_warehouse,3066fa1f-05fa-40a1-9bd2-b134cd6c9234,ترددي 3,,,residence,شركة برج الخير لادارة الأملاك,camp,2/649,"{""type"":""LineString"",""coordinates"":[[39.879118,21.397309],[39.879319,21.397205],[39.878766,21.396282],[39.878888,21.396218],[39.879717,21.395788],[39.880337,21.395466],[39.880463,21.395677],[39.880718,21.396102],[39.881695,21.395594],[39.882849,21.394999],[39.883066,21.394982],[39.883,21.394804],[39.882989,21.394644],[39.883095,21.394449],[39.88306,21.39433],[39.882892,21.393411],[39.882868,21.393262],[39.882823,21.392781],[39.882777,21.391996],[39.882831,21.391233],[39.882842,21.391173],[39.882932,21.390687],[39.883005,21.390295],[39.883139,21.389695],[39.883341,21.388771],[39.883504,21.387608],[39.883559,21.387354],[39.883502,21.387029],[39.883451,21.386934],[39.883347,21.38681],[39.883136,21.386673],[39.882211,21.386505],[39.88175,21.386371],[39.880617,21.386026],[39.880032,21.385848],[39.877725,21.385092],[39.877468,21.385009],[39.877093,21.384887],[39.876127,21.384469],[39.875577,21.384286],[39.875463,21.384248],[39.874324,21.383912],[39.874375,21.383782],[39.874437,21.383626],[39.874595,21.38331],[39.875371,21.382077],[39.875662,21.381409],[39.876101,21.380031],[39.876323,21.379335],[39.8766,21.378625],[39.877126,21.377522],[39.877382,21.377085],[39.877918,21.376235],[39.878397,21.375597],[39.8791,21.374778],[39.879549,21.374304],[39.881444,21.372524],[39.884584,21.369598],[39.887345,21.367023],[39.887787,21.36661],[39.88903,21.36547],[39.889534,21.365032],[39.889791,21.364841],[39.890108,21.364606],[39.890639,21.364255],[39.891133,21.363963],[39.89165,21.363711],[39.892267,21.36344],[39.892905,21.363223],[39.893615,21.363005],[39.897739,21.36211],[39.903536,21.360873],[39.905747,21.360402],[39.910416,21.359406],[39.911788,21.359117],[39.915884,21.358237],[39.916797,21.358039],[39.920311,21.357266],[39.921042,21.357066],[39.921786,21.356842],[39.92239,21.356633],[39.923446,21.35619],[39.923949,21.35594],[39.924421,21.355687],[39.924993,21.355346],[39.925665,21.354893],[39.926158,21.354515],[39.926545,21.354193],[39.927508,21.353327],[39.935967,21.344532],[39.939563,21.340882],[39.94074,21.339918],[39.941519,21.339279],[39.943207,21.338116],[39.943803,21.337713],[39.945973,21.336504],[39.946625,21.336189],[39.95031,21.334303],[39.955982,21.331509],[39.957442,21.330754],[39.958857,21.330084],[39.961334,21.328867],[39.963387,21.327911],[39.96351,21.327854],[39.964974,21.327327],[39.965757,21.327065],[39.96681,21.326756],[39.967799,21.326531],[39.968926,21.326339],[39.96984,21.326221],[39.970707,21.326155],[39.972602,21.3261],[39.973796,21.326144],[39.974469,21.326184],[39.976617,21.326438],[39.97742,21.326564],[39.978627,21.326781],[39.987951,21.328639],[39.988818,21.328808],[39.989641,21.328934],[39.990938,21.329092],[39.992481,21.329217],[39.994357,21.329265],[39.995223,21.329258],[39.996077,21.329217],[39.996766,21.329166],[39.998261,21.328985],[40.004443,21.328114],[40.007292,21.327886],[40.009588,21.32794],[40.013003,21.328064],[40.014142,21.328141],[40.015239,21.328151],[40.01622,21.32813],[40.016666,21.328146],[40.016654,21.328429],[40.012735,21.328302],[40.009347,21.328169],[40.006652,21.328208],[40.005189,21.328314],[40.004982,21.32833],[39.998267,21.329267],[39.996795,21.329451],[39.996075,21.329516],[39.995236,21.329546],[39.993504,21.329542],[39.992479,21.329503],[39.9918,21.32946],[39.990844,21.329364],[39.990799,21.329536]]}",Admin,53e04c90-dfba-4e08-9332-7597ce1ed527,الراجحي,126,2026-05-12 14:03:32,2026-05-12 14:03:32
019e1c7f-ff6d-7097-91dd-a852877ca02b,2,00:00,03:59,فترة ثانية,15,918,7504385f-e792-41a8-8326-21854caef7e1,تصعيد مباشر,a0bc4dde-a22d-4d68-bf95-75f45d362d66,تقليدي رد,4f208fa1-de2c-49b4-bdfa-2417d33f8162,مدخل مواقف حجاج البر,,,,parking,7cd11b31-ed19-4e26-ba8c-765318bd0a7c,100-83,parking,7cd11b31-ed19-4e26-ba8c-765318bd0a7c,100-83,,,residence,شركة جذور الفندقية شركة شخص واحد,camp,17/68,"{""type"":""LineString"",""coordinates"":[[39.837146,21.369827],[39.837511,21.369328],[39.83779,21.368948],[39.837866,21.368839],[39.838855,21.369469],[39.838965,21.369548],[39.84604,21.359856],[39.846349,21.359437],[39.8482,21.356925],[39.848523,21.356565],[39.849556,21.354996],[39.850047,21.354266],[39.850862,21.353185],[39.85096,21.353029],[39.851191,21.352605],[39.851272,21.352279],[39.851216,21.351946],[39.851034,21.351561],[39.850792,21.351371],[39.850508,21.351232],[39.850065,21.351179],[39.849669,21.351285],[39.849359,21.351535],[39.849155,21.351867],[39.849079,21.35222],[39.849146,21.352589],[39.84933,21.352904],[39.849656,21.353205],[39.852173,21.354147],[39.856512,21.355806],[39.857594,21.356029],[39.860663,21.357082],[39.862184,21.357574],[39.864937,21.357996],[39.866602,21.358251],[39.867395,21.358373],[39.867937,21.358456],[39.869955,21.358765],[39.873186,21.359274],[39.873978,21.359382],[39.874131,21.359408],[39.874631,21.359478],[39.876119,21.359705],[39.876191,21.359716],[39.876947,21.359815],[39.878139,21.359972],[39.880061,21.360244],[39.881112,21.360422],[39.882151,21.360585],[39.882562,21.360644],[39.882796,21.360677],[39.882956,21.3607],[39.884088,21.360861],[39.887109,21.36129],[39.887728,21.361378],[39.887943,21.361409],[39.891091,21.361891],[39.891262,21.361917],[39.891444,21.361945],[39.891708,21.361982],[39.894257,21.362351],[39.895083,21.362391],[39.89547,21.362415],[39.897169,21.362044],[39.898248,21.361804],[39.898411,21.361767],[39.899003,21.361642],[39.899992,21.36144],[39.900867,21.361259],[39.901076,21.361212],[39.902081,21.360988],[39.902138,21.360976],[39.902431,21.360965],[39.903214,21.360855],[39.903536,21.360873],[39.905747,21.360402],[39.910416,21.359406],[39.911788,21.359117],[39.915884,21.358237],[39.916797,21.358039],[39.920311,21.357266],[39.921042,21.357066],[39.921786,21.356842],[39.92239,21.356633],[39.923446,21.35619],[39.923949,21.35594],[39.924421,21.355687],[39.924993,21.355346],[39.925665,21.354893],[39.926158,21.354515],[39.926545,21.354193],[39.927508,21.353327],[39.935967,21.344532],[39.939563,21.340882],[39.94074,21.339918],[39.941519,21.339279],[39.943207,21.338116],[39.943803,21.337713],[39.945973,21.336504],[39.946625,21.336189],[39.95031,21.334303],[39.955982,21.331509],[39.957442,21.330754],[39.958857,21.330084],[39.961334,21.328867],[39.963387,21.327911],[39.96351,21.327854],[39.964974,21.327327],[39.965757,21.327065],[39.96681,21.326756],[39.967799,21.326531],[39.968926,21.326339],[39.96984,21.326221],[39.970707,21.326155],[39.972602,21.3261],[39.973796,21.326144],[39.974469,21.326184],[39.976617,21.326438],[39.97742,21.326564],[39.978627,21.326781],[39.987951,21.328639],[39.988818,21.328808],[39.989641,21.328934],[39.990938,21.329092],[39.992481,21.329217],[39.994357,21.329265],[39.995223,21.329258],[39.996077,21.329217],[39.996766,21.329166],[39.998261,21.328985],[40.004443,21.328114],[40.007292,21.327886],[40.009588,21.32794],[40.013003,21.328064],[40.014142,21.328141],[40.015239,21.328151],[40.01622,21.32813],[40.016666,21.328146],[40.016654,21.328429],[40.012735,21.328302],[40.009347,21.328169],[40.006652,21.328208],[40.005189,21.328314],[40.004982,21.32833],[39.998267,21.329267],[39.996795,21.329451],[39.996075,21.329516],[39.995236,21.329546],[39.993504,21.329542],[39.992479,21.329503],[39.9918,21.32946],[39.990844,21.329364],[39.990799,21.329536]]}",Admin,aabd2b1c-054c-4def-bda9-edfa61c862d1,مشارق الذهبية,9,2026-05-12 14:03:31,2026-05-12 14:03:31
019e1c80-02fe-713e-9c59-246a8fabb7ac,2,00:00,03:59,فترة ثانية,15,1788,7504385f-e792-41a8-8326-21854caef7e1,تصعيد مباشر,a0bc4dde-a22d-4d68-bf95-75f45d362d66,تقليدي رد,4b5f023a-9359-4479-9453-29221f76477f,مدخل كوبري عرفات الثاني,,,,parking,6a81cfb3-9019-4ac5-9f85-353cab5b9895,الاتصالات الجديد,parking,6a81cfb3-9019-4ac5-9f85-353cab5b9895,الاتصالات الجديد,,,residence,شركة سما الشعائر لتشغيل الفنادق,camp,16/522,"{""type"":""LineString"",""coordinates"":[[39.857565,21.439187],[39.857592,21.43973],[39.857626,21.440336],[39.857642,21.440684],[39.857663,21.440753],[39.857837,21.441325],[39.857946,21.441498],[39.858185,21.441877],[39.858845,21.443027],[39.858996,21.443241],[39.859553,21.444105],[39.859698,21.444287],[39.86018,21.444895],[39.860947,21.445822],[39.862737,21.447975],[39.864304,21.449796],[39.865196,21.450778],[39.865728,21.451285],[39.866387,21.451797],[39.866866,21.452109],[39.867317,21.452397],[39.867782,21.452646],[39.86814,21.452819],[39.868655,21.453054],[39.869473,21.453356],[39.869862,21.453518],[39.870781,21.453746],[39.875985,21.45484],[39.877029,21.455181],[39.877947,21.455643],[39.880643,21.457552],[39.880992,21.457745],[39.881633,21.458099],[39.883265,21.458741],[39.884219,21.459124],[39.884635,21.45929],[39.885551,21.459563],[39.885867,21.459657],[39.886812,21.459879],[39.887736,21.459902],[39.888228,21.459886],[39.889004,21.459835],[39.889691,21.459763],[39.890504,21.459632],[39.891212,21.459457],[39.891896,21.45921],[39.893023,21.458744],[39.893574,21.458563],[39.894874,21.458052],[39.895475,21.457709],[39.895842,21.457417],[39.896222,21.457028],[39.896445,21.456687],[39.896869,21.455477],[39.896905,21.455364],[39.897496,21.453317],[39.897974,21.452359],[39.89981,21.446587],[39.90052,21.444304],[39.902869,21.436598],[39.905729,21.427492],[39.907338,21.422403],[39.907834,21.420764],[39.908039,21.419927],[39.908217,21.419027],[39.908796,21.415399],[39.909448,21.412381],[39.909801,21.410742],[39.910417,21.407867],[39.910744,21.406484],[39.91107,21.404995],[39.911263,21.404045],[39.911284,21.403673],[39.911302,21.403357],[39.911257,21.402681],[39.91114,21.402043],[39.910943,21.40119],[39.91068,21.400436],[39.910315,21.39978],[39.909522,21.398673],[39.907607,21.396091],[39.906638,21.394806],[39.905449,21.393234],[39.90511,21.392737],[39.904041,21.391273],[39.903275,21.390257],[39.902638,21.389437],[39.9016,21.387995],[39.899849,21.385654],[39.899583,21.385322],[39.899348,21.385028],[39.898761,21.384106],[39.898022,21.382944],[39.8977,21.382403],[39.896751,21.380813],[39.896136,21.379693],[39.895593,21.378706],[39.895219,21.378043],[39.894893,21.377465],[39.894163,21.376241],[39.892811,21.374298],[39.892365,21.373684],[39.890948,21.371741],[39.887935,21.367687],[39.887116,21.366542],[39.886824,21.366327],[39.88666,21.366243],[39.886479,21.366197],[39.886271,21.366205],[39.886106,21.366251],[39.885947,21.366358],[39.885846,21.366475],[39.88578,21.366603],[39.885717,21.366779],[39.885731,21.366935],[39.88578,21.367124],[39.88586,21.367254],[39.885966,21.367343],[39.886172,21.367443],[39.886323,21.367476],[39.886517,21.367468],[39.886657,21.367433],[39.886789,21.367379],[39.887345,21.367023],[39.887787,21.36661],[39.88903,21.36547],[39.889534,21.365032],[39.889791,21.364841],[39.890108,21.364606],[39.890639,21.364255],[39.891133,21.363963],[39.89165,21.363711],[39.892267,21.36344],[39.892905,21.363223],[39.893615,21.363005],[39.897739,21.36211],[39.903536,21.360873],[39.905747,21.360402],[39.910416,21.359406],[39.911788,21.359117],[39.915884,21.358237],[39.916797,21.358039],[39.920311,21.357266],[39.921042,21.357066],[39.921786,21.356842],[39.92239,21.356633],[39.923446,21.35619],[39.923949,21.35594],[39.924421,21.355687],[39.924993,21.355346],[39.925665,21.354893],[39.926158,21.354515],[39.926545,21.354193],[39.927508,21.353327],[39.935967,21.344532],[39.939563,21.340882],[39.94074,21.339918],[39.941519,21.339279],[39.943207,21.338116],[39.943803,21.337713],[39.945973,21.336504],[39.946625,21.336189],[39.95031,21.334303],[39.955982,21.331509],[39.957442,21.330754],[39.958857,21.330084],[39.961334,21.328867],[39.963387,21.327911],[39.96351,21.327854],[39.964974,21.327327],[39.965757,21.327065],[39.96681,21.326756],[39.967204,21.326666]]}",Admin,e207f767-7c33-4dea-8471-e37792f7c72f,يسر المشاعر,210,2026-05-12 14:03:31,2026-05-12 14:03:31
019e1c80-01e9-7001-b1e7-52ba11889c58,2,00:00,03:59,فترة ثانية,10,1401,7504385f-e792-41a8-8326-21854caef7e1,تصعيد مباشر,a0bc4dde-a22d-4d68-bf95-75f45d362d66,تقليدي رد,4f208fa1-de2c-49b4-bdfa-2417d33f8162,مدخل مواقف حجاج البر,,,,parking,6a81cfb3-9019-4ac5-9f85-353cab5b9895,الاتصالات الجديد,parking,6a81cfb3-9019-4ac5-9f85-353cab5b9895,الاتصالات الجديد,,,residence,فندق اعمار المنار الفندقية,camp,16/68,"{""type"":""LineString"",""coordinates"":[[39.821942,21.413283],[39.82194,21.413279],[39.821811,21.412978],[39.821689,21.412677],[39.821415,21.412278],[39.821074,21.411474],[39.82098,21.411311],[39.820796,21.411053],[39.820984,21.411131],[39.821133,21.411136],[39.823693,21.411142],[39.824304,21.411081],[39.824887,21.411008],[39.825389,21.410965],[39.826113,21.4109],[39.826641,21.410897],[39.827167,21.410943],[39.827684,21.411038],[39.82819,21.41118],[39.828677,21.411368],[39.829042,21.411506],[39.829162,21.411558],[39.829086,21.411794],[39.828953,21.412001],[39.828732,21.412233],[39.828396,21.412501],[39.828167,21.412734],[39.828138,21.412813],[39.828092,21.413063],[39.827963,21.413896],[39.82782,21.414639],[39.827706,21.415078],[39.827692,21.415205],[39.827674,21.415692],[39.828007,21.41679],[39.828076,21.417017],[39.8285,21.416933],[39.828573,21.416917],[39.828798,21.416844],[39.829045,21.416713],[39.829337,21.416677],[39.829786,21.416694],[39.830732,21.416554],[39.831377,21.416384],[39.831718,21.416278],[39.832033,21.416152],[39.838227,21.412896],[39.838921,21.412402],[39.83955,21.411899],[39.840154,21.41138],[39.841104,21.4104],[39.841448,21.41001],[39.842328,21.408941],[39.842812,21.408322],[39.84304,21.40803],[39.846588,21.403952],[39.84699,21.403319],[39.847287,21.402708],[39.847522,21.401979],[39.847675,21.400866],[39.847757,21.400379],[39.847936,21.398697],[39.848087,21.398091],[39.848194,21.397813],[39.848526,21.397184],[39.848715,21.396921],[39.848992,21.396578],[39.849437,21.396111],[39.849685,21.395914],[39.849987,21.395705],[39.850241,21.39555],[39.850696,21.395318],[39.851103,21.395121],[39.852866,21.39428],[39.85336,21.394031],[39.853855,21.39375],[39.854267,21.393467],[39.85464,21.393184],[39.854897,21.39296],[39.855798,21.391964],[39.856536,21.391178],[39.85912,21.388568],[39.862032,21.385524],[39.863018,21.384644],[39.863957,21.384037],[39.86448,21.383738],[39.865047,21.383474],[39.865891,21.383149],[39.866999,21.382837],[39.867992,21.382698],[39.868715,21.382637],[39.869226,21.382632],[39.870011,21.382663],[39.870534,21.38271],[39.871031,21.382805],[39.872226,21.383094],[39.872622,21.383189],[39.87341,21.383495],[39.874256,21.383747],[39.874375,21.383782],[39.874437,21.383626],[39.874595,21.38331],[39.875371,21.382077],[39.875662,21.381409],[39.876101,21.380031],[39.876323,21.379335],[39.8766,21.378625],[39.877126,21.377522],[39.877382,21.377085],[39.877918,21.376235],[39.878397,21.375597],[39.8791,21.374778],[39.879549,21.374304],[39.881444,21.372524],[39.884584,21.369598],[39.887345,21.367023],[39.887787,21.36661],[39.88903,21.36547],[39.889534,21.365032],[39.889791,21.364841],[39.890108,21.364606],[39.890639,21.364255],[39.891133,21.363963],[39.89165,21.363711],[39.892267,21.36344],[39.892905,21.363223],[39.893615,21.363005],[39.897739,21.36211],[39.903536,21.360873],[39.905747,21.360402],[39.910416,21.359406],[39.911788,21.359117],[39.915884,21.358237],[39.916797,21.358039],[39.920311,21.357266],[39.921042,21.357066],[39.921786,21.356842],[39.92239,21.356633],[39.923446,21.35619],[39.923949,21.35594],[39.924421,21.355687],[39.924993,21.355346],[39.925665,21.354893],[39.926158,21.354515],[39.926545,21.354193],[39.927508,21.353327],[39.935967,21.344532],[39.939563,21.340882],[39.94074,21.339918],[39.941519,21.339279],[39.943207,21.338116],[39.943803,21.337713],[39.945973,21.336504],[39.946625,21.336189],[39.95031,21.334303],[39.955982,21.331509],[39.957442,21.330754],[39.958857,21.330084],[39.961334,21.328867],[39.963387,21.327911],[39.96351,21.327854],[39.964974,21.327327],[39.965757,21.327065],[39.96681,21.326756],[39.967799,21.326531],[39.968926,21.326339],[39.96984,21.326221],[39.970707,21.326155],[39.972602,21.3261],[39.973796,21.326144],[39.974469,21.326184],[39.976617,21.326438],[39.97742,21.326564],[39.978627,21.326781],[39.987951,21.328639],[39.988818,21.328808],[39.989641,21.328934],[39.990938,21.329092],[39.992481,21.329217],[39.994357,21.329265],[39.995223,21.329258],[39.996077,21.329217],[39.996766,21.329166],[39.998261,21.328985],[40.004443,21.328114],[40.007292,21.327886],[40.009588,21.32794],[40.013003,21.328064],[40.014142,21.328141],[40.015239,21.328151],[40.01622,21.32813],[40.016666,21.328146],[40.016654,21.328429],[40.012735,21.328302],[40.009347,21.328169],[40.006652,21.328208],[40.005189,21.328314],[40.004982,21.32833],[39.998267,21.329267],[39.996795,21.329451],[39.996075,21.329516],[39.995236,21.329546],[39.993504,21.329542],[39.992479,21.329503],[39.9918,21.32946],[39.990844,21.329364],[39.990799,21.329536]]}",Admin,806536a5-c86c-4e09-acca-ee8a888042e2,إكرام الضيف,112,2026-05-12 14:03:31,2026-05-12 14:03:31
019e1c80-0075-71e2-8db7-5c2db8c9593c,3,04:00,08:00,فترة ثالثة,15,3496,7504385f-e792-41a8-8326-21854caef7e1,تصعيد مباشر,48a174b1-0445-44d5-8d15-f6b484620b5d,ترددي,4f208fa1-de2c-49b4-bdfa-2417d33f8162,مدخل مواقف حجاج البر,,,,bus_warehouse,78d92381-0800-44ed-ad7b-9ff92b62e4b6,ترددي 1,bus_warehouse,78d92381-0800-44ed-ad7b-9ff92b62e4b6,ترددي 1,,,residence,شركة الياسمين الرائدة لادارة الأملاك شركة شخص واحد,camp,16/524,"{""type"":""LineString"",""coordinates"":[[39.816857,21.401195],[39.817044,21.40159],[39.81733,21.402295],[39.819773,21.401398],[39.819919,21.401331],[39.8204,21.401034],[39.821916,21.399889],[39.823429,21.398723],[39.82413,21.398203],[39.824494,21.397912],[39.825012,21.397538],[39.825231,21.397408],[39.825791,21.39727],[39.825726,21.395513],[39.82572,21.395364],[39.825694,21.393973],[39.825632,21.391763],[39.825569,21.39041],[39.825426,21.388622],[39.825407,21.388044],[39.825496,21.387593],[39.825749,21.386994],[39.825806,21.38686],[39.826226,21.386186],[39.826372,21.385951],[39.826832,21.385414],[39.827396,21.384783],[39.827497,21.38467],[39.827708,21.384644],[39.828992,21.384535],[39.829244,21.384519],[39.829855,21.38437],[39.831122,21.383987],[39.831785,21.383827],[39.832342,21.383768],[39.832689,21.383765],[39.833425,21.383788],[39.834009,21.38386],[39.834378,21.383974],[39.834634,21.384054],[39.835276,21.384458],[39.835525,21.384616],[39.835729,21.384746],[39.835976,21.384932],[39.836262,21.385178],[39.838411,21.38745],[39.838733,21.387759],[39.839259,21.388169],[39.839699,21.388429],[39.840246,21.388658],[39.840634,21.388749],[39.841231,21.388838],[39.842264,21.388921],[39.843922,21.389083],[39.845957,21.389246],[39.846384,21.389345],[39.847035,21.389539],[39.847266,21.389645],[39.84768,21.389836],[39.848252,21.390213],[39.848953,21.390805],[39.849588,21.39154],[39.850018,21.392085],[39.850446,21.392585],[39.851391,21.393633],[39.851581,21.393812],[39.851774,21.393938],[39.852046,21.394056],[39.852337,21.394122],[39.85254,21.394143],[39.852726,21.394133],[39.852959,21.394071],[39.853614,21.393779],[39.85405,21.393471],[39.854566,21.393024],[39.855648,21.391708],[39.855996,21.391461],[39.856181,21.391287],[39.856525,21.391018],[39.85717,21.390408],[39.857709,21.389855],[39.858217,21.389318],[39.85912,21.388568],[39.862032,21.385524],[39.863018,21.384644],[39.863957,21.384037],[39.86448,21.383738],[39.865047,21.383474],[39.865891,21.383149],[39.866999,21.382837],[39.867992,21.382698],[39.868715,21.382637],[39.869226,21.382632],[39.870011,21.382663],[39.870534,21.38271],[39.871031,21.382805],[39.872226,21.383094],[39.872622,21.383189],[39.87341,21.383495],[39.874256,21.383747],[39.874375,21.383782],[39.874437,21.383626],[39.874595,21.38331],[39.875371,21.382077],[39.875662,21.381409],[39.876101,21.380031],[39.876323,21.379335],[39.8766,21.378625],[39.877126,21.377522],[39.877382,21.377085],[39.877918,21.376235],[39.878397,21.375597],[39.8791,21.374778],[39.879549,21.374304],[39.881444,21.372524],[39.884584,21.369598],[39.887345,21.367023],[39.887787,21.36661],[39.88903,21.36547],[39.889534,21.365032],[39.889791,21.364841],[39.890108,21.364606],[39.890639,21.364255],[39.891133,21.363963],[39.89165,21.363711],[39.892267,21.36344],[39.892905,21.363223],[39.893615,21.363005],[39.897739,21.36211],[39.903536,21.360873],[39.905747,21.360402],[39.910416,21.359406],[39.911788,21.359117],[39.915884,21.358237],[39.916797,21.358039],[39.920311,21.357266],[39.921042,21.357066],[39.921786,21.356842],[39.92239,21.356633],[39.923446,21.35619],[39.923949,21.35594],[39.924421,21.355687],[39.924993,21.355346],[39.925665,21.354893],[39.926158,21.354515],[39.926545,21.354193],[39.927508,21.353327],[39.935967,21.344532],[39.939563,21.340882],[39.94074,21.339918],[39.941519,21.339279],[39.943207,21.338116],[39.943803,21.337713],[39.945973,21.336504],[39.946625,21.336189],[39.95031,21.334303],[39.955982,21.331509],[39.957442,21.330754],[39.958857,21.330084],[39.961334,21.328867],[39.963387,21.327911],[39.96351,21.327854],[39.964974,21.327327],[39.965757,21.327065],[39.96681,21.326756],[39.967799,21.326531],[39.968926,21.326339],[39.96984,21.326221],[39.970707,21.326155],[39.972602,21.3261],[39.973796,21.326144],[39.974469,21.326184],[39.976617,21.326438],[39.97742,21.326564],[39.978627,21.326781],[39.987951,21.328639],[39.988818,21.328808],[39.989641,21.328934],[39.990938,21.329092],[39.992481,21.329217],[39.994357,21.329265],[39.995223,21.329258],[39.996077,21.329217],[39.996766,21.329166],[39.998261,21.328985],[40.004443,21.328114],[40.007292,21.327886],[40.009588,21.32794],[40.013003,21.328064],[40.014142,21.328141],[40.015239,21.328151],[40.01622,21.32813],[40.016666,21.328146],[40.016654,21.328429],[40.012735,21.328302],[40.009347,21.328169],[40.006652,21.328208],[40.005189,21.328314],[40.004982,21.32833],[39.998267,21.329267],[39.996795,21.329451],[39.996075,21.329516],[39.995236,21.329546],[39.993504,21.329542],[39.992479,21.329503],[39.9918,21.32946],[39.990844,21.329364],[39.990799,21.329536]]}",Admin,6f634c93-b9c8-4552-94aa-422e027f4c34,إثراء الجود,4,2026-05-12 14:03:31,2026-05-12 14:03:31
019e1c7f-fe6b-70d5-bfcc-6dbeaed818df,3,04:00,08:00,فترة ثالثة,15,1280,7504385f-e792-41a8-8326-21854caef7e1,تصعيد مباشر,a0bc4dde-a22d-4d68-bf95-75f45d362d66,تقليدي رد,d0aad3cb-67f5-4d3a-b28f-f748f9857466,مدخل كوبري الجامعة الأول,,,,parking,6a81cfb3-9019-4ac5-9f85-353cab5b9895,الاتصالات الجديد,parking,6a81cfb3-9019-4ac5-9f85-353cab5b9895,الاتصالات الجديد,,,residence,شركة الماسة الخاصة المحدودة,camp,17/206,"{""type"":""LineString"",""coordinates"":[[39.848341,21.431896],[39.848204,21.432251],[39.848639,21.432409],[39.849222,21.432644],[39.849447,21.43246],[39.849924,21.432152],[39.850223,21.432009],[39.850569,21.431846],[39.85127,21.431556],[39.851797,21.431288],[39.852096,21.431109],[39.85236,21.430894],[39.853159,21.430049],[39.853339,21.429859],[39.853562,21.429624],[39.853914,21.429253],[39.854323,21.428883],[39.854714,21.428543],[39.855154,21.42816],[39.855576,21.427793],[39.856134,21.427285],[39.856323,21.427072],[39.856561,21.426867],[39.856717,21.426548],[39.856807,21.426235],[39.856788,21.425604],[39.856715,21.425078],[39.856499,21.424808],[39.856109,21.424393],[39.855922,21.424132],[39.855621,21.423432],[39.855501,21.423086],[39.85547,21.422895],[39.855464,21.4227],[39.855572,21.421658],[39.855664,21.421465],[39.855726,21.421199],[39.855722,21.42109],[39.855666,21.420944],[39.855526,21.420785],[39.855253,21.42039],[39.854591,21.419346],[39.85444,21.419133],[39.85425,21.418837],[39.854149,21.418744],[39.85392,21.418589],[39.853838,21.41854],[39.853712,21.418472],[39.85381,21.418326],[39.854136,21.417924],[39.854526,21.41742],[39.855039,21.416754],[39.856199,21.415212],[39.856915,21.414028],[39.857548,21.412983],[39.859613,21.409567],[39.860347,21.408343],[39.861218,21.406891],[39.861848,21.405711],[39.862293,21.404805],[39.862648,21.403944],[39.863146,21.402736],[39.864457,21.399575],[39.864667,21.399101],[39.865353,21.397787],[39.865604,21.397353],[39.865839,21.397027],[39.866002,21.396835],[39.866639,21.39624],[39.867089,21.395886],[39.869109,21.394312],[39.87078,21.393016],[39.871413,21.392421],[39.871914,21.39181],[39.87245,21.39099],[39.872511,21.39085],[39.872815,21.390147],[39.873089,21.389359],[39.873632,21.387748],[39.873794,21.387223],[39.87407,21.386327],[39.874115,21.385744],[39.874141,21.385156],[39.874177,21.384349],[39.87425,21.384097],[39.874324,21.383912],[39.874375,21.383782],[39.874437,21.383626],[39.874595,21.38331],[39.875371,21.382077],[39.875662,21.381409],[39.876101,21.380031],[39.876323,21.379335],[39.8766,21.378625],[39.877126,21.377522],[39.877382,21.377085],[39.877918,21.376235],[39.878397,21.375597],[39.8791,21.374778],[39.879549,21.374304],[39.881444,21.372524],[39.884584,21.369598],[39.887345,21.367023],[39.887787,21.36661],[39.88903,21.36547],[39.889534,21.365032],[39.889791,21.364841],[39.890108,21.364606],[39.890639,21.364255],[39.891133,21.363963],[39.89165,21.363711],[39.892267,21.36344],[39.892905,21.363223],[39.893615,21.363005],[39.897739,21.36211],[39.903536,21.360873],[39.905747,21.360402],[39.910416,21.359406],[39.911788,21.359117],[39.915884,21.358237],[39.916797,21.358039],[39.920311,21.357266],[39.921042,21.357066],[39.921786,21.356842],[39.92239,21.356633],[39.923446,21.35619],[39.923949,21.35594],[39.924421,21.355687],[39.924993,21.355346],[39.925665,21.354893],[39.926158,21.354515],[39.926545,21.354193],[39.927508,21.353327],[39.935967,21.344532],[39.939563,21.340882],[39.94074,21.339918],[39.941519,21.339279],[39.943207,21.338116],[39.943803,21.337713],[39.945973,21.336504],[39.946625,21.336189],[39.946997,21.335912],[39.94708,21.335789],[39.947107,21.335677],[39.947115,21.335547],[39.947062,21.335392],[39.946933,21.33522],[39.946726,21.335112],[39.946541,21.335092],[39.946345,21.335152],[39.946222,21.335232],[39.946115,21.335362],[39.946075,21.335527],[39.946067,21.335644],[39.946238,21.336098],[39.946449,21.336438]]}",Admin,806536a5-c86c-4e09-acca-ee8a888042e2,إكرام الضيف,104,2026-05-12 14:03:30,2026-05-12 14:03:30
019e1c7f-fd5c-73d5-ab51-da7b7f7e9d59,2,00:00,03:59,فترة ثانية,20,3464,7504385f-e792-41a8-8326-21854caef7e1,تصعيد مباشر,48a174b1-0445-44d5-8d15-f6b484620b5d,ترددي,4f208fa1-de2c-49b4-bdfa-2417d33f8162,مدخل مواقف حجاج البر,,,,bus_warehouse,646b18f1-18fc-4ce2-b471-ce297eaaa9e4,ترددي 2,bus_warehouse,646b18f1-18fc-4ce2-b471-ce297eaaa9e4,ترددي 2,,,residence,شركة زهرة المدائن الفندقية شركة شخص واحد,camp,19/608,"{""type"":""LineString"",""coordinates"":[[39.829265,21.41906],[39.829048,21.419064],[39.828723,21.419044],[39.828325,21.418973],[39.827934,21.418861],[39.827776,21.418778],[39.82756,21.418579],[39.827383,21.41831],[39.827122,21.417994],[39.826763,21.417768],[39.826241,21.417593],[39.825747,21.417536],[39.825184,21.417559],[39.824712,21.417677],[39.824252,21.417919],[39.823772,21.41833],[39.823528,21.418509],[39.823221,21.418639],[39.822601,21.418721],[39.820049,21.419168],[39.819719,21.419234],[39.819454,21.419286],[39.818712,21.419458],[39.818235,21.419644],[39.817971,21.419795],[39.817705,21.420003],[39.817512,21.420198],[39.8173,21.420479],[39.81702,21.421057],[39.816943,21.421348],[39.816883,21.421671],[39.816872,21.421817],[39.816848,21.422236],[39.816857,21.422544],[39.816918,21.422881],[39.817028,21.42323],[39.81718,21.423613],[39.817446,21.424194],[39.817768,21.424951],[39.818013,21.425398],[39.818773,21.426295],[39.819143,21.426635],[39.819449,21.426867],[39.819925,21.427143],[39.820211,21.427254],[39.820308,21.427292],[39.821109,21.427502],[39.821755,21.427626],[39.82194,21.427667],[39.823144,21.427898],[39.825377,21.428173],[39.826502,21.428168],[39.827094,21.428112],[39.827734,21.427987],[39.82828,21.427817],[39.828425,21.427758],[39.829059,21.427452],[39.829362,21.427269],[39.829849,21.426937],[39.830432,21.426457],[39.831018,21.425964],[39.831483,21.425463],[39.83168,21.425154],[39.831926,21.42471],[39.832105,21.424267],[39.832678,21.422668],[39.832908,21.422197],[39.832979,21.421954],[39.832995,21.421726],[39.832968,21.421278],[39.832927,21.421034],[39.83283,21.420727],[39.832731,21.420605],[39.832651,21.420538],[39.832563,21.420499],[39.832476,21.4205],[39.832374,21.420535],[39.832201,21.420861],[39.832172,21.420967],[39.832168,21.421079],[39.832183,21.421174],[39.832273,21.421282],[39.833266,21.422326],[39.83351,21.422555],[39.833692,21.42261],[39.833898,21.422641],[39.834238,21.422617],[39.834413,21.422597],[39.834643,21.422554],[39.842963,21.421445],[39.843901,21.421349],[39.844575,21.421303],[39.845233,21.42127],[39.846332,21.421259],[39.847368,21.421227],[39.847802,21.421211],[39.848334,21.421188],[39.849191,21.421167],[39.850454,21.421049],[39.851183,21.420947],[39.851521,21.420819],[39.851827,21.42067],[39.852143,21.420443],[39.852385,21.420171],[39.853182,21.4192],[39.853454,21.418683],[39.853662,21.418375],[39.854049,21.41786],[39.854388,21.417419],[39.854815,21.416871],[39.854832,21.41685],[39.855039,21.416754],[39.856199,21.415212],[39.856915,21.414028],[39.857548,21.412983],[39.859613,21.409567],[39.860347,21.408343],[39.861218,21.406891],[39.861848,21.405711],[39.862293,21.404805],[39.862648,21.403944],[39.863146,21.402736],[39.864457,21.399575],[39.864667,21.399101],[39.865353,21.397787],[39.865604,21.397353],[39.865839,21.397027],[39.866002,21.396835],[39.866639,21.39624],[39.867089,21.395886],[39.869109,21.394312],[39.87078,21.393016],[39.871413,21.392421],[39.871914,21.39181],[39.87245,21.39099],[39.872511,21.39085],[39.872815,21.390147],[39.873089,21.389359],[39.873632,21.387748],[39.873794,21.387223],[39.87407,21.386327],[39.874115,21.385744],[39.874141,21.385156],[39.874177,21.384349],[39.87425,21.384097],[39.874324,21.383912],[39.874375,21.383782],[39.874437,21.383626],[39.874595,21.38331],[39.875371,21.382077],[39.875662,21.381409],[39.876101,21.380031],[39.876323,21.379335],[39.8766,21.378625],[39.877126,21.377522],[39.877382,21.377085],[39.877918,21.376235],[39.878397,21.375597],[39.8791,21.374778],[39.879549,21.374304],[39.881444,21.372524],[39.884584,21.369598],[39.887345,21.367023],[39.887787,21.36661],[39.88903,21.36547],[39.889534,21.365032],[39.889791,21.364841],[39.890108,21.364606],[39.890639,21.364255],[39.891133,21.363963],[39.89165,21.363711],[39.892267,21.36344],[39.892905,21.363223],[39.893615,21.363005],[39.897739,21.36211],[39.903536,21.360873],[39.905747,21.360402],[39.910416,21.359406],[39.911788,21.359117],[39.915884,21.358237],[39.916797,21.358039],[39.920311,21.357266],[39.921042,21.357066],[39.921786,21.356842],[39.92239,21.356633],[39.923446,21.35619],[39.923949,21.35594],[39.924421,21.355687],[39.924993,21.355346],[39.925665,21.354893],[39.926158,21.354515],[39.926545,21.354193],[39.927508,21.353327],[39.935967,21.344532],[39.939563,21.340882],[39.94074,21.339918],[39.941519,21.339279],[39.943207,21.338116],[39.943803,21.337713],[39.945973,21.336504],[39.946625,21.336189],[39.95031,21.334303],[39.955982,21.331509],[39.957442,21.330754],[39.958857,21.330084],[39.961334,21.328867],[39.963387,21.327911],[39.96351,21.327854],[39.964974,21.327327],[39.965757,21.327065],[39.96681,21.326756],[39.967799,21.326531],[39.968926,21.326339],[39.96984,21.326221],[39.970707,21.326155],[39.972602,21.3261],[39.973796,21.326144],[39.974469,21.326184],[39.976617,21.326438],[39.97742,21.326564],[39.978627,21.326781],[39.987951,21.328639],[39.988818,21.328808],[39.989641,21.328934],[39.990938,21.329092],[39.992481,21.329217],[39.994357,21.329265],[39.995223,21.329258],[39.996077,21.329217],[39.996766,21.329166],[39.998261,21.328985],[40.004443,21.328114],[40.007292,21.327886],[40.009588,21.32794],[40.013003,21.328064],[40.014142,21.328141],[40.015239,21.328151],[40.01622,21.32813],[40.016666,21.328146],[40.016654,21.328429],[40.012735,21.328302],[40.009347,21.328169],[40.006652,21.328208],[40.005189,21.328314],[40.004982,21.32833],[39.998267,21.329267],[39.996795,21.329451],[39.996075,21.329516],[39.995236,21.329546],[39.993504,21.329542],[39.992479,21.329503],[39.9918,21.32946],[39.990844,21.329364],[39.990799,21.329536]]}",Admin,a8d362b4-3090-46d4-a937-1a8d863ad798,مشارق المتميزة,23,2026-05-12 14:03:30,2026-05-12 14:03:30
019e1c7f-fc4d-701f-b06a-6219fb820ba3,1,20:00,23:59,فترة اولى,15,2014,7504385f-e792-41a8-8326-21854caef7e1,تصعيد مباشر,a0bc4dde-a22d-4d68-bf95-75f45d362d66,تقليدي رد,d0aad3cb-67f5-4d3a-b28f-f748f9857466,مدخل كوبري الجامعة الأول,,,,parking,6a81cfb3-9019-4ac5-9f85-353cab5b9895,الاتصالات الجديد,parking,6a81cfb3-9019-4ac5-9f85-353cab5b9895,الاتصالات الجديد,,,residence,شركة عرفات الذهبية,camp,19/206,"{""type"":""LineString"",""coordinates"":[[39.815681,21.384201],[39.816136,21.38462],[39.816961,21.385383],[39.817588,21.385816],[39.81871,21.386375],[39.818845,21.386442],[39.819688,21.386198],[39.820663,21.386013],[39.820764,21.386001],[39.821644,21.3859],[39.822995,21.385888],[39.823279,21.385872],[39.823736,21.385848],[39.824574,21.385688],[39.82523,21.385469],[39.826102,21.385062],[39.826315,21.384963],[39.826569,21.384868],[39.827228,21.384711],[39.827497,21.38467],[39.827708,21.384644],[39.828992,21.384535],[39.829244,21.384519],[39.829855,21.38437],[39.831122,21.383987],[39.831785,21.383827],[39.832342,21.383768],[39.832689,21.383765],[39.833425,21.383788],[39.834009,21.38386],[39.834378,21.383974],[39.834634,21.384054],[39.835276,21.384458],[39.835525,21.384616],[39.835729,21.384746],[39.835976,21.384932],[39.836262,21.385178],[39.838411,21.38745],[39.838733,21.387759],[39.839259,21.388169],[39.839699,21.388429],[39.840246,21.388658],[39.840634,21.388749],[39.841231,21.388838],[39.842264,21.388921],[39.843922,21.389083],[39.845957,21.389246],[39.846384,21.389345],[39.847035,21.389539],[39.847266,21.389645],[39.84768,21.389836],[39.848252,21.390213],[39.848953,21.390805],[39.849588,21.39154],[39.850018,21.392085],[39.850446,21.392585],[39.851391,21.393633],[39.851581,21.393812],[39.851774,21.393938],[39.852046,21.394056],[39.852337,21.394122],[39.85254,21.394143],[39.852726,21.394133],[39.852959,21.394071],[39.853614,21.393779],[39.85405,21.393471],[39.854566,21.393024],[39.855648,21.391708],[39.855996,21.391461],[39.856181,21.391287],[39.856525,21.391018],[39.85717,21.390408],[39.857709,21.389855],[39.858217,21.389318],[39.85912,21.388568],[39.862032,21.385524],[39.863018,21.384644],[39.863957,21.384037],[39.86448,21.383738],[39.865047,21.383474],[39.865891,21.383149],[39.866999,21.382837],[39.867992,21.382698],[39.868715,21.382637],[39.869226,21.382632],[39.870011,21.382663],[39.870534,21.38271],[39.871031,21.382805],[39.872226,21.383094],[39.872622,21.383189],[39.87341,21.383495],[39.874256,21.383747],[39.874375,21.383782],[39.874437,21.383626],[39.874595,21.38331],[39.875371,21.382077],[39.875662,21.381409],[39.876101,21.380031],[39.876323,21.379335],[39.8766,21.378625],[39.877126,21.377522],[39.877382,21.377085],[39.877918,21.376235],[39.878397,21.375597],[39.8791,21.374778],[39.879549,21.374304],[39.881444,21.372524],[39.884584,21.369598],[39.887345,21.367023],[39.887787,21.36661],[39.88903,21.36547],[39.889534,21.365032],[39.889791,21.364841],[39.890108,21.364606],[39.890639,21.364255],[39.891133,21.363963],[39.89165,21.363711],[39.892267,21.36344],[39.892905,21.363223],[39.893615,21.363005],[39.897739,21.36211],[39.903536,21.360873],[39.905747,21.360402],[39.910416,21.359406],[39.911788,21.359117],[39.915884,21.358237],[39.916797,21.358039],[39.920311,21.357266],[39.921042,21.357066],[39.921786,21.356842],[39.92239,21.356633],[39.923446,21.35619],[39.923949,21.35594],[39.924421,21.355687],[39.924993,21.355346],[39.925665,21.354893],[39.926158,21.354515],[39.926545,21.354193],[39.927508,21.353327],[39.935967,21.344532],[39.939563,21.340882],[39.94074,21.339918],[39.941519,21.339279],[39.943207,21.338116],[39.943803,21.337713],[39.945973,21.336504],[39.946625,21.336189],[39.946997,21.335912],[39.94708,21.335789],[39.947107,21.335677],[39.947115,21.335547],[39.947062,21.335392],[39.946933,21.33522],[39.946726,21.335112],[39.946541,21.335092],[39.946345,21.335152],[39.946222,21.335232],[39.946115,21.335362],[39.946075,21.335527],[39.946067,21.335644],[39.946238,21.336098],[39.946449,21.336438]]}",Admin,806536a5-c86c-4e09-acca-ee8a888042e2,إكرام الضيف,105,2026-05-12 14:03:30,2026-05-12 14:03:30
019e1c7f-fb4a-7375-95e3-b066b7f538d3,2,00:00,03:59,فترة ثانية,20,3934,7504385f-e792-41a8-8326-21854caef7e1,تصعيد مباشر,a0bc4dde-a22d-4d68-bf95-75f45d362d66,تقليدي رد,4b5f023a-9359-4479-9453-29221f76477f,مدخل كوبري عرفات الثاني,,,,parking,6a81cfb3-9019-4ac5-9f85-353cab5b9895,الاتصالات الجديد,parking,6a81cfb3-9019-4ac5-9f85-353cab5b9895,الاتصالات الجديد,,,residence,شركة ميسان الصفوة الفندقية شخص واحد,camp,18/520,"{""type"":""LineString"",""coordinates"":[[39.873175,21.404447],[39.872689,21.403827],[39.873404,21.403267],[39.87278,21.402488],[39.872569,21.402211],[39.872437,21.402036],[39.872124,21.401526],[39.871671,21.400764],[39.871595,21.400637],[39.870867,21.399373],[39.870643,21.39901],[39.870454,21.398671],[39.870396,21.398549],[39.870288,21.398356],[39.870181,21.398187],[39.870064,21.397989],[39.87003,21.397921],[39.869721,21.397456],[39.869172,21.396648],[39.869007,21.396436],[39.868854,21.396241],[39.868485,21.395785],[39.868221,21.395521],[39.868098,21.395395],[39.867888,21.395173],[39.86786,21.395103],[39.867877,21.395036],[39.868137,21.394842],[39.868449,21.394587],[39.869498,21.393757],[39.870132,21.393335],[39.870383,21.393174],[39.870545,21.393066],[39.871016,21.392654],[39.871501,21.392134],[39.871827,21.391707],[39.872067,21.39133],[39.872511,21.39085],[39.872815,21.390147],[39.873089,21.389359],[39.873632,21.387748],[39.873794,21.387223],[39.87407,21.386327],[39.874115,21.385744],[39.874141,21.385156],[39.874177,21.384349],[39.87425,21.384097],[39.874324,21.383912],[39.874375,21.383782],[39.874437,21.383626],[39.874595,21.38331],[39.875371,21.382077],[39.875662,21.381409],[39.876101,21.380031],[39.876323,21.379335],[39.8766,21.378625],[39.877126,21.377522],[39.877382,21.377085],[39.877918,21.376235],[39.878397,21.375597],[39.8791,21.374778],[39.879549,21.374304],[39.881444,21.372524],[39.884584,21.369598],[39.887345,21.367023],[39.887787,21.36661],[39.88903,21.36547],[39.889534,21.365032],[39.889791,21.364841],[39.890108,21.364606],[39.890639,21.364255],[39.891133,21.363963],[39.89165,21.363711],[39.892267,21.36344],[39.892905,21.363223],[39.893615,21.363005],[39.897739,21.36211],[39.903536,21.360873],[39.905747,21.360402],[39.910416,21.359406],[39.911788,21.359117],[39.915884,21.358237],[39.916797,21.358039],[39.920311,21.357266],[39.921042,21.357066],[39.921786,21.356842],[39.92239,21.356633],[39.923446,21.35619],[39.923949,21.35594],[39.924421,21.355687],[39.924993,21.355346],[39.925665,21.354893],[39.926158,21.354515],[39.926545,21.354193],[39.927508,21.353327],[39.935967,21.344532],[39.939563,21.340882],[39.94074,21.339918],[39.941519,21.339279],[39.943207,21.338116],[39.943803,21.337713],[39.945973,21.336504],[39.946625,21.336189],[39.95031,21.334303],[39.955982,21.331509],[39.957442,21.330754],[39.958857,21.330084],[39.961334,21.328867],[39.963387,21.327911],[39.96351,21.327854],[39.964974,21.327327],[39.965757,21.327065],[39.96681,21.326756],[39.967204,21.326666]]}",Admin,e207f767-7c33-4dea-8471-e37792f7c72f,يسر المشاعر,212,2026-05-12 14:03:29,2026-05-12 14:03:29
019e1c7f-f906-727d-bcdd-475cf5e75441,1,20:00,23:59,فترة اولى,15,2024,7504385f-e792-41a8-8326-21854caef7e1,تصعيد مباشر,a0bc4dde-a22d-4d68-bf95-75f45d362d66,تقليدي رد,d0aad3cb-67f5-4d3a-b28f-f748f9857466,مدخل كوبري الجامعة الأول,,,,parking,6a81cfb3-9019-4ac5-9f85-353cab5b9895,الاتصالات الجديد,parking,6a81cfb3-9019-4ac5-9f85-353cab5b9895,الاتصالات الجديد,,,residence,شركة المستحدث للمقاولات شركة ذات المسؤولية المحدودة من,camp,2/207,"{""type"":""LineString"",""coordinates"":[[39.874993,21.393491],[39.874374,21.393812],[39.874118,21.393378],[39.873863,21.392945],[39.873202,21.393286],[39.873601,21.393951],[39.873481,21.394022],[39.873075,21.393362],[39.872757,21.392845],[39.872503,21.39235],[39.87242,21.392246],[39.872301,21.39217],[39.872178,21.392143],[39.872058,21.392157],[39.871891,21.392203],[39.871795,21.392305],[39.870829,21.393218],[39.870392,21.393571],[39.869931,21.393956],[39.868734,21.394889],[39.868615,21.394942],[39.868534,21.39495],[39.868438,21.394915],[39.868391,21.394839],[39.868382,21.394765],[39.868449,21.394587],[39.869498,21.393757],[39.870132,21.393335],[39.870383,21.393174],[39.870545,21.393066],[39.871016,21.392654],[39.871501,21.392134],[39.871827,21.391707],[39.872067,21.39133],[39.872511,21.39085],[39.872815,21.390147],[39.873089,21.389359],[39.873632,21.387748],[39.873794,21.387223],[39.87407,21.386327],[39.874115,21.385744],[39.874141,21.385156],[39.874177,21.384349],[39.87425,21.384097],[39.874324,21.383912],[39.874375,21.383782],[39.874437,21.383626],[39.874595,21.38331],[39.875371,21.382077],[39.875662,21.381409],[39.876101,21.380031],[39.876323,21.379335],[39.8766,21.378625],[39.877126,21.377522],[39.877382,21.377085],[39.877918,21.376235],[39.878397,21.375597],[39.8791,21.374778],[39.879549,21.374304],[39.881444,21.372524],[39.884584,21.369598],[39.887345,21.367023],[39.887787,21.36661],[39.88903,21.36547],[39.889534,21.365032],[39.889791,21.364841],[39.890108,21.364606],[39.890639,21.364255],[39.891133,21.363963],[39.89165,21.363711],[39.892267,21.36344],[39.892905,21.363223],[39.893615,21.363005],[39.897739,21.36211],[39.903536,21.360873],[39.905747,21.360402],[39.910416,21.359406],[39.911788,21.359117],[39.915884,21.358237],[39.916797,21.358039],[39.920311,21.357266],[39.921042,21.357066],[39.921786,21.356842],[39.92239,21.356633],[39.923446,21.35619],[39.923949,21.35594],[39.924421,21.355687],[39.924993,21.355346],[39.925665,21.354893],[39.926158,21.354515],[39.926545,21.354193],[39.927508,21.353327],[39.935967,21.344532],[39.939563,21.340882],[39.94074,21.339918],[39.941519,21.339279],[39.943207,21.338116],[39.943803,21.337713],[39.945973,21.336504],[39.946625,21.336189],[39.946997,21.335912],[39.94708,21.335789],[39.947107,21.335677],[39.947115,21.335547],[39.947062,21.335392],[39.946933,21.33522],[39.946726,21.335112],[39.946541,21.335092],[39.946345,21.335152],[39.946222,21.335232],[39.946115,21.335362],[39.946075,21.335527],[39.946067,21.335644],[39.946238,21.336098],[39.946449,21.336438]]}",Admin,91a7aeb8-caf0-42b0-b9b7-90982be51219,اثراء الخير,20,2026-05-12 14:03:29,2026-05-12 14:03:29
019e1c7f-fa23-7125-b967-2d50f8879c6d,1,20:00,23:59,فترة اولى,10,1543,7504385f-e792-41a8-8326-21854caef7e1,تصعيد مباشر,a0bc4dde-a22d-4d68-bf95-75f45d362d66,تقليدي رد,4b5f023a-9359-4479-9453-29221f76477f,مدخل كوبري عرفات الثاني,,,,parking,6a81cfb3-9019-4ac5-9f85-353cab5b9895,الاتصالات الجديد,parking,6a81cfb3-9019-4ac5-9f85-353cab5b9895,الاتصالات الجديد,,,residence,شركة القوافل العالمية للمقاولات شخص واحد,camp,2/506,"{""type"":""LineString"",""coordinates"":[[39.867276,21.409118],[39.867943,21.408443],[39.868312,21.408747],[39.868464,21.40859],[39.869054,21.407949],[39.869771,21.407252],[39.870293,21.406855],[39.870803,21.406467],[39.871639,21.405884],[39.872473,21.405289],[39.872804,21.405051],[39.873342,21.404659],[39.873623,21.404439],[39.873719,21.404241],[39.873741,21.403967],[39.873726,21.403844],[39.873634,21.403567],[39.873404,21.403267],[39.87278,21.402488],[39.872569,21.402211],[39.872437,21.402036],[39.872124,21.401526],[39.871671,21.400764],[39.871595,21.400637],[39.870867,21.399373],[39.870643,21.39901],[39.870454,21.398671],[39.870396,21.398549],[39.870288,21.398356],[39.870181,21.398187],[39.870064,21.397989],[39.87003,21.397921],[39.869721,21.397456],[39.869172,21.396648],[39.869007,21.396436],[39.868854,21.396241],[39.868485,21.395785],[39.868221,21.395521],[39.868098,21.395395],[39.867888,21.395173],[39.86786,21.395103],[39.867877,21.395036],[39.868137,21.394842],[39.868449,21.394587],[39.869498,21.393757],[39.870132,21.393335],[39.870383,21.393174],[39.870545,21.393066],[39.871016,21.392654],[39.871501,21.392134],[39.871827,21.391707],[39.872067,21.39133],[39.872511,21.39085],[39.872815,21.390147],[39.873089,21.389359],[39.873632,21.387748],[39.873794,21.387223],[39.87407,21.386327],[39.874115,21.385744],[39.874141,21.385156],[39.874177,21.384349],[39.87425,21.384097],[39.874324,21.383912],[39.874375,21.383782],[39.874437,21.383626],[39.874595,21.38331],[39.875371,21.382077],[39.875662,21.381409],[39.876101,21.380031],[39.876323,21.379335],[39.8766,21.378625],[39.877126,21.377522],[39.877382,21.377085],[39.877918,21.376235],[39.878397,21.375597],[39.8791,21.374778],[39.879549,21.374304],[39.881444,21.372524],[39.884584,21.369598],[39.887345,21.367023],[39.887787,21.36661],[39.88903,21.36547],[39.889534,21.365032],[39.889791,21.364841],[39.890108,21.364606],[39.890639,21.364255],[39.891133,21.363963],[39.89165,21.363711],[39.892267,21.36344],[39.892905,21.363223],[39.893615,21.363005],[39.897739,21.36211],[39.903536,21.360873],[39.905747,21.360402],[39.910416,21.359406],[39.911788,21.359117],[39.915884,21.358237],[39.916797,21.358039],[39.920311,21.357266],[39.921042,21.357066],[39.921786,21.356842],[39.92239,21.356633],[39.923446,21.35619],[39.923949,21.35594],[39.924421,21.355687],[39.924993,21.355346],[39.925665,21.354893],[39.926158,21.354515],[39.926545,21.354193],[39.927508,21.353327],[39.935967,21.344532],[39.939563,21.340882],[39.94074,21.339918],[39.941519,21.339279],[39.943207,21.338116],[39.943803,21.337713],[39.945973,21.336504],[39.946625,21.336189],[39.95031,21.334303],[39.955982,21.331509],[39.957442,21.330754],[39.958857,21.330084],[39.961334,21.328867],[39.963387,21.327911],[39.96351,21.327854],[39.964974,21.327327],[39.965757,21.327065],[39.96681,21.326756],[39.967204,21.326666]]}",Admin,806536a5-c86c-4e09-acca-ee8a888042e2,إكرام الضيف,162,2026-05-12 14:03:29,2026-05-12 14:03:29
019e1c7f-f705-7132-98d1-9ef8e2b47409,2,00:00,03:59,فترة ثانية,15,3271,7504385f-e792-41a8-8326-21854caef7e1,تصعيد مباشر,a0bc4dde-a22d-4d68-bf95-75f45d362d66,تقليدي رد,4b5f023a-9359-4479-9453-29221f76477f,مدخل كوبري عرفات الثاني,,,,parking,6a81cfb3-9019-4ac5-9f85-353cab5b9895,الاتصالات الجديد,parking,6a81cfb3-9019-4ac5-9f85-353cab5b9895,الاتصالات الجديد,,,residence,شركة ابراهيم بن علي العقل التجارية,camp,2/632,"{""type"":""LineString"",""coordinates"":[[39.865102,21.41289],[39.864978,21.412785],[39.863817,21.41396],[39.863059,21.414726],[39.862976,21.414803],[39.862891,21.414738],[39.862745,21.414626],[39.862825,21.414546],[39.86331,21.414048],[39.86555,21.411751],[39.866513,21.410762],[39.868553,21.408657],[39.869613,21.407562],[39.869889,21.407322],[39.870641,21.406779],[39.873129,21.404971],[39.873921,21.404413],[39.873892,21.404204],[39.873819,21.404019],[39.873726,21.403844],[39.873634,21.403567],[39.873404,21.403267],[39.87278,21.402488],[39.872569,21.402211],[39.872437,21.402036],[39.872124,21.401526],[39.871671,21.400764],[39.871595,21.400637],[39.870867,21.399373],[39.870643,21.39901],[39.870454,21.398671],[39.870396,21.398549],[39.870288,21.398356],[39.870181,21.398187],[39.870064,21.397989],[39.87003,21.397921],[39.869721,21.397456],[39.869172,21.396648],[39.869007,21.396436],[39.868854,21.396241],[39.868485,21.395785],[39.868221,21.395521],[39.868098,21.395395],[39.867888,21.395173],[39.86786,21.395103],[39.867877,21.395036],[39.868137,21.394842],[39.868449,21.394587],[39.869498,21.393757],[39.870132,21.393335],[39.870383,21.393174],[39.870545,21.393066],[39.871016,21.392654],[39.871501,21.392134],[39.871827,21.391707],[39.872067,21.39133],[39.872511,21.39085],[39.872815,21.390147],[39.873089,21.389359],[39.873632,21.387748],[39.873794,21.387223],[39.87407,21.386327],[39.874115,21.385744],[39.874141,21.385156],[39.874177,21.384349],[39.87425,21.384097],[39.874324,21.383912],[39.874375,21.383782],[39.874437,21.383626],[39.874595,21.38331],[39.875371,21.382077],[39.875662,21.381409],[39.876101,21.380031],[39.876323,21.379335],[39.8766,21.378625],[39.877126,21.377522],[39.877382,21.377085],[39.877918,21.376235],[39.878397,21.375597],[39.8791,21.374778],[39.879549,21.374304],[39.881444,21.372524],[39.884584,21.369598],[39.887345,21.367023],[39.887787,21.36661],[39.88903,21.36547],[39.889534,21.365032],[39.889791,21.364841],[39.890108,21.364606],[39.890639,21.364255],[39.891133,21.363963],[39.89165,21.363711],[39.892267,21.36344],[39.892905,21.363223],[39.893615,21.363005],[39.897739,21.36211],[39.903536,21.360873],[39.905747,21.360402],[39.910416,21.359406],[39.911788,21.359117],[39.915884,21.358237],[39.916797,21.358039],[39.920311,21.357266],[39.921042,21.357066],[39.921786,21.356842],[39.92239,21.356633],[39.923446,21.35619],[39.923949,21.35594],[39.924421,21.355687],[39.924993,21.355346],[39.925665,21.354893],[39.926158,21.354515],[39.926545,21.354193],[39.927508,21.353327],[39.935967,21.344532],[39.939563,21.340882],[39.94074,21.339918],[39.941519,21.339279],[39.943207,21.338116],[39.943803,21.337713],[39.945973,21.336504],[39.946625,21.336189],[39.95031,21.334303],[39.955982,21.331509],[39.957442,21.330754],[39.958857,21.330084],[39.961334,21.328867],[39.963387,21.327911],[39.96351,21.327854],[39.964974,21.327327],[39.965757,21.327065],[39.96681,21.326756],[39.967204,21.326666]]}",Admin,7ef8e119-d4ed-42a5-9110-d77db1a7e856,ابراج شركة مكه,14,2026-05-12 14:03:28,2026-05-12 14:03:28
019e1c7f-f49d-73a9-b708-333456cbe40c,2,00:00,03:59,فترة ثانية,10,3459,7504385f-e792-41a8-8326-21854caef7e1,تصعيد مباشر,a0bc4dde-a22d-4d68-bf95-75f45d362d66,تقليدي رد,d0aad3cb-67f5-4d3a-b28f-f748f9857466,مدخل كوبري الجامعة الأول,,,,parking,7cd11b31-ed19-4e26-ba8c-765318bd0a7c,100-83,parking,7cd11b31-ed19-4e26-ba8c-765318bd0a7c,100-83,,,residence,شركة أبراج ساره للاستثمار العقاري فندق مكةسويس اوتيل,camp,3/116,"{""type"":""LineString"",""coordinates"":[[39.827229,21.418123],[39.827122,21.417994],[39.826763,21.417768],[39.826241,21.417593],[39.825747,21.417536],[39.825184,21.417559],[39.824712,21.417677],[39.824252,21.417919],[39.823772,21.41833],[39.823528,21.418509],[39.823221,21.418639],[39.822601,21.418721],[39.820049,21.419168],[39.819719,21.419234],[39.819454,21.419286],[39.818712,21.419458],[39.818235,21.419644],[39.817971,21.419795],[39.817705,21.420003],[39.817512,21.420198],[39.8173,21.420479],[39.81702,21.421057],[39.816943,21.421348],[39.816883,21.421671],[39.816872,21.421817],[39.816848,21.422236],[39.816857,21.422544],[39.816918,21.422881],[39.817028,21.42323],[39.81718,21.423613],[39.817446,21.424194],[39.817768,21.424951],[39.818013,21.425398],[39.818773,21.426295],[39.819143,21.426635],[39.819449,21.426867],[39.819925,21.427143],[39.820211,21.427254],[39.820308,21.427292],[39.821109,21.427502],[39.821755,21.427626],[39.82194,21.427667],[39.823144,21.427898],[39.825377,21.428173],[39.826502,21.428168],[39.827094,21.428112],[39.827734,21.427987],[39.82828,21.427817],[39.828425,21.427758],[39.829059,21.427452],[39.829362,21.427269],[39.829849,21.426937],[39.830432,21.426457],[39.831018,21.425964],[39.831483,21.425463],[39.83168,21.425154],[39.831926,21.42471],[39.832105,21.424267],[39.832678,21.422668],[39.832908,21.422197],[39.832979,21.421954],[39.832995,21.421726],[39.832968,21.421278],[39.832927,21.421034],[39.83283,21.420727],[39.832731,21.420605],[39.832651,21.420538],[39.832563,21.420499],[39.832476,21.4205],[39.832374,21.420535],[39.832201,21.420861],[39.832172,21.420967],[39.832168,21.421079],[39.832183,21.421174],[39.832273,21.421282],[39.833266,21.422326],[39.83351,21.422555],[39.833692,21.42261],[39.833898,21.422641],[39.834238,21.422617],[39.834413,21.422597],[39.834643,21.422554],[39.842963,21.421445],[39.843901,21.421349],[39.844575,21.421303],[39.845233,21.42127],[39.846332,21.421259],[39.847368,21.421227],[39.847802,21.421211],[39.848334,21.421188],[39.849191,21.421167],[39.850454,21.421049],[39.851183,21.420947],[39.851521,21.420819],[39.851827,21.42067],[39.852143,21.420443],[39.852385,21.420171],[39.853182,21.4192],[39.853454,21.418683],[39.853662,21.418375],[39.854049,21.41786],[39.854388,21.417419],[39.854815,21.416871],[39.854832,21.41685],[39.855039,21.416754],[39.856199,21.415212],[39.856915,21.414028],[39.857548,21.412983],[39.859613,21.409567],[39.860347,21.408343],[39.861218,21.406891],[39.861848,21.405711],[39.862293,21.404805],[39.862648,21.403944],[39.863146,21.402736],[39.864457,21.399575],[39.864667,21.399101],[39.865353,21.397787],[39.865604,21.397353],[39.865839,21.397027],[39.866002,21.396835],[39.866639,21.39624],[39.867089,21.395886],[39.869109,21.394312],[39.87078,21.393016],[39.871413,21.392421],[39.871914,21.39181],[39.87245,21.39099],[39.872511,21.39085],[39.872815,21.390147],[39.873089,21.389359],[39.873632,21.387748],[39.873794,21.387223],[39.87407,21.386327],[39.874115,21.385744],[39.874141,21.385156],[39.874177,21.384349],[39.87425,21.384097],[39.874324,21.383912],[39.874375,21.383782],[39.874437,21.383626],[39.874595,21.38331],[39.875371,21.382077],[39.875662,21.381409],[39.876101,21.380031],[39.876323,21.379335],[39.8766,21.378625],[39.877126,21.377522],[39.877382,21.377085],[39.877918,21.376235],[39.878397,21.375597],[39.8791,21.374778],[39.879549,21.374304],[39.881444,21.372524],[39.884584,21.369598],[39.887345,21.367023],[39.887787,21.36661],[39.88903,21.36547],[39.889534,21.365032],[39.889791,21.364841],[39.890108,21.364606],[39.890639,21.364255],[39.891133,21.363963],[39.89165,21.363711],[39.892267,21.36344],[39.892905,21.363223],[39.893615,21.363005],[39.897739,21.36211],[39.903536,21.360873],[39.905747,21.360402],[39.910416,21.359406],[39.911788,21.359117],[39.915884,21.358237],[39.916797,21.358039],[39.920311,21.357266],[39.921042,21.357066],[39.921786,21.356842],[39.92239,21.356633],[39.923446,21.35619],[39.923949,21.35594],[39.924421,21.355687],[39.924993,21.355346],[39.925665,21.354893],[39.926158,21.354515],[39.926545,21.354193],[39.927508,21.353327],[39.935967,21.344532],[39.939563,21.340882],[39.94074,21.339918],[39.941519,21.339279],[39.943207,21.338116],[39.943803,21.337713],[39.945973,21.336504],[39.946625,21.336189],[39.946997,21.335912],[39.94708,21.335789],[39.947107,21.335677],[39.947115,21.335547],[39.947062,21.335392],[39.946933,21.33522],[39.946726,21.335112],[39.946541,21.335092],[39.946345,21.335152],[39.946222,21.335232],[39.946115,21.335362],[39.946075,21.335527],[39.946067,21.335644],[39.946238,21.336098],[39.946449,21.336438]]}",Admin,e207f767-7c33-4dea-8471-e37792f7c72f,يسر المشاعر,311,2026-05-12 14:03:28,2026-05-12 14:03:28
019e1c7f-f5ab-7053-92e2-1f20fd4af8c9,3,04:00,08:00,فترة ثالثة,25,1536,7504385f-e792-41a8-8326-21854caef7e1,تصعيد مباشر,9fc47c58-d9e9-45e0-9d66-6da9f5c4fc85,قطار,9471583d-fa21-4edd-bc79-86b364153be5,مدخل طريق الجوهرة 56,,,,parking,4b152c54-b526-49fb-86d9-409334589cfb,الاسناد القطار,parking,4b152c54-b526-49fb-86d9-409334589cfb,الاسناد القطار,,,residence,شركة إيفاه المحدودة,camp,25/62,"{""type"":""LineString"",""coordinates"":[[39.863272,21.399506],[39.86341,21.399403],[39.863573,21.399336],[39.863725,21.399312],[39.864038,21.399331],[39.864411,21.399418],[39.864494,21.399233],[39.865292,21.397529],[39.865482,21.397192],[39.865829,21.396784],[39.866064,21.396517],[39.866319,21.396262],[39.866574,21.396037],[39.867456,21.39536],[39.867877,21.395036],[39.868137,21.394842],[39.868449,21.394587],[39.869498,21.393757],[39.870132,21.393335],[39.870383,21.393174],[39.870545,21.393066],[39.871016,21.392654],[39.871501,21.392134],[39.871827,21.391707],[39.872067,21.39133],[39.872511,21.39085],[39.872815,21.390147],[39.873089,21.389359],[39.873632,21.387748],[39.873794,21.387223],[39.87407,21.386327],[39.874115,21.385744],[39.874141,21.385156],[39.874177,21.384349],[39.87425,21.384097],[39.874324,21.383912],[39.874375,21.383782],[39.875494,21.384124],[39.875621,21.384163],[39.877628,21.384792],[39.877799,21.384845],[39.881188,21.385907],[39.881609,21.386039],[39.883944,21.386745],[39.885585,21.38727],[39.886236,21.387469],[39.888263,21.388099],[39.889419,21.388485],[39.889529,21.388522],[39.890503,21.388827],[39.892548,21.38947],[39.892976,21.389646],[39.893288,21.389775],[39.893949,21.389932],[39.894388,21.390017],[39.894603,21.390012],[39.895011,21.390022],[39.896599,21.389807],[39.897783,21.38963],[39.898315,21.389587],[39.898723,21.389502],[39.898959,21.389404],[39.899363,21.389162],[39.899572,21.388916],[39.899647,21.388823],[39.899738,21.388711],[39.900204,21.388081],[39.90045,21.387688],[39.901347,21.386056],[39.901558,21.385703],[39.90188,21.385333],[39.902257,21.384944],[39.902665,21.384632],[39.903248,21.384285],[39.903497,21.384186],[39.903806,21.384088],[39.904307,21.383983],[39.904811,21.383949],[39.905206,21.383963],[39.906966,21.384229],[39.90752,21.384341],[39.90792,21.38449],[39.908336,21.384672],[39.909421,21.384335],[39.910284,21.384094],[39.910883,21.383913],[39.911535,21.383653],[39.910793,21.383608],[39.910525,21.383548],[39.910045,21.383348],[39.910365,21.383776],[39.911048,21.384713],[39.911271,21.384999],[39.912148,21.384444],[39.912589,21.385042],[39.911423,21.386413],[39.911257,21.386579],[39.910855,21.386982],[39.910738,21.387077],[39.910213,21.387505],[39.908875,21.388368],[39.909012,21.388532],[39.909339,21.388925],[39.910136,21.389875],[39.910929,21.390808],[39.912226,21.392311],[39.912287,21.39238],[39.913245,21.391715],[39.914167,21.391082],[39.916259,21.389602],[39.918154,21.38824],[39.920268,21.386704],[39.923099,21.384667],[39.923361,21.384407],[39.923603,21.384123],[39.923726,21.383858],[39.923882,21.383323],[39.923904,21.38311],[39.924021,21.382214],[39.924129,21.381865],[39.924289,21.381495],[39.924563,21.381041],[39.924771,21.38079],[39.92511,21.380426],[39.925417,21.380203],[39.925872,21.379932],[39.926435,21.379647],[39.927229,21.379287],[39.927814,21.378957],[39.928431,21.378588],[39.928726,21.378378],[39.93026,21.377184],[39.931069,21.376596],[39.932605,21.37563],[39.935137,21.374332],[39.939171,21.372313],[39.939852,21.372034],[39.940742,21.371779],[39.941477,21.371639],[39.941966,21.371589],[39.943028,21.371564],[39.943752,21.371494],[39.944337,21.371304],[39.944712,21.37113],[39.945131,21.37086],[39.949193,21.367615],[39.949593,21.367295],[39.95206,21.365336],[39.952408,21.365086],[39.952807,21.364835],[39.954969,21.363646],[39.957227,21.362432],[39.959087,21.361359],[39.960047,21.360859],[39.960949,21.360435]]}",Admin,53e04c90-dfba-4e08-9332-7597ce1ed527,الراجحي,125,2026-05-12 14:03:28,2026-05-12 14:03:28
019e1c7f-f399-72f6-9b17-1c3b2b41c721,1,20:00,23:59,فترة اولى,15,1786,7504385f-e792-41a8-8326-21854caef7e1,تصعيد مباشر,a0bc4dde-a22d-4d68-bf95-75f45d362d66,تقليدي رد,d0aad3cb-67f5-4d3a-b28f-f748f9857466,مدخل كوبري الجامعة الأول,,,,parking,7a92132e-3f5f-42d3-a0df-28ea64bb1b86,الجامعة الجديد,parking,7a92132e-3f5f-42d3-a0df-28ea64bb1b86,الجامعة الجديد,,,residence,شركة أبراج ساره للاستثمار العقاري فندق مكةسويس اوتيل,camp,29/204,"{""type"":""LineString"",""coordinates"":[[39.827229,21.418123],[39.827122,21.417994],[39.826763,21.417768],[39.826241,21.417593],[39.825747,21.417536],[39.825184,21.417559],[39.824712,21.417677],[39.824252,21.417919],[39.823772,21.41833],[39.823528,21.418509],[39.823221,21.418639],[39.822601,21.418721],[39.820049,21.419168],[39.819719,21.419234],[39.819454,21.419286],[39.818712,21.419458],[39.818235,21.419644],[39.817971,21.419795],[39.817705,21.420003],[39.817512,21.420198],[39.8173,21.420479],[39.81702,21.421057],[39.816943,21.421348],[39.816883,21.421671],[39.816872,21.421817],[39.816848,21.422236],[39.816857,21.422544],[39.816918,21.422881],[39.817028,21.42323],[39.81718,21.423613],[39.817446,21.424194],[39.817768,21.424951],[39.818013,21.425398],[39.818773,21.426295],[39.819143,21.426635],[39.819449,21.426867],[39.819925,21.427143],[39.820211,21.427254],[39.820308,21.427292],[39.821109,21.427502],[39.821755,21.427626],[39.82194,21.427667],[39.823144,21.427898],[39.825377,21.428173],[39.826502,21.428168],[39.827094,21.428112],[39.827734,21.427987],[39.82828,21.427817],[39.828425,21.427758],[39.829059,21.427452],[39.829362,21.427269],[39.829849,21.426937],[39.830432,21.426457],[39.831018,21.425964],[39.831483,21.425463],[39.83168,21.425154],[39.831926,21.42471],[39.832105,21.424267],[39.832678,21.422668],[39.832908,21.422197],[39.832979,21.421954],[39.832995,21.421726],[39.832968,21.421278],[39.832927,21.421034],[39.83283,21.420727],[39.832731,21.420605],[39.832651,21.420538],[39.832563,21.420499],[39.832476,21.4205],[39.832374,21.420535],[39.832201,21.420861],[39.832172,21.420967],[39.832168,21.421079],[39.832183,21.421174],[39.832273,21.421282],[39.833266,21.422326],[39.83351,21.422555],[39.833692,21.42261],[39.833898,21.422641],[39.834238,21.422617],[39.834413,21.422597],[39.834643,21.422554],[39.842963,21.421445],[39.843901,21.421349],[39.844575,21.421303],[39.845233,21.42127],[39.846332,21.421259],[39.847368,21.421227],[39.847802,21.421211],[39.848334,21.421188],[39.849191,21.421167],[39.850454,21.421049],[39.851183,21.420947],[39.851521,21.420819],[39.851827,21.42067],[39.852143,21.420443],[39.852385,21.420171],[39.853182,21.4192],[39.853454,21.418683],[39.853662,21.418375],[39.854049,21.41786],[39.854388,21.417419],[39.854815,21.416871],[39.854832,21.41685],[39.855039,21.416754],[39.856199,21.415212],[39.856915,21.414028],[39.857548,21.412983],[39.859613,21.409567],[39.860347,21.408343],[39.861218,21.406891],[39.861848,21.405711],[39.862293,21.404805],[39.862648,21.403944],[39.863146,21.402736],[39.864457,21.399575],[39.864667,21.399101],[39.865353,21.397787],[39.865604,21.397353],[39.865839,21.397027],[39.866002,21.396835],[39.866639,21.39624],[39.867089,21.395886],[39.869109,21.394312],[39.87078,21.393016],[39.871413,21.392421],[39.871914,21.39181],[39.87245,21.39099],[39.872511,21.39085],[39.872815,21.390147],[39.873089,21.389359],[39.873632,21.387748],[39.873794,21.387223],[39.87407,21.386327],[39.874115,21.385744],[39.874141,21.385156],[39.874177,21.384349],[39.87425,21.384097],[39.874324,21.383912],[39.874375,21.383782],[39.874437,21.383626],[39.874595,21.38331],[39.875371,21.382077],[39.875662,21.381409],[39.876101,21.380031],[39.876323,21.379335],[39.8766,21.378625],[39.877126,21.377522],[39.877382,21.377085],[39.877918,21.376235],[39.878397,21.375597],[39.8791,21.374778],[39.879549,21.374304],[39.881444,21.372524],[39.884584,21.369598],[39.887345,21.367023],[39.887787,21.36661],[39.88903,21.36547],[39.889534,21.365032],[39.889791,21.364841],[39.890108,21.364606],[39.890639,21.364255],[39.891133,21.363963],[39.89165,21.363711],[39.892267,21.36344],[39.892905,21.363223],[39.893615,21.363005],[39.897739,21.36211],[39.903536,21.360873],[39.905747,21.360402],[39.910416,21.359406],[39.911788,21.359117],[39.915884,21.358237],[39.916797,21.358039],[39.920311,21.357266],[39.921042,21.357066],[39.921786,21.356842],[39.92239,21.356633],[39.923446,21.35619],[39.923949,21.35594],[39.924421,21.355687],[39.924993,21.355346],[39.925665,21.354893],[39.926158,21.354515],[39.926545,21.354193],[39.927508,21.353327],[39.935967,21.344532],[39.939563,21.340882],[39.94074,21.339918],[39.941519,21.339279],[39.943207,21.338116],[39.943803,21.337713],[39.945973,21.336504],[39.946625,21.336189],[39.946997,21.335912],[39.94708,21.335789],[39.947107,21.335677],[39.947115,21.335547],[39.947062,21.335392],[39.946933,21.33522],[39.946726,21.335112],[39.946541,21.335092],[39.946345,21.335152],[39.946222,21.335232],[39.946115,21.335362],[39.946075,21.335527],[39.946067,21.335644],[39.946238,21.336098],[39.946449,21.336438]]}",Admin,e9a7afdb-66fc-41d1-b1b7-90c085414df4,رحلات ومنافع,203,2026-05-12 14:03:28,2026-05-12 14:03:28
019e1c7f-efbb-7015-a9bc-5f2bdbc4fa79,2,00:00,03:59,فترة ثانية,20,3505,7504385f-e792-41a8-8326-21854caef7e1,تصعيد مباشر,9fc47c58-d9e9-45e0-9d66-6da9f5c4fc85,قطار,4b5f023a-9359-4479-9453-29221f76477f,مدخل كوبري عرفات الثاني,,,,parking,4b152c54-b526-49fb-86d9-409334589cfb,الاسناد القطار,parking,4b152c54-b526-49fb-86d9-409334589cfb,الاسناد القطار,,,residence,شركة الماسه ذاخر لتشغيل الفنادق شركة شخص واحد,camp,39/56,"{""type"":""LineString"",""coordinates"":[[39.836999,21.445979],[39.83655,21.444985],[39.836424,21.444702],[39.836115,21.444006],[39.83598,21.443735],[39.83595,21.443675],[39.835789,21.443354],[39.835694,21.443166],[39.835664,21.44305],[39.835595,21.442959],[39.835515,21.442724],[39.835523,21.44251],[39.835586,21.442167],[39.835667,21.441967],[39.835717,21.441799],[39.835764,21.441653],[39.835854,21.441674],[39.836146,21.441719],[39.836433,21.441707],[39.837604,21.441554],[39.838054,21.441488],[39.83822,21.44143],[39.838356,21.441359],[39.838551,21.441144],[39.838933,21.440707],[39.839132,21.440507],[39.83939,21.440349],[39.839586,21.440253],[39.839726,21.440136],[39.839995,21.440144],[39.84073,21.440204],[39.841507,21.440225],[39.842136,21.44021],[39.842528,21.440174],[39.842553,21.440275],[39.843757,21.440068],[39.843993,21.440025],[39.844215,21.439994],[39.844874,21.439736],[39.845132,21.439535],[39.846352,21.438582],[39.846581,21.43837],[39.847095,21.437365],[39.847655,21.436002],[39.847933,21.435353],[39.848006,21.435183],[39.847978,21.435106],[39.847985,21.435016],[39.84803,21.434839],[39.848269,21.4343],[39.84845,21.433836],[39.848684,21.433337],[39.848946,21.432952],[39.849222,21.432644],[39.849447,21.43246],[39.849924,21.432152],[39.850223,21.432009],[39.850569,21.431846],[39.85127,21.431556],[39.851797,21.431288],[39.852096,21.431109],[39.85236,21.430894],[39.853159,21.430049],[39.853339,21.429859],[39.853562,21.429624],[39.853914,21.429253],[39.854323,21.428883],[39.854714,21.428543],[39.855154,21.42816],[39.855576,21.427793],[39.856134,21.427285],[39.856323,21.427072],[39.856561,21.426867],[39.856717,21.426548],[39.856807,21.426235],[39.856788,21.425604],[39.856715,21.425078],[39.856499,21.424808],[39.856109,21.424393],[39.855922,21.424132],[39.855621,21.423432],[39.855501,21.423086],[39.85547,21.422895],[39.855464,21.4227],[39.855572,21.421658],[39.855664,21.421465],[39.855726,21.421199],[39.855722,21.42109],[39.855666,21.420944],[39.855526,21.420785],[39.855253,21.42039],[39.854591,21.419346],[39.85444,21.419133],[39.85425,21.418837],[39.854149,21.418744],[39.85392,21.418589],[39.853838,21.41854],[39.853712,21.418472],[39.85381,21.418326],[39.854136,21.417924],[39.854526,21.41742],[39.855039,21.416754],[39.856199,21.415212],[39.856915,21.414028],[39.857548,21.412983],[39.859613,21.409567],[39.860347,21.408343],[39.861218,21.406891],[39.861848,21.405711],[39.862293,21.404805],[39.862648,21.403944],[39.863146,21.402736],[39.864457,21.399575],[39.864667,21.399101],[39.865353,21.397787],[39.865604,21.397353],[39.865839,21.397027],[39.866002,21.396835],[39.866639,21.39624],[39.867089,21.395886],[39.869109,21.394312],[39.87078,21.393016],[39.871413,21.392421],[39.871914,21.39181],[39.87245,21.39099],[39.872511,21.39085],[39.872815,21.390147],[39.873089,21.389359],[39.873632,21.387748],[39.873794,21.387223],[39.87407,21.386327],[39.874115,21.385744],[39.874141,21.385156],[39.874177,21.384349],[39.87425,21.384097],[39.874324,21.383912],[39.874375,21.383782],[39.874437,21.383626],[39.874595,21.38331],[39.875371,21.382077],[39.875662,21.381409],[39.876101,21.380031],[39.876323,21.379335],[39.8766,21.378625],[39.877126,21.377522],[39.877382,21.377085],[39.877918,21.376235],[39.878397,21.375597],[39.8791,21.374778],[39.879549,21.374304],[39.881444,21.372524],[39.884584,21.369598],[39.887345,21.367023],[39.887787,21.36661],[39.88903,21.36547],[39.889534,21.365032],[39.889791,21.364841],[39.890108,21.364606],[39.890639,21.364255],[39.891133,21.363963],[39.89165,21.363711],[39.892267,21.36344],[39.892905,21.363223],[39.893615,21.363005],[39.897739,21.36211],[39.903536,21.360873],[39.905747,21.360402],[39.910416,21.359406],[39.911788,21.359117],[39.915884,21.358237],[39.916797,21.358039],[39.920311,21.357266],[39.921042,21.357066],[39.921786,21.356842],[39.92239,21.356633],[39.923446,21.35619],[39.923949,21.35594],[39.924421,21.355687],[39.924993,21.355346],[39.925665,21.354893],[39.926158,21.354515],[39.926545,21.354193],[39.927508,21.353327],[39.935967,21.344532],[39.939563,21.340882],[39.94074,21.339918],[39.941519,21.339279],[39.943207,21.338116],[39.943803,21.337713],[39.945973,21.336504],[39.946625,21.336189],[39.95031,21.334303],[39.955982,21.331509],[39.957442,21.330754],[39.958857,21.330084],[39.961334,21.328867],[39.963387,21.327911],[39.96351,21.327854],[39.964974,21.327327],[39.965757,21.327065],[39.96681,21.326756],[39.967204,21.326666]]}",Admin,91a7aeb8-caf0-42b0-b9b7-90982be51219,اثراء الخير,12,2026-05-12 14:03:27,2026-05-12 14:03:27
019e1c7f-f28e-72f1-b22b-5cfe29a721ff,3,04:00,08:00,فترة ثالثة,15,1856,7504385f-e792-41a8-8326-21854caef7e1,تصعيد مباشر,a0bc4dde-a22d-4d68-bf95-75f45d362d66,تقليدي رد,4b5f023a-9359-4479-9453-29221f76477f,مدخل كوبري عرفات الثاني,,,,parking,0dbf5e64-c219-4b75-8580-feb1d03a42ea,150-83,parking,0dbf5e64-c219-4b75-8580-feb1d03a42ea,150-83,,,residence,أنوار ضيافة الفندقية,camp,33/68,"{""type"":""LineString"",""coordinates"":[[39.830287,21.420689],[39.830672,21.420741],[39.830929,21.420773],[39.831535,21.420838],[39.83191,21.420945],[39.832039,21.421015],[39.832183,21.421174],[39.832273,21.421282],[39.833266,21.422326],[39.83351,21.422555],[39.833692,21.42261],[39.833898,21.422641],[39.834238,21.422617],[39.834413,21.422597],[39.834643,21.422554],[39.842963,21.421445],[39.843901,21.421349],[39.844575,21.421303],[39.845233,21.42127],[39.846332,21.421259],[39.847368,21.421227],[39.847802,21.421211],[39.848334,21.421188],[39.849191,21.421167],[39.850454,21.421049],[39.851183,21.420947],[39.851521,21.420819],[39.851827,21.42067],[39.852143,21.420443],[39.852385,21.420171],[39.853182,21.4192],[39.853454,21.418683],[39.853662,21.418375],[39.854049,21.41786],[39.854388,21.417419],[39.854815,21.416871],[39.854832,21.41685],[39.855039,21.416754],[39.856199,21.415212],[39.856915,21.414028],[39.857548,21.412983],[39.859613,21.409567],[39.860347,21.408343],[39.861218,21.406891],[39.861848,21.405711],[39.862293,21.404805],[39.862648,21.403944],[39.863146,21.402736],[39.864457,21.399575],[39.864667,21.399101],[39.865353,21.397787],[39.865604,21.397353],[39.865839,21.397027],[39.866002,21.396835],[39.866639,21.39624],[39.867089,21.395886],[39.869109,21.394312],[39.87078,21.393016],[39.871413,21.392421],[39.871914,21.39181],[39.87245,21.39099],[39.872511,21.39085],[39.872815,21.390147],[39.873089,21.389359],[39.873632,21.387748],[39.873794,21.387223],[39.87407,21.386327],[39.874115,21.385744],[39.874141,21.385156],[39.874177,21.384349],[39.87425,21.384097],[39.874324,21.383912],[39.874375,21.383782],[39.874437,21.383626],[39.874595,21.38331],[39.875371,21.382077],[39.875662,21.381409],[39.876101,21.380031],[39.876323,21.379335],[39.8766,21.378625],[39.877126,21.377522],[39.877382,21.377085],[39.877918,21.376235],[39.878397,21.375597],[39.8791,21.374778],[39.879549,21.374304],[39.881444,21.372524],[39.884584,21.369598],[39.887345,21.367023],[39.887787,21.36661],[39.88903,21.36547],[39.889534,21.365032],[39.889791,21.364841],[39.890108,21.364606],[39.890639,21.364255],[39.891133,21.363963],[39.89165,21.363711],[39.892267,21.36344],[39.892905,21.363223],[39.893615,21.363005],[39.897739,21.36211],[39.903536,21.360873],[39.905747,21.360402],[39.910416,21.359406],[39.911788,21.359117],[39.915884,21.358237],[39.916797,21.358039],[39.920311,21.357266],[39.921042,21.357066],[39.921786,21.356842],[39.92239,21.356633],[39.923446,21.35619],[39.923949,21.35594],[39.924421,21.355687],[39.924993,21.355346],[39.925665,21.354893],[39.926158,21.354515],[39.926545,21.354193],[39.927508,21.353327],[39.935967,21.344532],[39.939563,21.340882],[39.94074,21.339918],[39.941519,21.339279],[39.943207,21.338116],[39.943803,21.337713],[39.945973,21.336504],[39.946625,21.336189],[39.95031,21.334303],[39.955982,21.331509],[39.957442,21.330754],[39.958857,21.330084],[39.961334,21.328867],[39.963387,21.327911],[39.96351,21.327854],[39.964974,21.327327],[39.965757,21.327065],[39.96681,21.326756],[39.967204,21.326666]]}",Admin,855f0bca-948d-43a9-9377-5ab3eb5e8409,مشارق الماسية,704,2026-05-12 14:03:27,2026-05-12 14:03:27
019e1c7f-f17c-7032-9ae3-3c81528f70aa,1,20:00,23:59,فترة اولى,25,1504,7504385f-e792-41a8-8326-21854caef7e1,تصعيد مباشر,9fc47c58-d9e9-45e0-9d66-6da9f5c4fc85,قطار,4f208fa1-de2c-49b4-bdfa-2417d33f8162,مدخل مواقف حجاج البر,,,,parking,4b152c54-b526-49fb-86d9-409334589cfb,الاسناد القطار,parking,4b152c54-b526-49fb-86d9-409334589cfb,الاسناد القطار,,,residence,شركة مكان التميز المحدودة,camp,4/202,"{""type"":""LineString"",""coordinates"":[[39.863391,21.410184],[39.864482,21.411107],[39.864968,21.411518],[39.865327,21.411821],[39.865465,21.411682],[39.865773,21.411364],[39.866424,21.410687],[39.866513,21.410762],[39.868553,21.408657],[39.869613,21.407562],[39.869889,21.407322],[39.870641,21.406779],[39.873129,21.404971],[39.873921,21.404413],[39.873892,21.404204],[39.873819,21.404019],[39.873726,21.403844],[39.873634,21.403567],[39.873404,21.403267],[39.87278,21.402488],[39.872569,21.402211],[39.872437,21.402036],[39.872124,21.401526],[39.871671,21.400764],[39.871595,21.400637],[39.870867,21.399373],[39.870643,21.39901],[39.870454,21.398671],[39.870396,21.398549],[39.870288,21.398356],[39.870181,21.398187],[39.870064,21.397989],[39.87003,21.397921],[39.869721,21.397456],[39.869172,21.396648],[39.869007,21.396436],[39.868854,21.396241],[39.868485,21.395785],[39.868221,21.395521],[39.868098,21.395395],[39.867888,21.395173],[39.86786,21.395103],[39.867877,21.395036],[39.868137,21.394842],[39.868449,21.394587],[39.869498,21.393757],[39.870132,21.393335],[39.870383,21.393174],[39.870545,21.393066],[39.871016,21.392654],[39.871501,21.392134],[39.871827,21.391707],[39.872067,21.39133],[39.872511,21.39085],[39.872815,21.390147],[39.873089,21.389359],[39.873632,21.387748],[39.873794,21.387223],[39.87407,21.386327],[39.874115,21.385744],[39.874141,21.385156],[39.874177,21.384349],[39.87425,21.384097],[39.874324,21.383912],[39.874375,21.383782],[39.874437,21.383626],[39.874595,21.38331],[39.875371,21.382077],[39.875662,21.381409],[39.876101,21.380031],[39.876323,21.379335],[39.8766,21.378625],[39.877126,21.377522],[39.877382,21.377085],[39.877918,21.376235],[39.878397,21.375597],[39.8791,21.374778],[39.879549,21.374304],[39.881444,21.372524],[39.884584,21.369598],[39.887345,21.367023],[39.887787,21.36661],[39.88903,21.36547],[39.889534,21.365032],[39.889791,21.364841],[39.890108,21.364606],[39.890639,21.364255],[39.891133,21.363963],[39.89165,21.363711],[39.892267,21.36344],[39.892905,21.363223],[39.893615,21.363005],[39.897739,21.36211],[39.903536,21.360873],[39.905747,21.360402],[39.910416,21.359406],[39.911788,21.359117],[39.915884,21.358237],[39.916797,21.358039],[39.920311,21.357266],[39.921042,21.357066],[39.921786,21.356842],[39.92239,21.356633],[39.923446,21.35619],[39.923949,21.35594],[39.924421,21.355687],[39.924993,21.355346],[39.925665,21.354893],[39.926158,21.354515],[39.926545,21.354193],[39.927508,21.353327],[39.935967,21.344532],[39.939563,21.340882],[39.94074,21.339918],[39.941519,21.339279],[39.943207,21.338116],[39.943803,21.337713],[39.945973,21.336504],[39.946625,21.336189],[39.95031,21.334303],[39.955982,21.331509],[39.957442,21.330754],[39.958857,21.330084],[39.961334,21.328867],[39.963387,21.327911],[39.96351,21.327854],[39.964974,21.327327],[39.965757,21.327065],[39.96681,21.326756],[39.967799,21.326531],[39.968926,21.326339],[39.96984,21.326221],[39.970707,21.326155],[39.972602,21.3261],[39.973796,21.326144],[39.974469,21.326184],[39.976617,21.326438],[39.97742,21.326564],[39.978627,21.326781],[39.987951,21.328639],[39.988818,21.328808],[39.989641,21.328934],[39.990938,21.329092],[39.992481,21.329217],[39.994357,21.329265],[39.995223,21.329258],[39.996077,21.329217],[39.996766,21.329166],[39.998261,21.328985],[40.004443,21.328114],[40.007292,21.327886],[40.009588,21.32794],[40.013003,21.328064],[40.014142,21.328141],[40.015239,21.328151],[40.01622,21.32813],[40.016666,21.328146],[40.016654,21.328429],[40.012735,21.328302],[40.009347,21.328169],[40.006652,21.328208],[40.005189,21.328314],[40.004982,21.32833],[39.998267,21.329267],[39.996795,21.329451],[39.996075,21.329516],[39.995236,21.329546],[39.993504,21.329542],[39.992479,21.329503],[39.9918,21.32946],[39.990844,21.329364],[39.990799,21.329536]]}",Admin,53e04c90-dfba-4e08-9332-7597ce1ed527,الراجحي,124,2026-05-12 14:03:27,2026-05-12 14:03:27
019e1c7f-ebbc-70e6-ace5-697fd52f69e1,1,20:00,23:59,فترة اولى,10,1466,7504385f-e792-41a8-8326-21854caef7e1,تصعيد مباشر,a0bc4dde-a22d-4d68-bf95-75f45d362d66,تقليدي رد,4b5f023a-9359-4479-9453-29221f76477f,مدخل كوبري عرفات الثاني,,,,parking,0dbf5e64-c219-4b75-8580-feb1d03a42ea,150-83,parking,0dbf5e64-c219-4b75-8580-feb1d03a42ea,150-83,,,residence,شركة إيلاف للاستثمار الدولي,camp,4/520,"{""type"":""LineString"",""coordinates"":[[39.831413,21.420825],[39.831535,21.420838],[39.83191,21.420945],[39.832039,21.421015],[39.832183,21.421174],[39.832273,21.421282],[39.833266,21.422326],[39.83351,21.422555],[39.833692,21.42261],[39.833898,21.422641],[39.834238,21.422617],[39.834413,21.422597],[39.834643,21.422554],[39.842963,21.421445],[39.843901,21.421349],[39.844575,21.421303],[39.845233,21.42127],[39.846332,21.421259],[39.847368,21.421227],[39.847802,21.421211],[39.848334,21.421188],[39.849191,21.421167],[39.850454,21.421049],[39.851183,21.420947],[39.851521,21.420819],[39.851827,21.42067],[39.852143,21.420443],[39.852385,21.420171],[39.853182,21.4192],[39.853454,21.418683],[39.853662,21.418375],[39.854049,21.41786],[39.854388,21.417419],[39.854815,21.416871],[39.854832,21.41685],[39.855039,21.416754],[39.856199,21.415212],[39.856915,21.414028],[39.857548,21.412983],[39.859613,21.409567],[39.860347,21.408343],[39.861218,21.406891],[39.861848,21.405711],[39.862293,21.404805],[39.862648,21.403944],[39.863146,21.402736],[39.864457,21.399575],[39.864667,21.399101],[39.865353,21.397787],[39.865604,21.397353],[39.865839,21.397027],[39.866002,21.396835],[39.866639,21.39624],[39.867089,21.395886],[39.869109,21.394312],[39.87078,21.393016],[39.871413,21.392421],[39.871914,21.39181],[39.87245,21.39099],[39.872511,21.39085],[39.872815,21.390147],[39.873089,21.389359],[39.873632,21.387748],[39.873794,21.387223],[39.87407,21.386327],[39.874115,21.385744],[39.874141,21.385156],[39.874177,21.384349],[39.87425,21.384097],[39.874324,21.383912],[39.874375,21.383782],[39.874437,21.383626],[39.874595,21.38331],[39.875371,21.382077],[39.875662,21.381409],[39.876101,21.380031],[39.876323,21.379335],[39.8766,21.378625],[39.877126,21.377522],[39.877382,21.377085],[39.877918,21.376235],[39.878397,21.375597],[39.8791,21.374778],[39.879549,21.374304],[39.881444,21.372524],[39.884584,21.369598],[39.887345,21.367023],[39.887787,21.36661],[39.88903,21.36547],[39.889534,21.365032],[39.889791,21.364841],[39.890108,21.364606],[39.890639,21.364255],[39.891133,21.363963],[39.89165,21.363711],[39.892267,21.36344],[39.892905,21.363223],[39.893615,21.363005],[39.897739,21.36211],[39.903536,21.360873],[39.905747,21.360402],[39.910416,21.359406],[39.911788,21.359117],[39.915884,21.358237],[39.916797,21.358039],[39.920311,21.357266],[39.921042,21.357066],[39.921786,21.356842],[39.92239,21.356633],[39.923446,21.35619],[39.923949,21.35594],[39.924421,21.355687],[39.924993,21.355346],[39.925665,21.354893],[39.926158,21.354515],[39.926545,21.354193],[39.927508,21.353327],[39.935967,21.344532],[39.939563,21.340882],[39.94074,21.339918],[39.941519,21.339279],[39.943207,21.338116],[39.943803,21.337713],[39.945973,21.336504],[39.946625,21.336189],[39.95031,21.334303],[39.955982,21.331509],[39.957442,21.330754],[39.958857,21.330084],[39.961334,21.328867],[39.963387,21.327911],[39.96351,21.327854],[39.964974,21.327327],[39.965757,21.327065],[39.96681,21.326756],[39.967204,21.326666]]}",Admin,855f0bca-948d-43a9-9377-5ab3eb5e8409,مشارق الماسية,605,2026-05-12 14:03:26,2026-05-12 14:03:26
019e1c7f-ecd4-71fc-a862-0a5dc6e916eb,3,04:00,08:00,فترة ثالثة,10,2050,7504385f-e792-41a8-8326-21854caef7e1,تصعيد مباشر,a0bc4dde-a22d-4d68-bf95-75f45d362d66,تقليدي رد,4b5f023a-9359-4479-9453-29221f76477f,مدخل كوبري عرفات الثاني,,,,parking,0dbf5e64-c219-4b75-8580-feb1d03a42ea,150-83,parking,0dbf5e64-c219-4b75-8580-feb1d03a42ea,150-83,,,residence,شركة سدن الوطنية المحدودة,camp,4/518,"{""type"":""LineString"",""coordinates"":[[39.87259,21.39994],[39.872461,21.399726],[39.871766,21.40009],[39.872065,21.400594],[39.872491,21.401284],[39.872778,21.401771],[39.873099,21.402237],[39.873697,21.403043],[39.873927,21.403352],[39.874036,21.403566],[39.874052,21.403647],[39.874019,21.403721],[39.87395,21.403758],[39.873813,21.403726],[39.873634,21.403567],[39.873404,21.403267],[39.87278,21.402488],[39.872569,21.402211],[39.872437,21.402036],[39.872124,21.401526],[39.871671,21.400764],[39.871595,21.400637],[39.870867,21.399373],[39.870643,21.39901],[39.870454,21.398671],[39.870396,21.398549],[39.870288,21.398356],[39.870181,21.398187],[39.870064,21.397989],[39.87003,21.397921],[39.869721,21.397456],[39.869172,21.396648],[39.869007,21.396436],[39.868854,21.396241],[39.868485,21.395785],[39.868221,21.395521],[39.868098,21.395395],[39.867888,21.395173],[39.86786,21.395103],[39.867877,21.395036],[39.868137,21.394842],[39.868449,21.394587],[39.869498,21.393757],[39.870132,21.393335],[39.870383,21.393174],[39.870545,21.393066],[39.871016,21.392654],[39.871501,21.392134],[39.871827,21.391707],[39.872067,21.39133],[39.872511,21.39085],[39.872815,21.390147],[39.873089,21.389359],[39.873632,21.387748],[39.873794,21.387223],[39.87407,21.386327],[39.874115,21.385744],[39.874141,21.385156],[39.874177,21.384349],[39.87425,21.384097],[39.874324,21.383912],[39.874375,21.383782],[39.874437,21.383626],[39.874595,21.38331],[39.875371,21.382077],[39.875662,21.381409],[39.876101,21.380031],[39.876323,21.379335],[39.8766,21.378625],[39.877126,21.377522],[39.877382,21.377085],[39.877918,21.376235],[39.878397,21.375597],[39.8791,21.374778],[39.879549,21.374304],[39.881444,21.372524],[39.884584,21.369598],[39.887345,21.367023],[39.887787,21.36661],[39.88903,21.36547],[39.889534,21.365032],[39.889791,21.364841],[39.890108,21.364606],[39.890639,21.364255],[39.891133,21.363963],[39.89165,21.363711],[39.892267,21.36344],[39.892905,21.363223],[39.893615,21.363005],[39.897739,21.36211],[39.903536,21.360873],[39.905747,21.360402],[39.910416,21.359406],[39.911788,21.359117],[39.915884,21.358237],[39.916797,21.358039],[39.920311,21.357266],[39.921042,21.357066],[39.921786,21.356842],[39.92239,21.356633],[39.923446,21.35619],[39.923949,21.35594],[39.924421,21.355687],[39.924993,21.355346],[39.925665,21.354893],[39.926158,21.354515],[39.926545,21.354193],[39.927508,21.353327],[39.935967,21.344532],[39.939563,21.340882],[39.94074,21.339918],[39.941519,21.339279],[39.943207,21.338116],[39.943803,21.337713],[39.945973,21.336504],[39.946625,21.336189],[39.95031,21.334303],[39.955982,21.331509],[39.957442,21.330754],[39.958857,21.330084],[39.961334,21.328867],[39.963387,21.327911],[39.96351,21.327854],[39.964974,21.327327],[39.965757,21.327065],[39.96681,21.326756],[39.967204,21.326666]]}",Admin,e207f767-7c33-4dea-8471-e37792f7c72f,يسر المشاعر,110,2026-05-12 14:03:26,2026-05-12 14:03:26
019e1c7f-ee76-71f6-8b40-0797ac83459c,3,04:00,08:00,فترة ثالثة,20,3565,7504385f-e792-41a8-8326-21854caef7e1,تصعيد مباشر,a0bc4dde-a22d-4d68-bf95-75f45d362d66,تقليدي رد,d0aad3cb-67f5-4d3a-b28f-f748f9857466,مدخل كوبري الجامعة الأول,,,,parking,6a81cfb3-9019-4ac5-9f85-353cab5b9895,الاتصالات الجديد,parking,6a81cfb3-9019-4ac5-9f85-353cab5b9895,الاتصالات الجديد,,,residence,شركة بيوتات التميز للخدمات الفندقيه,camp,4/25,"{""type"":""LineString"",""coordinates"":[[39.876199,21.391731],[39.875934,21.391869],[39.875508,21.39209],[39.875044,21.392331],[39.87484,21.392437],[39.873863,21.392945],[39.873202,21.393286],[39.873601,21.393951],[39.873481,21.394022],[39.873075,21.393362],[39.872757,21.392845],[39.872503,21.39235],[39.87242,21.392246],[39.872301,21.39217],[39.872178,21.392143],[39.872058,21.392157],[39.871891,21.392203],[39.871795,21.392305],[39.870829,21.393218],[39.870392,21.393571],[39.869931,21.393956],[39.868734,21.394889],[39.868615,21.394942],[39.868534,21.39495],[39.868438,21.394915],[39.868391,21.394839],[39.868382,21.394765],[39.868449,21.394587],[39.869498,21.393757],[39.870132,21.393335],[39.870383,21.393174],[39.870545,21.393066],[39.871016,21.392654],[39.871501,21.392134],[39.871827,21.391707],[39.872067,21.39133],[39.872511,21.39085],[39.872815,21.390147],[39.873089,21.389359],[39.873632,21.387748],[39.873794,21.387223],[39.87407,21.386327],[39.874115,21.385744],[39.874141,21.385156],[39.874177,21.384349],[39.87425,21.384097],[39.874324,21.383912],[39.874375,21.383782],[39.874437,21.383626],[39.874595,21.38331],[39.875371,21.382077],[39.875662,21.381409],[39.876101,21.380031],[39.876323,21.379335],[39.8766,21.378625],[39.877126,21.377522],[39.877382,21.377085],[39.877918,21.376235],[39.878397,21.375597],[39.8791,21.374778],[39.879549,21.374304],[39.881444,21.372524],[39.884584,21.369598],[39.887345,21.367023],[39.887787,21.36661],[39.88903,21.36547],[39.889534,21.365032],[39.889791,21.364841],[39.890108,21.364606],[39.890639,21.364255],[39.891133,21.363963],[39.89165,21.363711],[39.892267,21.36344],[39.892905,21.363223],[39.893615,21.363005],[39.897739,21.36211],[39.903536,21.360873],[39.905747,21.360402],[39.910416,21.359406],[39.911788,21.359117],[39.915884,21.358237],[39.916797,21.358039],[39.920311,21.357266],[39.921042,21.357066],[39.921786,21.356842],[39.92239,21.356633],[39.923446,21.35619],[39.923949,21.35594],[39.924421,21.355687],[39.924993,21.355346],[39.925665,21.354893],[39.926158,21.354515],[39.926545,21.354193],[39.927508,21.353327],[39.935967,21.344532],[39.939563,21.340882],[39.94074,21.339918],[39.941519,21.339279],[39.943207,21.338116],[39.943803,21.337713],[39.945973,21.336504],[39.946625,21.336189],[39.946997,21.335912],[39.94708,21.335789],[39.947107,21.335677],[39.947115,21.335547],[39.947062,21.335392],[39.946933,21.33522],[39.946726,21.335112],[39.946541,21.335092],[39.946345,21.335152],[39.946222,21.335232],[39.946115,21.335362],[39.946075,21.335527],[39.946067,21.335644],[39.946238,21.336098],[39.946449,21.336438]]}",Admin,91a7aeb8-caf0-42b0-b9b7-90982be51219,اثراء الخير,29,2026-05-12 14:03:26,2026-05-12 14:03:26
019e1c7f-eabb-7198-ab1b-983f820bb037,2,00:00,03:59,فترة ثانية,15,2519,7504385f-e792-41a8-8326-21854caef7e1,تصعيد مباشر,a0bc4dde-a22d-4d68-bf95-75f45d362d66,تقليدي رد,4b5f023a-9359-4479-9453-29221f76477f,مدخل كوبري عرفات الثاني,,,,parking,0dbf5e64-c219-4b75-8580-feb1d03a42ea,150-83,parking,0dbf5e64-c219-4b75-8580-feb1d03a42ea,150-83,,,residence,أنوار ضيافة الفندقية,camp,4/524,"{""type"":""LineString"",""coordinates"":[[39.830287,21.420689],[39.830672,21.420741],[39.830929,21.420773],[39.831535,21.420838],[39.83191,21.420945],[39.832039,21.421015],[39.832183,21.421174],[39.832273,21.421282],[39.833266,21.422326],[39.83351,21.422555],[39.833692,21.42261],[39.833898,21.422641],[39.834238,21.422617],[39.834413,21.422597],[39.834643,21.422554],[39.842963,21.421445],[39.843901,21.421349],[39.844575,21.421303],[39.845233,21.42127],[39.846332,21.421259],[39.847368,21.421227],[39.847802,21.421211],[39.848334,21.421188],[39.849191,21.421167],[39.850454,21.421049],[39.851183,21.420947],[39.851521,21.420819],[39.851827,21.42067],[39.852143,21.420443],[39.852385,21.420171],[39.853182,21.4192],[39.853454,21.418683],[39.853662,21.418375],[39.854049,21.41786],[39.854388,21.417419],[39.854815,21.416871],[39.854832,21.41685],[39.855039,21.416754],[39.856199,21.415212],[39.856915,21.414028],[39.857548,21.412983],[39.859613,21.409567],[39.860347,21.408343],[39.861218,21.406891],[39.861848,21.405711],[39.862293,21.404805],[39.862648,21.403944],[39.863146,21.402736],[39.864457,21.399575],[39.864667,21.399101],[39.865353,21.397787],[39.865604,21.397353],[39.865839,21.397027],[39.866002,21.396835],[39.866639,21.39624],[39.867089,21.395886],[39.869109,21.394312],[39.87078,21.393016],[39.871413,21.392421],[39.871914,21.39181],[39.87245,21.39099],[39.872511,21.39085],[39.872815,21.390147],[39.873089,21.389359],[39.873632,21.387748],[39.873794,21.387223],[39.87407,21.386327],[39.874115,21.385744],[39.874141,21.385156],[39.874177,21.384349],[39.87425,21.384097],[39.874324,21.383912],[39.874375,21.383782],[39.874437,21.383626],[39.874595,21.38331],[39.875371,21.382077],[39.875662,21.381409],[39.876101,21.380031],[39.876323,21.379335],[39.8766,21.378625],[39.877126,21.377522],[39.877382,21.377085],[39.877918,21.376235],[39.878397,21.375597],[39.8791,21.374778],[39.879549,21.374304],[39.881444,21.372524],[39.884584,21.369598],[39.887345,21.367023],[39.887787,21.36661],[39.88903,21.36547],[39.889534,21.365032],[39.889791,21.364841],[39.890108,21.364606],[39.890639,21.364255],[39.891133,21.363963],[39.89165,21.363711],[39.892267,21.36344],[39.892905,21.363223],[39.893615,21.363005],[39.897739,21.36211],[39.903536,21.360873],[39.905747,21.360402],[39.910416,21.359406],[39.911788,21.359117],[39.915884,21.358237],[39.916797,21.358039],[39.920311,21.357266],[39.921042,21.357066],[39.921786,21.356842],[39.92239,21.356633],[39.923446,21.35619],[39.923949,21.35594],[39.924421,21.355687],[39.924993,21.355346],[39.925665,21.354893],[39.926158,21.354515],[39.926545,21.354193],[39.927508,21.353327],[39.935967,21.344532],[39.939563,21.340882],[39.94074,21.339918],[39.941519,21.339279],[39.943207,21.338116],[39.943803,21.337713],[39.945973,21.336504],[39.946625,21.336189],[39.95031,21.334303],[39.955982,21.331509],[39.957442,21.330754],[39.958857,21.330084],[39.961334,21.328867],[39.963387,21.327911],[39.96351,21.327854],[39.964974,21.327327],[39.965757,21.327065],[39.96681,21.326756],[39.967204,21.326666]]}",Admin,855f0bca-948d-43a9-9377-5ab3eb5e8409,مشارق الماسية,623,2026-05-12 14:03:25,2026-05-12 14:03:25
019e1c7f-e9bc-7374-b7dd-e741651da553,2,00:00,03:59,فترة ثانية,15,1811,7504385f-e792-41a8-8326-21854caef7e1,تصعيد مباشر,a0bc4dde-a22d-4d68-bf95-75f45d362d66,تقليدي رد,4b5f023a-9359-4479-9453-29221f76477f,مدخل كوبري عرفات الثاني,,,,parking,6a81cfb3-9019-4ac5-9f85-353cab5b9895,الاتصالات الجديد,parking,6a81cfb3-9019-4ac5-9f85-353cab5b9895,الاتصالات الجديد,,,residence,شركة الخيمة لتشغيل الفنادق,camp,4/632,"{""type"":""LineString"",""coordinates"":[[39.793075,21.42455],[39.793628,21.424621],[39.793799,21.424623],[39.794299,21.424595],[39.795987,21.424392],[39.796652,21.424307],[39.796911,21.424251],[39.797347,21.424098],[39.797873,21.423911],[39.798012,21.423863],[39.798564,21.423674],[39.798991,21.423526],[39.801781,21.422521],[39.802388,21.422375],[39.802672,21.422327],[39.80289,21.422308],[39.803555,21.422291],[39.804068,21.42237],[39.804903,21.422555],[39.805273,21.422687],[39.806698,21.4231],[39.808503,21.423408],[39.809005,21.423496],[39.810004,21.423673],[39.812704,21.424079],[39.81389,21.424253],[39.81416,21.424288],[39.814583,21.424301],[39.8149,21.424294],[39.816324,21.424159],[39.817715,21.424025],[39.817839,21.424015],[39.818018,21.424003],[39.818758,21.423956],[39.819167,21.423893],[39.819468,21.423825],[39.819616,21.423779],[39.819737,21.423712],[39.82102,21.422308],[39.821255,21.422148],[39.821521,21.422043],[39.8218,21.42196],[39.822147,21.421864],[39.822382,21.421761],[39.822573,21.421647],[39.822791,21.421489],[39.823573,21.420862],[39.823754,21.420759],[39.824375,21.420476],[39.824726,21.420372],[39.825105,21.420284],[39.825955,21.420176],[39.826362,21.420149],[39.826554,21.420136],[39.826763,21.420141],[39.827464,21.420235],[39.828747,21.420466],[39.829051,21.420521],[39.829896,21.420637],[39.830672,21.420741],[39.830929,21.420773],[39.831535,21.420838],[39.83191,21.420945],[39.832039,21.421015],[39.832183,21.421174],[39.832273,21.421282],[39.833266,21.422326],[39.83351,21.422555],[39.833692,21.42261],[39.833898,21.422641],[39.834238,21.422617],[39.834413,21.422597],[39.834643,21.422554],[39.842963,21.421445],[39.843901,21.421349],[39.844575,21.421303],[39.845233,21.42127],[39.846332,21.421259],[39.847368,21.421227],[39.847802,21.421211],[39.848334,21.421188],[39.849191,21.421167],[39.850454,21.421049],[39.851183,21.420947],[39.851521,21.420819],[39.851827,21.42067],[39.852143,21.420443],[39.852385,21.420171],[39.853182,21.4192],[39.853454,21.418683],[39.853662,21.418375],[39.854049,21.41786],[39.854388,21.417419],[39.854815,21.416871],[39.854832,21.41685],[39.855039,21.416754],[39.856199,21.415212],[39.856915,21.414028],[39.857548,21.412983],[39.859613,21.409567],[39.860347,21.408343],[39.861218,21.406891],[39.861848,21.405711],[39.862293,21.404805],[39.862648,21.403944],[39.863146,21.402736],[39.864457,21.399575],[39.864667,21.399101],[39.865353,21.397787],[39.865604,21.397353],[39.865839,21.397027],[39.866002,21.396835],[39.866639,21.39624],[39.867089,21.395886],[39.869109,21.394312],[39.87078,21.393016],[39.871413,21.392421],[39.871914,21.39181],[39.87245,21.39099],[39.872511,21.39085],[39.872815,21.390147],[39.873089,21.389359],[39.873632,21.387748],[39.873794,21.387223],[39.87407,21.386327],[39.874115,21.385744],[39.874141,21.385156],[39.874177,21.384349],[39.87425,21.384097],[39.874324,21.383912],[39.874375,21.383782],[39.874437,21.383626],[39.874595,21.38331],[39.875371,21.382077],[39.875662,21.381409],[39.876101,21.380031],[39.876323,21.379335],[39.8766,21.378625],[39.877126,21.377522],[39.877382,21.377085],[39.877918,21.376235],[39.878397,21.375597],[39.8791,21.374778],[39.879549,21.374304],[39.881444,21.372524],[39.884584,21.369598],[39.887345,21.367023],[39.887787,21.36661],[39.88903,21.36547],[39.889534,21.365032],[39.889791,21.364841],[39.890108,21.364606],[39.890639,21.364255],[39.891133,21.363963],[39.89165,21.363711],[39.892267,21.36344],[39.892905,21.363223],[39.893615,21.363005],[39.897739,21.36211],[39.903536,21.360873],[39.905747,21.360402],[39.910416,21.359406],[39.911788,21.359117],[39.915884,21.358237],[39.916797,21.358039],[39.920311,21.357266],[39.921042,21.357066],[39.921786,21.356842],[39.92239,21.356633],[39.923446,21.35619],[39.923949,21.35594],[39.924421,21.355687],[39.924993,21.355346],[39.925665,21.354893],[39.926158,21.354515],[39.926545,21.354193],[39.927508,21.353327],[39.935967,21.344532],[39.939563,21.340882],[39.94074,21.339918],[39.941519,21.339279],[39.943207,21.338116],[39.943803,21.337713],[39.945973,21.336504],[39.946625,21.336189],[39.95031,21.334303],[39.955982,21.331509],[39.957442,21.330754],[39.958857,21.330084],[39.961334,21.328867],[39.963387,21.327911],[39.96351,21.327854],[39.964974,21.327327],[39.965757,21.327065],[39.96681,21.326756],[39.967204,21.326666]]}",Admin,7ef8e119-d4ed-42a5-9110-d77db1a7e856,ابراج شركة مكه,16,2026-05-12 14:03:25,2026-05-12 14:03:25
019e1c7f-e84a-7000-aaf6-acc16ad2596e,2,00:00,03:59,فترة ثانية,15,1618,7504385f-e792-41a8-8326-21854caef7e1,تصعيد مباشر,a0bc4dde-a22d-4d68-bf95-75f45d362d66,تقليدي رد,d0aad3cb-67f5-4d3a-b28f-f748f9857466,مدخل كوبري الجامعة الأول,,,,parking,6a81cfb3-9019-4ac5-9f85-353cab5b9895,الاتصالات الجديد,parking,6a81cfb3-9019-4ac5-9f85-353cab5b9895,الاتصالات الجديد,,,residence,شركة أبراج ساره للاستثمار العقاري فندق مكةسويس اوتيل,camp,4/56,"{""type"":""LineString"",""coordinates"":[[39.827229,21.418123],[39.827122,21.417994],[39.826763,21.417768],[39.826241,21.417593],[39.825747,21.417536],[39.825184,21.417559],[39.824712,21.417677],[39.824252,21.417919],[39.823772,21.41833],[39.823528,21.418509],[39.823221,21.418639],[39.822601,21.418721],[39.820049,21.419168],[39.819719,21.419234],[39.819454,21.419286],[39.818712,21.419458],[39.818235,21.419644],[39.817971,21.419795],[39.817705,21.420003],[39.817512,21.420198],[39.8173,21.420479],[39.81702,21.421057],[39.816943,21.421348],[39.816883,21.421671],[39.816872,21.421817],[39.816848,21.422236],[39.816857,21.422544],[39.816918,21.422881],[39.817028,21.42323],[39.81718,21.423613],[39.817446,21.424194],[39.817768,21.424951],[39.818013,21.425398],[39.818773,21.426295],[39.819143,21.426635],[39.819449,21.426867],[39.819925,21.427143],[39.820211,21.427254],[39.820308,21.427292],[39.821109,21.427502],[39.821755,21.427626],[39.82194,21.427667],[39.823144,21.427898],[39.825377,21.428173],[39.826502,21.428168],[39.827094,21.428112],[39.827734,21.427987],[39.82828,21.427817],[39.828425,21.427758],[39.829059,21.427452],[39.829362,21.427269],[39.829849,21.426937],[39.830432,21.426457],[39.831018,21.425964],[39.831483,21.425463],[39.83168,21.425154],[39.831926,21.42471],[39.832105,21.424267],[39.832678,21.422668],[39.832908,21.422197],[39.832979,21.421954],[39.832995,21.421726],[39.832968,21.421278],[39.832927,21.421034],[39.83283,21.420727],[39.832731,21.420605],[39.832651,21.420538],[39.832563,21.420499],[39.832476,21.4205],[39.832374,21.420535],[39.832201,21.420861],[39.832172,21.420967],[39.832168,21.421079],[39.832183,21.421174],[39.832273,21.421282],[39.833266,21.422326],[39.83351,21.422555],[39.833692,21.42261],[39.833898,21.422641],[39.834238,21.422617],[39.834413,21.422597],[39.834643,21.422554],[39.842963,21.421445],[39.843901,21.421349],[39.844575,21.421303],[39.845233,21.42127],[39.846332,21.421259],[39.847368,21.421227],[39.847802,21.421211],[39.848334,21.421188],[39.849191,21.421167],[39.850454,21.421049],[39.851183,21.420947],[39.851521,21.420819],[39.851827,21.42067],[39.852143,21.420443],[39.852385,21.420171],[39.853182,21.4192],[39.853454,21.418683],[39.853662,21.418375],[39.854049,21.41786],[39.854388,21.417419],[39.854815,21.416871],[39.854832,21.41685],[39.855039,21.416754],[39.856199,21.415212],[39.856915,21.414028],[39.857548,21.412983],[39.859613,21.409567],[39.860347,21.408343],[39.861218,21.406891],[39.861848,21.405711],[39.862293,21.404805],[39.862648,21.403944],[39.863146,21.402736],[39.864457,21.399575],[39.864667,21.399101],[39.865353,21.397787],[39.865604,21.397353],[39.865839,21.397027],[39.866002,21.396835],[39.866639,21.39624],[39.867089,21.395886],[39.869109,21.394312],[39.87078,21.393016],[39.871413,21.392421],[39.871914,21.39181],[39.87245,21.39099],[39.872511,21.39085],[39.872815,21.390147],[39.873089,21.389359],[39.873632,21.387748],[39.873794,21.387223],[39.87407,21.386327],[39.874115,21.385744],[39.874141,21.385156],[39.874177,21.384349],[39.87425,21.384097],[39.874324,21.383912],[39.874375,21.383782],[39.874437,21.383626],[39.874595,21.38331],[39.875371,21.382077],[39.875662,21.381409],[39.876101,21.380031],[39.876323,21.379335],[39.8766,21.378625],[39.877126,21.377522],[39.877382,21.377085],[39.877918,21.376235],[39.878397,21.375597],[39.8791,21.374778],[39.879549,21.374304],[39.881444,21.372524],[39.884584,21.369598],[39.887345,21.367023],[39.887787,21.36661],[39.88903,21.36547],[39.889534,21.365032],[39.889791,21.364841],[39.890108,21.364606],[39.890639,21.364255],[39.891133,21.363963],[39.89165,21.363711],[39.892267,21.36344],[39.892905,21.363223],[39.893615,21.363005],[39.897739,21.36211],[39.903536,21.360873],[39.905747,21.360402],[39.910416,21.359406],[39.911788,21.359117],[39.915884,21.358237],[39.916797,21.358039],[39.920311,21.357266],[39.921042,21.357066],[39.921786,21.356842],[39.92239,21.356633],[39.923446,21.35619],[39.923949,21.35594],[39.924421,21.355687],[39.924993,21.355346],[39.925665,21.354893],[39.926158,21.354515],[39.926545,21.354193],[39.927508,21.353327],[39.935967,21.344532],[39.939563,21.340882],[39.94074,21.339918],[39.941519,21.339279],[39.943207,21.338116],[39.943803,21.337713],[39.945973,21.336504],[39.946625,21.336189],[39.946997,21.335912],[39.94708,21.335789],[39.947107,21.335677],[39.947115,21.335547],[39.947062,21.335392],[39.946933,21.33522],[39.946726,21.335112],[39.946541,21.335092],[39.946345,21.335152],[39.946222,21.335232],[39.946115,21.335362],[39.946075,21.335527],[39.946067,21.335644],[39.946238,21.336098],[39.946449,21.336438]]}",Admin,855f0bca-948d-43a9-9377-5ab3eb5e8409,مشارق الماسية,615,2026-05-12 14:03:25,2026-05-12 14:03:25
019e1c7f-e52f-71bb-ac17-94940ec5ce9f,1,20:00,23:59,فترة اولى,20,1650,7504385f-e792-41a8-8326-21854caef7e1,تصعيد مباشر,9fc47c58-d9e9-45e0-9d66-6da9f5c4fc85,قطار,4b5f023a-9359-4479-9453-29221f76477f,مدخل كوبري عرفات الثاني,,,,parking,4b152c54-b526-49fb-86d9-409334589cfb,الاسناد القطار,parking,4b152c54-b526-49fb-86d9-409334589cfb,الاسناد القطار,,,residence,شركة برج قصر الشرق للخدمات الفندقيه,camp,49/62,"{""type"":""LineString"",""coordinates"":[[39.810298,21.402883],[39.810243,21.403224],[39.810187,21.403661],[39.810006,21.405206],[39.80931,21.405118],[39.809031,21.407047],[39.808818,21.408268],[39.808617,21.409027],[39.809571,21.409244],[39.809632,21.408572],[39.809712,21.408353],[39.809811,21.407727],[39.809943,21.407297],[39.810114,21.405858],[39.81041,21.403816],[39.810849,21.400982],[39.810842,21.399724],[39.81081,21.399267],[39.810792,21.398813],[39.810679,21.398191],[39.810579,21.397899],[39.810078,21.396209],[39.809966,21.395806],[39.809467,21.394017],[39.809104,21.393444],[39.808949,21.393264],[39.808743,21.393123],[39.808551,21.393069],[39.80832,21.393069],[39.80804,21.393145],[39.807788,21.393338],[39.807543,21.393611],[39.807398,21.394029],[39.807368,21.394382],[39.807463,21.39463],[39.8077,21.394861],[39.807987,21.394947],[39.808437,21.394952],[39.809089,21.394697],[39.810361,21.393996],[39.811102,21.393614],[39.812213,21.392723],[39.813192,21.391724],[39.813419,21.391411],[39.813907,21.39074],[39.814757,21.389569],[39.815443,21.388743],[39.816345,21.387941],[39.816891,21.387545],[39.817406,21.387243],[39.818184,21.386825],[39.818931,21.386534],[39.81968,21.386324],[39.820468,21.386162],[39.821319,21.386089],[39.822593,21.386054],[39.824501,21.385929],[39.825737,21.385701],[39.827605,21.385172],[39.831319,21.38409],[39.831698,21.383991],[39.83206,21.383938],[39.832469,21.383894],[39.83283,21.383901],[39.83366,21.384005],[39.834076,21.384084],[39.834522,21.384233],[39.83508,21.384505],[39.835481,21.384745],[39.835939,21.385046],[39.836207,21.385284],[39.838285,21.387534],[39.838589,21.387837],[39.839153,21.388255],[39.839564,21.388494],[39.840047,21.388707],[39.840505,21.388865],[39.841031,21.388987],[39.841601,21.389045],[39.845807,21.389365],[39.845916,21.389383],[39.846272,21.38944],[39.846807,21.389599],[39.847417,21.389851],[39.847917,21.390141],[39.848327,21.390434],[39.848696,21.390774],[39.849186,21.391318],[39.849592,21.391657],[39.849861,21.391947],[39.850018,21.392085],[39.850446,21.392585],[39.851391,21.393633],[39.851581,21.393812],[39.851774,21.393938],[39.852046,21.394056],[39.852337,21.394122],[39.85254,21.394143],[39.852726,21.394133],[39.852959,21.394071],[39.853614,21.393779],[39.85405,21.393471],[39.854566,21.393024],[39.855648,21.391708],[39.855996,21.391461],[39.856181,21.391287],[39.856525,21.391018],[39.85717,21.390408],[39.857709,21.389855],[39.858217,21.389318],[39.85912,21.388568],[39.862032,21.385524],[39.863018,21.384644],[39.863957,21.384037],[39.86448,21.383738],[39.865047,21.383474],[39.865891,21.383149],[39.866999,21.382837],[39.867992,21.382698],[39.868715,21.382637],[39.869226,21.382632],[39.870011,21.382663],[39.870534,21.38271],[39.871031,21.382805],[39.872226,21.383094],[39.872622,21.383189],[39.87341,21.383495],[39.874256,21.383747],[39.874375,21.383782],[39.874437,21.383626],[39.874595,21.38331],[39.875371,21.382077],[39.875662,21.381409],[39.876101,21.380031],[39.876323,21.379335],[39.8766,21.378625],[39.877126,21.377522],[39.877382,21.377085],[39.877918,21.376235],[39.878397,21.375597],[39.8791,21.374778],[39.879549,21.374304],[39.881444,21.372524],[39.884584,21.369598],[39.887345,21.367023],[39.887787,21.36661],[39.88903,21.36547],[39.889534,21.365032],[39.889791,21.364841],[39.890108,21.364606],[39.890639,21.364255],[39.891133,21.363963],[39.89165,21.363711],[39.892267,21.36344],[39.892905,21.363223],[39.893615,21.363005],[39.897739,21.36211],[39.903536,21.360873],[39.905747,21.360402],[39.910416,21.359406],[39.911788,21.359117],[39.915884,21.358237],[39.916797,21.358039],[39.920311,21.357266],[39.921042,21.357066],[39.921786,21.356842],[39.92239,21.356633],[39.923446,21.35619],[39.923949,21.35594],[39.924421,21.355687],[39.924993,21.355346],[39.925665,21.354893],[39.926158,21.354515],[39.926545,21.354193],[39.927508,21.353327],[39.935967,21.344532],[39.939563,21.340882],[39.94074,21.339918],[39.941519,21.339279],[39.943207,21.338116],[39.943803,21.337713],[39.945973,21.336504],[39.946625,21.336189],[39.95031,21.334303],[39.955982,21.331509],[39.957442,21.330754],[39.958857,21.330084],[39.961334,21.328867],[39.963387,21.327911],[39.96351,21.327854],[39.964974,21.327327],[39.965757,21.327065],[39.96681,21.326756],[39.967204,21.326666]]}",Admin,91a7aeb8-caf0-42b0-b9b7-90982be51219,اثراء الخير,13,2026-05-12 14:03:24,2026-05-12 14:03:24
019e1c7f-e625-7147-b1f5-bc3fe9f44342,2,00:00,03:59,فترة ثانية,15,3094,7504385f-e792-41a8-8326-21854caef7e1,تصعيد مباشر,a0bc4dde-a22d-4d68-bf95-75f45d362d66,تقليدي رد,d0aad3cb-67f5-4d3a-b28f-f748f9857466,مدخل كوبري الجامعة الأول,,,,parking,6a81cfb3-9019-4ac5-9f85-353cab5b9895,الاتصالات الجديد,parking,6a81cfb3-9019-4ac5-9f85-353cab5b9895,الاتصالات الجديد,,,residence,شركة اجياد للخدمات الفندقية,camp,45/68,"{""type"":""LineString"",""coordinates"":[[39.834394,21.418285],[39.834257,21.418483],[39.832993,21.419876],[39.832631,21.420178],[39.832374,21.420535],[39.832201,21.420861],[39.832172,21.420967],[39.832168,21.421079],[39.832183,21.421174],[39.832273,21.421282],[39.833266,21.422326],[39.83351,21.422555],[39.833692,21.42261],[39.833898,21.422641],[39.834238,21.422617],[39.834413,21.422597],[39.834643,21.422554],[39.842963,21.421445],[39.843901,21.421349],[39.844575,21.421303],[39.845233,21.42127],[39.846332,21.421259],[39.847368,21.421227],[39.847802,21.421211],[39.848334,21.421188],[39.849191,21.421167],[39.850454,21.421049],[39.851183,21.420947],[39.851521,21.420819],[39.851827,21.42067],[39.852143,21.420443],[39.852385,21.420171],[39.853182,21.4192],[39.853454,21.418683],[39.853662,21.418375],[39.854049,21.41786],[39.854388,21.417419],[39.854815,21.416871],[39.854832,21.41685],[39.855039,21.416754],[39.856199,21.415212],[39.856915,21.414028],[39.857548,21.412983],[39.859613,21.409567],[39.860347,21.408343],[39.861218,21.406891],[39.861848,21.405711],[39.862293,21.404805],[39.862648,21.403944],[39.863146,21.402736],[39.864457,21.399575],[39.864667,21.399101],[39.865353,21.397787],[39.865604,21.397353],[39.865839,21.397027],[39.866002,21.396835],[39.866639,21.39624],[39.867089,21.395886],[39.869109,21.394312],[39.87078,21.393016],[39.871413,21.392421],[39.871914,21.39181],[39.87245,21.39099],[39.872511,21.39085],[39.872815,21.390147],[39.873089,21.389359],[39.873632,21.387748],[39.873794,21.387223],[39.87407,21.386327],[39.874115,21.385744],[39.874141,21.385156],[39.874177,21.384349],[39.87425,21.384097],[39.874324,21.383912],[39.874375,21.383782],[39.874437,21.383626],[39.874595,21.38331],[39.875371,21.382077],[39.875662,21.381409],[39.876101,21.380031],[39.876323,21.379335],[39.8766,21.378625],[39.877126,21.377522],[39.877382,21.377085],[39.877918,21.376235],[39.878397,21.375597],[39.8791,21.374778],[39.879549,21.374304],[39.881444,21.372524],[39.884584,21.369598],[39.887345,21.367023],[39.887787,21.36661],[39.88903,21.36547],[39.889534,21.365032],[39.889791,21.364841],[39.890108,21.364606],[39.890639,21.364255],[39.891133,21.363963],[39.89165,21.363711],[39.892267,21.36344],[39.892905,21.363223],[39.893615,21.363005],[39.897739,21.36211],[39.903536,21.360873],[39.905747,21.360402],[39.910416,21.359406],[39.911788,21.359117],[39.915884,21.358237],[39.916797,21.358039],[39.920311,21.357266],[39.921042,21.357066],[39.921786,21.356842],[39.92239,21.356633],[39.923446,21.35619],[39.923949,21.35594],[39.924421,21.355687],[39.924993,21.355346],[39.925665,21.354893],[39.926158,21.354515],[39.926545,21.354193],[39.927508,21.353327],[39.935967,21.344532],[39.939563,21.340882],[39.94074,21.339918],[39.941519,21.339279],[39.943207,21.338116],[39.943803,21.337713],[39.945973,21.336504],[39.946625,21.336189],[39.946997,21.335912],[39.94708,21.335789],[39.947107,21.335677],[39.947115,21.335547],[39.947062,21.335392],[39.946933,21.33522],[39.946726,21.335112],[39.946541,21.335092],[39.946345,21.335152],[39.946222,21.335232],[39.946115,21.335362],[39.946075,21.335527],[39.946067,21.335644],[39.946238,21.336098],[39.946449,21.336438]]}",Admin,806536a5-c86c-4e09-acca-ee8a888042e2,إكرام الضيف,109,2026-05-12 14:03:24,2026-05-12 14:03:24
019e1c7f-e424-71ae-a9a3-32563450aaa8,3,04:00,08:00,فترة ثالثة,15,1530,7504385f-e792-41a8-8326-21854caef7e1,تصعيد مباشر,a0bc4dde-a22d-4d68-bf95-75f45d362d66,تقليدي رد,d0aad3cb-67f5-4d3a-b28f-f748f9857466,مدخل كوبري الجامعة الأول,,,,parking,6a81cfb3-9019-4ac5-9f85-353cab5b9895,الاتصالات الجديد,parking,6a81cfb3-9019-4ac5-9f85-353cab5b9895,الاتصالات الجديد,,,residence,شقق قطرات الندى للشقق المخدومة,camp,48/68,"{""type"":""LineString"",""coordinates"":[[39.878011,21.383802],[39.879029,21.384105],[39.878718,21.384981],[39.879191,21.385131],[39.879412,21.3852],[39.880059,21.385404],[39.880223,21.385456],[39.880592,21.385573],[39.881188,21.385907],[39.881609,21.386039],[39.883944,21.386745],[39.885585,21.38727],[39.885492,21.387397],[39.883847,21.386888],[39.883136,21.386673],[39.882211,21.386505],[39.88175,21.386371],[39.880617,21.386026],[39.880032,21.385848],[39.877725,21.385092],[39.877468,21.385009],[39.877093,21.384887],[39.876127,21.384469],[39.875577,21.384286],[39.875463,21.384248],[39.874324,21.383912],[39.874375,21.383782],[39.874437,21.383626],[39.874595,21.38331],[39.875371,21.382077],[39.875662,21.381409],[39.876101,21.380031],[39.876323,21.379335],[39.8766,21.378625],[39.877126,21.377522],[39.877382,21.377085],[39.877918,21.376235],[39.878397,21.375597],[39.8791,21.374778],[39.879549,21.374304],[39.881444,21.372524],[39.884584,21.369598],[39.887345,21.367023],[39.887787,21.36661],[39.88903,21.36547],[39.889534,21.365032],[39.889791,21.364841],[39.890108,21.364606],[39.890639,21.364255],[39.891133,21.363963],[39.89165,21.363711],[39.892267,21.36344],[39.892905,21.363223],[39.893615,21.363005],[39.897739,21.36211],[39.903536,21.360873],[39.905747,21.360402],[39.910416,21.359406],[39.911788,21.359117],[39.915884,21.358237],[39.916797,21.358039],[39.920311,21.357266],[39.921042,21.357066],[39.921786,21.356842],[39.92239,21.356633],[39.923446,21.35619],[39.923949,21.35594],[39.924421,21.355687],[39.924993,21.355346],[39.925665,21.354893],[39.926158,21.354515],[39.926545,21.354193],[39.927508,21.353327],[39.935967,21.344532],[39.939563,21.340882],[39.94074,21.339918],[39.941519,21.339279],[39.943207,21.338116],[39.943803,21.337713],[39.945973,21.336504],[39.946625,21.336189],[39.946997,21.335912],[39.94708,21.335789],[39.947107,21.335677],[39.947115,21.335547],[39.947062,21.335392],[39.946933,21.33522],[39.946726,21.335112],[39.946541,21.335092],[39.946345,21.335152],[39.946222,21.335232],[39.946115,21.335362],[39.946075,21.335527],[39.946067,21.335644],[39.946238,21.336098],[39.946449,21.336438]]}",Admin,91a7aeb8-caf0-42b0-b9b7-90982be51219,اثراء الخير,23,2026-05-12 14:03:24,2026-05-12 14:03:24
019e1c7f-e73a-7041-b7bc-d86b9eadf077,1,20:00,23:59,فترة اولى,15,897,7504385f-e792-41a8-8326-21854caef7e1,تصعيد مباشر,a0bc4dde-a22d-4d68-bf95-75f45d362d66,تقليدي رد,4b5f023a-9359-4479-9453-29221f76477f,مدخل كوبري عرفات الثاني,,,,parking,6a81cfb3-9019-4ac5-9f85-353cab5b9895,الاتصالات الجديد,parking,6a81cfb3-9019-4ac5-9f85-353cab5b9895,الاتصالات الجديد,,,residence,أوقاف واربطة النظام حيدر آباد الوقفية,camp,44/68,"{""type"":""LineString"",""coordinates"":[[39.771939,21.429184],[39.771872,21.429447],[39.771695,21.429917],[39.771505,21.430294],[39.771337,21.430568],[39.771873,21.430899],[39.772422,21.43122],[39.773236,21.429771],[39.773544,21.429305],[39.774567,21.427918],[39.77474,21.427805],[39.774772,21.427768],[39.775092,21.427402],[39.775158,21.427327],[39.775251,21.427221],[39.775654,21.426764],[39.776353,21.4261],[39.776468,21.426105],[39.776508,21.426165],[39.776447,21.426265],[39.775816,21.42684],[39.774936,21.427815],[39.774868,21.428018],[39.774135,21.429054],[39.773335,21.430333],[39.773,21.43087],[39.773371,21.431134],[39.773706,21.431335],[39.773993,21.431405],[39.774271,21.431446],[39.774838,21.431436],[39.775393,21.431342],[39.775733,21.431244],[39.776046,21.431093],[39.776293,21.43093],[39.77654,21.43069],[39.776715,21.430453],[39.776976,21.429957],[39.777345,21.42879],[39.778284,21.425768],[39.778432,21.425286],[39.778651,21.424576],[39.779125,21.42291],[39.779445,21.421689],[39.779542,21.421251],[39.779886,21.42015],[39.780002,21.419752],[39.780427,21.417964],[39.780523,21.41757],[39.781756,21.412516],[39.781957,21.411816],[39.782411,21.409984],[39.782817,21.40817],[39.783075,21.406748],[39.783241,21.405794],[39.783581,21.404372],[39.78407,21.402907],[39.784367,21.402258],[39.784651,21.401747],[39.785163,21.400955],[39.785792,21.400144],[39.786058,21.399844],[39.786396,21.399507],[39.787091,21.398924],[39.787803,21.398421],[39.788661,21.397893],[39.789208,21.397624],[39.789734,21.397366],[39.791116,21.39691],[39.795057,21.396094],[39.796682,21.395776],[39.797482,21.395713],[39.798875,21.395682],[39.801061,21.395665],[39.802203,21.39565],[39.805217,21.3956],[39.805839,21.39558],[39.806678,21.395451],[39.80775,21.39516],[39.808437,21.394952],[39.809089,21.394697],[39.810361,21.393996],[39.811102,21.393614],[39.812213,21.392723],[39.813192,21.391724],[39.813419,21.391411],[39.813907,21.39074],[39.814757,21.389569],[39.815443,21.388743],[39.816345,21.387941],[39.816891,21.387545],[39.817406,21.387243],[39.818184,21.386825],[39.818931,21.386534],[39.81968,21.386324],[39.820468,21.386162],[39.821319,21.386089],[39.822593,21.386054],[39.824501,21.385929],[39.825737,21.385701],[39.827605,21.385172],[39.831319,21.38409],[39.831698,21.383991],[39.83206,21.383938],[39.832469,21.383894],[39.83283,21.383901],[39.83366,21.384005],[39.834076,21.384084],[39.834522,21.384233],[39.83508,21.384505],[39.835481,21.384745],[39.835939,21.385046],[39.836207,21.385284],[39.838285,21.387534],[39.838589,21.387837],[39.839153,21.388255],[39.839564,21.388494],[39.840047,21.388707],[39.840505,21.388865],[39.841031,21.388987],[39.841601,21.389045],[39.845807,21.389365],[39.845916,21.389383],[39.846272,21.38944],[39.846807,21.389599],[39.847417,21.389851],[39.847917,21.390141],[39.848327,21.390434],[39.848696,21.390774],[39.849186,21.391318],[39.849592,21.391657],[39.849861,21.391947],[39.850018,21.392085],[39.850446,21.392585],[39.851391,21.393633],[39.851581,21.393812],[39.851774,21.393938],[39.852046,21.394056],[39.852337,21.394122],[39.85254,21.394143],[39.852726,21.394133],[39.852959,21.394071],[39.853614,21.393779],[39.85405,21.393471],[39.854566,21.393024],[39.855648,21.391708],[39.855996,21.391461],[39.856181,21.391287],[39.856525,21.391018],[39.85717,21.390408],[39.857709,21.389855],[39.858217,21.389318],[39.85912,21.388568],[39.862032,21.385524],[39.863018,21.384644],[39.863957,21.384037],[39.86448,21.383738],[39.865047,21.383474],[39.865891,21.383149],[39.866999,21.382837],[39.867992,21.382698],[39.868715,21.382637],[39.869226,21.382632],[39.870011,21.382663],[39.870534,21.38271],[39.871031,21.382805],[39.872226,21.383094],[39.872622,21.383189],[39.87341,21.383495],[39.874256,21.383747],[39.874375,21.383782],[39.874437,21.383626],[39.874595,21.38331],[39.875371,21.382077],[39.875662,21.381409],[39.876101,21.380031],[39.876323,21.379335],[39.8766,21.378625],[39.877126,21.377522],[39.877382,21.377085],[39.877918,21.376235],[39.878397,21.375597],[39.8791,21.374778],[39.879549,21.374304],[39.881444,21.372524],[39.884584,21.369598],[39.887345,21.367023],[39.887787,21.36661],[39.88903,21.36547],[39.889534,21.365032],[39.889791,21.364841],[39.890108,21.364606],[39.890639,21.364255],[39.891133,21.363963],[39.89165,21.363711],[39.892267,21.36344],[39.892905,21.363223],[39.893615,21.363005],[39.897739,21.36211],[39.903536,21.360873],[39.905747,21.360402],[39.910416,21.359406],[39.911788,21.359117],[39.915884,21.358237],[39.916797,21.358039],[39.920311,21.357266],[39.921042,21.357066],[39.921786,21.356842],[39.92239,21.356633],[39.923446,21.35619],[39.923949,21.35594],[39.924421,21.355687],[39.924993,21.355346],[39.925665,21.354893],[39.926158,21.354515],[39.926545,21.354193],[39.927508,21.353327],[39.935967,21.344532],[39.939563,21.340882],[39.94074,21.339918],[39.941519,21.339279],[39.943207,21.338116],[39.943803,21.337713],[39.945973,21.336504],[39.946625,21.336189],[39.95031,21.334303],[39.955982,21.331509],[39.957442,21.330754],[39.958857,21.330084],[39.961334,21.328867],[39.963387,21.327911],[39.96351,21.327854],[39.964974,21.327327],[39.965757,21.327065],[39.96681,21.326756],[39.967204,21.326666]]}",Admin,91a7aeb8-caf0-42b0-b9b7-90982be51219,اثراء الخير,22,2026-05-12 14:03:24,2026-05-12 14:03:24
019e1c7f-e327-732c-b0f0-52f68ba854ef,1,20:00,23:59,فترة اولى,15,1701,7504385f-e792-41a8-8326-21854caef7e1,تصعيد مباشر,9fc47c58-d9e9-45e0-9d66-6da9f5c4fc85,قطار,d0e722dc-d99a-4b73-b7a6-6c041fc017b0,مدخل طريق الهدا - شارع صاد,,,,parking,4b152c54-b526-49fb-86d9-409334589cfb,الاسناد القطار,parking,4b152c54-b526-49fb-86d9-409334589cfb,الاسناد القطار,,,residence,شركة إل بارون إل زهبي,camp,5/508,"{""type"":""LineString"",""coordinates"":[[39.790177,21.43558],[39.790171,21.435709],[39.79004,21.4357],[39.790072,21.435],[39.790122,21.433396],[39.790148,21.432856],[39.790154,21.432698],[39.790142,21.432101],[39.790117,21.431853],[39.790022,21.431441],[39.789684,21.430171],[39.789463,21.429344],[39.78926,21.428581],[39.789105,21.427977],[39.789093,21.427534],[39.789162,21.426953],[39.789189,21.426845],[39.789277,21.426567],[39.789437,21.426206],[39.789552,21.425987],[39.789978,21.425358],[39.790217,21.425036],[39.790295,21.424892],[39.790481,21.42455],[39.790536,21.424553],[39.790652,21.424563],[39.790895,21.424573],[39.792356,21.424599],[39.793628,21.424621],[39.793799,21.424623],[39.794299,21.424595],[39.795987,21.424392],[39.796652,21.424307],[39.796911,21.424251],[39.797347,21.424098],[39.797873,21.423911],[39.798012,21.423863],[39.798564,21.423674],[39.798991,21.423526],[39.801781,21.422521],[39.802388,21.422375],[39.802672,21.422327],[39.80289,21.422308],[39.803555,21.422291],[39.804068,21.42237],[39.804903,21.422555],[39.805273,21.422687],[39.806698,21.4231],[39.808503,21.423408],[39.809005,21.423496],[39.810004,21.423673],[39.812704,21.424079],[39.81389,21.424253],[39.81416,21.424288],[39.814583,21.424301],[39.8149,21.424294],[39.816324,21.424159],[39.817715,21.424025],[39.817839,21.424015],[39.818018,21.424003],[39.818758,21.423956],[39.819167,21.423893],[39.819468,21.423825],[39.819616,21.423779],[39.819737,21.423712],[39.82102,21.422308],[39.821255,21.422148],[39.821521,21.422043],[39.8218,21.42196],[39.822147,21.421864],[39.822382,21.421761],[39.822573,21.421647],[39.822791,21.421489],[39.823573,21.420862],[39.823754,21.420759],[39.824375,21.420476],[39.824726,21.420372],[39.825105,21.420284],[39.825955,21.420176],[39.826362,21.420149],[39.826554,21.420136],[39.826763,21.420141],[39.827464,21.420235],[39.828747,21.420466],[39.829051,21.420521],[39.829896,21.420637],[39.830672,21.420741],[39.830929,21.420773],[39.831535,21.420838],[39.83191,21.420945],[39.832039,21.421015],[39.832183,21.421174],[39.832273,21.421282],[39.833266,21.422326],[39.83351,21.422555],[39.833692,21.42261],[39.833898,21.422641],[39.834238,21.422617],[39.834413,21.422597],[39.834643,21.422554],[39.842963,21.421445],[39.843901,21.421349],[39.844575,21.421303],[39.845233,21.42127],[39.846332,21.421259],[39.847368,21.421227],[39.847802,21.421211],[39.848334,21.421188],[39.849191,21.421167],[39.850454,21.421049],[39.851183,21.420947],[39.851521,21.420819],[39.851827,21.42067],[39.852143,21.420443],[39.852385,21.420171],[39.853182,21.4192],[39.853454,21.418683],[39.853662,21.418375],[39.854049,21.41786],[39.854388,21.417419],[39.854815,21.416871],[39.854832,21.41685],[39.855039,21.416754],[39.856199,21.415212],[39.856915,21.414028],[39.857548,21.412983],[39.859613,21.409567],[39.860347,21.408343],[39.861218,21.406891],[39.861848,21.405711],[39.862293,21.404805],[39.862648,21.403944],[39.863146,21.402736],[39.864457,21.399575],[39.864667,21.399101],[39.865353,21.397787],[39.865604,21.397353],[39.865839,21.397027],[39.866002,21.396835],[39.866639,21.39624],[39.867089,21.395886],[39.869109,21.394312],[39.87078,21.393016],[39.871413,21.392421],[39.871914,21.39181],[39.87245,21.39099],[39.872511,21.39085],[39.872815,21.390147],[39.873089,21.389359],[39.873632,21.387748],[39.873794,21.387223],[39.87407,21.386327],[39.874115,21.385744],[39.874141,21.385156],[39.874177,21.384349],[39.87425,21.384097],[39.874324,21.383912],[39.874375,21.383782],[39.874437,21.383626],[39.874595,21.38331],[39.875371,21.382077],[39.875662,21.381409],[39.876101,21.380031],[39.876323,21.379335],[39.8766,21.378625],[39.877126,21.377522],[39.877382,21.377085],[39.877918,21.376235],[39.878397,21.375597],[39.8791,21.374778],[39.879549,21.374304],[39.881444,21.372524],[39.884584,21.369598],[39.887345,21.367023],[39.887787,21.36661],[39.88903,21.36547],[39.889534,21.365032],[39.889791,21.364841],[39.890108,21.364606],[39.890639,21.364255],[39.891133,21.363963],[39.89165,21.363711],[39.892267,21.36344],[39.892905,21.363223],[39.893615,21.363005],[39.897739,21.36211],[39.903536,21.360873],[39.905747,21.360402],[39.910416,21.359406],[39.911788,21.359117],[39.915884,21.358237],[39.916797,21.358039],[39.920311,21.357266],[39.921042,21.357066],[39.921786,21.356842],[39.92239,21.356633],[39.923446,21.35619],[39.923949,21.35594],[39.924421,21.355687],[39.924993,21.355346],[39.925665,21.354893],[39.926158,21.354515],[39.926545,21.354193],[39.927508,21.353327],[39.935967,21.344532],[39.939563,21.340882],[39.94074,21.339918],[39.941519,21.339279],[39.943207,21.338116],[39.943803,21.337713],[39.945973,21.336504],[39.946625,21.336189],[39.95031,21.334303],[39.955982,21.331509],[39.957442,21.330754],[39.958857,21.330084],[39.961334,21.328867],[39.963387,21.327911],[39.96351,21.327854],[39.964974,21.327327],[39.965757,21.327065],[39.96681,21.326756],[39.967799,21.326531],[39.968926,21.326339],[39.96984,21.326221],[39.970707,21.326155],[39.972602,21.3261],[39.973796,21.326144],[39.974469,21.326184],[39.976617,21.326438],[39.97742,21.326564],[39.978627,21.326781],[39.987951,21.328639],[39.988818,21.328808],[39.989641,21.328934],[39.990938,21.329092],[39.992481,21.329217],[39.994357,21.329265],[39.995223,21.329258],[39.996077,21.329217],[39.996766,21.329166],[39.998261,21.328985],[40.004443,21.328114],[40.007292,21.327886],[40.009588,21.32794],[40.013003,21.328064],[40.014142,21.328141],[40.015239,21.328151],[40.01622,21.32813],[40.016666,21.328146],[40.016654,21.328429],[40.012735,21.328302],[40.009347,21.328169],[40.006652,21.328208],[40.006228,21.328239]]}",Admin,855f0bca-948d-43a9-9377-5ab3eb5e8409,مشارق الماسية,609,2026-05-12 14:03:23,2026-05-12 14:03:23
019e1c7f-e1ee-712b-8495-34f798dd441b,2,00:00,03:59,فترة ثانية,15,606,7504385f-e792-41a8-8326-21854caef7e1,تصعيد مباشر,48a174b1-0445-44d5-8d15-f6b484620b5d,ترددي,4f208fa1-de2c-49b4-bdfa-2417d33f8162,مدخل مواقف حجاج البر,,,,bus_warehouse,3066fa1f-05fa-40a1-9bd2-b134cd6c9234,ترددي 3,bus_warehouse,3066fa1f-05fa-40a1-9bd2-b134cd6c9234,ترددي 3,,,residence,شركة الفرسان الذهبيه لتشغيل الفنادق,camp,5/655,"{""type"":""LineString"",""coordinates"":[[39.869005,21.406541],[39.869122,21.406426],[39.869543,21.406093],[39.870133,21.405659],[39.870959,21.405064],[39.871841,21.404486],[39.872689,21.403827],[39.873404,21.403267],[39.87278,21.402488],[39.872569,21.402211],[39.872437,21.402036],[39.872124,21.401526],[39.871671,21.400764],[39.871595,21.400637],[39.870867,21.399373],[39.870643,21.39901],[39.870454,21.398671],[39.870396,21.398549],[39.870288,21.398356],[39.870181,21.398187],[39.870064,21.397989],[39.87003,21.397921],[39.869721,21.397456],[39.869172,21.396648],[39.869007,21.396436],[39.868854,21.396241],[39.868485,21.395785],[39.868221,21.395521],[39.868098,21.395395],[39.867888,21.395173],[39.86786,21.395103],[39.867877,21.395036],[39.868137,21.394842],[39.868449,21.394587],[39.869498,21.393757],[39.870132,21.393335],[39.870383,21.393174],[39.870545,21.393066],[39.871016,21.392654],[39.871501,21.392134],[39.871827,21.391707],[39.872067,21.39133],[39.872511,21.39085],[39.872815,21.390147],[39.873089,21.389359],[39.873632,21.387748],[39.873794,21.387223],[39.87407,21.386327],[39.874115,21.385744],[39.874141,21.385156],[39.874177,21.384349],[39.87425,21.384097],[39.874324,21.383912],[39.874375,21.383782],[39.874437,21.383626],[39.874595,21.38331],[39.875371,21.382077],[39.875662,21.381409],[39.876101,21.380031],[39.876323,21.379335],[39.8766,21.378625],[39.877126,21.377522],[39.877382,21.377085],[39.877918,21.376235],[39.878397,21.375597],[39.8791,21.374778],[39.879549,21.374304],[39.881444,21.372524],[39.884584,21.369598],[39.887345,21.367023],[39.887787,21.36661],[39.88903,21.36547],[39.889534,21.365032],[39.889791,21.364841],[39.890108,21.364606],[39.890639,21.364255],[39.891133,21.363963],[39.89165,21.363711],[39.892267,21.36344],[39.892905,21.363223],[39.893615,21.363005],[39.897739,21.36211],[39.903536,21.360873],[39.905747,21.360402],[39.910416,21.359406],[39.911788,21.359117],[39.915884,21.358237],[39.916797,21.358039],[39.920311,21.357266],[39.921042,21.357066],[39.921786,21.356842],[39.92239,21.356633],[39.923446,21.35619],[39.923949,21.35594],[39.924421,21.355687],[39.924993,21.355346],[39.925665,21.354893],[39.926158,21.354515],[39.926545,21.354193],[39.927508,21.353327],[39.935967,21.344532],[39.939563,21.340882],[39.94074,21.339918],[39.941519,21.339279],[39.943207,21.338116],[39.943803,21.337713],[39.945973,21.336504],[39.946625,21.336189],[39.95031,21.334303],[39.955982,21.331509],[39.957442,21.330754],[39.958857,21.330084],[39.961334,21.328867],[39.963387,21.327911],[39.96351,21.327854],[39.964974,21.327327],[39.965757,21.327065],[39.96681,21.326756],[39.967799,21.326531],[39.968926,21.326339],[39.96984,21.326221],[39.970707,21.326155],[39.972602,21.3261],[39.973796,21.326144],[39.974469,21.326184],[39.976617,21.326438],[39.97742,21.326564],[39.978627,21.326781],[39.987951,21.328639],[39.988818,21.328808],[39.989641,21.328934],[39.990938,21.329092],[39.992481,21.329217],[39.994357,21.329265],[39.995223,21.329258],[39.996077,21.329217],[39.996766,21.329166],[39.998261,21.328985],[40.004443,21.328114],[40.007292,21.327886],[40.009588,21.32794],[40.013003,21.328064],[40.014142,21.328141],[40.015239,21.328151],[40.01622,21.32813],[40.016666,21.328146],[40.016654,21.328429],[40.012735,21.328302],[40.009347,21.328169],[40.006652,21.328208],[40.005189,21.328314],[40.004982,21.32833],[39.998267,21.329267],[39.996795,21.329451],[39.996075,21.329516],[39.995236,21.329546],[39.993504,21.329542],[39.992479,21.329503],[39.9918,21.32946],[39.990844,21.329364],[39.990799,21.329536]]}",Admin,e9a7afdb-66fc-41d1-b1b7-90c085414df4,رحلات ومنافع,206,2026-05-12 14:03:23,2026-05-12 14:03:23
019e1c7f-e011-735c-b2ee-d240fd5621eb,2,00:00,03:59,فترة ثانية,20,1526,7504385f-e792-41a8-8326-21854caef7e1,تصعيد مباشر,9fc47c58-d9e9-45e0-9d66-6da9f5c4fc85,قطار,d0e722dc-d99a-4b73-b7a6-6c041fc017b0,مدخل طريق الهدا - شارع صاد,,,,parking,4b152c54-b526-49fb-86d9-409334589cfb,الاسناد القطار,parking,4b152c54-b526-49fb-86d9-409334589cfb,الاسناد القطار,,,residence,شركة عناية هوتيل مانجمينت المحدودة,camp,59/62,"{""type"":""LineString"",""coordinates"":[[39.869508,21.387569],[39.869488,21.387731],[39.870183,21.387817],[39.870219,21.387822],[39.871504,21.387981],[39.872152,21.388061],[39.872257,21.388078],[39.872772,21.388138],[39.873366,21.388213],[39.8735,21.387723],[39.873794,21.387223],[39.87407,21.386327],[39.874115,21.385744],[39.874141,21.385156],[39.874177,21.384349],[39.87425,21.384097],[39.874324,21.383912],[39.874375,21.383782],[39.874437,21.383626],[39.874595,21.38331],[39.875371,21.382077],[39.875662,21.381409],[39.876101,21.380031],[39.876323,21.379335],[39.8766,21.378625],[39.877126,21.377522],[39.877382,21.377085],[39.877918,21.376235],[39.878397,21.375597],[39.8791,21.374778],[39.879549,21.374304],[39.881444,21.372524],[39.884584,21.369598],[39.887345,21.367023],[39.887787,21.36661],[39.88903,21.36547],[39.889534,21.365032],[39.889791,21.364841],[39.890108,21.364606],[39.890639,21.364255],[39.891133,21.363963],[39.89165,21.363711],[39.892267,21.36344],[39.892905,21.363223],[39.893615,21.363005],[39.897739,21.36211],[39.903536,21.360873],[39.905747,21.360402],[39.910416,21.359406],[39.911788,21.359117],[39.915884,21.358237],[39.916797,21.358039],[39.920311,21.357266],[39.921042,21.357066],[39.921786,21.356842],[39.92239,21.356633],[39.923446,21.35619],[39.923949,21.35594],[39.924421,21.355687],[39.924993,21.355346],[39.925665,21.354893],[39.926158,21.354515],[39.926545,21.354193],[39.927508,21.353327],[39.935967,21.344532],[39.939563,21.340882],[39.94074,21.339918],[39.941519,21.339279],[39.943207,21.338116],[39.943803,21.337713],[39.945973,21.336504],[39.946625,21.336189],[39.95031,21.334303],[39.955982,21.331509],[39.957442,21.330754],[39.958857,21.330084],[39.961334,21.328867],[39.963387,21.327911],[39.96351,21.327854],[39.964974,21.327327],[39.965757,21.327065],[39.96681,21.326756],[39.967799,21.326531],[39.968926,21.326339],[39.96984,21.326221],[39.970707,21.326155],[39.972602,21.3261],[39.973796,21.326144],[39.974469,21.326184],[39.976617,21.326438],[39.97742,21.326564],[39.978627,21.326781],[39.987951,21.328639],[39.988818,21.328808],[39.989641,21.328934],[39.990938,21.329092],[39.992481,21.329217],[39.994357,21.329265],[39.995223,21.329258],[39.996077,21.329217],[39.996766,21.329166],[39.998261,21.328985],[40.004443,21.328114],[40.007292,21.327886],[40.009588,21.32794],[40.013003,21.328064],[40.014142,21.328141],[40.015239,21.328151],[40.01622,21.32813],[40.016666,21.328146],[40.016654,21.328429],[40.012735,21.328302],[40.009347,21.328169],[40.006652,21.328208],[40.006228,21.328239]]}",Admin,53e04c90-dfba-4e08-9332-7597ce1ed527,الراجحي,137,2026-05-12 14:03:23,2026-05-12 14:03:23
019e1c7f-df09-70cc-be26-bdd9624aac32,1,20:00,23:59,فترة اولى,10,1631,7504385f-e792-41a8-8326-21854caef7e1,تصعيد مباشر,a0bc4dde-a22d-4d68-bf95-75f45d362d66,تقليدي رد,4b5f023a-9359-4479-9453-29221f76477f,مدخل كوبري عرفات الثاني,,,,parking,6a81cfb3-9019-4ac5-9f85-353cab5b9895,الاتصالات الجديد,parking,6a81cfb3-9019-4ac5-9f85-353cab5b9895,الاتصالات الجديد,,,residence,شركة بلورة الدرة للخدمات الفندقيه,camp,6/502,"{""type"":""LineString"",""coordinates"":[[39.821757,21.414235],[39.821773,21.414813],[39.822161,21.41501],[39.822246,21.41511],[39.822307,21.415127],[39.822575,21.415058],[39.822375,21.414442],[39.821984,21.41363],[39.821965,21.413339],[39.82194,21.413279],[39.821811,21.412978],[39.821689,21.412677],[39.821415,21.412278],[39.821074,21.411474],[39.82098,21.411311],[39.820796,21.411053],[39.820984,21.411131],[39.821133,21.411136],[39.823693,21.411142],[39.824304,21.411081],[39.824887,21.411008],[39.825389,21.410965],[39.826113,21.4109],[39.826641,21.410897],[39.827167,21.410943],[39.827684,21.411038],[39.82819,21.41118],[39.828677,21.411368],[39.829042,21.411506],[39.829162,21.411558],[39.829086,21.411794],[39.828953,21.412001],[39.828732,21.412233],[39.828396,21.412501],[39.828167,21.412734],[39.828138,21.412813],[39.828092,21.413063],[39.827963,21.413896],[39.82782,21.414639],[39.827706,21.415078],[39.827692,21.415205],[39.827674,21.415692],[39.828007,21.41679],[39.828076,21.417017],[39.8285,21.416933],[39.828573,21.416917],[39.828798,21.416844],[39.829045,21.416713],[39.829337,21.416677],[39.829786,21.416694],[39.830732,21.416554],[39.831377,21.416384],[39.831718,21.416278],[39.832033,21.416152],[39.838227,21.412896],[39.838921,21.412402],[39.83955,21.411899],[39.840154,21.41138],[39.841104,21.4104],[39.841448,21.41001],[39.842328,21.408941],[39.842812,21.408322],[39.84304,21.40803],[39.846588,21.403952],[39.84699,21.403319],[39.847287,21.402708],[39.847522,21.401979],[39.847675,21.400866],[39.847757,21.400379],[39.847936,21.398697],[39.848087,21.398091],[39.848194,21.397813],[39.848526,21.397184],[39.848715,21.396921],[39.848992,21.396578],[39.849437,21.396111],[39.849685,21.395914],[39.849987,21.395705],[39.850241,21.39555],[39.850696,21.395318],[39.851103,21.395121],[39.852866,21.39428],[39.85336,21.394031],[39.853855,21.39375],[39.854267,21.393467],[39.85464,21.393184],[39.854897,21.39296],[39.855798,21.391964],[39.856536,21.391178],[39.85912,21.388568],[39.862032,21.385524],[39.863018,21.384644],[39.863957,21.384037],[39.86448,21.383738],[39.865047,21.383474],[39.865891,21.383149],[39.866999,21.382837],[39.867992,21.382698],[39.868715,21.382637],[39.869226,21.382632],[39.870011,21.382663],[39.870534,21.38271],[39.871031,21.382805],[39.872226,21.383094],[39.872622,21.383189],[39.87341,21.383495],[39.874256,21.383747],[39.874375,21.383782],[39.874437,21.383626],[39.874595,21.38331],[39.875371,21.382077],[39.875662,21.381409],[39.876101,21.380031],[39.876323,21.379335],[39.8766,21.378625],[39.877126,21.377522],[39.877382,21.377085],[39.877918,21.376235],[39.878397,21.375597],[39.8791,21.374778],[39.879549,21.374304],[39.881444,21.372524],[39.884584,21.369598],[39.887345,21.367023],[39.887787,21.36661],[39.88903,21.36547],[39.889534,21.365032],[39.889791,21.364841],[39.890108,21.364606],[39.890639,21.364255],[39.891133,21.363963],[39.89165,21.363711],[39.892267,21.36344],[39.892905,21.363223],[39.893615,21.363005],[39.897739,21.36211],[39.903536,21.360873],[39.905747,21.360402],[39.910416,21.359406],[39.911788,21.359117],[39.915884,21.358237],[39.916797,21.358039],[39.920311,21.357266],[39.921042,21.357066],[39.921786,21.356842],[39.92239,21.356633],[39.923446,21.35619],[39.923949,21.35594],[39.924421,21.355687],[39.924993,21.355346],[39.925665,21.354893],[39.926158,21.354515],[39.926545,21.354193],[39.927508,21.353327],[39.935967,21.344532],[39.939563,21.340882],[39.94074,21.339918],[39.941519,21.339279],[39.943207,21.338116],[39.943803,21.337713],[39.945973,21.336504],[39.946625,21.336189],[39.95031,21.334303],[39.955982,21.331509],[39.957442,21.330754],[39.958857,21.330084],[39.961334,21.328867],[39.963387,21.327911],[39.96351,21.327854],[39.964974,21.327327],[39.965757,21.327065],[39.96681,21.326756],[39.967204,21.326666]]}",Admin,e207f767-7c33-4dea-8471-e37792f7c72f,يسر المشاعر,120,2026-05-12 14:03:22,2026-05-12 14:03:22
019e1c7f-de01-73e6-a1d8-a3e67c8f6411,3,04:00,08:00,فترة ثالثة,10,1611,7504385f-e792-41a8-8326-21854caef7e1,تصعيد مباشر,a0bc4dde-a22d-4d68-bf95-75f45d362d66,تقليدي رد,d0aad3cb-67f5-4d3a-b28f-f748f9857466,مدخل كوبري الجامعة الأول,,,,parking,0dbf5e64-c219-4b75-8580-feb1d03a42ea,150-83,parking,0dbf5e64-c219-4b75-8580-feb1d03a42ea,150-83,,,residence,شركة اكنان الصفا الفندقية,camp,7/25,"{""type"":""LineString"",""coordinates"":[[39.87623,21.373999],[39.876456,21.373783],[39.877009,21.373255],[39.876965,21.373214],[39.877518,21.372705],[39.876881,21.372113],[39.876783,21.372021],[39.876882,21.371925],[39.876977,21.372015],[39.877577,21.372581],[39.878136,21.373108],[39.878893,21.373822],[39.879341,21.374245],[39.879646,21.373959],[39.879745,21.373866],[39.880767,21.372904],[39.882348,21.371427],[39.882504,21.371282],[39.883151,21.370683],[39.883254,21.370587],[39.883356,21.370492],[39.883948,21.370084],[39.884584,21.369598],[39.887345,21.367023],[39.887787,21.36661],[39.88903,21.36547],[39.889534,21.365032],[39.889791,21.364841],[39.890108,21.364606],[39.890639,21.364255],[39.891133,21.363963],[39.89165,21.363711],[39.892267,21.36344],[39.892905,21.363223],[39.893615,21.363005],[39.897739,21.36211],[39.903536,21.360873],[39.905747,21.360402],[39.910416,21.359406],[39.911788,21.359117],[39.915884,21.358237],[39.916797,21.358039],[39.920311,21.357266],[39.921042,21.357066],[39.921786,21.356842],[39.92239,21.356633],[39.923446,21.35619],[39.923949,21.35594],[39.924421,21.355687],[39.924993,21.355346],[39.925665,21.354893],[39.926158,21.354515],[39.926545,21.354193],[39.927508,21.353327],[39.935967,21.344532],[39.939563,21.340882],[39.94074,21.339918],[39.941519,21.339279],[39.943207,21.338116],[39.943803,21.337713],[39.945973,21.336504],[39.946625,21.336189],[39.946997,21.335912],[39.94708,21.335789],[39.947107,21.335677],[39.947115,21.335547],[39.947062,21.335392],[39.946933,21.33522],[39.946726,21.335112],[39.946541,21.335092],[39.946345,21.335152],[39.946222,21.335232],[39.946115,21.335362],[39.946075,21.335527],[39.946067,21.335644],[39.946238,21.336098],[39.946449,21.336438]]}",Admin,855f0bca-948d-43a9-9377-5ab3eb5e8409,مشارق الماسية,700,2026-05-12 14:03:22,2026-05-12 14:03:22
019e1c7f-dced-71ae-a6ab-3d15b2690b50,3,04:00,08:00,فترة ثالثة,15,2517,7504385f-e792-41a8-8326-21854caef7e1,تصعيد مباشر,9fc47c58-d9e9-45e0-9d66-6da9f5c4fc85,قطار,d0e722dc-d99a-4b73-b7a6-6c041fc017b0,مدخل طريق الهدا - شارع صاد,,,,parking,4b152c54-b526-49fb-86d9-409334589cfb,الاسناد القطار,parking,4b152c54-b526-49fb-86d9-409334589cfb,الاسناد القطار,,,residence,شركة اصيل الهيبة لتشغيل الفنادق,camp,8/510,"{""type"":""LineString"",""coordinates"":[[39.827967,21.416659],[39.828007,21.41679],[39.828076,21.417017],[39.8285,21.416933],[39.828573,21.416917],[39.828798,21.416844],[39.829045,21.416713],[39.829337,21.416677],[39.829786,21.416694],[39.830732,21.416554],[39.831377,21.416384],[39.831718,21.416278],[39.832033,21.416152],[39.838227,21.412896],[39.838921,21.412402],[39.83955,21.411899],[39.840154,21.41138],[39.841104,21.4104],[39.841448,21.41001],[39.842328,21.408941],[39.842812,21.408322],[39.84304,21.40803],[39.846588,21.403952],[39.84699,21.403319],[39.847287,21.402708],[39.847522,21.401979],[39.847675,21.400866],[39.847757,21.400379],[39.847936,21.398697],[39.848087,21.398091],[39.848194,21.397813],[39.848526,21.397184],[39.848715,21.396921],[39.848992,21.396578],[39.849437,21.396111],[39.849685,21.395914],[39.849987,21.395705],[39.850241,21.39555],[39.850696,21.395318],[39.851103,21.395121],[39.852866,21.39428],[39.85336,21.394031],[39.853855,21.39375],[39.854267,21.393467],[39.85464,21.393184],[39.854897,21.39296],[39.855798,21.391964],[39.856536,21.391178],[39.85912,21.388568],[39.862032,21.385524],[39.863018,21.384644],[39.863957,21.384037],[39.86448,21.383738],[39.865047,21.383474],[39.865891,21.383149],[39.866999,21.382837],[39.867992,21.382698],[39.868715,21.382637],[39.869226,21.382632],[39.870011,21.382663],[39.870534,21.38271],[39.871031,21.382805],[39.872226,21.383094],[39.872622,21.383189],[39.87341,21.383495],[39.874256,21.383747],[39.874375,21.383782],[39.874437,21.383626],[39.874595,21.38331],[39.875371,21.382077],[39.875662,21.381409],[39.876101,21.380031],[39.876323,21.379335],[39.8766,21.378625],[39.877126,21.377522],[39.877382,21.377085],[39.877918,21.376235],[39.878397,21.375597],[39.8791,21.374778],[39.879549,21.374304],[39.881444,21.372524],[39.884584,21.369598],[39.887345,21.367023],[39.887787,21.36661],[39.88903,21.36547],[39.889534,21.365032],[39.889791,21.364841],[39.890108,21.364606],[39.890639,21.364255],[39.891133,21.363963],[39.89165,21.363711],[39.892267,21.36344],[39.892905,21.363223],[39.893615,21.363005],[39.897739,21.36211],[39.903536,21.360873],[39.905747,21.360402],[39.910416,21.359406],[39.911788,21.359117],[39.915884,21.358237],[39.916797,21.358039],[39.920311,21.357266],[39.921042,21.357066],[39.921786,21.356842],[39.92239,21.356633],[39.923446,21.35619],[39.923949,21.35594],[39.924421,21.355687],[39.924993,21.355346],[39.925665,21.354893],[39.926158,21.354515],[39.926545,21.354193],[39.927508,21.353327],[39.935967,21.344532],[39.939563,21.340882],[39.94074,21.339918],[39.941519,21.339279],[39.943207,21.338116],[39.943803,21.337713],[39.945973,21.336504],[39.946625,21.336189],[39.95031,21.334303],[39.955982,21.331509],[39.957442,21.330754],[39.958857,21.330084],[39.961334,21.328867],[39.963387,21.327911],[39.96351,21.327854],[39.964974,21.327327],[39.965757,21.327065],[39.96681,21.326756],[39.967799,21.326531],[39.968926,21.326339],[39.96984,21.326221],[39.970707,21.326155],[39.972602,21.3261],[39.973796,21.326144],[39.974469,21.326184],[39.976617,21.326438],[39.97742,21.326564],[39.978627,21.326781],[39.987951,21.328639],[39.988818,21.328808],[39.989641,21.328934],[39.990938,21.329092],[39.992481,21.329217],[39.994357,21.329265],[39.995223,21.329258],[39.996077,21.329217],[39.996766,21.329166],[39.998261,21.328985],[40.004443,21.328114],[40.007292,21.327886],[40.009588,21.32794],[40.013003,21.328064],[40.014142,21.328141],[40.015239,21.328151],[40.01622,21.32813],[40.016666,21.328146],[40.016654,21.328429],[40.012735,21.328302],[40.009347,21.328169],[40.006652,21.328208],[40.006228,21.328239]]}",Admin,855f0bca-948d-43a9-9377-5ab3eb5e8409,مشارق الماسية,612,2026-05-12 14:03:22,2026-05-12 14:03:22
019e1c7f-d8fa-702f-9ba8-3bdc67d81792,2,00:00,03:59,فترة ثانية,10,3413,7504385f-e792-41a8-8326-21854caef7e1,تصعيد مباشر,48a174b1-0445-44d5-8d15-f6b484620b5d,ترددي,4f208fa1-de2c-49b4-bdfa-2417d33f8162,مدخل مواقف حجاج البر,,,,bus_warehouse,78d92381-0800-44ed-ad7b-9ff92b62e4b6,ترددي 1,bus_warehouse,78d92381-0800-44ed-ad7b-9ff92b62e4b6,ترددي 1,,,residence,شركة ابراج دانيه الفندقية,camp,11/406,"{""type"":""LineString"",""coordinates"":[[39.839441,21.369379],[39.838848,21.370187],[39.838786,21.370271],[39.838223,21.371032],[39.837619,21.37185],[39.837547,21.371948],[39.836091,21.373931],[39.835895,21.373987],[39.833844,21.3768],[39.831637,21.379826],[39.83034,21.381632],[39.829518,21.382776],[39.829244,21.383137],[39.829189,21.383211],[39.828715,21.383626],[39.828431,21.383911],[39.827708,21.384644],[39.828992,21.384535],[39.829244,21.384519],[39.829855,21.38437],[39.831122,21.383987],[39.831785,21.383827],[39.832342,21.383768],[39.832689,21.383765],[39.833425,21.383788],[39.834009,21.38386],[39.834378,21.383974],[39.834634,21.384054],[39.835276,21.384458],[39.835525,21.384616],[39.835729,21.384746],[39.835976,21.384932],[39.836262,21.385178],[39.838411,21.38745],[39.838733,21.387759],[39.839259,21.388169],[39.839699,21.388429],[39.840246,21.388658],[39.840634,21.388749],[39.841231,21.388838],[39.842264,21.388921],[39.843922,21.389083],[39.845957,21.389246],[39.846384,21.389345],[39.847035,21.389539],[39.847266,21.389645],[39.84768,21.389836],[39.848252,21.390213],[39.848953,21.390805],[39.849588,21.39154],[39.850018,21.392085],[39.850446,21.392585],[39.851391,21.393633],[39.851581,21.393812],[39.851774,21.393938],[39.852046,21.394056],[39.852337,21.394122],[39.85254,21.394143],[39.852726,21.394133],[39.852959,21.394071],[39.853614,21.393779],[39.85405,21.393471],[39.854566,21.393024],[39.855648,21.391708],[39.855996,21.391461],[39.856181,21.391287],[39.856525,21.391018],[39.85717,21.390408],[39.857709,21.389855],[39.858217,21.389318],[39.85912,21.388568],[39.862032,21.385524],[39.863018,21.384644],[39.863957,21.384037],[39.86448,21.383738],[39.865047,21.383474],[39.865891,21.383149],[39.866999,21.382837],[39.867992,21.382698],[39.868715,21.382637],[39.869226,21.382632],[39.870011,21.382663],[39.870534,21.38271],[39.871031,21.382805],[39.872226,21.383094],[39.872622,21.383189],[39.87341,21.383495],[39.874256,21.383747],[39.874375,21.383782],[39.874437,21.383626],[39.874595,21.38331],[39.875371,21.382077],[39.875662,21.381409],[39.876101,21.380031],[39.876323,21.379335],[39.8766,21.378625],[39.877126,21.377522],[39.877382,21.377085],[39.877918,21.376235],[39.878397,21.375597],[39.8791,21.374778],[39.879549,21.374304],[39.881444,21.372524],[39.884584,21.369598],[39.887345,21.367023],[39.887787,21.36661],[39.88903,21.36547],[39.889534,21.365032],[39.889791,21.364841],[39.890108,21.364606],[39.890639,21.364255],[39.891133,21.363963],[39.89165,21.363711],[39.892267,21.36344],[39.892905,21.363223],[39.893615,21.363005],[39.897739,21.36211],[39.903536,21.360873],[39.905747,21.360402],[39.910416,21.359406],[39.911788,21.359117],[39.915884,21.358237],[39.916797,21.358039],[39.920311,21.357266],[39.921042,21.357066],[39.921786,21.356842],[39.92239,21.356633],[39.923446,21.35619],[39.923949,21.35594],[39.924421,21.355687],[39.924993,21.355346],[39.925665,21.354893],[39.926158,21.354515],[39.926545,21.354193],[39.927508,21.353327],[39.935967,21.344532],[39.939563,21.340882],[39.94074,21.339918],[39.941519,21.339279],[39.943207,21.338116],[39.943803,21.337713],[39.945973,21.336504],[39.946625,21.336189],[39.95031,21.334303],[39.955982,21.331509],[39.957442,21.330754],[39.958857,21.330084],[39.961334,21.328867],[39.963387,21.327911],[39.96351,21.327854],[39.964974,21.327327],[39.965757,21.327065],[39.96681,21.326756],[39.967799,21.326531],[39.968926,21.326339],[39.96984,21.326221],[39.970707,21.326155],[39.972602,21.3261],[39.973796,21.326144],[39.974469,21.326184],[39.976617,21.326438],[39.97742,21.326564],[39.978627,21.326781],[39.987951,21.328639],[39.988818,21.328808],[39.989641,21.328934],[39.990938,21.329092],[39.992481,21.329217],[39.994357,21.329265],[39.995223,21.329258],[39.996077,21.329217],[39.996766,21.329166],[39.998261,21.328985],[40.004443,21.328114],[40.007292,21.327886],[40.009588,21.32794],[40.013003,21.328064],[40.014142,21.328141],[40.015239,21.328151],[40.01622,21.32813],[40.016666,21.328146],[40.016654,21.328429],[40.012735,21.328302],[40.009347,21.328169],[40.006652,21.328208],[40.005189,21.328314],[40.004982,21.32833],[39.998267,21.329267],[39.996795,21.329451],[39.996075,21.329516],[39.995236,21.329546],[39.993504,21.329542],[39.992479,21.329503],[39.9918,21.32946],[39.990844,21.329364],[39.990799,21.329536]]}",Admin,15cdb671-1ca2-46ab-a42b-3c9793ab98da,مناسك المشاعر,1,2026-05-12 14:03:21,2026-05-12 14:03:21
019e1c7f-d9fd-71aa-b929-cdcc96e058c4,2,00:00,03:59,فترة ثانية,20,2053,7504385f-e792-41a8-8326-21854caef7e1,تصعيد مباشر,a0bc4dde-a22d-4d68-bf95-75f45d362d66,تقليدي رد,d0aad3cb-67f5-4d3a-b28f-f748f9857466,مدخل كوبري الجامعة الأول,,,,parking,6a81cfb3-9019-4ac5-9f85-353cab5b9895,الاتصالات الجديد,parking,6a81cfb3-9019-4ac5-9f85-353cab5b9895,الاتصالات الجديد,,,residence,شركة القصواء للسفر و السياحة,camp,C/206,"{""type"":""LineString"",""coordinates"":[[39.829966,21.406483],[39.829538,21.408329],[39.829293,21.409483],[39.829211,21.40995],[39.829031,21.410604],[39.829016,21.410708],[39.829032,21.410834],[39.829189,21.411227],[39.82919,21.411378],[39.829162,21.411558],[39.829086,21.411794],[39.828953,21.412001],[39.828732,21.412233],[39.828396,21.412501],[39.828167,21.412734],[39.828138,21.412813],[39.828092,21.413063],[39.827963,21.413896],[39.82782,21.414639],[39.827706,21.415078],[39.827692,21.415205],[39.827674,21.415692],[39.828007,21.41679],[39.828076,21.417017],[39.8285,21.416933],[39.828573,21.416917],[39.828798,21.416844],[39.829045,21.416713],[39.829337,21.416677],[39.829786,21.416694],[39.830732,21.416554],[39.831377,21.416384],[39.831718,21.416278],[39.832033,21.416152],[39.838227,21.412896],[39.838921,21.412402],[39.83955,21.411899],[39.840154,21.41138],[39.841104,21.4104],[39.841448,21.41001],[39.842328,21.408941],[39.842812,21.408322],[39.84304,21.40803],[39.846588,21.403952],[39.84699,21.403319],[39.847287,21.402708],[39.847522,21.401979],[39.847675,21.400866],[39.847757,21.400379],[39.847936,21.398697],[39.848087,21.398091],[39.848194,21.397813],[39.848526,21.397184],[39.848715,21.396921],[39.848992,21.396578],[39.849437,21.396111],[39.849685,21.395914],[39.849987,21.395705],[39.850241,21.39555],[39.850696,21.395318],[39.851103,21.395121],[39.852866,21.39428],[39.85336,21.394031],[39.853855,21.39375],[39.854267,21.393467],[39.85464,21.393184],[39.854897,21.39296],[39.855798,21.391964],[39.856536,21.391178],[39.85912,21.388568],[39.862032,21.385524],[39.863018,21.384644],[39.863957,21.384037],[39.86448,21.383738],[39.865047,21.383474],[39.865891,21.383149],[39.866999,21.382837],[39.867992,21.382698],[39.868715,21.382637],[39.869226,21.382632],[39.870011,21.382663],[39.870534,21.38271],[39.871031,21.382805],[39.872226,21.383094],[39.872622,21.383189],[39.87341,21.383495],[39.874256,21.383747],[39.874375,21.383782],[39.874437,21.383626],[39.874595,21.38331],[39.875371,21.382077],[39.875662,21.381409],[39.876101,21.380031],[39.876323,21.379335],[39.8766,21.378625],[39.877126,21.377522],[39.877382,21.377085],[39.877918,21.376235],[39.878397,21.375597],[39.8791,21.374778],[39.879549,21.374304],[39.881444,21.372524],[39.884584,21.369598],[39.887345,21.367023],[39.887787,21.36661],[39.88903,21.36547],[39.889534,21.365032],[39.889791,21.364841],[39.890108,21.364606],[39.890639,21.364255],[39.891133,21.363963],[39.89165,21.363711],[39.892267,21.36344],[39.892905,21.363223],[39.893615,21.363005],[39.897739,21.36211],[39.903536,21.360873],[39.905747,21.360402],[39.910416,21.359406],[39.911788,21.359117],[39.915884,21.358237],[39.916797,21.358039],[39.920311,21.357266],[39.921042,21.357066],[39.921786,21.356842],[39.92239,21.356633],[39.923446,21.35619],[39.923949,21.35594],[39.924421,21.355687],[39.924993,21.355346],[39.925665,21.354893],[39.926158,21.354515],[39.926545,21.354193],[39.927508,21.353327],[39.935967,21.344532],[39.939563,21.340882],[39.94074,21.339918],[39.941519,21.339279],[39.943207,21.338116],[39.943803,21.337713],[39.945973,21.336504],[39.946625,21.336189],[39.946997,21.335912],[39.94708,21.335789],[39.947107,21.335677],[39.947115,21.335547],[39.947062,21.335392],[39.946933,21.33522],[39.946726,21.335112],[39.946541,21.335092],[39.946345,21.335152],[39.946222,21.335232],[39.946115,21.335362],[39.946075,21.335527],[39.946067,21.335644],[39.946238,21.336098],[39.946449,21.336438]]}",Admin,53e04c90-dfba-4e08-9332-7597ce1ed527,الراجحي,101,2026-05-12 14:03:21,2026-05-12 14:03:21
019e1c7f-dbc6-72ec-99c3-119c53ead186,1,20:00,23:59,فترة اولى,20,2931,7504385f-e792-41a8-8326-21854caef7e1,تصعيد مباشر,48a174b1-0445-44d5-8d15-f6b484620b5d,ترددي,4f208fa1-de2c-49b4-bdfa-2417d33f8162,مدخل مواقف حجاج البر,,,,bus_warehouse,646b18f1-18fc-4ce2-b471-ce297eaaa9e4,ترددي 2,bus_warehouse,646b18f1-18fc-4ce2-b471-ce297eaaa9e4,ترددي 2,,,residence,شركة العلاء المحدودة,camp,9/610,"{""type"":""LineString"",""coordinates"":[[39.86448,21.419237],[39.863768,21.418689],[39.864255,21.418186],[39.864981,21.417537],[39.865011,21.417083],[39.864929,21.416635],[39.864794,21.416298],[39.864295,21.415797],[39.863776,21.415426],[39.862976,21.414803],[39.862891,21.414738],[39.862745,21.414626],[39.862825,21.414546],[39.86331,21.414048],[39.86555,21.411751],[39.866513,21.410762],[39.868553,21.408657],[39.869613,21.407562],[39.869889,21.407322],[39.870641,21.406779],[39.873129,21.404971],[39.873921,21.404413],[39.873892,21.404204],[39.873819,21.404019],[39.873726,21.403844],[39.873634,21.403567],[39.873404,21.403267],[39.87278,21.402488],[39.872569,21.402211],[39.872437,21.402036],[39.872124,21.401526],[39.871671,21.400764],[39.871595,21.400637],[39.870867,21.399373],[39.870643,21.39901],[39.870454,21.398671],[39.870396,21.398549],[39.870288,21.398356],[39.870181,21.398187],[39.870064,21.397989],[39.87003,21.397921],[39.869721,21.397456],[39.869172,21.396648],[39.869007,21.396436],[39.868854,21.396241],[39.868485,21.395785],[39.868221,21.395521],[39.868098,21.395395],[39.867888,21.395173],[39.86786,21.395103],[39.867877,21.395036],[39.868137,21.394842],[39.868449,21.394587],[39.869498,21.393757],[39.870132,21.393335],[39.870383,21.393174],[39.870545,21.393066],[39.871016,21.392654],[39.871501,21.392134],[39.871827,21.391707],[39.872067,21.39133],[39.872511,21.39085],[39.872815,21.390147],[39.873089,21.389359],[39.873632,21.387748],[39.873794,21.387223],[39.87407,21.386327],[39.874115,21.385744],[39.874141,21.385156],[39.874177,21.384349],[39.87425,21.384097],[39.874324,21.383912],[39.874375,21.383782],[39.874437,21.383626],[39.874595,21.38331],[39.875371,21.382077],[39.875662,21.381409],[39.876101,21.380031],[39.876323,21.379335],[39.8766,21.378625],[39.877126,21.377522],[39.877382,21.377085],[39.877918,21.376235],[39.878397,21.375597],[39.8791,21.374778],[39.879549,21.374304],[39.881444,21.372524],[39.884584,21.369598],[39.887345,21.367023],[39.887787,21.36661],[39.88903,21.36547],[39.889534,21.365032],[39.889791,21.364841],[39.890108,21.364606],[39.890639,21.364255],[39.891133,21.363963],[39.89165,21.363711],[39.892267,21.36344],[39.892905,21.363223],[39.893615,21.363005],[39.897739,21.36211],[39.903536,21.360873],[39.905747,21.360402],[39.910416,21.359406],[39.911788,21.359117],[39.915884,21.358237],[39.916797,21.358039],[39.920311,21.357266],[39.921042,21.357066],[39.921786,21.356842],[39.92239,21.356633],[39.923446,21.35619],[39.923949,21.35594],[39.924421,21.355687],[39.924993,21.355346],[39.925665,21.354893],[39.926158,21.354515],[39.926545,21.354193],[39.927508,21.353327],[39.935967,21.344532],[39.939563,21.340882],[39.94074,21.339918],[39.941519,21.339279],[39.943207,21.338116],[39.943803,21.337713],[39.945973,21.336504],[39.946625,21.336189],[39.95031,21.334303],[39.955982,21.331509],[39.957442,21.330754],[39.958857,21.330084],[39.961334,21.328867],[39.963387,21.327911],[39.96351,21.327854],[39.964974,21.327327],[39.965757,21.327065],[39.96681,21.326756],[39.967799,21.326531],[39.968926,21.326339],[39.96984,21.326221],[39.970707,21.326155],[39.972602,21.3261],[39.973796,21.326144],[39.974469,21.326184],[39.976617,21.326438],[39.97742,21.326564],[39.978627,21.326781],[39.987951,21.328639],[39.988818,21.328808],[39.989641,21.328934],[39.990938,21.329092],[39.992481,21.329217],[39.994357,21.329265],[39.995223,21.329258],[39.996077,21.329217],[39.996766,21.329166],[39.998261,21.328985],[40.004443,21.328114],[40.007292,21.327886],[40.009588,21.32794],[40.013003,21.328064],[40.014142,21.328141],[40.015239,21.328151],[40.01622,21.32813],[40.016666,21.328146],[40.016654,21.328429],[40.012735,21.328302],[40.009347,21.328169],[40.006652,21.328208],[40.005189,21.328314],[40.004982,21.32833],[39.998267,21.329267],[39.996795,21.329451],[39.996075,21.329516],[39.995236,21.329546],[39.993504,21.329542],[39.992479,21.329503],[39.9918,21.32946],[39.990844,21.329364],[39.990799,21.329536]]}",Admin,ea02e91c-9d45-4e5e-bfaa-171414ea3345,هوليدي ان بكة,68,2026-05-12 14:03:21,2026-05-12 14:03:21
019e1c7f-d6f0-7388-8d5d-72b858a9cc69,2,00:00,03:59,فترة ثانية,20,940,ddef8704-a442-4b6f-8b1a-ba70168704e5,تصعيد تروية,a0bc4dde-a22d-4d68-bf95-75f45d362d66,تقليدي رد,4b5f023a-9359-4479-9453-29221f76477f,مدخل كوبري عرفات الثاني,,,,parking,e1353ccd-9686-4f02-874f-a4cf331d4083,150-56,parking,e1353ccd-9686-4f02-874f-a4cf331d4083,150-56,,,camp,44/68,camp,44/68,,Admin,91a7aeb8-caf0-42b0-b9b7-90982be51219,اثراء الخير,22,2026-05-12 14:03:20,2026-05-12 14:03:20
019e1c7f-d64d-72cd-bfc2-42ea330c2975,1,19:00,20:59,فترة اولى,,3335,5e9ac7f8-8deb-46fa-a700-dae762b6f2c0,افاضة,9fc47c58-d9e9-45e0-9d66-6da9f5c4fc85,قطار,4b5f023a-9359-4479-9453-29221f76477f,مدخل كوبري عرفات الثاني,,,,,,,,,,1ce810ce-e119-4deb-8d6a-1698b8959e87,حط رحال,camp,39/56,dropOffArea,ساحات محطات مزدلفة 1.3,,Admin,91a7aeb8-caf0-42b0-b9b7-90982be51219,اثراء الخير,12,2026-05-12 14:03:20,2026-05-12 14:03:20
019e1c7f-d653-7312-97e2-52bccaff0049,3,04:00,11:00,فترة ثالثة,,3335,ddef8704-a442-4b6f-8b1a-ba70168704e5,تصعيد تروية,9fc47c58-d9e9-45e0-9d66-6da9f5c4fc85,قطار,4b5f023a-9359-4479-9453-29221f76477f,مدخل كوبري عرفات الثاني,,,,,,,,,,,,camp,39/56,camp,39/56,,Admin,91a7aeb8-caf0-42b0-b9b7-90982be51219,اثراء الخير,12,2026-05-12 14:03:20,2026-05-12 14:03:20
019e1c7f-d658-7319-901d-2610d94ec66f,3,08:00,00:00,فترة ثالثة,,2693,6c63c1e2-f257-4a3d-afa7-1cf5728888eb,نفرة,9fc47c58-d9e9-45e0-9d66-6da9f5c4fc85,قطار,,,,,,,,,,,,1ce810ce-e119-4deb-8d6a-1698b8959e87,حط رحال,dropOffArea,ساحات محطات مزدلفة 2.1,bus_stop,شعب عامر,,Admin,91a7aeb8-caf0-42b0-b9b7-90982be51219,اثراء الخير,2,2026-05-12 14:03:20,2026-05-12 14:03:20
019e1c7f-d65e-7239-83cb-17444531b577,2,21:00,22:59,فترة ثانية,,2693,5e9ac7f8-8deb-46fa-a700-dae762b6f2c0,افاضة,9fc47c58-d9e9-45e0-9d66-6da9f5c4fc85,قطار,9471583d-fa21-4edd-bc79-86b364153be5,مدخل طريق الجوهرة 56,,,,,,,,,,1ce810ce-e119-4deb-8d6a-1698b8959e87,حط رحال,camp,25/56,dropOffArea,ساحات محطات مزدلفة 2.1,,Admin,91a7aeb8-caf0-42b0-b9b7-90982be51219,اثراء الخير,2,2026-05-12 14:03:20,2026-05-12 14:03:20
019e1c7f-d664-72e9-8db3-0a2846620ea0,2,00:00,03:59,فترة ثانية,,2693,ddef8704-a442-4b6f-8b1a-ba70168704e5,تصعيد تروية,9fc47c58-d9e9-45e0-9d66-6da9f5c4fc85,قطار,9471583d-fa21-4edd-bc79-86b364153be5,مدخل طريق الجوهرة 56,,,,,,,,,,,,camp,25/56,camp,25/56,,Admin,91a7aeb8-caf0-42b0-b9b7-90982be51219,اثراء الخير,2,2026-05-12 14:03:20,2026-05-12 14:03:20
019e1c7f-d66b-731a-ab37-577aadd45ada,2,16:00,08:00,فترة ثانية,20,940,6c63c1e2-f257-4a3d-afa7-1cf5728888eb,نفرة,a0bc4dde-a22d-4d68-bf95-75f45d362d66,تقليدي رد,,,,,,parking,7a92132e-3f5f-42d3-a0df-28ea64bb1b86,الجامعة الجديد,parking,7a92132e-3f5f-42d3-a0df-28ea64bb1b86,الجامعة الجديد,5f854849-f054-46af-8c6a-9dbc7bb86d7f,مبيت,dropOffArea,ساحات طريق سوق العرب 62,bus_stop,باب علي,,Admin,91a7aeb8-caf0-42b0-b9b7-90982be51219,اثراء الخير,20,2026-05-12 14:03:20,2026-05-12 14:03:20
019e1c7f-d671-720e-9fd6-d6b8fd281788,2,21:00,22:59,فترة ثانية,,940,5e9ac7f8-8deb-46fa-a700-dae762b6f2c0,افاضة,a0bc4dde-a22d-4d68-bf95-75f45d362d66,تقليدي رد,d0aad3cb-67f5-4d3a-b28f-f748f9857466,مدخل كوبري الجامعة الأول,,,,parking,4b96defb-96aa-4e8f-91b0-8b65e1a76393,100-62,parking,4b96defb-96aa-4e8f-91b0-8b65e1a76393,100-62,5f854849-f054-46af-8c6a-9dbc7bb86d7f,مبيت,camp,2/207,dropOffArea,ساحات طريق سوق العرب 62,,Admin,91a7aeb8-caf0-42b0-b9b7-90982be51219,اثراء الخير,20,2026-05-12 14:03:20,2026-05-12 14:03:20
019e1c7f-d67f-723b-9a0a-7c16558d8b2e,1,00:00,16:00,فترة اولى,20,940,6c63c1e2-f257-4a3d-afa7-1cf5728888eb,نفرة,a0bc4dde-a22d-4d68-bf95-75f45d362d66,تقليدي رد,,,,,,parking,6a81cfb3-9019-4ac5-9f85-353cab5b9895,الاتصالات الجديد,parking,6a81cfb3-9019-4ac5-9f85-353cab5b9895,الاتصالات الجديد,1ce810ce-e119-4deb-8d6a-1698b8959e87,حط رحال,dropOffArea,ساحات طريق الجوهرة 56,bus_stop,شعب عامر,,Admin,91a7aeb8-caf0-42b0-b9b7-90982be51219,اثراء الخير,34,2026-05-12 14:03:20,2026-05-12 14:03:20
019e1c7f-d686-7021-99ee-3c42f32e2bd3,1,19:00,20:59,فترة اولى,20,940,5e9ac7f8-8deb-46fa-a700-dae762b6f2c0,افاضة,a0bc4dde-a22d-4d68-bf95-75f45d362d66,تقليدي رد,d0aad3cb-67f5-4d3a-b28f-f748f9857466,مدخل كوبري الجامعة الأول,,,,parking,cbe8169b-0b75-455b-84a3-1d97038ab84d,200-83,parking,cbe8169b-0b75-455b-84a3-1d97038ab84d,200-83,1ce810ce-e119-4deb-8d6a-1698b8959e87,حط رحال,camp,1/628,dropOffArea,ساحات طريق الجوهرة 56,,Admin,91a7aeb8-caf0-42b0-b9b7-90982be51219,اثراء الخير,34,2026-05-12 14:03:20,2026-05-12 14:03:20
019e1c7f-d68d-71e8-8cb3-3e75e03fc413,1,20:00,23:59,فترة اولى,20,940,ddef8704-a442-4b6f-8b1a-ba70168704e5,تصعيد تروية,a0bc4dde-a22d-4d68-bf95-75f45d362d66,تقليدي رد,d0aad3cb-67f5-4d3a-b28f-f748f9857466,مدخل كوبري الجامعة الأول,,,,parking,6a81cfb3-9019-4ac5-9f85-353cab5b9895,الاتصالات الجديد,parking,6a81cfb3-9019-4ac5-9f85-353cab5b9895,الاتصالات الجديد,,,camp,1/628,camp,1/628,,Admin,91a7aeb8-caf0-42b0-b9b7-90982be51219,اثراء الخير,34,2026-05-12 14:03:20,2026-05-12 14:03:20
019e1c7f-d694-722e-8f8f-fe0d64241093,2,16:00,08:00,فترة ثانية,20,940,6c63c1e2-f257-4a3d-afa7-1cf5728888eb,نفرة,a0bc4dde-a22d-4d68-bf95-75f45d362d66,تقليدي رد,,,,,,parking,7a92132e-3f5f-42d3-a0df-28ea64bb1b86,الجامعة الجديد,parking,7a92132e-3f5f-42d3-a0df-28ea64bb1b86,الجامعة الجديد,c111d5e3-d441-4638-a792-bff9109574df,الإشراق,dropOffArea,ساحات طريق الجوهرة 56,bus_stop,باب علي,,Admin,91a7aeb8-caf0-42b0-b9b7-90982be51219,اثراء الخير,31,2026-05-12 14:03:20,2026-05-12 14:03:20
019e1c7f-d69a-7294-8c67-2c4deb486381,3,23:00,01:00,فترة ثالثة,,940,5e9ac7f8-8deb-46fa-a700-dae762b6f2c0,افاضة,a0bc4dde-a22d-4d68-bf95-75f45d362d66,تقليدي رد,d0aad3cb-67f5-4d3a-b28f-f748f9857466,مدخل كوبري الجامعة الأول,,,,parking,7a92132e-3f5f-42d3-a0df-28ea64bb1b86,الجامعة الجديد,parking,7a92132e-3f5f-42d3-a0df-28ea64bb1b86,الجامعة الجديد,c111d5e3-d441-4638-a792-bff9109574df,الإشراق,camp,3/639,dropOffArea,ساحات طريق الجوهرة 56,,Admin,91a7aeb8-caf0-42b0-b9b7-90982be51219,اثراء الخير,31,2026-05-12 14:03:20,2026-05-12 14:03:20
019e1c7f-d6a1-73da-a9f5-b396c3466aef,3,04:00,11:00,فترة ثالثة,20,940,ddef8704-a442-4b6f-8b1a-ba70168704e5,تصعيد تروية,a0bc4dde-a22d-4d68-bf95-75f45d362d66,تقليدي رد,d0aad3cb-67f5-4d3a-b28f-f748f9857466,مدخل كوبري الجامعة الأول,,,,parking,7a92132e-3f5f-42d3-a0df-28ea64bb1b86,الجامعة الجديد,parking,7a92132e-3f5f-42d3-a0df-28ea64bb1b86,الجامعة الجديد,,,camp,3/639,camp,3/639,,Admin,91a7aeb8-caf0-42b0-b9b7-90982be51219,اثراء الخير,31,2026-05-12 14:03:20,2026-05-12 14:03:20
019e1c7f-d6a8-7017-8e6f-b1a89e39ed69,2,16:00,08:00,فترة ثانية,20,940,6c63c1e2-f257-4a3d-afa7-1cf5728888eb,نفرة,a0bc4dde-a22d-4d68-bf95-75f45d362d66,تقليدي رد,,,,,,bus_warehouse,2a3de714-532a-4217-a559-07c6e701d598,2 دلة,bus_warehouse,2a3de714-532a-4217-a559-07c6e701d598,2 دلة,c111d5e3-d441-4638-a792-bff9109574df,الإشراق,dropOffArea,ساحات طريق الجوهرة 56,bus_stop,اجياد المصافي,,Admin,91a7aeb8-caf0-42b0-b9b7-90982be51219,اثراء الخير,29,2026-05-12 14:03:20,2026-05-12 14:03:20
019e1c7f-d6ae-729d-a313-3bdc284f7723,3,23:00,01:00,فترة ثالثة,,940,5e9ac7f8-8deb-46fa-a700-dae762b6f2c0,افاضة,a0bc4dde-a22d-4d68-bf95-75f45d362d66,تقليدي رد,d0aad3cb-67f5-4d3a-b28f-f748f9857466,مدخل كوبري الجامعة الأول,,,,parking,92797c2a-d001-4571-8702-8aa3bcec8e01,الاتصالات القديم,parking,92797c2a-d001-4571-8702-8aa3bcec8e01,الاتصالات القديم,c111d5e3-d441-4638-a792-bff9109574df,الإشراق,camp,4/25,dropOffArea,ساحات طريق الجوهرة 56,,Admin,91a7aeb8-caf0-42b0-b9b7-90982be51219,اثراء الخير,29,2026-05-12 14:03:20,2026-05-12 14:03:20
019e1c7f-d6b4-716a-9cc4-a5253d23612f,3,04:00,11:00,فترة ثالثة,,940,ddef8704-a442-4b6f-8b1a-ba70168704e5,تصعيد تروية,a0bc4dde-a22d-4d68-bf95-75f45d362d66,تقليدي رد,d0aad3cb-67f5-4d3a-b28f-f748f9857466,مدخل كوبري الجامعة الأول,,,,parking,92797c2a-d001-4571-8702-8aa3bcec8e01,الاتصالات القديم,parking,92797c2a-d001-4571-8702-8aa3bcec8e01,الاتصالات القديم,,,camp,4/25,camp,4/25,,Admin,91a7aeb8-caf0-42b0-b9b7-90982be51219,اثراء الخير,29,2026-05-12 14:03:20,2026-05-12 14:03:20
019e1c7f-d6ba-73ce-8486-e07f66f51fa3,1,00:00,16:00,فترة اولى,20,940,6c63c1e2-f257-4a3d-afa7-1cf5728888eb,نفرة,a0bc4dde-a22d-4d68-bf95-75f45d362d66,تقليدي رد,,,,,,parking,7a92132e-3f5f-42d3-a0df-28ea64bb1b86,الجامعة الجديد,parking,7a92132e-3f5f-42d3-a0df-28ea64bb1b86,الجامعة الجديد,1ce810ce-e119-4deb-8d6a-1698b8959e87,حط رحال,dropOffArea,ساحات طريق الجوهرة 56,bus_stop,باب الملك,,Admin,91a7aeb8-caf0-42b0-b9b7-90982be51219,اثراء الخير,27,2026-05-12 14:03:20,2026-05-12 14:03:20
019e1c7f-d6c1-70f8-9340-c451d70e8adf,3,23:00,01:00,فترة ثالثة,20,940,5e9ac7f8-8deb-46fa-a700-dae762b6f2c0,افاضة,a0bc4dde-a22d-4d68-bf95-75f45d362d66,تقليدي رد,d0aad3cb-67f5-4d3a-b28f-f748f9857466,مدخل كوبري الجامعة الأول,,,,parking,c3261e27-6f5a-45b9-a8a6-f8aaa00350b4,150-52,parking,c3261e27-6f5a-45b9-a8a6-f8aaa00350b4,150-52,d221d1fd-fcc0-4885-83d8-716cc9ae51f5,الفجر,camp,56/68,dropOffArea,ساحات طريق الجوهرة 56,,Admin,91a7aeb8-caf0-42b0-b9b7-90982be51219,اثراء الخير,27,2026-05-12 14:03:20,2026-05-12 14:03:20
019e1c7f-d6c8-72b2-b90a-7aa5232de893,1,20:00,23:59,فترة اولى,20,940,ddef8704-a442-4b6f-8b1a-ba70168704e5,تصعيد تروية,a0bc4dde-a22d-4d68-bf95-75f45d362d66,تقليدي رد,d0aad3cb-67f5-4d3a-b28f-f748f9857466,مدخل كوبري الجامعة الأول,,,,parking,c3261e27-6f5a-45b9-a8a6-f8aaa00350b4,150-52,parking,c3261e27-6f5a-45b9-a8a6-f8aaa00350b4,150-52,,,camp,56/68,camp,56/68,,Admin,91a7aeb8-caf0-42b0-b9b7-90982be51219,اثراء الخير,27,2026-05-12 14:03:20,2026-05-12 14:03:20
019e1c7f-d6ce-70c6-adda-1e217fda68fd,3,08:00,00:00,فترة ثالثة,20,940,6c63c1e2-f257-4a3d-afa7-1cf5728888eb,نفرة,a0bc4dde-a22d-4d68-bf95-75f45d362d66,تقليدي رد,,,,,,parking,92797c2a-d001-4571-8702-8aa3bcec8e01,الاتصالات القديم,parking,92797c2a-d001-4571-8702-8aa3bcec8e01,الاتصالات القديم,5f854849-f054-46af-8c6a-9dbc7bb86d7f,مبيت,dropOffArea,ساحات طريق الجوهرة 56,bus_stop,باب الملك,,Admin,91a7aeb8-caf0-42b0-b9b7-90982be51219,اثراء الخير,23,2026-05-12 14:03:20,2026-05-12 14:03:20
019e1c7f-d6d5-7292-a8bd-8739fd995931,2,21:00,22:59,فترة ثانية,,940,5e9ac7f8-8deb-46fa-a700-dae762b6f2c0,افاضة,a0bc4dde-a22d-4d68-bf95-75f45d362d66,تقليدي رد,d0aad3cb-67f5-4d3a-b28f-f748f9857466,مدخل كوبري الجامعة الأول,,,,parking,92797c2a-d001-4571-8702-8aa3bcec8e01,الاتصالات القديم,parking,92797c2a-d001-4571-8702-8aa3bcec8e01,الاتصالات القديم,5f854849-f054-46af-8c6a-9dbc7bb86d7f,مبيت,camp,48/68,dropOffArea,ساحات طريق الجوهرة 56,,Admin,91a7aeb8-caf0-42b0-b9b7-90982be51219,اثراء الخير,23,2026-05-12 14:03:20,2026-05-12 14:03:20
019e1c7f-d6dc-732b-8bef-f272747eb23a,2,00:00,03:59,فترة ثانية,20,940,ddef8704-a442-4b6f-8b1a-ba70168704e5,تصعيد تروية,a0bc4dde-a22d-4d68-bf95-75f45d362d66,تقليدي رد,d0aad3cb-67f5-4d3a-b28f-f748f9857466,مدخل كوبري الجامعة الأول,,,,parking,e1353ccd-9686-4f02-874f-a4cf331d4083,150-56,parking,e1353ccd-9686-4f02-874f-a4cf331d4083,150-56,,,camp,48/68,camp,48/68,,Admin,91a7aeb8-caf0-42b0-b9b7-90982be51219,اثراء الخير,23,2026-05-12 14:03:20,2026-05-12 14:03:20
019e1c7f-d6e2-7147-ad49-bfe6ceeff5d5,3,08:00,00:00,فترة ثالثة,,940,6c63c1e2-f257-4a3d-afa7-1cf5728888eb,نفرة,a0bc4dde-a22d-4d68-bf95-75f45d362d66,تقليدي رد,,,,,,bus_warehouse,da5a848e-40b5-4b83-8aa9-17030726e3ed,النقل الجماعي,bus_warehouse,da5a848e-40b5-4b83-8aa9-17030726e3ed,النقل الجماعي,d221d1fd-fcc0-4885-83d8-716cc9ae51f5,الفجر,dropOffArea,ساحات طريق الجوهرة 56,bus_stop,شعب عامر,,Admin,91a7aeb8-caf0-42b0-b9b7-90982be51219,اثراء الخير,22,2026-05-12 14:03:20,2026-05-12 14:03:20
019e1c7f-d6e9-73c3-beb4-c3d79447d82f,3,23:00,01:00,فترة ثالثة,,940,5e9ac7f8-8deb-46fa-a700-dae762b6f2c0,افاضة,a0bc4dde-a22d-4d68-bf95-75f45d362d66,تقليدي رد,4b5f023a-9359-4479-9453-29221f76477f,مدخل كوبري عرفات الثاني,,,,parking,e1353ccd-9686-4f02-874f-a4cf331d4083,150-56,parking,e1353ccd-9686-4f02-874f-a4cf331d4083,150-56,d221d1fd-fcc0-4885-83d8-716cc9ae51f5,الفجر,camp,44/68,dropOffArea,ساحات طريق الجوهرة 56,,Admin,91a7aeb8-caf0-42b0-b9b7-90982be51219,اثراء الخير,22,2026-05-12 14:03:20,2026-05-12 14:03:20
019e1c7f-d6f7-7340-83f5-31fb0a10ca27,3,08:00,00:00,فترة ثالثة,,940,6c63c1e2-f257-4a3d-afa7-1cf5728888eb,نفرة,a0bc4dde-a22d-4d68-bf95-75f45d362d66,تقليدي رد,,,,,,bus_warehouse,e519c18a-3bf2-44d5-952f-03358d5d8313,1 دلة,bus_warehouse,e519c18a-3bf2-44d5-952f-03358d5d8313,1 دلة,1ce810ce-e119-4deb-8d6a-1698b8959e87,حط رحال,dropOffArea,ساحات طريق الجوهرة 56,bus_stop,ساحة جرول,,Admin,91a7aeb8-caf0-42b0-b9b7-90982be51219,اثراء الخير,18,2026-05-12 14:03:20,2026-05-12 14:03:20
019e1c7f-d6fe-7058-8afb-37462133f525,1,19:00,20:59,فترة اولى,20,940,5e9ac7f8-8deb-46fa-a700-dae762b6f2c0,افاضة,a0bc4dde-a22d-4d68-bf95-75f45d362d66,تقليدي رد,4b5f023a-9359-4479-9453-29221f76477f,مدخل كوبري عرفات الثاني,,,,parking,db732835-651a-4f46-a973-a769cac2e076,200-56,parking,db732835-651a-4f46-a973-a769cac2e076,200-56,1ce810ce-e119-4deb-8d6a-1698b8959e87,حط رحال,camp,9/202,dropOffArea,ساحات طريق الجوهرة 56,,Admin,91a7aeb8-caf0-42b0-b9b7-90982be51219,اثراء الخير,18,2026-05-12 14:03:20,2026-05-12 14:03:20
019e1c7f-d706-721b-a28a-b4c9374a13f5,1,20:00,23:59,فترة اولى,,940,ddef8704-a442-4b6f-8b1a-ba70168704e5,تصعيد تروية,a0bc4dde-a22d-4d68-bf95-75f45d362d66,تقليدي رد,4b5f023a-9359-4479-9453-29221f76477f,مدخل كوبري عرفات الثاني,,,,parking,db732835-651a-4f46-a973-a769cac2e076,200-56,parking,db732835-651a-4f46-a973-a769cac2e076,200-56,,,camp,9/202,camp,9/202,,Admin,91a7aeb8-caf0-42b0-b9b7-90982be51219,اثراء الخير,18,2026-05-12 14:03:20,2026-05-12 14:03:20
019e1c7f-d5d2-719f-8cff-395a6feb88b5,2,16:00,08:00,فترة ثانية,15,3625,6c63c1e2-f257-4a3d-afa7-1cf5728888eb,نفرة,48a174b1-0445-44d5-8d15-f6b484620b5d,ترددي,,,,,,bus_warehouse,3066fa1f-05fa-40a1-9bd2-b134cd6c9234,ترددي 3,bus_warehouse,3066fa1f-05fa-40a1-9bd2-b134cd6c9234,ترددي 3,5f854849-f054-46af-8c6a-9dbc7bb86d7f,مبيت,dropOffArea,ساحات ترددي (3),bus_stop,شعب عامر,,Admin,6f634c93-b9c8-4552-94aa-422e027f4c34,إثراء الجود,8,2026-05-12 14:03:20,2026-05-12 14:03:20
019e1c7f-d5da-7362-b8d7-13035fbefee8,2,21:00,22:59,فترة ثانية,15,3625,5e9ac7f8-8deb-46fa-a700-dae762b6f2c0,افاضة,48a174b1-0445-44d5-8d15-f6b484620b5d,ترددي,4f208fa1-de2c-49b4-bdfa-2417d33f8162,مدخل مواقف حجاج البر,,,,bus_warehouse,3066fa1f-05fa-40a1-9bd2-b134cd6c9234,ترددي 3,bus_warehouse,3066fa1f-05fa-40a1-9bd2-b134cd6c9234,ترددي 3,5f854849-f054-46af-8c6a-9dbc7bb86d7f,مبيت,camp,3/643,dropOffArea,ساحات ترددي (3),,Admin,6f634c93-b9c8-4552-94aa-422e027f4c34,إثراء الجود,8,2026-05-12 14:03:20,2026-05-12 14:03:20
019e1c7f-d5e0-70f6-97f8-fbdf74ed9340,2,00:00,03:59,فترة ثانية,15,3625,ddef8704-a442-4b6f-8b1a-ba70168704e5,تصعيد تروية,48a174b1-0445-44d5-8d15-f6b484620b5d,ترددي,4f208fa1-de2c-49b4-bdfa-2417d33f8162,مدخل مواقف حجاج البر,,,,bus_warehouse,3066fa1f-05fa-40a1-9bd2-b134cd6c9234,ترددي 3,bus_warehouse,3066fa1f-05fa-40a1-9bd2-b134cd6c9234,ترددي 3,,,camp,3/643,camp,3/643,,Admin,6f634c93-b9c8-4552-94aa-422e027f4c34,إثراء الجود,8,2026-05-12 14:03:20,2026-05-12 14:03:20
019e1c7f-d5e7-728a-bf12-96dcecae78d3,1,00:00,16:00,فترة اولى,15,3447,6c63c1e2-f257-4a3d-afa7-1cf5728888eb,نفرة,48a174b1-0445-44d5-8d15-f6b484620b5d,ترددي,,,1d72aced-a3e6-4515-aee8-b7b25d040d51,582,شارع 427,bus_warehouse,78d92381-0800-44ed-ad7b-9ff92b62e4b6,ترددي 1,bus_warehouse,78d92381-0800-44ed-ad7b-9ff92b62e4b6,ترددي 1,1ce810ce-e119-4deb-8d6a-1698b8959e87,حط رحال,dropOffArea,ساحات ترددي (1A),bus_stop,شعب عامر,,Admin,6f634c93-b9c8-4552-94aa-422e027f4c34,إثراء الجود,13,2026-05-12 14:03:20,2026-05-12 14:03:20
019e1c7f-d5ed-7235-a4d1-4cc003f46799,1,00:00,16:00,فترة اولى,15,3342,6c63c1e2-f257-4a3d-afa7-1cf5728888eb,نفرة,48a174b1-0445-44d5-8d15-f6b484620b5d,ترددي,,,,,,bus_warehouse,78d92381-0800-44ed-ad7b-9ff92b62e4b6,ترددي 1,bus_warehouse,78d92381-0800-44ed-ad7b-9ff92b62e4b6,ترددي 1,1ce810ce-e119-4deb-8d6a-1698b8959e87,حط رحال,dropOffArea,ساحات ترددي (1A),bus_stop,شعب عامر,,Admin,6f634c93-b9c8-4552-94aa-422e027f4c34,إثراء الجود,5,2026-05-12 14:03:20,2026-05-12 14:03:20
019e1c7f-d5f4-73de-8948-9ff69370deac,1,19:00,20:59,فترة اولى,15,3342,5e9ac7f8-8deb-46fa-a700-dae762b6f2c0,افاضة,48a174b1-0445-44d5-8d15-f6b484620b5d,ترددي,4f208fa1-de2c-49b4-bdfa-2417d33f8162,مدخل مواقف حجاج البر,,,,bus_warehouse,78d92381-0800-44ed-ad7b-9ff92b62e4b6,ترددي 1,bus_warehouse,78d92381-0800-44ed-ad7b-9ff92b62e4b6,ترددي 1,1ce810ce-e119-4deb-8d6a-1698b8959e87,حط رحال,camp,2/427,dropOffArea,ساحات ترددي (1A),,Admin,6f634c93-b9c8-4552-94aa-422e027f4c34,إثراء الجود,5,2026-05-12 14:03:20,2026-05-12 14:03:20
019e1c7f-d5fa-7398-a8e8-e68b5ab048a4,1,20:00,23:59,فترة اولى,15,3342,ddef8704-a442-4b6f-8b1a-ba70168704e5,تصعيد تروية,48a174b1-0445-44d5-8d15-f6b484620b5d,ترددي,4f208fa1-de2c-49b4-bdfa-2417d33f8162,مدخل مواقف حجاج البر,,,,bus_warehouse,78d92381-0800-44ed-ad7b-9ff92b62e4b6,ترددي 1,bus_warehouse,78d92381-0800-44ed-ad7b-9ff92b62e4b6,ترددي 1,,,camp,2/427,camp,2/427,,Admin,6f634c93-b9c8-4552-94aa-422e027f4c34,إثراء الجود,5,2026-05-12 14:03:20,2026-05-12 14:03:20
019e1c7f-d600-71c9-8d9d-2e1ac7b7548f,3,08:00,00:00,فترة ثالثة,15,3467,6c63c1e2-f257-4a3d-afa7-1cf5728888eb,نفرة,48a174b1-0445-44d5-8d15-f6b484620b5d,ترددي,,,,,,bus_warehouse,78d92381-0800-44ed-ad7b-9ff92b62e4b6,ترددي 1,bus_warehouse,78d92381-0800-44ed-ad7b-9ff92b62e4b6,ترددي 1,1ce810ce-e119-4deb-8d6a-1698b8959e87,حط رحال,dropOffArea,ساحات ترددي (1A),bus_stop,شعب عامر,,Admin,6f634c93-b9c8-4552-94aa-422e027f4c34,إثراء الجود,4,2026-05-12 14:03:20,2026-05-12 14:03:20
019e1c7f-d606-72a2-9a51-35cf87769f17,2,21:00,22:59,فترة ثانية,15,3467,5e9ac7f8-8deb-46fa-a700-dae762b6f2c0,افاضة,48a174b1-0445-44d5-8d15-f6b484620b5d,ترددي,4f208fa1-de2c-49b4-bdfa-2417d33f8162,مدخل مواقف حجاج البر,,,,bus_warehouse,78d92381-0800-44ed-ad7b-9ff92b62e4b6,ترددي 1,bus_warehouse,78d92381-0800-44ed-ad7b-9ff92b62e4b6,ترددي 1,1ce810ce-e119-4deb-8d6a-1698b8959e87,حط رحال,camp,16/524,dropOffArea,ساحات ترددي (1A),,Admin,6f634c93-b9c8-4552-94aa-422e027f4c34,إثراء الجود,4,2026-05-12 14:03:20,2026-05-12 14:03:20
019e1c7f-d60c-71bd-9438-482ab3a46015,3,04:00,11:00,فترة ثالثة,15,3467,ddef8704-a442-4b6f-8b1a-ba70168704e5,تصعيد تروية,48a174b1-0445-44d5-8d15-f6b484620b5d,ترددي,4f208fa1-de2c-49b4-bdfa-2417d33f8162,مدخل مواقف حجاج البر,,,,bus_warehouse,78d92381-0800-44ed-ad7b-9ff92b62e4b6,ترددي 1,bus_warehouse,78d92381-0800-44ed-ad7b-9ff92b62e4b6,ترددي 1,,,camp,16/524,camp,16/524,,Admin,6f634c93-b9c8-4552-94aa-422e027f4c34,إثراء الجود,4,2026-05-12 14:03:20,2026-05-12 14:03:20
019e1c7f-d612-7130-8cfc-c5f43af3432d,1,00:00,16:00,فترة اولى,15,3168,6c63c1e2-f257-4a3d-afa7-1cf5728888eb,نفرة,48a174b1-0445-44d5-8d15-f6b484620b5d,ترددي,,,,,,bus_warehouse,78d92381-0800-44ed-ad7b-9ff92b62e4b6,ترددي 1,bus_warehouse,78d92381-0800-44ed-ad7b-9ff92b62e4b6,ترددي 1,5f854849-f054-46af-8c6a-9dbc7bb86d7f,مبيت,dropOffArea,ساحات ترددي (1B),bus_stop,شعب عامر,,Admin,6f634c93-b9c8-4552-94aa-422e027f4c34,إثراء الجود,2,2026-05-12 14:03:20,2026-05-12 14:03:20
019e1c7f-d619-70da-aea9-44c57e2b42a4,2,21:00,22:59,فترة ثانية,15,3168,5e9ac7f8-8deb-46fa-a700-dae762b6f2c0,افاضة,48a174b1-0445-44d5-8d15-f6b484620b5d,ترددي,4f208fa1-de2c-49b4-bdfa-2417d33f8162,مدخل مواقف حجاج البر,,,,bus_warehouse,78d92381-0800-44ed-ad7b-9ff92b62e4b6,ترددي 1,bus_warehouse,78d92381-0800-44ed-ad7b-9ff92b62e4b6,ترددي 1,5f854849-f054-46af-8c6a-9dbc7bb86d7f,مبيت,camp,A1/527,dropOffArea,ساحات ترددي (1B),,Admin,6f634c93-b9c8-4552-94aa-422e027f4c34,إثراء الجود,2,2026-05-12 14:03:20,2026-05-12 14:03:20
019e1c7f-d625-72d3-bdd9-31f6d7f0d760,1,00:00,16:00,فترة اولى,,346,6c63c1e2-f257-4a3d-afa7-1cf5728888eb,نفرة,9fc47c58-d9e9-45e0-9d66-6da9f5c4fc85,قطار,,,,,,,,,,,,1ce810ce-e119-4deb-8d6a-1698b8959e87,حط رحال,dropOffArea,ساحات محطات مزدلفة 1.2,bus_stop,باب علي,,Admin,91a7aeb8-caf0-42b0-b9b7-90982be51219,اثراء الخير,13,2026-05-12 14:03:20,2026-05-12 14:03:20
019e1c7f-d62b-70c9-90f2-f052d8599bd8,1,19:00,20:59,فترة اولى,,346,5e9ac7f8-8deb-46fa-a700-dae762b6f2c0,افاضة,9fc47c58-d9e9-45e0-9d66-6da9f5c4fc85,قطار,4b5f023a-9359-4479-9453-29221f76477f,مدخل كوبري عرفات الثاني,,,,,,,,,,1ce810ce-e119-4deb-8d6a-1698b8959e87,حط رحال,camp,49/62,dropOffArea,ساحات محطات مزدلفة 1.2,,Admin,91a7aeb8-caf0-42b0-b9b7-90982be51219,اثراء الخير,13,2026-05-12 14:03:20,2026-05-12 14:03:20
019e1c7f-d631-72ab-9e42-cdd90d5a85e3,1,20:00,23:59,فترة اولى,,346,ddef8704-a442-4b6f-8b1a-ba70168704e5,تصعيد تروية,9fc47c58-d9e9-45e0-9d66-6da9f5c4fc85,قطار,4b5f023a-9359-4479-9453-29221f76477f,مدخل كوبري عرفات الثاني,,,,,,,,,,,,camp,49/62,camp,49/62,,Admin,91a7aeb8-caf0-42b0-b9b7-90982be51219,اثراء الخير,13,2026-05-12 14:03:20,2026-05-12 14:03:20
019e1c7f-d637-7286-8833-e4a9e942f2a0,1,00:00,16:00,فترة اولى,,3701,6c63c1e2-f257-4a3d-afa7-1cf5728888eb,نفرة,9fc47c58-d9e9-45e0-9d66-6da9f5c4fc85,قطار,,,,,,,,,,,,1ce810ce-e119-4deb-8d6a-1698b8959e87,حط رحال,dropOffArea,ساحات محطات مزدلفة 2.2,bus_stop,شعب عامر,,Admin,91a7aeb8-caf0-42b0-b9b7-90982be51219,اثراء الخير,6,2026-05-12 14:03:20,2026-05-12 14:03:20
019e1c7f-d63c-7169-a9f4-a0d147c7ee43,1,19:00,20:59,فترة اولى,,3701,5e9ac7f8-8deb-46fa-a700-dae762b6f2c0,افاضة,9fc47c58-d9e9-45e0-9d66-6da9f5c4fc85,قطار,9471583d-fa21-4edd-bc79-86b364153be5,مدخل طريق الجوهرة 56,,,,,,,,,,1ce810ce-e119-4deb-8d6a-1698b8959e87,حط رحال,camp,33/62,dropOffArea,ساحات محطات مزدلفة 2.2,,Admin,91a7aeb8-caf0-42b0-b9b7-90982be51219,اثراء الخير,6,2026-05-12 14:03:20,2026-05-12 14:03:20
019e1c7f-d642-72f0-b254-c3c9ecd6fba4,1,20:00,23:59,فترة اولى,,3701,ddef8704-a442-4b6f-8b1a-ba70168704e5,تصعيد تروية,9fc47c58-d9e9-45e0-9d66-6da9f5c4fc85,قطار,9471583d-fa21-4edd-bc79-86b364153be5,مدخل طريق الجوهرة 56,,,,,,,,,,,,camp,33/62,camp,33/62,,Admin,91a7aeb8-caf0-42b0-b9b7-90982be51219,اثراء الخير,6,2026-05-12 14:03:20,2026-05-12 14:03:20
019e1c7f-d647-70af-9f08-665d8c556541,1,00:00,16:00,فترة اولى,,3335,6c63c1e2-f257-4a3d-afa7-1cf5728888eb,نفرة,9fc47c58-d9e9-45e0-9d66-6da9f5c4fc85,قطار,,,,,,,,,,,,1ce810ce-e119-4deb-8d6a-1698b8959e87,حط رحال,dropOffArea,ساحات محطات مزدلفة 1.3,bus_stop,باب علي,,Admin,91a7aeb8-caf0-42b0-b9b7-90982be51219,اثراء الخير,12,2026-05-12 14:03:20,2026-05-12 14:03:20
019e1c7f-d7fe-70bd-aa4b-03a2b262d021,3,04:00,08:00,فترة ثالثة,10,1742,7504385f-e792-41a8-8326-21854caef7e1,تصعيد مباشر,a0bc4dde-a22d-4d68-bf95-75f45d362d66,تقليدي رد,d0aad3cb-67f5-4d3a-b28f-f748f9857466,مدخل كوبري الجامعة الأول,,,,parking,6a81cfb3-9019-4ac5-9f85-353cab5b9895,الاتصالات الجديد,parking,6a81cfb3-9019-4ac5-9f85-353cab5b9895,الاتصالات الجديد,,,residence,شركة القصواء للسفر و السياحة,camp,F/204,"{""type"":""LineString"",""coordinates"":[[39.829966,21.406483],[39.829538,21.408329],[39.829293,21.409483],[39.829211,21.40995],[39.829031,21.410604],[39.829016,21.410708],[39.829032,21.410834],[39.829189,21.411227],[39.82919,21.411378],[39.829162,21.411558],[39.829086,21.411794],[39.828953,21.412001],[39.828732,21.412233],[39.828396,21.412501],[39.828167,21.412734],[39.828138,21.412813],[39.828092,21.413063],[39.827963,21.413896],[39.82782,21.414639],[39.827706,21.415078],[39.827692,21.415205],[39.827674,21.415692],[39.828007,21.41679],[39.828076,21.417017],[39.8285,21.416933],[39.828573,21.416917],[39.828798,21.416844],[39.829045,21.416713],[39.829337,21.416677],[39.829786,21.416694],[39.830732,21.416554],[39.831377,21.416384],[39.831718,21.416278],[39.832033,21.416152],[39.838227,21.412896],[39.838921,21.412402],[39.83955,21.411899],[39.840154,21.41138],[39.841104,21.4104],[39.841448,21.41001],[39.842328,21.408941],[39.842812,21.408322],[39.84304,21.40803],[39.846588,21.403952],[39.84699,21.403319],[39.847287,21.402708],[39.847522,21.401979],[39.847675,21.400866],[39.847757,21.400379],[39.847936,21.398697],[39.848087,21.398091],[39.848194,21.397813],[39.848526,21.397184],[39.848715,21.396921],[39.848992,21.396578],[39.849437,21.396111],[39.849685,21.395914],[39.849987,21.395705],[39.850241,21.39555],[39.850696,21.395318],[39.851103,21.395121],[39.852866,21.39428],[39.85336,21.394031],[39.853855,21.39375],[39.854267,21.393467],[39.85464,21.393184],[39.854897,21.39296],[39.855798,21.391964],[39.856536,21.391178],[39.85912,21.388568],[39.862032,21.385524],[39.863018,21.384644],[39.863957,21.384037],[39.86448,21.383738],[39.865047,21.383474],[39.865891,21.383149],[39.866999,21.382837],[39.867992,21.382698],[39.868715,21.382637],[39.869226,21.382632],[39.870011,21.382663],[39.870534,21.38271],[39.871031,21.382805],[39.872226,21.383094],[39.872622,21.383189],[39.87341,21.383495],[39.874256,21.383747],[39.874375,21.383782],[39.874437,21.383626],[39.874595,21.38331],[39.875371,21.382077],[39.875662,21.381409],[39.876101,21.380031],[39.876323,21.379335],[39.8766,21.378625],[39.877126,21.377522],[39.877382,21.377085],[39.877918,21.376235],[39.878397,21.375597],[39.8791,21.374778],[39.879549,21.374304],[39.881444,21.372524],[39.884584,21.369598],[39.887345,21.367023],[39.887787,21.36661],[39.88903,21.36547],[39.889534,21.365032],[39.889791,21.364841],[39.890108,21.364606],[39.890639,21.364255],[39.891133,21.363963],[39.89165,21.363711],[39.892267,21.36344],[39.892905,21.363223],[39.893615,21.363005],[39.897739,21.36211],[39.903536,21.360873],[39.905747,21.360402],[39.910416,21.359406],[39.911788,21.359117],[39.915884,21.358237],[39.916797,21.358039],[39.920311,21.357266],[39.921042,21.357066],[39.921786,21.356842],[39.92239,21.356633],[39.923446,21.35619],[39.923949,21.35594],[39.924421,21.355687],[39.924993,21.355346],[39.925665,21.354893],[39.926158,21.354515],[39.926545,21.354193],[39.927508,21.353327],[39.935967,21.344532],[39.939563,21.340882],[39.94074,21.339918],[39.941519,21.339279],[39.943207,21.338116],[39.943803,21.337713],[39.945973,21.336504],[39.946625,21.336189],[39.946997,21.335912],[39.94708,21.335789],[39.947107,21.335677],[39.947115,21.335547],[39.947062,21.335392],[39.946933,21.33522],[39.946726,21.335112],[39.946541,21.335092],[39.946345,21.335152],[39.946222,21.335232],[39.946115,21.335362],[39.946075,21.335527],[39.946067,21.335644],[39.946238,21.336098],[39.946449,21.336438]]}",Admin,806536a5-c86c-4e09-acca-ee8a888042e2,إكرام الضيف,150,2026-05-12 14:03:20,2026-05-12 14:03:20
019e1c7e-8f35-7169-9ffe-06ffa5698bee,3,04:00,08:00,فترة ثالثة,10,1855,8b2033c0-197e-43d7-935a-c37e5ac86561,تروية,a0bc4dde-a22d-4d68-bf95-75f45d362d66,تقليدي رد,ede61c28-c746-4cfa-a67b-19eb13385d55,مدخل طريق سوق العرب - الدائري الرابع,9c362892-3343-4ada-8a82-434d35b70eea,361,شارع 518,parking,0dbf5e64-c219-4b75-8580-feb1d03a42ea,150-83,parking,0dbf5e64-c219-4b75-8580-feb1d03a42ea,150-83,,,residence,شركة سدن الوطنية المحدودة,camp,4/518,"{""type"":""LineString"",""coordinates"":[[39.87259,21.39994],[39.872461,21.399726],[39.871766,21.40009],[39.872065,21.400594],[39.872491,21.401284],[39.872778,21.401771],[39.873099,21.402237],[39.873303,21.402068],[39.873763,21.401774],[39.874424,21.402569],[39.875111,21.403387],[39.875529,21.403096],[39.875616,21.403033],[39.87569,21.40313],[39.876679,21.402412],[39.87737,21.401909],[39.878002,21.401518],[39.878144,21.401442],[39.878392,21.401307],[39.879401,21.400847],[39.883366,21.399037],[39.884426,21.398552],[39.885932,21.397834],[39.887662,21.397056],[39.89015,21.395924],[39.892381,21.394909],[39.893021,21.394575],[39.893456,21.394283],[39.893609,21.394158],[39.893721,21.394066],[39.894165,21.393702],[39.894773,21.393204],[39.896259,21.391933],[39.897172,21.391133],[39.899133,21.389417],[39.899363,21.389162],[39.899572,21.388916],[39.899647,21.388823],[39.899738,21.388711],[39.900204,21.388081],[39.90045,21.387688],[39.901347,21.386056],[39.901491,21.385591],[39.901518,21.385428],[39.901502,21.385248],[39.901443,21.385013],[39.901303,21.384842],[39.901105,21.384753],[39.900836,21.384717],[39.900558,21.384773],[39.900375,21.384898],[39.900247,21.385043],[39.900188,21.385198],[39.900166,21.385406],[39.900203,21.385591],[39.900341,21.385945],[39.902134,21.388293],[39.903467,21.39016],[39.904777,21.391926],[39.906077,21.393658],[39.908527,21.39692],[39.90976,21.398562],[39.910401,21.399415],[39.910873,21.399891],[39.911066,21.400051],[39.911393,21.400286],[39.91186,21.40052],[39.912342,21.400695],[39.913266,21.4011],[39.913528,21.401256],[39.913652,21.40133],[39.914215,21.401769],[39.914778,21.402318],[39.915143,21.402768],[39.915394,21.403191],[39.915556,21.403522],[39.915706,21.403927],[39.915776,21.404331],[39.915798,21.404596],[39.915776,21.404921],[39.915739,21.40512],[39.915605,21.405525],[39.915444,21.40578],[39.915294,21.405941],[39.91495,21.406279],[39.914693,21.406429],[39.914186,21.406633],[39.9135,21.406632],[39.913094,21.406579],[39.912692,21.406449],[39.91236,21.406242],[39.912191,21.406137],[39.911826,21.405797],[39.911656,21.40556],[39.91149,21.405255],[39.911392,21.404933],[39.911351,21.404636],[39.91134,21.404156],[39.911284,21.403673],[39.911302,21.403357],[39.911257,21.402681],[39.91114,21.402043],[39.910943,21.40119],[39.91068,21.400436],[39.910315,21.39978],[39.909522,21.398673],[39.909249,21.398437]]}",Admin,e207f767-7c33-4dea-8471-e37792f7c72f,يسر المشاعر,110,2026-05-12 14:01:56,2026-05-12 14:01:56
019e1c7e-88c3-732d-a960-9f43ce6e52da,2,00:00,03:59,فترة ثانية,20,2517,8b2033c0-197e-43d7-935a-c37e5ac86561,تروية,a0bc4dde-a22d-4d68-bf95-75f45d362d66,تقليدي رد,7e119f56-c9f9-4a70-9aa5-de9f5cdd2513,مدخل طريق الملك خالد - العزيزية,0856db3d-ee0b-41f1-b0c9-d78a6c8703d9,40,شارع 68,parking,0dbf5e64-c219-4b75-8580-feb1d03a42ea,150-83,parking,0dbf5e64-c219-4b75-8580-feb1d03a42ea,150-83,,,residence,أنوار ضيافة الفندقية,camp,19/68,"{""type"":""LineString"",""coordinates"":[[39.830287,21.420689],[39.830672,21.420741],[39.830929,21.420773],[39.831535,21.420838],[39.83191,21.420945],[39.832039,21.421015],[39.832183,21.421174],[39.832273,21.421282],[39.833266,21.422326],[39.83351,21.422555],[39.833692,21.42261],[39.833898,21.422641],[39.834238,21.422617],[39.834413,21.422597],[39.834643,21.422554],[39.842963,21.421445],[39.843901,21.421349],[39.844575,21.421303],[39.845233,21.42127],[39.846332,21.421259],[39.847368,21.421227],[39.847802,21.421211],[39.848334,21.421188],[39.849191,21.421167],[39.850454,21.421049],[39.851183,21.420947],[39.851521,21.420819],[39.851827,21.42067],[39.852143,21.420443],[39.852385,21.420171],[39.853182,21.4192],[39.853454,21.418683],[39.853662,21.418375],[39.854049,21.41786],[39.854388,21.417419],[39.854815,21.416871],[39.854832,21.41685],[39.855039,21.416754],[39.856199,21.415212],[39.856915,21.414028],[39.857548,21.412983],[39.859613,21.409567],[39.860347,21.408343],[39.861218,21.406891],[39.861848,21.405711],[39.862293,21.404805],[39.862648,21.403944],[39.863146,21.402736],[39.864457,21.399575],[39.864494,21.399233],[39.865292,21.397529],[39.865482,21.397192],[39.865829,21.396784],[39.866064,21.396517],[39.866319,21.396262],[39.866574,21.396037],[39.867456,21.39536],[39.867877,21.395036],[39.868137,21.394842],[39.868246,21.394905],[39.868442,21.39513],[39.868607,21.395331],[39.868808,21.395548],[39.869216,21.395879],[39.869603,21.396335],[39.869851,21.396731],[39.87001,21.396994],[39.870164,21.397249],[39.87019,21.397362],[39.870597,21.398008],[39.870633,21.39807],[39.870791,21.398352],[39.870849,21.398462],[39.871041,21.398851],[39.871084,21.398925],[39.871504,21.399644],[39.871695,21.399971],[39.871766,21.40009],[39.872065,21.400594],[39.872236,21.401144],[39.872538,21.401635],[39.872718,21.401887]]}",Admin,ea02e91c-9d45-4e5e-bfaa-171414ea3345,هوليدي ان بكة,112,2026-05-12 14:01:55,2026-05-12 14:01:55
019e1c7e-87ca-708f-900b-d1812eb5afcc,1,20:00,23:59,فترة اولى,15,3556,8b2033c0-197e-43d7-935a-c37e5ac86561,تروية,a0bc4dde-a22d-4d68-bf95-75f45d362d66,تقليدي رد,ede61c28-c746-4cfa-a67b-19eb13385d55,مدخل طريق سوق العرب - الدائري الرابع,eaa98651-90fc-401f-8536-5e3ce93413b6,609,شارع 522,parking,0dbf5e64-c219-4b75-8580-feb1d03a42ea,150-83,parking,0dbf5e64-c219-4b75-8580-feb1d03a42ea,150-83,,,residence,شركة سما الشعائر لتشغيل الفنادق,camp,12/522,"{""type"":""LineString"",""coordinates"":[[39.857565,21.439187],[39.857592,21.43973],[39.857626,21.440336],[39.857642,21.440684],[39.857663,21.440753],[39.857837,21.441325],[39.857946,21.441498],[39.858185,21.441877],[39.858845,21.443027],[39.858996,21.443241],[39.859553,21.444105],[39.859698,21.444287],[39.86018,21.444895],[39.860947,21.445822],[39.862737,21.447975],[39.864304,21.449796],[39.865196,21.450778],[39.865728,21.451285],[39.866387,21.451797],[39.866866,21.452109],[39.867317,21.452397],[39.867782,21.452646],[39.86814,21.452819],[39.868655,21.453054],[39.869473,21.453356],[39.869862,21.453518],[39.870781,21.453746],[39.875985,21.45484],[39.877029,21.455181],[39.877947,21.455643],[39.880643,21.457552],[39.880992,21.457745],[39.881633,21.458099],[39.883265,21.458741],[39.884219,21.459124],[39.884635,21.45929],[39.885551,21.459563],[39.885867,21.459657],[39.886812,21.459879],[39.887736,21.459902],[39.888228,21.459886],[39.889004,21.459835],[39.889691,21.459763],[39.890504,21.459632],[39.891212,21.459457],[39.891896,21.45921],[39.893023,21.458744],[39.893574,21.458563],[39.894874,21.458052],[39.895475,21.457709],[39.895842,21.457417],[39.896222,21.457028],[39.896445,21.456687],[39.896869,21.455477],[39.896905,21.455364],[39.897496,21.453317],[39.897974,21.452359],[39.89981,21.446587],[39.90052,21.444304],[39.902869,21.436598],[39.905729,21.427492],[39.907338,21.422403],[39.907834,21.420764],[39.908039,21.419927],[39.908217,21.419027],[39.908796,21.415399],[39.909448,21.412381],[39.909801,21.410742],[39.910417,21.407867],[39.910744,21.406484],[39.91107,21.404995],[39.911263,21.404045],[39.911284,21.403673],[39.911302,21.403357],[39.911257,21.402681],[39.91114,21.402043],[39.910943,21.40119],[39.91068,21.400436],[39.910315,21.39978],[39.909522,21.398673],[39.909249,21.398437]]}",Admin,ea02e91c-9d45-4e5e-bfaa-171414ea3345,هوليدي ان بكة,9,2026-05-12 14:01:54,2026-05-12 14:01:54
019e1c7e-86d9-71b1-9995-a5e21c190d16,2,00:00,03:59,فترة ثانية,10,197,8b2033c0-197e-43d7-935a-c37e5ac86561,تروية,a0bc4dde-a22d-4d68-bf95-75f45d362d66,تقليدي رد,7e7e21be-788f-4408-bc11-279c05bf480a,مدخل انفاق الجمرات الجوهرة - شارح الحج,5f1c9161-4813-466a-aadf-780a3799966d,505,شارع 112,parking,e60dbe00-c3b1-4604-83ee-a2095b636e83,حجاج البر,parking,e60dbe00-c3b1-4604-83ee-a2095b636e83,حجاج البر,,,residence,شركة برج هاجر العقارية المحدودة,camp,1/112,"{""type"":""LineString"",""coordinates"":[[39.826841,21.417817],[39.826763,21.417768],[39.826241,21.417593],[39.825747,21.417536],[39.825184,21.417559],[39.824712,21.417677],[39.824252,21.417919],[39.823772,21.41833],[39.823528,21.418509],[39.823221,21.418639],[39.822601,21.418721],[39.820049,21.419168],[39.819719,21.419234],[39.819454,21.419286],[39.818712,21.419458],[39.818235,21.419644],[39.817971,21.419795],[39.817705,21.420003],[39.817512,21.420198],[39.8173,21.420479],[39.81702,21.421057],[39.816943,21.421348],[39.816883,21.421671],[39.816872,21.421817],[39.816848,21.422236],[39.816857,21.422544],[39.816918,21.422881],[39.817028,21.42323],[39.81718,21.423613],[39.817446,21.424194],[39.817768,21.424951],[39.818013,21.425398],[39.818773,21.426295],[39.819143,21.426635],[39.819449,21.426867],[39.819925,21.427143],[39.820211,21.427254],[39.820308,21.427292],[39.821109,21.427502],[39.821755,21.427626],[39.82194,21.427667],[39.823144,21.427898],[39.825377,21.428173],[39.826502,21.428168],[39.827094,21.428112],[39.827734,21.427987],[39.82828,21.427817],[39.828425,21.427758],[39.829059,21.427452],[39.829362,21.427269],[39.829849,21.426937],[39.830432,21.426457],[39.831018,21.425964],[39.831483,21.425463],[39.83168,21.425154],[39.831926,21.42471],[39.832105,21.424267],[39.832678,21.422668],[39.832908,21.422197],[39.832979,21.421954],[39.832995,21.421726],[39.832968,21.421278],[39.832927,21.421034],[39.83283,21.420727],[39.832731,21.420605],[39.832651,21.420538],[39.832563,21.420499],[39.832476,21.4205],[39.832374,21.420535],[39.832201,21.420861],[39.832172,21.420967],[39.832168,21.421079],[39.832183,21.421174],[39.832273,21.421282],[39.833266,21.422326],[39.83351,21.422555],[39.833692,21.42261],[39.833898,21.422641],[39.834238,21.422617],[39.834413,21.422597],[39.834643,21.422554],[39.842963,21.421445],[39.843901,21.421349],[39.844575,21.421303],[39.845233,21.42127],[39.846332,21.421259],[39.847368,21.421227],[39.847802,21.421211],[39.848334,21.421188],[39.849191,21.421167],[39.849903,21.421197],[39.850629,21.421152],[39.851006,21.421128],[39.851405,21.421135],[39.851909,21.421159],[39.852663,21.421236],[39.853675,21.421372],[39.853827,21.421398],[39.854582,21.421552],[39.855431,21.421768],[39.855511,21.421746],[39.855594,21.421691],[39.855678,21.42158],[39.855908,21.421131],[39.856068,21.420848],[39.856184,21.420716],[39.856355,21.420575],[39.856586,21.42047],[39.85678,21.420421],[39.856978,21.420407],[39.857156,21.420414],[39.857313,21.420394],[39.857462,21.420392],[39.857587,21.420266],[39.858297,21.419511],[39.858366,21.419438],[39.85849,21.419535],[39.858425,21.419606],[39.857239,21.420905],[39.856901,21.421274],[39.856712,21.421565],[39.856603,21.42185],[39.856519,21.422144],[39.856517,21.422425],[39.856545,21.422718],[39.856787,21.424362],[39.856946,21.42544],[39.856991,21.426045],[39.856939,21.426436],[39.856821,21.426768],[39.856625,21.427119],[39.856469,21.427339],[39.857012,21.427373],[39.857324,21.427516],[39.857616,21.427768],[39.857803,21.427942],[39.858208,21.42766],[39.858477,21.42751],[39.858578,21.427456],[39.858688,21.427398],[39.859321,21.427186],[39.860025,21.426955],[39.860749,21.426769],[39.861713,21.426532],[39.862247,21.426366],[39.862485,21.426326],[39.862678,21.426294],[39.862756,21.426283]]}",Admin,ea02e91c-9d45-4e5e-bfaa-171414ea3345,هوليدي ان بكة,113,2026-05-12 14:01:54,2026-05-12 14:01:54
019e1c7e-8276-72de-966c-d67c710f9970,2,00:00,03:59,فترة ثانية,20,5623,8b2033c0-197e-43d7-935a-c37e5ac86561,تروية,48a174b1-0445-44d5-8d15-f6b484620b5d,ترددي,4e968379-67ed-4221-903f-e7351145b578,مدخل الترددي 1 - منى,b567cb50-3064-40e4-bbed-454f5d8ab8fd,579,شارع 415,bus_warehouse,78d92381-0800-44ed-ad7b-9ff92b62e4b6,ترددي 1,bus_warehouse,78d92381-0800-44ed-ad7b-9ff92b62e4b6,ترددي 1,,,residence,شركة ابراج دانيه الفندقية,camp,1/415,"{""type"":""LineString"",""coordinates"":[[39.839441,21.369379],[39.838848,21.370187],[39.838786,21.370271],[39.838223,21.371032],[39.837619,21.37185],[39.837547,21.371948],[39.836091,21.373931],[39.835895,21.373987],[39.833844,21.3768],[39.831637,21.379826],[39.83034,21.381632],[39.829518,21.382776],[39.829244,21.383137],[39.829189,21.383211],[39.828715,21.383626],[39.828431,21.383911],[39.827708,21.384644],[39.828992,21.384535],[39.829244,21.384519],[39.829855,21.38437],[39.831122,21.383987],[39.831785,21.383827],[39.832342,21.383768],[39.832689,21.383765],[39.833425,21.383788],[39.834009,21.38386],[39.834378,21.383974],[39.834634,21.384054],[39.835276,21.384458],[39.835525,21.384616],[39.835729,21.384746],[39.835976,21.384932],[39.836262,21.385178],[39.838411,21.38745],[39.838733,21.387759],[39.839259,21.388169],[39.839699,21.388429],[39.840246,21.388658],[39.840634,21.388749],[39.841231,21.388838],[39.842264,21.388921],[39.843922,21.389083],[39.845957,21.389246],[39.846384,21.389345],[39.847035,21.389539],[39.847266,21.389645],[39.84768,21.389836],[39.848252,21.390213],[39.848953,21.390805],[39.849588,21.39154],[39.850018,21.392085],[39.850446,21.392585],[39.851391,21.393633],[39.851581,21.393812],[39.851774,21.393938],[39.852046,21.394056],[39.852337,21.394122],[39.85254,21.394143],[39.852726,21.394133],[39.852959,21.394071],[39.853614,21.393779],[39.85405,21.393471],[39.854566,21.393024],[39.855648,21.391708],[39.855996,21.391461],[39.856181,21.391287],[39.856525,21.391018],[39.85717,21.390408],[39.857709,21.389855],[39.858217,21.389318],[39.85912,21.388568],[39.862032,21.385524],[39.863018,21.384644],[39.863957,21.384037],[39.86448,21.383738],[39.865047,21.383474],[39.865891,21.383149],[39.866999,21.382837],[39.867992,21.382698],[39.868715,21.382637],[39.869226,21.382632],[39.870011,21.382663],[39.870534,21.38271],[39.871031,21.382805],[39.872226,21.383094],[39.872622,21.383189],[39.87341,21.383495],[39.874256,21.383747],[39.874375,21.383782],[39.875494,21.384124],[39.875621,21.384163],[39.877628,21.384792],[39.877799,21.384845],[39.881188,21.385907],[39.881609,21.386039],[39.883944,21.386745],[39.885585,21.38727],[39.886236,21.387469],[39.888263,21.388099],[39.889419,21.388485],[39.889529,21.388522],[39.890503,21.388827],[39.892548,21.38947],[39.892976,21.389646],[39.893288,21.389775],[39.893949,21.389932],[39.894388,21.390017],[39.894603,21.390012],[39.895011,21.390022],[39.896599,21.389807],[39.897783,21.38963],[39.898315,21.389587],[39.898723,21.389502],[39.898959,21.389404],[39.899363,21.389162],[39.899572,21.388916],[39.899647,21.388823],[39.899738,21.388711],[39.900204,21.388081],[39.90045,21.387688],[39.901347,21.386056],[39.901491,21.385591],[39.901518,21.385428],[39.901502,21.385248],[39.901443,21.385013],[39.901303,21.384842],[39.901105,21.384753],[39.900836,21.384717],[39.900558,21.384773],[39.900375,21.384898],[39.900247,21.385043],[39.900188,21.385198],[39.900166,21.385406],[39.900203,21.385591],[39.900341,21.385945],[39.902134,21.388293],[39.903467,21.39016],[39.904777,21.391926],[39.906077,21.393658],[39.908527,21.39692],[39.90976,21.398562],[39.910401,21.399415],[39.911031,21.400316],[39.911549,21.401261],[39.911872,21.402078],[39.912199,21.403295],[39.912263,21.404103],[39.912291,21.404463],[39.912243,21.40527],[39.912039,21.406224],[39.911342,21.40799],[39.91131,21.408071],[39.911269,21.408174],[39.910998,21.408861],[39.910953,21.408975]]}",Admin,15cdb671-1ca2-46ab-a42b-3c9793ab98da,مناسك المشاعر,1,2026-05-12 14:01:53,2026-05-12 14:01:53
019e1c7e-837f-72d7-9ce2-ea7fe69bf51c,3,04:00,08:00,فترة ثالثة,25,5171,8b2033c0-197e-43d7-935a-c37e5ac86561,تروية,48a174b1-0445-44d5-8d15-f6b484620b5d,ترددي,4e968379-67ed-4221-903f-e7351145b578,مدخل الترددي 1 - منى,eec8108f-5e59-45f7-b335-f264fd336626,620,شارع 406,bus_warehouse,78d92381-0800-44ed-ad7b-9ff92b62e4b6,ترددي 1,bus_warehouse,78d92381-0800-44ed-ad7b-9ff92b62e4b6,ترددي 1,,,residence,أنوار ضيافة الفندقية,camp,5/406,"{""type"":""LineString"",""coordinates"":[[39.830287,21.420689],[39.830672,21.420741],[39.830929,21.420773],[39.831535,21.420838],[39.83191,21.420945],[39.832039,21.421015],[39.832183,21.421174],[39.832273,21.421282],[39.833266,21.422326],[39.83351,21.422555],[39.833692,21.42261],[39.833898,21.422641],[39.834238,21.422617],[39.834413,21.422597],[39.834643,21.422554],[39.842963,21.421445],[39.843901,21.421349],[39.844575,21.421303],[39.845233,21.42127],[39.846332,21.421259],[39.847368,21.421227],[39.847802,21.421211],[39.848334,21.421188],[39.849191,21.421167],[39.850454,21.421049],[39.851183,21.420947],[39.851521,21.420819],[39.851827,21.42067],[39.852143,21.420443],[39.852385,21.420171],[39.853182,21.4192],[39.853454,21.418683],[39.853662,21.418375],[39.854049,21.41786],[39.854388,21.417419],[39.854815,21.416871],[39.854832,21.41685],[39.855039,21.416754],[39.856199,21.415212],[39.856915,21.414028],[39.857548,21.412983],[39.859613,21.409567],[39.860347,21.408343],[39.861218,21.406891],[39.861848,21.405711],[39.862293,21.404805],[39.862648,21.403944],[39.863146,21.402736],[39.864457,21.399575],[39.864667,21.399101],[39.865353,21.397787],[39.865604,21.397353],[39.865839,21.397027],[39.866002,21.396835],[39.866639,21.39624],[39.867089,21.395886],[39.869109,21.394312],[39.87078,21.393016],[39.871413,21.392421],[39.871914,21.39181],[39.87245,21.39099],[39.872511,21.39085],[39.872815,21.390147],[39.873089,21.389359],[39.873632,21.387748],[39.873794,21.387223],[39.87407,21.386327],[39.874115,21.385744],[39.874141,21.385156],[39.874177,21.384349],[39.87425,21.384097],[39.874324,21.383912],[39.874375,21.383782],[39.875494,21.384124],[39.875621,21.384163],[39.877628,21.384792],[39.877799,21.384845],[39.881188,21.385907],[39.881609,21.386039],[39.883944,21.386745],[39.885585,21.38727],[39.886236,21.387469],[39.888263,21.388099],[39.889419,21.388485],[39.889529,21.388522],[39.890503,21.388827],[39.892548,21.38947],[39.892976,21.389646],[39.893288,21.389775],[39.893949,21.389932],[39.894388,21.390017],[39.894603,21.390012],[39.895011,21.390022],[39.896599,21.389807],[39.897783,21.38963],[39.898315,21.389587],[39.898723,21.389502],[39.898959,21.389404],[39.899363,21.389162],[39.899572,21.388916],[39.899647,21.388823],[39.899738,21.388711],[39.900204,21.388081],[39.90045,21.387688],[39.901347,21.386056],[39.901491,21.385591],[39.901518,21.385428],[39.901502,21.385248],[39.901443,21.385013],[39.901303,21.384842],[39.901105,21.384753],[39.900836,21.384717],[39.900558,21.384773],[39.900375,21.384898],[39.900247,21.385043],[39.900188,21.385198],[39.900166,21.385406],[39.900203,21.385591],[39.900341,21.385945],[39.902134,21.388293],[39.903467,21.39016],[39.904777,21.391926],[39.906077,21.393658],[39.908527,21.39692],[39.90976,21.398562],[39.910401,21.399415],[39.911031,21.400316],[39.911549,21.401261],[39.911872,21.402078],[39.912199,21.403295],[39.912263,21.404103],[39.912291,21.404463],[39.912243,21.40527],[39.912039,21.406224],[39.911342,21.40799],[39.91131,21.408071],[39.911269,21.408174],[39.910998,21.408861],[39.910953,21.408975]]}",Admin,15cdb671-1ca2-46ab-a42b-3c9793ab98da,مناسك المشاعر,3,2026-05-12 14:01:53,2026-05-12 14:01:53
019e1c7e-817a-705f-a3f8-d0118f8ee0e2,3,04:00,08:00,فترة ثالثة,20,4506,8b2033c0-197e-43d7-935a-c37e5ac86561,تروية,48a174b1-0445-44d5-8d15-f6b484620b5d,ترددي,4e968379-67ed-4221-903f-e7351145b578,مدخل الترددي 1 - منى,8af5c0bd-dfae-49ed-8090-45d281d96e3c,583,شارع 406,bus_warehouse,78d92381-0800-44ed-ad7b-9ff92b62e4b6,ترددي 1,bus_warehouse,78d92381-0800-44ed-ad7b-9ff92b62e4b6,ترددي 1,,,residence,شركة البرج العالمية للاستثمار العقاري فندق قصر مكة رفلز,camp,1/406,"{""type"":""LineString"",""coordinates"":[[39.824915,21.417626],[39.824712,21.417677],[39.824252,21.417919],[39.823772,21.41833],[39.823528,21.418509],[39.823221,21.418639],[39.822601,21.418721],[39.820049,21.419168],[39.819719,21.419234],[39.819454,21.419286],[39.818712,21.419458],[39.818235,21.419644],[39.817971,21.419795],[39.817705,21.420003],[39.817512,21.420198],[39.8173,21.420479],[39.81702,21.421057],[39.816943,21.421348],[39.816883,21.421671],[39.816872,21.421817],[39.816848,21.422236],[39.816857,21.422544],[39.816918,21.422881],[39.817028,21.42323],[39.81718,21.423613],[39.817446,21.424194],[39.817768,21.424951],[39.818013,21.425398],[39.818773,21.426295],[39.819143,21.426635],[39.819449,21.426867],[39.819925,21.427143],[39.820211,21.427254],[39.820308,21.427292],[39.821109,21.427502],[39.821755,21.427626],[39.82194,21.427667],[39.823144,21.427898],[39.825377,21.428173],[39.826502,21.428168],[39.827094,21.428112],[39.827734,21.427987],[39.82828,21.427817],[39.828425,21.427758],[39.829059,21.427452],[39.829362,21.427269],[39.829849,21.426937],[39.830432,21.426457],[39.831018,21.425964],[39.831483,21.425463],[39.83168,21.425154],[39.831926,21.42471],[39.832105,21.424267],[39.832678,21.422668],[39.832908,21.422197],[39.832979,21.421954],[39.832995,21.421726],[39.832968,21.421278],[39.832927,21.421034],[39.83283,21.420727],[39.832731,21.420605],[39.832651,21.420538],[39.832563,21.420499],[39.832476,21.4205],[39.832374,21.420535],[39.832201,21.420861],[39.832172,21.420967],[39.832168,21.421079],[39.832183,21.421174],[39.832273,21.421282],[39.833266,21.422326],[39.83351,21.422555],[39.833692,21.42261],[39.833898,21.422641],[39.834238,21.422617],[39.834413,21.422597],[39.834643,21.422554],[39.842963,21.421445],[39.843901,21.421349],[39.844575,21.421303],[39.845233,21.42127],[39.846332,21.421259],[39.847368,21.421227],[39.847802,21.421211],[39.848334,21.421188],[39.849191,21.421167],[39.850454,21.421049],[39.851183,21.420947],[39.851521,21.420819],[39.851827,21.42067],[39.852143,21.420443],[39.852385,21.420171],[39.853182,21.4192],[39.853454,21.418683],[39.853662,21.418375],[39.854049,21.41786],[39.854388,21.417419],[39.854815,21.416871],[39.854832,21.41685],[39.855039,21.416754],[39.856199,21.415212],[39.856915,21.414028],[39.857548,21.412983],[39.859613,21.409567],[39.860347,21.408343],[39.861218,21.406891],[39.861848,21.405711],[39.862293,21.404805],[39.862648,21.403944],[39.863146,21.402736],[39.864457,21.399575],[39.864667,21.399101],[39.865353,21.397787],[39.865604,21.397353],[39.865839,21.397027],[39.866002,21.396835],[39.866639,21.39624],[39.867089,21.395886],[39.869109,21.394312],[39.87078,21.393016],[39.871413,21.392421],[39.871914,21.39181],[39.87245,21.39099],[39.872511,21.39085],[39.872815,21.390147],[39.873089,21.389359],[39.873632,21.387748],[39.873794,21.387223],[39.87407,21.386327],[39.874115,21.385744],[39.874141,21.385156],[39.874177,21.384349],[39.87425,21.384097],[39.874324,21.383912],[39.874375,21.383782],[39.875494,21.384124],[39.875621,21.384163],[39.877628,21.384792],[39.877799,21.384845],[39.881188,21.385907],[39.881609,21.386039],[39.883944,21.386745],[39.885585,21.38727],[39.886236,21.387469],[39.888263,21.388099],[39.889419,21.388485],[39.889529,21.388522],[39.890503,21.388827],[39.892548,21.38947],[39.892976,21.389646],[39.893288,21.389775],[39.893949,21.389932],[39.894388,21.390017],[39.894603,21.390012],[39.895011,21.390022],[39.896599,21.389807],[39.897783,21.38963],[39.898315,21.389587],[39.898723,21.389502],[39.898959,21.389404],[39.899363,21.389162],[39.899572,21.388916],[39.899647,21.388823],[39.899738,21.388711],[39.900204,21.388081],[39.90045,21.387688],[39.901347,21.386056],[39.901491,21.385591],[39.901518,21.385428],[39.901502,21.385248],[39.901443,21.385013],[39.901303,21.384842],[39.901105,21.384753],[39.900836,21.384717],[39.900558,21.384773],[39.900375,21.384898],[39.900247,21.385043],[39.900188,21.385198],[39.900166,21.385406],[39.900203,21.385591],[39.900341,21.385945],[39.902134,21.388293],[39.903467,21.39016],[39.904777,21.391926],[39.906077,21.393658],[39.908527,21.39692],[39.90976,21.398562],[39.910401,21.399415],[39.911031,21.400316],[39.911549,21.401261],[39.911872,21.402078],[39.912199,21.403295],[39.912263,21.404103],[39.912291,21.404463],[39.912243,21.40527],[39.912039,21.406224],[39.911342,21.40799],[39.91131,21.408071],[39.911269,21.408174],[39.910998,21.408861],[39.910953,21.408975]]}",Admin,15cdb671-1ca2-46ab-a42b-3c9793ab98da,مناسك المشاعر,2,2026-05-12 14:01:53,2026-05-12 14:01:53
019e1c7e-792a-73e2-aade-caa04c1c6f73,3,04:00,08:00,فترة ثالثة,20,2185,8b2033c0-197e-43d7-935a-c37e5ac86561,تروية,48a174b1-0445-44d5-8d15-f6b484620b5d,ترددي,2214b63a-70fc-4e0d-a01e-a4e7cf4e7673,مدخل الترددي 2 - منى,683d2e5b-278c-4bb2-bdb5-72fe3bd741e4,334,شارع 620,bus_warehouse,646b18f1-18fc-4ce2-b471-ce297eaaa9e4,ترددي 2,bus_warehouse,646b18f1-18fc-4ce2-b471-ce297eaaa9e4,ترددي 2,,,residence,شركة اسرار التيسير للخدمات الفندقيه,camp,18/620,"{""type"":""LineString"",""coordinates"":[[39.806627,21.426098],[39.806778,21.426117],[39.806753,21.424478],[39.806715,21.42358],[39.806709,21.423445],[39.806701,21.423258],[39.806683,21.422982],[39.80667,21.422961],[39.806856,21.422998],[39.807543,21.423128],[39.808284,21.423318],[39.809005,21.423496],[39.810004,21.423673],[39.812704,21.424079],[39.81389,21.424253],[39.81416,21.424288],[39.814583,21.424301],[39.8149,21.424294],[39.816324,21.424159],[39.817715,21.424025],[39.817839,21.424015],[39.818018,21.424003],[39.818758,21.423956],[39.819167,21.423893],[39.819468,21.423825],[39.819616,21.423779],[39.819737,21.423712],[39.82102,21.422308],[39.821255,21.422148],[39.821521,21.422043],[39.8218,21.42196],[39.822147,21.421864],[39.822382,21.421761],[39.822573,21.421647],[39.822791,21.421489],[39.823573,21.420862],[39.823754,21.420759],[39.824375,21.420476],[39.824726,21.420372],[39.825105,21.420284],[39.825955,21.420176],[39.826362,21.420149],[39.826554,21.420136],[39.826763,21.420141],[39.827464,21.420235],[39.828747,21.420466],[39.829051,21.420521],[39.829896,21.420637],[39.830672,21.420741],[39.830929,21.420773],[39.831535,21.420838],[39.83191,21.420945],[39.832039,21.421015],[39.832183,21.421174],[39.832273,21.421282],[39.833266,21.422326],[39.83351,21.422555],[39.833692,21.42261],[39.833898,21.422641],[39.834238,21.422617],[39.834413,21.422597],[39.834643,21.422554],[39.842963,21.421445],[39.843901,21.421349],[39.844575,21.421303],[39.845233,21.42127],[39.846332,21.421259],[39.847368,21.421227],[39.847802,21.421211],[39.848334,21.421188],[39.849191,21.421167],[39.850454,21.421049],[39.851183,21.420947],[39.851521,21.420819],[39.851827,21.42067],[39.852143,21.420443],[39.852385,21.420171],[39.853182,21.4192],[39.853454,21.418683],[39.853662,21.418375],[39.854049,21.41786],[39.854388,21.417419],[39.854815,21.416871],[39.854832,21.41685],[39.855039,21.416754],[39.856199,21.415212],[39.856915,21.414028],[39.857548,21.412983],[39.859613,21.409567],[39.860347,21.408343],[39.861218,21.406891],[39.861848,21.405711],[39.862293,21.404805],[39.862648,21.403944],[39.863146,21.402736],[39.864457,21.399575],[39.864667,21.399101],[39.865353,21.397787],[39.865604,21.397353],[39.865839,21.397027],[39.866002,21.396835],[39.866639,21.39624],[39.867089,21.395886],[39.869109,21.394312],[39.87078,21.393016],[39.871413,21.392421],[39.871914,21.39181],[39.87245,21.39099],[39.872511,21.39085],[39.872815,21.390147],[39.873089,21.389359],[39.873632,21.387748],[39.873794,21.387223],[39.87407,21.386327],[39.874115,21.385744],[39.874141,21.385156],[39.874177,21.384349],[39.87425,21.384097],[39.874324,21.383912],[39.874375,21.383782],[39.875494,21.384124],[39.875621,21.384163],[39.877628,21.384792],[39.877799,21.384845],[39.881188,21.385907],[39.881609,21.386039],[39.883944,21.386745],[39.885585,21.38727],[39.886236,21.387469],[39.888263,21.388099],[39.889419,21.388485],[39.889529,21.388522],[39.890503,21.388827],[39.892548,21.38947],[39.892976,21.389646],[39.893288,21.389775],[39.893949,21.389932],[39.894388,21.390017],[39.894603,21.390012],[39.895011,21.390022],[39.896599,21.389807],[39.897783,21.38963],[39.898315,21.389587],[39.898723,21.389502],[39.898959,21.389404],[39.899363,21.389162],[39.899572,21.388916],[39.899647,21.388823],[39.899738,21.388711],[39.900204,21.388081],[39.90045,21.387688],[39.901347,21.386056],[39.901491,21.385591],[39.901518,21.385428],[39.901502,21.385248],[39.901443,21.385013],[39.901303,21.384842],[39.901105,21.384753],[39.900836,21.384717],[39.900558,21.384773],[39.900375,21.384898],[39.900247,21.385043],[39.900188,21.385198],[39.900166,21.385406],[39.900203,21.385591],[39.900341,21.385945],[39.902134,21.388293],[39.903467,21.39016],[39.904777,21.391926],[39.906077,21.393658],[39.908527,21.39692],[39.90976,21.398562],[39.910401,21.399415],[39.910873,21.399891],[39.911066,21.400051],[39.911393,21.400286],[39.91186,21.40052],[39.912342,21.400695],[39.913266,21.4011],[39.913528,21.401256],[39.913853,21.401385]]}",Admin,a8d362b4-3090-46d4-a937-1a8d863ad798,مشارق المتميزة,9,2026-05-12 14:01:51,2026-05-12 14:01:51
019e1c7e-7ba8-7201-b8a6-d67cbd3f6299,3,04:00,08:00,فترة ثالثة,15,1280,8b2033c0-197e-43d7-935a-c37e5ac86561,تروية,48a174b1-0445-44d5-8d15-f6b484620b5d,ترددي,4e968379-67ed-4221-903f-e7351145b578,مدخل الترددي 1 - منى,a2604660-a47a-468d-ac50-4b6f37cbdba4,485,شارع 548,bus_warehouse,78d92381-0800-44ed-ad7b-9ff92b62e4b6,ترددي 1,bus_warehouse,78d92381-0800-44ed-ad7b-9ff92b62e4b6,ترددي 1,,,residence,شركة الماسة المشاعر لتشغيل الفنادق,camp,2/548,"{""type"":""LineString"",""coordinates"":[[39.859095,21.436083],[39.859318,21.435924],[39.863056,21.433543],[39.862728,21.433553],[39.862567,21.433527],[39.862322,21.433443],[39.862138,21.433351],[39.861944,21.433219],[39.86162,21.432907],[39.861247,21.432536],[39.860957,21.432349],[39.860648,21.432224],[39.86039,21.432189],[39.86001,21.432245],[39.859702,21.432414],[39.859437,21.432709],[39.858845,21.433738],[39.858684,21.433616],[39.858487,21.433465],[39.858412,21.433392],[39.858058,21.433045],[39.857881,21.432828],[39.857839,21.432735],[39.857796,21.432638],[39.857163,21.432733],[39.856516,21.432781],[39.855576,21.432803],[39.85504,21.432816],[39.854379,21.432753],[39.854194,21.432732],[39.854342,21.432602],[39.854528,21.432385],[39.854751,21.432015],[39.855032,21.431585],[39.855441,21.430914],[39.855464,21.430877],[39.855825,21.430302],[39.856465,21.429408],[39.857694,21.428018],[39.857208,21.427639],[39.85682,21.4275],[39.856377,21.427459],[39.856187,21.427381],[39.856303,21.427264],[39.856465,21.427075],[39.856561,21.426867],[39.856717,21.426548],[39.856807,21.426235],[39.856788,21.425604],[39.856715,21.425078],[39.856551,21.424078],[39.856519,21.423903],[39.856393,21.42305],[39.856339,21.422512],[39.856352,21.422095],[39.856419,21.421808],[39.856519,21.421544],[39.856673,21.421301],[39.85681,21.421127],[39.857462,21.420392],[39.857587,21.420266],[39.858297,21.419511],[39.858366,21.419438],[39.858916,21.418816],[39.859453,21.418242],[39.860483,21.417098],[39.861377,21.416104],[39.862745,21.414626],[39.862825,21.414546],[39.86331,21.414048],[39.86555,21.411751],[39.866513,21.410762],[39.868553,21.408657],[39.869613,21.407562],[39.869889,21.407322],[39.870641,21.406779],[39.873129,21.404971],[39.873921,21.404413],[39.874476,21.404014],[39.874835,21.403755],[39.875046,21.403601],[39.87569,21.40313],[39.876679,21.402412],[39.87737,21.401909],[39.878002,21.401518],[39.878144,21.401442],[39.878392,21.401307],[39.879401,21.400847],[39.883366,21.399037],[39.884426,21.398552],[39.885932,21.397834],[39.887662,21.397056],[39.89015,21.395924],[39.892381,21.394909],[39.893021,21.394575],[39.893456,21.394283],[39.893609,21.394158],[39.893721,21.394066],[39.894165,21.393702],[39.894773,21.393204],[39.896259,21.391933],[39.897172,21.391133],[39.899133,21.389417],[39.899363,21.389162],[39.899572,21.388916],[39.899647,21.388823],[39.899738,21.388711],[39.900204,21.388081],[39.90045,21.387688],[39.901347,21.386056],[39.901491,21.385591],[39.901518,21.385428],[39.901502,21.385248],[39.901443,21.385013],[39.901303,21.384842],[39.901105,21.384753],[39.900836,21.384717],[39.900558,21.384773],[39.900375,21.384898],[39.900247,21.385043],[39.900188,21.385198],[39.900166,21.385406],[39.900203,21.385591],[39.900341,21.385945],[39.902134,21.388293],[39.903467,21.39016],[39.904777,21.391926],[39.906077,21.393658],[39.908527,21.39692],[39.90976,21.398562],[39.910401,21.399415],[39.911031,21.400316],[39.911549,21.401261],[39.911872,21.402078],[39.912199,21.403295],[39.912263,21.404103],[39.912291,21.404463],[39.912243,21.40527],[39.912039,21.406224],[39.911342,21.40799],[39.91131,21.408071],[39.911269,21.408174],[39.910998,21.408861],[39.910953,21.408975]]}",Admin,a8d362b4-3090-46d4-a937-1a8d863ad798,مشارق المتميزة,59,2026-05-12 14:01:51,2026-05-12 14:01:51
019e1c7e-779e-7112-be4a-24475eac5ee8,3,04:00,08:00,فترة ثالثة,15,1906,8b2033c0-197e-43d7-935a-c37e5ac86561,تروية,48a174b1-0445-44d5-8d15-f6b484620b5d,ترددي,2214b63a-70fc-4e0d-a01e-a4e7cf4e7673,مدخل الترددي 2 - منى,3587b8b0-1bd9-4b27-8a84-d3f0d1331995,330,شارع 608,bus_warehouse,78d92381-0800-44ed-ad7b-9ff92b62e4b6,ترددي 1,bus_warehouse,78d92381-0800-44ed-ad7b-9ff92b62e4b6,ترددي 1,,,residence,شركة ريست زون,camp,17/608,"{""type"":""LineString"",""coordinates"":[[39.806768,21.425423],[39.806753,21.424478],[39.806715,21.42358],[39.806709,21.423445],[39.806701,21.423258],[39.806683,21.422982],[39.80667,21.422961],[39.806856,21.422998],[39.807543,21.423128],[39.808284,21.423318],[39.809005,21.423496],[39.810004,21.423673],[39.812704,21.424079],[39.81389,21.424253],[39.81416,21.424288],[39.814583,21.424301],[39.8149,21.424294],[39.816324,21.424159],[39.817715,21.424025],[39.817839,21.424015],[39.818018,21.424003],[39.818758,21.423956],[39.819167,21.423893],[39.819468,21.423825],[39.819616,21.423779],[39.819737,21.423712],[39.82102,21.422308],[39.821255,21.422148],[39.821521,21.422043],[39.8218,21.42196],[39.822147,21.421864],[39.822382,21.421761],[39.822573,21.421647],[39.822791,21.421489],[39.823573,21.420862],[39.823754,21.420759],[39.824375,21.420476],[39.824726,21.420372],[39.825105,21.420284],[39.825955,21.420176],[39.826362,21.420149],[39.826554,21.420136],[39.826763,21.420141],[39.827464,21.420235],[39.828747,21.420466],[39.829051,21.420521],[39.829896,21.420637],[39.830672,21.420741],[39.830929,21.420773],[39.831535,21.420838],[39.83191,21.420945],[39.832039,21.421015],[39.832183,21.421174],[39.832273,21.421282],[39.833266,21.422326],[39.83351,21.422555],[39.833692,21.42261],[39.833898,21.422641],[39.834238,21.422617],[39.834413,21.422597],[39.834643,21.422554],[39.842963,21.421445],[39.843901,21.421349],[39.844575,21.421303],[39.845233,21.42127],[39.846332,21.421259],[39.847368,21.421227],[39.847802,21.421211],[39.848334,21.421188],[39.849191,21.421167],[39.850454,21.421049],[39.851183,21.420947],[39.851521,21.420819],[39.851827,21.42067],[39.852143,21.420443],[39.852385,21.420171],[39.853182,21.4192],[39.853454,21.418683],[39.853662,21.418375],[39.854049,21.41786],[39.854388,21.417419],[39.854815,21.416871],[39.854832,21.41685],[39.855039,21.416754],[39.856199,21.415212],[39.856915,21.414028],[39.857548,21.412983],[39.859613,21.409567],[39.860347,21.408343],[39.861218,21.406891],[39.861848,21.405711],[39.862293,21.404805],[39.862648,21.403944],[39.863146,21.402736],[39.864457,21.399575],[39.864667,21.399101],[39.865353,21.397787],[39.865604,21.397353],[39.865839,21.397027],[39.866002,21.396835],[39.866639,21.39624],[39.867089,21.395886],[39.869109,21.394312],[39.87078,21.393016],[39.871413,21.392421],[39.871914,21.39181],[39.87245,21.39099],[39.872511,21.39085],[39.872815,21.390147],[39.873089,21.389359],[39.873632,21.387748],[39.873794,21.387223],[39.87407,21.386327],[39.874115,21.385744],[39.874141,21.385156],[39.874177,21.384349],[39.87425,21.384097],[39.874324,21.383912],[39.874375,21.383782],[39.875494,21.384124],[39.875621,21.384163],[39.877628,21.384792],[39.877799,21.384845],[39.881188,21.385907],[39.881609,21.386039],[39.883944,21.386745],[39.885585,21.38727],[39.886236,21.387469],[39.888263,21.388099],[39.889419,21.388485],[39.889529,21.388522],[39.890503,21.388827],[39.892548,21.38947],[39.892976,21.389646],[39.893288,21.389775],[39.893949,21.389932],[39.894388,21.390017],[39.894603,21.390012],[39.895011,21.390022],[39.896599,21.389807],[39.897783,21.38963],[39.898315,21.389587],[39.898723,21.389502],[39.898959,21.389404],[39.899363,21.389162],[39.899572,21.388916],[39.899647,21.388823],[39.899738,21.388711],[39.900204,21.388081],[39.90045,21.387688],[39.901347,21.386056],[39.901491,21.385591],[39.901518,21.385428],[39.901502,21.385248],[39.901443,21.385013],[39.901303,21.384842],[39.901105,21.384753],[39.900836,21.384717],[39.900558,21.384773],[39.900375,21.384898],[39.900247,21.385043],[39.900188,21.385198],[39.900166,21.385406],[39.900203,21.385591],[39.900341,21.385945],[39.902134,21.388293],[39.903467,21.39016],[39.904777,21.391926],[39.906077,21.393658],[39.908527,21.39692],[39.90976,21.398562],[39.910401,21.399415],[39.910873,21.399891],[39.911066,21.400051],[39.911393,21.400286],[39.91186,21.40052],[39.912342,21.400695],[39.913266,21.4011],[39.913528,21.401256],[39.913853,21.401385]]}",Admin,a8d362b4-3090-46d4-a937-1a8d863ad798,مشارق المتميزة,17,2026-05-12 14:01:50,2026-05-12 14:01:50
019e1c7e-7683-721f-9ffb-40bd15592f68,2,00:00,03:59,فترة ثانية,20,2301,8b2033c0-197e-43d7-935a-c37e5ac86561,تروية,48a174b1-0445-44d5-8d15-f6b484620b5d,ترددي,2214b63a-70fc-4e0d-a01e-a4e7cf4e7673,مدخل الترددي 2 - منى,9aa073f0-d1f6-4c34-bfab-e657967b79e1,331,شارع 608,bus_warehouse,646b18f1-18fc-4ce2-b471-ce297eaaa9e4,ترددي 2,bus_warehouse,646b18f1-18fc-4ce2-b471-ce297eaaa9e4,ترددي 2,,,residence,شركة الماسة الخاصة المحدودة,camp,15/608,"{""type"":""LineString"",""coordinates"":[[39.848341,21.431896],[39.848204,21.432251],[39.848639,21.432409],[39.849222,21.432644],[39.849447,21.43246],[39.849924,21.432152],[39.850223,21.432009],[39.850569,21.431846],[39.85127,21.431556],[39.851797,21.431288],[39.852096,21.431109],[39.85236,21.430894],[39.853159,21.430049],[39.853339,21.429859],[39.853562,21.429624],[39.853914,21.429253],[39.854323,21.428883],[39.854714,21.428543],[39.855154,21.42816],[39.855576,21.427793],[39.856134,21.427285],[39.856323,21.427072],[39.856561,21.426867],[39.856717,21.426548],[39.856807,21.426235],[39.856788,21.425604],[39.856715,21.425078],[39.856551,21.424078],[39.856519,21.423903],[39.856393,21.42305],[39.856339,21.422512],[39.856352,21.422095],[39.856419,21.421808],[39.856519,21.421544],[39.856673,21.421301],[39.85681,21.421127],[39.857462,21.420392],[39.857587,21.420266],[39.858297,21.419511],[39.858366,21.419438],[39.858916,21.418816],[39.859453,21.418242],[39.860483,21.417098],[39.861377,21.416104],[39.862745,21.414626],[39.862825,21.414546],[39.86331,21.414048],[39.86555,21.411751],[39.866513,21.410762],[39.868553,21.408657],[39.869613,21.407562],[39.869889,21.407322],[39.870641,21.406779],[39.873129,21.404971],[39.873921,21.404413],[39.874476,21.404014],[39.874835,21.403755],[39.875046,21.403601],[39.87569,21.40313],[39.876679,21.402412],[39.87737,21.401909],[39.878002,21.401518],[39.878144,21.401442],[39.878392,21.401307],[39.879401,21.400847],[39.883366,21.399037],[39.884426,21.398552],[39.885932,21.397834],[39.887662,21.397056],[39.89015,21.395924],[39.892381,21.394909],[39.893021,21.394575],[39.893456,21.394283],[39.893609,21.394158],[39.893721,21.394066],[39.894165,21.393702],[39.894773,21.393204],[39.896259,21.391933],[39.897172,21.391133],[39.899133,21.389417],[39.899363,21.389162],[39.899572,21.388916],[39.899647,21.388823],[39.899738,21.388711],[39.900204,21.388081],[39.90045,21.387688],[39.901347,21.386056],[39.901491,21.385591],[39.901518,21.385428],[39.901502,21.385248],[39.901443,21.385013],[39.901303,21.384842],[39.901105,21.384753],[39.900836,21.384717],[39.900558,21.384773],[39.900375,21.384898],[39.900247,21.385043],[39.900188,21.385198],[39.900166,21.385406],[39.900203,21.385591],[39.900341,21.385945],[39.902134,21.388293],[39.903467,21.39016],[39.904777,21.391926],[39.906077,21.393658],[39.908527,21.39692],[39.90976,21.398562],[39.910401,21.399415],[39.910873,21.399891],[39.911066,21.400051],[39.911393,21.400286],[39.91186,21.40052],[39.912342,21.400695],[39.913266,21.4011],[39.913528,21.401256],[39.913853,21.401385]]}",Admin,a8d362b4-3090-46d4-a937-1a8d863ad798,مشارق المتميزة,11,2026-05-12 14:01:50,2026-05-12 14:01:50
019e1c7e-7431-70cc-b296-8e338e2e6d8a,3,04:00,08:00,فترة ثالثة,15,2899,8b2033c0-197e-43d7-935a-c37e5ac86561,تروية,48a174b1-0445-44d5-8d15-f6b484620b5d,ترددي,2214b63a-70fc-4e0d-a01e-a4e7cf4e7673,مدخل الترددي 2 - منى,b4d1b8af-8e81-4082-8f67-0a3cac8e0e0c,317,شارع 613,bus_warehouse,646b18f1-18fc-4ce2-b471-ce297eaaa9e4,ترددي 2,bus_warehouse,646b18f1-18fc-4ce2-b471-ce297eaaa9e4,ترددي 2,,,residence,فندق الجاد المحبس الفندقية وقف الشيخ امين عمر جاد يرحمه الله,camp,8/613,"{""type"":""LineString"",""coordinates"":[[39.847661,21.422685],[39.848429,21.42268],[39.848413,21.422232],[39.848432,21.422232],[39.849584,21.42224],[39.851821,21.422306],[39.853073,21.422363],[39.853911,21.422427],[39.855464,21.4227],[39.855572,21.421658],[39.855664,21.421465],[39.855726,21.421199],[39.855722,21.42109],[39.855666,21.420944],[39.855526,21.420785],[39.855253,21.42039],[39.854591,21.419346],[39.85444,21.419133],[39.85425,21.418837],[39.854149,21.418744],[39.85392,21.418589],[39.853838,21.41854],[39.853712,21.418472],[39.85381,21.418326],[39.854136,21.417924],[39.854526,21.41742],[39.855039,21.416754],[39.856199,21.415212],[39.856915,21.414028],[39.857548,21.412983],[39.859613,21.409567],[39.860347,21.408343],[39.861218,21.406891],[39.861848,21.405711],[39.862293,21.404805],[39.862648,21.403944],[39.863146,21.402736],[39.864457,21.399575],[39.864667,21.399101],[39.865353,21.397787],[39.865604,21.397353],[39.865839,21.397027],[39.866002,21.396835],[39.866639,21.39624],[39.867089,21.395886],[39.869109,21.394312],[39.87078,21.393016],[39.871413,21.392421],[39.871914,21.39181],[39.87245,21.39099],[39.872511,21.39085],[39.872815,21.390147],[39.873089,21.389359],[39.873632,21.387748],[39.873794,21.387223],[39.87407,21.386327],[39.874115,21.385744],[39.874141,21.385156],[39.874177,21.384349],[39.87425,21.384097],[39.874324,21.383912],[39.874375,21.383782],[39.875494,21.384124],[39.875621,21.384163],[39.877628,21.384792],[39.877799,21.384845],[39.881188,21.385907],[39.881609,21.386039],[39.883944,21.386745],[39.885585,21.38727],[39.886236,21.387469],[39.888263,21.388099],[39.889419,21.388485],[39.889529,21.388522],[39.890503,21.388827],[39.892548,21.38947],[39.892976,21.389646],[39.893288,21.389775],[39.893949,21.389932],[39.894388,21.390017],[39.894603,21.390012],[39.895011,21.390022],[39.896599,21.389807],[39.897783,21.38963],[39.898315,21.389587],[39.898723,21.389502],[39.898959,21.389404],[39.899363,21.389162],[39.899572,21.388916],[39.899647,21.388823],[39.899738,21.388711],[39.900204,21.388081],[39.90045,21.387688],[39.901347,21.386056],[39.901491,21.385591],[39.901518,21.385428],[39.901502,21.385248],[39.901443,21.385013],[39.901303,21.384842],[39.901105,21.384753],[39.900836,21.384717],[39.900558,21.384773],[39.900375,21.384898],[39.900247,21.385043],[39.900188,21.385198],[39.900166,21.385406],[39.900203,21.385591],[39.900341,21.385945],[39.902134,21.388293],[39.903467,21.39016],[39.904777,21.391926],[39.906077,21.393658],[39.908527,21.39692],[39.90976,21.398562],[39.910401,21.399415],[39.910873,21.399891],[39.911066,21.400051],[39.911393,21.400286],[39.91186,21.40052],[39.912342,21.400695],[39.913266,21.4011],[39.913528,21.401256],[39.913853,21.401385]]}",Admin,855f0bca-948d-43a9-9377-5ab3eb5e8409,مشارق الماسية,76,2026-05-12 14:01:49,2026-05-12 14:01:49
019e1c7e-7340-71c1-87d7-f55fbc776356,3,04:00,08:00,فترة ثالثة,15,1914,8b2033c0-197e-43d7-935a-c37e5ac86561,تروية,9fc47c58-d9e9-45e0-9d66-6da9f5c4fc85,قطار,ede61c28-c746-4cfa-a67b-19eb13385d55,مدخل طريق سوق العرب - الدائري الرابع,a1716a21-5d76-4a53-80b4-f2ee9fee4aee,366,شارع 510,parking,4b152c54-b526-49fb-86d9-409334589cfb,الاسناد القطار,parking,4b152c54-b526-49fb-86d9-409334589cfb,الاسناد القطار,,,residence,شركة اصيل الهيبة لتشغيل الفنادق,camp,8/510,"{""type"":""LineString"",""coordinates"":[[39.827967,21.416659],[39.828007,21.41679],[39.828076,21.417017],[39.8285,21.416933],[39.828573,21.416917],[39.828798,21.416844],[39.829045,21.416713],[39.829337,21.416677],[39.829786,21.416694],[39.830732,21.416554],[39.831377,21.416384],[39.831718,21.416278],[39.832033,21.416152],[39.838227,21.412896],[39.838921,21.412402],[39.83955,21.411899],[39.840154,21.41138],[39.841104,21.4104],[39.841448,21.41001],[39.842328,21.408941],[39.842812,21.408322],[39.84304,21.40803],[39.846588,21.403952],[39.84699,21.403319],[39.847287,21.402708],[39.847522,21.401979],[39.847675,21.400866],[39.847757,21.400379],[39.847936,21.398697],[39.848087,21.398091],[39.848194,21.397813],[39.848526,21.397184],[39.848715,21.396921],[39.848992,21.396578],[39.849437,21.396111],[39.849685,21.395914],[39.849987,21.395705],[39.850241,21.39555],[39.850696,21.395318],[39.851103,21.395121],[39.852866,21.39428],[39.85336,21.394031],[39.853855,21.39375],[39.854267,21.393467],[39.85464,21.393184],[39.854897,21.39296],[39.855798,21.391964],[39.856536,21.391178],[39.85912,21.388568],[39.862032,21.385524],[39.863018,21.384644],[39.863957,21.384037],[39.86448,21.383738],[39.865047,21.383474],[39.865891,21.383149],[39.866999,21.382837],[39.867992,21.382698],[39.868715,21.382637],[39.869226,21.382632],[39.870011,21.382663],[39.870534,21.38271],[39.871031,21.382805],[39.872226,21.383094],[39.872622,21.383189],[39.87341,21.383495],[39.874256,21.383747],[39.874375,21.383782],[39.875494,21.384124],[39.875621,21.384163],[39.877628,21.384792],[39.877799,21.384845],[39.881188,21.385907],[39.881609,21.386039],[39.883944,21.386745],[39.885585,21.38727],[39.886236,21.387469],[39.888263,21.388099],[39.889419,21.388485],[39.889529,21.388522],[39.890503,21.388827],[39.892548,21.38947],[39.892976,21.389646],[39.893288,21.389775],[39.893949,21.389932],[39.894388,21.390017],[39.894603,21.390012],[39.895011,21.390022],[39.896599,21.389807],[39.897783,21.38963],[39.898315,21.389587],[39.898723,21.389502],[39.898959,21.389404],[39.899363,21.389162],[39.899572,21.388916],[39.899647,21.388823],[39.899738,21.388711],[39.900204,21.388081],[39.90045,21.387688],[39.901347,21.386056],[39.901491,21.385591],[39.901518,21.385428],[39.901502,21.385248],[39.901443,21.385013],[39.901303,21.384842],[39.901105,21.384753],[39.900836,21.384717],[39.900558,21.384773],[39.900375,21.384898],[39.900247,21.385043],[39.900188,21.385198],[39.900166,21.385406],[39.900203,21.385591],[39.900341,21.385945],[39.902134,21.388293],[39.903467,21.39016],[39.904777,21.391926],[39.906077,21.393658],[39.908527,21.39692],[39.90976,21.398562],[39.910401,21.399415],[39.910873,21.399891],[39.911066,21.400051],[39.911393,21.400286],[39.91186,21.40052],[39.912342,21.400695],[39.913266,21.4011],[39.913528,21.401256],[39.913652,21.40133],[39.914215,21.401769],[39.914778,21.402318],[39.915143,21.402768],[39.915394,21.403191],[39.915556,21.403522],[39.915706,21.403927],[39.915776,21.404331],[39.915798,21.404596],[39.915776,21.404921],[39.915739,21.40512],[39.915605,21.405525],[39.915444,21.40578],[39.915294,21.405941],[39.91495,21.406279],[39.914693,21.406429],[39.914186,21.406633],[39.9135,21.406632],[39.913094,21.406579],[39.912692,21.406449],[39.91236,21.406242],[39.912191,21.406137],[39.911826,21.405797],[39.911656,21.40556],[39.91149,21.405255],[39.911392,21.404933],[39.911351,21.404636],[39.91134,21.404156],[39.911284,21.403673],[39.911302,21.403357],[39.911257,21.402681],[39.91114,21.402043],[39.910943,21.40119],[39.91068,21.400436],[39.910315,21.39978],[39.909522,21.398673],[39.909249,21.398437]]}",Admin,855f0bca-948d-43a9-9377-5ab3eb5e8409,مشارق الماسية,612,2026-05-12 14:01:49,2026-05-12 14:01:49
019e1c7e-6c0e-72bb-b0c8-def457308c60,3,04:00,08:00,فترة ثالثة,20,4032,8b2033c0-197e-43d7-935a-c37e5ac86561,تروية,a0bc4dde-a22d-4d68-bf95-75f45d362d66,تقليدي رد,3544e355-bb3d-4f8f-9f94-86f9e427ef7e,مدخل طريق الملك عبدالله - المعيصم,90ee86a0-f6f1-4d6d-bdaf-e46ffeb5e913,10,شارع 631,parking,0dbf5e64-c219-4b75-8580-feb1d03a42ea,150-83,parking,0dbf5e64-c219-4b75-8580-feb1d03a42ea,150-83,,,residence,شركة إل بارون إل زهبي,camp,5/631,"{""type"":""LineString"",""coordinates"":[[39.790177,21.43558],[39.790171,21.435709],[39.790145,21.436312],[39.790119,21.436822],[39.790064,21.43777],[39.790018,21.438724],[39.790065,21.438807],[39.790179,21.438947],[39.790246,21.438977],[39.79042,21.438998],[39.791126,21.43879],[39.791813,21.438497],[39.791951,21.438433],[39.792581,21.438036],[39.792829,21.437869],[39.793066,21.437718],[39.793184,21.437646],[39.793256,21.437619],[39.793336,21.437619],[39.793367,21.437604],[39.793427,21.437557],[39.793593,21.437441],[39.793881,21.437266],[39.794359,21.436934],[39.794961,21.436573],[39.795128,21.436454],[39.796372,21.435667],[39.796658,21.435439],[39.797592,21.434701],[39.798656,21.433727],[39.79915,21.433281],[39.799606,21.432876],[39.799874,21.432707],[39.80018,21.432593],[39.800374,21.432549],[39.80078,21.432496],[39.802933,21.43225],[39.803519,21.43218],[39.807726,21.431886],[39.808415,21.431897],[39.808879,21.431932],[39.809847,21.432112],[39.810716,21.432343],[39.811341,21.432569],[39.811567,21.432664],[39.813455,21.433536],[39.814073,21.433828],[39.814319,21.43394],[39.815545,21.434493],[39.816909,21.435104],[39.81729,21.435256],[39.817505,21.435318],[39.817713,21.435357],[39.818279,21.435413],[39.818793,21.435364],[39.819236,21.435249],[39.819602,21.435093],[39.820008,21.434853],[39.820188,21.434711],[39.820366,21.434543],[39.820529,21.434352],[39.820933,21.433905],[39.821109,21.433744],[39.82204,21.432987],[39.822531,21.432619],[39.823084,21.432293],[39.823847,21.431891],[39.824194,21.431761],[39.824612,21.43165],[39.825042,21.431576],[39.825724,21.431535],[39.826204,21.431503],[39.826644,21.431419],[39.827134,21.431362],[39.827878,21.431318],[39.828202,21.431279],[39.828437,21.431261],[39.828566,21.431299],[39.828651,21.431358],[39.828718,21.431405],[39.828768,21.431505],[39.828793,21.431792],[39.828862,21.432072],[39.829024,21.432481],[39.829234,21.433091],[39.829322,21.433357],[39.829692,21.434225],[39.829898,21.434626],[39.830648,21.435771],[39.831049,21.436301],[39.831387,21.43672],[39.831828,21.437183],[39.832105,21.437477],[39.832876,21.438218],[39.833056,21.438369],[39.833477,21.438676],[39.83449,21.439608],[39.834725,21.439775],[39.835097,21.439958],[39.835535,21.440036],[39.835633,21.44003],[39.83587,21.440014],[39.83608,21.440017],[39.836335,21.439992],[39.836481,21.439992],[39.836576,21.439992],[39.837051,21.440007],[39.837648,21.440052],[39.838387,21.440111],[39.839121,21.440179],[39.839382,21.440225],[39.839586,21.440253],[39.84036,21.440324],[39.841393,21.440367],[39.841808,21.440362],[39.842835,21.440308],[39.843563,21.440207],[39.844756,21.439985],[39.846013,21.439761],[39.847718,21.439446],[39.848404,21.439285],[39.848747,21.439216],[39.850317,21.438848],[39.850575,21.438785],[39.851709,21.438514],[39.852697,21.438318],[39.853281,21.438263],[39.853635,21.438268],[39.854259,21.438326],[39.854843,21.438465],[39.855366,21.438671],[39.855481,21.438745],[39.856021,21.439073],[39.856447,21.439421],[39.856801,21.439807],[39.857129,21.440198],[39.857837,21.441325],[39.857946,21.441498],[39.858185,21.441877],[39.858845,21.443027],[39.858996,21.443241],[39.859553,21.444105],[39.859698,21.444287],[39.86018,21.444895],[39.860947,21.445822],[39.862737,21.447975],[39.864304,21.449796],[39.865196,21.450778],[39.865728,21.451285],[39.866387,21.451797],[39.866866,21.452109],[39.867317,21.452397],[39.867782,21.452646],[39.86814,21.452819],[39.868655,21.453054],[39.869473,21.453356],[39.869862,21.453518],[39.870781,21.453746],[39.875985,21.45484],[39.877029,21.455181],[39.877947,21.455643],[39.880643,21.457552],[39.880992,21.457745],[39.881633,21.458099],[39.883265,21.458741],[39.884219,21.459124],[39.884635,21.45929],[39.885551,21.459563],[39.885867,21.459657],[39.886812,21.459879],[39.887736,21.459902],[39.888228,21.459886],[39.889004,21.459835],[39.889691,21.459763],[39.890504,21.459632],[39.891212,21.459457],[39.891896,21.45921],[39.893023,21.458744],[39.893574,21.458563],[39.894874,21.458052],[39.895475,21.457709],[39.895842,21.457417],[39.896222,21.457028],[39.896445,21.456687],[39.896869,21.455477],[39.896905,21.455364],[39.897496,21.453317],[39.89779,21.452296],[39.898702,21.449522],[39.90065,21.443207],[39.90091,21.442368],[39.900977,21.442153],[39.901083,21.441809],[39.901649,21.439958],[39.902038,21.4387],[39.902588,21.43692],[39.903825,21.432942],[39.904039,21.432138],[39.904114,21.431599],[39.904098,21.431144],[39.903967,21.43058],[39.903919,21.430524]]}",Admin,855f0bca-948d-43a9-9377-5ab3eb5e8409,مشارق الماسية,705,2026-05-12 14:01:47,2026-05-12 14:01:47
019e1c7e-6b0c-713f-b4ac-324019d7fda7,1,20:00,23:59,فترة اولى,15,1762,8b2033c0-197e-43d7-935a-c37e5ac86561,تروية,9fc47c58-d9e9-45e0-9d66-6da9f5c4fc85,قطار,ede61c28-c746-4cfa-a67b-19eb13385d55,مدخل طريق سوق العرب - الدائري الرابع,620d7891-c50e-4a83-b396-3e909b97f2a3,367,شارع 508,parking,4b152c54-b526-49fb-86d9-409334589cfb,الاسناد القطار,parking,4b152c54-b526-49fb-86d9-409334589cfb,الاسناد القطار,,,residence,شركة إل بارون إل زهبي,camp,5/508,"{""type"":""LineString"",""coordinates"":[[39.790177,21.43558],[39.790171,21.435709],[39.790145,21.436312],[39.790119,21.436822],[39.790064,21.43777],[39.790018,21.438724],[39.790065,21.438807],[39.790179,21.438947],[39.790246,21.438977],[39.79042,21.438998],[39.791126,21.43879],[39.791813,21.438497],[39.791951,21.438433],[39.792581,21.438036],[39.792829,21.437869],[39.793066,21.437718],[39.793184,21.437646],[39.793256,21.437619],[39.793336,21.437619],[39.793367,21.437604],[39.793427,21.437557],[39.793593,21.437441],[39.793881,21.437266],[39.794359,21.436934],[39.794961,21.436573],[39.795128,21.436454],[39.796372,21.435667],[39.796658,21.435439],[39.797592,21.434701],[39.798656,21.433727],[39.79915,21.433281],[39.799606,21.432876],[39.799874,21.432707],[39.80018,21.432593],[39.800374,21.432549],[39.80078,21.432496],[39.802933,21.43225],[39.803519,21.43218],[39.807726,21.431886],[39.808415,21.431897],[39.808879,21.431932],[39.809847,21.432112],[39.810716,21.432343],[39.811341,21.432569],[39.811567,21.432664],[39.813455,21.433536],[39.814073,21.433828],[39.814319,21.43394],[39.815545,21.434493],[39.816909,21.435104],[39.81729,21.435256],[39.817505,21.435318],[39.817713,21.435357],[39.818279,21.435413],[39.818793,21.435364],[39.819236,21.435249],[39.819602,21.435093],[39.820008,21.434853],[39.820188,21.434711],[39.820366,21.434543],[39.820529,21.434352],[39.820933,21.433905],[39.821109,21.433744],[39.82204,21.432987],[39.822531,21.432619],[39.823084,21.432293],[39.823847,21.431891],[39.824194,21.431761],[39.824612,21.43165],[39.825042,21.431576],[39.825724,21.431535],[39.826204,21.431503],[39.826644,21.431419],[39.827134,21.431362],[39.827878,21.431318],[39.828202,21.431279],[39.828437,21.431261],[39.828566,21.431299],[39.828651,21.431358],[39.828718,21.431405],[39.828768,21.431505],[39.828793,21.431792],[39.828862,21.432072],[39.829024,21.432481],[39.829234,21.433091],[39.829322,21.433357],[39.829692,21.434225],[39.829898,21.434626],[39.830648,21.435771],[39.831049,21.436301],[39.831387,21.43672],[39.831828,21.437183],[39.832105,21.437477],[39.832876,21.438218],[39.833056,21.438369],[39.833477,21.438676],[39.83449,21.439608],[39.834725,21.439775],[39.835097,21.439958],[39.835535,21.440036],[39.835633,21.44003],[39.83587,21.440014],[39.83608,21.440017],[39.836335,21.439992],[39.836481,21.439992],[39.836576,21.439992],[39.837051,21.440007],[39.837648,21.440052],[39.838387,21.440111],[39.839121,21.440179],[39.839382,21.440225],[39.839586,21.440253],[39.84036,21.440324],[39.841393,21.440367],[39.841808,21.440362],[39.842835,21.440308],[39.843563,21.440207],[39.844756,21.439985],[39.846013,21.439761],[39.847718,21.439446],[39.848404,21.439285],[39.848747,21.439216],[39.850317,21.438848],[39.850575,21.438785],[39.851709,21.438514],[39.852697,21.438318],[39.853281,21.438263],[39.853635,21.438268],[39.854259,21.438326],[39.854843,21.438465],[39.855366,21.438671],[39.855481,21.438745],[39.856021,21.439073],[39.856447,21.439421],[39.856801,21.439807],[39.857129,21.440198],[39.857837,21.441325],[39.857946,21.441498],[39.858185,21.441877],[39.858845,21.443027],[39.858996,21.443241],[39.859553,21.444105],[39.859698,21.444287],[39.86018,21.444895],[39.860947,21.445822],[39.862737,21.447975],[39.864304,21.449796],[39.865196,21.450778],[39.865728,21.451285],[39.866387,21.451797],[39.866866,21.452109],[39.867317,21.452397],[39.867782,21.452646],[39.86814,21.452819],[39.868655,21.453054],[39.869473,21.453356],[39.869862,21.453518],[39.870781,21.453746],[39.875985,21.45484],[39.877029,21.455181],[39.877947,21.455643],[39.880643,21.457552],[39.880992,21.457745],[39.881633,21.458099],[39.883265,21.458741],[39.884219,21.459124],[39.884635,21.45929],[39.885551,21.459563],[39.885867,21.459657],[39.886812,21.459879],[39.887736,21.459902],[39.888228,21.459886],[39.889004,21.459835],[39.889691,21.459763],[39.890504,21.459632],[39.891212,21.459457],[39.891896,21.45921],[39.893023,21.458744],[39.893574,21.458563],[39.894874,21.458052],[39.895475,21.457709],[39.895842,21.457417],[39.896222,21.457028],[39.896445,21.456687],[39.896869,21.455477],[39.896905,21.455364],[39.897496,21.453317],[39.897974,21.452359],[39.89981,21.446587],[39.90052,21.444304],[39.902869,21.436598],[39.905729,21.427492],[39.907338,21.422403],[39.907834,21.420764],[39.908039,21.419927],[39.908217,21.419027],[39.908796,21.415399],[39.909448,21.412381],[39.909801,21.410742],[39.910417,21.407867],[39.910744,21.406484],[39.91107,21.404995],[39.911263,21.404045],[39.911284,21.403673],[39.911302,21.403357],[39.911257,21.402681],[39.91114,21.402043],[39.910943,21.40119],[39.91068,21.400436],[39.910315,21.39978],[39.909522,21.398673],[39.909249,21.398437]]}",Admin,855f0bca-948d-43a9-9377-5ab3eb5e8409,مشارق الماسية,609,2026-05-12 14:01:47,2026-05-12 14:01:47
019e1c7e-668d-71d4-bf0b-1390e489aeb0,3,04:00,08:00,فترة ثالثة,15,2262,8b2033c0-197e-43d7-935a-c37e5ac86561,تروية,a0bc4dde-a22d-4d68-bf95-75f45d362d66,تقليدي رد,c9b6a08b-9db3-4cc8-bfba-162d2ee1544f,مدخل طريق الملك عبدالله - العزيزية,526da403-7c77-423d-a49e-c9c98f380b47,162,شارع 68,parking,0dbf5e64-c219-4b75-8580-feb1d03a42ea,150-83,parking,0dbf5e64-c219-4b75-8580-feb1d03a42ea,150-83,,,residence,أنوار ضيافة الفندقية,camp,33/68,"{""type"":""LineString"",""coordinates"":[[39.830287,21.420689],[39.830672,21.420741],[39.830929,21.420773],[39.831535,21.420838],[39.83191,21.420945],[39.832039,21.421015],[39.832183,21.421174],[39.832273,21.421282],[39.833266,21.422326],[39.83351,21.422555],[39.833692,21.42261],[39.833898,21.422641],[39.834238,21.422617],[39.834413,21.422597],[39.834643,21.422554],[39.842963,21.421445],[39.843901,21.421349],[39.844575,21.421303],[39.845233,21.42127],[39.846332,21.421259],[39.847368,21.421227],[39.847802,21.421211],[39.848334,21.421188],[39.849191,21.421167],[39.850454,21.421049],[39.851183,21.420947],[39.851521,21.420819],[39.851827,21.42067],[39.852143,21.420443],[39.852385,21.420171],[39.853182,21.4192],[39.853454,21.418683],[39.853662,21.418375],[39.854049,21.41786],[39.854388,21.417419],[39.854815,21.416871],[39.854832,21.41685],[39.855039,21.416754],[39.856199,21.415212],[39.856915,21.414028],[39.857548,21.412983],[39.859613,21.409567],[39.860347,21.408343],[39.861218,21.406891],[39.861848,21.405711],[39.862293,21.404805],[39.862648,21.403944],[39.863146,21.402736],[39.864457,21.399575],[39.864667,21.399101],[39.865353,21.397787],[39.865604,21.397353],[39.865839,21.397027],[39.866002,21.396835],[39.866639,21.39624],[39.867089,21.395886],[39.869109,21.394312],[39.87078,21.393016],[39.871413,21.392421],[39.871914,21.39181],[39.87245,21.39099],[39.872511,21.39085],[39.872815,21.390147],[39.873089,21.389359],[39.873632,21.387748],[39.873794,21.387223],[39.87407,21.386327],[39.874115,21.385744],[39.874141,21.385156],[39.87435,21.384466],[39.874406,21.384327],[39.874475,21.384217],[39.874577,21.384167],[39.874671,21.384162],[39.874872,21.38419],[39.875036,21.384267],[39.875103,21.384342],[39.875149,21.384429],[39.875162,21.384517],[39.875135,21.384632],[39.874937,21.385255],[39.874524,21.385901],[39.87417,21.386626],[39.873912,21.387434],[39.873864,21.387944],[39.873808,21.388107],[39.873629,21.388677],[39.873994,21.388795],[39.876326,21.389517],[39.877948,21.390034],[39.878779,21.390299],[39.878926,21.390339],[39.879114,21.390389],[39.879558,21.390607],[39.880854,21.391498],[39.881567,21.392007],[39.882011,21.392538],[39.882065,21.39262],[39.882396,21.393125],[39.882444,21.393197],[39.882514,21.393265],[39.882609,21.393289],[39.882868,21.393262],[39.883076,21.393244],[39.88309,21.39336],[39.883151,21.393861],[39.883281,21.394359],[39.883387,21.394766],[39.883451,21.394994],[39.883531,21.39521]]}",Admin,855f0bca-948d-43a9-9377-5ab3eb5e8409,مشارق الماسية,704,2026-05-12 14:01:46,2026-05-12 14:01:46
019e1c7e-6418-731b-bef0-9a31596a88b6,2,00:00,03:59,فترة ثانية,15,1496,8b2033c0-197e-43d7-935a-c37e5ac86561,تروية,48a174b1-0445-44d5-8d15-f6b484620b5d,ترددي,2214b63a-70fc-4e0d-a01e-a4e7cf4e7673,مدخل الترددي 2 - منى,b85cbe80-220e-477c-b6a9-0bb1ab0f928a,531,شارع 613,bus_warehouse,646b18f1-18fc-4ce2-b471-ce297eaaa9e4,ترددي 2,bus_warehouse,646b18f1-18fc-4ce2-b471-ce297eaaa9e4,ترددي 2,,,residence,شركة الطور 5,camp,3/613,"{""type"":""LineString"",""coordinates"":[[39.884613,21.399908],[39.884775,21.399832],[39.884971,21.399741],[39.885011,21.399692],[39.884995,21.399486],[39.884856,21.399313],[39.884781,21.399204],[39.884501,21.398696],[39.884426,21.398552],[39.885932,21.397834],[39.887662,21.397056],[39.89015,21.395924],[39.892381,21.394909],[39.893021,21.394575],[39.893456,21.394283],[39.893609,21.394158],[39.893721,21.394066],[39.894165,21.393702],[39.894773,21.393204],[39.896259,21.391933],[39.897172,21.391133],[39.899133,21.389417],[39.899363,21.389162],[39.899572,21.388916],[39.899647,21.388823],[39.899738,21.388711],[39.900204,21.388081],[39.90045,21.387688],[39.901347,21.386056],[39.901491,21.385591],[39.901518,21.385428],[39.901502,21.385248],[39.901443,21.385013],[39.901303,21.384842],[39.901105,21.384753],[39.900836,21.384717],[39.900558,21.384773],[39.900375,21.384898],[39.900247,21.385043],[39.900188,21.385198],[39.900166,21.385406],[39.900203,21.385591],[39.900341,21.385945],[39.902134,21.388293],[39.903467,21.39016],[39.904777,21.391926],[39.906077,21.393658],[39.908527,21.39692],[39.90976,21.398562],[39.910401,21.399415],[39.910873,21.399891],[39.911066,21.400051],[39.911393,21.400286],[39.91186,21.40052],[39.912342,21.400695],[39.913266,21.4011],[39.913528,21.401256],[39.913853,21.401385]]}",Admin,855f0bca-948d-43a9-9377-5ab3eb5e8409,مشارق الماسية,80,2026-05-12 14:01:45,2026-05-12 14:01:45
019e1c7e-5f29-703a-b384-987d26c309e3,2,00:00,03:59,فترة ثانية,15,1612,8b2033c0-197e-43d7-935a-c37e5ac86561,تروية,48a174b1-0445-44d5-8d15-f6b484620b5d,ترددي,4e968379-67ed-4221-903f-e7351145b578,مدخل الترددي 1 - منى,e4d78442-57c6-4bd5-b839-7959ad2e210c,585,شارع 425,bus_warehouse,78d92381-0800-44ed-ad7b-9ff92b62e4b6,ترددي 1,bus_warehouse,78d92381-0800-44ed-ad7b-9ff92b62e4b6,ترددي 1,,,residence,شركة الخيمة لتشغيل الفنادق,camp,2/425,"{""type"":""LineString"",""coordinates"":[[39.793075,21.42455],[39.793628,21.424621],[39.793799,21.424623],[39.794299,21.424595],[39.795987,21.424392],[39.796652,21.424307],[39.796911,21.424251],[39.797347,21.424098],[39.797873,21.423911],[39.798012,21.423863],[39.798564,21.423674],[39.798991,21.423526],[39.801781,21.422521],[39.802388,21.422375],[39.802672,21.422327],[39.80289,21.422308],[39.803555,21.422291],[39.804068,21.42237],[39.804903,21.422555],[39.805273,21.422687],[39.806698,21.4231],[39.808503,21.423408],[39.809005,21.423496],[39.810004,21.423673],[39.812704,21.424079],[39.81389,21.424253],[39.81416,21.424288],[39.814583,21.424301],[39.8149,21.424294],[39.816324,21.424159],[39.817715,21.424025],[39.817839,21.424015],[39.818018,21.424003],[39.818758,21.423956],[39.819167,21.423893],[39.819468,21.423825],[39.819616,21.423779],[39.819737,21.423712],[39.82102,21.422308],[39.821255,21.422148],[39.821521,21.422043],[39.8218,21.42196],[39.822147,21.421864],[39.822382,21.421761],[39.822573,21.421647],[39.822791,21.421489],[39.823573,21.420862],[39.823754,21.420759],[39.824375,21.420476],[39.824726,21.420372],[39.825105,21.420284],[39.825955,21.420176],[39.826362,21.420149],[39.826554,21.420136],[39.826763,21.420141],[39.827464,21.420235],[39.828747,21.420466],[39.829051,21.420521],[39.829896,21.420637],[39.830672,21.420741],[39.830929,21.420773],[39.831535,21.420838],[39.83191,21.420945],[39.832039,21.421015],[39.832183,21.421174],[39.832273,21.421282],[39.833266,21.422326],[39.83351,21.422555],[39.833692,21.42261],[39.833898,21.422641],[39.834238,21.422617],[39.834413,21.422597],[39.834643,21.422554],[39.842963,21.421445],[39.843901,21.421349],[39.844575,21.421303],[39.845233,21.42127],[39.846332,21.421259],[39.847368,21.421227],[39.847802,21.421211],[39.848334,21.421188],[39.849191,21.421167],[39.850454,21.421049],[39.851183,21.420947],[39.851521,21.420819],[39.851827,21.42067],[39.852143,21.420443],[39.852385,21.420171],[39.853182,21.4192],[39.853454,21.418683],[39.853662,21.418375],[39.854049,21.41786],[39.854388,21.417419],[39.854815,21.416871],[39.854832,21.41685],[39.855039,21.416754],[39.856199,21.415212],[39.856915,21.414028],[39.857548,21.412983],[39.859613,21.409567],[39.860347,21.408343],[39.861218,21.406891],[39.861848,21.405711],[39.862293,21.404805],[39.862648,21.403944],[39.863146,21.402736],[39.864457,21.399575],[39.864667,21.399101],[39.865353,21.397787],[39.865604,21.397353],[39.865839,21.397027],[39.866002,21.396835],[39.866639,21.39624],[39.867089,21.395886],[39.869109,21.394312],[39.87078,21.393016],[39.871413,21.392421],[39.871914,21.39181],[39.87245,21.39099],[39.872511,21.39085],[39.872815,21.390147],[39.873089,21.389359],[39.873632,21.387748],[39.873794,21.387223],[39.87407,21.386327],[39.874115,21.385744],[39.874141,21.385156],[39.874177,21.384349],[39.87425,21.384097],[39.874324,21.383912],[39.874375,21.383782],[39.875494,21.384124],[39.875621,21.384163],[39.877628,21.384792],[39.877799,21.384845],[39.881188,21.385907],[39.881609,21.386039],[39.883944,21.386745],[39.885585,21.38727],[39.886236,21.387469],[39.888263,21.388099],[39.889419,21.388485],[39.889529,21.388522],[39.890503,21.388827],[39.892548,21.38947],[39.892976,21.389646],[39.893288,21.389775],[39.893949,21.389932],[39.894388,21.390017],[39.894603,21.390012],[39.895011,21.390022],[39.896599,21.389807],[39.897783,21.38963],[39.898315,21.389587],[39.898723,21.389502],[39.898959,21.389404],[39.899363,21.389162],[39.899572,21.388916],[39.899647,21.388823],[39.899738,21.388711],[39.900204,21.388081],[39.90045,21.387688],[39.901347,21.386056],[39.901491,21.385591],[39.901518,21.385428],[39.901502,21.385248],[39.901443,21.385013],[39.901303,21.384842],[39.901105,21.384753],[39.900836,21.384717],[39.900558,21.384773],[39.900375,21.384898],[39.900247,21.385043],[39.900188,21.385198],[39.900166,21.385406],[39.900203,21.385591],[39.900341,21.385945],[39.902134,21.388293],[39.903467,21.39016],[39.904777,21.391926],[39.906077,21.393658],[39.908527,21.39692],[39.90976,21.398562],[39.910401,21.399415],[39.911031,21.400316],[39.911549,21.401261],[39.911872,21.402078],[39.912199,21.403295],[39.912263,21.404103],[39.912291,21.404463],[39.912243,21.40527],[39.912039,21.406224],[39.911342,21.40799],[39.91131,21.408071],[39.911269,21.408174],[39.910998,21.408861],[39.910953,21.408975]]}",Admin,855f0bca-948d-43a9-9377-5ab3eb5e8409,مشارق الماسية,803,2026-05-12 14:01:44,2026-05-12 14:01:44
019e1c7e-5d0f-73c3-a41d-c4baf0268516,1,20:00,23:59,فترة اولى,15,1766,8b2033c0-197e-43d7-935a-c37e5ac86561,تروية,48a174b1-0445-44d5-8d15-f6b484620b5d,ترددي,4e968379-67ed-4221-903f-e7351145b578,مدخل الترددي 1 - منى,c1ed2618-bb47-4086-98e5-3206a92f019f,600,شارع 406,bus_warehouse,78d92381-0800-44ed-ad7b-9ff92b62e4b6,ترددي 1,bus_warehouse,78d92381-0800-44ed-ad7b-9ff92b62e4b6,ترددي 1,,,residence,شركة التطوير الحضري للاعمال شركة شخص واحد,camp,13/406,"{""type"":""LineString"",""coordinates"":[[39.817907,21.404464],[39.817822,21.404481],[39.817407,21.404678],[39.817862,21.405425],[39.81816,21.406171],[39.818194,21.406258],[39.818085,21.40631],[39.818053,21.406222],[39.817775,21.405591],[39.817692,21.405402],[39.817421,21.404903],[39.816851,21.404052],[39.816089,21.403054],[39.816014,21.40295],[39.81613,21.402883],[39.816561,21.402631],[39.81733,21.402295],[39.819773,21.401398],[39.819919,21.401331],[39.8204,21.401034],[39.821916,21.399889],[39.823429,21.398723],[39.82413,21.398203],[39.824494,21.397912],[39.825012,21.397538],[39.825231,21.397408],[39.825791,21.39727],[39.825726,21.395513],[39.82572,21.395364],[39.825694,21.393973],[39.825632,21.391763],[39.825569,21.39041],[39.825426,21.388622],[39.825407,21.388044],[39.825496,21.387593],[39.825749,21.386994],[39.825806,21.38686],[39.826226,21.386186],[39.826372,21.385951],[39.826832,21.385414],[39.827396,21.384783],[39.827497,21.38467],[39.827708,21.384644],[39.828992,21.384535],[39.829244,21.384519],[39.829855,21.38437],[39.831122,21.383987],[39.831785,21.383827],[39.832342,21.383768],[39.832689,21.383765],[39.833425,21.383788],[39.834009,21.38386],[39.834378,21.383974],[39.834634,21.384054],[39.835276,21.384458],[39.835525,21.384616],[39.835729,21.384746],[39.835976,21.384932],[39.836262,21.385178],[39.838411,21.38745],[39.838733,21.387759],[39.839259,21.388169],[39.839699,21.388429],[39.840246,21.388658],[39.840634,21.388749],[39.841231,21.388838],[39.842264,21.388921],[39.843922,21.389083],[39.845957,21.389246],[39.846384,21.389345],[39.847035,21.389539],[39.847266,21.389645],[39.84768,21.389836],[39.848252,21.390213],[39.848953,21.390805],[39.849588,21.39154],[39.850018,21.392085],[39.850446,21.392585],[39.851391,21.393633],[39.851581,21.393812],[39.851774,21.393938],[39.852046,21.394056],[39.852337,21.394122],[39.85254,21.394143],[39.852726,21.394133],[39.852959,21.394071],[39.853614,21.393779],[39.85405,21.393471],[39.854566,21.393024],[39.855648,21.391708],[39.855996,21.391461],[39.856181,21.391287],[39.856525,21.391018],[39.85717,21.390408],[39.857709,21.389855],[39.858217,21.389318],[39.85912,21.388568],[39.862032,21.385524],[39.863018,21.384644],[39.863957,21.384037],[39.86448,21.383738],[39.865047,21.383474],[39.865891,21.383149],[39.866999,21.382837],[39.867992,21.382698],[39.868715,21.382637],[39.869226,21.382632],[39.870011,21.382663],[39.870534,21.38271],[39.871031,21.382805],[39.872226,21.383094],[39.872622,21.383189],[39.87341,21.383495],[39.874256,21.383747],[39.874375,21.383782],[39.875494,21.384124],[39.875621,21.384163],[39.877628,21.384792],[39.877799,21.384845],[39.881188,21.385907],[39.881609,21.386039],[39.883944,21.386745],[39.885585,21.38727],[39.886236,21.387469],[39.888263,21.388099],[39.889419,21.388485],[39.889529,21.388522],[39.890503,21.388827],[39.892548,21.38947],[39.892976,21.389646],[39.893288,21.389775],[39.893949,21.389932],[39.894388,21.390017],[39.894603,21.390012],[39.895011,21.390022],[39.896599,21.389807],[39.897783,21.38963],[39.898315,21.389587],[39.898723,21.389502],[39.898959,21.389404],[39.899363,21.389162],[39.899572,21.388916],[39.899647,21.388823],[39.899738,21.388711],[39.900204,21.388081],[39.90045,21.387688],[39.901347,21.386056],[39.901491,21.385591],[39.901518,21.385428],[39.901502,21.385248],[39.901443,21.385013],[39.901303,21.384842],[39.901105,21.384753],[39.900836,21.384717],[39.900558,21.384773],[39.900375,21.384898],[39.900247,21.385043],[39.900188,21.385198],[39.900166,21.385406],[39.900203,21.385591],[39.900341,21.385945],[39.902134,21.388293],[39.903467,21.39016],[39.904777,21.391926],[39.906077,21.393658],[39.908527,21.39692],[39.90976,21.398562],[39.910401,21.399415],[39.911031,21.400316],[39.911549,21.401261],[39.911872,21.402078],[39.912199,21.403295],[39.912263,21.404103],[39.912291,21.404463],[39.912243,21.40527],[39.912039,21.406224],[39.911342,21.40799],[39.91131,21.408071],[39.911269,21.408174],[39.910998,21.408861],[39.910953,21.408975]]}",Admin,855f0bca-948d-43a9-9377-5ab3eb5e8409,مشارق الماسية,806,2026-05-12 14:01:43,2026-05-12 14:01:43
019e1c7e-59c1-72bd-a033-48d1f44689d8,3,04:00,08:00,فترة ثالثة,10,654,8b2033c0-197e-43d7-935a-c37e5ac86561,تروية,48a174b1-0445-44d5-8d15-f6b484620b5d,ترددي,2214b63a-70fc-4e0d-a01e-a4e7cf4e7673,مدخل الترددي 2 - منى,df6cd58b-e7ee-4f8f-823f-c4a40dfb56b9,310,شارع 613,bus_warehouse,646b18f1-18fc-4ce2-b471-ce297eaaa9e4,ترددي 2,bus_warehouse,646b18f1-18fc-4ce2-b471-ce297eaaa9e4,ترددي 2,,,residence,شركة بينون الحديثة المحدودة,camp,1/613,"{""type"":""LineString"",""coordinates"":[[39.829518,21.432772],[39.829516,21.432564],[39.829486,21.431772],[39.829454,21.431437],[39.829419,21.431239],[39.829451,21.431163],[39.829563,21.431069],[39.829713,21.431],[39.829768,21.431003],[39.830681,21.4307],[39.831147,21.430473],[39.831442,21.43028],[39.832009,21.429897],[39.832606,21.42945],[39.832778,21.429315],[39.833046,21.429076],[39.833088,21.428984],[39.833126,21.428947],[39.833186,21.428915],[39.833254,21.428902],[39.833324,21.428909],[39.833387,21.428935],[39.833439,21.428979],[39.834276,21.429063],[39.839238,21.429498],[39.840112,21.429579],[39.842782,21.429811],[39.84341,21.42991],[39.843926,21.430004],[39.844347,21.430084],[39.845486,21.430359],[39.846236,21.430555],[39.847035,21.430847],[39.847521,21.431051],[39.848236,21.431382],[39.848826,21.431678],[39.849363,21.431853],[39.850032,21.431985],[39.850223,21.432009],[39.850569,21.431846],[39.85127,21.431556],[39.851797,21.431288],[39.852096,21.431109],[39.85236,21.430894],[39.853159,21.430049],[39.853339,21.429859],[39.853562,21.429624],[39.853914,21.429253],[39.854323,21.428883],[39.854714,21.428543],[39.855154,21.42816],[39.855576,21.427793],[39.856134,21.427285],[39.856323,21.427072],[39.856561,21.426867],[39.856717,21.426548],[39.856807,21.426235],[39.856788,21.425604],[39.856715,21.425078],[39.856551,21.424078],[39.856519,21.423903],[39.856393,21.42305],[39.856339,21.422512],[39.856352,21.422095],[39.856419,21.421808],[39.856519,21.421544],[39.856673,21.421301],[39.85681,21.421127],[39.857462,21.420392],[39.857587,21.420266],[39.858297,21.419511],[39.858366,21.419438],[39.858916,21.418816],[39.859453,21.418242],[39.860483,21.417098],[39.861377,21.416104],[39.862745,21.414626],[39.862825,21.414546],[39.86331,21.414048],[39.86555,21.411751],[39.866513,21.410762],[39.868553,21.408657],[39.869613,21.407562],[39.869889,21.407322],[39.870641,21.406779],[39.873129,21.404971],[39.873921,21.404413],[39.874476,21.404014],[39.874835,21.403755],[39.875046,21.403601],[39.87569,21.40313],[39.876679,21.402412],[39.87737,21.401909],[39.878002,21.401518],[39.878144,21.401442],[39.878392,21.401307],[39.879401,21.400847],[39.883366,21.399037],[39.884426,21.398552],[39.885932,21.397834],[39.887662,21.397056],[39.89015,21.395924],[39.892381,21.394909],[39.893021,21.394575],[39.893456,21.394283],[39.893609,21.394158],[39.893721,21.394066],[39.894165,21.393702],[39.894773,21.393204],[39.896259,21.391933],[39.897172,21.391133],[39.899133,21.389417],[39.899363,21.389162],[39.899572,21.388916],[39.899647,21.388823],[39.899738,21.388711],[39.900204,21.388081],[39.90045,21.387688],[39.901347,21.386056],[39.901491,21.385591],[39.901518,21.385428],[39.901502,21.385248],[39.901443,21.385013],[39.901303,21.384842],[39.901105,21.384753],[39.900836,21.384717],[39.900558,21.384773],[39.900375,21.384898],[39.900247,21.385043],[39.900188,21.385198],[39.900166,21.385406],[39.900203,21.385591],[39.900341,21.385945],[39.902134,21.388293],[39.903467,21.39016],[39.904777,21.391926],[39.906077,21.393658],[39.908527,21.39692],[39.90976,21.398562],[39.910401,21.399415],[39.910873,21.399891],[39.911066,21.400051],[39.911393,21.400286],[39.91186,21.40052],[39.912342,21.400695],[39.913266,21.4011],[39.913528,21.401256],[39.913853,21.401385]]}",Admin,855f0bca-948d-43a9-9377-5ab3eb5e8409,مشارق الماسية,81,2026-05-12 14:01:43,2026-05-12 14:01:43
019e1c7e-5887-71e5-beae-15ea73ee0d5d,3,04:00,08:00,فترة ثالثة,15,1138,8b2033c0-197e-43d7-935a-c37e5ac86561,تروية,48a174b1-0445-44d5-8d15-f6b484620b5d,ترددي,4e968379-67ed-4221-903f-e7351145b578,مدخل الترددي 1 - منى,aa10b347-aaec-4c0e-a2ef-1c36916b42eb,450,شارع 524,bus_warehouse,78d92381-0800-44ed-ad7b-9ff92b62e4b6,ترددي 1,bus_warehouse,78d92381-0800-44ed-ad7b-9ff92b62e4b6,ترددي 1,,,residence,شركة برهان التجارة المحدودة,camp,1/524,"{""type"":""LineString"",""coordinates"":[[39.796408,21.433591],[39.796465,21.433653],[39.796701,21.433907],[39.795868,21.43448],[39.796038,21.434696],[39.796228,21.434937],[39.796442,21.435187],[39.796658,21.435439],[39.797592,21.434701],[39.798656,21.433727],[39.79915,21.433281],[39.799606,21.432876],[39.799874,21.432707],[39.80018,21.432593],[39.800374,21.432549],[39.80078,21.432496],[39.802933,21.43225],[39.803158,21.432125],[39.803657,21.432058],[39.80373,21.432049],[39.804191,21.43199],[39.805828,21.431841],[39.806543,21.431778],[39.806587,21.431381],[39.80664,21.430825],[39.806675,21.430387],[39.806743,21.428954],[39.806754,21.428722],[39.806762,21.42835],[39.806767,21.428082],[39.806781,21.427419],[39.80678,21.426874],[39.806778,21.426117],[39.806753,21.424478],[39.806715,21.42358],[39.806709,21.423445],[39.806701,21.423258],[39.806683,21.422982],[39.80667,21.422961],[39.806856,21.422998],[39.807543,21.423128],[39.808284,21.423318],[39.809005,21.423496],[39.810004,21.423673],[39.812704,21.424079],[39.81389,21.424253],[39.81416,21.424288],[39.814583,21.424301],[39.8149,21.424294],[39.816324,21.424159],[39.817715,21.424025],[39.817839,21.424015],[39.818018,21.424003],[39.818758,21.423956],[39.819167,21.423893],[39.819468,21.423825],[39.819616,21.423779],[39.819737,21.423712],[39.82102,21.422308],[39.821255,21.422148],[39.821521,21.422043],[39.8218,21.42196],[39.822147,21.421864],[39.822382,21.421761],[39.822573,21.421647],[39.822791,21.421489],[39.823573,21.420862],[39.823754,21.420759],[39.824375,21.420476],[39.824726,21.420372],[39.825105,21.420284],[39.825955,21.420176],[39.826362,21.420149],[39.826554,21.420136],[39.826763,21.420141],[39.827464,21.420235],[39.828747,21.420466],[39.829051,21.420521],[39.829896,21.420637],[39.830672,21.420741],[39.830929,21.420773],[39.831535,21.420838],[39.83191,21.420945],[39.832039,21.421015],[39.832183,21.421174],[39.832273,21.421282],[39.833266,21.422326],[39.83351,21.422555],[39.833692,21.42261],[39.833898,21.422641],[39.834238,21.422617],[39.834413,21.422597],[39.834643,21.422554],[39.842963,21.421445],[39.843901,21.421349],[39.844575,21.421303],[39.845233,21.42127],[39.846332,21.421259],[39.847368,21.421227],[39.847802,21.421211],[39.848334,21.421188],[39.849191,21.421167],[39.850454,21.421049],[39.851183,21.420947],[39.851521,21.420819],[39.851827,21.42067],[39.852143,21.420443],[39.852385,21.420171],[39.853182,21.4192],[39.853454,21.418683],[39.853662,21.418375],[39.854049,21.41786],[39.854388,21.417419],[39.854815,21.416871],[39.854832,21.41685],[39.855039,21.416754],[39.856199,21.415212],[39.856915,21.414028],[39.857548,21.412983],[39.859613,21.409567],[39.860347,21.408343],[39.861218,21.406891],[39.861848,21.405711],[39.862293,21.404805],[39.862648,21.403944],[39.863146,21.402736],[39.864457,21.399575],[39.864667,21.399101],[39.865353,21.397787],[39.865604,21.397353],[39.865839,21.397027],[39.866002,21.396835],[39.866639,21.39624],[39.867089,21.395886],[39.869109,21.394312],[39.87078,21.393016],[39.871413,21.392421],[39.871914,21.39181],[39.87245,21.39099],[39.872511,21.39085],[39.872815,21.390147],[39.873089,21.389359],[39.873632,21.387748],[39.873794,21.387223],[39.87407,21.386327],[39.874115,21.385744],[39.874141,21.385156],[39.874177,21.384349],[39.87425,21.384097],[39.874324,21.383912],[39.874375,21.383782],[39.875494,21.384124],[39.875621,21.384163],[39.877628,21.384792],[39.877799,21.384845],[39.881188,21.385907],[39.881609,21.386039],[39.883944,21.386745],[39.885585,21.38727],[39.886236,21.387469],[39.888263,21.388099],[39.889419,21.388485],[39.889529,21.388522],[39.890503,21.388827],[39.892548,21.38947],[39.892976,21.389646],[39.893288,21.389775],[39.893949,21.389932],[39.894388,21.390017],[39.894603,21.390012],[39.895011,21.390022],[39.896599,21.389807],[39.897783,21.38963],[39.898315,21.389587],[39.898723,21.389502],[39.898959,21.389404],[39.899363,21.389162],[39.899572,21.388916],[39.899647,21.388823],[39.899738,21.388711],[39.900204,21.388081],[39.90045,21.387688],[39.901347,21.386056],[39.901491,21.385591],[39.901518,21.385428],[39.901502,21.385248],[39.901443,21.385013],[39.901303,21.384842],[39.901105,21.384753],[39.900836,21.384717],[39.900558,21.384773],[39.900375,21.384898],[39.900247,21.385043],[39.900188,21.385198],[39.900166,21.385406],[39.900203,21.385591],[39.900341,21.385945],[39.902134,21.388293],[39.903467,21.39016],[39.904777,21.391926],[39.906077,21.393658],[39.908527,21.39692],[39.90976,21.398562],[39.910401,21.399415],[39.911031,21.400316],[39.911549,21.401261],[39.911872,21.402078],[39.912199,21.403295],[39.912263,21.404103],[39.912291,21.404463],[39.912243,21.40527],[39.912039,21.406224],[39.911342,21.40799],[39.91131,21.408071],[39.911269,21.408174],[39.910998,21.408861],[39.910953,21.408975]]}",Admin,855f0bca-948d-43a9-9377-5ab3eb5e8409,مشارق الماسية,807,2026-05-12 14:01:42,2026-05-12 14:01:42
019e1c7e-570a-71a6-b601-ec3a584cc2a4,1,20:00,23:59,فترة اولى,15,2486,8b2033c0-197e-43d7-935a-c37e5ac86561,تروية,48a174b1-0445-44d5-8d15-f6b484620b5d,ترددي,4e968379-67ed-4221-903f-e7351145b578,مدخل الترددي 1 - منى,df1610bd-0b59-4a77-942f-514d83a5f05b,586,شارع 408,bus_warehouse,78d92381-0800-44ed-ad7b-9ff92b62e4b6,ترددي 1,bus_warehouse,78d92381-0800-44ed-ad7b-9ff92b62e4b6,ترددي 1,,,residence,حسين احمد عمر قبورى,camp,1/408,"{""type"":""LineString"",""coordinates"":[[39.827345,21.4335],[39.827477,21.433912],[39.827771,21.434853],[39.82794,21.435393],[39.828066,21.435425],[39.829396,21.434905],[39.829539,21.434836],[39.829613,21.434761],[39.829635,21.4347],[39.829645,21.434594],[39.829625,21.434493],[39.829597,21.434373],[39.829178,21.433383],[39.828636,21.43185],[39.828596,21.431608],[39.828608,21.431425],[39.828651,21.431358],[39.828718,21.431405],[39.828768,21.431505],[39.828793,21.431792],[39.828862,21.432072],[39.829024,21.432481],[39.829234,21.433091],[39.829322,21.433357],[39.829692,21.434225],[39.829898,21.434626],[39.830648,21.435771],[39.831049,21.436301],[39.831387,21.43672],[39.831828,21.437183],[39.832105,21.437477],[39.832876,21.438218],[39.833056,21.438369],[39.833477,21.438676],[39.83449,21.439608],[39.834725,21.439775],[39.835097,21.439958],[39.835535,21.440036],[39.835633,21.44003],[39.83587,21.440014],[39.83608,21.440017],[39.836335,21.439992],[39.836481,21.439992],[39.836576,21.439992],[39.837051,21.440007],[39.837648,21.440052],[39.838387,21.440111],[39.839121,21.440179],[39.839382,21.440225],[39.839586,21.440253],[39.839726,21.440136],[39.839995,21.440144],[39.84073,21.440204],[39.841507,21.440225],[39.842136,21.44021],[39.842528,21.440174],[39.842553,21.440275],[39.843757,21.440068],[39.843993,21.440025],[39.844215,21.439994],[39.844874,21.439736],[39.845132,21.439535],[39.846352,21.438582],[39.846581,21.43837],[39.847095,21.437365],[39.847655,21.436002],[39.847933,21.435353],[39.848006,21.435183],[39.847978,21.435106],[39.847985,21.435016],[39.84803,21.434839],[39.848269,21.4343],[39.84845,21.433836],[39.848684,21.433337],[39.848946,21.432952],[39.849222,21.432644],[39.849447,21.43246],[39.849924,21.432152],[39.850223,21.432009],[39.850569,21.431846],[39.85127,21.431556],[39.851797,21.431288],[39.852096,21.431109],[39.85236,21.430894],[39.853159,21.430049],[39.853339,21.429859],[39.853562,21.429624],[39.853914,21.429253],[39.854323,21.428883],[39.854714,21.428543],[39.855154,21.42816],[39.855576,21.427793],[39.856134,21.427285],[39.856323,21.427072],[39.856561,21.426867],[39.856717,21.426548],[39.856807,21.426235],[39.856788,21.425604],[39.856715,21.425078],[39.856551,21.424078],[39.856519,21.423903],[39.856393,21.42305],[39.856339,21.422512],[39.856352,21.422095],[39.856419,21.421808],[39.856519,21.421544],[39.856673,21.421301],[39.85681,21.421127],[39.857462,21.420392],[39.857587,21.420266],[39.858297,21.419511],[39.858366,21.419438],[39.858916,21.418816],[39.859453,21.418242],[39.860483,21.417098],[39.861377,21.416104],[39.862745,21.414626],[39.862825,21.414546],[39.86331,21.414048],[39.86555,21.411751],[39.866513,21.410762],[39.868553,21.408657],[39.869613,21.407562],[39.869889,21.407322],[39.870641,21.406779],[39.873129,21.404971],[39.873921,21.404413],[39.874476,21.404014],[39.874835,21.403755],[39.875046,21.403601],[39.87569,21.40313],[39.876679,21.402412],[39.87737,21.401909],[39.878002,21.401518],[39.878144,21.401442],[39.878392,21.401307],[39.879401,21.400847],[39.883366,21.399037],[39.884426,21.398552],[39.885932,21.397834],[39.887662,21.397056],[39.89015,21.395924],[39.892381,21.394909],[39.893021,21.394575],[39.893456,21.394283],[39.893609,21.394158],[39.893721,21.394066],[39.894165,21.393702],[39.894773,21.393204],[39.896259,21.391933],[39.897172,21.391133],[39.899133,21.389417],[39.899363,21.389162],[39.899572,21.388916],[39.899647,21.388823],[39.899738,21.388711],[39.900204,21.388081],[39.90045,21.387688],[39.901347,21.386056],[39.901491,21.385591],[39.901518,21.385428],[39.901502,21.385248],[39.901443,21.385013],[39.901303,21.384842],[39.901105,21.384753],[39.900836,21.384717],[39.900558,21.384773],[39.900375,21.384898],[39.900247,21.385043],[39.900188,21.385198],[39.900166,21.385406],[39.900203,21.385591],[39.900341,21.385945],[39.902134,21.388293],[39.903467,21.39016],[39.904777,21.391926],[39.906077,21.393658],[39.908527,21.39692],[39.90976,21.398562],[39.910401,21.399415],[39.911031,21.400316],[39.911549,21.401261],[39.911872,21.402078],[39.912199,21.403295],[39.912263,21.404103],[39.912291,21.404463],[39.912243,21.40527],[39.912039,21.406224],[39.911342,21.40799],[39.91131,21.408071],[39.911269,21.408174],[39.910998,21.408861],[39.910953,21.408975]]}",Admin,855f0bca-948d-43a9-9377-5ab3eb5e8409,مشارق الماسية,800,2026-05-12 14:01:42,2026-05-12 14:01:42
019e1c7e-529c-7001-a9c0-b25a9b557604,2,00:00,03:59,فترة ثانية,15,1701,8b2033c0-197e-43d7-935a-c37e5ac86561,تروية,a0bc4dde-a22d-4d68-bf95-75f45d362d66,تقليدي رد,c9b6a08b-9db3-4cc8-bfba-162d2ee1544f,مدخل طريق الملك عبدالله - العزيزية,01d39c9c-a653-43a8-84dc-3656f9f5523f,211,شارع 68,parking,7cd11b31-ed19-4e26-ba8c-765318bd0a7c,100-83,parking,7cd11b31-ed19-4e26-ba8c-765318bd0a7c,100-83,,,residence,شركة جذور الفندقية شركة شخص واحد,camp,17/68,"{""type"":""LineString"",""coordinates"":[[39.837146,21.369827],[39.837511,21.369328],[39.83779,21.368948],[39.837866,21.368839],[39.838855,21.369469],[39.838965,21.369548],[39.839079,21.36963],[39.839004,21.369733],[39.838242,21.370776],[39.835895,21.373987],[39.833844,21.3768],[39.831637,21.379826],[39.83034,21.381632],[39.829518,21.382776],[39.829244,21.383137],[39.829189,21.383211],[39.828715,21.383626],[39.828431,21.383911],[39.827708,21.384644],[39.828992,21.384535],[39.829244,21.384519],[39.829855,21.38437],[39.831122,21.383987],[39.831785,21.383827],[39.832342,21.383768],[39.832689,21.383765],[39.833425,21.383788],[39.834009,21.38386],[39.834378,21.383974],[39.834634,21.384054],[39.835276,21.384458],[39.835525,21.384616],[39.835729,21.384746],[39.835976,21.384932],[39.836262,21.385178],[39.838411,21.38745],[39.838733,21.387759],[39.839259,21.388169],[39.839699,21.388429],[39.840246,21.388658],[39.840634,21.388749],[39.841231,21.388838],[39.842264,21.388921],[39.843922,21.389083],[39.845957,21.389246],[39.846384,21.389345],[39.847035,21.389539],[39.847266,21.389645],[39.84768,21.389836],[39.848252,21.390213],[39.848953,21.390805],[39.849588,21.39154],[39.850018,21.392085],[39.850446,21.392585],[39.851391,21.393633],[39.851581,21.393812],[39.851774,21.393938],[39.852046,21.394056],[39.852337,21.394122],[39.85254,21.394143],[39.852726,21.394133],[39.852959,21.394071],[39.853614,21.393779],[39.85405,21.393471],[39.854566,21.393024],[39.855648,21.391708],[39.855996,21.391461],[39.856181,21.391287],[39.856525,21.391018],[39.85717,21.390408],[39.857709,21.389855],[39.858217,21.389318],[39.85912,21.388568],[39.862032,21.385524],[39.863018,21.384644],[39.863957,21.384037],[39.86448,21.383738],[39.865047,21.383474],[39.865891,21.383149],[39.866999,21.382837],[39.867992,21.382698],[39.868715,21.382637],[39.869226,21.382632],[39.870011,21.382663],[39.870534,21.38271],[39.871031,21.382805],[39.872226,21.383094],[39.872622,21.383189],[39.87341,21.383495],[39.874256,21.383747],[39.874375,21.383782],[39.875494,21.384124],[39.875621,21.384163],[39.877628,21.384792],[39.877799,21.384845],[39.881188,21.385907],[39.881609,21.386039],[39.883944,21.386745],[39.885585,21.38727],[39.885492,21.387397],[39.885337,21.387606],[39.885146,21.387815],[39.884401,21.388374],[39.884161,21.388603],[39.883976,21.388805],[39.883784,21.389073],[39.883661,21.389262],[39.883397,21.389747],[39.883264,21.390239],[39.883217,21.390412],[39.883086,21.391198],[39.883009,21.391761],[39.883004,21.392121],[39.883034,21.392971],[39.883076,21.393244],[39.88309,21.39336],[39.883151,21.393861],[39.883281,21.394359],[39.883387,21.394766],[39.883451,21.394994],[39.883531,21.39521]]}",Admin,aabd2b1c-054c-4def-bda9-edfa61c862d1,مشارق الذهبية,9,2026-05-12 14:01:41,2026-05-12 14:01:41
019e1c7e-4e00-7305-a1b0-da9f4b0b3c4d,3,04:00,08:00,فترة ثالثة,15,918,8b2033c0-197e-43d7-935a-c37e5ac86561,تروية,48a174b1-0445-44d5-8d15-f6b484620b5d,ترددي,4e968379-67ed-4221-903f-e7351145b578,مدخل الترددي 1 - منى,4f769f5e-f8cc-487b-b2b6-504033f4bfd4,584,شارع 425,bus_warehouse,78d92381-0800-44ed-ad7b-9ff92b62e4b6,ترددي 1,bus_warehouse,78d92381-0800-44ed-ad7b-9ff92b62e4b6,ترددي 1,,,residence,شركة انوار الصلاح المحدودة شخص واحد,camp,1/425,"{""type"":""LineString"",""coordinates"":[[39.819414,21.426313],[39.819606,21.426021],[39.819838,21.425482],[39.820027,21.424948],[39.820096,21.424676],[39.820093,21.424556],[39.820058,21.424428],[39.819915,21.424157],[39.819837,21.424095],[39.819732,21.424045],[39.81951,21.424005],[39.819349,21.424009],[39.818696,21.424095],[39.818506,21.424106],[39.818339,21.42409],[39.818091,21.424109],[39.816302,21.424249],[39.814901,21.424394],[39.814513,21.424411],[39.814207,21.424402],[39.814037,21.424379],[39.81389,21.424253],[39.81416,21.424288],[39.814583,21.424301],[39.8149,21.424294],[39.816324,21.424159],[39.817715,21.424025],[39.817839,21.424015],[39.818018,21.424003],[39.818758,21.423956],[39.819167,21.423893],[39.819468,21.423825],[39.819616,21.423779],[39.819737,21.423712],[39.82102,21.422308],[39.821255,21.422148],[39.821521,21.422043],[39.8218,21.42196],[39.822147,21.421864],[39.822382,21.421761],[39.822573,21.421647],[39.822791,21.421489],[39.823573,21.420862],[39.823754,21.420759],[39.824375,21.420476],[39.824726,21.420372],[39.825105,21.420284],[39.825955,21.420176],[39.826362,21.420149],[39.826554,21.420136],[39.826763,21.420141],[39.827464,21.420235],[39.828747,21.420466],[39.829051,21.420521],[39.829896,21.420637],[39.830672,21.420741],[39.830929,21.420773],[39.831535,21.420838],[39.83191,21.420945],[39.832039,21.421015],[39.832183,21.421174],[39.832273,21.421282],[39.833266,21.422326],[39.83351,21.422555],[39.833692,21.42261],[39.833898,21.422641],[39.834238,21.422617],[39.834413,21.422597],[39.834643,21.422554],[39.842963,21.421445],[39.843901,21.421349],[39.844575,21.421303],[39.845233,21.42127],[39.846332,21.421259],[39.847368,21.421227],[39.847802,21.421211],[39.848334,21.421188],[39.849191,21.421167],[39.850454,21.421049],[39.851183,21.420947],[39.851521,21.420819],[39.851827,21.42067],[39.852143,21.420443],[39.852385,21.420171],[39.853182,21.4192],[39.853454,21.418683],[39.853662,21.418375],[39.854049,21.41786],[39.854388,21.417419],[39.854815,21.416871],[39.854832,21.41685],[39.855039,21.416754],[39.856199,21.415212],[39.856915,21.414028],[39.857548,21.412983],[39.859613,21.409567],[39.860347,21.408343],[39.861218,21.406891],[39.861848,21.405711],[39.862293,21.404805],[39.862648,21.403944],[39.863146,21.402736],[39.864457,21.399575],[39.864667,21.399101],[39.865353,21.397787],[39.865604,21.397353],[39.865839,21.397027],[39.866002,21.396835],[39.866639,21.39624],[39.867089,21.395886],[39.869109,21.394312],[39.87078,21.393016],[39.871413,21.392421],[39.871914,21.39181],[39.87245,21.39099],[39.872511,21.39085],[39.872815,21.390147],[39.873089,21.389359],[39.873632,21.387748],[39.873794,21.387223],[39.87407,21.386327],[39.874115,21.385744],[39.874141,21.385156],[39.874177,21.384349],[39.87425,21.384097],[39.874324,21.383912],[39.874375,21.383782],[39.875494,21.384124],[39.875621,21.384163],[39.877628,21.384792],[39.877799,21.384845],[39.881188,21.385907],[39.881609,21.386039],[39.883944,21.386745],[39.885585,21.38727],[39.886236,21.387469],[39.888263,21.388099],[39.889419,21.388485],[39.889529,21.388522],[39.890503,21.388827],[39.892548,21.38947],[39.892976,21.389646],[39.893288,21.389775],[39.893949,21.389932],[39.894388,21.390017],[39.894603,21.390012],[39.895011,21.390022],[39.896599,21.389807],[39.897783,21.38963],[39.898315,21.389587],[39.898723,21.389502],[39.898959,21.389404],[39.899363,21.389162],[39.899572,21.388916],[39.899647,21.388823],[39.899738,21.388711],[39.900204,21.388081],[39.90045,21.387688],[39.901347,21.386056],[39.901491,21.385591],[39.901518,21.385428],[39.901502,21.385248],[39.901443,21.385013],[39.901303,21.384842],[39.901105,21.384753],[39.900836,21.384717],[39.900558,21.384773],[39.900375,21.384898],[39.900247,21.385043],[39.900188,21.385198],[39.900166,21.385406],[39.900203,21.385591],[39.900341,21.385945],[39.902134,21.388293],[39.903467,21.39016],[39.904777,21.391926],[39.906077,21.393658],[39.908527,21.39692],[39.90976,21.398562],[39.910401,21.399415],[39.911031,21.400316],[39.911549,21.401261],[39.911872,21.402078],[39.912199,21.403295],[39.912263,21.404103],[39.912291,21.404463],[39.912243,21.40527],[39.912039,21.406224],[39.911342,21.40799],[39.91131,21.408071],[39.911269,21.408174],[39.910998,21.408861],[39.910953,21.408975]]}",Admin,aabd2b1c-054c-4def-bda9-edfa61c862d1,مشارق الذهبية,11,2026-05-12 14:01:40,2026-05-12 14:01:40
019e1c7e-49dd-71d5-9827-7a9fe4c3fe68,2,00:00,03:59,فترة ثانية,15,2226,8b2033c0-197e-43d7-935a-c37e5ac86561,تروية,a0bc4dde-a22d-4d68-bf95-75f45d362d66,تقليدي رد,ba2f406d-8d95-4830-b635-1ba0d2d6825b,مدخل انفاق الجمرات سوق العرب - شارح الحج,285c98c8-9603-4c72-acf3-5e748db0fa01,98,شارع 114,parking,7cd11b31-ed19-4e26-ba8c-765318bd0a7c,100-83,parking,7cd11b31-ed19-4e26-ba8c-765318bd0a7c,100-83,,,residence,شركة ابراج الهداية الفندقية,camp,8/114,"{""type"":""LineString"",""coordinates"":[[39.876973,21.389724],[39.877948,21.390034],[39.878779,21.390299],[39.878926,21.390339],[39.879114,21.390389],[39.879558,21.390607],[39.880854,21.391498],[39.881567,21.392007],[39.882011,21.392538],[39.882065,21.39262],[39.881982,21.39266],[39.879445,21.393978],[39.8797,21.394404],[39.880337,21.395466],[39.879717,21.395788],[39.878888,21.396218],[39.878766,21.396282],[39.878165,21.396594],[39.877533,21.396923],[39.877411,21.396986],[39.876918,21.397242],[39.876818,21.397294],[39.875935,21.397753],[39.877014,21.399553],[39.87754,21.400431],[39.878082,21.401335],[39.878144,21.401442],[39.878224,21.401599],[39.878085,21.401676],[39.877587,21.401978],[39.875685,21.403319],[39.875271,21.403623],[39.875148,21.403694],[39.875087,21.403731],[39.874767,21.403981],[39.874024,21.404541],[39.873704,21.404785],[39.873437,21.404961],[39.873398,21.404987],[39.873222,21.405102],[39.870999,21.406751],[39.870103,21.407381],[39.869872,21.40758],[39.867755,21.409738],[39.867381,21.410119],[39.867271,21.410232],[39.866179,21.411353],[39.863733,21.41389],[39.862971,21.414657],[39.862891,21.414738],[39.860752,21.417063],[39.859194,21.418766],[39.85849,21.419535],[39.858425,21.419606],[39.857239,21.420905],[39.856901,21.421274],[39.856712,21.421565],[39.856603,21.42185],[39.856519,21.422144],[39.856517,21.422425],[39.856545,21.422718],[39.856787,21.424362],[39.856946,21.42544],[39.856991,21.426045],[39.856939,21.426436],[39.856821,21.426768],[39.856625,21.427119],[39.856469,21.427339],[39.857012,21.427373],[39.857324,21.427516],[39.857616,21.427768],[39.857803,21.427942],[39.858208,21.42766],[39.858477,21.42751],[39.858578,21.427456],[39.858688,21.427398],[39.859321,21.427186],[39.860025,21.426955],[39.860749,21.426769],[39.861713,21.426532],[39.862247,21.426366],[39.862485,21.426326],[39.862678,21.426294],[39.862756,21.426283]]}",Admin,55199838-2a1d-4648-afb8-f1389ec5b55c,ضيوف البيت,لا يوجد,2026-05-12 14:01:39,2026-05-12 14:01:39
019e1c7e-4cec-738b-8ebc-11338701b643,3,04:00,08:00,فترة ثالثة,15,700,8b2033c0-197e-43d7-935a-c37e5ac86561,تروية,a0bc4dde-a22d-4d68-bf95-75f45d362d66,تقليدي رد,ba2f406d-8d95-4830-b635-1ba0d2d6825b,مدخل انفاق الجمرات سوق العرب - شارح الحج,57a6d294-178f-422f-baad-554cec192b3b,119,شارع 206,parking,e60dbe00-c3b1-4604-83ee-a2095b636e83,حجاج البر,parking,e60dbe00-c3b1-4604-83ee-a2095b636e83,حجاج البر,,,residence,شركة إيلاف للاستثمار الدولي,camp,I/206,"{""type"":""LineString"",""coordinates"":[[39.831413,21.420825],[39.831535,21.420838],[39.83191,21.420945],[39.832039,21.421015],[39.832183,21.421174],[39.832273,21.421282],[39.833266,21.422326],[39.83351,21.422555],[39.833692,21.42261],[39.833898,21.422641],[39.834238,21.422617],[39.834413,21.422597],[39.834643,21.422554],[39.842963,21.421445],[39.843901,21.421349],[39.844575,21.421303],[39.845233,21.42127],[39.846332,21.421259],[39.847368,21.421227],[39.847802,21.421211],[39.848334,21.421188],[39.849191,21.421167],[39.849903,21.421197],[39.850629,21.421152],[39.851006,21.421128],[39.851405,21.421135],[39.851909,21.421159],[39.852663,21.421236],[39.853675,21.421372],[39.853827,21.421398],[39.854582,21.421552],[39.855431,21.421768],[39.855511,21.421746],[39.855594,21.421691],[39.855678,21.42158],[39.855908,21.421131],[39.856068,21.420848],[39.856184,21.420716],[39.856355,21.420575],[39.856586,21.42047],[39.85678,21.420421],[39.856978,21.420407],[39.857156,21.420414],[39.857313,21.420394],[39.857462,21.420392],[39.857587,21.420266],[39.858297,21.419511],[39.858366,21.419438],[39.85849,21.419535],[39.858425,21.419606],[39.857239,21.420905],[39.856901,21.421274],[39.856712,21.421565],[39.856603,21.42185],[39.856519,21.422144],[39.856517,21.422425],[39.856545,21.422718],[39.856787,21.424362],[39.856946,21.42544],[39.856991,21.426045],[39.856939,21.426436],[39.856821,21.426768],[39.856625,21.427119],[39.856469,21.427339],[39.857012,21.427373],[39.857324,21.427516],[39.857616,21.427768],[39.857803,21.427942],[39.858208,21.42766],[39.858477,21.42751],[39.858578,21.427456],[39.858688,21.427398],[39.859321,21.427186],[39.860025,21.426955],[39.860749,21.426769],[39.861713,21.426532],[39.862247,21.426366],[39.862485,21.426326],[39.862678,21.426294],[39.862756,21.426283]]}",Admin,55199838-2a1d-4648-afb8-f1389ec5b55c,ضيوف البيت,لا يوجد,2026-05-12 14:01:39,2026-05-12 14:01:39
019e1c7e-4bc2-7132-bb01-e9f846e54bc5,2,00:00,03:59,فترة ثانية,20,4271,8b2033c0-197e-43d7-935a-c37e5ac86561,تروية,a0bc4dde-a22d-4d68-bf95-75f45d362d66,تقليدي رد,3544e355-bb3d-4f8f-9f94-86f9e427ef7e,مدخل طريق الملك عبدالله - المعيصم,19793e49-adb6-4ed3-860e-b3e95f75781d,12,شارع 631,parking,e60dbe00-c3b1-4604-83ee-a2095b636e83,حجاج البر,parking,e60dbe00-c3b1-4604-83ee-a2095b636e83,حجاج البر,,,residence,شركة رفاق الفندقية,camp,8/631,"{""type"":""LineString"",""coordinates"":[[39.859071,21.42054],[39.858649,21.422282],[39.858659,21.422489],[39.858843,21.422622],[39.85906,21.422668],[39.860177,21.422905],[39.860408,21.422965],[39.860724,21.423075],[39.860694,21.423196],[39.860664,21.423265],[39.860605,21.423321],[39.860578,21.423413],[39.860661,21.423536],[39.861033,21.423962],[39.861874,21.424896],[39.861963,21.424961],[39.861858,21.425055],[39.860571,21.425695],[39.857531,21.427207],[39.857371,21.427325],[39.857324,21.427516],[39.857616,21.427768],[39.857803,21.427942],[39.858208,21.42766],[39.858477,21.42751],[39.858578,21.427456],[39.858688,21.427398],[39.859321,21.427186],[39.860025,21.426955],[39.860749,21.426769],[39.861713,21.426532],[39.862247,21.426366],[39.862485,21.426326],[39.862678,21.426294],[39.862654,21.426395],[39.86256,21.426812],[39.862068,21.428743],[39.861704,21.430149],[39.861585,21.430532],[39.861536,21.430687],[39.861284,21.431166],[39.860689,21.43199],[39.860083,21.432584],[39.859571,21.433139],[39.859066,21.433883],[39.858658,21.434315],[39.858284,21.434707],[39.857099,21.436037],[39.856975,21.436383],[39.857009,21.436695],[39.857198,21.437198],[39.857336,21.437662],[39.857373,21.437772],[39.857456,21.438021],[39.857483,21.438205],[39.857533,21.438548],[39.857592,21.43973],[39.857626,21.440336],[39.857642,21.440684],[39.857663,21.440753],[39.857837,21.441325],[39.857946,21.441498],[39.858185,21.441877],[39.858845,21.443027],[39.858996,21.443241],[39.859553,21.444105],[39.859698,21.444287],[39.86018,21.444895],[39.860947,21.445822],[39.862737,21.447975],[39.864304,21.449796],[39.865196,21.450778],[39.865728,21.451285],[39.866387,21.451797],[39.866866,21.452109],[39.867317,21.452397],[39.867782,21.452646],[39.86814,21.452819],[39.868655,21.453054],[39.869473,21.453356],[39.869862,21.453518],[39.870781,21.453746],[39.875985,21.45484],[39.877029,21.455181],[39.877947,21.455643],[39.880643,21.457552],[39.880992,21.457745],[39.881633,21.458099],[39.883265,21.458741],[39.884219,21.459124],[39.884635,21.45929],[39.885551,21.459563],[39.885867,21.459657],[39.886812,21.459879],[39.887736,21.459902],[39.888228,21.459886],[39.889004,21.459835],[39.889691,21.459763],[39.890504,21.459632],[39.891212,21.459457],[39.891896,21.45921],[39.893023,21.458744],[39.893574,21.458563],[39.894874,21.458052],[39.895475,21.457709],[39.895842,21.457417],[39.896222,21.457028],[39.896445,21.456687],[39.896869,21.455477],[39.896905,21.455364],[39.897496,21.453317],[39.89779,21.452296],[39.898702,21.449522],[39.90065,21.443207],[39.90091,21.442368],[39.900977,21.442153],[39.901083,21.441809],[39.901649,21.439958],[39.902038,21.4387],[39.902588,21.43692],[39.903825,21.432942],[39.904039,21.432138],[39.904114,21.431599],[39.904098,21.431144],[39.903967,21.43058],[39.903919,21.430524]]}",Admin,55199838-2a1d-4648-afb8-f1389ec5b55c,ضيوف البيت,لا يوجد,2026-05-12 14:01:39,2026-05-12 14:01:39
019e1c7e-4ad3-7009-8c50-b10a29c14e6e,1,20:00,23:59,فترة اولى,15,1834,8b2033c0-197e-43d7-935a-c37e5ac86561,تروية,48a174b1-0445-44d5-8d15-f6b484620b5d,ترددي,2214b63a-70fc-4e0d-a01e-a4e7cf4e7673,مدخل الترددي 2 - منى,2409523d-6a34-4129-a29b-96e9dbfb3244,294,شارع 614,bus_warehouse,646b18f1-18fc-4ce2-b471-ce297eaaa9e4,ترددي 2,bus_warehouse,646b18f1-18fc-4ce2-b471-ce297eaaa9e4,ترددي 2,,,residence,شركة ابراج الهداية الفندقية,camp,8/614,"{""type"":""LineString"",""coordinates"":[[39.876973,21.389724],[39.877948,21.390034],[39.878779,21.390299],[39.878926,21.390339],[39.879114,21.390389],[39.879558,21.390607],[39.880854,21.391498],[39.881567,21.392007],[39.882011,21.392538],[39.882065,21.39262],[39.882396,21.393125],[39.882444,21.393197],[39.882514,21.393265],[39.882609,21.393289],[39.882868,21.393262],[39.883076,21.393244],[39.88309,21.39336],[39.883151,21.393861],[39.883281,21.394359],[39.883387,21.394766],[39.883451,21.394994],[39.883653,21.395277],[39.88386,21.395608],[39.884026,21.395756],[39.884243,21.395901],[39.884471,21.395984],[39.884754,21.396055],[39.885285,21.396103],[39.88544,21.39614],[39.885633,21.396215],[39.885788,21.396315],[39.886376,21.396799],[39.886632,21.396937],[39.887066,21.397052],[39.887122,21.397067],[39.887662,21.397056],[39.89015,21.395924],[39.892381,21.394909],[39.893021,21.394575],[39.893456,21.394283],[39.893609,21.394158],[39.893721,21.394066],[39.894165,21.393702],[39.894773,21.393204],[39.896259,21.391933],[39.897172,21.391133],[39.899133,21.389417],[39.899363,21.389162],[39.899572,21.388916],[39.899647,21.388823],[39.899738,21.388711],[39.900204,21.388081],[39.90045,21.387688],[39.901347,21.386056],[39.901491,21.385591],[39.901518,21.385428],[39.901502,21.385248],[39.901443,21.385013],[39.901303,21.384842],[39.901105,21.384753],[39.900836,21.384717],[39.900558,21.384773],[39.900375,21.384898],[39.900247,21.385043],[39.900188,21.385198],[39.900166,21.385406],[39.900203,21.385591],[39.900341,21.385945],[39.902134,21.388293],[39.903467,21.39016],[39.904777,21.391926],[39.906077,21.393658],[39.908527,21.39692],[39.90976,21.398562],[39.910401,21.399415],[39.910873,21.399891],[39.911066,21.400051],[39.911393,21.400286],[39.91186,21.40052],[39.912342,21.400695],[39.913266,21.4011],[39.913528,21.401256],[39.913853,21.401385]]}",Admin,55199838-2a1d-4648-afb8-f1389ec5b55c,ضيوف البيت,لا يوجد,2026-05-12 14:01:39,2026-05-12 14:01:39
019e1c7e-4897-7052-903b-4e6d3f82205e,1,20:00,23:59,فترة اولى,10,1490,8b2033c0-197e-43d7-935a-c37e5ac86561,تروية,48a174b1-0445-44d5-8d15-f6b484620b5d,ترددي,2214b63a-70fc-4e0d-a01e-a4e7cf4e7673,مدخل الترددي 2 - منى,109b5d25-b3f3-40f4-9fcc-08eade9112cb,337,شارع 620,bus_warehouse,646b18f1-18fc-4ce2-b471-ce297eaaa9e4,ترددي 2,bus_warehouse,646b18f1-18fc-4ce2-b471-ce297eaaa9e4,ترددي 2,,,residence,شركة الماسة المشاعر لتشغيل الفنادق,camp,7/620,"{""type"":""LineString"",""coordinates"":[[39.859095,21.436083],[39.859318,21.435924],[39.863056,21.433543],[39.862728,21.433553],[39.862567,21.433527],[39.862322,21.433443],[39.862138,21.433351],[39.861944,21.433219],[39.86162,21.432907],[39.861247,21.432536],[39.860957,21.432349],[39.860648,21.432224],[39.86039,21.432189],[39.86001,21.432245],[39.859702,21.432414],[39.859437,21.432709],[39.858845,21.433738],[39.858684,21.433616],[39.858487,21.433465],[39.858412,21.433392],[39.858058,21.433045],[39.857881,21.432828],[39.857839,21.432735],[39.857796,21.432638],[39.857163,21.432733],[39.856516,21.432781],[39.855576,21.432803],[39.85504,21.432816],[39.854379,21.432753],[39.854194,21.432732],[39.854342,21.432602],[39.854528,21.432385],[39.854751,21.432015],[39.855032,21.431585],[39.855441,21.430914],[39.855464,21.430877],[39.855825,21.430302],[39.856465,21.429408],[39.857694,21.428018],[39.857208,21.427639],[39.85682,21.4275],[39.856377,21.427459],[39.856187,21.427381],[39.856303,21.427264],[39.856465,21.427075],[39.856561,21.426867],[39.856717,21.426548],[39.856807,21.426235],[39.856788,21.425604],[39.856715,21.425078],[39.856551,21.424078],[39.856519,21.423903],[39.856393,21.42305],[39.856339,21.422512],[39.856352,21.422095],[39.856419,21.421808],[39.856519,21.421544],[39.856673,21.421301],[39.85681,21.421127],[39.857462,21.420392],[39.857587,21.420266],[39.858297,21.419511],[39.858366,21.419438],[39.858916,21.418816],[39.859453,21.418242],[39.860483,21.417098],[39.861377,21.416104],[39.862745,21.414626],[39.862825,21.414546],[39.86331,21.414048],[39.86555,21.411751],[39.866513,21.410762],[39.868553,21.408657],[39.869613,21.407562],[39.869889,21.407322],[39.870641,21.406779],[39.873129,21.404971],[39.873921,21.404413],[39.874476,21.404014],[39.874835,21.403755],[39.875046,21.403601],[39.87569,21.40313],[39.876679,21.402412],[39.87737,21.401909],[39.878002,21.401518],[39.878144,21.401442],[39.878392,21.401307],[39.879401,21.400847],[39.883366,21.399037],[39.884426,21.398552],[39.885932,21.397834],[39.887662,21.397056],[39.89015,21.395924],[39.892381,21.394909],[39.893021,21.394575],[39.893456,21.394283],[39.893609,21.394158],[39.893721,21.394066],[39.894165,21.393702],[39.894773,21.393204],[39.896259,21.391933],[39.897172,21.391133],[39.899133,21.389417],[39.899363,21.389162],[39.899572,21.388916],[39.899647,21.388823],[39.899738,21.388711],[39.900204,21.388081],[39.90045,21.387688],[39.901347,21.386056],[39.901491,21.385591],[39.901518,21.385428],[39.901502,21.385248],[39.901443,21.385013],[39.901303,21.384842],[39.901105,21.384753],[39.900836,21.384717],[39.900558,21.384773],[39.900375,21.384898],[39.900247,21.385043],[39.900188,21.385198],[39.900166,21.385406],[39.900203,21.385591],[39.900341,21.385945],[39.902134,21.388293],[39.903467,21.39016],[39.904777,21.391926],[39.906077,21.393658],[39.908527,21.39692],[39.90976,21.398562],[39.910401,21.399415],[39.910873,21.399891],[39.911066,21.400051],[39.911393,21.400286],[39.91186,21.40052],[39.912342,21.400695],[39.913266,21.4011],[39.913528,21.401256],[39.913853,21.401385]]}",Admin,55199838-2a1d-4648-afb8-f1389ec5b55c,ضيوف البيت,لا يوجد,2026-05-12 14:01:38,2026-05-12 14:01:38
019e1c7e-4775-71eb-bec5-5fac01cdf282,3,04:00,08:00,فترة ثالثة,15,1930,8b2033c0-197e-43d7-935a-c37e5ac86561,تروية,48a174b1-0445-44d5-8d15-f6b484620b5d,ترددي,2214b63a-70fc-4e0d-a01e-a4e7cf4e7673,مدخل الترددي 2 - منى,c054bcb7-0dc2-482c-a45c-bb0c364b0834,341,شارع 612,bus_warehouse,646b18f1-18fc-4ce2-b471-ce297eaaa9e4,ترددي 2,bus_warehouse,646b18f1-18fc-4ce2-b471-ce297eaaa9e4,ترددي 2,,,residence,شركة ابراج الهداية الفندقية,camp,7/612,"{""type"":""LineString"",""coordinates"":[[39.876973,21.389724],[39.877948,21.390034],[39.878779,21.390299],[39.878926,21.390339],[39.879114,21.390389],[39.879558,21.390607],[39.880854,21.391498],[39.881567,21.392007],[39.882011,21.392538],[39.882065,21.39262],[39.882396,21.393125],[39.882444,21.393197],[39.882514,21.393265],[39.882609,21.393289],[39.882868,21.393262],[39.883076,21.393244],[39.88309,21.39336],[39.883151,21.393861],[39.883281,21.394359],[39.883387,21.394766],[39.883451,21.394994],[39.883653,21.395277],[39.88386,21.395608],[39.884026,21.395756],[39.884243,21.395901],[39.884471,21.395984],[39.884754,21.396055],[39.885285,21.396103],[39.88544,21.39614],[39.885633,21.396215],[39.885788,21.396315],[39.886376,21.396799],[39.886632,21.396937],[39.887066,21.397052],[39.887122,21.397067],[39.887662,21.397056],[39.89015,21.395924],[39.892381,21.394909],[39.893021,21.394575],[39.893456,21.394283],[39.893609,21.394158],[39.893721,21.394066],[39.894165,21.393702],[39.894773,21.393204],[39.896259,21.391933],[39.897172,21.391133],[39.899133,21.389417],[39.899363,21.389162],[39.899572,21.388916],[39.899647,21.388823],[39.899738,21.388711],[39.900204,21.388081],[39.90045,21.387688],[39.901347,21.386056],[39.901491,21.385591],[39.901518,21.385428],[39.901502,21.385248],[39.901443,21.385013],[39.901303,21.384842],[39.901105,21.384753],[39.900836,21.384717],[39.900558,21.384773],[39.900375,21.384898],[39.900247,21.385043],[39.900188,21.385198],[39.900166,21.385406],[39.900203,21.385591],[39.900341,21.385945],[39.902134,21.388293],[39.903467,21.39016],[39.904777,21.391926],[39.906077,21.393658],[39.908527,21.39692],[39.90976,21.398562],[39.910401,21.399415],[39.910873,21.399891],[39.911066,21.400051],[39.911393,21.400286],[39.91186,21.40052],[39.912342,21.400695],[39.913266,21.4011],[39.913528,21.401256],[39.913853,21.401385]]}",Admin,55199838-2a1d-4648-afb8-f1389ec5b55c,ضيوف البيت,لا يوجد,2026-05-12 14:01:38,2026-05-12 14:01:38
019e1c7e-467b-70d0-b257-0871eb63cddc,1,20:00,23:59,فترة اولى,10,1598,8b2033c0-197e-43d7-935a-c37e5ac86561,تروية,48a174b1-0445-44d5-8d15-f6b484620b5d,ترددي,2214b63a-70fc-4e0d-a01e-a4e7cf4e7673,مدخل الترددي 2 - منى,1565197a-167b-4ea0-850d-494c3ad67b82,292,شارع 622,bus_warehouse,646b18f1-18fc-4ce2-b471-ce297eaaa9e4,ترددي 2,bus_warehouse,646b18f1-18fc-4ce2-b471-ce297eaaa9e4,ترددي 2,,,residence,شركة الماسة المشاعر لتشغيل الفنادق,camp,6/622,"{""type"":""LineString"",""coordinates"":[[39.859095,21.436083],[39.859318,21.435924],[39.863056,21.433543],[39.862728,21.433553],[39.862567,21.433527],[39.862322,21.433443],[39.862138,21.433351],[39.861944,21.433219],[39.86162,21.432907],[39.861247,21.432536],[39.860957,21.432349],[39.860648,21.432224],[39.86039,21.432189],[39.86001,21.432245],[39.859702,21.432414],[39.859437,21.432709],[39.858845,21.433738],[39.858684,21.433616],[39.858487,21.433465],[39.858412,21.433392],[39.858058,21.433045],[39.857881,21.432828],[39.857839,21.432735],[39.857796,21.432638],[39.857163,21.432733],[39.856516,21.432781],[39.855576,21.432803],[39.85504,21.432816],[39.854379,21.432753],[39.854194,21.432732],[39.854342,21.432602],[39.854528,21.432385],[39.854751,21.432015],[39.855032,21.431585],[39.855441,21.430914],[39.855464,21.430877],[39.855825,21.430302],[39.856465,21.429408],[39.857694,21.428018],[39.857208,21.427639],[39.85682,21.4275],[39.856377,21.427459],[39.856187,21.427381],[39.856303,21.427264],[39.856465,21.427075],[39.856561,21.426867],[39.856717,21.426548],[39.856807,21.426235],[39.856788,21.425604],[39.856715,21.425078],[39.856551,21.424078],[39.856519,21.423903],[39.856393,21.42305],[39.856339,21.422512],[39.856352,21.422095],[39.856419,21.421808],[39.856519,21.421544],[39.856673,21.421301],[39.85681,21.421127],[39.857462,21.420392],[39.857587,21.420266],[39.858297,21.419511],[39.858366,21.419438],[39.858916,21.418816],[39.859453,21.418242],[39.860483,21.417098],[39.861377,21.416104],[39.862745,21.414626],[39.862825,21.414546],[39.86331,21.414048],[39.86555,21.411751],[39.866513,21.410762],[39.868553,21.408657],[39.869613,21.407562],[39.869889,21.407322],[39.870641,21.406779],[39.873129,21.404971],[39.873921,21.404413],[39.874476,21.404014],[39.874835,21.403755],[39.875046,21.403601],[39.87569,21.40313],[39.876679,21.402412],[39.87737,21.401909],[39.878002,21.401518],[39.878144,21.401442],[39.878392,21.401307],[39.879401,21.400847],[39.883366,21.399037],[39.884426,21.398552],[39.885932,21.397834],[39.887662,21.397056],[39.89015,21.395924],[39.892381,21.394909],[39.893021,21.394575],[39.893456,21.394283],[39.893609,21.394158],[39.893721,21.394066],[39.894165,21.393702],[39.894773,21.393204],[39.896259,21.391933],[39.897172,21.391133],[39.899133,21.389417],[39.899363,21.389162],[39.899572,21.388916],[39.899647,21.388823],[39.899738,21.388711],[39.900204,21.388081],[39.90045,21.387688],[39.901347,21.386056],[39.901491,21.385591],[39.901518,21.385428],[39.901502,21.385248],[39.901443,21.385013],[39.901303,21.384842],[39.901105,21.384753],[39.900836,21.384717],[39.900558,21.384773],[39.900375,21.384898],[39.900247,21.385043],[39.900188,21.385198],[39.900166,21.385406],[39.900203,21.385591],[39.900341,21.385945],[39.902134,21.388293],[39.903467,21.39016],[39.904777,21.391926],[39.906077,21.393658],[39.908527,21.39692],[39.90976,21.398562],[39.910401,21.399415],[39.910873,21.399891],[39.911066,21.400051],[39.911393,21.400286],[39.91186,21.40052],[39.912342,21.400695],[39.913266,21.4011],[39.913528,21.401256],[39.913853,21.401385]]}",Admin,55199838-2a1d-4648-afb8-f1389ec5b55c,ضيوف البيت,لا يوجد,2026-05-12 14:01:38,2026-05-12 14:01:38
019e1c7e-440c-71b7-bf0a-5586df5cdd34,3,04:00,08:00,فترة ثالثة,15,1297,8b2033c0-197e-43d7-935a-c37e5ac86561,تروية,a0bc4dde-a22d-4d68-bf95-75f45d362d66,تقليدي رد,c9b6a08b-9db3-4cc8-bfba-162d2ee1544f,مدخل طريق الملك عبدالله - العزيزية,9c68e973-27e6-4d54-889d-b9b44289a170,601,شارع 68,parking,e60dbe00-c3b1-4604-83ee-a2095b636e83,حجاج البر,parking,e60dbe00-c3b1-4604-83ee-a2095b636e83,حجاج البر,,,residence,شركة رفاق الفندقية,camp,59/68,"{""type"":""LineString"",""coordinates"":[[39.859071,21.42054],[39.858649,21.422282],[39.858659,21.422489],[39.858843,21.422622],[39.85906,21.422668],[39.860177,21.422905],[39.860216,21.422976],[39.860195,21.423007],[39.860133,21.423041],[39.859597,21.422909],[39.859517,21.422889],[39.858589,21.42274],[39.858422,21.422733],[39.857397,21.422569],[39.85707,21.422554],[39.856977,21.42259],[39.85681,21.422687],[39.856728,21.422828],[39.856691,21.423026],[39.856869,21.424076],[39.856945,21.424557],[39.856986,21.424781],[39.857149,21.425785],[39.857161,21.426026],[39.857151,21.426127],[39.856939,21.426436],[39.856821,21.426768],[39.856625,21.427119],[39.856469,21.427339],[39.856377,21.427459],[39.856187,21.427381],[39.856303,21.427264],[39.856465,21.427075],[39.856561,21.426867],[39.856717,21.426548],[39.856807,21.426235],[39.856788,21.425604],[39.856715,21.425078],[39.856551,21.424078],[39.856519,21.423903],[39.856393,21.42305],[39.856339,21.422512],[39.856352,21.422095],[39.856419,21.421808],[39.856519,21.421544],[39.856673,21.421301],[39.85681,21.421127],[39.857462,21.420392],[39.857587,21.420266],[39.858297,21.419511],[39.858366,21.419438],[39.858916,21.418816],[39.859453,21.418242],[39.860483,21.417098],[39.861377,21.416104],[39.862745,21.414626],[39.862825,21.414546],[39.86331,21.414048],[39.86555,21.411751],[39.866513,21.410762],[39.868553,21.408657],[39.869613,21.407562],[39.869889,21.407322],[39.870641,21.406779],[39.873129,21.404971],[39.873921,21.404413],[39.874476,21.404014],[39.874835,21.403755],[39.875046,21.403601],[39.87569,21.40313],[39.876679,21.402412],[39.87737,21.401909],[39.878002,21.401518],[39.878144,21.401442],[39.878392,21.401307],[39.879401,21.400847],[39.883366,21.399037],[39.884426,21.398552],[39.884352,21.398409],[39.884099,21.397911],[39.884029,21.397519],[39.883907,21.397075],[39.88381,21.396665],[39.883613,21.395952],[39.883437,21.395547],[39.883296,21.395139],[39.883095,21.394449],[39.88306,21.39433],[39.882892,21.393411],[39.882868,21.393262],[39.883076,21.393244],[39.88309,21.39336],[39.883151,21.393861],[39.883281,21.394359],[39.883387,21.394766],[39.883451,21.394994],[39.883531,21.39521]]}",Admin,55199838-2a1d-4648-afb8-f1389ec5b55c,ضيوف البيت,لا يوجد,2026-05-12 14:01:37,2026-05-12 14:01:37
019e1c7e-450d-739f-bf6d-23c69ff0b991,2,00:00,03:59,فترة ثانية,15,1823,8b2033c0-197e-43d7-935a-c37e5ac86561,تروية,9fc47c58-d9e9-45e0-9d66-6da9f5c4fc85,قطار,ede61c28-c746-4cfa-a67b-19eb13385d55,مدخل طريق سوق العرب - الدائري الرابع,d3e2aa72-229e-4b55-98bc-958c87ebe38a,368,شارع 510,parking,4b152c54-b526-49fb-86d9-409334589cfb,الاسناد القطار,parking,4b152c54-b526-49fb-86d9-409334589cfb,الاسناد القطار,,,residence,شركة اجنحة المشاعر المحدودة,camp,6/510,"{""type"":""LineString"",""coordinates"":[[39.854554,21.428682],[39.854714,21.428543],[39.855154,21.42816],[39.855576,21.427793],[39.856134,21.427285],[39.856323,21.427072],[39.856561,21.426867],[39.856717,21.426548],[39.856807,21.426235],[39.856788,21.425604],[39.856715,21.425078],[39.856551,21.424078],[39.856519,21.423903],[39.856393,21.42305],[39.856339,21.422512],[39.856352,21.422095],[39.856419,21.421808],[39.856519,21.421544],[39.856673,21.421301],[39.85681,21.421127],[39.857462,21.420392],[39.857587,21.420266],[39.858297,21.419511],[39.858366,21.419438],[39.858916,21.418816],[39.859453,21.418242],[39.860483,21.417098],[39.861377,21.416104],[39.862745,21.414626],[39.862825,21.414546],[39.86331,21.414048],[39.86555,21.411751],[39.866513,21.410762],[39.868553,21.408657],[39.869613,21.407562],[39.869889,21.407322],[39.870641,21.406779],[39.873129,21.404971],[39.873921,21.404413],[39.874476,21.404014],[39.874835,21.403755],[39.875046,21.403601],[39.87569,21.40313],[39.876679,21.402412],[39.87737,21.401909],[39.878002,21.401518],[39.878144,21.401442],[39.878392,21.401307],[39.879401,21.400847],[39.883366,21.399037],[39.884426,21.398552],[39.885932,21.397834],[39.887662,21.397056],[39.89015,21.395924],[39.892381,21.394909],[39.893021,21.394575],[39.893456,21.394283],[39.893609,21.394158],[39.893721,21.394066],[39.894165,21.393702],[39.894773,21.393204],[39.896259,21.391933],[39.897172,21.391133],[39.899133,21.389417],[39.899363,21.389162],[39.899572,21.388916],[39.899647,21.388823],[39.899738,21.388711],[39.900204,21.388081],[39.90045,21.387688],[39.901347,21.386056],[39.901491,21.385591],[39.901518,21.385428],[39.901502,21.385248],[39.901443,21.385013],[39.901303,21.384842],[39.901105,21.384753],[39.900836,21.384717],[39.900558,21.384773],[39.900375,21.384898],[39.900247,21.385043],[39.900188,21.385198],[39.900166,21.385406],[39.900203,21.385591],[39.900341,21.385945],[39.902134,21.388293],[39.903467,21.39016],[39.904777,21.391926],[39.906077,21.393658],[39.908527,21.39692],[39.90976,21.398562],[39.910401,21.399415],[39.910873,21.399891],[39.911066,21.400051],[39.911393,21.400286],[39.91186,21.40052],[39.912342,21.400695],[39.913266,21.4011],[39.913528,21.401256],[39.913652,21.40133],[39.914215,21.401769],[39.914778,21.402318],[39.915143,21.402768],[39.915394,21.403191],[39.915556,21.403522],[39.915706,21.403927],[39.915776,21.404331],[39.915798,21.404596],[39.915776,21.404921],[39.915739,21.40512],[39.915605,21.405525],[39.915444,21.40578],[39.915294,21.405941],[39.91495,21.406279],[39.914693,21.406429],[39.914186,21.406633],[39.9135,21.406632],[39.913094,21.406579],[39.912692,21.406449],[39.91236,21.406242],[39.912191,21.406137],[39.911826,21.405797],[39.911656,21.40556],[39.91149,21.405255],[39.911392,21.404933],[39.911351,21.404636],[39.91134,21.404156],[39.911284,21.403673],[39.911302,21.403357],[39.911257,21.402681],[39.91114,21.402043],[39.910943,21.40119],[39.91068,21.400436],[39.910315,21.39978],[39.909522,21.398673],[39.909249,21.398437]]}",Admin,55199838-2a1d-4648-afb8-f1389ec5b55c,ضيوف البيت,لا يوجد,2026-05-12 14:01:37,2026-05-12 14:01:37
019e1c7e-42cb-72c3-9bc7-e04c4d11ebad,2,00:00,03:59,فترة ثانية,15,1864,8b2033c0-197e-43d7-935a-c37e5ac86561,تروية,48a174b1-0445-44d5-8d15-f6b484620b5d,ترددي,2214b63a-70fc-4e0d-a01e-a4e7cf4e7673,مدخل الترددي 2 - منى,8b23ba7d-47fa-4057-b54e-57c96584fd0b,342,شارع 612,bus_warehouse,646b18f1-18fc-4ce2-b471-ce297eaaa9e4,ترددي 2,bus_warehouse,646b18f1-18fc-4ce2-b471-ce297eaaa9e4,ترددي 2,,,residence,شركة ابراج الهداية الفندقية,camp,5/612,"{""type"":""LineString"",""coordinates"":[[39.876973,21.389724],[39.877948,21.390034],[39.878779,21.390299],[39.878926,21.390339],[39.879114,21.390389],[39.879558,21.390607],[39.880854,21.391498],[39.881567,21.392007],[39.882011,21.392538],[39.882065,21.39262],[39.882396,21.393125],[39.882444,21.393197],[39.882514,21.393265],[39.882609,21.393289],[39.882868,21.393262],[39.883076,21.393244],[39.88309,21.39336],[39.883151,21.393861],[39.883281,21.394359],[39.883387,21.394766],[39.883451,21.394994],[39.883653,21.395277],[39.88386,21.395608],[39.884026,21.395756],[39.884243,21.395901],[39.884471,21.395984],[39.884754,21.396055],[39.885285,21.396103],[39.88544,21.39614],[39.885633,21.396215],[39.885788,21.396315],[39.886376,21.396799],[39.886632,21.396937],[39.887066,21.397052],[39.887122,21.397067],[39.887662,21.397056],[39.89015,21.395924],[39.892381,21.394909],[39.893021,21.394575],[39.893456,21.394283],[39.893609,21.394158],[39.893721,21.394066],[39.894165,21.393702],[39.894773,21.393204],[39.896259,21.391933],[39.897172,21.391133],[39.899133,21.389417],[39.899363,21.389162],[39.899572,21.388916],[39.899647,21.388823],[39.899738,21.388711],[39.900204,21.388081],[39.90045,21.387688],[39.901347,21.386056],[39.901491,21.385591],[39.901518,21.385428],[39.901502,21.385248],[39.901443,21.385013],[39.901303,21.384842],[39.901105,21.384753],[39.900836,21.384717],[39.900558,21.384773],[39.900375,21.384898],[39.900247,21.385043],[39.900188,21.385198],[39.900166,21.385406],[39.900203,21.385591],[39.900341,21.385945],[39.902134,21.388293],[39.903467,21.39016],[39.904777,21.391926],[39.906077,21.393658],[39.908527,21.39692],[39.90976,21.398562],[39.910401,21.399415],[39.910873,21.399891],[39.911066,21.400051],[39.911393,21.400286],[39.91186,21.40052],[39.912342,21.400695],[39.913266,21.4011],[39.913528,21.401256],[39.913853,21.401385]]}",Admin,55199838-2a1d-4648-afb8-f1389ec5b55c,ضيوف البيت,لا يوجد,2026-05-12 14:01:37,2026-05-12 14:01:37
019e1c7e-3e7a-718d-813d-7c33ec063b4f,3,04:00,08:00,فترة ثالثة,15,3643,8b2033c0-197e-43d7-935a-c37e5ac86561,تروية,a0bc4dde-a22d-4d68-bf95-75f45d362d66,تقليدي رد,c9b6a08b-9db3-4cc8-bfba-162d2ee1544f,مدخل طريق الملك عبدالله - العزيزية,9a0ebb2c-07e1-4943-b97f-938c4ab9d5eb,158,شارع 210,parking,e60dbe00-c3b1-4604-83ee-a2095b636e83,حجاج البر,parking,e60dbe00-c3b1-4604-83ee-a2095b636e83,حجاج البر,,,residence,شركة فيفيان للخدمات الفندقية,camp,3/210,"{""type"":""LineString"",""coordinates"":[[39.863478,21.413702],[39.864287,21.412876],[39.865327,21.411821],[39.865465,21.411682],[39.865773,21.411364],[39.866424,21.410687],[39.866513,21.410762],[39.868553,21.408657],[39.869613,21.407562],[39.869889,21.407322],[39.870641,21.406779],[39.873129,21.404971],[39.873921,21.404413],[39.874476,21.404014],[39.874835,21.403755],[39.875046,21.403601],[39.87569,21.40313],[39.876679,21.402412],[39.87737,21.401909],[39.878002,21.401518],[39.878144,21.401442],[39.878392,21.401307],[39.879401,21.400847],[39.883366,21.399037],[39.884426,21.398552],[39.884352,21.398409],[39.884099,21.397911],[39.884029,21.397519],[39.883907,21.397075],[39.88381,21.396665],[39.883613,21.395952],[39.883437,21.395547],[39.883296,21.395139],[39.883095,21.394449],[39.88306,21.39433],[39.882892,21.393411],[39.882868,21.393262],[39.883076,21.393244],[39.88309,21.39336],[39.883151,21.393861],[39.883281,21.394359],[39.883387,21.394766],[39.883451,21.394994],[39.883531,21.39521]]}",Admin,55199838-2a1d-4648-afb8-f1389ec5b55c,ضيوف البيت,لا يوجد,2026-05-12 14:01:36,2026-05-12 14:01:36
019e1c7e-41d4-71ce-bc42-8d1130bd71f1,1,20:00,23:59,فترة اولى,10,1572,8b2033c0-197e-43d7-935a-c37e5ac86561,تروية,48a174b1-0445-44d5-8d15-f6b484620b5d,ترددي,2214b63a-70fc-4e0d-a01e-a4e7cf4e7673,مدخل الترددي 2 - منى,ef5a2300-521f-4598-83c6-34dd851fdfe4,293,شارع 622,bus_warehouse,646b18f1-18fc-4ce2-b471-ce297eaaa9e4,ترددي 2,bus_warehouse,646b18f1-18fc-4ce2-b471-ce297eaaa9e4,ترددي 2,,,residence,شركة ابراج الهداية الفندقية,camp,4/622,"{""type"":""LineString"",""coordinates"":[[39.876973,21.389724],[39.877948,21.390034],[39.878779,21.390299],[39.878926,21.390339],[39.879114,21.390389],[39.879558,21.390607],[39.880854,21.391498],[39.881567,21.392007],[39.882011,21.392538],[39.882065,21.39262],[39.882396,21.393125],[39.882444,21.393197],[39.882514,21.393265],[39.882609,21.393289],[39.882868,21.393262],[39.883076,21.393244],[39.88309,21.39336],[39.883151,21.393861],[39.883281,21.394359],[39.883387,21.394766],[39.883451,21.394994],[39.883653,21.395277],[39.88386,21.395608],[39.884026,21.395756],[39.884243,21.395901],[39.884471,21.395984],[39.884754,21.396055],[39.885285,21.396103],[39.88544,21.39614],[39.885633,21.396215],[39.885788,21.396315],[39.886376,21.396799],[39.886632,21.396937],[39.887066,21.397052],[39.887122,21.397067],[39.887662,21.397056],[39.89015,21.395924],[39.892381,21.394909],[39.893021,21.394575],[39.893456,21.394283],[39.893609,21.394158],[39.893721,21.394066],[39.894165,21.393702],[39.894773,21.393204],[39.896259,21.391933],[39.897172,21.391133],[39.899133,21.389417],[39.899363,21.389162],[39.899572,21.388916],[39.899647,21.388823],[39.899738,21.388711],[39.900204,21.388081],[39.90045,21.387688],[39.901347,21.386056],[39.901491,21.385591],[39.901518,21.385428],[39.901502,21.385248],[39.901443,21.385013],[39.901303,21.384842],[39.901105,21.384753],[39.900836,21.384717],[39.900558,21.384773],[39.900375,21.384898],[39.900247,21.385043],[39.900188,21.385198],[39.900166,21.385406],[39.900203,21.385591],[39.900341,21.385945],[39.902134,21.388293],[39.903467,21.39016],[39.904777,21.391926],[39.906077,21.393658],[39.908527,21.39692],[39.90976,21.398562],[39.910401,21.399415],[39.910873,21.399891],[39.911066,21.400051],[39.911393,21.400286],[39.91186,21.40052],[39.912342,21.400695],[39.913266,21.4011],[39.913528,21.401256],[39.913853,21.401385]]}",Admin,55199838-2a1d-4648-afb8-f1389ec5b55c,ضيوف البيت,لا يوجد,2026-05-12 14:01:36,2026-05-12 14:01:36
019e1c7e-3f71-716d-be18-6cbfb1a09de1,3,04:00,08:00,فترة ثالثة,15,3560,8b2033c0-197e-43d7-935a-c37e5ac86561,تروية,a0bc4dde-a22d-4d68-bf95-75f45d362d66,تقليدي رد,3544e355-bb3d-4f8f-9f94-86f9e427ef7e,مدخل طريق الملك عبدالله - المعيصم,04907bd3-5dbc-49e4-a1e3-beab7515d49c,532,شارع 633,parking,e60dbe00-c3b1-4604-83ee-a2095b636e83,حجاج البر,parking,e60dbe00-c3b1-4604-83ee-a2095b636e83,حجاج البر,,,residence,شركة رفاق الفندقية,camp,3/633,"{""type"":""LineString"",""coordinates"":[[39.859071,21.42054],[39.858649,21.422282],[39.858659,21.422489],[39.858843,21.422622],[39.85906,21.422668],[39.860177,21.422905],[39.860408,21.422965],[39.860724,21.423075],[39.860694,21.423196],[39.860664,21.423265],[39.860605,21.423321],[39.860578,21.423413],[39.860661,21.423536],[39.861033,21.423962],[39.861874,21.424896],[39.861963,21.424961],[39.861858,21.425055],[39.860571,21.425695],[39.857531,21.427207],[39.857371,21.427325],[39.857324,21.427516],[39.857616,21.427768],[39.857803,21.427942],[39.858208,21.42766],[39.858477,21.42751],[39.858578,21.427456],[39.858688,21.427398],[39.859321,21.427186],[39.860025,21.426955],[39.860749,21.426769],[39.861713,21.426532],[39.862247,21.426366],[39.862485,21.426326],[39.862678,21.426294],[39.862654,21.426395],[39.86256,21.426812],[39.862068,21.428743],[39.861704,21.430149],[39.861585,21.430532],[39.861536,21.430687],[39.861284,21.431166],[39.860689,21.43199],[39.860083,21.432584],[39.859571,21.433139],[39.859066,21.433883],[39.858658,21.434315],[39.858284,21.434707],[39.857099,21.436037],[39.856975,21.436383],[39.857009,21.436695],[39.857198,21.437198],[39.857336,21.437662],[39.857373,21.437772],[39.857456,21.438021],[39.857483,21.438205],[39.857533,21.438548],[39.857592,21.43973],[39.857626,21.440336],[39.857642,21.440684],[39.857663,21.440753],[39.857837,21.441325],[39.857946,21.441498],[39.858185,21.441877],[39.858845,21.443027],[39.858996,21.443241],[39.859553,21.444105],[39.859698,21.444287],[39.86018,21.444895],[39.860947,21.445822],[39.862737,21.447975],[39.864304,21.449796],[39.865196,21.450778],[39.865728,21.451285],[39.866387,21.451797],[39.866866,21.452109],[39.867317,21.452397],[39.867782,21.452646],[39.86814,21.452819],[39.868655,21.453054],[39.869473,21.453356],[39.869862,21.453518],[39.870781,21.453746],[39.875985,21.45484],[39.877029,21.455181],[39.877947,21.455643],[39.880643,21.457552],[39.880992,21.457745],[39.881633,21.458099],[39.883265,21.458741],[39.884219,21.459124],[39.884635,21.45929],[39.885551,21.459563],[39.885867,21.459657],[39.886812,21.459879],[39.887736,21.459902],[39.888228,21.459886],[39.889004,21.459835],[39.889691,21.459763],[39.890504,21.459632],[39.891212,21.459457],[39.891896,21.45921],[39.893023,21.458744],[39.893574,21.458563],[39.894874,21.458052],[39.895475,21.457709],[39.895842,21.457417],[39.896222,21.457028],[39.896445,21.456687],[39.896869,21.455477],[39.896905,21.455364],[39.897496,21.453317],[39.89779,21.452296],[39.898702,21.449522],[39.90065,21.443207],[39.90091,21.442368],[39.900977,21.442153],[39.901083,21.441809],[39.901649,21.439958],[39.902038,21.4387],[39.902588,21.43692],[39.903825,21.432942],[39.904039,21.432138],[39.904114,21.431599],[39.904098,21.431144],[39.903967,21.43058],[39.903919,21.430524]]}",Admin,55199838-2a1d-4648-afb8-f1389ec5b55c,ضيوف البيت,لا يوجد,2026-05-12 14:01:36,2026-05-12 14:01:36
019e1c7e-3b56-723c-b20c-d3f810425294,1,20:00,23:59,فترة اولى,10,1543,8b2033c0-197e-43d7-935a-c37e5ac86561,تروية,48a174b1-0445-44d5-8d15-f6b484620b5d,ترددي,2214b63a-70fc-4e0d-a01e-a4e7cf4e7673,مدخل الترددي 2 - منى,b487739e-1664-42a6-b03f-338113d12d88,283,شارع 616,bus_warehouse,646b18f1-18fc-4ce2-b471-ce297eaaa9e4,ترددي 2,bus_warehouse,646b18f1-18fc-4ce2-b471-ce297eaaa9e4,ترددي 2,,,residence,شركة ابراج الهداية الفندقية,camp,2/616,"{""type"":""LineString"",""coordinates"":[[39.876973,21.389724],[39.877948,21.390034],[39.878779,21.390299],[39.878926,21.390339],[39.879114,21.390389],[39.879558,21.390607],[39.880854,21.391498],[39.881567,21.392007],[39.882011,21.392538],[39.882065,21.39262],[39.882396,21.393125],[39.882444,21.393197],[39.882514,21.393265],[39.882609,21.393289],[39.882868,21.393262],[39.883076,21.393244],[39.88309,21.39336],[39.883151,21.393861],[39.883281,21.394359],[39.883387,21.394766],[39.883451,21.394994],[39.883653,21.395277],[39.88386,21.395608],[39.884026,21.395756],[39.884243,21.395901],[39.884471,21.395984],[39.884754,21.396055],[39.885285,21.396103],[39.88544,21.39614],[39.885633,21.396215],[39.885788,21.396315],[39.886376,21.396799],[39.886632,21.396937],[39.887066,21.397052],[39.887122,21.397067],[39.887662,21.397056],[39.89015,21.395924],[39.892381,21.394909],[39.893021,21.394575],[39.893456,21.394283],[39.893609,21.394158],[39.893721,21.394066],[39.894165,21.393702],[39.894773,21.393204],[39.896259,21.391933],[39.897172,21.391133],[39.899133,21.389417],[39.899363,21.389162],[39.899572,21.388916],[39.899647,21.388823],[39.899738,21.388711],[39.900204,21.388081],[39.90045,21.387688],[39.901347,21.386056],[39.901491,21.385591],[39.901518,21.385428],[39.901502,21.385248],[39.901443,21.385013],[39.901303,21.384842],[39.901105,21.384753],[39.900836,21.384717],[39.900558,21.384773],[39.900375,21.384898],[39.900247,21.385043],[39.900188,21.385198],[39.900166,21.385406],[39.900203,21.385591],[39.900341,21.385945],[39.902134,21.388293],[39.903467,21.39016],[39.904777,21.391926],[39.906077,21.393658],[39.908527,21.39692],[39.90976,21.398562],[39.910401,21.399415],[39.910873,21.399891],[39.911066,21.400051],[39.911393,21.400286],[39.91186,21.40052],[39.912342,21.400695],[39.913266,21.4011],[39.913528,21.401256],[39.913853,21.401385]]}",Admin,55199838-2a1d-4648-afb8-f1389ec5b55c,ضيوف البيت,لا يوجد,2026-05-12 14:01:35,2026-05-12 14:01:35
019e1c7e-3c56-722d-b71a-b888ec7859d5,3,04:00,08:00,فترة ثالثة,15,2369,8b2033c0-197e-43d7-935a-c37e5ac86561,تروية,a0bc4dde-a22d-4d68-bf95-75f45d362d66,تقليدي رد,3544e355-bb3d-4f8f-9f94-86f9e427ef7e,مدخل طريق الملك عبدالله - المعيصم,21fbb907-bdf2-4b99-ae95-b8d0ca7ace53,19,شارع 634,parking,e60dbe00-c3b1-4604-83ee-a2095b636e83,حجاج البر,parking,e60dbe00-c3b1-4604-83ee-a2095b636e83,حجاج البر,,,residence,شركة اسس العقار,camp,2/634,"{""type"":""LineString"",""coordinates"":[[39.847573,21.420241],[39.847498,21.420318],[39.847489,21.420558],[39.847514,21.420936],[39.847346,21.420938],[39.847368,21.421227],[39.847802,21.421211],[39.848334,21.421188],[39.849191,21.421167],[39.849903,21.421197],[39.850629,21.421152],[39.851006,21.421128],[39.851405,21.421135],[39.851909,21.421159],[39.852663,21.421236],[39.853675,21.421372],[39.853827,21.421398],[39.854582,21.421552],[39.855431,21.421768],[39.855511,21.421746],[39.855594,21.421691],[39.855678,21.42158],[39.855908,21.421131],[39.856068,21.420848],[39.856184,21.420716],[39.856355,21.420575],[39.856586,21.42047],[39.85678,21.420421],[39.856978,21.420407],[39.857156,21.420414],[39.857313,21.420394],[39.857462,21.420392],[39.857587,21.420266],[39.858297,21.419511],[39.858366,21.419438],[39.85849,21.419535],[39.858425,21.419606],[39.857239,21.420905],[39.856901,21.421274],[39.856712,21.421565],[39.856603,21.42185],[39.856519,21.422144],[39.856517,21.422425],[39.856545,21.422718],[39.856787,21.424362],[39.856946,21.42544],[39.856991,21.426045],[39.856939,21.426436],[39.856821,21.426768],[39.856625,21.427119],[39.856469,21.427339],[39.857012,21.427373],[39.857324,21.427516],[39.857616,21.427768],[39.857803,21.427942],[39.858208,21.42766],[39.858477,21.42751],[39.858578,21.427456],[39.858688,21.427398],[39.859321,21.427186],[39.860025,21.426955],[39.860749,21.426769],[39.861713,21.426532],[39.862247,21.426366],[39.862485,21.426326],[39.862678,21.426294],[39.862654,21.426395],[39.86256,21.426812],[39.862068,21.428743],[39.861704,21.430149],[39.861585,21.430532],[39.861536,21.430687],[39.861284,21.431166],[39.860689,21.43199],[39.860083,21.432584],[39.859571,21.433139],[39.859066,21.433883],[39.858658,21.434315],[39.858284,21.434707],[39.857099,21.436037],[39.856975,21.436383],[39.857009,21.436695],[39.857198,21.437198],[39.857336,21.437662],[39.857373,21.437772],[39.857456,21.438021],[39.857483,21.438205],[39.857533,21.438548],[39.857592,21.43973],[39.857626,21.440336],[39.857642,21.440684],[39.857663,21.440753],[39.857837,21.441325],[39.857946,21.441498],[39.858185,21.441877],[39.858845,21.443027],[39.858996,21.443241],[39.859553,21.444105],[39.859698,21.444287],[39.86018,21.444895],[39.860947,21.445822],[39.862737,21.447975],[39.864304,21.449796],[39.865196,21.450778],[39.865728,21.451285],[39.866387,21.451797],[39.866866,21.452109],[39.867317,21.452397],[39.867782,21.452646],[39.86814,21.452819],[39.868655,21.453054],[39.869473,21.453356],[39.869862,21.453518],[39.870781,21.453746],[39.875985,21.45484],[39.877029,21.455181],[39.877947,21.455643],[39.880643,21.457552],[39.880992,21.457745],[39.881633,21.458099],[39.883265,21.458741],[39.884219,21.459124],[39.884635,21.45929],[39.885551,21.459563],[39.885867,21.459657],[39.886812,21.459879],[39.887736,21.459902],[39.888228,21.459886],[39.889004,21.459835],[39.889691,21.459763],[39.890504,21.459632],[39.891212,21.459457],[39.891896,21.45921],[39.893023,21.458744],[39.893574,21.458563],[39.894874,21.458052],[39.895475,21.457709],[39.895842,21.457417],[39.896222,21.457028],[39.896445,21.456687],[39.896869,21.455477],[39.896905,21.455364],[39.897496,21.453317],[39.89779,21.452296],[39.898702,21.449522],[39.90065,21.443207],[39.90091,21.442368],[39.900977,21.442153],[39.901083,21.441809],[39.901649,21.439958],[39.902038,21.4387],[39.902588,21.43692],[39.903825,21.432942],[39.904039,21.432138],[39.904114,21.431599],[39.904098,21.431144],[39.903967,21.43058],[39.903919,21.430524]]}",Admin,55199838-2a1d-4648-afb8-f1389ec5b55c,ضيوف البيت,لا يوجد,2026-05-12 14:01:35,2026-05-12 14:01:35
019e1c7e-3d77-7303-a675-f4931d4c00b3,1,20:00,23:59,فترة اولى,15,1618,8b2033c0-197e-43d7-935a-c37e5ac86561,تروية,a0bc4dde-a22d-4d68-bf95-75f45d362d66,تقليدي رد,ba2f406d-8d95-4830-b635-1ba0d2d6825b,مدخل انفاق الجمرات سوق العرب - شارح الحج,d44f05e1-6900-48a8-ab20-749d9fa6bea9,85,شارع 62,parking,e60dbe00-c3b1-4604-83ee-a2095b636e83,حجاج البر,parking,e60dbe00-c3b1-4604-83ee-a2095b636e83,حجاج البر,,,residence,شركة الكناري إن للخدمات الفندقيه,camp,20/62,"{""type"":""LineString"",""coordinates"":[[39.847811,21.434129],[39.848025,21.434012],[39.848153,21.433636],[39.848309,21.433226],[39.848684,21.433337],[39.848946,21.432952],[39.849222,21.432644],[39.849447,21.43246],[39.849924,21.432152],[39.850223,21.432009],[39.850786,21.43208],[39.851505,21.432194],[39.853807,21.432516],[39.854342,21.432602],[39.854528,21.432385],[39.854751,21.432015],[39.855032,21.431585],[39.855441,21.430914],[39.855464,21.430877],[39.855825,21.430302],[39.856465,21.429408],[39.857694,21.428018],[39.857803,21.427942],[39.858208,21.42766],[39.858477,21.42751],[39.858578,21.427456],[39.858688,21.427398],[39.859321,21.427186],[39.860025,21.426955],[39.860749,21.426769],[39.861713,21.426532],[39.862247,21.426366],[39.862485,21.426326],[39.862678,21.426294],[39.862756,21.426283]]}",Admin,55199838-2a1d-4648-afb8-f1389ec5b55c,ضيوف البيت,لا يوجد,2026-05-12 14:01:35,2026-05-12 14:01:35
019e1c7e-3a68-73a3-affd-aae26ba02cc0,3,04:00,08:00,فترة ثالثة,20,2024,8b2033c0-197e-43d7-935a-c37e5ac86561,تروية,48a174b1-0445-44d5-8d15-f6b484620b5d,ترددي,2214b63a-70fc-4e0d-a01e-a4e7cf4e7673,مدخل الترددي 2 - منى,964a0993-80e5-4409-8f23-9ee608ccd2ff,295,شارع 614,bus_warehouse,646b18f1-18fc-4ce2-b471-ce297eaaa9e4,ترددي 2,bus_warehouse,646b18f1-18fc-4ce2-b471-ce297eaaa9e4,ترددي 2,,,residence,شركة ابراج الهداية الفندقية,camp,2/614,"{""type"":""LineString"",""coordinates"":[[39.876973,21.389724],[39.877948,21.390034],[39.878779,21.390299],[39.878926,21.390339],[39.879114,21.390389],[39.879558,21.390607],[39.880854,21.391498],[39.881567,21.392007],[39.882011,21.392538],[39.882065,21.39262],[39.882396,21.393125],[39.882444,21.393197],[39.882514,21.393265],[39.882609,21.393289],[39.882868,21.393262],[39.883076,21.393244],[39.88309,21.39336],[39.883151,21.393861],[39.883281,21.394359],[39.883387,21.394766],[39.883451,21.394994],[39.883653,21.395277],[39.88386,21.395608],[39.884026,21.395756],[39.884243,21.395901],[39.884471,21.395984],[39.884754,21.396055],[39.885285,21.396103],[39.88544,21.39614],[39.885633,21.396215],[39.885788,21.396315],[39.886376,21.396799],[39.886632,21.396937],[39.887066,21.397052],[39.887122,21.397067],[39.887662,21.397056],[39.89015,21.395924],[39.892381,21.394909],[39.893021,21.394575],[39.893456,21.394283],[39.893609,21.394158],[39.893721,21.394066],[39.894165,21.393702],[39.894773,21.393204],[39.896259,21.391933],[39.897172,21.391133],[39.899133,21.389417],[39.899363,21.389162],[39.899572,21.388916],[39.899647,21.388823],[39.899738,21.388711],[39.900204,21.388081],[39.90045,21.387688],[39.901347,21.386056],[39.901491,21.385591],[39.901518,21.385428],[39.901502,21.385248],[39.901443,21.385013],[39.901303,21.384842],[39.901105,21.384753],[39.900836,21.384717],[39.900558,21.384773],[39.900375,21.384898],[39.900247,21.385043],[39.900188,21.385198],[39.900166,21.385406],[39.900203,21.385591],[39.900341,21.385945],[39.902134,21.388293],[39.903467,21.39016],[39.904777,21.391926],[39.906077,21.393658],[39.908527,21.39692],[39.90976,21.398562],[39.910401,21.399415],[39.910873,21.399891],[39.911066,21.400051],[39.911393,21.400286],[39.91186,21.40052],[39.912342,21.400695],[39.913266,21.4011],[39.913528,21.401256],[39.913853,21.401385]]}",Admin,55199838-2a1d-4648-afb8-f1389ec5b55c,ضيوف البيت,لا يوجد,2026-05-12 14:01:35,2026-05-12 14:01:35
019e1c7e-3963-7280-bcae-6c41e064de49,2,00:00,03:59,فترة ثانية,10,1401,8b2033c0-197e-43d7-935a-c37e5ac86561,تروية,48a174b1-0445-44d5-8d15-f6b484620b5d,ترددي,2214b63a-70fc-4e0d-a01e-a4e7cf4e7673,مدخل الترددي 2 - منى,323779a5-5872-47d5-b909-50fb829df242,287,شارع 547,bus_warehouse,646b18f1-18fc-4ce2-b471-ce297eaaa9e4,ترددي 2,bus_warehouse,646b18f1-18fc-4ce2-b471-ce297eaaa9e4,ترددي 2,,,residence,شركة ابراج الهداية الفندقية,camp,2/547,"{""type"":""LineString"",""coordinates"":[[39.876973,21.389724],[39.877948,21.390034],[39.878779,21.390299],[39.878926,21.390339],[39.879114,21.390389],[39.879558,21.390607],[39.880854,21.391498],[39.881567,21.392007],[39.882011,21.392538],[39.882065,21.39262],[39.882396,21.393125],[39.882444,21.393197],[39.882514,21.393265],[39.882609,21.393289],[39.882868,21.393262],[39.883076,21.393244],[39.88309,21.39336],[39.883151,21.393861],[39.883281,21.394359],[39.883387,21.394766],[39.883451,21.394994],[39.883653,21.395277],[39.88386,21.395608],[39.884026,21.395756],[39.884243,21.395901],[39.884471,21.395984],[39.884754,21.396055],[39.885285,21.396103],[39.88544,21.39614],[39.885633,21.396215],[39.885788,21.396315],[39.886376,21.396799],[39.886632,21.396937],[39.887066,21.397052],[39.887122,21.397067],[39.887662,21.397056],[39.89015,21.395924],[39.892381,21.394909],[39.893021,21.394575],[39.893456,21.394283],[39.893609,21.394158],[39.893721,21.394066],[39.894165,21.393702],[39.894773,21.393204],[39.896259,21.391933],[39.897172,21.391133],[39.899133,21.389417],[39.899363,21.389162],[39.899572,21.388916],[39.899647,21.388823],[39.899738,21.388711],[39.900204,21.388081],[39.90045,21.387688],[39.901347,21.386056],[39.901491,21.385591],[39.901518,21.385428],[39.901502,21.385248],[39.901443,21.385013],[39.901303,21.384842],[39.901105,21.384753],[39.900836,21.384717],[39.900558,21.384773],[39.900375,21.384898],[39.900247,21.385043],[39.900188,21.385198],[39.900166,21.385406],[39.900203,21.385591],[39.900341,21.385945],[39.902134,21.388293],[39.903467,21.39016],[39.904777,21.391926],[39.906077,21.393658],[39.908527,21.39692],[39.90976,21.398562],[39.910401,21.399415],[39.910873,21.399891],[39.911066,21.400051],[39.911393,21.400286],[39.91186,21.40052],[39.912342,21.400695],[39.913266,21.4011],[39.913528,21.401256],[39.913853,21.401385]]}",Admin,55199838-2a1d-4648-afb8-f1389ec5b55c,ضيوف البيت,لا يوجد,2026-05-12 14:01:34,2026-05-12 14:01:34
019e1c7e-370a-730a-ae19-0592a4e337a3,2,00:00,03:59,فترة ثانية,15,1407,8b2033c0-197e-43d7-935a-c37e5ac86561,تروية,a0bc4dde-a22d-4d68-bf95-75f45d362d66,تقليدي رد,7e7e21be-788f-4408-bc11-279c05bf480a,مدخل انفاق الجمرات الجوهرة - شارح الحج,bcebb1ce-dfeb-4ae6-95b3-48d8ed9726d5,141,شارع 56,parking,e60dbe00-c3b1-4604-83ee-a2095b636e83,حجاج البر,parking,e60dbe00-c3b1-4604-83ee-a2095b636e83,حجاج البر,,,residence,شركة ديار الامارات للخدمات الفندقيه,camp,17/56,"{""type"":""LineString"",""coordinates"":[[39.875047,21.402121],[39.874846,21.402266],[39.875529,21.403096],[39.875616,21.403033],[39.87569,21.40313],[39.876679,21.402412],[39.87737,21.401909],[39.878002,21.401518],[39.878144,21.401442],[39.878224,21.401599],[39.878085,21.401676],[39.877587,21.401978],[39.875685,21.403319],[39.875271,21.403623],[39.875148,21.403694],[39.875087,21.403731],[39.874767,21.403981],[39.874024,21.404541],[39.873704,21.404785],[39.873437,21.404961],[39.873398,21.404987],[39.873222,21.405102],[39.870999,21.406751],[39.870103,21.407381],[39.869872,21.40758],[39.867755,21.409738],[39.867381,21.410119],[39.867271,21.410232],[39.866179,21.411353],[39.863733,21.41389],[39.862971,21.414657],[39.862891,21.414738],[39.860752,21.417063],[39.859194,21.418766],[39.85849,21.419535],[39.858425,21.419606],[39.857239,21.420905],[39.856901,21.421274],[39.856712,21.421565],[39.856603,21.42185],[39.856519,21.422144],[39.856517,21.422425],[39.856545,21.422718],[39.856787,21.424362],[39.856946,21.42544],[39.856991,21.426045],[39.856939,21.426436],[39.856821,21.426768],[39.856625,21.427119],[39.856469,21.427339],[39.857012,21.427373],[39.857324,21.427516],[39.857616,21.427768],[39.857803,21.427942],[39.858208,21.42766],[39.858477,21.42751],[39.858578,21.427456],[39.858688,21.427398],[39.859321,21.427186],[39.860025,21.426955],[39.860749,21.426769],[39.861713,21.426532],[39.862247,21.426366],[39.862485,21.426326],[39.862678,21.426294],[39.862756,21.426283]]}",Admin,55199838-2a1d-4648-afb8-f1389ec5b55c,ضيوف البيت,لا يوجد,2026-05-12 14:01:34,2026-05-12 14:01:34
019e1c7e-3862-721b-9f54-3198005716e0,1,20:00,23:59,فترة اولى,15,1788,8b2033c0-197e-43d7-935a-c37e5ac86561,تروية,48a174b1-0445-44d5-8d15-f6b484620b5d,ترددي,2214b63a-70fc-4e0d-a01e-a4e7cf4e7673,مدخل الترددي 2 - منى,b5e540a3-3c8d-4837-ba9f-745db4583278,289,شارع 542,bus_warehouse,646b18f1-18fc-4ce2-b471-ce297eaaa9e4,ترددي 2,bus_warehouse,646b18f1-18fc-4ce2-b471-ce297eaaa9e4,ترددي 2,,,residence,شركة الماسة المشاعر لتشغيل الفنادق,camp,2/542,"{""type"":""LineString"",""coordinates"":[[39.859095,21.436083],[39.859318,21.435924],[39.863056,21.433543],[39.862728,21.433553],[39.862567,21.433527],[39.862322,21.433443],[39.862138,21.433351],[39.861944,21.433219],[39.86162,21.432907],[39.861247,21.432536],[39.860957,21.432349],[39.860648,21.432224],[39.86039,21.432189],[39.86001,21.432245],[39.859702,21.432414],[39.859437,21.432709],[39.858845,21.433738],[39.858684,21.433616],[39.858487,21.433465],[39.858412,21.433392],[39.858058,21.433045],[39.857881,21.432828],[39.857839,21.432735],[39.857796,21.432638],[39.857163,21.432733],[39.856516,21.432781],[39.855576,21.432803],[39.85504,21.432816],[39.854379,21.432753],[39.854194,21.432732],[39.854342,21.432602],[39.854528,21.432385],[39.854751,21.432015],[39.855032,21.431585],[39.855441,21.430914],[39.855464,21.430877],[39.855825,21.430302],[39.856465,21.429408],[39.857694,21.428018],[39.857208,21.427639],[39.85682,21.4275],[39.856377,21.427459],[39.856187,21.427381],[39.856303,21.427264],[39.856465,21.427075],[39.856561,21.426867],[39.856717,21.426548],[39.856807,21.426235],[39.856788,21.425604],[39.856715,21.425078],[39.856551,21.424078],[39.856519,21.423903],[39.856393,21.42305],[39.856339,21.422512],[39.856352,21.422095],[39.856419,21.421808],[39.856519,21.421544],[39.856673,21.421301],[39.85681,21.421127],[39.857462,21.420392],[39.857587,21.420266],[39.858297,21.419511],[39.858366,21.419438],[39.858916,21.418816],[39.859453,21.418242],[39.860483,21.417098],[39.861377,21.416104],[39.862745,21.414626],[39.862825,21.414546],[39.86331,21.414048],[39.86555,21.411751],[39.866513,21.410762],[39.868553,21.408657],[39.869613,21.407562],[39.869889,21.407322],[39.870641,21.406779],[39.873129,21.404971],[39.873921,21.404413],[39.874476,21.404014],[39.874835,21.403755],[39.875046,21.403601],[39.87569,21.40313],[39.876679,21.402412],[39.87737,21.401909],[39.878002,21.401518],[39.878144,21.401442],[39.878392,21.401307],[39.879401,21.400847],[39.883366,21.399037],[39.884426,21.398552],[39.885932,21.397834],[39.887662,21.397056],[39.89015,21.395924],[39.892381,21.394909],[39.893021,21.394575],[39.893456,21.394283],[39.893609,21.394158],[39.893721,21.394066],[39.894165,21.393702],[39.894773,21.393204],[39.896259,21.391933],[39.897172,21.391133],[39.899133,21.389417],[39.899363,21.389162],[39.899572,21.388916],[39.899647,21.388823],[39.899738,21.388711],[39.900204,21.388081],[39.90045,21.387688],[39.901347,21.386056],[39.901491,21.385591],[39.901518,21.385428],[39.901502,21.385248],[39.901443,21.385013],[39.901303,21.384842],[39.901105,21.384753],[39.900836,21.384717],[39.900558,21.384773],[39.900375,21.384898],[39.900247,21.385043],[39.900188,21.385198],[39.900166,21.385406],[39.900203,21.385591],[39.900341,21.385945],[39.902134,21.388293],[39.903467,21.39016],[39.904777,21.391926],[39.906077,21.393658],[39.908527,21.39692],[39.90976,21.398562],[39.910401,21.399415],[39.910873,21.399891],[39.911066,21.400051],[39.911393,21.400286],[39.91186,21.40052],[39.912342,21.400695],[39.913266,21.4011],[39.913528,21.401256],[39.913853,21.401385]]}",Admin,55199838-2a1d-4648-afb8-f1389ec5b55c,ضيوف البيت,لا يوجد,2026-05-12 14:01:34,2026-05-12 14:01:34
019e1c7e-3377-7144-92dc-c73ee46bd1e0,2,00:00,03:59,فترة ثانية,20,3427,8b2033c0-197e-43d7-935a-c37e5ac86561,تروية,9fc47c58-d9e9-45e0-9d66-6da9f5c4fc85,قطار,7e7e21be-788f-4408-bc11-279c05bf480a,مدخل انفاق الجمرات الجوهرة - شارح الحج,3689e567-2eab-443a-8cd3-ba89b7b6ff01,140,شارع 56,parking,4b152c54-b526-49fb-86d9-409334589cfb,الاسناد القطار,parking,4b152c54-b526-49fb-86d9-409334589cfb,الاسناد القطار,,,residence,شركة بلورة الدرة للخدمات الفندقيه,camp,12/56,"{""type"":""LineString"",""coordinates"":[[39.821757,21.414235],[39.821773,21.414813],[39.822161,21.41501],[39.822246,21.41511],[39.822307,21.415127],[39.822575,21.415058],[39.822375,21.414442],[39.821984,21.41363],[39.821965,21.413339],[39.82194,21.413279],[39.821811,21.412978],[39.821689,21.412677],[39.821415,21.412278],[39.821074,21.411474],[39.82098,21.411311],[39.820796,21.411053],[39.820984,21.411131],[39.821133,21.411136],[39.823693,21.411142],[39.824304,21.411081],[39.824887,21.411008],[39.825237,21.411168],[39.825421,21.411175],[39.826244,21.411237],[39.826886,21.411302],[39.827521,21.411412],[39.828145,21.411568],[39.828755,21.411768],[39.829346,21.412011],[39.829915,21.412296],[39.830459,21.41262],[39.830967,21.412947],[39.831555,21.413389],[39.831888,21.41372],[39.832941,21.414696],[39.833376,21.415051],[39.834147,21.415815],[39.835112,21.417126],[39.83545,21.417568],[39.835596,21.417809],[39.836159,21.418816],[39.836387,21.419342],[39.836499,21.419828],[39.836585,21.420383],[39.836663,21.421152],[39.836678,21.421615],[39.836627,21.42254],[39.83658,21.423004],[39.836524,21.423363],[39.836362,21.424044],[39.836231,21.424443],[39.8361,21.424782],[39.834917,21.42702],[39.834795,21.427241],[39.834514,21.427898],[39.834311,21.428241],[39.834026,21.428641],[39.834009,21.428721],[39.834023,21.428834],[39.834092,21.428968],[39.834276,21.429063],[39.839238,21.429498],[39.840112,21.429579],[39.842782,21.429811],[39.84341,21.42991],[39.843926,21.430004],[39.844347,21.430084],[39.845486,21.430359],[39.846236,21.430555],[39.847035,21.430847],[39.847521,21.431051],[39.848236,21.431382],[39.848826,21.431678],[39.849363,21.431853],[39.850032,21.431985],[39.850223,21.432009],[39.850786,21.43208],[39.851505,21.432194],[39.853807,21.432516],[39.854342,21.432602],[39.854528,21.432385],[39.854751,21.432015],[39.855032,21.431585],[39.855441,21.430914],[39.855464,21.430877],[39.855825,21.430302],[39.856465,21.429408],[39.857694,21.428018],[39.857803,21.427942],[39.858208,21.42766],[39.858477,21.42751],[39.858578,21.427456],[39.858688,21.427398],[39.859321,21.427186],[39.860025,21.426955],[39.860749,21.426769],[39.861713,21.426532],[39.862247,21.426366],[39.862485,21.426326],[39.862678,21.426294],[39.862756,21.426283]]}",Admin,55199838-2a1d-4648-afb8-f1389ec5b55c,ضيوف البيت,لا يوجد,2026-05-12 14:01:33,2026-05-12 14:01:33
019e1c7e-35fd-7048-85aa-623327d8f1f4,1,20:00,23:59,فترة اولى,20,3505,8b2033c0-197e-43d7-935a-c37e5ac86561,تروية,a0bc4dde-a22d-4d68-bf95-75f45d362d66,تقليدي رد,c9b6a08b-9db3-4cc8-bfba-162d2ee1544f,مدخل طريق الملك عبدالله - العزيزية,10f5882e-70df-4fce-b600-f27c0569e345,170,شارع 643,parking,e60dbe00-c3b1-4604-83ee-a2095b636e83,حجاج البر,parking,e60dbe00-c3b1-4604-83ee-a2095b636e83,حجاج البر,,,residence,شركة فندق ابراج الكسوة الفندقية,camp,16/643,"{""type"":""LineString"",""coordinates"":[[39.813252,21.429236],[39.813337,21.429237],[39.814102,21.429366],[39.814608,21.429377],[39.815364,21.429323],[39.815756,21.429319],[39.816731,21.429223],[39.817332,21.429189],[39.817543,21.429056],[39.817746,21.428918],[39.817901,21.428782],[39.81819,21.4284],[39.818399,21.427942],[39.818749,21.42726],[39.819285,21.426512],[39.819372,21.426378],[39.819606,21.426021],[39.819838,21.425482],[39.820027,21.424948],[39.820096,21.424676],[39.820093,21.424556],[39.820058,21.424428],[39.819915,21.424157],[39.819837,21.424095],[39.819732,21.424045],[39.81951,21.424005],[39.819349,21.424009],[39.818696,21.424095],[39.818506,21.424106],[39.818339,21.42409],[39.818091,21.424109],[39.816302,21.424249],[39.814901,21.424394],[39.814513,21.424411],[39.814207,21.424402],[39.814037,21.424379],[39.81389,21.424253],[39.81416,21.424288],[39.814583,21.424301],[39.8149,21.424294],[39.816324,21.424159],[39.817715,21.424025],[39.817839,21.424015],[39.818018,21.424003],[39.818758,21.423956],[39.819167,21.423893],[39.819468,21.423825],[39.819616,21.423779],[39.819737,21.423712],[39.82102,21.422308],[39.821255,21.422148],[39.821521,21.422043],[39.8218,21.42196],[39.822147,21.421864],[39.822382,21.421761],[39.822573,21.421647],[39.822791,21.421489],[39.823573,21.420862],[39.823754,21.420759],[39.824375,21.420476],[39.824726,21.420372],[39.825105,21.420284],[39.825955,21.420176],[39.826362,21.420149],[39.826554,21.420136],[39.826763,21.420141],[39.827464,21.420235],[39.828747,21.420466],[39.829051,21.420521],[39.829896,21.420637],[39.830672,21.420741],[39.830929,21.420773],[39.831535,21.420838],[39.83191,21.420945],[39.832039,21.421015],[39.832183,21.421174],[39.832273,21.421282],[39.833266,21.422326],[39.83351,21.422555],[39.833692,21.42261],[39.833898,21.422641],[39.834238,21.422617],[39.834413,21.422597],[39.834643,21.422554],[39.842963,21.421445],[39.843901,21.421349],[39.844575,21.421303],[39.845233,21.42127],[39.846332,21.421259],[39.847368,21.421227],[39.847802,21.421211],[39.848334,21.421188],[39.849191,21.421167],[39.850454,21.421049],[39.851183,21.420947],[39.851521,21.420819],[39.851827,21.42067],[39.852143,21.420443],[39.852385,21.420171],[39.853182,21.4192],[39.853454,21.418683],[39.853662,21.418375],[39.854049,21.41786],[39.854388,21.417419],[39.854815,21.416871],[39.854832,21.41685],[39.855039,21.416754],[39.856199,21.415212],[39.856915,21.414028],[39.857548,21.412983],[39.859613,21.409567],[39.860347,21.408343],[39.861218,21.406891],[39.861848,21.405711],[39.862293,21.404805],[39.862648,21.403944],[39.863146,21.402736],[39.864457,21.399575],[39.864667,21.399101],[39.865353,21.397787],[39.865604,21.397353],[39.865839,21.397027],[39.866002,21.396835],[39.866639,21.39624],[39.867089,21.395886],[39.869109,21.394312],[39.87078,21.393016],[39.871413,21.392421],[39.871914,21.39181],[39.87245,21.39099],[39.872511,21.39085],[39.872815,21.390147],[39.873089,21.389359],[39.873632,21.387748],[39.873794,21.387223],[39.87407,21.386327],[39.874115,21.385744],[39.874141,21.385156],[39.87435,21.384466],[39.874406,21.384327],[39.874475,21.384217],[39.874577,21.384167],[39.874671,21.384162],[39.874872,21.38419],[39.875036,21.384267],[39.875103,21.384342],[39.875149,21.384429],[39.875162,21.384517],[39.875135,21.384632],[39.874937,21.385255],[39.874524,21.385901],[39.87417,21.386626],[39.873912,21.387434],[39.873864,21.387944],[39.873808,21.388107],[39.873629,21.388677],[39.873994,21.388795],[39.876326,21.389517],[39.877948,21.390034],[39.878779,21.390299],[39.878926,21.390339],[39.879114,21.390389],[39.879558,21.390607],[39.880854,21.391498],[39.881567,21.392007],[39.882011,21.392538],[39.882065,21.39262],[39.882396,21.393125],[39.882444,21.393197],[39.882514,21.393265],[39.882609,21.393289],[39.882868,21.393262],[39.883076,21.393244],[39.88309,21.39336],[39.883151,21.393861],[39.883281,21.394359],[39.883387,21.394766],[39.883451,21.394994],[39.883531,21.39521]]}",Admin,55199838-2a1d-4648-afb8-f1389ec5b55c,ضيوف البيت,لا يوجد,2026-05-12 14:01:33,2026-05-12 14:01:33
019e1c7e-346a-7286-8d66-2f9811cb8a0b,3,04:00,08:00,فترة ثالثة,15,1611,8b2033c0-197e-43d7-935a-c37e5ac86561,تروية,48a174b1-0445-44d5-8d15-f6b484620b5d,ترددي,2214b63a-70fc-4e0d-a01e-a4e7cf4e7673,مدخل الترددي 2 - منى,8cdbd6d4-a13c-4c76-8dbd-d54525594577,279,شارع 614,bus_warehouse,646b18f1-18fc-4ce2-b471-ce297eaaa9e4,ترددي 2,bus_warehouse,646b18f1-18fc-4ce2-b471-ce297eaaa9e4,ترددي 2,,,residence,شركة ابراج الهداية الفندقية,camp,12/614,"{""type"":""LineString"",""coordinates"":[[39.876973,21.389724],[39.877948,21.390034],[39.878779,21.390299],[39.878926,21.390339],[39.879114,21.390389],[39.879558,21.390607],[39.880854,21.391498],[39.881567,21.392007],[39.882011,21.392538],[39.882065,21.39262],[39.882396,21.393125],[39.882444,21.393197],[39.882514,21.393265],[39.882609,21.393289],[39.882868,21.393262],[39.883076,21.393244],[39.88309,21.39336],[39.883151,21.393861],[39.883281,21.394359],[39.883387,21.394766],[39.883451,21.394994],[39.883653,21.395277],[39.88386,21.395608],[39.884026,21.395756],[39.884243,21.395901],[39.884471,21.395984],[39.884754,21.396055],[39.885285,21.396103],[39.88544,21.39614],[39.885633,21.396215],[39.885788,21.396315],[39.886376,21.396799],[39.886632,21.396937],[39.887066,21.397052],[39.887122,21.397067],[39.887662,21.397056],[39.89015,21.395924],[39.892381,21.394909],[39.893021,21.394575],[39.893456,21.394283],[39.893609,21.394158],[39.893721,21.394066],[39.894165,21.393702],[39.894773,21.393204],[39.896259,21.391933],[39.897172,21.391133],[39.899133,21.389417],[39.899363,21.389162],[39.899572,21.388916],[39.899647,21.388823],[39.899738,21.388711],[39.900204,21.388081],[39.90045,21.387688],[39.901347,21.386056],[39.901491,21.385591],[39.901518,21.385428],[39.901502,21.385248],[39.901443,21.385013],[39.901303,21.384842],[39.901105,21.384753],[39.900836,21.384717],[39.900558,21.384773],[39.900375,21.384898],[39.900247,21.385043],[39.900188,21.385198],[39.900166,21.385406],[39.900203,21.385591],[39.900341,21.385945],[39.902134,21.388293],[39.903467,21.39016],[39.904777,21.391926],[39.906077,21.393658],[39.908527,21.39692],[39.90976,21.398562],[39.910401,21.399415],[39.910873,21.399891],[39.911066,21.400051],[39.911393,21.400286],[39.91186,21.40052],[39.912342,21.400695],[39.913266,21.4011],[39.913528,21.401256],[39.913853,21.401385]]}",Admin,55199838-2a1d-4648-afb8-f1389ec5b55c,ضيوف البيت,لا يوجد,2026-05-12 14:01:33,2026-05-12 14:01:33
019e1c7e-3286-7177-aad6-61cf9616cc34,2,00:00,03:59,فترة ثانية,15,1856,8b2033c0-197e-43d7-935a-c37e5ac86561,تروية,48a174b1-0445-44d5-8d15-f6b484620b5d,ترددي,2214b63a-70fc-4e0d-a01e-a4e7cf4e7673,مدخل الترددي 2 - منى,9c413bae-6278-4eba-8470-f4634cd736f8,278,شارع 612,bus_warehouse,646b18f1-18fc-4ce2-b471-ce297eaaa9e4,ترددي 2,bus_warehouse,646b18f1-18fc-4ce2-b471-ce297eaaa9e4,ترددي 2,,,residence,شركة ابراج الهداية الفندقية,camp,11/612,"{""type"":""LineString"",""coordinates"":[[39.876973,21.389724],[39.877948,21.390034],[39.878779,21.390299],[39.878926,21.390339],[39.879114,21.390389],[39.879558,21.390607],[39.880854,21.391498],[39.881567,21.392007],[39.882011,21.392538],[39.882065,21.39262],[39.882396,21.393125],[39.882444,21.393197],[39.882514,21.393265],[39.882609,21.393289],[39.882868,21.393262],[39.883076,21.393244],[39.88309,21.39336],[39.883151,21.393861],[39.883281,21.394359],[39.883387,21.394766],[39.883451,21.394994],[39.883653,21.395277],[39.88386,21.395608],[39.884026,21.395756],[39.884243,21.395901],[39.884471,21.395984],[39.884754,21.396055],[39.885285,21.396103],[39.88544,21.39614],[39.885633,21.396215],[39.885788,21.396315],[39.886376,21.396799],[39.886632,21.396937],[39.887066,21.397052],[39.887122,21.397067],[39.887662,21.397056],[39.89015,21.395924],[39.892381,21.394909],[39.893021,21.394575],[39.893456,21.394283],[39.893609,21.394158],[39.893721,21.394066],[39.894165,21.393702],[39.894773,21.393204],[39.896259,21.391933],[39.897172,21.391133],[39.899133,21.389417],[39.899363,21.389162],[39.899572,21.388916],[39.899647,21.388823],[39.899738,21.388711],[39.900204,21.388081],[39.90045,21.387688],[39.901347,21.386056],[39.901491,21.385591],[39.901518,21.385428],[39.901502,21.385248],[39.901443,21.385013],[39.901303,21.384842],[39.901105,21.384753],[39.900836,21.384717],[39.900558,21.384773],[39.900375,21.384898],[39.900247,21.385043],[39.900188,21.385198],[39.900166,21.385406],[39.900203,21.385591],[39.900341,21.385945],[39.902134,21.388293],[39.903467,21.39016],[39.904777,21.391926],[39.906077,21.393658],[39.908527,21.39692],[39.90976,21.398562],[39.910401,21.399415],[39.910873,21.399891],[39.911066,21.400051],[39.911393,21.400286],[39.91186,21.40052],[39.912342,21.400695],[39.913266,21.4011],[39.913528,21.401256],[39.913853,21.401385]]}",Admin,55199838-2a1d-4648-afb8-f1389ec5b55c,ضيوف البيت,لا يوجد,2026-05-12 14:01:33,2026-05-12 14:01:33
019e1c7e-304c-7117-b17d-438bfbfc2eb7,1,20:00,23:59,فترة اولى,10,1762,8b2033c0-197e-43d7-935a-c37e5ac86561,تروية,48a174b1-0445-44d5-8d15-f6b484620b5d,ترددي,2214b63a-70fc-4e0d-a01e-a4e7cf4e7673,مدخل الترددي 2 - منى,6b531ca9-5c8c-4ffd-87c8-3b961c4c44b0,535,شارع 618,bus_warehouse,646b18f1-18fc-4ce2-b471-ce297eaaa9e4,ترددي 2,bus_warehouse,646b18f1-18fc-4ce2-b471-ce297eaaa9e4,ترددي 2,,,residence,شركة الماسة المشاعر لتشغيل الفنادق,camp,1/618,"{""type"":""LineString"",""coordinates"":[[39.859095,21.436083],[39.859318,21.435924],[39.863056,21.433543],[39.862728,21.433553],[39.862567,21.433527],[39.862322,21.433443],[39.862138,21.433351],[39.861944,21.433219],[39.86162,21.432907],[39.861247,21.432536],[39.860957,21.432349],[39.860648,21.432224],[39.86039,21.432189],[39.86001,21.432245],[39.859702,21.432414],[39.859437,21.432709],[39.858845,21.433738],[39.858684,21.433616],[39.858487,21.433465],[39.858412,21.433392],[39.858058,21.433045],[39.857881,21.432828],[39.857839,21.432735],[39.857796,21.432638],[39.857163,21.432733],[39.856516,21.432781],[39.855576,21.432803],[39.85504,21.432816],[39.854379,21.432753],[39.854194,21.432732],[39.854342,21.432602],[39.854528,21.432385],[39.854751,21.432015],[39.855032,21.431585],[39.855441,21.430914],[39.855464,21.430877],[39.855825,21.430302],[39.856465,21.429408],[39.857694,21.428018],[39.857208,21.427639],[39.85682,21.4275],[39.856377,21.427459],[39.856187,21.427381],[39.856303,21.427264],[39.856465,21.427075],[39.856561,21.426867],[39.856717,21.426548],[39.856807,21.426235],[39.856788,21.425604],[39.856715,21.425078],[39.856551,21.424078],[39.856519,21.423903],[39.856393,21.42305],[39.856339,21.422512],[39.856352,21.422095],[39.856419,21.421808],[39.856519,21.421544],[39.856673,21.421301],[39.85681,21.421127],[39.857462,21.420392],[39.857587,21.420266],[39.858297,21.419511],[39.858366,21.419438],[39.858916,21.418816],[39.859453,21.418242],[39.860483,21.417098],[39.861377,21.416104],[39.862745,21.414626],[39.862825,21.414546],[39.86331,21.414048],[39.86555,21.411751],[39.866513,21.410762],[39.868553,21.408657],[39.869613,21.407562],[39.869889,21.407322],[39.870641,21.406779],[39.873129,21.404971],[39.873921,21.404413],[39.874476,21.404014],[39.874835,21.403755],[39.875046,21.403601],[39.87569,21.40313],[39.876679,21.402412],[39.87737,21.401909],[39.878002,21.401518],[39.878144,21.401442],[39.878392,21.401307],[39.879401,21.400847],[39.883366,21.399037],[39.884426,21.398552],[39.885932,21.397834],[39.887662,21.397056],[39.89015,21.395924],[39.892381,21.394909],[39.893021,21.394575],[39.893456,21.394283],[39.893609,21.394158],[39.893721,21.394066],[39.894165,21.393702],[39.894773,21.393204],[39.896259,21.391933],[39.897172,21.391133],[39.899133,21.389417],[39.899363,21.389162],[39.899572,21.388916],[39.899647,21.388823],[39.899738,21.388711],[39.900204,21.388081],[39.90045,21.387688],[39.901347,21.386056],[39.901491,21.385591],[39.901518,21.385428],[39.901502,21.385248],[39.901443,21.385013],[39.901303,21.384842],[39.901105,21.384753],[39.900836,21.384717],[39.900558,21.384773],[39.900375,21.384898],[39.900247,21.385043],[39.900188,21.385198],[39.900166,21.385406],[39.900203,21.385591],[39.900341,21.385945],[39.902134,21.388293],[39.903467,21.39016],[39.904777,21.391926],[39.906077,21.393658],[39.908527,21.39692],[39.90976,21.398562],[39.910401,21.399415],[39.910873,21.399891],[39.911066,21.400051],[39.911393,21.400286],[39.91186,21.40052],[39.912342,21.400695],[39.913266,21.4011],[39.913528,21.401256],[39.913853,21.401385]]}",Admin,55199838-2a1d-4648-afb8-f1389ec5b55c,ضيوف البيت,لا يوجد,2026-05-12 14:01:32,2026-05-12 14:01:32
019e1c7e-2f2c-71e3-b988-5a9aa652328e,2,00:00,03:59,فترة ثانية,15,1919,8b2033c0-197e-43d7-935a-c37e5ac86561,تروية,48a174b1-0445-44d5-8d15-f6b484620b5d,ترددي,2214b63a-70fc-4e0d-a01e-a4e7cf4e7673,مدخل الترددي 2 - منى,832e27fb-6883-4aa4-924c-9718fb639eff,344,شارع 612,bus_warehouse,646b18f1-18fc-4ce2-b471-ce297eaaa9e4,ترددي 2,bus_warehouse,646b18f1-18fc-4ce2-b471-ce297eaaa9e4,ترددي 2,,,residence,شركة الامد العربي المحدودة شركة شخص واحد,camp,1/612,"{""type"":""LineString"",""coordinates"":[[39.846067,21.441176],[39.846157,21.440852],[39.845804,21.440678],[39.845486,21.440596],[39.845059,21.440519],[39.844994,21.440514],[39.844932,21.440112],[39.843643,21.440314],[39.842913,21.440429],[39.842512,21.440465],[39.841827,21.440528],[39.840787,21.440586],[39.840455,21.440598],[39.840303,21.440603],[39.840091,21.440542],[39.84002,21.440496],[39.840005,21.440445],[39.840036,21.440391],[39.840104,21.440352],[39.84036,21.440324],[39.841393,21.440367],[39.841808,21.440362],[39.842553,21.440275],[39.843757,21.440068],[39.843993,21.440025],[39.844215,21.439994],[39.844874,21.439736],[39.845132,21.439535],[39.846352,21.438582],[39.846581,21.43837],[39.847095,21.437365],[39.847655,21.436002],[39.847933,21.435353],[39.848006,21.435183],[39.847978,21.435106],[39.847985,21.435016],[39.84803,21.434839],[39.848269,21.4343],[39.84845,21.433836],[39.848684,21.433337],[39.848946,21.432952],[39.849222,21.432644],[39.849447,21.43246],[39.849924,21.432152],[39.850223,21.432009],[39.850569,21.431846],[39.85127,21.431556],[39.851797,21.431288],[39.852096,21.431109],[39.85236,21.430894],[39.853159,21.430049],[39.853339,21.429859],[39.853562,21.429624],[39.853914,21.429253],[39.854323,21.428883],[39.854714,21.428543],[39.855154,21.42816],[39.855576,21.427793],[39.856134,21.427285],[39.856323,21.427072],[39.856561,21.426867],[39.856717,21.426548],[39.856807,21.426235],[39.856788,21.425604],[39.856715,21.425078],[39.856551,21.424078],[39.856519,21.423903],[39.856393,21.42305],[39.856339,21.422512],[39.856352,21.422095],[39.856419,21.421808],[39.856519,21.421544],[39.856673,21.421301],[39.85681,21.421127],[39.857462,21.420392],[39.857587,21.420266],[39.858297,21.419511],[39.858366,21.419438],[39.858916,21.418816],[39.859453,21.418242],[39.860483,21.417098],[39.861377,21.416104],[39.862745,21.414626],[39.862825,21.414546],[39.86331,21.414048],[39.86555,21.411751],[39.866513,21.410762],[39.868553,21.408657],[39.869613,21.407562],[39.869889,21.407322],[39.870641,21.406779],[39.873129,21.404971],[39.873921,21.404413],[39.874476,21.404014],[39.874835,21.403755],[39.875046,21.403601],[39.87569,21.40313],[39.876679,21.402412],[39.87737,21.401909],[39.878002,21.401518],[39.878144,21.401442],[39.878392,21.401307],[39.879401,21.400847],[39.883366,21.399037],[39.884426,21.398552],[39.885932,21.397834],[39.887662,21.397056],[39.89015,21.395924],[39.892381,21.394909],[39.893021,21.394575],[39.893456,21.394283],[39.893609,21.394158],[39.893721,21.394066],[39.894165,21.393702],[39.894773,21.393204],[39.896259,21.391933],[39.897172,21.391133],[39.899133,21.389417],[39.899363,21.389162],[39.899572,21.388916],[39.899647,21.388823],[39.899738,21.388711],[39.900204,21.388081],[39.90045,21.387688],[39.901347,21.386056],[39.901491,21.385591],[39.901518,21.385428],[39.901502,21.385248],[39.901443,21.385013],[39.901303,21.384842],[39.901105,21.384753],[39.900836,21.384717],[39.900558,21.384773],[39.900375,21.384898],[39.900247,21.385043],[39.900188,21.385198],[39.900166,21.385406],[39.900203,21.385591],[39.900341,21.385945],[39.902134,21.388293],[39.903467,21.39016],[39.904777,21.391926],[39.906077,21.393658],[39.908527,21.39692],[39.90976,21.398562],[39.910401,21.399415],[39.910873,21.399891],[39.911066,21.400051],[39.911393,21.400286],[39.91186,21.40052],[39.912342,21.400695],[39.913266,21.4011],[39.913528,21.401256],[39.913853,21.401385]]}",Admin,55199838-2a1d-4648-afb8-f1389ec5b55c,ضيوف البيت,لا يوجد,2026-05-12 14:01:32,2026-05-12 14:01:32
019e1c7e-3189-738e-94ee-499318eabc13,1,20:00,23:59,فترة اولى,20,4532,8b2033c0-197e-43d7-935a-c37e5ac86561,تروية,a0bc4dde-a22d-4d68-bf95-75f45d362d66,تقليدي رد,c9b6a08b-9db3-4cc8-bfba-162d2ee1544f,مدخل طريق الملك عبدالله - العزيزية,aa16f9ff-2bfc-430e-adc0-b8d6cec812fc,181,شارع 210,parking,e60dbe00-c3b1-4604-83ee-a2095b636e83,حجاج البر,parking,e60dbe00-c3b1-4604-83ee-a2095b636e83,حجاج البر,,,residence,شركة الضيافة الراقية الفندقية,camp,11/210,"{""type"":""LineString"",""coordinates"":[[39.857563,21.418136],[39.857716,21.417903],[39.858066,21.417521],[39.858477,21.417254],[39.859101,21.416993],[39.859855,21.416713],[39.860324,21.416524],[39.860743,21.41639],[39.861029,21.416298],[39.861181,21.41614],[39.862037,21.415237],[39.862143,21.415125],[39.862651,21.41459],[39.863095,21.414119],[39.86331,21.414048],[39.86555,21.411751],[39.866513,21.410762],[39.868553,21.408657],[39.869613,21.407562],[39.869889,21.407322],[39.870641,21.406779],[39.873129,21.404971],[39.873921,21.404413],[39.874476,21.404014],[39.874835,21.403755],[39.875046,21.403601],[39.87569,21.40313],[39.876679,21.402412],[39.87737,21.401909],[39.878002,21.401518],[39.878144,21.401442],[39.878392,21.401307],[39.879401,21.400847],[39.883366,21.399037],[39.884426,21.398552],[39.884352,21.398409],[39.884099,21.397911],[39.884029,21.397519],[39.883907,21.397075],[39.88381,21.396665],[39.883613,21.395952],[39.883437,21.395547],[39.883296,21.395139],[39.883095,21.394449],[39.88306,21.39433],[39.882892,21.393411],[39.882868,21.393262],[39.883076,21.393244],[39.88309,21.39336],[39.883151,21.393861],[39.883281,21.394359],[39.883387,21.394766],[39.883451,21.394994],[39.883531,21.39521]]}",Admin,55199838-2a1d-4648-afb8-f1389ec5b55c,ضيوف البيت,لا يوجد,2026-05-12 14:01:32,2026-05-12 14:01:32
019e1c7e-2bb6-710f-9e10-57439ff56196,1,20:00,23:59,فترة اولى,15,988,8b2033c0-197e-43d7-935a-c37e5ac86561,تروية,a0bc4dde-a22d-4d68-bf95-75f45d362d66,تقليدي رد,ba2f406d-8d95-4830-b635-1ba0d2d6825b,مدخل انفاق الجمرات سوق العرب - شارح الحج,99f1c6d7-75be-4577-a300-b83bee052f11,472,شارع 204,parking,7cd11b31-ed19-4e26-ba8c-765318bd0a7c,100-83,parking,7cd11b31-ed19-4e26-ba8c-765318bd0a7c,100-83,,,residence,أوقاف عايد عبدالرحمن العايد,camp,D/204,"{""type"":""LineString"",""coordinates"":[[39.833077,21.375399],[39.833252,21.375165],[39.833289,21.375115],[39.833784,21.374452],[39.834768,21.375077],[39.83689,21.372159],[39.837143,21.372035],[39.838045,21.370804],[39.838885,21.369657],[39.838965,21.369548],[39.839079,21.36963],[39.839004,21.369733],[39.838242,21.370776],[39.835895,21.373987],[39.833844,21.3768],[39.831637,21.379826],[39.83034,21.381632],[39.829518,21.382776],[39.829244,21.383137],[39.829189,21.383211],[39.828715,21.383626],[39.828431,21.383911],[39.827708,21.384644],[39.827385,21.38498],[39.826916,21.385466],[39.826458,21.386109],[39.826192,21.386505],[39.825998,21.386888],[39.825813,21.387255],[39.825626,21.387709],[39.825586,21.388053],[39.825638,21.389006],[39.825686,21.389719],[39.825696,21.389873],[39.825763,21.390999],[39.825788,21.391749],[39.825856,21.393954],[39.825918,21.396391],[39.825933,21.39701],[39.825982,21.397221],[39.826016,21.397368],[39.826041,21.397549],[39.82622,21.397997],[39.826719,21.39863],[39.827038,21.398967],[39.827474,21.399302],[39.827695,21.399439],[39.827905,21.399542],[39.828208,21.399666],[39.828355,21.399713],[39.830001,21.400294],[39.830227,21.400426],[39.830399,21.40055],[39.830548,21.400703],[39.830673,21.400923],[39.830725,21.401124],[39.830734,21.40143],[39.830679,21.402099],[39.830533,21.403128],[39.830371,21.404266],[39.830138,21.405686],[39.83004,21.406161],[39.829538,21.408329],[39.829293,21.409483],[39.829211,21.40995],[39.829031,21.410604],[39.829016,21.410708],[39.829032,21.410834],[39.829189,21.411227],[39.82919,21.411378],[39.829162,21.411558],[39.829331,21.411618],[39.829612,21.411754],[39.829986,21.411986],[39.830311,21.412249],[39.830592,21.412449],[39.831075,21.412894],[39.831555,21.413389],[39.831888,21.41372],[39.832941,21.414696],[39.833376,21.415051],[39.834147,21.415815],[39.835112,21.417126],[39.83545,21.417568],[39.835596,21.417809],[39.836159,21.418816],[39.836387,21.419342],[39.836499,21.419828],[39.836585,21.420383],[39.836663,21.421152],[39.836678,21.421615],[39.836627,21.42254],[39.83658,21.423004],[39.836524,21.423363],[39.836362,21.424044],[39.836231,21.424443],[39.8361,21.424782],[39.834917,21.42702],[39.834795,21.427241],[39.834514,21.427898],[39.834311,21.428241],[39.834026,21.428641],[39.834009,21.428721],[39.834023,21.428834],[39.834092,21.428968],[39.834276,21.429063],[39.839238,21.429498],[39.840112,21.429579],[39.842782,21.429811],[39.84341,21.42991],[39.843926,21.430004],[39.844347,21.430084],[39.845486,21.430359],[39.846236,21.430555],[39.847035,21.430847],[39.847521,21.431051],[39.848236,21.431382],[39.848826,21.431678],[39.849363,21.431853],[39.850032,21.431985],[39.850223,21.432009],[39.850786,21.43208],[39.851505,21.432194],[39.853807,21.432516],[39.854342,21.432602],[39.854528,21.432385],[39.854751,21.432015],[39.855032,21.431585],[39.855441,21.430914],[39.855464,21.430877],[39.855825,21.430302],[39.856465,21.429408],[39.857694,21.428018],[39.857803,21.427942],[39.858208,21.42766],[39.858477,21.42751],[39.858578,21.427456],[39.858688,21.427398],[39.859321,21.427186],[39.860025,21.426955],[39.860749,21.426769],[39.861713,21.426532],[39.862247,21.426366],[39.862485,21.426326],[39.862678,21.426294],[39.862756,21.426283]]}",Admin,47ebda33-29df-486c-96e5-535a9a8fe185,رواف منى,مركز ضيافة العالم 1,2026-05-12 14:01:31,2026-05-12 14:01:31
019e1c7e-2dd0-7276-958e-5806a0b899aa,3,04:00,08:00,فترة ثالثة,20,2064,8b2033c0-197e-43d7-935a-c37e5ac86561,تروية,48a174b1-0445-44d5-8d15-f6b484620b5d,ترددي,2214b63a-70fc-4e0d-a01e-a4e7cf4e7673,مدخل الترددي 2 - منى,55056a21-12df-4c99-834e-dac0ce0921cc,302,شارع 604,bus_warehouse,646b18f1-18fc-4ce2-b471-ce297eaaa9e4,ترددي 2,bus_warehouse,646b18f1-18fc-4ce2-b471-ce297eaaa9e4,ترددي 2,,,residence,شركة العلاء المحدودة,camp,1/604,"{""type"":""LineString"",""coordinates"":[[39.86448,21.419237],[39.863768,21.418689],[39.864255,21.418186],[39.864981,21.417537],[39.865011,21.417083],[39.864929,21.416635],[39.864794,21.416298],[39.864295,21.415797],[39.863776,21.415426],[39.862976,21.414803],[39.862891,21.414738],[39.862745,21.414626],[39.862825,21.414546],[39.86331,21.414048],[39.86555,21.411751],[39.866513,21.410762],[39.868553,21.408657],[39.869613,21.407562],[39.869889,21.407322],[39.870641,21.406779],[39.873129,21.404971],[39.873921,21.404413],[39.874476,21.404014],[39.874835,21.403755],[39.875046,21.403601],[39.87569,21.40313],[39.876679,21.402412],[39.87737,21.401909],[39.878002,21.401518],[39.878144,21.401442],[39.878392,21.401307],[39.879401,21.400847],[39.883366,21.399037],[39.884426,21.398552],[39.885932,21.397834],[39.887662,21.397056],[39.89015,21.395924],[39.892381,21.394909],[39.893021,21.394575],[39.893456,21.394283],[39.893609,21.394158],[39.893721,21.394066],[39.894165,21.393702],[39.894773,21.393204],[39.896259,21.391933],[39.897172,21.391133],[39.899133,21.389417],[39.899363,21.389162],[39.899572,21.388916],[39.899647,21.388823],[39.899738,21.388711],[39.900204,21.388081],[39.90045,21.387688],[39.901347,21.386056],[39.901491,21.385591],[39.901518,21.385428],[39.901502,21.385248],[39.901443,21.385013],[39.901303,21.384842],[39.901105,21.384753],[39.900836,21.384717],[39.900558,21.384773],[39.900375,21.384898],[39.900247,21.385043],[39.900188,21.385198],[39.900166,21.385406],[39.900203,21.385591],[39.900341,21.385945],[39.902134,21.388293],[39.903467,21.39016],[39.904777,21.391926],[39.906077,21.393658],[39.908527,21.39692],[39.90976,21.398562],[39.910401,21.399415],[39.910873,21.399891],[39.911066,21.400051],[39.911393,21.400286],[39.91186,21.40052],[39.912342,21.400695],[39.913266,21.4011],[39.913528,21.401256],[39.913853,21.401385]]}",Admin,55199838-2a1d-4648-afb8-f1389ec5b55c,ضيوف البيت,لا يوجد,2026-05-12 14:01:31,2026-05-12 14:01:31
019e1c7e-2cba-715f-8504-c8bdb2f6bcb1,2,00:00,03:59,فترة ثانية,10,1402,8b2033c0-197e-43d7-935a-c37e5ac86561,تروية,48a174b1-0445-44d5-8d15-f6b484620b5d,ترددي,2214b63a-70fc-4e0d-a01e-a4e7cf4e7673,مدخل الترددي 2 - منى,0bf73cc6-8b3d-488e-9587-65f6b2f716d4,320,شارع 602,bus_warehouse,646b18f1-18fc-4ce2-b471-ce297eaaa9e4,ترددي 2,bus_warehouse,646b18f1-18fc-4ce2-b471-ce297eaaa9e4,ترددي 2,,,residence,شركة ابراج الهداية الفندقية,camp,1/602,"{""type"":""LineString"",""coordinates"":[[39.876973,21.389724],[39.877948,21.390034],[39.878779,21.390299],[39.878926,21.390339],[39.879114,21.390389],[39.879558,21.390607],[39.880854,21.391498],[39.881567,21.392007],[39.882011,21.392538],[39.882065,21.39262],[39.882396,21.393125],[39.882444,21.393197],[39.882514,21.393265],[39.882609,21.393289],[39.882868,21.393262],[39.883076,21.393244],[39.88309,21.39336],[39.883151,21.393861],[39.883281,21.394359],[39.883387,21.394766],[39.883451,21.394994],[39.883653,21.395277],[39.88386,21.395608],[39.884026,21.395756],[39.884243,21.395901],[39.884471,21.395984],[39.884754,21.396055],[39.885285,21.396103],[39.88544,21.39614],[39.885633,21.396215],[39.885788,21.396315],[39.886376,21.396799],[39.886632,21.396937],[39.887066,21.397052],[39.887122,21.397067],[39.887662,21.397056],[39.89015,21.395924],[39.892381,21.394909],[39.893021,21.394575],[39.893456,21.394283],[39.893609,21.394158],[39.893721,21.394066],[39.894165,21.393702],[39.894773,21.393204],[39.896259,21.391933],[39.897172,21.391133],[39.899133,21.389417],[39.899363,21.389162],[39.899572,21.388916],[39.899647,21.388823],[39.899738,21.388711],[39.900204,21.388081],[39.90045,21.387688],[39.901347,21.386056],[39.901491,21.385591],[39.901518,21.385428],[39.901502,21.385248],[39.901443,21.385013],[39.901303,21.384842],[39.901105,21.384753],[39.900836,21.384717],[39.900558,21.384773],[39.900375,21.384898],[39.900247,21.385043],[39.900188,21.385198],[39.900166,21.385406],[39.900203,21.385591],[39.900341,21.385945],[39.902134,21.388293],[39.903467,21.39016],[39.904777,21.391926],[39.906077,21.393658],[39.908527,21.39692],[39.90976,21.398562],[39.910401,21.399415],[39.910873,21.399891],[39.911066,21.400051],[39.911393,21.400286],[39.91186,21.40052],[39.912342,21.400695],[39.913266,21.4011],[39.913528,21.401256],[39.913853,21.401385]]}",Admin,55199838-2a1d-4648-afb8-f1389ec5b55c,ضيوف البيت,لا يوجد,2026-05-12 14:01:31,2026-05-12 14:01:31
019e1c7e-2769-73de-9f64-1e9f3ba88b24,3,04:00,08:00,فترة ثالثة,15,3566,8b2033c0-197e-43d7-935a-c37e5ac86561,تروية,a0bc4dde-a22d-4d68-bf95-75f45d362d66,تقليدي رد,ba2f406d-8d95-4830-b635-1ba0d2d6825b,مدخل انفاق الجمرات سوق العرب - شارح الحج,0f715dc1-625d-4429-ae5f-c900133770a0,109,شارع 206,parking,7cd11b31-ed19-4e26-ba8c-765318bd0a7c,100-83,parking,7cd11b31-ed19-4e26-ba8c-765318bd0a7c,100-83,,,residence,شركة إعمار مليون المحدودة,camp,30/206,"{""type"":""LineString"",""coordinates"":[[39.874186,21.406523],[39.87378,21.40587],[39.87367,21.405692],[39.87392,21.405515],[39.873437,21.404961],[39.873398,21.404987],[39.873222,21.405102],[39.870999,21.406751],[39.870103,21.407381],[39.869872,21.40758],[39.867755,21.409738],[39.867381,21.410119],[39.867271,21.410232],[39.866179,21.411353],[39.863733,21.41389],[39.862971,21.414657],[39.862891,21.414738],[39.860752,21.417063],[39.859194,21.418766],[39.85849,21.419535],[39.858425,21.419606],[39.857239,21.420905],[39.856901,21.421274],[39.856712,21.421565],[39.856603,21.42185],[39.856519,21.422144],[39.856517,21.422425],[39.856545,21.422718],[39.856787,21.424362],[39.856946,21.42544],[39.856991,21.426045],[39.856939,21.426436],[39.856821,21.426768],[39.856625,21.427119],[39.856469,21.427339],[39.857012,21.427373],[39.857324,21.427516],[39.857616,21.427768],[39.857803,21.427942],[39.858208,21.42766],[39.858477,21.42751],[39.858578,21.427456],[39.858688,21.427398],[39.859321,21.427186],[39.860025,21.426955],[39.860749,21.426769],[39.861713,21.426532],[39.862247,21.426366],[39.862485,21.426326],[39.862678,21.426294],[39.862756,21.426283]]}",Admin,47ebda33-29df-486c-96e5-535a9a8fe185,رواف منى,مركز ضيافة أفغانستان 4,2026-05-12 14:01:30,2026-05-12 14:01:30
019e1c7e-2860-71e5-9179-872ecbc1fb15,3,04:00,08:00,فترة ثالثة,15,2988,8b2033c0-197e-43d7-935a-c37e5ac86561,تروية,a0bc4dde-a22d-4d68-bf95-75f45d362d66,تقليدي رد,ba2f406d-8d95-4830-b635-1ba0d2d6825b,مدخل انفاق الجمرات سوق العرب - شارح الحج,200062d3-dd4f-48d2-a9b2-18336c0312f6,512,شارع 204,parking,7cd11b31-ed19-4e26-ba8c-765318bd0a7c,100-83,parking,7cd11b31-ed19-4e26-ba8c-765318bd0a7c,100-83,,,residence,شركة الطلائع الفندقية,camp,41/204,"{""type"":""LineString"",""coordinates"":[[39.812386,21.426859],[39.812634,21.426902],[39.813265,21.42688],[39.812992,21.427689],[39.812898,21.427928],[39.813143,21.429234],[39.812919,21.429339],[39.812727,21.429486],[39.812723,21.429576],[39.812667,21.429649],[39.812625,21.429672],[39.812475,21.430055],[39.812099,21.431124],[39.811847,21.431777],[39.811754,21.432158],[39.811755,21.432246],[39.811838,21.432467],[39.811985,21.432601],[39.813754,21.433557],[39.814073,21.433828],[39.814319,21.43394],[39.815545,21.434493],[39.816909,21.435104],[39.81729,21.435256],[39.817505,21.435318],[39.817713,21.435357],[39.818279,21.435413],[39.818793,21.435364],[39.819236,21.435249],[39.819602,21.435093],[39.820008,21.434853],[39.820188,21.434711],[39.820366,21.434543],[39.820529,21.434352],[39.820933,21.433905],[39.821109,21.433744],[39.82204,21.432987],[39.822531,21.432619],[39.823084,21.432293],[39.823847,21.431891],[39.824194,21.431761],[39.824612,21.43165],[39.825042,21.431576],[39.825724,21.431535],[39.826204,21.431503],[39.826654,21.431502],[39.828038,21.431431],[39.828385,21.431389],[39.829491,21.431189],[39.829943,21.431064],[39.830761,21.430768],[39.831147,21.430473],[39.831442,21.43028],[39.832009,21.429897],[39.832606,21.42945],[39.832778,21.429315],[39.833046,21.429076],[39.833088,21.428984],[39.833126,21.428947],[39.833186,21.428915],[39.833254,21.428902],[39.833324,21.428909],[39.833387,21.428935],[39.833439,21.428979],[39.834276,21.429063],[39.839238,21.429498],[39.840112,21.429579],[39.842782,21.429811],[39.84341,21.42991],[39.843926,21.430004],[39.844347,21.430084],[39.845486,21.430359],[39.846236,21.430555],[39.847035,21.430847],[39.847521,21.431051],[39.848236,21.431382],[39.848826,21.431678],[39.849363,21.431853],[39.850032,21.431985],[39.850223,21.432009],[39.850786,21.43208],[39.851505,21.432194],[39.853807,21.432516],[39.854342,21.432602],[39.854528,21.432385],[39.854751,21.432015],[39.855032,21.431585],[39.855441,21.430914],[39.855464,21.430877],[39.855825,21.430302],[39.856465,21.429408],[39.857694,21.428018],[39.857803,21.427942],[39.858208,21.42766],[39.858477,21.42751],[39.858578,21.427456],[39.858688,21.427398],[39.859321,21.427186],[39.860025,21.426955],[39.860749,21.426769],[39.861713,21.426532],[39.862247,21.426366],[39.862485,21.426326],[39.862678,21.426294],[39.862756,21.426283]]}",Admin,47ebda33-29df-486c-96e5-535a9a8fe185,رواف منى,مركز ضيافة أفغانستان 2,2026-05-12 14:01:30,2026-05-12 14:01:30
019e1c7e-2a59-73a9-b4dc-a74fb3ce9c4d,1,20:00,23:59,فترة اولى,15,2007,8b2033c0-197e-43d7-935a-c37e5ac86561,تروية,a0bc4dde-a22d-4d68-bf95-75f45d362d66,تقليدي رد,3544e355-bb3d-4f8f-9f94-86f9e427ef7e,مدخل طريق الملك عبدالله - المعيصم,d291fe12-a50c-48f3-9f1e-42b16c4fe7e5,22,شارع 25,parking,7cd11b31-ed19-4e26-ba8c-765318bd0a7c,100-83,parking,7cd11b31-ed19-4e26-ba8c-765318bd0a7c,100-83,,,residence,شركة اوتاد المتحدة لتشغيل الفنادق,camp,9/25,"{""type"":""LineString"",""coordinates"":[[39.799519,21.423766],[39.79949,21.423574],[39.799472,21.423457],[39.79793,21.424008],[39.796928,21.424356],[39.79667,21.424413],[39.796477,21.424438],[39.794789,21.424643],[39.793851,21.424735],[39.793139,21.424782],[39.792768,21.424805],[39.792346,21.424839],[39.792287,21.424768],[39.792287,21.424678],[39.792356,21.424599],[39.793628,21.424621],[39.793799,21.424623],[39.794299,21.424595],[39.795987,21.424392],[39.796652,21.424307],[39.796911,21.424251],[39.797347,21.424098],[39.797873,21.423911],[39.798012,21.423863],[39.798564,21.423674],[39.798991,21.423526],[39.801781,21.422521],[39.802388,21.422375],[39.802672,21.422327],[39.80289,21.422308],[39.803555,21.422291],[39.804068,21.42237],[39.804903,21.422555],[39.805273,21.422687],[39.806698,21.4231],[39.808503,21.423408],[39.809005,21.423496],[39.810004,21.423673],[39.812704,21.424079],[39.81389,21.424253],[39.814037,21.424379],[39.811946,21.424069],[39.811476,21.424004],[39.811364,21.423986],[39.811079,21.423938],[39.811049,21.424168],[39.811042,21.424379],[39.811033,21.425028],[39.810993,21.425701],[39.810947,21.426369],[39.810938,21.426519],[39.810901,21.426864],[39.810761,21.427911],[39.810628,21.428564],[39.810524,21.429146],[39.810442,21.429279],[39.810393,21.429797],[39.810337,21.430389],[39.810343,21.43086],[39.81043,21.431371],[39.810642,21.431843],[39.810821,21.432106],[39.811041,21.432291],[39.811277,21.432438],[39.812526,21.43302],[39.813285,21.433392],[39.813455,21.433536],[39.814073,21.433828],[39.814319,21.43394],[39.815545,21.434493],[39.816909,21.435104],[39.81729,21.435256],[39.817505,21.435318],[39.817713,21.435357],[39.818279,21.435413],[39.818793,21.435364],[39.819236,21.435249],[39.819602,21.435093],[39.820008,21.434853],[39.820188,21.434711],[39.820366,21.434543],[39.820529,21.434352],[39.820933,21.433905],[39.821109,21.433744],[39.82204,21.432987],[39.822531,21.432619],[39.823084,21.432293],[39.823847,21.431891],[39.824194,21.431761],[39.824612,21.43165],[39.825042,21.431576],[39.825724,21.431535],[39.826204,21.431503],[39.826644,21.431419],[39.827134,21.431362],[39.827878,21.431318],[39.828202,21.431279],[39.828437,21.431261],[39.828566,21.431299],[39.828651,21.431358],[39.828718,21.431405],[39.828768,21.431505],[39.828793,21.431792],[39.828862,21.432072],[39.829024,21.432481],[39.829234,21.433091],[39.829322,21.433357],[39.829692,21.434225],[39.829898,21.434626],[39.830648,21.435771],[39.831049,21.436301],[39.831387,21.43672],[39.831828,21.437183],[39.832105,21.437477],[39.832876,21.438218],[39.833056,21.438369],[39.833477,21.438676],[39.83449,21.439608],[39.834725,21.439775],[39.835097,21.439958],[39.835535,21.440036],[39.835633,21.44003],[39.83587,21.440014],[39.83608,21.440017],[39.836335,21.439992],[39.836481,21.439992],[39.836576,21.439992],[39.837051,21.440007],[39.837648,21.440052],[39.838387,21.440111],[39.839121,21.440179],[39.839382,21.440225],[39.839586,21.440253],[39.84036,21.440324],[39.841393,21.440367],[39.841808,21.440362],[39.842835,21.440308],[39.843563,21.440207],[39.844756,21.439985],[39.846013,21.439761],[39.847718,21.439446],[39.848404,21.439285],[39.848747,21.439216],[39.850317,21.438848],[39.850575,21.438785],[39.851709,21.438514],[39.852697,21.438318],[39.853281,21.438263],[39.853635,21.438268],[39.854259,21.438326],[39.854843,21.438465],[39.855366,21.438671],[39.855481,21.438745],[39.856021,21.439073],[39.856447,21.439421],[39.856801,21.439807],[39.857129,21.440198],[39.857837,21.441325],[39.857946,21.441498],[39.858185,21.441877],[39.858845,21.443027],[39.858996,21.443241],[39.859553,21.444105],[39.859698,21.444287],[39.86018,21.444895],[39.860947,21.445822],[39.862737,21.447975],[39.864304,21.449796],[39.865196,21.450778],[39.865728,21.451285],[39.866387,21.451797],[39.866866,21.452109],[39.867317,21.452397],[39.867782,21.452646],[39.86814,21.452819],[39.868655,21.453054],[39.869473,21.453356],[39.869862,21.453518],[39.870781,21.453746],[39.875985,21.45484],[39.877029,21.455181],[39.877947,21.455643],[39.880643,21.457552],[39.880992,21.457745],[39.881633,21.458099],[39.883265,21.458741],[39.884219,21.459124],[39.884635,21.45929],[39.885551,21.459563],[39.885867,21.459657],[39.886812,21.459879],[39.887736,21.459902],[39.888228,21.459886],[39.889004,21.459835],[39.889691,21.459763],[39.890504,21.459632],[39.891212,21.459457],[39.891896,21.45921],[39.893023,21.458744],[39.893574,21.458563],[39.894874,21.458052],[39.895475,21.457709],[39.895842,21.457417],[39.896222,21.457028],[39.896445,21.456687],[39.896869,21.455477],[39.896905,21.455364],[39.897496,21.453317],[39.89779,21.452296],[39.898702,21.449522],[39.90065,21.443207],[39.90091,21.442368],[39.900977,21.442153],[39.901083,21.441809],[39.901649,21.439958],[39.902038,21.4387],[39.902588,21.43692],[39.903825,21.432942],[39.904039,21.432138],[39.904114,21.431599],[39.904098,21.431144],[39.903967,21.43058],[39.903919,21.430524]]}",Admin,47ebda33-29df-486c-96e5-535a9a8fe185,رواف منى,مركز ضيافة باكستان 5,2026-05-12 14:01:30,2026-05-12 14:01:30
019e1c7e-294e-71c3-b145-5653c0c52e3e,1,20:00,23:59,فترة اولى,15,3627,8b2033c0-197e-43d7-935a-c37e5ac86561,تروية,48a174b1-0445-44d5-8d15-f6b484620b5d,ترددي,4e968379-67ed-4221-903f-e7351145b578,مدخل الترددي 1 - منى,bef662ba-3ead-4b60-b590-a6d2b5509098,465,شارع 529,bus_warehouse,78d92381-0800-44ed-ad7b-9ff92b62e4b6,ترددي 1,bus_warehouse,78d92381-0800-44ed-ad7b-9ff92b62e4b6,ترددي 1,,,residence,أوقاف عايد عبدالرحمن العايد,camp,6/529,"{""type"":""LineString"",""coordinates"":[[39.833077,21.375399],[39.833252,21.375165],[39.833289,21.375115],[39.833784,21.374452],[39.834768,21.375077],[39.83689,21.372159],[39.837143,21.372035],[39.838045,21.370804],[39.838885,21.369657],[39.838965,21.369548],[39.84604,21.359856],[39.846349,21.359437],[39.8482,21.356925],[39.848523,21.356565],[39.849556,21.354996],[39.850047,21.354266],[39.850862,21.353185],[39.85096,21.353029],[39.851191,21.352605],[39.851272,21.352279],[39.851216,21.351946],[39.851034,21.351561],[39.850792,21.351371],[39.850508,21.351232],[39.850065,21.351179],[39.849669,21.351285],[39.849359,21.351535],[39.849155,21.351867],[39.849079,21.35222],[39.849146,21.352589],[39.84933,21.352904],[39.849656,21.353205],[39.852173,21.354147],[39.856512,21.355806],[39.857801,21.356312],[39.860571,21.357265],[39.862376,21.357822],[39.864398,21.358271],[39.867468,21.35878],[39.870534,21.359239],[39.874253,21.359737],[39.878635,21.360289],[39.879396,21.360424],[39.879925,21.360545],[39.880699,21.360752],[39.881733,21.361166],[39.882172,21.361393],[39.882957,21.361825],[39.88367,21.362323],[39.884148,21.362694],[39.884891,21.363389],[39.885209,21.363687],[39.88597,21.36464],[39.887253,21.366319],[39.88805,21.367424],[39.891567,21.372194],[39.892107,21.372925],[39.893051,21.374201],[39.893714,21.375098],[39.894262,21.375966],[39.895354,21.377855],[39.895593,21.378275],[39.89576,21.378568],[39.896977,21.380708],[39.897435,21.38149],[39.898243,21.382869],[39.899595,21.384952],[39.89996,21.38543],[39.900341,21.385945],[39.902134,21.388293],[39.903467,21.39016],[39.904777,21.391926],[39.906077,21.393658],[39.908527,21.39692],[39.90976,21.398562],[39.910401,21.399415],[39.911031,21.400316],[39.911549,21.401261],[39.911872,21.402078],[39.912199,21.403295],[39.912263,21.404103],[39.912291,21.404463],[39.912243,21.40527],[39.912039,21.406224],[39.911342,21.40799],[39.91131,21.408071],[39.911269,21.408174],[39.910998,21.408861],[39.910953,21.408975]]}",Admin,47ebda33-29df-486c-96e5-535a9a8fe185,رواف منى,مركز ضيافة العالم 1,2026-05-12 14:01:30,2026-05-12 14:01:30
019e1c7e-2667-727c-9010-010bbfaa9fd3,2,00:00,03:59,فترة ثانية,10,1010,8b2033c0-197e-43d7-935a-c37e5ac86561,تروية,a0bc4dde-a22d-4d68-bf95-75f45d362d66,تقليدي رد,3544e355-bb3d-4f8f-9f94-86f9e427ef7e,مدخل طريق الملك عبدالله - المعيصم,1aa7bea5-003d-4a3c-9dc5-448fe7e7491b,606,شارع 608,parking,7cd11b31-ed19-4e26-ba8c-765318bd0a7c,100-83,parking,7cd11b31-ed19-4e26-ba8c-765318bd0a7c,100-83,,,residence,أوقاف عايد عبدالرحمن العايد,camp,22/608,"{""type"":""LineString"",""coordinates"":[[39.833077,21.375399],[39.833252,21.375165],[39.833289,21.375115],[39.833784,21.374452],[39.834768,21.375077],[39.83689,21.372159],[39.837143,21.372035],[39.838045,21.370804],[39.838885,21.369657],[39.838965,21.369548],[39.84604,21.359856],[39.846349,21.359437],[39.8482,21.356925],[39.848523,21.356565],[39.849556,21.354996],[39.850047,21.354266],[39.850862,21.353185],[39.85096,21.353029],[39.851191,21.352605],[39.851272,21.352279],[39.851216,21.351946],[39.851034,21.351561],[39.850792,21.351371],[39.850508,21.351232],[39.850065,21.351179],[39.849669,21.351285],[39.849359,21.351535],[39.849155,21.351867],[39.849079,21.35222],[39.849146,21.352589],[39.84933,21.352904],[39.849656,21.353205],[39.852173,21.354147],[39.856512,21.355806],[39.857801,21.356312],[39.860571,21.357265],[39.862376,21.357822],[39.864398,21.358271],[39.867468,21.35878],[39.870534,21.359239],[39.874253,21.359737],[39.878635,21.360289],[39.879396,21.360424],[39.879925,21.360545],[39.880699,21.360752],[39.881733,21.361166],[39.882172,21.361393],[39.882957,21.361825],[39.88367,21.362323],[39.884148,21.362694],[39.884891,21.363389],[39.885209,21.363687],[39.88597,21.36464],[39.887253,21.366319],[39.88805,21.367424],[39.891567,21.372194],[39.892107,21.372925],[39.893051,21.374201],[39.893714,21.375098],[39.894262,21.375966],[39.895354,21.377855],[39.895593,21.378275],[39.89576,21.378568],[39.896977,21.380708],[39.897435,21.38149],[39.898243,21.382869],[39.899595,21.384952],[39.89996,21.38543],[39.900341,21.385945],[39.902134,21.388293],[39.903467,21.39016],[39.904777,21.391926],[39.906077,21.393658],[39.908527,21.39692],[39.90976,21.398562],[39.910401,21.399415],[39.911031,21.400316],[39.911549,21.401261],[39.911872,21.402078],[39.912199,21.403295],[39.912263,21.404103],[39.912291,21.404463],[39.912243,21.40527],[39.912039,21.406224],[39.911342,21.40799],[39.91131,21.408071],[39.911269,21.408174],[39.910998,21.408861],[39.910486,21.410158],[39.909808,21.412167],[39.909457,21.413531],[39.909053,21.415277],[39.908831,21.416462],[39.908715,21.417082],[39.908394,21.419071],[39.908216,21.419983],[39.908004,21.42081],[39.907512,21.422467],[39.906398,21.426074],[39.906108,21.426966],[39.905624,21.428454],[39.90518,21.429886],[39.904918,21.430727],[39.90478,21.431147],[39.904688,21.431822],[39.904441,21.432966],[39.904457,21.433121],[39.904576,21.433277],[39.904758,21.433391],[39.905005,21.433397],[39.905214,21.433326],[39.905401,21.433141],[39.905503,21.432926],[39.90553,21.432702],[39.905493,21.432413],[39.905348,21.432157],[39.905024,21.43179],[39.904176,21.43082],[39.903967,21.43058],[39.903919,21.430524]]}",Admin,47ebda33-29df-486c-96e5-535a9a8fe185,رواف منى,مركز ضيافة العالم 1,2026-05-12 14:01:29,2026-05-12 14:01:29
019e1c7e-2455-73de-b752-deb98f1b2698,3,04:00,08:00,فترة ثالثة,15,3863,8b2033c0-197e-43d7-935a-c37e5ac86561,تروية,a0bc4dde-a22d-4d68-bf95-75f45d362d66,تقليدي رد,c9b6a08b-9db3-4cc8-bfba-162d2ee1544f,مدخل طريق الملك عبدالله - العزيزية,dab12207-c871-4e13-bc63-aff110669bd7,178,شارع 530,parking,7cd11b31-ed19-4e26-ba8c-765318bd0a7c,100-83,parking,7cd11b31-ed19-4e26-ba8c-765318bd0a7c,100-83,,,residence,شركة إعمار مليون المحدودة,camp,3/530,"{""type"":""LineString"",""coordinates"":[[39.874186,21.406523],[39.87378,21.40587],[39.87367,21.405692],[39.87392,21.405515],[39.873437,21.404961],[39.873398,21.404987],[39.873222,21.405102],[39.870999,21.406751],[39.870103,21.407381],[39.869872,21.40758],[39.867755,21.409738],[39.867381,21.410119],[39.867271,21.410232],[39.867143,21.410289],[39.866699,21.410752],[39.866597,21.410781],[39.866513,21.410762],[39.868553,21.408657],[39.869613,21.407562],[39.869889,21.407322],[39.870641,21.406779],[39.873129,21.404971],[39.873921,21.404413],[39.874476,21.404014],[39.874835,21.403755],[39.875046,21.403601],[39.87569,21.40313],[39.876679,21.402412],[39.87737,21.401909],[39.878002,21.401518],[39.878144,21.401442],[39.878392,21.401307],[39.879401,21.400847],[39.883366,21.399037],[39.884426,21.398552],[39.884352,21.398409],[39.884099,21.397911],[39.884029,21.397519],[39.883907,21.397075],[39.88381,21.396665],[39.883613,21.395952],[39.883437,21.395547],[39.883296,21.395139],[39.883095,21.394449],[39.88306,21.39433],[39.882892,21.393411],[39.882868,21.393262],[39.883076,21.393244],[39.88309,21.39336],[39.883151,21.393861],[39.883281,21.394359],[39.883387,21.394766],[39.883451,21.394994],[39.883531,21.39521]]}",Admin,47ebda33-29df-486c-96e5-535a9a8fe185,رواف منى,مركز ضيافة باكستان 6,2026-05-12 14:01:29,2026-05-12 14:01:29
019e1c7e-256f-7132-b727-78b0aca5d8fa,1,20:00,23:59,فترة اولى,5,436,8b2033c0-197e-43d7-935a-c37e5ac86561,تروية,a0bc4dde-a22d-4d68-bf95-75f45d362d66,تقليدي رد,3544e355-bb3d-4f8f-9f94-86f9e427ef7e,مدخل طريق الملك عبدالله - المعيصم,2eadb037-36ff-4c69-879e-e96a301424b7,503,شارع 216,parking,0dbf5e64-c219-4b75-8580-feb1d03a42ea,150-83,parking,0dbf5e64-c219-4b75-8580-feb1d03a42ea,150-83,,,residence,أوقاف عايد عبدالرحمن العايد,camp,2/216,"{""type"":""LineString"",""coordinates"":[[39.833077,21.375399],[39.833252,21.375165],[39.833289,21.375115],[39.833784,21.374452],[39.834768,21.375077],[39.83689,21.372159],[39.837143,21.372035],[39.838045,21.370804],[39.838885,21.369657],[39.838965,21.369548],[39.84604,21.359856],[39.846349,21.359437],[39.8482,21.356925],[39.848523,21.356565],[39.849556,21.354996],[39.850047,21.354266],[39.850862,21.353185],[39.85096,21.353029],[39.851191,21.352605],[39.851272,21.352279],[39.851216,21.351946],[39.851034,21.351561],[39.850792,21.351371],[39.850508,21.351232],[39.850065,21.351179],[39.849669,21.351285],[39.849359,21.351535],[39.849155,21.351867],[39.849079,21.35222],[39.849146,21.352589],[39.84933,21.352904],[39.849656,21.353205],[39.852173,21.354147],[39.856512,21.355806],[39.857801,21.356312],[39.860571,21.357265],[39.862376,21.357822],[39.864398,21.358271],[39.867468,21.35878],[39.870534,21.359239],[39.874253,21.359737],[39.878635,21.360289],[39.879396,21.360424],[39.879925,21.360545],[39.880699,21.360752],[39.881733,21.361166],[39.882172,21.361393],[39.882957,21.361825],[39.88367,21.362323],[39.884148,21.362694],[39.884891,21.363389],[39.885209,21.363687],[39.88597,21.36464],[39.887253,21.366319],[39.88805,21.367424],[39.891567,21.372194],[39.892107,21.372925],[39.893051,21.374201],[39.893714,21.375098],[39.894262,21.375966],[39.895354,21.377855],[39.895593,21.378275],[39.89576,21.378568],[39.896977,21.380708],[39.897435,21.38149],[39.898243,21.382869],[39.899595,21.384952],[39.89996,21.38543],[39.900341,21.385945],[39.902134,21.388293],[39.903467,21.39016],[39.904777,21.391926],[39.906077,21.393658],[39.908527,21.39692],[39.90976,21.398562],[39.910401,21.399415],[39.911031,21.400316],[39.911549,21.401261],[39.911872,21.402078],[39.912199,21.403295],[39.912263,21.404103],[39.912291,21.404463],[39.912243,21.40527],[39.912039,21.406224],[39.911342,21.40799],[39.91131,21.408071],[39.911269,21.408174],[39.910998,21.408861],[39.910486,21.410158],[39.909808,21.412167],[39.909457,21.413531],[39.909053,21.415277],[39.908831,21.416462],[39.908715,21.417082],[39.908394,21.419071],[39.908216,21.419983],[39.908004,21.42081],[39.907512,21.422467],[39.906398,21.426074],[39.906108,21.426966],[39.905624,21.428454],[39.90518,21.429886],[39.904918,21.430727],[39.90478,21.431147],[39.904688,21.431822],[39.904441,21.432966],[39.904457,21.433121],[39.904576,21.433277],[39.904758,21.433391],[39.905005,21.433397],[39.905214,21.433326],[39.905401,21.433141],[39.905503,21.432926],[39.90553,21.432702],[39.905493,21.432413],[39.905348,21.432157],[39.905024,21.43179],[39.904176,21.43082],[39.903967,21.43058],[39.903919,21.430524]]}",Admin,47ebda33-29df-486c-96e5-535a9a8fe185,رواف منى,مركز ضيافة العالم 1,2026-05-12 14:01:29,2026-05-12 14:01:29
019e1c7e-200f-7062-a5b1-c1da85e3d582,2,00:00,03:59,فترة ثانية,15,3645,8b2033c0-197e-43d7-935a-c37e5ac86561,تروية,a0bc4dde-a22d-4d68-bf95-75f45d362d66,تقليدي رد,ba2f406d-8d95-4830-b635-1ba0d2d6825b,مدخل انفاق الجمرات سوق العرب - شارح الحج,f3cdac30-f7ed-4c8f-954d-42b5fce07d90,117,شارع 206,parking,7cd11b31-ed19-4e26-ba8c-765318bd0a7c,100-83,parking,7cd11b31-ed19-4e26-ba8c-765318bd0a7c,100-83,,,residence,أوقاف عايد عبدالرحمن العايد,camp,16/206,"{""type"":""LineString"",""coordinates"":[[39.833077,21.375399],[39.833252,21.375165],[39.833289,21.375115],[39.833784,21.374452],[39.834768,21.375077],[39.83689,21.372159],[39.837143,21.372035],[39.838045,21.370804],[39.838885,21.369657],[39.838965,21.369548],[39.839079,21.36963],[39.839004,21.369733],[39.838242,21.370776],[39.835895,21.373987],[39.833844,21.3768],[39.831637,21.379826],[39.83034,21.381632],[39.829518,21.382776],[39.829244,21.383137],[39.829189,21.383211],[39.828715,21.383626],[39.828431,21.383911],[39.827708,21.384644],[39.827385,21.38498],[39.826916,21.385466],[39.826458,21.386109],[39.826192,21.386505],[39.825998,21.386888],[39.825813,21.387255],[39.825626,21.387709],[39.825586,21.388053],[39.825638,21.389006],[39.825686,21.389719],[39.825696,21.389873],[39.825763,21.390999],[39.825788,21.391749],[39.825856,21.393954],[39.825918,21.396391],[39.825933,21.39701],[39.825982,21.397221],[39.826016,21.397368],[39.826041,21.397549],[39.82622,21.397997],[39.826719,21.39863],[39.827038,21.398967],[39.827474,21.399302],[39.827695,21.399439],[39.827905,21.399542],[39.828208,21.399666],[39.828355,21.399713],[39.830001,21.400294],[39.830227,21.400426],[39.830399,21.40055],[39.830548,21.400703],[39.830673,21.400923],[39.830725,21.401124],[39.830734,21.40143],[39.830679,21.402099],[39.830533,21.403128],[39.830371,21.404266],[39.830138,21.405686],[39.83004,21.406161],[39.829538,21.408329],[39.829293,21.409483],[39.829211,21.40995],[39.829031,21.410604],[39.829016,21.410708],[39.829032,21.410834],[39.829189,21.411227],[39.82919,21.411378],[39.829162,21.411558],[39.829331,21.411618],[39.829612,21.411754],[39.829986,21.411986],[39.830311,21.412249],[39.830592,21.412449],[39.831075,21.412894],[39.831555,21.413389],[39.831888,21.41372],[39.832941,21.414696],[39.833376,21.415051],[39.834147,21.415815],[39.835112,21.417126],[39.83545,21.417568],[39.835596,21.417809],[39.836159,21.418816],[39.836387,21.419342],[39.836499,21.419828],[39.836585,21.420383],[39.836663,21.421152],[39.836678,21.421615],[39.836627,21.42254],[39.83658,21.423004],[39.836524,21.423363],[39.836362,21.424044],[39.836231,21.424443],[39.8361,21.424782],[39.834917,21.42702],[39.834795,21.427241],[39.834514,21.427898],[39.834311,21.428241],[39.834026,21.428641],[39.834009,21.428721],[39.834023,21.428834],[39.834092,21.428968],[39.834276,21.429063],[39.839238,21.429498],[39.840112,21.429579],[39.842782,21.429811],[39.84341,21.42991],[39.843926,21.430004],[39.844347,21.430084],[39.845486,21.430359],[39.846236,21.430555],[39.847035,21.430847],[39.847521,21.431051],[39.848236,21.431382],[39.848826,21.431678],[39.849363,21.431853],[39.850032,21.431985],[39.850223,21.432009],[39.850786,21.43208],[39.851505,21.432194],[39.853807,21.432516],[39.854342,21.432602],[39.854528,21.432385],[39.854751,21.432015],[39.855032,21.431585],[39.855441,21.430914],[39.855464,21.430877],[39.855825,21.430302],[39.856465,21.429408],[39.857694,21.428018],[39.857803,21.427942],[39.858208,21.42766],[39.858477,21.42751],[39.858578,21.427456],[39.858688,21.427398],[39.859321,21.427186],[39.860025,21.426955],[39.860749,21.426769],[39.861713,21.426532],[39.862247,21.426366],[39.862485,21.426326],[39.862678,21.426294],[39.862756,21.426283]]}",Admin,47ebda33-29df-486c-96e5-535a9a8fe185,رواف منى,مركز ضيافة العالم 1,2026-05-12 14:01:28,2026-05-12 14:01:28
019e1c7e-220b-72dd-b6eb-88de7a705628,2,00:00,03:59,فترة ثانية,10,1475,8b2033c0-197e-43d7-935a-c37e5ac86561,تروية,a0bc4dde-a22d-4d68-bf95-75f45d362d66,تقليدي رد,3544e355-bb3d-4f8f-9f94-86f9e427ef7e,مدخل طريق الملك عبدالله - المعيصم,2eadb037-36ff-4c69-879e-e96a301424b7,503,شارع 216,parking,7cd11b31-ed19-4e26-ba8c-765318bd0a7c,100-83,parking,7cd11b31-ed19-4e26-ba8c-765318bd0a7c,100-83,,,residence,أوقاف عايد عبدالرحمن العايد,camp,2/216,"{""type"":""LineString"",""coordinates"":[[39.833077,21.375399],[39.833252,21.375165],[39.833289,21.375115],[39.833784,21.374452],[39.834768,21.375077],[39.83689,21.372159],[39.837143,21.372035],[39.838045,21.370804],[39.838885,21.369657],[39.838965,21.369548],[39.84604,21.359856],[39.846349,21.359437],[39.8482,21.356925],[39.848523,21.356565],[39.849556,21.354996],[39.850047,21.354266],[39.850862,21.353185],[39.85096,21.353029],[39.851191,21.352605],[39.851272,21.352279],[39.851216,21.351946],[39.851034,21.351561],[39.850792,21.351371],[39.850508,21.351232],[39.850065,21.351179],[39.849669,21.351285],[39.849359,21.351535],[39.849155,21.351867],[39.849079,21.35222],[39.849146,21.352589],[39.84933,21.352904],[39.849656,21.353205],[39.852173,21.354147],[39.856512,21.355806],[39.857801,21.356312],[39.860571,21.357265],[39.862376,21.357822],[39.864398,21.358271],[39.867468,21.35878],[39.870534,21.359239],[39.874253,21.359737],[39.878635,21.360289],[39.879396,21.360424],[39.879925,21.360545],[39.880699,21.360752],[39.881733,21.361166],[39.882172,21.361393],[39.882957,21.361825],[39.88367,21.362323],[39.884148,21.362694],[39.884891,21.363389],[39.885209,21.363687],[39.88597,21.36464],[39.887253,21.366319],[39.88805,21.367424],[39.891567,21.372194],[39.892107,21.372925],[39.893051,21.374201],[39.893714,21.375098],[39.894262,21.375966],[39.895354,21.377855],[39.895593,21.378275],[39.89576,21.378568],[39.896977,21.380708],[39.897435,21.38149],[39.898243,21.382869],[39.899595,21.384952],[39.89996,21.38543],[39.900341,21.385945],[39.902134,21.388293],[39.903467,21.39016],[39.904777,21.391926],[39.906077,21.393658],[39.908527,21.39692],[39.90976,21.398562],[39.910401,21.399415],[39.911031,21.400316],[39.911549,21.401261],[39.911872,21.402078],[39.912199,21.403295],[39.912263,21.404103],[39.912291,21.404463],[39.912243,21.40527],[39.912039,21.406224],[39.911342,21.40799],[39.91131,21.408071],[39.911269,21.408174],[39.910998,21.408861],[39.910486,21.410158],[39.909808,21.412167],[39.909457,21.413531],[39.909053,21.415277],[39.908831,21.416462],[39.908715,21.417082],[39.908394,21.419071],[39.908216,21.419983],[39.908004,21.42081],[39.907512,21.422467],[39.906398,21.426074],[39.906108,21.426966],[39.905624,21.428454],[39.90518,21.429886],[39.904918,21.430727],[39.90478,21.431147],[39.904688,21.431822],[39.904441,21.432966],[39.904457,21.433121],[39.904576,21.433277],[39.904758,21.433391],[39.905005,21.433397],[39.905214,21.433326],[39.905401,21.433141],[39.905503,21.432926],[39.90553,21.432702],[39.905493,21.432413],[39.905348,21.432157],[39.905024,21.43179],[39.904176,21.43082],[39.903967,21.43058],[39.903919,21.430524]]}",Admin,47ebda33-29df-486c-96e5-535a9a8fe185,رواف منى,مركز ضيافة العالم 1,2026-05-12 14:01:28,2026-05-12 14:01:28
019e1c7e-2117-72e9-8595-116b2c542d1f,3,04:00,08:00,فترة ثالثة,15,3796,8b2033c0-197e-43d7-935a-c37e5ac86561,تروية,48a174b1-0445-44d5-8d15-f6b484620b5d,ترددي,4e968379-67ed-4221-903f-e7351145b578,مدخل الترددي 1 - منى,a1d816c7-2fa9-46d6-b61c-053ac37615e1,597,شارع 421,bus_warehouse,78d92381-0800-44ed-ad7b-9ff92b62e4b6,ترددي 1,bus_warehouse,78d92381-0800-44ed-ad7b-9ff92b62e4b6,ترددي 1,,,residence,شركة إعمار مليون المحدودة,camp,16/421,"{""type"":""LineString"",""coordinates"":[[39.874186,21.406523],[39.87378,21.40587],[39.87367,21.405692],[39.87392,21.405515],[39.873437,21.404961],[39.873398,21.404987],[39.873222,21.405102],[39.870999,21.406751],[39.870103,21.407381],[39.869872,21.40758],[39.867755,21.409738],[39.867381,21.410119],[39.867271,21.410232],[39.867143,21.410289],[39.866699,21.410752],[39.866597,21.410781],[39.866513,21.410762],[39.868553,21.408657],[39.869613,21.407562],[39.869889,21.407322],[39.870641,21.406779],[39.873129,21.404971],[39.873921,21.404413],[39.874476,21.404014],[39.874835,21.403755],[39.875046,21.403601],[39.87569,21.40313],[39.876679,21.402412],[39.87737,21.401909],[39.878002,21.401518],[39.878144,21.401442],[39.878392,21.401307],[39.879401,21.400847],[39.883366,21.399037],[39.884426,21.398552],[39.885932,21.397834],[39.887662,21.397056],[39.89015,21.395924],[39.892381,21.394909],[39.893021,21.394575],[39.893456,21.394283],[39.893609,21.394158],[39.893721,21.394066],[39.894165,21.393702],[39.894773,21.393204],[39.896259,21.391933],[39.897172,21.391133],[39.899133,21.389417],[39.899363,21.389162],[39.899572,21.388916],[39.899647,21.388823],[39.899738,21.388711],[39.900204,21.388081],[39.90045,21.387688],[39.901347,21.386056],[39.901491,21.385591],[39.901518,21.385428],[39.901502,21.385248],[39.901443,21.385013],[39.901303,21.384842],[39.901105,21.384753],[39.900836,21.384717],[39.900558,21.384773],[39.900375,21.384898],[39.900247,21.385043],[39.900188,21.385198],[39.900166,21.385406],[39.900203,21.385591],[39.900341,21.385945],[39.902134,21.388293],[39.903467,21.39016],[39.904777,21.391926],[39.906077,21.393658],[39.908527,21.39692],[39.90976,21.398562],[39.910401,21.399415],[39.911031,21.400316],[39.911549,21.401261],[39.911872,21.402078],[39.912199,21.403295],[39.912263,21.404103],[39.912291,21.404463],[39.912243,21.40527],[39.912039,21.406224],[39.911342,21.40799],[39.91131,21.408071],[39.911269,21.408174],[39.910998,21.408861],[39.910953,21.408975]]}",Admin,47ebda33-29df-486c-96e5-535a9a8fe185,رواف منى,مركز ضيافة باكستان 6,2026-05-12 14:01:28,2026-05-12 14:01:28
019e1c7e-1f10-7133-ac14-602af707abf4,2,00:00,03:59,فترة ثانية,20,2519,8b2033c0-197e-43d7-935a-c37e5ac86561,تروية,48a174b1-0445-44d5-8d15-f6b484620b5d,ترددي,4e968379-67ed-4221-903f-e7351145b578,مدخل الترددي 1 - منى,a1576502-01bf-4f66-90ac-a0d69b2c0bcb,591,شارع 408,bus_warehouse,78d92381-0800-44ed-ad7b-9ff92b62e4b6,ترددي 1,bus_warehouse,78d92381-0800-44ed-ad7b-9ff92b62e4b6,ترددي 1,,,residence,شركة إعمار مليون المحدودة,camp,12/408,"{""type"":""LineString"",""coordinates"":[[39.874186,21.406523],[39.87378,21.40587],[39.87367,21.405692],[39.87392,21.405515],[39.873437,21.404961],[39.873398,21.404987],[39.873222,21.405102],[39.870999,21.406751],[39.870103,21.407381],[39.869872,21.40758],[39.867755,21.409738],[39.867381,21.410119],[39.867271,21.410232],[39.867143,21.410289],[39.866699,21.410752],[39.866597,21.410781],[39.866513,21.410762],[39.868553,21.408657],[39.869613,21.407562],[39.869889,21.407322],[39.870641,21.406779],[39.873129,21.404971],[39.873921,21.404413],[39.874476,21.404014],[39.874835,21.403755],[39.875046,21.403601],[39.87569,21.40313],[39.876679,21.402412],[39.87737,21.401909],[39.878002,21.401518],[39.878144,21.401442],[39.878392,21.401307],[39.879401,21.400847],[39.883366,21.399037],[39.884426,21.398552],[39.885932,21.397834],[39.887662,21.397056],[39.89015,21.395924],[39.892381,21.394909],[39.893021,21.394575],[39.893456,21.394283],[39.893609,21.394158],[39.893721,21.394066],[39.894165,21.393702],[39.894773,21.393204],[39.896259,21.391933],[39.897172,21.391133],[39.899133,21.389417],[39.899363,21.389162],[39.899572,21.388916],[39.899647,21.388823],[39.899738,21.388711],[39.900204,21.388081],[39.90045,21.387688],[39.901347,21.386056],[39.901491,21.385591],[39.901518,21.385428],[39.901502,21.385248],[39.901443,21.385013],[39.901303,21.384842],[39.901105,21.384753],[39.900836,21.384717],[39.900558,21.384773],[39.900375,21.384898],[39.900247,21.385043],[39.900188,21.385198],[39.900166,21.385406],[39.900203,21.385591],[39.900341,21.385945],[39.902134,21.388293],[39.903467,21.39016],[39.904777,21.391926],[39.906077,21.393658],[39.908527,21.39692],[39.90976,21.398562],[39.910401,21.399415],[39.911031,21.400316],[39.911549,21.401261],[39.911872,21.402078],[39.912199,21.403295],[39.912263,21.404103],[39.912291,21.404463],[39.912243,21.40527],[39.912039,21.406224],[39.911342,21.40799],[39.91131,21.408071],[39.911269,21.408174],[39.910998,21.408861],[39.910953,21.408975]]}",Admin,47ebda33-29df-486c-96e5-535a9a8fe185,رواف منى,مركز ضيافة باكستان 3,2026-05-12 14:01:28,2026-05-12 14:01:28
019e1c7e-1c70-7101-9059-9184463cf412,2,00:00,03:59,فترة ثانية,15,2291,8b2033c0-197e-43d7-935a-c37e5ac86561,تروية,a0bc4dde-a22d-4d68-bf95-75f45d362d66,تقليدي رد,c9b6a08b-9db3-4cc8-bfba-162d2ee1544f,مدخل طريق الملك عبدالله - العزيزية,6cbb5a5e-1a3f-449b-8231-c50a2f45285d,180,شارع 530,parking,7cd11b31-ed19-4e26-ba8c-765318bd0a7c,100-83,parking,7cd11b31-ed19-4e26-ba8c-765318bd0a7c,100-83,,,residence,شركة اوتاد المتحدة لتشغيل الفنادق,camp,1/530,"{""type"":""LineString"",""coordinates"":[[39.799519,21.423766],[39.79949,21.423574],[39.799472,21.423457],[39.79793,21.424008],[39.796928,21.424356],[39.79667,21.424413],[39.796477,21.424438],[39.794789,21.424643],[39.793851,21.424735],[39.793139,21.424782],[39.792768,21.424805],[39.792346,21.424839],[39.792287,21.424768],[39.792287,21.424678],[39.792356,21.424599],[39.793628,21.424621],[39.793799,21.424623],[39.794299,21.424595],[39.795987,21.424392],[39.796652,21.424307],[39.796911,21.424251],[39.797347,21.424098],[39.797873,21.423911],[39.798012,21.423863],[39.798564,21.423674],[39.798991,21.423526],[39.801781,21.422521],[39.802388,21.422375],[39.802672,21.422327],[39.80289,21.422308],[39.803555,21.422291],[39.804068,21.42237],[39.804903,21.422555],[39.805273,21.422687],[39.806698,21.4231],[39.808503,21.423408],[39.809005,21.423496],[39.810004,21.423673],[39.812704,21.424079],[39.81389,21.424253],[39.81416,21.424288],[39.814583,21.424301],[39.8149,21.424294],[39.816324,21.424159],[39.817715,21.424025],[39.817839,21.424015],[39.818018,21.424003],[39.818758,21.423956],[39.819167,21.423893],[39.819468,21.423825],[39.819616,21.423779],[39.819737,21.423712],[39.82102,21.422308],[39.821255,21.422148],[39.821521,21.422043],[39.8218,21.42196],[39.822147,21.421864],[39.822382,21.421761],[39.822573,21.421647],[39.822791,21.421489],[39.823573,21.420862],[39.823754,21.420759],[39.824375,21.420476],[39.824726,21.420372],[39.825105,21.420284],[39.825955,21.420176],[39.826362,21.420149],[39.826554,21.420136],[39.826763,21.420141],[39.827464,21.420235],[39.828747,21.420466],[39.829051,21.420521],[39.829896,21.420637],[39.830672,21.420741],[39.830929,21.420773],[39.831535,21.420838],[39.83191,21.420945],[39.832039,21.421015],[39.832183,21.421174],[39.832273,21.421282],[39.833266,21.422326],[39.83351,21.422555],[39.833692,21.42261],[39.833898,21.422641],[39.834238,21.422617],[39.834413,21.422597],[39.834643,21.422554],[39.842963,21.421445],[39.843901,21.421349],[39.844575,21.421303],[39.845233,21.42127],[39.846332,21.421259],[39.847368,21.421227],[39.847802,21.421211],[39.848334,21.421188],[39.849191,21.421167],[39.850454,21.421049],[39.851183,21.420947],[39.851521,21.420819],[39.851827,21.42067],[39.852143,21.420443],[39.852385,21.420171],[39.853182,21.4192],[39.853454,21.418683],[39.853662,21.418375],[39.854049,21.41786],[39.854388,21.417419],[39.854815,21.416871],[39.854832,21.41685],[39.855039,21.416754],[39.856199,21.415212],[39.856915,21.414028],[39.857548,21.412983],[39.859613,21.409567],[39.860347,21.408343],[39.861218,21.406891],[39.861848,21.405711],[39.862293,21.404805],[39.862648,21.403944],[39.863146,21.402736],[39.864457,21.399575],[39.864667,21.399101],[39.865353,21.397787],[39.865604,21.397353],[39.865839,21.397027],[39.866002,21.396835],[39.866639,21.39624],[39.867089,21.395886],[39.869109,21.394312],[39.87078,21.393016],[39.871413,21.392421],[39.871914,21.39181],[39.87245,21.39099],[39.872511,21.39085],[39.872815,21.390147],[39.873089,21.389359],[39.873632,21.387748],[39.873794,21.387223],[39.87407,21.386327],[39.874115,21.385744],[39.874141,21.385156],[39.87435,21.384466],[39.874406,21.384327],[39.874475,21.384217],[39.874577,21.384167],[39.874671,21.384162],[39.874872,21.38419],[39.875036,21.384267],[39.875103,21.384342],[39.875149,21.384429],[39.875162,21.384517],[39.875135,21.384632],[39.874937,21.385255],[39.874524,21.385901],[39.87417,21.386626],[39.873912,21.387434],[39.873864,21.387944],[39.873808,21.388107],[39.873629,21.388677],[39.873994,21.388795],[39.876326,21.389517],[39.877948,21.390034],[39.878779,21.390299],[39.878926,21.390339],[39.879114,21.390389],[39.879558,21.390607],[39.880854,21.391498],[39.881567,21.392007],[39.882011,21.392538],[39.882065,21.39262],[39.882396,21.393125],[39.882444,21.393197],[39.882514,21.393265],[39.882609,21.393289],[39.882868,21.393262],[39.883076,21.393244],[39.88309,21.39336],[39.883151,21.393861],[39.883281,21.394359],[39.883387,21.394766],[39.883451,21.394994],[39.883531,21.39521]]}",Admin,47ebda33-29df-486c-96e5-535a9a8fe185,رواف منى,مركز ضيافة باكستان 5,2026-05-12 14:01:27,2026-05-12 14:01:27
019e1c7e-1d98-735e-b190-de5691de68f5,3,04:00,08:00,فترة ثالثة,15,3274,8b2033c0-197e-43d7-935a-c37e5ac86561,تروية,48a174b1-0445-44d5-8d15-f6b484620b5d,ترددي,4e968379-67ed-4221-903f-e7351145b578,مدخل الترددي 1 - منى,e00c685e-66e5-498f-8ba3-2953d39a472b,598,شارع 421,bus_warehouse,78d92381-0800-44ed-ad7b-9ff92b62e4b6,ترددي 1,bus_warehouse,78d92381-0800-44ed-ad7b-9ff92b62e4b6,ترددي 1,,,residence,شركة الطلائع الفندقية,camp,10/421,"{""type"":""LineString"",""coordinates"":[[39.812386,21.426859],[39.812634,21.426902],[39.813265,21.42688],[39.81337,21.42677],[39.813821,21.426978],[39.814216,21.42712],[39.814847,21.427515],[39.814696,21.426957],[39.814634,21.426499],[39.814622,21.426412],[39.814618,21.425851],[39.814617,21.425685],[39.814414,21.425061],[39.814326,21.424811],[39.814168,21.424491],[39.814104,21.424437],[39.814037,21.424379],[39.81389,21.424253],[39.81416,21.424288],[39.814583,21.424301],[39.8149,21.424294],[39.816324,21.424159],[39.817715,21.424025],[39.817839,21.424015],[39.818018,21.424003],[39.818758,21.423956],[39.819167,21.423893],[39.819468,21.423825],[39.819616,21.423779],[39.819737,21.423712],[39.82102,21.422308],[39.821255,21.422148],[39.821521,21.422043],[39.8218,21.42196],[39.822147,21.421864],[39.822382,21.421761],[39.822573,21.421647],[39.822791,21.421489],[39.823573,21.420862],[39.823754,21.420759],[39.824375,21.420476],[39.824726,21.420372],[39.825105,21.420284],[39.825955,21.420176],[39.826362,21.420149],[39.826554,21.420136],[39.826763,21.420141],[39.827464,21.420235],[39.828747,21.420466],[39.829051,21.420521],[39.829896,21.420637],[39.830672,21.420741],[39.830929,21.420773],[39.831535,21.420838],[39.83191,21.420945],[39.832039,21.421015],[39.832183,21.421174],[39.832273,21.421282],[39.833266,21.422326],[39.83351,21.422555],[39.833692,21.42261],[39.833898,21.422641],[39.834238,21.422617],[39.834413,21.422597],[39.834643,21.422554],[39.842963,21.421445],[39.843901,21.421349],[39.844575,21.421303],[39.845233,21.42127],[39.846332,21.421259],[39.847368,21.421227],[39.847802,21.421211],[39.848334,21.421188],[39.849191,21.421167],[39.850454,21.421049],[39.851183,21.420947],[39.851521,21.420819],[39.851827,21.42067],[39.852143,21.420443],[39.852385,21.420171],[39.853182,21.4192],[39.853454,21.418683],[39.853662,21.418375],[39.854049,21.41786],[39.854388,21.417419],[39.854815,21.416871],[39.854832,21.41685],[39.855039,21.416754],[39.856199,21.415212],[39.856915,21.414028],[39.857548,21.412983],[39.859613,21.409567],[39.860347,21.408343],[39.861218,21.406891],[39.861848,21.405711],[39.862293,21.404805],[39.862648,21.403944],[39.863146,21.402736],[39.864457,21.399575],[39.864667,21.399101],[39.865353,21.397787],[39.865604,21.397353],[39.865839,21.397027],[39.866002,21.396835],[39.866639,21.39624],[39.867089,21.395886],[39.869109,21.394312],[39.87078,21.393016],[39.871413,21.392421],[39.871914,21.39181],[39.87245,21.39099],[39.872511,21.39085],[39.872815,21.390147],[39.873089,21.389359],[39.873632,21.387748],[39.873794,21.387223],[39.87407,21.386327],[39.874115,21.385744],[39.874141,21.385156],[39.874177,21.384349],[39.87425,21.384097],[39.874324,21.383912],[39.874375,21.383782],[39.875494,21.384124],[39.875621,21.384163],[39.877628,21.384792],[39.877799,21.384845],[39.881188,21.385907],[39.881609,21.386039],[39.883944,21.386745],[39.885585,21.38727],[39.886236,21.387469],[39.888263,21.388099],[39.889419,21.388485],[39.889529,21.388522],[39.890503,21.388827],[39.892548,21.38947],[39.892976,21.389646],[39.893288,21.389775],[39.893949,21.389932],[39.894388,21.390017],[39.894603,21.390012],[39.895011,21.390022],[39.896599,21.389807],[39.897783,21.38963],[39.898315,21.389587],[39.898723,21.389502],[39.898959,21.389404],[39.899363,21.389162],[39.899572,21.388916],[39.899647,21.388823],[39.899738,21.388711],[39.900204,21.388081],[39.90045,21.387688],[39.901347,21.386056],[39.901491,21.385591],[39.901518,21.385428],[39.901502,21.385248],[39.901443,21.385013],[39.901303,21.384842],[39.901105,21.384753],[39.900836,21.384717],[39.900558,21.384773],[39.900375,21.384898],[39.900247,21.385043],[39.900188,21.385198],[39.900166,21.385406],[39.900203,21.385591],[39.900341,21.385945],[39.902134,21.388293],[39.903467,21.39016],[39.904777,21.391926],[39.906077,21.393658],[39.908527,21.39692],[39.90976,21.398562],[39.910401,21.399415],[39.911031,21.400316],[39.911549,21.401261],[39.911872,21.402078],[39.912199,21.403295],[39.912263,21.404103],[39.912291,21.404463],[39.912243,21.40527],[39.912039,21.406224],[39.911342,21.40799],[39.91131,21.408071],[39.911269,21.408174],[39.910998,21.408861],[39.910953,21.408975]]}",Admin,47ebda33-29df-486c-96e5-535a9a8fe185,رواف منى,مركز ضيافة أفغانستان 3,2026-05-12 14:01:27,2026-05-12 14:01:27
019e1c7e-1aef-72f8-980d-1525a5c97190,1,20:00,23:59,فترة اولى,15,2761,8b2033c0-197e-43d7-935a-c37e5ac86561,تروية,a0bc4dde-a22d-4d68-bf95-75f45d362d66,تقليدي رد,c9b6a08b-9db3-4cc8-bfba-162d2ee1544f,مدخل طريق الملك عبدالله - العزيزية,a735a05b-3c65-4e1c-b74e-1a49b07a2e19,215,شارع 504,parking,0dbf5e64-c219-4b75-8580-feb1d03a42ea,150-83,parking,0dbf5e64-c219-4b75-8580-feb1d03a42ea,150-83,,,residence,أوقاف عايد عبدالرحمن العايد,camp,1/504,"{""type"":""LineString"",""coordinates"":[[39.833077,21.375399],[39.833252,21.375165],[39.833289,21.375115],[39.833784,21.374452],[39.834768,21.375077],[39.83689,21.372159],[39.837143,21.372035],[39.838045,21.370804],[39.838885,21.369657],[39.838965,21.369548],[39.839079,21.36963],[39.839004,21.369733],[39.838242,21.370776],[39.835895,21.373987],[39.833844,21.3768],[39.831637,21.379826],[39.83034,21.381632],[39.829518,21.382776],[39.829244,21.383137],[39.829189,21.383211],[39.828715,21.383626],[39.828431,21.383911],[39.827708,21.384644],[39.828992,21.384535],[39.829244,21.384519],[39.829855,21.38437],[39.831122,21.383987],[39.831785,21.383827],[39.832342,21.383768],[39.832689,21.383765],[39.833425,21.383788],[39.834009,21.38386],[39.834378,21.383974],[39.834634,21.384054],[39.835276,21.384458],[39.835525,21.384616],[39.835729,21.384746],[39.835976,21.384932],[39.836262,21.385178],[39.838411,21.38745],[39.838733,21.387759],[39.839259,21.388169],[39.839699,21.388429],[39.840246,21.388658],[39.840634,21.388749],[39.841231,21.388838],[39.842264,21.388921],[39.843922,21.389083],[39.845957,21.389246],[39.846384,21.389345],[39.847035,21.389539],[39.847266,21.389645],[39.84768,21.389836],[39.848252,21.390213],[39.848953,21.390805],[39.849588,21.39154],[39.850018,21.392085],[39.850446,21.392585],[39.851391,21.393633],[39.851581,21.393812],[39.851774,21.393938],[39.852046,21.394056],[39.852337,21.394122],[39.85254,21.394143],[39.852726,21.394133],[39.852959,21.394071],[39.853614,21.393779],[39.85405,21.393471],[39.854566,21.393024],[39.855648,21.391708],[39.855996,21.391461],[39.856181,21.391287],[39.856525,21.391018],[39.85717,21.390408],[39.857709,21.389855],[39.858217,21.389318],[39.85912,21.388568],[39.862032,21.385524],[39.863018,21.384644],[39.863957,21.384037],[39.86448,21.383738],[39.865047,21.383474],[39.865891,21.383149],[39.866999,21.382837],[39.867992,21.382698],[39.868715,21.382637],[39.869226,21.382632],[39.870011,21.382663],[39.870534,21.38271],[39.871031,21.382805],[39.872226,21.383094],[39.872622,21.383189],[39.87341,21.383495],[39.874256,21.383747],[39.874375,21.383782],[39.875494,21.384124],[39.875621,21.384163],[39.877628,21.384792],[39.877799,21.384845],[39.881188,21.385907],[39.881609,21.386039],[39.883944,21.386745],[39.885585,21.38727],[39.885492,21.387397],[39.885337,21.387606],[39.885146,21.387815],[39.884401,21.388374],[39.884161,21.388603],[39.883976,21.388805],[39.883784,21.389073],[39.883661,21.389262],[39.883397,21.389747],[39.883264,21.390239],[39.883217,21.390412],[39.883086,21.391198],[39.883009,21.391761],[39.883004,21.392121],[39.883034,21.392971],[39.883076,21.393244],[39.88309,21.39336],[39.883151,21.393861],[39.883281,21.394359],[39.883387,21.394766],[39.883451,21.394994],[39.883531,21.39521]]}",Admin,47ebda33-29df-486c-96e5-535a9a8fe185,رواف منى,مركز ضيافة العالم 1,2026-05-12 14:01:27,2026-05-12 14:01:27
019e1c7e-182c-7145-828b-82180592d371,1,20:00,23:59,فترة اولى,20,1554,8b2033c0-197e-43d7-935a-c37e5ac86561,تروية,a0bc4dde-a22d-4d68-bf95-75f45d362d66,تقليدي رد,ba2f406d-8d95-4830-b635-1ba0d2d6825b,مدخل انفاق الجمرات سوق العرب - شارح الحج,a6f91eff-6f9b-4ccf-965e-e7785506187d,106,شارع 114,parking,7cd11b31-ed19-4e26-ba8c-765318bd0a7c,100-83,parking,7cd11b31-ed19-4e26-ba8c-765318bd0a7c,100-83,,,residence,شركة العنوان اجياد الفندقية شخص واحد,camp,6/114,"{""type"":""LineString"",""coordinates"":[[39.833335,21.419907],[39.833261,21.419881],[39.832993,21.419876],[39.832631,21.420178],[39.832374,21.420535],[39.832201,21.420861],[39.832172,21.420967],[39.832168,21.421079],[39.832183,21.421174],[39.832273,21.421282],[39.833266,21.422326],[39.83351,21.422555],[39.833692,21.42261],[39.833898,21.422641],[39.834238,21.422617],[39.834413,21.422597],[39.834643,21.422554],[39.842963,21.421445],[39.843901,21.421349],[39.844575,21.421303],[39.845233,21.42127],[39.846332,21.421259],[39.847368,21.421227],[39.847802,21.421211],[39.848334,21.421188],[39.849191,21.421167],[39.849903,21.421197],[39.850629,21.421152],[39.851006,21.421128],[39.851405,21.421135],[39.851909,21.421159],[39.852663,21.421236],[39.853675,21.421372],[39.853827,21.421398],[39.854582,21.421552],[39.855431,21.421768],[39.855511,21.421746],[39.855594,21.421691],[39.855678,21.42158],[39.855908,21.421131],[39.856068,21.420848],[39.856184,21.420716],[39.856355,21.420575],[39.856586,21.42047],[39.85678,21.420421],[39.856978,21.420407],[39.857156,21.420414],[39.857313,21.420394],[39.857462,21.420392],[39.857587,21.420266],[39.858297,21.419511],[39.858366,21.419438],[39.85849,21.419535],[39.858425,21.419606],[39.857239,21.420905],[39.856901,21.421274],[39.856712,21.421565],[39.856603,21.42185],[39.856519,21.422144],[39.856517,21.422425],[39.856545,21.422718],[39.856787,21.424362],[39.856946,21.42544],[39.856991,21.426045],[39.856939,21.426436],[39.856821,21.426768],[39.856625,21.427119],[39.856469,21.427339],[39.857012,21.427373],[39.857324,21.427516],[39.857616,21.427768],[39.857803,21.427942],[39.858208,21.42766],[39.858477,21.42751],[39.858578,21.427456],[39.858688,21.427398],[39.859321,21.427186],[39.860025,21.426955],[39.860749,21.426769],[39.861713,21.426532],[39.862247,21.426366],[39.862485,21.426326],[39.862678,21.426294],[39.862756,21.426283]]}",Admin,fc35e456-4b8f-4d15-98fe-0eeb012db77d,رفاد,مركز 73,2026-05-12 14:01:26,2026-05-12 14:01:26
019e1c7e-195f-70be-b244-8ab76e57a2d5,3,04:00,08:00,فترة ثالثة,10,193,8b2033c0-197e-43d7-935a-c37e5ac86561,تروية,a0bc4dde-a22d-4d68-bf95-75f45d362d66,تقليدي رد,c9b6a08b-9db3-4cc8-bfba-162d2ee1544f,مدخل طريق الملك عبدالله - العزيزية,a735a05b-3c65-4e1c-b74e-1a49b07a2e19,215,شارع 504,parking,7cd11b31-ed19-4e26-ba8c-765318bd0a7c,100-83,parking,7cd11b31-ed19-4e26-ba8c-765318bd0a7c,100-83,,,residence,أوقاف عايد عبدالرحمن العايد,camp,1/504,"{""type"":""LineString"",""coordinates"":[[39.833077,21.375399],[39.833252,21.375165],[39.833289,21.375115],[39.833784,21.374452],[39.834768,21.375077],[39.83689,21.372159],[39.837143,21.372035],[39.838045,21.370804],[39.838885,21.369657],[39.838965,21.369548],[39.839079,21.36963],[39.839004,21.369733],[39.838242,21.370776],[39.835895,21.373987],[39.833844,21.3768],[39.831637,21.379826],[39.83034,21.381632],[39.829518,21.382776],[39.829244,21.383137],[39.829189,21.383211],[39.828715,21.383626],[39.828431,21.383911],[39.827708,21.384644],[39.828992,21.384535],[39.829244,21.384519],[39.829855,21.38437],[39.831122,21.383987],[39.831785,21.383827],[39.832342,21.383768],[39.832689,21.383765],[39.833425,21.383788],[39.834009,21.38386],[39.834378,21.383974],[39.834634,21.384054],[39.835276,21.384458],[39.835525,21.384616],[39.835729,21.384746],[39.835976,21.384932],[39.836262,21.385178],[39.838411,21.38745],[39.838733,21.387759],[39.839259,21.388169],[39.839699,21.388429],[39.840246,21.388658],[39.840634,21.388749],[39.841231,21.388838],[39.842264,21.388921],[39.843922,21.389083],[39.845957,21.389246],[39.846384,21.389345],[39.847035,21.389539],[39.847266,21.389645],[39.84768,21.389836],[39.848252,21.390213],[39.848953,21.390805],[39.849588,21.39154],[39.850018,21.392085],[39.850446,21.392585],[39.851391,21.393633],[39.851581,21.393812],[39.851774,21.393938],[39.852046,21.394056],[39.852337,21.394122],[39.85254,21.394143],[39.852726,21.394133],[39.852959,21.394071],[39.853614,21.393779],[39.85405,21.393471],[39.854566,21.393024],[39.855648,21.391708],[39.855996,21.391461],[39.856181,21.391287],[39.856525,21.391018],[39.85717,21.390408],[39.857709,21.389855],[39.858217,21.389318],[39.85912,21.388568],[39.862032,21.385524],[39.863018,21.384644],[39.863957,21.384037],[39.86448,21.383738],[39.865047,21.383474],[39.865891,21.383149],[39.866999,21.382837],[39.867992,21.382698],[39.868715,21.382637],[39.869226,21.382632],[39.870011,21.382663],[39.870534,21.38271],[39.871031,21.382805],[39.872226,21.383094],[39.872622,21.383189],[39.87341,21.383495],[39.874256,21.383747],[39.874375,21.383782],[39.875494,21.384124],[39.875621,21.384163],[39.877628,21.384792],[39.877799,21.384845],[39.881188,21.385907],[39.881609,21.386039],[39.883944,21.386745],[39.885585,21.38727],[39.885492,21.387397],[39.885337,21.387606],[39.885146,21.387815],[39.884401,21.388374],[39.884161,21.388603],[39.883976,21.388805],[39.883784,21.389073],[39.883661,21.389262],[39.883397,21.389747],[39.883264,21.390239],[39.883217,21.390412],[39.883086,21.391198],[39.883009,21.391761],[39.883004,21.392121],[39.883034,21.392971],[39.883076,21.393244],[39.88309,21.39336],[39.883151,21.393861],[39.883281,21.394359],[39.883387,21.394766],[39.883451,21.394994],[39.883531,21.39521]]}",Admin,47ebda33-29df-486c-96e5-535a9a8fe185,رواف منى,مركز ضيافة العالم 1,2026-05-12 14:01:26,2026-05-12 14:01:26
019e1c7e-1739-7032-a270-1ba47a86e6b5,3,04:00,08:00,فترة ثالثة,20,1786,8b2033c0-197e-43d7-935a-c37e5ac86561,تروية,a0bc4dde-a22d-4d68-bf95-75f45d362d66,تقليدي رد,ba2f406d-8d95-4830-b635-1ba0d2d6825b,مدخل انفاق الجمرات سوق العرب - شارح الحج,bb28b44b-6fb4-4982-87b9-a65722d70583,71,شارع 204,parking,7cd11b31-ed19-4e26-ba8c-765318bd0a7c,100-83,parking,7cd11b31-ed19-4e26-ba8c-765318bd0a7c,100-83,,,residence,شركة المسار أجياد الفندقية,camp,24/204,"{""type"":""LineString"",""coordinates"":[[39.834574,21.421509],[39.834502,21.421506],[39.834448,21.421704],[39.834472,21.422052],[39.834464,21.422095],[39.834279,21.42241],[39.834306,21.422516],[39.83435,21.422566],[39.834413,21.422597],[39.834643,21.422554],[39.842963,21.421445],[39.843901,21.421349],[39.844575,21.421303],[39.845233,21.42127],[39.846332,21.421259],[39.847368,21.421227],[39.847802,21.421211],[39.848334,21.421188],[39.849191,21.421167],[39.849903,21.421197],[39.850629,21.421152],[39.851006,21.421128],[39.851405,21.421135],[39.851909,21.421159],[39.852663,21.421236],[39.853675,21.421372],[39.853827,21.421398],[39.854582,21.421552],[39.855431,21.421768],[39.855511,21.421746],[39.855594,21.421691],[39.855678,21.42158],[39.855908,21.421131],[39.856068,21.420848],[39.856184,21.420716],[39.856355,21.420575],[39.856586,21.42047],[39.85678,21.420421],[39.856978,21.420407],[39.857156,21.420414],[39.857313,21.420394],[39.857462,21.420392],[39.857587,21.420266],[39.858297,21.419511],[39.858366,21.419438],[39.85849,21.419535],[39.858425,21.419606],[39.857239,21.420905],[39.856901,21.421274],[39.856712,21.421565],[39.856603,21.42185],[39.856519,21.422144],[39.856517,21.422425],[39.856545,21.422718],[39.856787,21.424362],[39.856946,21.42544],[39.856991,21.426045],[39.856939,21.426436],[39.856821,21.426768],[39.856625,21.427119],[39.856469,21.427339],[39.857012,21.427373],[39.857324,21.427516],[39.857616,21.427768],[39.857803,21.427942],[39.858208,21.42766],[39.858477,21.42751],[39.858578,21.427456],[39.858688,21.427398],[39.859321,21.427186],[39.860025,21.426955],[39.860749,21.426769],[39.861713,21.426532],[39.862247,21.426366],[39.862485,21.426326],[39.862678,21.426294],[39.862756,21.426283]]}",Admin,fc35e456-4b8f-4d15-98fe-0eeb012db77d,رفاد,مركز 79,2026-05-12 14:01:26,2026-05-12 14:01:26
019e1c7e-1458-7308-b48b-3ac1d445017a,2,00:00,03:59,فترة ثانية,20,1631,8b2033c0-197e-43d7-935a-c37e5ac86561,تروية,a0bc4dde-a22d-4d68-bf95-75f45d362d66,تقليدي رد,ba2f406d-8d95-4830-b635-1ba0d2d6825b,مدخل انفاق الجمرات سوق العرب - شارح الحج,6c6b433b-68f4-4271-9d86-6706c81fcfa9,81,شارع 62,parking,7cd11b31-ed19-4e26-ba8c-765318bd0a7c,100-83,parking,7cd11b31-ed19-4e26-ba8c-765318bd0a7c,100-83,,,residence,شركة الريان المكية المحدودة,camp,21/62,"{""type"":""LineString"",""coordinates"":[[39.826723,21.419648],[39.827021,21.41898],[39.827148,21.418886],[39.827179,21.418817],[39.827529,21.418104],[39.827777,21.417529],[39.827886,21.417571],[39.827722,21.417898],[39.827241,21.418991],[39.826827,21.420015],[39.82683,21.42009],[39.826859,21.420119],[39.827047,21.420121],[39.827325,21.420097],[39.827545,21.420128],[39.828244,21.420257],[39.829218,21.420457],[39.829615,21.42056],[39.829896,21.420637],[39.830672,21.420741],[39.830929,21.420773],[39.831535,21.420838],[39.83191,21.420945],[39.832039,21.421015],[39.832183,21.421174],[39.832273,21.421282],[39.833266,21.422326],[39.83351,21.422555],[39.833692,21.42261],[39.833898,21.422641],[39.834238,21.422617],[39.834413,21.422597],[39.834643,21.422554],[39.842963,21.421445],[39.843901,21.421349],[39.844575,21.421303],[39.845233,21.42127],[39.846332,21.421259],[39.847368,21.421227],[39.847802,21.421211],[39.848334,21.421188],[39.849191,21.421167],[39.849903,21.421197],[39.850629,21.421152],[39.851006,21.421128],[39.851405,21.421135],[39.851909,21.421159],[39.852663,21.421236],[39.853675,21.421372],[39.853827,21.421398],[39.854582,21.421552],[39.855431,21.421768],[39.855511,21.421746],[39.855594,21.421691],[39.855678,21.42158],[39.855908,21.421131],[39.856068,21.420848],[39.856184,21.420716],[39.856355,21.420575],[39.856586,21.42047],[39.85678,21.420421],[39.856978,21.420407],[39.857156,21.420414],[39.857313,21.420394],[39.857462,21.420392],[39.857587,21.420266],[39.858297,21.419511],[39.858366,21.419438],[39.85849,21.419535],[39.858425,21.419606],[39.857239,21.420905],[39.856901,21.421274],[39.856712,21.421565],[39.856603,21.42185],[39.856519,21.422144],[39.856517,21.422425],[39.856545,21.422718],[39.856787,21.424362],[39.856946,21.42544],[39.856991,21.426045],[39.856939,21.426436],[39.856821,21.426768],[39.856625,21.427119],[39.856469,21.427339],[39.857012,21.427373],[39.857324,21.427516],[39.857616,21.427768],[39.857803,21.427942],[39.858208,21.42766],[39.858477,21.42751],[39.858578,21.427456],[39.858688,21.427398],[39.859321,21.427186],[39.860025,21.426955],[39.860749,21.426769],[39.861713,21.426532],[39.862247,21.426366],[39.862485,21.426326],[39.862678,21.426294],[39.862756,21.426283]]}",Admin,fc35e456-4b8f-4d15-98fe-0eeb012db77d,رفاد,مركز 74,2026-05-12 14:01:25,2026-05-12 14:01:25
019e1c7e-1645-719c-b5fe-5f620d6b7b1e,3,04:00,08:00,فترة ثالثة,20,2053,8b2033c0-197e-43d7-935a-c37e5ac86561,تروية,a0bc4dde-a22d-4d68-bf95-75f45d362d66,تقليدي رد,ba2f406d-8d95-4830-b635-1ba0d2d6825b,مدخل انفاق الجمرات سوق العرب - شارح الحج,d99c79e5-d2a5-4b1f-92d3-e1b42e831b35,80,شارع 62,parking,7cd11b31-ed19-4e26-ba8c-765318bd0a7c,100-83,parking,7cd11b31-ed19-4e26-ba8c-765318bd0a7c,100-83,,,residence,شركة العنوان اجياد الفندقية شخص واحد,camp,23/62,"{""type"":""LineString"",""coordinates"":[[39.833335,21.419907],[39.833261,21.419881],[39.832993,21.419876],[39.832631,21.420178],[39.832374,21.420535],[39.832201,21.420861],[39.832172,21.420967],[39.832168,21.421079],[39.832183,21.421174],[39.832273,21.421282],[39.833266,21.422326],[39.83351,21.422555],[39.833692,21.42261],[39.833898,21.422641],[39.834238,21.422617],[39.834413,21.422597],[39.834643,21.422554],[39.842963,21.421445],[39.843901,21.421349],[39.844575,21.421303],[39.845233,21.42127],[39.846332,21.421259],[39.847368,21.421227],[39.847802,21.421211],[39.848334,21.421188],[39.849191,21.421167],[39.849903,21.421197],[39.850629,21.421152],[39.851006,21.421128],[39.851405,21.421135],[39.851909,21.421159],[39.852663,21.421236],[39.853675,21.421372],[39.853827,21.421398],[39.854582,21.421552],[39.855431,21.421768],[39.855511,21.421746],[39.855594,21.421691],[39.855678,21.42158],[39.855908,21.421131],[39.856068,21.420848],[39.856184,21.420716],[39.856355,21.420575],[39.856586,21.42047],[39.85678,21.420421],[39.856978,21.420407],[39.857156,21.420414],[39.857313,21.420394],[39.857462,21.420392],[39.857587,21.420266],[39.858297,21.419511],[39.858366,21.419438],[39.85849,21.419535],[39.858425,21.419606],[39.857239,21.420905],[39.856901,21.421274],[39.856712,21.421565],[39.856603,21.42185],[39.856519,21.422144],[39.856517,21.422425],[39.856545,21.422718],[39.856787,21.424362],[39.856946,21.42544],[39.856991,21.426045],[39.856939,21.426436],[39.856821,21.426768],[39.856625,21.427119],[39.856469,21.427339],[39.857012,21.427373],[39.857324,21.427516],[39.857616,21.427768],[39.857803,21.427942],[39.858208,21.42766],[39.858477,21.42751],[39.858578,21.427456],[39.858688,21.427398],[39.859321,21.427186],[39.860025,21.426955],[39.860749,21.426769],[39.861713,21.426532],[39.862247,21.426366],[39.862485,21.426326],[39.862678,21.426294],[39.862756,21.426283]]}",Admin,fc35e456-4b8f-4d15-98fe-0eeb012db77d,رفاد,مركز 75,2026-05-12 14:01:25,2026-05-12 14:01:25
019e1c7e-1545-736c-928a-00c13d99424e,1,20:00,23:59,فترة اولى,20,2053,8b2033c0-197e-43d7-935a-c37e5ac86561,تروية,a0bc4dde-a22d-4d68-bf95-75f45d362d66,تقليدي رد,ba2f406d-8d95-4830-b635-1ba0d2d6825b,مدخل انفاق الجمرات سوق العرب - شارح الحج,fe0c5f92-edd4-4999-a0d8-1384067dceb1,131,شارع 204,parking,7cd11b31-ed19-4e26-ba8c-765318bd0a7c,100-83,parking,7cd11b31-ed19-4e26-ba8c-765318bd0a7c,100-83,,,residence,شركة الهجرة واحد الفندقية,camp,22/204,"{""type"":""LineString"",""coordinates"":[[39.823435,21.412867],[39.823186,21.412915],[39.823162,21.413517],[39.822663,21.413517],[39.822762,21.413244],[39.822414,21.413268],[39.822072,21.413234],[39.82194,21.413279],[39.821811,21.412978],[39.821689,21.412677],[39.821415,21.412278],[39.821074,21.411474],[39.82098,21.411311],[39.820796,21.411053],[39.820984,21.411131],[39.821133,21.411136],[39.823693,21.411142],[39.824304,21.411081],[39.824887,21.411008],[39.825237,21.411168],[39.825421,21.411175],[39.826244,21.411237],[39.826886,21.411302],[39.827521,21.411412],[39.828145,21.411568],[39.828755,21.411768],[39.829346,21.412011],[39.829915,21.412296],[39.830459,21.41262],[39.830967,21.412947],[39.831555,21.413389],[39.831888,21.41372],[39.832941,21.414696],[39.833376,21.415051],[39.834147,21.415815],[39.835112,21.417126],[39.83545,21.417568],[39.835596,21.417809],[39.836159,21.418816],[39.836387,21.419342],[39.836499,21.419828],[39.836585,21.420383],[39.836663,21.421152],[39.836678,21.421615],[39.836627,21.42254],[39.83658,21.423004],[39.836524,21.423363],[39.836362,21.424044],[39.836231,21.424443],[39.8361,21.424782],[39.834917,21.42702],[39.834795,21.427241],[39.834514,21.427898],[39.834311,21.428241],[39.834026,21.428641],[39.834009,21.428721],[39.834023,21.428834],[39.834092,21.428968],[39.834276,21.429063],[39.839238,21.429498],[39.840112,21.429579],[39.842782,21.429811],[39.84341,21.42991],[39.843926,21.430004],[39.844347,21.430084],[39.845486,21.430359],[39.846236,21.430555],[39.847035,21.430847],[39.847521,21.431051],[39.848236,21.431382],[39.848826,21.431678],[39.849363,21.431853],[39.850032,21.431985],[39.850223,21.432009],[39.850786,21.43208],[39.851505,21.432194],[39.853807,21.432516],[39.854342,21.432602],[39.854528,21.432385],[39.854751,21.432015],[39.855032,21.431585],[39.855441,21.430914],[39.855464,21.430877],[39.855825,21.430302],[39.856465,21.429408],[39.857694,21.428018],[39.857803,21.427942],[39.858208,21.42766],[39.858477,21.42751],[39.858578,21.427456],[39.858688,21.427398],[39.859321,21.427186],[39.860025,21.426955],[39.860749,21.426769],[39.861713,21.426532],[39.862247,21.426366],[39.862485,21.426326],[39.862678,21.426294],[39.862756,21.426283]]}",Admin,fc35e456-4b8f-4d15-98fe-0eeb012db77d,رفاد,مركز 78,2026-05-12 14:01:25,2026-05-12 14:01:25
019e1c7e-135a-73a7-8475-8b4228ef8073,3,04:00,08:00,فترة ثالثة,20,2529,8b2033c0-197e-43d7-935a-c37e5ac86561,تروية,a0bc4dde-a22d-4d68-bf95-75f45d362d66,تقليدي رد,ba2f406d-8d95-4830-b635-1ba0d2d6825b,مدخل انفاق الجمرات سوق العرب - شارح الحج,e2ee389b-f745-4bcc-aac9-48745b5e9d2f,83,شارع 62,parking,7cd11b31-ed19-4e26-ba8c-765318bd0a7c,100-83,parking,7cd11b31-ed19-4e26-ba8c-765318bd0a7c,100-83,,,residence,شركة العنوان اجياد الفندقية شخص واحد,camp,19/62,"{""type"":""LineString"",""coordinates"":[[39.833335,21.419907],[39.833261,21.419881],[39.832993,21.419876],[39.832631,21.420178],[39.832374,21.420535],[39.832201,21.420861],[39.832172,21.420967],[39.832168,21.421079],[39.832183,21.421174],[39.832273,21.421282],[39.833266,21.422326],[39.83351,21.422555],[39.833692,21.42261],[39.833898,21.422641],[39.834238,21.422617],[39.834413,21.422597],[39.834643,21.422554],[39.842963,21.421445],[39.843901,21.421349],[39.844575,21.421303],[39.845233,21.42127],[39.846332,21.421259],[39.847368,21.421227],[39.847802,21.421211],[39.848334,21.421188],[39.849191,21.421167],[39.849903,21.421197],[39.850629,21.421152],[39.851006,21.421128],[39.851405,21.421135],[39.851909,21.421159],[39.852663,21.421236],[39.853675,21.421372],[39.853827,21.421398],[39.854582,21.421552],[39.855431,21.421768],[39.855511,21.421746],[39.855594,21.421691],[39.855678,21.42158],[39.855908,21.421131],[39.856068,21.420848],[39.856184,21.420716],[39.856355,21.420575],[39.856586,21.42047],[39.85678,21.420421],[39.856978,21.420407],[39.857156,21.420414],[39.857313,21.420394],[39.857462,21.420392],[39.857587,21.420266],[39.858297,21.419511],[39.858366,21.419438],[39.85849,21.419535],[39.858425,21.419606],[39.857239,21.420905],[39.856901,21.421274],[39.856712,21.421565],[39.856603,21.42185],[39.856519,21.422144],[39.856517,21.422425],[39.856545,21.422718],[39.856787,21.424362],[39.856946,21.42544],[39.856991,21.426045],[39.856939,21.426436],[39.856821,21.426768],[39.856625,21.427119],[39.856469,21.427339],[39.857012,21.427373],[39.857324,21.427516],[39.857616,21.427768],[39.857803,21.427942],[39.858208,21.42766],[39.858477,21.42751],[39.858578,21.427456],[39.858688,21.427398],[39.859321,21.427186],[39.860025,21.426955],[39.860749,21.426769],[39.861713,21.426532],[39.862247,21.426366],[39.862485,21.426326],[39.862678,21.426294],[39.862756,21.426283]]}",Admin,fc35e456-4b8f-4d15-98fe-0eeb012db77d,رفاد,مركز 73,2026-05-12 14:01:25,2026-05-12 14:01:25
019e1c7e-126c-7301-8291-a46c91bc0684,3,04:00,08:00,فترة ثالثة,20,1855,8b2033c0-197e-43d7-935a-c37e5ac86561,تروية,a0bc4dde-a22d-4d68-bf95-75f45d362d66,تقليدي رد,ba2f406d-8d95-4830-b635-1ba0d2d6825b,مدخل انفاق الجمرات سوق العرب - شارح الحج,b032b02b-1222-45da-9330-106c6f8b0342,134,شارع 204,parking,7cd11b31-ed19-4e26-ba8c-765318bd0a7c,100-83,parking,7cd11b31-ed19-4e26-ba8c-765318bd0a7c,100-83,,,residence,شركة شروق المسك الفندقية,camp,18/204,"{""type"":""LineString"",""coordinates"":[[39.823099,21.412496],[39.823121,21.412552],[39.823186,21.412915],[39.823162,21.413517],[39.822663,21.413517],[39.822762,21.413244],[39.822414,21.413268],[39.822072,21.413234],[39.82194,21.413279],[39.821811,21.412978],[39.821689,21.412677],[39.821415,21.412278],[39.821074,21.411474],[39.82098,21.411311],[39.820796,21.411053],[39.820984,21.411131],[39.821133,21.411136],[39.823693,21.411142],[39.824304,21.411081],[39.824887,21.411008],[39.825237,21.411168],[39.825421,21.411175],[39.826244,21.411237],[39.826886,21.411302],[39.827521,21.411412],[39.828145,21.411568],[39.828755,21.411768],[39.829346,21.412011],[39.829915,21.412296],[39.830459,21.41262],[39.830967,21.412947],[39.831555,21.413389],[39.831888,21.41372],[39.832941,21.414696],[39.833376,21.415051],[39.834147,21.415815],[39.835112,21.417126],[39.83545,21.417568],[39.835596,21.417809],[39.836159,21.418816],[39.836387,21.419342],[39.836499,21.419828],[39.836585,21.420383],[39.836663,21.421152],[39.836678,21.421615],[39.836627,21.42254],[39.83658,21.423004],[39.836524,21.423363],[39.836362,21.424044],[39.836231,21.424443],[39.8361,21.424782],[39.834917,21.42702],[39.834795,21.427241],[39.834514,21.427898],[39.834311,21.428241],[39.834026,21.428641],[39.834009,21.428721],[39.834023,21.428834],[39.834092,21.428968],[39.834276,21.429063],[39.839238,21.429498],[39.840112,21.429579],[39.842782,21.429811],[39.84341,21.42991],[39.843926,21.430004],[39.844347,21.430084],[39.845486,21.430359],[39.846236,21.430555],[39.847035,21.430847],[39.847521,21.431051],[39.848236,21.431382],[39.848826,21.431678],[39.849363,21.431853],[39.850032,21.431985],[39.850223,21.432009],[39.850786,21.43208],[39.851505,21.432194],[39.853807,21.432516],[39.854342,21.432602],[39.854528,21.432385],[39.854751,21.432015],[39.855032,21.431585],[39.855441,21.430914],[39.855464,21.430877],[39.855825,21.430302],[39.856465,21.429408],[39.857694,21.428018],[39.857803,21.427942],[39.858208,21.42766],[39.858477,21.42751],[39.858578,21.427456],[39.858688,21.427398],[39.859321,21.427186],[39.860025,21.426955],[39.860749,21.426769],[39.861713,21.426532],[39.862247,21.426366],[39.862485,21.426326],[39.862678,21.426294],[39.862756,21.426283]]}",Admin,fc35e456-4b8f-4d15-98fe-0eeb012db77d,رفاد,مركز 76,2026-05-12 14:01:24,2026-05-12 14:01:24
019e1c7e-1094-7121-8e7d-3bc5c30ce881,3,04:00,08:00,فترة ثالثة,20,1536,8b2033c0-197e-43d7-935a-c37e5ac86561,تروية,a0bc4dde-a22d-4d68-bf95-75f45d362d66,تقليدي رد,ba2f406d-8d95-4830-b635-1ba0d2d6825b,مدخل انفاق الجمرات سوق العرب - شارح الحج,5ddfde01-4ed3-4e7b-98ec-133693d9c451,86,شارع 62,parking,7cd11b31-ed19-4e26-ba8c-765318bd0a7c,100-83,parking,7cd11b31-ed19-4e26-ba8c-765318bd0a7c,100-83,,,residence,شركة الهجرة واحد الفندقية,camp,15/62,"{""type"":""LineString"",""coordinates"":[[39.823435,21.412867],[39.823186,21.412915],[39.823162,21.413517],[39.822663,21.413517],[39.822762,21.413244],[39.822414,21.413268],[39.822072,21.413234],[39.82194,21.413279],[39.821811,21.412978],[39.821689,21.412677],[39.821415,21.412278],[39.821074,21.411474],[39.82098,21.411311],[39.820796,21.411053],[39.820984,21.411131],[39.821133,21.411136],[39.823693,21.411142],[39.824304,21.411081],[39.824887,21.411008],[39.825237,21.411168],[39.825421,21.411175],[39.826244,21.411237],[39.826886,21.411302],[39.827521,21.411412],[39.828145,21.411568],[39.828755,21.411768],[39.829346,21.412011],[39.829915,21.412296],[39.830459,21.41262],[39.830967,21.412947],[39.831555,21.413389],[39.831888,21.41372],[39.832941,21.414696],[39.833376,21.415051],[39.834147,21.415815],[39.835112,21.417126],[39.83545,21.417568],[39.835596,21.417809],[39.836159,21.418816],[39.836387,21.419342],[39.836499,21.419828],[39.836585,21.420383],[39.836663,21.421152],[39.836678,21.421615],[39.836627,21.42254],[39.83658,21.423004],[39.836524,21.423363],[39.836362,21.424044],[39.836231,21.424443],[39.8361,21.424782],[39.834917,21.42702],[39.834795,21.427241],[39.834514,21.427898],[39.834311,21.428241],[39.834026,21.428641],[39.834009,21.428721],[39.834023,21.428834],[39.834092,21.428968],[39.834276,21.429063],[39.839238,21.429498],[39.840112,21.429579],[39.842782,21.429811],[39.84341,21.42991],[39.843926,21.430004],[39.844347,21.430084],[39.845486,21.430359],[39.846236,21.430555],[39.847035,21.430847],[39.847521,21.431051],[39.848236,21.431382],[39.848826,21.431678],[39.849363,21.431853],[39.850032,21.431985],[39.850223,21.432009],[39.850786,21.43208],[39.851505,21.432194],[39.853807,21.432516],[39.854342,21.432602],[39.854528,21.432385],[39.854751,21.432015],[39.855032,21.431585],[39.855441,21.430914],[39.855464,21.430877],[39.855825,21.430302],[39.856465,21.429408],[39.857694,21.428018],[39.857803,21.427942],[39.858208,21.42766],[39.858477,21.42751],[39.858578,21.427456],[39.858688,21.427398],[39.859321,21.427186],[39.860025,21.426955],[39.860749,21.426769],[39.861713,21.426532],[39.862247,21.426366],[39.862485,21.426326],[39.862678,21.426294],[39.862756,21.426283]]}",Admin,fc35e456-4b8f-4d15-98fe-0eeb012db77d,رفاد,مركز 71,2026-05-12 14:01:24,2026-05-12 14:01:24
019e1c7e-0fa0-704b-92c5-93ba125a4dc2,3,04:00,08:00,فترة ثالثة,20,1915,8b2033c0-197e-43d7-935a-c37e5ac86561,تروية,a0bc4dde-a22d-4d68-bf95-75f45d362d66,تقليدي رد,ba2f406d-8d95-4830-b635-1ba0d2d6825b,مدخل انفاق الجمرات سوق العرب - شارح الحج,e8ebe4df-c6e8-47d5-9057-7a4cf88b828a,87,شارع 62,parking,7cd11b31-ed19-4e26-ba8c-765318bd0a7c,100-83,parking,7cd11b31-ed19-4e26-ba8c-765318bd0a7c,100-83,,,residence,شركة انوار المسك للخدمات الفندقية,camp,13/62,"{""type"":""LineString"",""coordinates"":[[39.83085,21.434934],[39.831071,21.435131],[39.831259,21.435359],[39.831468,21.43573],[39.831718,21.436551],[39.832105,21.437477],[39.832876,21.438218],[39.833056,21.438369],[39.833477,21.438676],[39.83449,21.439608],[39.834725,21.439775],[39.835097,21.439958],[39.835535,21.440036],[39.835633,21.44003],[39.83587,21.440014],[39.83608,21.440017],[39.836335,21.439992],[39.836481,21.439992],[39.836576,21.439992],[39.837051,21.440007],[39.837648,21.440052],[39.838387,21.440111],[39.839121,21.440179],[39.839382,21.440225],[39.839586,21.440253],[39.84036,21.440324],[39.841393,21.440367],[39.841808,21.440362],[39.842835,21.440308],[39.843563,21.440207],[39.844756,21.439985],[39.846013,21.439761],[39.847718,21.439446],[39.848404,21.439285],[39.848747,21.439216],[39.850317,21.438848],[39.850575,21.438785],[39.850737,21.438697],[39.85119,21.438468],[39.851402,21.438311],[39.851997,21.437821],[39.852663,21.437224],[39.853072,21.436899],[39.853397,21.436722],[39.853774,21.436575],[39.854452,21.436391],[39.85532,21.43629],[39.855834,21.436215],[39.855996,21.436166],[39.856178,21.43611],[39.856567,21.43598],[39.856838,21.435782],[39.85731,21.435425],[39.857722,21.434995],[39.858064,21.434639],[39.858845,21.433738],[39.859967,21.43252],[39.860503,21.431987],[39.860978,21.431307],[39.861034,21.4312],[39.86121,21.430861],[39.861294,21.4307],[39.861513,21.43011],[39.861885,21.428719],[39.862151,21.427831],[39.862225,21.427423],[39.862333,21.426825],[39.862475,21.426434],[39.862485,21.426326],[39.862678,21.426294],[39.862756,21.426283]]}",Admin,fc35e456-4b8f-4d15-98fe-0eeb012db77d,رفاد,مركز 70,2026-05-12 14:01:24,2026-05-12 14:01:24
019e1c7e-1180-72e6-ab68-ea88d63b8b31,1,20:00,23:59,فترة اولى,20,1650,8b2033c0-197e-43d7-935a-c37e5ac86561,تروية,a0bc4dde-a22d-4d68-bf95-75f45d362d66,تقليدي رد,ba2f406d-8d95-4830-b635-1ba0d2d6825b,مدخل انفاق الجمرات سوق العرب - شارح الحج,42609ffd-a688-498a-b658-3ef1194219ac,84,شارع 62,parking,7cd11b31-ed19-4e26-ba8c-765318bd0a7c,100-83,parking,7cd11b31-ed19-4e26-ba8c-765318bd0a7c,100-83,,,residence,شركة الريان المكية المحدودة,camp,17/62,"{""type"":""LineString"",""coordinates"":[[39.826723,21.419648],[39.827021,21.41898],[39.827148,21.418886],[39.827179,21.418817],[39.827529,21.418104],[39.827777,21.417529],[39.827886,21.417571],[39.827722,21.417898],[39.827241,21.418991],[39.826827,21.420015],[39.82683,21.42009],[39.826859,21.420119],[39.827047,21.420121],[39.827325,21.420097],[39.827545,21.420128],[39.828244,21.420257],[39.829218,21.420457],[39.829615,21.42056],[39.829896,21.420637],[39.830672,21.420741],[39.830929,21.420773],[39.831535,21.420838],[39.83191,21.420945],[39.832039,21.421015],[39.832183,21.421174],[39.832273,21.421282],[39.833266,21.422326],[39.83351,21.422555],[39.833692,21.42261],[39.833898,21.422641],[39.834238,21.422617],[39.834413,21.422597],[39.834643,21.422554],[39.842963,21.421445],[39.843901,21.421349],[39.844575,21.421303],[39.845233,21.42127],[39.846332,21.421259],[39.847368,21.421227],[39.847802,21.421211],[39.848334,21.421188],[39.849191,21.421167],[39.849903,21.421197],[39.850629,21.421152],[39.851006,21.421128],[39.851405,21.421135],[39.851909,21.421159],[39.852663,21.421236],[39.853675,21.421372],[39.853827,21.421398],[39.854582,21.421552],[39.855431,21.421768],[39.855511,21.421746],[39.855594,21.421691],[39.855678,21.42158],[39.855908,21.421131],[39.856068,21.420848],[39.856184,21.420716],[39.856355,21.420575],[39.856586,21.42047],[39.85678,21.420421],[39.856978,21.420407],[39.857156,21.420414],[39.857313,21.420394],[39.857462,21.420392],[39.857587,21.420266],[39.858297,21.419511],[39.858366,21.419438],[39.85849,21.419535],[39.858425,21.419606],[39.857239,21.420905],[39.856901,21.421274],[39.856712,21.421565],[39.856603,21.42185],[39.856519,21.422144],[39.856517,21.422425],[39.856545,21.422718],[39.856787,21.424362],[39.856946,21.42544],[39.856991,21.426045],[39.856939,21.426436],[39.856821,21.426768],[39.856625,21.427119],[39.856469,21.427339],[39.857012,21.427373],[39.857324,21.427516],[39.857616,21.427768],[39.857803,21.427942],[39.858208,21.42766],[39.858477,21.42751],[39.858578,21.427456],[39.858688,21.427398],[39.859321,21.427186],[39.860025,21.426955],[39.860749,21.426769],[39.861713,21.426532],[39.862247,21.426366],[39.862485,21.426326],[39.862678,21.426294],[39.862756,21.426283]]}",Admin,fc35e456-4b8f-4d15-98fe-0eeb012db77d,رفاد,مركز 72,2026-05-12 14:01:24,2026-05-12 14:01:24
019e1c7e-0ea2-7353-a9b2-49f3e5b7429e,2,00:00,03:59,فترة ثانية,15,2749,8b2033c0-197e-43d7-935a-c37e5ac86561,تروية,a0bc4dde-a22d-4d68-bf95-75f45d362d66,تقليدي رد,ede61c28-c746-4cfa-a67b-19eb13385d55,مدخل طريق سوق العرب - الدائري الرابع,222827d4-2770-43f7-8814-fb03ae6ac188,610,شارع 522,parking,7cd11b31-ed19-4e26-ba8c-765318bd0a7c,100-83,parking,7cd11b31-ed19-4e26-ba8c-765318bd0a7c,100-83,,,residence,شركة المرجان للخدمات الفندقية,camp,13/522,"{""type"":""LineString"",""coordinates"":[[39.821679,21.412322],[39.822072,21.413234],[39.82194,21.413279],[39.821811,21.412978],[39.821689,21.412677],[39.821415,21.412278],[39.821074,21.411474],[39.82098,21.411311],[39.820796,21.411053],[39.820984,21.411131],[39.821133,21.411136],[39.823693,21.411142],[39.824304,21.411081],[39.824887,21.411008],[39.825389,21.410965],[39.826113,21.4109],[39.826641,21.410897],[39.827167,21.410943],[39.827684,21.411038],[39.82819,21.41118],[39.828677,21.411368],[39.829042,21.411506],[39.829162,21.411558],[39.829086,21.411794],[39.828953,21.412001],[39.828732,21.412233],[39.828396,21.412501],[39.828167,21.412734],[39.828138,21.412813],[39.828092,21.413063],[39.827963,21.413896],[39.82782,21.414639],[39.827706,21.415078],[39.827692,21.415205],[39.827674,21.415692],[39.828007,21.41679],[39.828076,21.417017],[39.8285,21.416933],[39.828573,21.416917],[39.828798,21.416844],[39.829045,21.416713],[39.829337,21.416677],[39.829786,21.416694],[39.830732,21.416554],[39.831377,21.416384],[39.831718,21.416278],[39.832033,21.416152],[39.838227,21.412896],[39.838921,21.412402],[39.83955,21.411899],[39.840154,21.41138],[39.841104,21.4104],[39.841448,21.41001],[39.842328,21.408941],[39.842812,21.408322],[39.84304,21.40803],[39.846588,21.403952],[39.84699,21.403319],[39.847287,21.402708],[39.847522,21.401979],[39.847675,21.400866],[39.847757,21.400379],[39.847936,21.398697],[39.848087,21.398091],[39.848194,21.397813],[39.848526,21.397184],[39.848715,21.396921],[39.848992,21.396578],[39.849437,21.396111],[39.849685,21.395914],[39.849987,21.395705],[39.850241,21.39555],[39.850696,21.395318],[39.851103,21.395121],[39.852866,21.39428],[39.85336,21.394031],[39.853855,21.39375],[39.854267,21.393467],[39.85464,21.393184],[39.854897,21.39296],[39.855798,21.391964],[39.856536,21.391178],[39.85912,21.388568],[39.862032,21.385524],[39.863018,21.384644],[39.863957,21.384037],[39.86448,21.383738],[39.865047,21.383474],[39.865891,21.383149],[39.866999,21.382837],[39.867992,21.382698],[39.868715,21.382637],[39.869226,21.382632],[39.870011,21.382663],[39.870534,21.38271],[39.871031,21.382805],[39.872226,21.383094],[39.872622,21.383189],[39.87341,21.383495],[39.874256,21.383747],[39.874375,21.383782],[39.875494,21.384124],[39.875621,21.384163],[39.877628,21.384792],[39.877799,21.384845],[39.881188,21.385907],[39.881609,21.386039],[39.883944,21.386745],[39.885585,21.38727],[39.886236,21.387469],[39.888263,21.388099],[39.889419,21.388485],[39.889529,21.388522],[39.890503,21.388827],[39.892548,21.38947],[39.892976,21.389646],[39.893288,21.389775],[39.893949,21.389932],[39.894388,21.390017],[39.894603,21.390012],[39.895011,21.390022],[39.896599,21.389807],[39.897783,21.38963],[39.898315,21.389587],[39.898723,21.389502],[39.898959,21.389404],[39.899363,21.389162],[39.899572,21.388916],[39.899647,21.388823],[39.899738,21.388711],[39.900204,21.388081],[39.90045,21.387688],[39.901347,21.386056],[39.901491,21.385591],[39.901518,21.385428],[39.901502,21.385248],[39.901443,21.385013],[39.901303,21.384842],[39.901105,21.384753],[39.900836,21.384717],[39.900558,21.384773],[39.900375,21.384898],[39.900247,21.385043],[39.900188,21.385198],[39.900166,21.385406],[39.900203,21.385591],[39.900341,21.385945],[39.902134,21.388293],[39.903467,21.39016],[39.904777,21.391926],[39.906077,21.393658],[39.908527,21.39692],[39.90976,21.398562],[39.910401,21.399415],[39.910873,21.399891],[39.911066,21.400051],[39.911393,21.400286],[39.91186,21.40052],[39.912342,21.400695],[39.913266,21.4011],[39.913528,21.401256],[39.913652,21.40133],[39.914215,21.401769],[39.914778,21.402318],[39.915143,21.402768],[39.915394,21.403191],[39.915556,21.403522],[39.915706,21.403927],[39.915776,21.404331],[39.915798,21.404596],[39.915776,21.404921],[39.915739,21.40512],[39.915605,21.405525],[39.915444,21.40578],[39.915294,21.405941],[39.91495,21.406279],[39.914693,21.406429],[39.914186,21.406633],[39.9135,21.406632],[39.913094,21.406579],[39.912692,21.406449],[39.91236,21.406242],[39.912191,21.406137],[39.911826,21.405797],[39.911656,21.40556],[39.91149,21.405255],[39.911392,21.404933],[39.911351,21.404636],[39.91134,21.404156],[39.911284,21.403673],[39.911302,21.403357],[39.911257,21.402681],[39.91114,21.402043],[39.910943,21.40119],[39.91068,21.400436],[39.910315,21.39978],[39.909522,21.398673],[39.909249,21.398437]]}",Admin,fc35e456-4b8f-4d15-98fe-0eeb012db77d,رفاد,مركز 81,2026-05-12 14:01:23,2026-05-12 14:01:23
019e1c7e-0b5d-738c-8753-c53285fb2d2a,1,20:00,23:59,فترة اولى,15,3570,8b2033c0-197e-43d7-935a-c37e5ac86561,تروية,a0bc4dde-a22d-4d68-bf95-75f45d362d66,تقليدي رد,ba2f406d-8d95-4830-b635-1ba0d2d6825b,مدخل انفاق الجمرات سوق العرب - شارح الحج,9060e9bb-25bf-496a-91b7-1cc3a54543d7,130,شارع 204,parking,7a92132e-3f5f-42d3-a0df-28ea64bb1b86,الجامعة الجديد,parking,7a92132e-3f5f-42d3-a0df-28ea64bb1b86,الجامعة الجديد,,,residence,شركة أبراج ساره للاستثمار العقاري فندق مكةسويس اوتيل,camp,29/204,"{""type"":""LineString"",""coordinates"":[[39.827229,21.418123],[39.827122,21.417994],[39.826763,21.417768],[39.826241,21.417593],[39.825747,21.417536],[39.825184,21.417559],[39.824712,21.417677],[39.824252,21.417919],[39.823772,21.41833],[39.823528,21.418509],[39.823221,21.418639],[39.822601,21.418721],[39.820049,21.419168],[39.819719,21.419234],[39.819454,21.419286],[39.818712,21.419458],[39.818235,21.419644],[39.817971,21.419795],[39.817705,21.420003],[39.817512,21.420198],[39.8173,21.420479],[39.81702,21.421057],[39.816943,21.421348],[39.816883,21.421671],[39.816872,21.421817],[39.816848,21.422236],[39.816857,21.422544],[39.816918,21.422881],[39.817028,21.42323],[39.81718,21.423613],[39.817446,21.424194],[39.817768,21.424951],[39.818013,21.425398],[39.818773,21.426295],[39.819143,21.426635],[39.819449,21.426867],[39.819925,21.427143],[39.820211,21.427254],[39.820308,21.427292],[39.821109,21.427502],[39.821755,21.427626],[39.82194,21.427667],[39.823144,21.427898],[39.825377,21.428173],[39.826502,21.428168],[39.827094,21.428112],[39.827734,21.427987],[39.82828,21.427817],[39.828425,21.427758],[39.829059,21.427452],[39.829362,21.427269],[39.829849,21.426937],[39.830432,21.426457],[39.831018,21.425964],[39.831483,21.425463],[39.83168,21.425154],[39.831926,21.42471],[39.832105,21.424267],[39.832678,21.422668],[39.832908,21.422197],[39.832979,21.421954],[39.832995,21.421726],[39.832968,21.421278],[39.832927,21.421034],[39.83283,21.420727],[39.832731,21.420605],[39.832651,21.420538],[39.832563,21.420499],[39.832476,21.4205],[39.832374,21.420535],[39.832201,21.420861],[39.832172,21.420967],[39.832168,21.421079],[39.832183,21.421174],[39.832273,21.421282],[39.833266,21.422326],[39.83351,21.422555],[39.833692,21.42261],[39.833898,21.422641],[39.834238,21.422617],[39.834413,21.422597],[39.834643,21.422554],[39.842963,21.421445],[39.843901,21.421349],[39.844575,21.421303],[39.845233,21.42127],[39.846332,21.421259],[39.847368,21.421227],[39.847802,21.421211],[39.848334,21.421188],[39.849191,21.421167],[39.849903,21.421197],[39.850629,21.421152],[39.851006,21.421128],[39.851405,21.421135],[39.851909,21.421159],[39.852663,21.421236],[39.853675,21.421372],[39.853827,21.421398],[39.854582,21.421552],[39.855431,21.421768],[39.855511,21.421746],[39.855594,21.421691],[39.855678,21.42158],[39.855908,21.421131],[39.856068,21.420848],[39.856184,21.420716],[39.856355,21.420575],[39.856586,21.42047],[39.85678,21.420421],[39.856978,21.420407],[39.857156,21.420414],[39.857313,21.420394],[39.857462,21.420392],[39.857587,21.420266],[39.858297,21.419511],[39.858366,21.419438],[39.85849,21.419535],[39.858425,21.419606],[39.857239,21.420905],[39.856901,21.421274],[39.856712,21.421565],[39.856603,21.42185],[39.856519,21.422144],[39.856517,21.422425],[39.856545,21.422718],[39.856787,21.424362],[39.856946,21.42544],[39.856991,21.426045],[39.856939,21.426436],[39.856821,21.426768],[39.856625,21.427119],[39.856469,21.427339],[39.857012,21.427373],[39.857324,21.427516],[39.857616,21.427768],[39.857803,21.427942],[39.858208,21.42766],[39.858477,21.42751],[39.858578,21.427456],[39.858688,21.427398],[39.859321,21.427186],[39.860025,21.426955],[39.860749,21.426769],[39.861713,21.426532],[39.862247,21.426366],[39.862485,21.426326],[39.862678,21.426294],[39.862756,21.426283]]}",Admin,e9a7afdb-66fc-41d1-b1b7-90c085414df4,رحلات ومنافع,203,2026-05-12 14:01:23,2026-05-12 14:01:23
019e1c7e-0c6e-7054-aa6a-9f2278bfcd2b,2,00:00,03:59,فترة ثانية,15,3275,8b2033c0-197e-43d7-935a-c37e5ac86561,تروية,a0bc4dde-a22d-4d68-bf95-75f45d362d66,تقليدي رد,3544e355-bb3d-4f8f-9f94-86f9e427ef7e,مدخل طريق الملك عبدالله - المعيصم,3bdecb2e-e209-49a7-a96f-78e605760262,1,شارع 216,parking,7a92132e-3f5f-42d3-a0df-28ea64bb1b86,الجامعة الجديد,parking,7a92132e-3f5f-42d3-a0df-28ea64bb1b86,الجامعة الجديد,,,residence,شركة الرابح بلا حدود للخدمات الفندقيه,camp,4/216,"{""type"":""LineString"",""coordinates"":[[39.806922,21.426269],[39.806925,21.426367],[39.806914,21.426844],[39.8069,21.427372],[39.806899,21.427424],[39.806892,21.427714],[39.806882,21.428105],[39.806814,21.430409],[39.806721,21.431443],[39.806669,21.431773],[39.806929,21.431755],[39.808017,21.431739],[39.808733,21.431813],[39.808832,21.431823],[39.809272,21.431864],[39.809715,21.431933],[39.810158,21.432036],[39.81092,21.432256],[39.811224,21.432313],[39.81137,21.432317],[39.81144,21.432299],[39.811509,21.432272],[39.811586,21.432184],[39.812217,21.430315],[39.812334,21.429819],[39.812414,21.4296],[39.8124,21.429566],[39.812395,21.429512],[39.81241,21.429459],[39.812443,21.429415],[39.812491,21.429384],[39.812607,21.429374],[39.812683,21.429415],[39.812727,21.429486],[39.812723,21.429576],[39.812667,21.429649],[39.812625,21.429672],[39.812475,21.430055],[39.812099,21.431124],[39.811847,21.431777],[39.811754,21.432158],[39.811755,21.432246],[39.811838,21.432467],[39.811985,21.432601],[39.813754,21.433557],[39.814073,21.433828],[39.814319,21.43394],[39.815545,21.434493],[39.816909,21.435104],[39.81729,21.435256],[39.817505,21.435318],[39.817713,21.435357],[39.818279,21.435413],[39.818793,21.435364],[39.819236,21.435249],[39.819602,21.435093],[39.820008,21.434853],[39.820188,21.434711],[39.820366,21.434543],[39.820529,21.434352],[39.820933,21.433905],[39.821109,21.433744],[39.82204,21.432987],[39.822531,21.432619],[39.823084,21.432293],[39.823847,21.431891],[39.824194,21.431761],[39.824612,21.43165],[39.825042,21.431576],[39.825724,21.431535],[39.826204,21.431503],[39.826644,21.431419],[39.827134,21.431362],[39.827878,21.431318],[39.828202,21.431279],[39.828437,21.431261],[39.828566,21.431299],[39.828651,21.431358],[39.828718,21.431405],[39.828768,21.431505],[39.828793,21.431792],[39.828862,21.432072],[39.829024,21.432481],[39.829234,21.433091],[39.829322,21.433357],[39.829692,21.434225],[39.829898,21.434626],[39.830648,21.435771],[39.831049,21.436301],[39.831387,21.43672],[39.831828,21.437183],[39.832105,21.437477],[39.832876,21.438218],[39.833056,21.438369],[39.833477,21.438676],[39.83449,21.439608],[39.834725,21.439775],[39.835097,21.439958],[39.835535,21.440036],[39.835633,21.44003],[39.83587,21.440014],[39.83608,21.440017],[39.836335,21.439992],[39.836481,21.439992],[39.836576,21.439992],[39.837051,21.440007],[39.837648,21.440052],[39.838387,21.440111],[39.839121,21.440179],[39.839382,21.440225],[39.839586,21.440253],[39.84036,21.440324],[39.841393,21.440367],[39.841808,21.440362],[39.842835,21.440308],[39.843563,21.440207],[39.844756,21.439985],[39.846013,21.439761],[39.847718,21.439446],[39.848404,21.439285],[39.848747,21.439216],[39.850317,21.438848],[39.850575,21.438785],[39.851709,21.438514],[39.852697,21.438318],[39.853281,21.438263],[39.853635,21.438268],[39.854259,21.438326],[39.854843,21.438465],[39.855366,21.438671],[39.855481,21.438745],[39.856021,21.439073],[39.856447,21.439421],[39.856801,21.439807],[39.857129,21.440198],[39.857837,21.441325],[39.857946,21.441498],[39.858185,21.441877],[39.858845,21.443027],[39.858996,21.443241],[39.859553,21.444105],[39.859698,21.444287],[39.86018,21.444895],[39.860947,21.445822],[39.862737,21.447975],[39.864304,21.449796],[39.865196,21.450778],[39.865728,21.451285],[39.866387,21.451797],[39.866866,21.452109],[39.867317,21.452397],[39.867782,21.452646],[39.86814,21.452819],[39.868655,21.453054],[39.869473,21.453356],[39.869862,21.453518],[39.870781,21.453746],[39.875985,21.45484],[39.877029,21.455181],[39.877947,21.455643],[39.880643,21.457552],[39.880992,21.457745],[39.881633,21.458099],[39.883265,21.458741],[39.884219,21.459124],[39.884635,21.45929],[39.885551,21.459563],[39.885867,21.459657],[39.886812,21.459879],[39.887736,21.459902],[39.888228,21.459886],[39.889004,21.459835],[39.889691,21.459763],[39.890504,21.459632],[39.891212,21.459457],[39.891896,21.45921],[39.893023,21.458744],[39.893574,21.458563],[39.894874,21.458052],[39.895475,21.457709],[39.895842,21.457417],[39.896222,21.457028],[39.896445,21.456687],[39.896869,21.455477],[39.896905,21.455364],[39.897496,21.453317],[39.89779,21.452296],[39.898702,21.449522],[39.90065,21.443207],[39.90091,21.442368],[39.900977,21.442153],[39.901083,21.441809],[39.901649,21.439958],[39.902038,21.4387],[39.902588,21.43692],[39.903825,21.432942],[39.904039,21.432138],[39.904114,21.431599],[39.904098,21.431144],[39.903967,21.43058],[39.903919,21.430524]]}",Admin,e9a7afdb-66fc-41d1-b1b7-90c085414df4,رحلات ومنافع,210,2026-05-12 14:01:23,2026-05-12 14:01:23
019e1c7e-0937-7383-b2a2-2d8709d010dc,2,00:00,03:59,فترة ثانية,15,3079,8b2033c0-197e-43d7-935a-c37e5ac86561,تروية,48a174b1-0445-44d5-8d15-f6b484620b5d,ترددي,c8fab1e4-386b-41c7-8e60-d7588f96ccde,مدخل الترددي 3 - منى,f940d31d-74a5-49ef-8679-4f14a75497d4,253,شارع 88,bus_warehouse,3066fa1f-05fa-40a1-9bd2-b134cd6c9234,ترددي 3,bus_warehouse,3066fa1f-05fa-40a1-9bd2-b134cd6c9234,ترددي 3,,,residence,شركة الفرسان الذهبيه لتشغيل الفنادق,camp,12/88,"{""type"":""LineString"",""coordinates"":[[39.869005,21.406541],[39.869122,21.406426],[39.869543,21.406093],[39.870133,21.405659],[39.870803,21.406467],[39.871639,21.405884],[39.872473,21.405289],[39.872804,21.405051],[39.873129,21.404971],[39.873921,21.404413],[39.874476,21.404014],[39.874835,21.403755],[39.875046,21.403601],[39.87569,21.40313],[39.876679,21.402412],[39.87737,21.401909],[39.878002,21.401518],[39.878144,21.401442],[39.878392,21.401307],[39.879401,21.400847],[39.883366,21.399037],[39.884426,21.398552],[39.885932,21.397834],[39.887662,21.397056],[39.89015,21.395924],[39.892381,21.394909],[39.893021,21.394575],[39.893456,21.394283],[39.893609,21.394158],[39.893721,21.394066],[39.894165,21.393702],[39.894773,21.393204],[39.896259,21.391933],[39.897172,21.391133],[39.899133,21.389417],[39.899363,21.389162],[39.899572,21.388916],[39.899647,21.388823],[39.899738,21.388711],[39.900204,21.388081],[39.90045,21.387688],[39.901347,21.386056],[39.901491,21.385591],[39.901518,21.385428],[39.901502,21.385248],[39.901443,21.385013],[39.901303,21.384842],[39.901105,21.384753],[39.900836,21.384717],[39.900558,21.384773],[39.900375,21.384898],[39.900247,21.385043],[39.900188,21.385198],[39.900166,21.385406],[39.900203,21.385591],[39.900341,21.385945],[39.902134,21.388293],[39.903467,21.39016],[39.904777,21.391926],[39.906077,21.393658],[39.908527,21.39692],[39.90976,21.398562],[39.910401,21.399415],[39.910873,21.399891],[39.911066,21.400051],[39.911393,21.400286],[39.91186,21.40052],[39.912342,21.400695],[39.913266,21.4011],[39.913528,21.401256],[39.913853,21.401385]]}",Admin,e9a7afdb-66fc-41d1-b1b7-90c085414df4,رحلات ومنافع,207,2026-05-12 14:01:22,2026-05-12 14:01:22
019e1c7e-0823-704d-a6e4-bc7e07a1c56c,2,00:00,03:59,فترة ثانية,15,2216,8b2033c0-197e-43d7-935a-c37e5ac86561,تروية,9fc47c58-d9e9-45e0-9d66-6da9f5c4fc85,قطار,ede61c28-c746-4cfa-a67b-19eb13385d55,مدخل طريق سوق العرب - الدائري الرابع,95435027-b62b-4e9f-8b3f-776601ca673e,365,شارع 521,parking,4b152c54-b526-49fb-86d9-409334589cfb,الاسناد القطار,parking,4b152c54-b526-49fb-86d9-409334589cfb,الاسناد القطار,,,residence,شركة توحيد الأصالة للخدمات الفندقية شركة ذات المسؤ,camp,9/521,"{""type"":""LineString"",""coordinates"":[[39.802896,21.413829],[39.802098,21.413052],[39.80151,21.412638],[39.800945,21.412201],[39.800572,21.411826],[39.799175,21.409796],[39.798819,21.409284],[39.798723,21.409149],[39.79895,21.409206],[39.800075,21.409464],[39.80175,21.409876],[39.802857,21.410137],[39.803557,21.410343],[39.804656,21.410581],[39.805173,21.410694],[39.805872,21.410875],[39.806464,21.411007],[39.807051,21.411122],[39.80731,21.411156],[39.807589,21.411186],[39.808587,21.411211],[39.809419,21.411219],[39.810245,21.411234],[39.811394,21.411206],[39.812261,21.411138],[39.813304,21.411122],[39.818424,21.411116],[39.820169,21.411231],[39.822013,21.411265],[39.823637,21.411259],[39.824304,21.411081],[39.824887,21.411008],[39.825389,21.410965],[39.826113,21.4109],[39.826641,21.410897],[39.827167,21.410943],[39.827684,21.411038],[39.82819,21.41118],[39.828677,21.411368],[39.829042,21.411506],[39.829162,21.411558],[39.829086,21.411794],[39.828953,21.412001],[39.828732,21.412233],[39.828396,21.412501],[39.828167,21.412734],[39.828138,21.412813],[39.828092,21.413063],[39.827963,21.413896],[39.82782,21.414639],[39.827706,21.415078],[39.827692,21.415205],[39.827674,21.415692],[39.828007,21.41679],[39.828076,21.417017],[39.8285,21.416933],[39.828573,21.416917],[39.828798,21.416844],[39.829045,21.416713],[39.829337,21.416677],[39.829786,21.416694],[39.830732,21.416554],[39.831377,21.416384],[39.831718,21.416278],[39.832033,21.416152],[39.838227,21.412896],[39.838921,21.412402],[39.83955,21.411899],[39.840154,21.41138],[39.841104,21.4104],[39.841448,21.41001],[39.842328,21.408941],[39.842812,21.408322],[39.84304,21.40803],[39.846588,21.403952],[39.84699,21.403319],[39.847287,21.402708],[39.847522,21.401979],[39.847675,21.400866],[39.847757,21.400379],[39.847936,21.398697],[39.848087,21.398091],[39.848194,21.397813],[39.848526,21.397184],[39.848715,21.396921],[39.848992,21.396578],[39.849437,21.396111],[39.849685,21.395914],[39.849987,21.395705],[39.850241,21.39555],[39.850696,21.395318],[39.851103,21.395121],[39.852866,21.39428],[39.85336,21.394031],[39.853855,21.39375],[39.854267,21.393467],[39.85464,21.393184],[39.854897,21.39296],[39.855798,21.391964],[39.856536,21.391178],[39.85912,21.388568],[39.862032,21.385524],[39.863018,21.384644],[39.863957,21.384037],[39.86448,21.383738],[39.865047,21.383474],[39.865891,21.383149],[39.866999,21.382837],[39.867992,21.382698],[39.868715,21.382637],[39.869226,21.382632],[39.870011,21.382663],[39.870534,21.38271],[39.871031,21.382805],[39.872226,21.383094],[39.872622,21.383189],[39.87341,21.383495],[39.874256,21.383747],[39.874375,21.383782],[39.875494,21.384124],[39.875621,21.384163],[39.877628,21.384792],[39.877799,21.384845],[39.881188,21.385907],[39.881609,21.386039],[39.883944,21.386745],[39.885585,21.38727],[39.886236,21.387469],[39.888263,21.388099],[39.889419,21.388485],[39.889529,21.388522],[39.890503,21.388827],[39.892548,21.38947],[39.892976,21.389646],[39.893288,21.389775],[39.893949,21.389932],[39.894388,21.390017],[39.894603,21.390012],[39.895011,21.390022],[39.896599,21.389807],[39.897783,21.38963],[39.898315,21.389587],[39.898723,21.389502],[39.898959,21.389404],[39.899363,21.389162],[39.899572,21.388916],[39.899647,21.388823],[39.899738,21.388711],[39.900204,21.388081],[39.90045,21.387688],[39.901347,21.386056],[39.901491,21.385591],[39.901518,21.385428],[39.901502,21.385248],[39.901443,21.385013],[39.901303,21.384842],[39.901105,21.384753],[39.900836,21.384717],[39.900558,21.384773],[39.900375,21.384898],[39.900247,21.385043],[39.900188,21.385198],[39.900166,21.385406],[39.900203,21.385591],[39.900341,21.385945],[39.902134,21.388293],[39.903467,21.39016],[39.904777,21.391926],[39.906077,21.393658],[39.908527,21.39692],[39.90976,21.398562],[39.910401,21.399415],[39.910873,21.399891],[39.911066,21.400051],[39.911393,21.400286],[39.91186,21.40052],[39.912342,21.400695],[39.913266,21.4011],[39.913528,21.401256],[39.913652,21.40133],[39.914215,21.401769],[39.914778,21.402318],[39.915143,21.402768],[39.915394,21.403191],[39.915556,21.403522],[39.915706,21.403927],[39.915776,21.404331],[39.915798,21.404596],[39.915776,21.404921],[39.915739,21.40512],[39.915605,21.405525],[39.915444,21.40578],[39.915294,21.405941],[39.91495,21.406279],[39.914693,21.406429],[39.914186,21.406633],[39.9135,21.406632],[39.913094,21.406579],[39.912692,21.406449],[39.91236,21.406242],[39.912191,21.406137],[39.911826,21.405797],[39.911656,21.40556],[39.91149,21.405255],[39.911392,21.404933],[39.911351,21.404636],[39.91134,21.404156],[39.911284,21.403673],[39.911302,21.403357],[39.911257,21.402681],[39.91114,21.402043],[39.910943,21.40119],[39.91068,21.400436],[39.910315,21.39978],[39.909522,21.398673],[39.909249,21.398437]]}",Admin,8aae9c06-b3a7-4bb0-95a2-df3b072edd5a,دليل الزوار,مركز ضيافة 401,2026-05-12 14:01:22,2026-05-12 14:01:22
019e1c7e-0a5f-71fa-95e8-8cf8b638c216,1,20:00,23:59,فترة اولى,10,1427,8b2033c0-197e-43d7-935a-c37e5ac86561,تروية,a0bc4dde-a22d-4d68-bf95-75f45d362d66,تقليدي رد,ede61c28-c746-4cfa-a67b-19eb13385d55,مدخل طريق سوق العرب - الدائري الرابع,0aa67219-22eb-42fa-92c2-44c170c66b3c,489,شارع 520,parking,0dbf5e64-c219-4b75-8580-feb1d03a42ea,150-83,parking,0dbf5e64-c219-4b75-8580-feb1d03a42ea,150-83,,,residence,شركة ضيافة المروج,camp,16/520,"{""type"":""LineString"",""coordinates"":[[39.865088,21.415707],[39.865051,21.415577],[39.864382,21.415749],[39.864295,21.415797],[39.863776,21.415426],[39.862976,21.414803],[39.862891,21.414738],[39.862745,21.414626],[39.862825,21.414546],[39.86331,21.414048],[39.86555,21.411751],[39.866513,21.410762],[39.868553,21.408657],[39.869613,21.407562],[39.869889,21.407322],[39.870641,21.406779],[39.873129,21.404971],[39.873921,21.404413],[39.874476,21.404014],[39.874835,21.403755],[39.875046,21.403601],[39.87569,21.40313],[39.876679,21.402412],[39.87737,21.401909],[39.878002,21.401518],[39.878144,21.401442],[39.878392,21.401307],[39.879401,21.400847],[39.883366,21.399037],[39.884426,21.398552],[39.885932,21.397834],[39.887662,21.397056],[39.89015,21.395924],[39.892381,21.394909],[39.893021,21.394575],[39.893456,21.394283],[39.893609,21.394158],[39.893721,21.394066],[39.894165,21.393702],[39.894773,21.393204],[39.896259,21.391933],[39.897172,21.391133],[39.899133,21.389417],[39.899363,21.389162],[39.899572,21.388916],[39.899647,21.388823],[39.899738,21.388711],[39.900204,21.388081],[39.90045,21.387688],[39.901347,21.386056],[39.901491,21.385591],[39.901518,21.385428],[39.901502,21.385248],[39.901443,21.385013],[39.901303,21.384842],[39.901105,21.384753],[39.900836,21.384717],[39.900558,21.384773],[39.900375,21.384898],[39.900247,21.385043],[39.900188,21.385198],[39.900166,21.385406],[39.900203,21.385591],[39.900341,21.385945],[39.902134,21.388293],[39.903467,21.39016],[39.904777,21.391926],[39.906077,21.393658],[39.908527,21.39692],[39.90976,21.398562],[39.910401,21.399415],[39.910873,21.399891],[39.911066,21.400051],[39.911393,21.400286],[39.91186,21.40052],[39.912342,21.400695],[39.913266,21.4011],[39.913528,21.401256],[39.913652,21.40133],[39.914215,21.401769],[39.914778,21.402318],[39.915143,21.402768],[39.915394,21.403191],[39.915556,21.403522],[39.915706,21.403927],[39.915776,21.404331],[39.915798,21.404596],[39.915776,21.404921],[39.915739,21.40512],[39.915605,21.405525],[39.915444,21.40578],[39.915294,21.405941],[39.91495,21.406279],[39.914693,21.406429],[39.914186,21.406633],[39.9135,21.406632],[39.913094,21.406579],[39.912692,21.406449],[39.91236,21.406242],[39.912191,21.406137],[39.911826,21.405797],[39.911656,21.40556],[39.91149,21.405255],[39.911392,21.404933],[39.911351,21.404636],[39.91134,21.404156],[39.911284,21.403673],[39.911302,21.403357],[39.911257,21.402681],[39.91114,21.402043],[39.910943,21.40119],[39.91068,21.400436],[39.910315,21.39978],[39.909522,21.398673],[39.909249,21.398437]]}",Admin,e9a7afdb-66fc-41d1-b1b7-90c085414df4,رحلات ومنافع,225,2026-05-12 14:01:22,2026-05-12 14:01:22
019e1c7e-04db-70d9-9be9-f2789afd79d4,3,04:00,08:00,فترة ثالثة,15,2931,8b2033c0-197e-43d7-935a-c37e5ac86561,تروية,48a174b1-0445-44d5-8d15-f6b484620b5d,ترددي,c8fab1e4-386b-41c7-8e60-d7588f96ccde,مدخل الترددي 3 - منى,4d9eb2aa-12a9-49cd-a0d7-8fdea99010c0,224,شارع 651,bus_warehouse,3066fa1f-05fa-40a1-9bd2-b134cd6c9234,ترددي 3,bus_warehouse,3066fa1f-05fa-40a1-9bd2-b134cd6c9234,ترددي 3,,,residence,شركة فندق ابراج الكسوة الفندقية,camp,24/651,"{""type"":""LineString"",""coordinates"":[[39.813252,21.429236],[39.813337,21.429237],[39.814102,21.429366],[39.814608,21.429377],[39.815364,21.429323],[39.815756,21.429319],[39.816731,21.429223],[39.817332,21.429189],[39.817543,21.429056],[39.817746,21.428918],[39.817901,21.428782],[39.81819,21.4284],[39.818399,21.427942],[39.818749,21.42726],[39.819285,21.426512],[39.819372,21.426378],[39.819606,21.426021],[39.819838,21.425482],[39.820027,21.424948],[39.820096,21.424676],[39.820093,21.424556],[39.820058,21.424428],[39.819915,21.424157],[39.819837,21.424095],[39.819732,21.424045],[39.81951,21.424005],[39.819349,21.424009],[39.818696,21.424095],[39.818506,21.424106],[39.818339,21.42409],[39.818091,21.424109],[39.816302,21.424249],[39.814901,21.424394],[39.814513,21.424411],[39.814207,21.424402],[39.814037,21.424379],[39.81389,21.424253],[39.81416,21.424288],[39.814583,21.424301],[39.8149,21.424294],[39.816324,21.424159],[39.817715,21.424025],[39.817839,21.424015],[39.818018,21.424003],[39.818758,21.423956],[39.819167,21.423893],[39.819468,21.423825],[39.819616,21.423779],[39.819737,21.423712],[39.82102,21.422308],[39.821255,21.422148],[39.821521,21.422043],[39.8218,21.42196],[39.822147,21.421864],[39.822382,21.421761],[39.822573,21.421647],[39.822791,21.421489],[39.823573,21.420862],[39.823754,21.420759],[39.824375,21.420476],[39.824726,21.420372],[39.825105,21.420284],[39.825955,21.420176],[39.826362,21.420149],[39.826554,21.420136],[39.826763,21.420141],[39.827464,21.420235],[39.828747,21.420466],[39.829051,21.420521],[39.829896,21.420637],[39.830672,21.420741],[39.830929,21.420773],[39.831535,21.420838],[39.83191,21.420945],[39.832039,21.421015],[39.832183,21.421174],[39.832273,21.421282],[39.833266,21.422326],[39.83351,21.422555],[39.833692,21.42261],[39.833898,21.422641],[39.834238,21.422617],[39.834413,21.422597],[39.834643,21.422554],[39.842963,21.421445],[39.843901,21.421349],[39.844575,21.421303],[39.845233,21.42127],[39.846332,21.421259],[39.847368,21.421227],[39.847802,21.421211],[39.848334,21.421188],[39.849191,21.421167],[39.850454,21.421049],[39.851183,21.420947],[39.851521,21.420819],[39.851827,21.42067],[39.852143,21.420443],[39.852385,21.420171],[39.853182,21.4192],[39.853454,21.418683],[39.853662,21.418375],[39.854049,21.41786],[39.854388,21.417419],[39.854815,21.416871],[39.854832,21.41685],[39.855039,21.416754],[39.856199,21.415212],[39.856915,21.414028],[39.857548,21.412983],[39.859613,21.409567],[39.860347,21.408343],[39.861218,21.406891],[39.861848,21.405711],[39.862293,21.404805],[39.862648,21.403944],[39.863146,21.402736],[39.864457,21.399575],[39.864667,21.399101],[39.865353,21.397787],[39.865604,21.397353],[39.865839,21.397027],[39.866002,21.396835],[39.866639,21.39624],[39.867089,21.395886],[39.869109,21.394312],[39.87078,21.393016],[39.871413,21.392421],[39.871914,21.39181],[39.87245,21.39099],[39.872511,21.39085],[39.872815,21.390147],[39.873089,21.389359],[39.873632,21.387748],[39.873794,21.387223],[39.87407,21.386327],[39.874115,21.385744],[39.874141,21.385156],[39.874177,21.384349],[39.87425,21.384097],[39.874324,21.383912],[39.874375,21.383782],[39.875494,21.384124],[39.875621,21.384163],[39.877628,21.384792],[39.877799,21.384845],[39.881188,21.385907],[39.881609,21.386039],[39.883944,21.386745],[39.885585,21.38727],[39.886236,21.387469],[39.888263,21.388099],[39.889419,21.388485],[39.889529,21.388522],[39.890503,21.388827],[39.892548,21.38947],[39.892976,21.389646],[39.893288,21.389775],[39.893949,21.389932],[39.894388,21.390017],[39.894603,21.390012],[39.895011,21.390022],[39.896599,21.389807],[39.897783,21.38963],[39.898315,21.389587],[39.898723,21.389502],[39.898959,21.389404],[39.899363,21.389162],[39.899572,21.388916],[39.899647,21.388823],[39.899738,21.388711],[39.900204,21.388081],[39.90045,21.387688],[39.901347,21.386056],[39.901491,21.385591],[39.901518,21.385428],[39.901502,21.385248],[39.901443,21.385013],[39.901303,21.384842],[39.901105,21.384753],[39.900836,21.384717],[39.900558,21.384773],[39.900375,21.384898],[39.900247,21.385043],[39.900188,21.385198],[39.900166,21.385406],[39.900203,21.385591],[39.900341,21.385945],[39.902134,21.388293],[39.903467,21.39016],[39.904777,21.391926],[39.906077,21.393658],[39.908527,21.39692],[39.90976,21.398562],[39.910401,21.399415],[39.910873,21.399891],[39.911066,21.400051],[39.911393,21.400286],[39.91186,21.40052],[39.912342,21.400695],[39.913266,21.4011],[39.913528,21.401256],[39.913853,21.401385]]}",Admin,8aae9c06-b3a7-4bb0-95a2-df3b072edd5a,دليل الزوار,مركز ضيافة 102,2026-05-12 14:01:21,2026-05-12 14:01:21
019e1c7e-06f3-732d-9966-27ae60ba9c1c,1,20:00,23:59,فترة اولى,15,1793,8b2033c0-197e-43d7-935a-c37e5ac86561,تروية,9fc47c58-d9e9-45e0-9d66-6da9f5c4fc85,قطار,ede61c28-c746-4cfa-a67b-19eb13385d55,مدخل طريق سوق العرب - الدائري الرابع,a00663f2-0048-48b6-b4f8-7232237a36d4,386,شارع 513,parking,4b152c54-b526-49fb-86d9-409334589cfb,الاسناد القطار,parking,4b152c54-b526-49fb-86d9-409334589cfb,الاسناد القطار,,,residence,شركة سدن الوطنية المحدودة,camp,8/513,"{""type"":""LineString"",""coordinates"":[[39.87259,21.39994],[39.872461,21.399726],[39.871766,21.40009],[39.872065,21.400594],[39.872491,21.401284],[39.872778,21.401771],[39.873099,21.402237],[39.873303,21.402068],[39.873763,21.401774],[39.874424,21.402569],[39.875111,21.403387],[39.875529,21.403096],[39.875616,21.403033],[39.87569,21.40313],[39.876679,21.402412],[39.87737,21.401909],[39.878002,21.401518],[39.878144,21.401442],[39.878392,21.401307],[39.879401,21.400847],[39.883366,21.399037],[39.884426,21.398552],[39.885932,21.397834],[39.887662,21.397056],[39.89015,21.395924],[39.892381,21.394909],[39.893021,21.394575],[39.893456,21.394283],[39.893609,21.394158],[39.893721,21.394066],[39.894165,21.393702],[39.894773,21.393204],[39.896259,21.391933],[39.897172,21.391133],[39.899133,21.389417],[39.899363,21.389162],[39.899572,21.388916],[39.899647,21.388823],[39.899738,21.388711],[39.900204,21.388081],[39.90045,21.387688],[39.901347,21.386056],[39.901491,21.385591],[39.901518,21.385428],[39.901502,21.385248],[39.901443,21.385013],[39.901303,21.384842],[39.901105,21.384753],[39.900836,21.384717],[39.900558,21.384773],[39.900375,21.384898],[39.900247,21.385043],[39.900188,21.385198],[39.900166,21.385406],[39.900203,21.385591],[39.900341,21.385945],[39.902134,21.388293],[39.903467,21.39016],[39.904777,21.391926],[39.906077,21.393658],[39.908527,21.39692],[39.90976,21.398562],[39.910401,21.399415],[39.910873,21.399891],[39.911066,21.400051],[39.911393,21.400286],[39.91186,21.40052],[39.912342,21.400695],[39.913266,21.4011],[39.913528,21.401256],[39.913652,21.40133],[39.914215,21.401769],[39.914778,21.402318],[39.915143,21.402768],[39.915394,21.403191],[39.915556,21.403522],[39.915706,21.403927],[39.915776,21.404331],[39.915798,21.404596],[39.915776,21.404921],[39.915739,21.40512],[39.915605,21.405525],[39.915444,21.40578],[39.915294,21.405941],[39.91495,21.406279],[39.914693,21.406429],[39.914186,21.406633],[39.9135,21.406632],[39.913094,21.406579],[39.912692,21.406449],[39.91236,21.406242],[39.912191,21.406137],[39.911826,21.405797],[39.911656,21.40556],[39.91149,21.405255],[39.911392,21.404933],[39.911351,21.404636],[39.91134,21.404156],[39.911284,21.403673],[39.911302,21.403357],[39.911257,21.402681],[39.91114,21.402043],[39.910943,21.40119],[39.91068,21.400436],[39.910315,21.39978],[39.909522,21.398673],[39.909249,21.398437]]}",Admin,8aae9c06-b3a7-4bb0-95a2-df3b072edd5a,دليل الزوار,مركز ضيافة 403,2026-05-12 14:01:21,2026-05-12 14:01:21
019e1c7e-05e4-71e9-89e8-439144ef5838,2,00:00,03:59,فترة ثانية,12,1631,8b2033c0-197e-43d7-935a-c37e5ac86561,تروية,9fc47c58-d9e9-45e0-9d66-6da9f5c4fc85,قطار,ede61c28-c746-4cfa-a67b-19eb13385d55,مدخل طريق سوق العرب - الدائري الرابع,71706b81-60d1-42a9-ac4c-d00acbb1b5bc,384,شارع 513,parking,4b152c54-b526-49fb-86d9-409334589cfb,الاسناد القطار,parking,4b152c54-b526-49fb-86d9-409334589cfb,الاسناد القطار,,,residence,شركة فندق ابراج شركة مكه الفندقية شركة شخص واحد,camp,4/513,"{""type"":""LineString"",""coordinates"":[[39.819433,21.42231],[39.82013,21.421118],[39.820195,21.421007],[39.820166,21.420981],[39.820132,21.420914],[39.820131,21.420862],[39.820183,21.420772],[39.820278,21.420733],[39.820379,21.420756],[39.820442,21.420826],[39.820454,21.420871],[39.82045,21.420922],[39.820389,21.421006],[39.820298,21.421094],[39.8194,21.422553],[39.819109,21.422863],[39.819049,21.422927],[39.818996,21.422984],[39.81804,21.42376],[39.81793,21.423869],[39.817839,21.424015],[39.818018,21.424003],[39.818758,21.423956],[39.819167,21.423893],[39.819468,21.423825],[39.819616,21.423779],[39.819737,21.423712],[39.82102,21.422308],[39.821255,21.422148],[39.821521,21.422043],[39.8218,21.42196],[39.822147,21.421864],[39.822382,21.421761],[39.822573,21.421647],[39.822791,21.421489],[39.823573,21.420862],[39.823754,21.420759],[39.824375,21.420476],[39.824726,21.420372],[39.825105,21.420284],[39.825955,21.420176],[39.826362,21.420149],[39.826554,21.420136],[39.826763,21.420141],[39.827464,21.420235],[39.828747,21.420466],[39.829051,21.420521],[39.829896,21.420637],[39.830672,21.420741],[39.830929,21.420773],[39.831535,21.420838],[39.83191,21.420945],[39.832039,21.421015],[39.832183,21.421174],[39.832273,21.421282],[39.833266,21.422326],[39.83351,21.422555],[39.833692,21.42261],[39.833898,21.422641],[39.834238,21.422617],[39.834413,21.422597],[39.834643,21.422554],[39.842963,21.421445],[39.843901,21.421349],[39.844575,21.421303],[39.845233,21.42127],[39.846332,21.421259],[39.847368,21.421227],[39.847802,21.421211],[39.848334,21.421188],[39.849191,21.421167],[39.850454,21.421049],[39.851183,21.420947],[39.851521,21.420819],[39.851827,21.42067],[39.852143,21.420443],[39.852385,21.420171],[39.853182,21.4192],[39.853454,21.418683],[39.853662,21.418375],[39.854049,21.41786],[39.854388,21.417419],[39.854815,21.416871],[39.854832,21.41685],[39.855039,21.416754],[39.856199,21.415212],[39.856915,21.414028],[39.857548,21.412983],[39.859613,21.409567],[39.860347,21.408343],[39.861218,21.406891],[39.861848,21.405711],[39.862293,21.404805],[39.862648,21.403944],[39.863146,21.402736],[39.864457,21.399575],[39.864667,21.399101],[39.865353,21.397787],[39.865604,21.397353],[39.865839,21.397027],[39.866002,21.396835],[39.866639,21.39624],[39.867089,21.395886],[39.869109,21.394312],[39.87078,21.393016],[39.871413,21.392421],[39.871914,21.39181],[39.87245,21.39099],[39.872511,21.39085],[39.872815,21.390147],[39.873089,21.389359],[39.873632,21.387748],[39.873794,21.387223],[39.87407,21.386327],[39.874115,21.385744],[39.874141,21.385156],[39.874177,21.384349],[39.87425,21.384097],[39.874324,21.383912],[39.874375,21.383782],[39.875494,21.384124],[39.875621,21.384163],[39.877628,21.384792],[39.877799,21.384845],[39.881188,21.385907],[39.881609,21.386039],[39.883944,21.386745],[39.885585,21.38727],[39.886236,21.387469],[39.888263,21.388099],[39.889419,21.388485],[39.889529,21.388522],[39.890503,21.388827],[39.892548,21.38947],[39.892976,21.389646],[39.893288,21.389775],[39.893949,21.389932],[39.894388,21.390017],[39.894603,21.390012],[39.895011,21.390022],[39.896599,21.389807],[39.897783,21.38963],[39.898315,21.389587],[39.898723,21.389502],[39.898959,21.389404],[39.899363,21.389162],[39.899572,21.388916],[39.899647,21.388823],[39.899738,21.388711],[39.900204,21.388081],[39.90045,21.387688],[39.901347,21.386056],[39.901491,21.385591],[39.901518,21.385428],[39.901502,21.385248],[39.901443,21.385013],[39.901303,21.384842],[39.901105,21.384753],[39.900836,21.384717],[39.900558,21.384773],[39.900375,21.384898],[39.900247,21.385043],[39.900188,21.385198],[39.900166,21.385406],[39.900203,21.385591],[39.900341,21.385945],[39.902134,21.388293],[39.903467,21.39016],[39.904777,21.391926],[39.906077,21.393658],[39.908527,21.39692],[39.90976,21.398562],[39.910401,21.399415],[39.910873,21.399891],[39.911066,21.400051],[39.911393,21.400286],[39.91186,21.40052],[39.912342,21.400695],[39.913266,21.4011],[39.913528,21.401256],[39.913652,21.40133],[39.914215,21.401769],[39.914778,21.402318],[39.915143,21.402768],[39.915394,21.403191],[39.915556,21.403522],[39.915706,21.403927],[39.915776,21.404331],[39.915798,21.404596],[39.915776,21.404921],[39.915739,21.40512],[39.915605,21.405525],[39.915444,21.40578],[39.915294,21.405941],[39.91495,21.406279],[39.914693,21.406429],[39.914186,21.406633],[39.9135,21.406632],[39.913094,21.406579],[39.912692,21.406449],[39.91236,21.406242],[39.912191,21.406137],[39.911826,21.405797],[39.911656,21.40556],[39.91149,21.405255],[39.911392,21.404933],[39.911351,21.404636],[39.91134,21.404156],[39.911284,21.403673],[39.911302,21.403357],[39.911257,21.402681],[39.91114,21.402043],[39.910943,21.40119],[39.91068,21.400436],[39.910315,21.39978],[39.909522,21.398673],[39.909249,21.398437]]}",Admin,8aae9c06-b3a7-4bb0-95a2-df3b072edd5a,دليل الزوار,مركز ضيافة 406,2026-05-12 14:01:21,2026-05-12 14:01:21
019e1c7e-0340-705a-9194-482770cb802b,2,00:00,03:59,فترة ثانية,15,3576,8b2033c0-197e-43d7-935a-c37e5ac86561,تروية,48a174b1-0445-44d5-8d15-f6b484620b5d,ترددي,c8fab1e4-386b-41c7-8e60-d7588f96ccde,مدخل الترددي 3 - منى,5c7e902b-5e50-41df-8348-4a4de2af80f4,268,شارع 651,bus_warehouse,3066fa1f-05fa-40a1-9bd2-b134cd6c9234,ترددي 3,bus_warehouse,3066fa1f-05fa-40a1-9bd2-b134cd6c9234,ترددي 3,,,residence,شركة فندق ابراج الكسوة الفندقية,camp,22/651,"{""type"":""LineString"",""coordinates"":[[39.813252,21.429236],[39.813337,21.429237],[39.814102,21.429366],[39.814608,21.429377],[39.815364,21.429323],[39.815756,21.429319],[39.816731,21.429223],[39.817332,21.429189],[39.817543,21.429056],[39.817746,21.428918],[39.817901,21.428782],[39.81819,21.4284],[39.818399,21.427942],[39.818749,21.42726],[39.819285,21.426512],[39.819372,21.426378],[39.819606,21.426021],[39.819838,21.425482],[39.820027,21.424948],[39.820096,21.424676],[39.820093,21.424556],[39.820058,21.424428],[39.819915,21.424157],[39.819837,21.424095],[39.819732,21.424045],[39.81951,21.424005],[39.819349,21.424009],[39.818696,21.424095],[39.818506,21.424106],[39.818339,21.42409],[39.818091,21.424109],[39.816302,21.424249],[39.814901,21.424394],[39.814513,21.424411],[39.814207,21.424402],[39.814037,21.424379],[39.81389,21.424253],[39.81416,21.424288],[39.814583,21.424301],[39.8149,21.424294],[39.816324,21.424159],[39.817715,21.424025],[39.817839,21.424015],[39.818018,21.424003],[39.818758,21.423956],[39.819167,21.423893],[39.819468,21.423825],[39.819616,21.423779],[39.819737,21.423712],[39.82102,21.422308],[39.821255,21.422148],[39.821521,21.422043],[39.8218,21.42196],[39.822147,21.421864],[39.822382,21.421761],[39.822573,21.421647],[39.822791,21.421489],[39.823573,21.420862],[39.823754,21.420759],[39.824375,21.420476],[39.824726,21.420372],[39.825105,21.420284],[39.825955,21.420176],[39.826362,21.420149],[39.826554,21.420136],[39.826763,21.420141],[39.827464,21.420235],[39.828747,21.420466],[39.829051,21.420521],[39.829896,21.420637],[39.830672,21.420741],[39.830929,21.420773],[39.831535,21.420838],[39.83191,21.420945],[39.832039,21.421015],[39.832183,21.421174],[39.832273,21.421282],[39.833266,21.422326],[39.83351,21.422555],[39.833692,21.42261],[39.833898,21.422641],[39.834238,21.422617],[39.834413,21.422597],[39.834643,21.422554],[39.842963,21.421445],[39.843901,21.421349],[39.844575,21.421303],[39.845233,21.42127],[39.846332,21.421259],[39.847368,21.421227],[39.847802,21.421211],[39.848334,21.421188],[39.849191,21.421167],[39.850454,21.421049],[39.851183,21.420947],[39.851521,21.420819],[39.851827,21.42067],[39.852143,21.420443],[39.852385,21.420171],[39.853182,21.4192],[39.853454,21.418683],[39.853662,21.418375],[39.854049,21.41786],[39.854388,21.417419],[39.854815,21.416871],[39.854832,21.41685],[39.855039,21.416754],[39.856199,21.415212],[39.856915,21.414028],[39.857548,21.412983],[39.859613,21.409567],[39.860347,21.408343],[39.861218,21.406891],[39.861848,21.405711],[39.862293,21.404805],[39.862648,21.403944],[39.863146,21.402736],[39.864457,21.399575],[39.864667,21.399101],[39.865353,21.397787],[39.865604,21.397353],[39.865839,21.397027],[39.866002,21.396835],[39.866639,21.39624],[39.867089,21.395886],[39.869109,21.394312],[39.87078,21.393016],[39.871413,21.392421],[39.871914,21.39181],[39.87245,21.39099],[39.872511,21.39085],[39.872815,21.390147],[39.873089,21.389359],[39.873632,21.387748],[39.873794,21.387223],[39.87407,21.386327],[39.874115,21.385744],[39.874141,21.385156],[39.874177,21.384349],[39.87425,21.384097],[39.874324,21.383912],[39.874375,21.383782],[39.875494,21.384124],[39.875621,21.384163],[39.877628,21.384792],[39.877799,21.384845],[39.881188,21.385907],[39.881609,21.386039],[39.883944,21.386745],[39.885585,21.38727],[39.886236,21.387469],[39.888263,21.388099],[39.889419,21.388485],[39.889529,21.388522],[39.890503,21.388827],[39.892548,21.38947],[39.892976,21.389646],[39.893288,21.389775],[39.893949,21.389932],[39.894388,21.390017],[39.894603,21.390012],[39.895011,21.390022],[39.896599,21.389807],[39.897783,21.38963],[39.898315,21.389587],[39.898723,21.389502],[39.898959,21.389404],[39.899363,21.389162],[39.899572,21.388916],[39.899647,21.388823],[39.899738,21.388711],[39.900204,21.388081],[39.90045,21.387688],[39.901347,21.386056],[39.901491,21.385591],[39.901518,21.385428],[39.901502,21.385248],[39.901443,21.385013],[39.901303,21.384842],[39.901105,21.384753],[39.900836,21.384717],[39.900558,21.384773],[39.900375,21.384898],[39.900247,21.385043],[39.900188,21.385198],[39.900166,21.385406],[39.900203,21.385591],[39.900341,21.385945],[39.902134,21.388293],[39.903467,21.39016],[39.904777,21.391926],[39.906077,21.393658],[39.908527,21.39692],[39.90976,21.398562],[39.910401,21.399415],[39.910873,21.399891],[39.911066,21.400051],[39.911393,21.400286],[39.91186,21.40052],[39.912342,21.400695],[39.913266,21.4011],[39.913528,21.401256],[39.913853,21.401385]]}",Admin,8aae9c06-b3a7-4bb0-95a2-df3b072edd5a,دليل الزوار,مركز ضيافة 101,2026-05-12 14:01:20,2026-05-12 14:01:20
019e1c7e-0217-7307-899b-1bdc4f21ce02,3,04:00,08:00,فترة ثالثة,10,1582,8b2033c0-197e-43d7-935a-c37e5ac86561,تروية,a0bc4dde-a22d-4d68-bf95-75f45d362d66,تقليدي رد,ede61c28-c746-4cfa-a67b-19eb13385d55,مدخل طريق سوق العرب - الدائري الرابع,ee092116-6a2b-4c12-afa5-7db8e53e3e11,362,شارع 518,parking,7a92132e-3f5f-42d3-a0df-28ea64bb1b86,الجامعة الجديد,parking,7a92132e-3f5f-42d3-a0df-28ea64bb1b86,الجامعة الجديد,,,residence,شركة المضيئة الماسية المحدودة,camp,2/518,"{""type"":""LineString"",""coordinates"":[[39.83227,21.420441],[39.832416,21.420328],[39.832631,21.420178],[39.832374,21.420535],[39.832201,21.420861],[39.832172,21.420967],[39.832168,21.421079],[39.832183,21.421174],[39.832273,21.421282],[39.833266,21.422326],[39.83351,21.422555],[39.833692,21.42261],[39.833898,21.422641],[39.834238,21.422617],[39.834413,21.422597],[39.834643,21.422554],[39.842963,21.421445],[39.843901,21.421349],[39.844575,21.421303],[39.845233,21.42127],[39.846332,21.421259],[39.847368,21.421227],[39.847802,21.421211],[39.848334,21.421188],[39.849191,21.421167],[39.850454,21.421049],[39.851183,21.420947],[39.851521,21.420819],[39.851827,21.42067],[39.852143,21.420443],[39.852385,21.420171],[39.853182,21.4192],[39.853454,21.418683],[39.853662,21.418375],[39.854049,21.41786],[39.854388,21.417419],[39.854815,21.416871],[39.854832,21.41685],[39.855039,21.416754],[39.856199,21.415212],[39.856915,21.414028],[39.857548,21.412983],[39.859613,21.409567],[39.860347,21.408343],[39.861218,21.406891],[39.861848,21.405711],[39.862293,21.404805],[39.862648,21.403944],[39.863146,21.402736],[39.864457,21.399575],[39.864667,21.399101],[39.865353,21.397787],[39.865604,21.397353],[39.865839,21.397027],[39.866002,21.396835],[39.866639,21.39624],[39.867089,21.395886],[39.869109,21.394312],[39.87078,21.393016],[39.871413,21.392421],[39.871914,21.39181],[39.87245,21.39099],[39.872511,21.39085],[39.872815,21.390147],[39.873089,21.389359],[39.873632,21.387748],[39.873794,21.387223],[39.87407,21.386327],[39.874115,21.385744],[39.874141,21.385156],[39.874177,21.384349],[39.87425,21.384097],[39.874324,21.383912],[39.874375,21.383782],[39.875494,21.384124],[39.875621,21.384163],[39.877628,21.384792],[39.877799,21.384845],[39.881188,21.385907],[39.881609,21.386039],[39.883944,21.386745],[39.885585,21.38727],[39.886236,21.387469],[39.888263,21.388099],[39.889419,21.388485],[39.889529,21.388522],[39.890503,21.388827],[39.892548,21.38947],[39.892976,21.389646],[39.893288,21.389775],[39.893949,21.389932],[39.894388,21.390017],[39.894603,21.390012],[39.895011,21.390022],[39.896599,21.389807],[39.897783,21.38963],[39.898315,21.389587],[39.898723,21.389502],[39.898959,21.389404],[39.899363,21.389162],[39.899572,21.388916],[39.899647,21.388823],[39.899738,21.388711],[39.900204,21.388081],[39.90045,21.387688],[39.901347,21.386056],[39.901491,21.385591],[39.901518,21.385428],[39.901502,21.385248],[39.901443,21.385013],[39.901303,21.384842],[39.901105,21.384753],[39.900836,21.384717],[39.900558,21.384773],[39.900375,21.384898],[39.900247,21.385043],[39.900188,21.385198],[39.900166,21.385406],[39.900203,21.385591],[39.900341,21.385945],[39.902134,21.388293],[39.903467,21.39016],[39.904777,21.391926],[39.906077,21.393658],[39.908527,21.39692],[39.90976,21.398562],[39.910401,21.399415],[39.910873,21.399891],[39.911066,21.400051],[39.911393,21.400286],[39.91186,21.40052],[39.912342,21.400695],[39.913266,21.4011],[39.913528,21.401256],[39.913652,21.40133],[39.914215,21.401769],[39.914778,21.402318],[39.915143,21.402768],[39.915394,21.403191],[39.915556,21.403522],[39.915706,21.403927],[39.915776,21.404331],[39.915798,21.404596],[39.915776,21.404921],[39.915739,21.40512],[39.915605,21.405525],[39.915444,21.40578],[39.915294,21.405941],[39.91495,21.406279],[39.914693,21.406429],[39.914186,21.406633],[39.9135,21.406632],[39.913094,21.406579],[39.912692,21.406449],[39.91236,21.406242],[39.912191,21.406137],[39.911826,21.405797],[39.911656,21.40556],[39.91149,21.405255],[39.911392,21.404933],[39.911351,21.404636],[39.91134,21.404156],[39.911284,21.403673],[39.911302,21.403357],[39.911257,21.402681],[39.91114,21.402043],[39.910943,21.40119],[39.91068,21.400436],[39.910315,21.39978],[39.909522,21.398673],[39.909249,21.398437]]}",Admin,8aae9c06-b3a7-4bb0-95a2-df3b072edd5a,دليل الزوار,مركز ضيافة 301,2026-05-12 14:01:20,2026-05-12 14:01:20
019e1c7e-0115-73c6-a790-b39a954c884b,2,00:00,03:59,فترة ثانية,10,1174,8b2033c0-197e-43d7-935a-c37e5ac86561,تروية,9fc47c58-d9e9-45e0-9d66-6da9f5c4fc85,قطار,ede61c28-c746-4cfa-a67b-19eb13385d55,مدخل طريق سوق العرب - الدائري الرابع,92877f02-3467-4972-95e8-c8c4bde44173,372,شارع 510,parking,4b152c54-b526-49fb-86d9-409334589cfb,الاسناد القطار,parking,4b152c54-b526-49fb-86d9-409334589cfb,الاسناد القطار,,,residence,شركة القوافل العالمية للمقاولات شخص واحد,camp,2/510,"{""type"":""LineString"",""coordinates"":[[39.867276,21.409118],[39.867943,21.408443],[39.868312,21.408747],[39.868464,21.40859],[39.868553,21.408657],[39.869613,21.407562],[39.869889,21.407322],[39.870641,21.406779],[39.873129,21.404971],[39.873921,21.404413],[39.874476,21.404014],[39.874835,21.403755],[39.875046,21.403601],[39.87569,21.40313],[39.876679,21.402412],[39.87737,21.401909],[39.878002,21.401518],[39.878144,21.401442],[39.878392,21.401307],[39.879401,21.400847],[39.883366,21.399037],[39.884426,21.398552],[39.885932,21.397834],[39.887662,21.397056],[39.89015,21.395924],[39.892381,21.394909],[39.893021,21.394575],[39.893456,21.394283],[39.893609,21.394158],[39.893721,21.394066],[39.894165,21.393702],[39.894773,21.393204],[39.896259,21.391933],[39.897172,21.391133],[39.899133,21.389417],[39.899363,21.389162],[39.899572,21.388916],[39.899647,21.388823],[39.899738,21.388711],[39.900204,21.388081],[39.90045,21.387688],[39.901347,21.386056],[39.901491,21.385591],[39.901518,21.385428],[39.901502,21.385248],[39.901443,21.385013],[39.901303,21.384842],[39.901105,21.384753],[39.900836,21.384717],[39.900558,21.384773],[39.900375,21.384898],[39.900247,21.385043],[39.900188,21.385198],[39.900166,21.385406],[39.900203,21.385591],[39.900341,21.385945],[39.902134,21.388293],[39.903467,21.39016],[39.904777,21.391926],[39.906077,21.393658],[39.908527,21.39692],[39.90976,21.398562],[39.910401,21.399415],[39.910873,21.399891],[39.911066,21.400051],[39.911393,21.400286],[39.91186,21.40052],[39.912342,21.400695],[39.913266,21.4011],[39.913528,21.401256],[39.913652,21.40133],[39.914215,21.401769],[39.914778,21.402318],[39.915143,21.402768],[39.915394,21.403191],[39.915556,21.403522],[39.915706,21.403927],[39.915776,21.404331],[39.915798,21.404596],[39.915776,21.404921],[39.915739,21.40512],[39.915605,21.405525],[39.915444,21.40578],[39.915294,21.405941],[39.91495,21.406279],[39.914693,21.406429],[39.914186,21.406633],[39.9135,21.406632],[39.913094,21.406579],[39.912692,21.406449],[39.91236,21.406242],[39.912191,21.406137],[39.911826,21.405797],[39.911656,21.40556],[39.91149,21.405255],[39.911392,21.404933],[39.911351,21.404636],[39.91134,21.404156],[39.911284,21.403673],[39.911302,21.403357],[39.911257,21.402681],[39.91114,21.402043],[39.910943,21.40119],[39.91068,21.400436],[39.910315,21.39978],[39.909522,21.398673],[39.909249,21.398437]]}",Admin,8aae9c06-b3a7-4bb0-95a2-df3b072edd5a,دليل الزوار,مركز ضيافة 203,2026-05-12 14:01:20,2026-05-12 14:01:20
019e1c7d-fe4c-7120-9323-8d14c3f7d835,3,04:00,08:00,فترة ثالثة,10,1927,8b2033c0-197e-43d7-935a-c37e5ac86561,تروية,a0bc4dde-a22d-4d68-bf95-75f45d362d66,تقليدي رد,ede61c28-c746-4cfa-a67b-19eb13385d55,مدخل طريق سوق العرب - الدائري الرابع,ded5d570-fcf9-47c2-a57b-caa6a23d15c2,613,شارع 529,parking,7cd11b31-ed19-4e26-ba8c-765318bd0a7c,100-83,parking,7cd11b31-ed19-4e26-ba8c-765318bd0a7c,100-83,,,residence,شركة التطوير الحضري للاعمال شركة شخص واحد,camp,4/529,"{""type"":""LineString"",""coordinates"":[[39.817907,21.404464],[39.817822,21.404481],[39.817407,21.404678],[39.817862,21.405425],[39.81816,21.406171],[39.818194,21.406258],[39.818085,21.40631],[39.818053,21.406222],[39.817775,21.405591],[39.817692,21.405402],[39.817421,21.404903],[39.816851,21.404052],[39.816089,21.403054],[39.816014,21.40295],[39.81613,21.402883],[39.816561,21.402631],[39.81733,21.402295],[39.819773,21.401398],[39.819919,21.401331],[39.8204,21.401034],[39.821916,21.399889],[39.823429,21.398723],[39.82413,21.398203],[39.824494,21.397912],[39.825012,21.397538],[39.825231,21.397408],[39.825791,21.39727],[39.825726,21.395513],[39.82572,21.395364],[39.825694,21.393973],[39.825632,21.391763],[39.825569,21.39041],[39.825426,21.388622],[39.825407,21.388044],[39.825496,21.387593],[39.825749,21.386994],[39.825806,21.38686],[39.826226,21.386186],[39.826372,21.385951],[39.826832,21.385414],[39.827396,21.384783],[39.827497,21.38467],[39.827708,21.384644],[39.828992,21.384535],[39.829244,21.384519],[39.829855,21.38437],[39.831122,21.383987],[39.831785,21.383827],[39.832342,21.383768],[39.832689,21.383765],[39.833425,21.383788],[39.834009,21.38386],[39.834378,21.383974],[39.834634,21.384054],[39.835276,21.384458],[39.835525,21.384616],[39.835729,21.384746],[39.835976,21.384932],[39.836262,21.385178],[39.838411,21.38745],[39.838733,21.387759],[39.839259,21.388169],[39.839699,21.388429],[39.840246,21.388658],[39.840634,21.388749],[39.841231,21.388838],[39.842264,21.388921],[39.843922,21.389083],[39.845957,21.389246],[39.846384,21.389345],[39.847035,21.389539],[39.847266,21.389645],[39.84768,21.389836],[39.848252,21.390213],[39.848953,21.390805],[39.849588,21.39154],[39.850018,21.392085],[39.850446,21.392585],[39.851391,21.393633],[39.851581,21.393812],[39.851774,21.393938],[39.852046,21.394056],[39.852337,21.394122],[39.85254,21.394143],[39.852726,21.394133],[39.852959,21.394071],[39.853614,21.393779],[39.85405,21.393471],[39.854566,21.393024],[39.855648,21.391708],[39.855996,21.391461],[39.856181,21.391287],[39.856525,21.391018],[39.85717,21.390408],[39.857709,21.389855],[39.858217,21.389318],[39.85912,21.388568],[39.862032,21.385524],[39.863018,21.384644],[39.863957,21.384037],[39.86448,21.383738],[39.865047,21.383474],[39.865891,21.383149],[39.866999,21.382837],[39.867992,21.382698],[39.868715,21.382637],[39.869226,21.382632],[39.870011,21.382663],[39.870534,21.38271],[39.871031,21.382805],[39.872226,21.383094],[39.872622,21.383189],[39.87341,21.383495],[39.874256,21.383747],[39.874375,21.383782],[39.875494,21.384124],[39.875621,21.384163],[39.877628,21.384792],[39.877799,21.384845],[39.881188,21.385907],[39.881609,21.386039],[39.883944,21.386745],[39.885585,21.38727],[39.886236,21.387469],[39.888263,21.388099],[39.889419,21.388485],[39.889529,21.388522],[39.890503,21.388827],[39.892548,21.38947],[39.892976,21.389646],[39.893288,21.389775],[39.893949,21.389932],[39.894388,21.390017],[39.894603,21.390012],[39.895011,21.390022],[39.896599,21.389807],[39.897783,21.38963],[39.898315,21.389587],[39.898723,21.389502],[39.898959,21.389404],[39.899363,21.389162],[39.899572,21.388916],[39.899647,21.388823],[39.899738,21.388711],[39.900204,21.388081],[39.90045,21.387688],[39.901347,21.386056],[39.901491,21.385591],[39.901518,21.385428],[39.901502,21.385248],[39.901443,21.385013],[39.901303,21.384842],[39.901105,21.384753],[39.900836,21.384717],[39.900558,21.384773],[39.900375,21.384898],[39.900247,21.385043],[39.900188,21.385198],[39.900166,21.385406],[39.900203,21.385591],[39.900341,21.385945],[39.902134,21.388293],[39.903467,21.39016],[39.904777,21.391926],[39.906077,21.393658],[39.908527,21.39692],[39.90976,21.398562],[39.910401,21.399415],[39.910873,21.399891],[39.911066,21.400051],[39.911393,21.400286],[39.91186,21.40052],[39.912342,21.400695],[39.913266,21.4011],[39.913528,21.401256],[39.913652,21.40133],[39.914215,21.401769],[39.914778,21.402318],[39.915143,21.402768],[39.915394,21.403191],[39.915556,21.403522],[39.915706,21.403927],[39.915776,21.404331],[39.915798,21.404596],[39.915776,21.404921],[39.915739,21.40512],[39.915605,21.405525],[39.915444,21.40578],[39.915294,21.405941],[39.91495,21.406279],[39.914693,21.406429],[39.914186,21.406633],[39.9135,21.406632],[39.913094,21.406579],[39.912692,21.406449],[39.91236,21.406242],[39.912191,21.406137],[39.911826,21.405797],[39.911656,21.40556],[39.91149,21.405255],[39.911392,21.404933],[39.911351,21.404636],[39.91134,21.404156],[39.911284,21.403673],[39.911302,21.403357],[39.911257,21.402681],[39.91114,21.402043],[39.910943,21.40119],[39.91068,21.400436],[39.910315,21.39978],[39.909522,21.398673],[39.909249,21.398437]]}",Admin,c076b07f-1cf4-4475-a72e-e570d042d0d1,بشرى الضيافة,مركز ضيافة رقم 23,2026-05-12 14:01:19,2026-05-12 14:01:19
019e1c7d-ff56-708f-a362-dd898ee575e0,2,00:00,03:59,فترة ثانية,10,1102,8b2033c0-197e-43d7-935a-c37e5ac86561,تروية,a0bc4dde-a22d-4d68-bf95-75f45d362d66,تقليدي رد,ede61c28-c746-4cfa-a67b-19eb13385d55,مدخل طريق سوق العرب - الدائري الرابع,f14767f4-7fb2-40c9-bfdd-724e669dbf13,514,شارع 518,parking,0dbf5e64-c219-4b75-8580-feb1d03a42ea,150-83,parking,0dbf5e64-c219-4b75-8580-feb1d03a42ea,150-83,,,residence,شركة المعتكف للتطوير والاستثمار العقاري,camp,8/518,"{""type"":""LineString"",""coordinates"":[[39.834309,21.418408],[39.834257,21.418483],[39.832993,21.419876],[39.832631,21.420178],[39.832374,21.420535],[39.832201,21.420861],[39.832172,21.420967],[39.832168,21.421079],[39.832183,21.421174],[39.832273,21.421282],[39.833266,21.422326],[39.83351,21.422555],[39.833692,21.42261],[39.833898,21.422641],[39.834238,21.422617],[39.834413,21.422597],[39.834643,21.422554],[39.842963,21.421445],[39.843901,21.421349],[39.844575,21.421303],[39.845233,21.42127],[39.846332,21.421259],[39.847368,21.421227],[39.847802,21.421211],[39.848334,21.421188],[39.849191,21.421167],[39.850454,21.421049],[39.851183,21.420947],[39.851521,21.420819],[39.851827,21.42067],[39.852143,21.420443],[39.852385,21.420171],[39.853182,21.4192],[39.853454,21.418683],[39.853662,21.418375],[39.854049,21.41786],[39.854388,21.417419],[39.854815,21.416871],[39.854832,21.41685],[39.855039,21.416754],[39.856199,21.415212],[39.856915,21.414028],[39.857548,21.412983],[39.859613,21.409567],[39.860347,21.408343],[39.861218,21.406891],[39.861848,21.405711],[39.862293,21.404805],[39.862648,21.403944],[39.863146,21.402736],[39.864457,21.399575],[39.864667,21.399101],[39.865353,21.397787],[39.865604,21.397353],[39.865839,21.397027],[39.866002,21.396835],[39.866639,21.39624],[39.867089,21.395886],[39.869109,21.394312],[39.87078,21.393016],[39.871413,21.392421],[39.871914,21.39181],[39.87245,21.39099],[39.872511,21.39085],[39.872815,21.390147],[39.873089,21.389359],[39.873632,21.387748],[39.873794,21.387223],[39.87407,21.386327],[39.874115,21.385744],[39.874141,21.385156],[39.874177,21.384349],[39.87425,21.384097],[39.874324,21.383912],[39.874375,21.383782],[39.875494,21.384124],[39.875621,21.384163],[39.877628,21.384792],[39.877799,21.384845],[39.881188,21.385907],[39.881609,21.386039],[39.883944,21.386745],[39.885585,21.38727],[39.886236,21.387469],[39.888263,21.388099],[39.889419,21.388485],[39.889529,21.388522],[39.890503,21.388827],[39.892548,21.38947],[39.892976,21.389646],[39.893288,21.389775],[39.893949,21.389932],[39.894388,21.390017],[39.894603,21.390012],[39.895011,21.390022],[39.896599,21.389807],[39.897783,21.38963],[39.898315,21.389587],[39.898723,21.389502],[39.898959,21.389404],[39.899363,21.389162],[39.899572,21.388916],[39.899647,21.388823],[39.899738,21.388711],[39.900204,21.388081],[39.90045,21.387688],[39.901347,21.386056],[39.901491,21.385591],[39.901518,21.385428],[39.901502,21.385248],[39.901443,21.385013],[39.901303,21.384842],[39.901105,21.384753],[39.900836,21.384717],[39.900558,21.384773],[39.900375,21.384898],[39.900247,21.385043],[39.900188,21.385198],[39.900166,21.385406],[39.900203,21.385591],[39.900341,21.385945],[39.902134,21.388293],[39.903467,21.39016],[39.904777,21.391926],[39.906077,21.393658],[39.908527,21.39692],[39.90976,21.398562],[39.910401,21.399415],[39.910873,21.399891],[39.911066,21.400051],[39.911393,21.400286],[39.91186,21.40052],[39.912342,21.400695],[39.913266,21.4011],[39.913528,21.401256],[39.913652,21.40133],[39.914215,21.401769],[39.914778,21.402318],[39.915143,21.402768],[39.915394,21.403191],[39.915556,21.403522],[39.915706,21.403927],[39.915776,21.404331],[39.915798,21.404596],[39.915776,21.404921],[39.915739,21.40512],[39.915605,21.405525],[39.915444,21.40578],[39.915294,21.405941],[39.91495,21.406279],[39.914693,21.406429],[39.914186,21.406633],[39.9135,21.406632],[39.913094,21.406579],[39.912692,21.406449],[39.91236,21.406242],[39.912191,21.406137],[39.911826,21.405797],[39.911656,21.40556],[39.91149,21.405255],[39.911392,21.404933],[39.911351,21.404636],[39.91134,21.404156],[39.911284,21.403673],[39.911302,21.403357],[39.911257,21.402681],[39.91114,21.402043],[39.910943,21.40119],[39.91068,21.400436],[39.910315,21.39978],[39.909522,21.398673],[39.909249,21.398437]]}",Admin,c076b07f-1cf4-4475-a72e-e570d042d0d1,بشرى الضيافة,مركز ضيافة رقم 17+,2026-05-12 14:01:19,2026-05-12 14:01:19
019e1c7d-fd16-7326-9156-08c9a1231331,3,04:00,08:00,فترة ثالثة,10,1840,8b2033c0-197e-43d7-935a-c37e5ac86561,تروية,a0bc4dde-a22d-4d68-bf95-75f45d362d66,تقليدي رد,ede61c28-c746-4cfa-a67b-19eb13385d55,مدخل طريق سوق العرب - الدائري الرابع,d46c823c-153c-4a46-8429-a47d6b866264,353,شارع 520,parking,7cd11b31-ed19-4e26-ba8c-765318bd0a7c,100-83,parking,7cd11b31-ed19-4e26-ba8c-765318bd0a7c,100-83,,,residence,شركة التطوير الحضري للاعمال شركة شخص واحد,camp,14/520,"{""type"":""LineString"",""coordinates"":[[39.817907,21.404464],[39.817822,21.404481],[39.817407,21.404678],[39.817862,21.405425],[39.81816,21.406171],[39.818194,21.406258],[39.818085,21.40631],[39.818053,21.406222],[39.817775,21.405591],[39.817692,21.405402],[39.817421,21.404903],[39.816851,21.404052],[39.816089,21.403054],[39.816014,21.40295],[39.81613,21.402883],[39.816561,21.402631],[39.81733,21.402295],[39.819773,21.401398],[39.819919,21.401331],[39.8204,21.401034],[39.821916,21.399889],[39.823429,21.398723],[39.82413,21.398203],[39.824494,21.397912],[39.825012,21.397538],[39.825231,21.397408],[39.825791,21.39727],[39.825726,21.395513],[39.82572,21.395364],[39.825694,21.393973],[39.825632,21.391763],[39.825569,21.39041],[39.825426,21.388622],[39.825407,21.388044],[39.825496,21.387593],[39.825749,21.386994],[39.825806,21.38686],[39.826226,21.386186],[39.826372,21.385951],[39.826832,21.385414],[39.827396,21.384783],[39.827497,21.38467],[39.827708,21.384644],[39.828992,21.384535],[39.829244,21.384519],[39.829855,21.38437],[39.831122,21.383987],[39.831785,21.383827],[39.832342,21.383768],[39.832689,21.383765],[39.833425,21.383788],[39.834009,21.38386],[39.834378,21.383974],[39.834634,21.384054],[39.835276,21.384458],[39.835525,21.384616],[39.835729,21.384746],[39.835976,21.384932],[39.836262,21.385178],[39.838411,21.38745],[39.838733,21.387759],[39.839259,21.388169],[39.839699,21.388429],[39.840246,21.388658],[39.840634,21.388749],[39.841231,21.388838],[39.842264,21.388921],[39.843922,21.389083],[39.845957,21.389246],[39.846384,21.389345],[39.847035,21.389539],[39.847266,21.389645],[39.84768,21.389836],[39.848252,21.390213],[39.848953,21.390805],[39.849588,21.39154],[39.850018,21.392085],[39.850446,21.392585],[39.851391,21.393633],[39.851581,21.393812],[39.851774,21.393938],[39.852046,21.394056],[39.852337,21.394122],[39.85254,21.394143],[39.852726,21.394133],[39.852959,21.394071],[39.853614,21.393779],[39.85405,21.393471],[39.854566,21.393024],[39.855648,21.391708],[39.855996,21.391461],[39.856181,21.391287],[39.856525,21.391018],[39.85717,21.390408],[39.857709,21.389855],[39.858217,21.389318],[39.85912,21.388568],[39.862032,21.385524],[39.863018,21.384644],[39.863957,21.384037],[39.86448,21.383738],[39.865047,21.383474],[39.865891,21.383149],[39.866999,21.382837],[39.867992,21.382698],[39.868715,21.382637],[39.869226,21.382632],[39.870011,21.382663],[39.870534,21.38271],[39.871031,21.382805],[39.872226,21.383094],[39.872622,21.383189],[39.87341,21.383495],[39.874256,21.383747],[39.874375,21.383782],[39.875494,21.384124],[39.875621,21.384163],[39.877628,21.384792],[39.877799,21.384845],[39.881188,21.385907],[39.881609,21.386039],[39.883944,21.386745],[39.885585,21.38727],[39.886236,21.387469],[39.888263,21.388099],[39.889419,21.388485],[39.889529,21.388522],[39.890503,21.388827],[39.892548,21.38947],[39.892976,21.389646],[39.893288,21.389775],[39.893949,21.389932],[39.894388,21.390017],[39.894603,21.390012],[39.895011,21.390022],[39.896599,21.389807],[39.897783,21.38963],[39.898315,21.389587],[39.898723,21.389502],[39.898959,21.389404],[39.899363,21.389162],[39.899572,21.388916],[39.899647,21.388823],[39.899738,21.388711],[39.900204,21.388081],[39.90045,21.387688],[39.901347,21.386056],[39.901491,21.385591],[39.901518,21.385428],[39.901502,21.385248],[39.901443,21.385013],[39.901303,21.384842],[39.901105,21.384753],[39.900836,21.384717],[39.900558,21.384773],[39.900375,21.384898],[39.900247,21.385043],[39.900188,21.385198],[39.900166,21.385406],[39.900203,21.385591],[39.900341,21.385945],[39.902134,21.388293],[39.903467,21.39016],[39.904777,21.391926],[39.906077,21.393658],[39.908527,21.39692],[39.90976,21.398562],[39.910401,21.399415],[39.910873,21.399891],[39.911066,21.400051],[39.911393,21.400286],[39.91186,21.40052],[39.912342,21.400695],[39.913266,21.4011],[39.913528,21.401256],[39.913652,21.40133],[39.914215,21.401769],[39.914778,21.402318],[39.915143,21.402768],[39.915394,21.403191],[39.915556,21.403522],[39.915706,21.403927],[39.915776,21.404331],[39.915798,21.404596],[39.915776,21.404921],[39.915739,21.40512],[39.915605,21.405525],[39.915444,21.40578],[39.915294,21.405941],[39.91495,21.406279],[39.914693,21.406429],[39.914186,21.406633],[39.9135,21.406632],[39.913094,21.406579],[39.912692,21.406449],[39.91236,21.406242],[39.912191,21.406137],[39.911826,21.405797],[39.911656,21.40556],[39.91149,21.405255],[39.911392,21.404933],[39.911351,21.404636],[39.91134,21.404156],[39.911284,21.403673],[39.911302,21.403357],[39.911257,21.402681],[39.91114,21.402043],[39.910943,21.40119],[39.91068,21.400436],[39.910315,21.39978],[39.909522,21.398673],[39.909249,21.398437]]}",Admin,c076b07f-1cf4-4475-a72e-e570d042d0d1,بشرى الضيافة,مركز ضيافة رقم 22,2026-05-12 14:01:19,2026-05-12 14:01:19
019e1c7d-fbbf-735a-a107-1a3acb0ba1f9,1,20:00,23:59,فترة اولى,15,1466,8b2033c0-197e-43d7-935a-c37e5ac86561,تروية,a0bc4dde-a22d-4d68-bf95-75f45d362d66,تقليدي رد,ba2f406d-8d95-4830-b635-1ba0d2d6825b,مدخل انفاق الجمرات سوق العرب - شارح الحج,87e99aed-6ac0-498b-bd47-c979caad692b,125,شارع 204,parking,7a92132e-3f5f-42d3-a0df-28ea64bb1b86,الجامعة الجديد,parking,7a92132e-3f5f-42d3-a0df-28ea64bb1b86,الجامعة الجديد,,,residence,شركة معاد العالمية الفندقية المحدودة,camp,12/204,"{""type"":""LineString"",""coordinates"":[[39.817085,21.408359],[39.817815,21.408065],[39.818562,21.407708],[39.818318,21.406938],[39.818085,21.40631],[39.818053,21.406222],[39.81816,21.406171],[39.818194,21.406258],[39.818666,21.407643],[39.818842,21.40816],[39.819098,21.408686],[39.819157,21.408808],[39.819775,21.40961],[39.820827,21.410913],[39.820984,21.411131],[39.821133,21.411136],[39.823693,21.411142],[39.824304,21.411081],[39.824887,21.411008],[39.825237,21.411168],[39.825421,21.411175],[39.826244,21.411237],[39.826886,21.411302],[39.827521,21.411412],[39.828145,21.411568],[39.828755,21.411768],[39.829346,21.412011],[39.829915,21.412296],[39.830459,21.41262],[39.830967,21.412947],[39.831555,21.413389],[39.831888,21.41372],[39.832941,21.414696],[39.833376,21.415051],[39.834147,21.415815],[39.835112,21.417126],[39.83545,21.417568],[39.835596,21.417809],[39.836159,21.418816],[39.836387,21.419342],[39.836499,21.419828],[39.836585,21.420383],[39.836663,21.421152],[39.836678,21.421615],[39.836627,21.42254],[39.83658,21.423004],[39.836524,21.423363],[39.836362,21.424044],[39.836231,21.424443],[39.8361,21.424782],[39.834917,21.42702],[39.834795,21.427241],[39.834514,21.427898],[39.834311,21.428241],[39.834026,21.428641],[39.834009,21.428721],[39.834023,21.428834],[39.834092,21.428968],[39.834276,21.429063],[39.839238,21.429498],[39.840112,21.429579],[39.842782,21.429811],[39.84341,21.42991],[39.843926,21.430004],[39.844347,21.430084],[39.845486,21.430359],[39.846236,21.430555],[39.847035,21.430847],[39.847521,21.431051],[39.848236,21.431382],[39.848826,21.431678],[39.849363,21.431853],[39.850032,21.431985],[39.850223,21.432009],[39.850786,21.43208],[39.851505,21.432194],[39.853807,21.432516],[39.854342,21.432602],[39.854528,21.432385],[39.854751,21.432015],[39.855032,21.431585],[39.855441,21.430914],[39.855464,21.430877],[39.855825,21.430302],[39.856465,21.429408],[39.857694,21.428018],[39.857803,21.427942],[39.858208,21.42766],[39.858477,21.42751],[39.858578,21.427456],[39.858688,21.427398],[39.859321,21.427186],[39.860025,21.426955],[39.860749,21.426769],[39.861713,21.426532],[39.862247,21.426366],[39.862485,21.426326],[39.862678,21.426294],[39.862756,21.426283]]}",Admin,c076b07f-1cf4-4475-a72e-e570d042d0d1,بشرى الضيافة,مركز ضيافة رقم 2 مصر,2026-05-12 14:01:19,2026-05-12 14:01:19
019e1c7d-f8bc-7043-b02a-17d90a824571,3,04:00,08:00,فترة ثالثة,15,3810,8b2033c0-197e-43d7-935a-c37e5ac86561,تروية,48a174b1-0445-44d5-8d15-f6b484620b5d,ترددي,c8fab1e4-386b-41c7-8e60-d7588f96ccde,مدخل الترددي 3 - منى,a9e37978-bdb0-4201-9cf6-49249d0d2954,273,شارع 641,bus_warehouse,3066fa1f-05fa-40a1-9bd2-b134cd6c9234,ترددي 3,bus_warehouse,3066fa1f-05fa-40a1-9bd2-b134cd6c9234,ترددي 3,,,residence,شركة الفجر البديع خمسة للخدمات الفندقيه,camp,4/641,"{""type"":""LineString"",""coordinates"":[[39.821345,21.414876],[39.821647,21.41483],[39.821773,21.414813],[39.822161,21.41501],[39.822246,21.41511],[39.822307,21.415127],[39.822575,21.415058],[39.822375,21.414442],[39.821984,21.41363],[39.821965,21.413339],[39.82194,21.413279],[39.821811,21.412978],[39.821689,21.412677],[39.821415,21.412278],[39.821074,21.411474],[39.82098,21.411311],[39.820796,21.411053],[39.820984,21.411131],[39.821133,21.411136],[39.823693,21.411142],[39.824304,21.411081],[39.824887,21.411008],[39.825389,21.410965],[39.826113,21.4109],[39.826641,21.410897],[39.827167,21.410943],[39.827684,21.411038],[39.82819,21.41118],[39.828677,21.411368],[39.829042,21.411506],[39.829162,21.411558],[39.829086,21.411794],[39.828953,21.412001],[39.828732,21.412233],[39.828396,21.412501],[39.828167,21.412734],[39.828138,21.412813],[39.828092,21.413063],[39.827963,21.413896],[39.82782,21.414639],[39.827706,21.415078],[39.827692,21.415205],[39.827674,21.415692],[39.828007,21.41679],[39.828076,21.417017],[39.8285,21.416933],[39.828573,21.416917],[39.828798,21.416844],[39.829045,21.416713],[39.829337,21.416677],[39.829786,21.416694],[39.830732,21.416554],[39.831377,21.416384],[39.831718,21.416278],[39.832033,21.416152],[39.838227,21.412896],[39.838921,21.412402],[39.83955,21.411899],[39.840154,21.41138],[39.841104,21.4104],[39.841448,21.41001],[39.842328,21.408941],[39.842812,21.408322],[39.84304,21.40803],[39.846588,21.403952],[39.84699,21.403319],[39.847287,21.402708],[39.847522,21.401979],[39.847675,21.400866],[39.847757,21.400379],[39.847936,21.398697],[39.848087,21.398091],[39.848194,21.397813],[39.848526,21.397184],[39.848715,21.396921],[39.848992,21.396578],[39.849437,21.396111],[39.849685,21.395914],[39.849987,21.395705],[39.850241,21.39555],[39.850696,21.395318],[39.851103,21.395121],[39.852866,21.39428],[39.85336,21.394031],[39.853855,21.39375],[39.854267,21.393467],[39.85464,21.393184],[39.854897,21.39296],[39.855798,21.391964],[39.856536,21.391178],[39.85912,21.388568],[39.862032,21.385524],[39.863018,21.384644],[39.863957,21.384037],[39.86448,21.383738],[39.865047,21.383474],[39.865891,21.383149],[39.866999,21.382837],[39.867992,21.382698],[39.868715,21.382637],[39.869226,21.382632],[39.870011,21.382663],[39.870534,21.38271],[39.871031,21.382805],[39.872226,21.383094],[39.872622,21.383189],[39.87341,21.383495],[39.874256,21.383747],[39.874375,21.383782],[39.875494,21.384124],[39.875621,21.384163],[39.877628,21.384792],[39.877799,21.384845],[39.881188,21.385907],[39.881609,21.386039],[39.883944,21.386745],[39.885585,21.38727],[39.886236,21.387469],[39.888263,21.388099],[39.889419,21.388485],[39.889529,21.388522],[39.890503,21.388827],[39.892548,21.38947],[39.892976,21.389646],[39.893288,21.389775],[39.893949,21.389932],[39.894388,21.390017],[39.894603,21.390012],[39.895011,21.390022],[39.896599,21.389807],[39.897783,21.38963],[39.898315,21.389587],[39.898723,21.389502],[39.898959,21.389404],[39.899363,21.389162],[39.899572,21.388916],[39.899647,21.388823],[39.899738,21.388711],[39.900204,21.388081],[39.90045,21.387688],[39.901347,21.386056],[39.901491,21.385591],[39.901518,21.385428],[39.901502,21.385248],[39.901443,21.385013],[39.901303,21.384842],[39.901105,21.384753],[39.900836,21.384717],[39.900558,21.384773],[39.900375,21.384898],[39.900247,21.385043],[39.900188,21.385198],[39.900166,21.385406],[39.900203,21.385591],[39.900341,21.385945],[39.902134,21.388293],[39.903467,21.39016],[39.904777,21.391926],[39.906077,21.393658],[39.908527,21.39692],[39.90976,21.398562],[39.910401,21.399415],[39.910873,21.399891],[39.911066,21.400051],[39.911393,21.400286],[39.91186,21.40052],[39.912342,21.400695],[39.913266,21.4011],[39.913528,21.401256],[39.913853,21.401385]]}",Admin,806536a5-c86c-4e09-acca-ee8a888042e2,إكرام الضيف,121,2026-05-12 14:01:18,2026-05-12 14:01:18
019e1c7d-faca-729d-8e34-f0976ae5a342,3,04:00,08:00,فترة ثالثة,10,598,8b2033c0-197e-43d7-935a-c37e5ac86561,تروية,a0bc4dde-a22d-4d68-bf95-75f45d362d66,تقليدي رد,ba2f406d-8d95-4830-b635-1ba0d2d6825b,مدخل انفاق الجمرات سوق العرب - شارح الحج,c2d33048-f5dd-403a-9ab4-d6287259eb45,473,شارع 204,parking,6a81cfb3-9019-4ac5-9f85-353cab5b9895,الاتصالات الجديد,parking,6a81cfb3-9019-4ac5-9f85-353cab5b9895,الاتصالات الجديد,,,residence,شركة القصواء للسفر و السياحة,camp,F/204,"{""type"":""LineString"",""coordinates"":[[39.829966,21.406483],[39.829538,21.408329],[39.829293,21.409483],[39.829211,21.40995],[39.829031,21.410604],[39.829016,21.410708],[39.829032,21.410834],[39.829189,21.411227],[39.82919,21.411378],[39.829162,21.411558],[39.829331,21.411618],[39.829612,21.411754],[39.829986,21.411986],[39.830311,21.412249],[39.830592,21.412449],[39.831075,21.412894],[39.831555,21.413389],[39.831888,21.41372],[39.832941,21.414696],[39.833376,21.415051],[39.834147,21.415815],[39.835112,21.417126],[39.83545,21.417568],[39.835596,21.417809],[39.836159,21.418816],[39.836387,21.419342],[39.836499,21.419828],[39.836585,21.420383],[39.836663,21.421152],[39.836678,21.421615],[39.836627,21.42254],[39.83658,21.423004],[39.836524,21.423363],[39.836362,21.424044],[39.836231,21.424443],[39.8361,21.424782],[39.834917,21.42702],[39.834795,21.427241],[39.834514,21.427898],[39.834311,21.428241],[39.834026,21.428641],[39.834009,21.428721],[39.834023,21.428834],[39.834092,21.428968],[39.834276,21.429063],[39.839238,21.429498],[39.840112,21.429579],[39.842782,21.429811],[39.84341,21.42991],[39.843926,21.430004],[39.844347,21.430084],[39.845486,21.430359],[39.846236,21.430555],[39.847035,21.430847],[39.847521,21.431051],[39.848236,21.431382],[39.848826,21.431678],[39.849363,21.431853],[39.850032,21.431985],[39.850223,21.432009],[39.850786,21.43208],[39.851505,21.432194],[39.853807,21.432516],[39.854342,21.432602],[39.854528,21.432385],[39.854751,21.432015],[39.855032,21.431585],[39.855441,21.430914],[39.855464,21.430877],[39.855825,21.430302],[39.856465,21.429408],[39.857694,21.428018],[39.857803,21.427942],[39.858208,21.42766],[39.858477,21.42751],[39.858578,21.427456],[39.858688,21.427398],[39.859321,21.427186],[39.860025,21.426955],[39.860749,21.426769],[39.861713,21.426532],[39.862247,21.426366],[39.862485,21.426326],[39.862678,21.426294],[39.862756,21.426283]]}",Admin,806536a5-c86c-4e09-acca-ee8a888042e2,إكرام الضيف,150,2026-05-12 14:01:18,2026-05-12 14:01:18
019e1c7d-f9d6-71b3-a297-5f7e60a97a2a,2,00:00,03:59,فترة ثانية,15,3570,8b2033c0-197e-43d7-935a-c37e5ac86561,تروية,a0bc4dde-a22d-4d68-bf95-75f45d362d66,تقليدي رد,c9b6a08b-9db3-4cc8-bfba-162d2ee1544f,مدخل طريق الملك عبدالله - العزيزية,d929efcd-87df-4996-b624-0db632296ec7,184,شارع 68,parking,6a81cfb3-9019-4ac5-9f85-353cab5b9895,الاتصالات الجديد,parking,6a81cfb3-9019-4ac5-9f85-353cab5b9895,الاتصالات الجديد,,,residence,شركة اجياد للخدمات الفندقية,camp,45/68,"{""type"":""LineString"",""coordinates"":[[39.834394,21.418285],[39.834257,21.418483],[39.832993,21.419876],[39.832631,21.420178],[39.832374,21.420535],[39.832201,21.420861],[39.832172,21.420967],[39.832168,21.421079],[39.832183,21.421174],[39.832273,21.421282],[39.833266,21.422326],[39.83351,21.422555],[39.833692,21.42261],[39.833898,21.422641],[39.834238,21.422617],[39.834413,21.422597],[39.834643,21.422554],[39.842963,21.421445],[39.843901,21.421349],[39.844575,21.421303],[39.845233,21.42127],[39.846332,21.421259],[39.847368,21.421227],[39.847802,21.421211],[39.848334,21.421188],[39.849191,21.421167],[39.850454,21.421049],[39.851183,21.420947],[39.851521,21.420819],[39.851827,21.42067],[39.852143,21.420443],[39.852385,21.420171],[39.853182,21.4192],[39.853454,21.418683],[39.853662,21.418375],[39.854049,21.41786],[39.854388,21.417419],[39.854815,21.416871],[39.854832,21.41685],[39.855039,21.416754],[39.856199,21.415212],[39.856915,21.414028],[39.857548,21.412983],[39.859613,21.409567],[39.860347,21.408343],[39.861218,21.406891],[39.861848,21.405711],[39.862293,21.404805],[39.862648,21.403944],[39.863146,21.402736],[39.864457,21.399575],[39.864667,21.399101],[39.865353,21.397787],[39.865604,21.397353],[39.865839,21.397027],[39.866002,21.396835],[39.866639,21.39624],[39.867089,21.395886],[39.869109,21.394312],[39.87078,21.393016],[39.871413,21.392421],[39.871914,21.39181],[39.87245,21.39099],[39.872511,21.39085],[39.872815,21.390147],[39.873089,21.389359],[39.873632,21.387748],[39.873794,21.387223],[39.87407,21.386327],[39.874115,21.385744],[39.874141,21.385156],[39.87435,21.384466],[39.874406,21.384327],[39.874475,21.384217],[39.874577,21.384167],[39.874671,21.384162],[39.874872,21.38419],[39.875036,21.384267],[39.875103,21.384342],[39.875149,21.384429],[39.875162,21.384517],[39.875135,21.384632],[39.874937,21.385255],[39.874524,21.385901],[39.87417,21.386626],[39.873912,21.387434],[39.873864,21.387944],[39.873808,21.388107],[39.873629,21.388677],[39.873994,21.388795],[39.876326,21.389517],[39.877948,21.390034],[39.878779,21.390299],[39.878926,21.390339],[39.879114,21.390389],[39.879558,21.390607],[39.880854,21.391498],[39.881567,21.392007],[39.882011,21.392538],[39.882065,21.39262],[39.882396,21.393125],[39.882444,21.393197],[39.882514,21.393265],[39.882609,21.393289],[39.882868,21.393262],[39.883076,21.393244],[39.88309,21.39336],[39.883151,21.393861],[39.883281,21.394359],[39.883387,21.394766],[39.883451,21.394994],[39.883531,21.39521]]}",Admin,806536a5-c86c-4e09-acca-ee8a888042e2,إكرام الضيف,109,2026-05-12 14:01:18,2026-05-12 14:01:18
019e1c7d-f647-714c-9ed3-d25f32ac80ee,3,04:00,08:00,فترة ثالثة,15,3735,8b2033c0-197e-43d7-935a-c37e5ac86561,تروية,48a174b1-0445-44d5-8d15-f6b484620b5d,ترددي,c8fab1e4-386b-41c7-8e60-d7588f96ccde,مدخل الترددي 3 - منى,2cc6dc81-85e2-4c74-b489-673e41d7ebde,261,شارع 649,bus_warehouse,3066fa1f-05fa-40a1-9bd2-b134cd6c9234,ترددي 3,bus_warehouse,3066fa1f-05fa-40a1-9bd2-b134cd6c9234,ترددي 3,,,residence,شركة رزانه الفندقية,camp,21/649,"{""type"":""LineString"",""coordinates"":[[39.815615,21.42432],[39.814901,21.424394],[39.814513,21.424411],[39.814207,21.424402],[39.814037,21.424379],[39.81389,21.424253],[39.81416,21.424288],[39.814583,21.424301],[39.8149,21.424294],[39.816324,21.424159],[39.817715,21.424025],[39.817839,21.424015],[39.818018,21.424003],[39.818758,21.423956],[39.819167,21.423893],[39.819468,21.423825],[39.819616,21.423779],[39.819737,21.423712],[39.82102,21.422308],[39.821255,21.422148],[39.821521,21.422043],[39.8218,21.42196],[39.822147,21.421864],[39.822382,21.421761],[39.822573,21.421647],[39.822791,21.421489],[39.823573,21.420862],[39.823754,21.420759],[39.824375,21.420476],[39.824726,21.420372],[39.825105,21.420284],[39.825955,21.420176],[39.826362,21.420149],[39.826554,21.420136],[39.826763,21.420141],[39.827464,21.420235],[39.828747,21.420466],[39.829051,21.420521],[39.829896,21.420637],[39.830672,21.420741],[39.830929,21.420773],[39.831535,21.420838],[39.83191,21.420945],[39.832039,21.421015],[39.832183,21.421174],[39.832273,21.421282],[39.833266,21.422326],[39.83351,21.422555],[39.833692,21.42261],[39.833898,21.422641],[39.834238,21.422617],[39.834413,21.422597],[39.834643,21.422554],[39.842963,21.421445],[39.843901,21.421349],[39.844575,21.421303],[39.845233,21.42127],[39.846332,21.421259],[39.847368,21.421227],[39.847802,21.421211],[39.848334,21.421188],[39.849191,21.421167],[39.850454,21.421049],[39.851183,21.420947],[39.851521,21.420819],[39.851827,21.42067],[39.852143,21.420443],[39.852385,21.420171],[39.853182,21.4192],[39.853454,21.418683],[39.853662,21.418375],[39.854049,21.41786],[39.854388,21.417419],[39.854815,21.416871],[39.854832,21.41685],[39.855039,21.416754],[39.856199,21.415212],[39.856915,21.414028],[39.857548,21.412983],[39.859613,21.409567],[39.860347,21.408343],[39.861218,21.406891],[39.861848,21.405711],[39.862293,21.404805],[39.862648,21.403944],[39.863146,21.402736],[39.864457,21.399575],[39.864667,21.399101],[39.865353,21.397787],[39.865604,21.397353],[39.865839,21.397027],[39.866002,21.396835],[39.866639,21.39624],[39.867089,21.395886],[39.869109,21.394312],[39.87078,21.393016],[39.871413,21.392421],[39.871914,21.39181],[39.87245,21.39099],[39.872511,21.39085],[39.872815,21.390147],[39.873089,21.389359],[39.873632,21.387748],[39.873794,21.387223],[39.87407,21.386327],[39.874115,21.385744],[39.874141,21.385156],[39.874177,21.384349],[39.87425,21.384097],[39.874324,21.383912],[39.874375,21.383782],[39.875494,21.384124],[39.875621,21.384163],[39.877628,21.384792],[39.877799,21.384845],[39.881188,21.385907],[39.881609,21.386039],[39.883944,21.386745],[39.885585,21.38727],[39.886236,21.387469],[39.888263,21.388099],[39.889419,21.388485],[39.889529,21.388522],[39.890503,21.388827],[39.892548,21.38947],[39.892976,21.389646],[39.893288,21.389775],[39.893949,21.389932],[39.894388,21.390017],[39.894603,21.390012],[39.895011,21.390022],[39.896599,21.389807],[39.897783,21.38963],[39.898315,21.389587],[39.898723,21.389502],[39.898959,21.389404],[39.899363,21.389162],[39.899572,21.388916],[39.899647,21.388823],[39.899738,21.388711],[39.900204,21.388081],[39.90045,21.387688],[39.901347,21.386056],[39.901491,21.385591],[39.901518,21.385428],[39.901502,21.385248],[39.901443,21.385013],[39.901303,21.384842],[39.901105,21.384753],[39.900836,21.384717],[39.900558,21.384773],[39.900375,21.384898],[39.900247,21.385043],[39.900188,21.385198],[39.900166,21.385406],[39.900203,21.385591],[39.900341,21.385945],[39.902134,21.388293],[39.903467,21.39016],[39.904777,21.391926],[39.906077,21.393658],[39.908527,21.39692],[39.90976,21.398562],[39.910401,21.399415],[39.910873,21.399891],[39.911066,21.400051],[39.911393,21.400286],[39.91186,21.40052],[39.912342,21.400695],[39.913266,21.4011],[39.913528,21.401256],[39.913853,21.401385]]}",Admin,806536a5-c86c-4e09-acca-ee8a888042e2,إكرام الضيف,120,2026-05-12 14:01:17,2026-05-12 14:01:17
019e1c7d-effa-7041-a556-f04491f5fd5a,3,04:00,08:00,فترة ثالثة,15,1504,8b2033c0-197e-43d7-935a-c37e5ac86561,تروية,a0bc4dde-a22d-4d68-bf95-75f45d362d66,تقليدي رد,ba2f406d-8d95-4830-b635-1ba0d2d6825b,مدخل انفاق الجمرات سوق العرب - شارح الحج,cc7940d3-35bb-468b-ac2d-fd5ac8ee1d9e,114,شارع 206,parking,6a81cfb3-9019-4ac5-9f85-353cab5b9895,الاتصالات الجديد,parking,6a81cfb3-9019-4ac5-9f85-353cab5b9895,الاتصالات الجديد,,,residence,شركة الماسة الخاصة المحدودة,camp,17/206,"{""type"":""LineString"",""coordinates"":[[39.848341,21.431896],[39.848204,21.432251],[39.848639,21.432409],[39.849222,21.432644],[39.849447,21.43246],[39.849924,21.432152],[39.850223,21.432009],[39.850786,21.43208],[39.851505,21.432194],[39.853807,21.432516],[39.854342,21.432602],[39.854528,21.432385],[39.854751,21.432015],[39.855032,21.431585],[39.855441,21.430914],[39.855464,21.430877],[39.855825,21.430302],[39.856465,21.429408],[39.857694,21.428018],[39.857803,21.427942],[39.858208,21.42766],[39.858477,21.42751],[39.858578,21.427456],[39.858688,21.427398],[39.859321,21.427186],[39.860025,21.426955],[39.860749,21.426769],[39.861713,21.426532],[39.862247,21.426366],[39.862485,21.426326],[39.862678,21.426294],[39.862756,21.426283]]}",Admin,806536a5-c86c-4e09-acca-ee8a888042e2,إكرام الضيف,104,2026-05-12 14:01:16,2026-05-12 14:01:16
019e1c7d-f0fa-71ce-a59d-28956a98e325,1,20:00,23:59,فترة اولى,15,1526,8b2033c0-197e-43d7-935a-c37e5ac86561,تروية,a0bc4dde-a22d-4d68-bf95-75f45d362d66,تقليدي رد,ba2f406d-8d95-4830-b635-1ba0d2d6825b,مدخل انفاق الجمرات سوق العرب - شارح الحج,fb0c97a4-9314-48c3-9c9f-0d7c828e0542,509,شارع 206,parking,6a81cfb3-9019-4ac5-9f85-353cab5b9895,الاتصالات الجديد,parking,6a81cfb3-9019-4ac5-9f85-353cab5b9895,الاتصالات الجديد,,,residence,شركة عرفات الذهبية,camp,19/206,"{""type"":""LineString"",""coordinates"":[[39.815681,21.384201],[39.816136,21.38462],[39.816961,21.385383],[39.817588,21.385816],[39.81871,21.386375],[39.818845,21.386442],[39.819688,21.386198],[39.820663,21.386013],[39.820764,21.386001],[39.821644,21.3859],[39.822995,21.385888],[39.823279,21.385872],[39.823736,21.385848],[39.824574,21.385688],[39.82523,21.385469],[39.825556,21.385406],[39.825739,21.385401],[39.825873,21.385435],[39.825994,21.385508],[39.826172,21.38567],[39.826372,21.385951],[39.826458,21.386109],[39.826192,21.386505],[39.825998,21.386888],[39.825813,21.387255],[39.825626,21.387709],[39.825586,21.388053],[39.825638,21.389006],[39.825686,21.389719],[39.825696,21.389873],[39.825763,21.390999],[39.825788,21.391749],[39.825856,21.393954],[39.825918,21.396391],[39.825933,21.39701],[39.825982,21.397221],[39.826016,21.397368],[39.826041,21.397549],[39.82622,21.397997],[39.826719,21.39863],[39.827038,21.398967],[39.827474,21.399302],[39.827695,21.399439],[39.827905,21.399542],[39.828208,21.399666],[39.828355,21.399713],[39.830001,21.400294],[39.830227,21.400426],[39.830399,21.40055],[39.830548,21.400703],[39.830673,21.400923],[39.830725,21.401124],[39.830734,21.40143],[39.830679,21.402099],[39.830533,21.403128],[39.830371,21.404266],[39.830138,21.405686],[39.83004,21.406161],[39.829538,21.408329],[39.829293,21.409483],[39.829211,21.40995],[39.829031,21.410604],[39.829016,21.410708],[39.829032,21.410834],[39.829189,21.411227],[39.82919,21.411378],[39.829162,21.411558],[39.829331,21.411618],[39.829612,21.411754],[39.829986,21.411986],[39.830311,21.412249],[39.830592,21.412449],[39.831075,21.412894],[39.831555,21.413389],[39.831888,21.41372],[39.832941,21.414696],[39.833376,21.415051],[39.834147,21.415815],[39.835112,21.417126],[39.83545,21.417568],[39.835596,21.417809],[39.836159,21.418816],[39.836387,21.419342],[39.836499,21.419828],[39.836585,21.420383],[39.836663,21.421152],[39.836678,21.421615],[39.836627,21.42254],[39.83658,21.423004],[39.836524,21.423363],[39.836362,21.424044],[39.836231,21.424443],[39.8361,21.424782],[39.834917,21.42702],[39.834795,21.427241],[39.834514,21.427898],[39.834311,21.428241],[39.834026,21.428641],[39.834009,21.428721],[39.834023,21.428834],[39.834092,21.428968],[39.834276,21.429063],[39.839238,21.429498],[39.840112,21.429579],[39.842782,21.429811],[39.84341,21.42991],[39.843926,21.430004],[39.844347,21.430084],[39.845486,21.430359],[39.846236,21.430555],[39.847035,21.430847],[39.847521,21.431051],[39.848236,21.431382],[39.848826,21.431678],[39.849363,21.431853],[39.850032,21.431985],[39.850223,21.432009],[39.850786,21.43208],[39.851505,21.432194],[39.853807,21.432516],[39.854342,21.432602],[39.854528,21.432385],[39.854751,21.432015],[39.855032,21.431585],[39.855441,21.430914],[39.855464,21.430877],[39.855825,21.430302],[39.856465,21.429408],[39.857694,21.428018],[39.857803,21.427942],[39.858208,21.42766],[39.858477,21.42751],[39.858578,21.427456],[39.858688,21.427398],[39.859321,21.427186],[39.860025,21.426955],[39.860749,21.426769],[39.861713,21.426532],[39.862247,21.426366],[39.862485,21.426326],[39.862678,21.426294],[39.862756,21.426283]]}",Admin,806536a5-c86c-4e09-acca-ee8a888042e2,إكرام الضيف,105,2026-05-12 14:01:16,2026-05-12 14:01:16
019e1c7d-eefe-729d-87ef-444918d4c0ad,3,04:00,08:00,فترة ثالثة,15,3168,8b2033c0-197e-43d7-935a-c37e5ac86561,تروية,48a174b1-0445-44d5-8d15-f6b484620b5d,ترددي,4e968379-67ed-4221-903f-e7351145b578,مدخل الترددي 1 - منى,d5ead824-b920-42f1-90c9-b425ed5e953f,567,شارع 527,bus_warehouse,78d92381-0800-44ed-ad7b-9ff92b62e4b6,ترددي 1,bus_warehouse,78d92381-0800-44ed-ad7b-9ff92b62e4b6,ترددي 1,,,residence,شركة انوار الصلاح المحدودة شخص واحد,camp,A1/527,"{""type"":""LineString"",""coordinates"":[[39.819414,21.426313],[39.819606,21.426021],[39.819838,21.425482],[39.820027,21.424948],[39.820096,21.424676],[39.820093,21.424556],[39.820058,21.424428],[39.819915,21.424157],[39.819837,21.424095],[39.819732,21.424045],[39.81951,21.424005],[39.819349,21.424009],[39.818696,21.424095],[39.818506,21.424106],[39.818339,21.42409],[39.818091,21.424109],[39.816302,21.424249],[39.814901,21.424394],[39.814513,21.424411],[39.814207,21.424402],[39.814037,21.424379],[39.81389,21.424253],[39.81416,21.424288],[39.814583,21.424301],[39.8149,21.424294],[39.816324,21.424159],[39.817715,21.424025],[39.817839,21.424015],[39.818018,21.424003],[39.818758,21.423956],[39.819167,21.423893],[39.819468,21.423825],[39.819616,21.423779],[39.819737,21.423712],[39.82102,21.422308],[39.821255,21.422148],[39.821521,21.422043],[39.8218,21.42196],[39.822147,21.421864],[39.822382,21.421761],[39.822573,21.421647],[39.822791,21.421489],[39.823573,21.420862],[39.823754,21.420759],[39.824375,21.420476],[39.824726,21.420372],[39.825105,21.420284],[39.825955,21.420176],[39.826362,21.420149],[39.826554,21.420136],[39.826763,21.420141],[39.827464,21.420235],[39.828747,21.420466],[39.829051,21.420521],[39.829896,21.420637],[39.830672,21.420741],[39.830929,21.420773],[39.831535,21.420838],[39.83191,21.420945],[39.832039,21.421015],[39.832183,21.421174],[39.832273,21.421282],[39.833266,21.422326],[39.83351,21.422555],[39.833692,21.42261],[39.833898,21.422641],[39.834238,21.422617],[39.834413,21.422597],[39.834643,21.422554],[39.842963,21.421445],[39.843901,21.421349],[39.844575,21.421303],[39.845233,21.42127],[39.846332,21.421259],[39.847368,21.421227],[39.847802,21.421211],[39.848334,21.421188],[39.849191,21.421167],[39.850454,21.421049],[39.851183,21.420947],[39.851521,21.420819],[39.851827,21.42067],[39.852143,21.420443],[39.852385,21.420171],[39.853182,21.4192],[39.853454,21.418683],[39.853662,21.418375],[39.854049,21.41786],[39.854388,21.417419],[39.854815,21.416871],[39.854832,21.41685],[39.855039,21.416754],[39.856199,21.415212],[39.856915,21.414028],[39.857548,21.412983],[39.859613,21.409567],[39.860347,21.408343],[39.861218,21.406891],[39.861848,21.405711],[39.862293,21.404805],[39.862648,21.403944],[39.863146,21.402736],[39.864457,21.399575],[39.864667,21.399101],[39.865353,21.397787],[39.865604,21.397353],[39.865839,21.397027],[39.866002,21.396835],[39.866639,21.39624],[39.867089,21.395886],[39.869109,21.394312],[39.87078,21.393016],[39.871413,21.392421],[39.871914,21.39181],[39.87245,21.39099],[39.872511,21.39085],[39.872815,21.390147],[39.873089,21.389359],[39.873632,21.387748],[39.873794,21.387223],[39.87407,21.386327],[39.874115,21.385744],[39.874141,21.385156],[39.874177,21.384349],[39.87425,21.384097],[39.874324,21.383912],[39.874375,21.383782],[39.875494,21.384124],[39.875621,21.384163],[39.877628,21.384792],[39.877799,21.384845],[39.881188,21.385907],[39.881609,21.386039],[39.883944,21.386745],[39.885585,21.38727],[39.886236,21.387469],[39.888263,21.388099],[39.889419,21.388485],[39.889529,21.388522],[39.890503,21.388827],[39.892548,21.38947],[39.892976,21.389646],[39.893288,21.389775],[39.893949,21.389932],[39.894388,21.390017],[39.894603,21.390012],[39.895011,21.390022],[39.896599,21.389807],[39.897783,21.38963],[39.898315,21.389587],[39.898723,21.389502],[39.898959,21.389404],[39.899363,21.389162],[39.899572,21.388916],[39.899647,21.388823],[39.899738,21.388711],[39.900204,21.388081],[39.90045,21.387688],[39.901347,21.386056],[39.901491,21.385591],[39.901518,21.385428],[39.901502,21.385248],[39.901443,21.385013],[39.901303,21.384842],[39.901105,21.384753],[39.900836,21.384717],[39.900558,21.384773],[39.900375,21.384898],[39.900247,21.385043],[39.900188,21.385198],[39.900166,21.385406],[39.900203,21.385591],[39.900341,21.385945],[39.902134,21.388293],[39.903467,21.39016],[39.904777,21.391926],[39.906077,21.393658],[39.908527,21.39692],[39.90976,21.398562],[39.910401,21.399415],[39.911031,21.400316],[39.911549,21.401261],[39.911872,21.402078],[39.912199,21.403295],[39.912263,21.404103],[39.912291,21.404463],[39.912243,21.40527],[39.912039,21.406224],[39.911342,21.40799],[39.91131,21.408071],[39.911269,21.408174],[39.910998,21.408861],[39.910953,21.408975]]}",Admin,6f634c93-b9c8-4552-94aa-422e027f4c34,إثراء الجود,2,2026-05-12 14:01:15,2026-05-12 14:01:15
019e1c7d-eda8-73af-ad9b-6d569a8a100d,3,04:00,08:00,فترة ثالثة,15,3625,8b2033c0-197e-43d7-935a-c37e5ac86561,تروية,48a174b1-0445-44d5-8d15-f6b484620b5d,ترددي,c8fab1e4-386b-41c7-8e60-d7588f96ccde,مدخل الترددي 3 - منى,e9e3ac63-f1f6-40ec-a5ad-f58e1847415f,220,شارع 643,bus_warehouse,3066fa1f-05fa-40a1-9bd2-b134cd6c9234,ترددي 3,bus_warehouse,3066fa1f-05fa-40a1-9bd2-b134cd6c9234,ترددي 3,,,residence,شركة الطلائع الفندقية,camp,3/643,"{""type"":""LineString"",""coordinates"":[[39.812386,21.426859],[39.812634,21.426902],[39.813265,21.42688],[39.81337,21.42677],[39.813821,21.426978],[39.814216,21.42712],[39.814847,21.427515],[39.814696,21.426957],[39.814634,21.426499],[39.814622,21.426412],[39.814618,21.425851],[39.814617,21.425685],[39.814414,21.425061],[39.814326,21.424811],[39.814168,21.424491],[39.814104,21.424437],[39.814037,21.424379],[39.81389,21.424253],[39.81416,21.424288],[39.814583,21.424301],[39.8149,21.424294],[39.816324,21.424159],[39.817715,21.424025],[39.817839,21.424015],[39.818018,21.424003],[39.818758,21.423956],[39.819167,21.423893],[39.819468,21.423825],[39.819616,21.423779],[39.819737,21.423712],[39.82102,21.422308],[39.821255,21.422148],[39.821521,21.422043],[39.8218,21.42196],[39.822147,21.421864],[39.822382,21.421761],[39.822573,21.421647],[39.822791,21.421489],[39.823573,21.420862],[39.823754,21.420759],[39.824375,21.420476],[39.824726,21.420372],[39.825105,21.420284],[39.825955,21.420176],[39.826362,21.420149],[39.826554,21.420136],[39.826763,21.420141],[39.827464,21.420235],[39.828747,21.420466],[39.829051,21.420521],[39.829896,21.420637],[39.830672,21.420741],[39.830929,21.420773],[39.831535,21.420838],[39.83191,21.420945],[39.832039,21.421015],[39.832183,21.421174],[39.832273,21.421282],[39.833266,21.422326],[39.83351,21.422555],[39.833692,21.42261],[39.833898,21.422641],[39.834238,21.422617],[39.834413,21.422597],[39.834643,21.422554],[39.842963,21.421445],[39.843901,21.421349],[39.844575,21.421303],[39.845233,21.42127],[39.846332,21.421259],[39.847368,21.421227],[39.847802,21.421211],[39.848334,21.421188],[39.849191,21.421167],[39.850454,21.421049],[39.851183,21.420947],[39.851521,21.420819],[39.851827,21.42067],[39.852143,21.420443],[39.852385,21.420171],[39.853182,21.4192],[39.853454,21.418683],[39.853662,21.418375],[39.854049,21.41786],[39.854388,21.417419],[39.854815,21.416871],[39.854832,21.41685],[39.855039,21.416754],[39.856199,21.415212],[39.856915,21.414028],[39.857548,21.412983],[39.859613,21.409567],[39.860347,21.408343],[39.861218,21.406891],[39.861848,21.405711],[39.862293,21.404805],[39.862648,21.403944],[39.863146,21.402736],[39.864457,21.399575],[39.864667,21.399101],[39.865353,21.397787],[39.865604,21.397353],[39.865839,21.397027],[39.866002,21.396835],[39.866639,21.39624],[39.867089,21.395886],[39.869109,21.394312],[39.87078,21.393016],[39.871413,21.392421],[39.871914,21.39181],[39.87245,21.39099],[39.872511,21.39085],[39.872815,21.390147],[39.873089,21.389359],[39.873632,21.387748],[39.873794,21.387223],[39.87407,21.386327],[39.874115,21.385744],[39.874141,21.385156],[39.874177,21.384349],[39.87425,21.384097],[39.874324,21.383912],[39.874375,21.383782],[39.875494,21.384124],[39.875621,21.384163],[39.877628,21.384792],[39.877799,21.384845],[39.881188,21.385907],[39.881609,21.386039],[39.883944,21.386745],[39.885585,21.38727],[39.886236,21.387469],[39.888263,21.388099],[39.889419,21.388485],[39.889529,21.388522],[39.890503,21.388827],[39.892548,21.38947],[39.892976,21.389646],[39.893288,21.389775],[39.893949,21.389932],[39.894388,21.390017],[39.894603,21.390012],[39.895011,21.390022],[39.896599,21.389807],[39.897783,21.38963],[39.898315,21.389587],[39.898723,21.389502],[39.898959,21.389404],[39.899363,21.389162],[39.899572,21.388916],[39.899647,21.388823],[39.899738,21.388711],[39.900204,21.388081],[39.90045,21.387688],[39.901347,21.386056],[39.901491,21.385591],[39.901518,21.385428],[39.901502,21.385248],[39.901443,21.385013],[39.901303,21.384842],[39.901105,21.384753],[39.900836,21.384717],[39.900558,21.384773],[39.900375,21.384898],[39.900247,21.385043],[39.900188,21.385198],[39.900166,21.385406],[39.900203,21.385591],[39.900341,21.385945],[39.902134,21.388293],[39.903467,21.39016],[39.904777,21.391926],[39.906077,21.393658],[39.908527,21.39692],[39.90976,21.398562],[39.910401,21.399415],[39.910873,21.399891],[39.911066,21.400051],[39.911393,21.400286],[39.91186,21.40052],[39.912342,21.400695],[39.913266,21.4011],[39.913528,21.401256],[39.913853,21.401385]]}",Admin,6f634c93-b9c8-4552-94aa-422e027f4c34,إثراء الجود,8,2026-05-12 14:01:15,2026-05-12 14:01:15
019e1c7d-e937-715e-8668-88d999b09411,3,04:00,08:00,فترة ثالثة,15,3467,8b2033c0-197e-43d7-935a-c37e5ac86561,تروية,48a174b1-0445-44d5-8d15-f6b484620b5d,ترددي,4e968379-67ed-4221-903f-e7351145b578,مدخل الترددي 1 - منى,aa16920a-4ab0-42e6-bede-7f9e86ebe58a,454,شارع 524,bus_warehouse,78d92381-0800-44ed-ad7b-9ff92b62e4b6,ترددي 1,bus_warehouse,78d92381-0800-44ed-ad7b-9ff92b62e4b6,ترددي 1,,,residence,شركة الياسمين الرائدة لادارة الأملاك شركة شخص واحد,camp,16/524,"{""type"":""LineString"",""coordinates"":[[39.816857,21.401195],[39.817044,21.40159],[39.81733,21.402295],[39.819773,21.401398],[39.819919,21.401331],[39.8204,21.401034],[39.821916,21.399889],[39.823429,21.398723],[39.82413,21.398203],[39.824494,21.397912],[39.825012,21.397538],[39.825231,21.397408],[39.825791,21.39727],[39.825726,21.395513],[39.82572,21.395364],[39.825694,21.393973],[39.825632,21.391763],[39.825569,21.39041],[39.825426,21.388622],[39.825407,21.388044],[39.825496,21.387593],[39.825749,21.386994],[39.825806,21.38686],[39.826226,21.386186],[39.826372,21.385951],[39.826832,21.385414],[39.827396,21.384783],[39.827497,21.38467],[39.827708,21.384644],[39.828992,21.384535],[39.829244,21.384519],[39.829855,21.38437],[39.831122,21.383987],[39.831785,21.383827],[39.832342,21.383768],[39.832689,21.383765],[39.833425,21.383788],[39.834009,21.38386],[39.834378,21.383974],[39.834634,21.384054],[39.835276,21.384458],[39.835525,21.384616],[39.835729,21.384746],[39.835976,21.384932],[39.836262,21.385178],[39.838411,21.38745],[39.838733,21.387759],[39.839259,21.388169],[39.839699,21.388429],[39.840246,21.388658],[39.840634,21.388749],[39.841231,21.388838],[39.842264,21.388921],[39.843922,21.389083],[39.845957,21.389246],[39.846384,21.389345],[39.847035,21.389539],[39.847266,21.389645],[39.84768,21.389836],[39.848252,21.390213],[39.848953,21.390805],[39.849588,21.39154],[39.850018,21.392085],[39.850446,21.392585],[39.851391,21.393633],[39.851581,21.393812],[39.851774,21.393938],[39.852046,21.394056],[39.852337,21.394122],[39.85254,21.394143],[39.852726,21.394133],[39.852959,21.394071],[39.853614,21.393779],[39.85405,21.393471],[39.854566,21.393024],[39.855648,21.391708],[39.855996,21.391461],[39.856181,21.391287],[39.856525,21.391018],[39.85717,21.390408],[39.857709,21.389855],[39.858217,21.389318],[39.85912,21.388568],[39.862032,21.385524],[39.863018,21.384644],[39.863957,21.384037],[39.86448,21.383738],[39.865047,21.383474],[39.865891,21.383149],[39.866999,21.382837],[39.867992,21.382698],[39.868715,21.382637],[39.869226,21.382632],[39.870011,21.382663],[39.870534,21.38271],[39.871031,21.382805],[39.872226,21.383094],[39.872622,21.383189],[39.87341,21.383495],[39.874256,21.383747],[39.874375,21.383782],[39.875494,21.384124],[39.875621,21.384163],[39.877628,21.384792],[39.877799,21.384845],[39.881188,21.385907],[39.881609,21.386039],[39.883944,21.386745],[39.885585,21.38727],[39.886236,21.387469],[39.888263,21.388099],[39.889419,21.388485],[39.889529,21.388522],[39.890503,21.388827],[39.892548,21.38947],[39.892976,21.389646],[39.893288,21.389775],[39.893949,21.389932],[39.894388,21.390017],[39.894603,21.390012],[39.895011,21.390022],[39.896599,21.389807],[39.897783,21.38963],[39.898315,21.389587],[39.898723,21.389502],[39.898959,21.389404],[39.899363,21.389162],[39.899572,21.388916],[39.899647,21.388823],[39.899738,21.388711],[39.900204,21.388081],[39.90045,21.387688],[39.901347,21.386056],[39.901491,21.385591],[39.901518,21.385428],[39.901502,21.385248],[39.901443,21.385013],[39.901303,21.384842],[39.901105,21.384753],[39.900836,21.384717],[39.900558,21.384773],[39.900375,21.384898],[39.900247,21.385043],[39.900188,21.385198],[39.900166,21.385406],[39.900203,21.385591],[39.900341,21.385945],[39.902134,21.388293],[39.903467,21.39016],[39.904777,21.391926],[39.906077,21.393658],[39.908527,21.39692],[39.90976,21.398562],[39.910401,21.399415],[39.911031,21.400316],[39.911549,21.401261],[39.911872,21.402078],[39.912199,21.403295],[39.912263,21.404103],[39.912291,21.404463],[39.912243,21.40527],[39.912039,21.406224],[39.911342,21.40799],[39.91131,21.408071],[39.911269,21.408174],[39.910998,21.408861],[39.910953,21.408975]]}",Admin,6f634c93-b9c8-4552-94aa-422e027f4c34,إثراء الجود,4,2026-05-12 14:01:14,2026-05-12 14:01:14
019e1c7d-e450-7325-bd1b-df66c85c8d51,1,20:00,23:59,فترة اولى,15,1892,8b2033c0-197e-43d7-935a-c37e5ac86561,تروية,48a174b1-0445-44d5-8d15-f6b484620b5d,ترددي,c8fab1e4-386b-41c7-8e60-d7588f96ccde,مدخل الترددي 3 - منى,0dd50ea5-2b2f-432e-9d43-f82000351c6f,262,شارع 649,bus_warehouse,3066fa1f-05fa-40a1-9bd2-b134cd6c9234,ترددي 3,bus_warehouse,3066fa1f-05fa-40a1-9bd2-b134cd6c9234,ترددي 3,,,residence,شركة أبراج الجابر لتشغيل الفنادق شخص واحد,camp,23/649,"{""type"":""LineString"",""coordinates"":[[39.858549,21.41884],[39.858649,21.418922],[39.858822,21.418731],[39.858916,21.418816],[39.859453,21.418242],[39.860483,21.417098],[39.861377,21.416104],[39.862745,21.414626],[39.862825,21.414546],[39.86331,21.414048],[39.86555,21.411751],[39.866513,21.410762],[39.868553,21.408657],[39.869613,21.407562],[39.869889,21.407322],[39.870641,21.406779],[39.873129,21.404971],[39.873921,21.404413],[39.874476,21.404014],[39.874835,21.403755],[39.875046,21.403601],[39.87569,21.40313],[39.876679,21.402412],[39.87737,21.401909],[39.878002,21.401518],[39.878144,21.401442],[39.878392,21.401307],[39.879401,21.400847],[39.883366,21.399037],[39.884426,21.398552],[39.885932,21.397834],[39.887662,21.397056],[39.89015,21.395924],[39.892381,21.394909],[39.893021,21.394575],[39.893456,21.394283],[39.893609,21.394158],[39.893721,21.394066],[39.894165,21.393702],[39.894773,21.393204],[39.896259,21.391933],[39.897172,21.391133],[39.899133,21.389417],[39.899363,21.389162],[39.899572,21.388916],[39.899647,21.388823],[39.899738,21.388711],[39.900204,21.388081],[39.90045,21.387688],[39.901347,21.386056],[39.901491,21.385591],[39.901518,21.385428],[39.901502,21.385248],[39.901443,21.385013],[39.901303,21.384842],[39.901105,21.384753],[39.900836,21.384717],[39.900558,21.384773],[39.900375,21.384898],[39.900247,21.385043],[39.900188,21.385198],[39.900166,21.385406],[39.900203,21.385591],[39.900341,21.385945],[39.902134,21.388293],[39.903467,21.39016],[39.904777,21.391926],[39.906077,21.393658],[39.908527,21.39692],[39.90976,21.398562],[39.910401,21.399415],[39.910873,21.399891],[39.911066,21.400051],[39.911393,21.400286],[39.91186,21.40052],[39.912342,21.400695],[39.913266,21.4011],[39.913528,21.401256],[39.913853,21.401385]]}",Admin,16b3f3f8-737c-485b-aad6-159aa16c8ac8,الرفادة,مركز ضيافة الرفادة 31,2026-05-12 14:01:13,2026-05-12 14:01:13
019e1c7d-e7f2-72b8-b0f8-a2f7e0a5fea0,3,04:00,08:00,فترة ثالثة,10,606,8b2033c0-197e-43d7-935a-c37e5ac86561,تروية,a0bc4dde-a22d-4d68-bf95-75f45d362d66,تقليدي رد,ede61c28-c746-4cfa-a67b-19eb13385d55,مدخل طريق سوق العرب - الدائري الرابع,a63ff641-6fe3-4426-ac79-ea05268a03b9,347,شارع 522,parking,7a92132e-3f5f-42d3-a0df-28ea64bb1b86,الجامعة الجديد,parking,7a92132e-3f5f-42d3-a0df-28ea64bb1b86,الجامعة الجديد,,,residence,مؤسسة جوهرة المنى للمقاولات,camp,9/522,"{""type"":""LineString"",""coordinates"":[[39.816947,21.399795],[39.817121,21.399728],[39.817653,21.399512],[39.818012,21.399362],[39.818251,21.399352],[39.818428,21.399427],[39.81867,21.399642],[39.818864,21.399907],[39.81917,21.400326],[39.819919,21.401331],[39.8204,21.401034],[39.821916,21.399889],[39.823429,21.398723],[39.82413,21.398203],[39.824494,21.397912],[39.825012,21.397538],[39.825231,21.397408],[39.825791,21.39727],[39.825726,21.395513],[39.82572,21.395364],[39.825694,21.393973],[39.825632,21.391763],[39.825569,21.39041],[39.825426,21.388622],[39.825407,21.388044],[39.825496,21.387593],[39.825749,21.386994],[39.825806,21.38686],[39.826226,21.386186],[39.826372,21.385951],[39.826832,21.385414],[39.827396,21.384783],[39.827497,21.38467],[39.827708,21.384644],[39.828992,21.384535],[39.829244,21.384519],[39.829855,21.38437],[39.831122,21.383987],[39.831785,21.383827],[39.832342,21.383768],[39.832689,21.383765],[39.833425,21.383788],[39.834009,21.38386],[39.834378,21.383974],[39.834634,21.384054],[39.835276,21.384458],[39.835525,21.384616],[39.835729,21.384746],[39.835976,21.384932],[39.836262,21.385178],[39.838411,21.38745],[39.838733,21.387759],[39.839259,21.388169],[39.839699,21.388429],[39.840246,21.388658],[39.840634,21.388749],[39.841231,21.388838],[39.842264,21.388921],[39.843922,21.389083],[39.845957,21.389246],[39.846384,21.389345],[39.847035,21.389539],[39.847266,21.389645],[39.84768,21.389836],[39.848252,21.390213],[39.848953,21.390805],[39.849588,21.39154],[39.850018,21.392085],[39.850446,21.392585],[39.851391,21.393633],[39.851581,21.393812],[39.851774,21.393938],[39.852046,21.394056],[39.852337,21.394122],[39.85254,21.394143],[39.852726,21.394133],[39.852959,21.394071],[39.853614,21.393779],[39.85405,21.393471],[39.854566,21.393024],[39.855648,21.391708],[39.855996,21.391461],[39.856181,21.391287],[39.856525,21.391018],[39.85717,21.390408],[39.857709,21.389855],[39.858217,21.389318],[39.85912,21.388568],[39.862032,21.385524],[39.863018,21.384644],[39.863957,21.384037],[39.86448,21.383738],[39.865047,21.383474],[39.865891,21.383149],[39.866999,21.382837],[39.867992,21.382698],[39.868715,21.382637],[39.869226,21.382632],[39.870011,21.382663],[39.870534,21.38271],[39.871031,21.382805],[39.872226,21.383094],[39.872622,21.383189],[39.87341,21.383495],[39.874256,21.383747],[39.874375,21.383782],[39.875494,21.384124],[39.875621,21.384163],[39.877628,21.384792],[39.877799,21.384845],[39.881188,21.385907],[39.881609,21.386039],[39.883944,21.386745],[39.885585,21.38727],[39.886236,21.387469],[39.888263,21.388099],[39.889419,21.388485],[39.889529,21.388522],[39.890503,21.388827],[39.892548,21.38947],[39.892976,21.389646],[39.893288,21.389775],[39.893949,21.389932],[39.894388,21.390017],[39.894603,21.390012],[39.895011,21.390022],[39.896599,21.389807],[39.897783,21.38963],[39.898315,21.389587],[39.898723,21.389502],[39.898959,21.389404],[39.899363,21.389162],[39.899572,21.388916],[39.899647,21.388823],[39.899738,21.388711],[39.900204,21.388081],[39.90045,21.387688],[39.901347,21.386056],[39.901491,21.385591],[39.901518,21.385428],[39.901502,21.385248],[39.901443,21.385013],[39.901303,21.384842],[39.901105,21.384753],[39.900836,21.384717],[39.900558,21.384773],[39.900375,21.384898],[39.900247,21.385043],[39.900188,21.385198],[39.900166,21.385406],[39.900203,21.385591],[39.900341,21.385945],[39.902134,21.388293],[39.903467,21.39016],[39.904777,21.391926],[39.906077,21.393658],[39.908527,21.39692],[39.90976,21.398562],[39.910401,21.399415],[39.910873,21.399891],[39.911066,21.400051],[39.911393,21.400286],[39.91186,21.40052],[39.912342,21.400695],[39.913266,21.4011],[39.913528,21.401256],[39.913652,21.40133],[39.914215,21.401769],[39.914778,21.402318],[39.915143,21.402768],[39.915394,21.403191],[39.915556,21.403522],[39.915706,21.403927],[39.915776,21.404331],[39.915798,21.404596],[39.915776,21.404921],[39.915739,21.40512],[39.915605,21.405525],[39.915444,21.40578],[39.915294,21.405941],[39.91495,21.406279],[39.914693,21.406429],[39.914186,21.406633],[39.9135,21.406632],[39.913094,21.406579],[39.912692,21.406449],[39.91236,21.406242],[39.912191,21.406137],[39.911826,21.405797],[39.911656,21.40556],[39.91149,21.405255],[39.911392,21.404933],[39.911351,21.404636],[39.91134,21.404156],[39.911284,21.403673],[39.911302,21.403357],[39.911257,21.402681],[39.91114,21.402043],[39.910943,21.40119],[39.91068,21.400436],[39.910315,21.39978],[39.909522,21.398673],[39.909249,21.398437]]}",Admin,6c7ff98a-d297-4669-8c8a-09f57aa2cc79,ام من ميلينوم,مركز ضيافة 304,2026-05-12 14:01:13,2026-05-12 14:01:13
019e1c7d-e6ec-7067-acf8-455f8c48a725,1,20:00,23:59,فترة اولى,10,1704,8b2033c0-197e-43d7-935a-c37e5ac86561,تروية,a0bc4dde-a22d-4d68-bf95-75f45d362d66,تقليدي رد,ede61c28-c746-4cfa-a67b-19eb13385d55,مدخل طريق سوق العرب - الدائري الرابع,d8904e4b-6f5e-4e81-ad35-6f234aa910d9,611,شارع 518,parking,7cd11b31-ed19-4e26-ba8c-765318bd0a7c,100-83,parking,7cd11b31-ed19-4e26-ba8c-765318bd0a7c,100-83,,,residence,شركة المرجان للخدمات الفندقية,camp,7/518,"{""type"":""LineString"",""coordinates"":[[39.821679,21.412322],[39.822072,21.413234],[39.82194,21.413279],[39.821811,21.412978],[39.821689,21.412677],[39.821415,21.412278],[39.821074,21.411474],[39.82098,21.411311],[39.820796,21.411053],[39.820984,21.411131],[39.821133,21.411136],[39.823693,21.411142],[39.824304,21.411081],[39.824887,21.411008],[39.825389,21.410965],[39.826113,21.4109],[39.826641,21.410897],[39.827167,21.410943],[39.827684,21.411038],[39.82819,21.41118],[39.828677,21.411368],[39.829042,21.411506],[39.829162,21.411558],[39.829086,21.411794],[39.828953,21.412001],[39.828732,21.412233],[39.828396,21.412501],[39.828167,21.412734],[39.828138,21.412813],[39.828092,21.413063],[39.827963,21.413896],[39.82782,21.414639],[39.827706,21.415078],[39.827692,21.415205],[39.827674,21.415692],[39.828007,21.41679],[39.828076,21.417017],[39.8285,21.416933],[39.828573,21.416917],[39.828798,21.416844],[39.829045,21.416713],[39.829337,21.416677],[39.829786,21.416694],[39.830732,21.416554],[39.831377,21.416384],[39.831718,21.416278],[39.832033,21.416152],[39.838227,21.412896],[39.838921,21.412402],[39.83955,21.411899],[39.840154,21.41138],[39.841104,21.4104],[39.841448,21.41001],[39.842328,21.408941],[39.842812,21.408322],[39.84304,21.40803],[39.846588,21.403952],[39.84699,21.403319],[39.847287,21.402708],[39.847522,21.401979],[39.847675,21.400866],[39.847757,21.400379],[39.847936,21.398697],[39.848087,21.398091],[39.848194,21.397813],[39.848526,21.397184],[39.848715,21.396921],[39.848992,21.396578],[39.849437,21.396111],[39.849685,21.395914],[39.849987,21.395705],[39.850241,21.39555],[39.850696,21.395318],[39.851103,21.395121],[39.852866,21.39428],[39.85336,21.394031],[39.853855,21.39375],[39.854267,21.393467],[39.85464,21.393184],[39.854897,21.39296],[39.855798,21.391964],[39.856536,21.391178],[39.85912,21.388568],[39.862032,21.385524],[39.863018,21.384644],[39.863957,21.384037],[39.86448,21.383738],[39.865047,21.383474],[39.865891,21.383149],[39.866999,21.382837],[39.867992,21.382698],[39.868715,21.382637],[39.869226,21.382632],[39.870011,21.382663],[39.870534,21.38271],[39.871031,21.382805],[39.872226,21.383094],[39.872622,21.383189],[39.87341,21.383495],[39.874256,21.383747],[39.874375,21.383782],[39.875494,21.384124],[39.875621,21.384163],[39.877628,21.384792],[39.877799,21.384845],[39.881188,21.385907],[39.881609,21.386039],[39.883944,21.386745],[39.885585,21.38727],[39.886236,21.387469],[39.888263,21.388099],[39.889419,21.388485],[39.889529,21.388522],[39.890503,21.388827],[39.892548,21.38947],[39.892976,21.389646],[39.893288,21.389775],[39.893949,21.389932],[39.894388,21.390017],[39.894603,21.390012],[39.895011,21.390022],[39.896599,21.389807],[39.897783,21.38963],[39.898315,21.389587],[39.898723,21.389502],[39.898959,21.389404],[39.899363,21.389162],[39.899572,21.388916],[39.899647,21.388823],[39.899738,21.388711],[39.900204,21.388081],[39.90045,21.387688],[39.901347,21.386056],[39.901491,21.385591],[39.901518,21.385428],[39.901502,21.385248],[39.901443,21.385013],[39.901303,21.384842],[39.901105,21.384753],[39.900836,21.384717],[39.900558,21.384773],[39.900375,21.384898],[39.900247,21.385043],[39.900188,21.385198],[39.900166,21.385406],[39.900203,21.385591],[39.900341,21.385945],[39.902134,21.388293],[39.903467,21.39016],[39.904777,21.391926],[39.906077,21.393658],[39.908527,21.39692],[39.90976,21.398562],[39.910401,21.399415],[39.910873,21.399891],[39.911066,21.400051],[39.911393,21.400286],[39.91186,21.40052],[39.912342,21.400695],[39.913266,21.4011],[39.913528,21.401256],[39.913652,21.40133],[39.914215,21.401769],[39.914778,21.402318],[39.915143,21.402768],[39.915394,21.403191],[39.915556,21.403522],[39.915706,21.403927],[39.915776,21.404331],[39.915798,21.404596],[39.915776,21.404921],[39.915739,21.40512],[39.915605,21.405525],[39.915444,21.40578],[39.915294,21.405941],[39.91495,21.406279],[39.914693,21.406429],[39.914186,21.406633],[39.9135,21.406632],[39.913094,21.406579],[39.912692,21.406449],[39.91236,21.406242],[39.912191,21.406137],[39.911826,21.405797],[39.911656,21.40556],[39.91149,21.405255],[39.911392,21.404933],[39.911351,21.404636],[39.91134,21.404156],[39.911284,21.403673],[39.911302,21.403357],[39.911257,21.402681],[39.91114,21.402043],[39.910943,21.40119],[39.91068,21.400436],[39.910315,21.39978],[39.909522,21.398673],[39.909249,21.398437]]}",Admin,6c7ff98a-d297-4669-8c8a-09f57aa2cc79,ام من ميلينوم,مركز ضيافة 301,2026-05-12 14:01:13,2026-05-12 14:01:13
019e1c7d-e5c4-71fe-80ef-31d49922bd59,3,04:00,08:00,فترة ثالثة,15,3284,8b2033c0-197e-43d7-935a-c37e5ac86561,تروية,a0bc4dde-a22d-4d68-bf95-75f45d362d66,تقليدي رد,3544e355-bb3d-4f8f-9f94-86f9e427ef7e,مدخل طريق الملك عبدالله - المعيصم,d2dca5e2-3c5f-49fa-94c0-3232659ec83c,542,شارع 216,parking,7a92132e-3f5f-42d3-a0df-28ea64bb1b86,الجامعة الجديد,parking,7a92132e-3f5f-42d3-a0df-28ea64bb1b86,الجامعة الجديد,,,residence,فندق مسارات الدرة الفندقية,camp,6/216,"{""type"":""LineString"",""coordinates"":[[39.869749,21.399043],[39.868377,21.399771],[39.867872,21.400032],[39.86754,21.400204],[39.867235,21.400362],[39.86717,21.400259],[39.86752,21.400075],[39.868307,21.399662],[39.870043,21.398745],[39.870396,21.398549],[39.870288,21.398356],[39.870181,21.398187],[39.870064,21.397989],[39.87003,21.397921],[39.869721,21.397456],[39.869172,21.396648],[39.869007,21.396436],[39.868854,21.396241],[39.868485,21.395785],[39.868221,21.395521],[39.868098,21.395395],[39.867888,21.395173],[39.86786,21.395103],[39.867877,21.395036],[39.868137,21.394842],[39.868449,21.394587],[39.869498,21.393757],[39.870132,21.393335],[39.870383,21.393174],[39.870545,21.393066],[39.871016,21.392654],[39.871501,21.392134],[39.871827,21.391707],[39.872067,21.39133],[39.872511,21.39085],[39.872815,21.390147],[39.873089,21.389359],[39.873632,21.387748],[39.873794,21.387223],[39.87407,21.386327],[39.874115,21.385744],[39.874141,21.385156],[39.874177,21.384349],[39.87425,21.384097],[39.874324,21.383912],[39.874375,21.383782],[39.875494,21.384124],[39.875621,21.384163],[39.877628,21.384792],[39.877799,21.384845],[39.881188,21.385907],[39.881609,21.386039],[39.883944,21.386745],[39.885585,21.38727],[39.886236,21.387469],[39.888263,21.388099],[39.889419,21.388485],[39.889529,21.388522],[39.890503,21.388827],[39.892548,21.38947],[39.892976,21.389646],[39.893288,21.389775],[39.893949,21.389932],[39.894388,21.390017],[39.894603,21.390012],[39.895011,21.390022],[39.896599,21.389807],[39.897783,21.38963],[39.898315,21.389587],[39.898723,21.389502],[39.898959,21.389404],[39.899363,21.389162],[39.899572,21.388916],[39.899647,21.388823],[39.899738,21.388711],[39.900204,21.388081],[39.90045,21.387688],[39.901347,21.386056],[39.901491,21.385591],[39.901518,21.385428],[39.901502,21.385248],[39.901443,21.385013],[39.901303,21.384842],[39.901105,21.384753],[39.900836,21.384717],[39.900558,21.384773],[39.900375,21.384898],[39.900247,21.385043],[39.900188,21.385198],[39.900166,21.385406],[39.900203,21.385591],[39.900341,21.385945],[39.902134,21.388293],[39.903467,21.39016],[39.904777,21.391926],[39.906077,21.393658],[39.908527,21.39692],[39.90976,21.398562],[39.910401,21.399415],[39.911031,21.400316],[39.911549,21.401261],[39.911872,21.402078],[39.912199,21.403295],[39.912263,21.404103],[39.912291,21.404463],[39.912243,21.40527],[39.912039,21.406224],[39.911342,21.40799],[39.91131,21.408071],[39.911269,21.408174],[39.910998,21.408861],[39.910486,21.410158],[39.909808,21.412167],[39.909457,21.413531],[39.909053,21.415277],[39.908831,21.416462],[39.908715,21.417082],[39.908394,21.419071],[39.908216,21.419983],[39.908004,21.42081],[39.907512,21.422467],[39.906398,21.426074],[39.906108,21.426966],[39.905624,21.428454],[39.90518,21.429886],[39.904918,21.430727],[39.90478,21.431147],[39.904688,21.431822],[39.904441,21.432966],[39.904457,21.433121],[39.904576,21.433277],[39.904758,21.433391],[39.905005,21.433397],[39.905214,21.433326],[39.905401,21.433141],[39.905503,21.432926],[39.90553,21.432702],[39.905493,21.432413],[39.905348,21.432157],[39.905024,21.43179],[39.904176,21.43082],[39.903967,21.43058],[39.903919,21.430524]]}",Admin,6c7ff98a-d297-4669-8c8a-09f57aa2cc79,ام من ميلينوم,مركز ضيافة 103,2026-05-12 14:01:13,2026-05-12 14:01:13
019e1c7d-e193-71ca-bde2-59b6136102af,3,04:00,08:00,فترة ثالثة,10,897,8b2033c0-197e-43d7-935a-c37e5ac86561,تروية,48a174b1-0445-44d5-8d15-f6b484620b5d,ترددي,c8fab1e4-386b-41c7-8e60-d7588f96ccde,مدخل الترددي 3 - منى,174339e8-5c95-40e1-bf39-870bf43cff0b,260,شارع 649,bus_warehouse,3066fa1f-05fa-40a1-9bd2-b134cd6c9234,ترددي 3,bus_warehouse,3066fa1f-05fa-40a1-9bd2-b134cd6c9234,ترددي 3,,,residence,شركة البيوت الماسية للعقارات,camp,20/649,"{""type"":""LineString"",""coordinates"":[[39.832127,21.376245],[39.832343,21.376382],[39.833252,21.375165],[39.833289,21.375115],[39.833784,21.374452],[39.834768,21.375077],[39.83689,21.372159],[39.837143,21.372035],[39.838045,21.370804],[39.838885,21.369657],[39.838965,21.369548],[39.84604,21.359856],[39.846349,21.359437],[39.8482,21.356925],[39.848523,21.356565],[39.849556,21.354996],[39.850047,21.354266],[39.850862,21.353185],[39.85096,21.353029],[39.851191,21.352605],[39.851272,21.352279],[39.851216,21.351946],[39.851034,21.351561],[39.850792,21.351371],[39.850508,21.351232],[39.850065,21.351179],[39.849669,21.351285],[39.849359,21.351535],[39.849155,21.351867],[39.849079,21.35222],[39.849146,21.352589],[39.84933,21.352904],[39.849656,21.353205],[39.852173,21.354147],[39.856512,21.355806],[39.857801,21.356312],[39.860571,21.357265],[39.862376,21.357822],[39.864398,21.358271],[39.867468,21.35878],[39.870534,21.359239],[39.874253,21.359737],[39.878635,21.360289],[39.879396,21.360424],[39.879925,21.360545],[39.880699,21.360752],[39.881733,21.361166],[39.882172,21.361393],[39.882957,21.361825],[39.88367,21.362323],[39.884148,21.362694],[39.884891,21.363389],[39.885209,21.363687],[39.88597,21.36464],[39.887253,21.366319],[39.88805,21.367424],[39.891567,21.372194],[39.892107,21.372925],[39.893051,21.374201],[39.893714,21.375098],[39.894262,21.375966],[39.895354,21.377855],[39.895593,21.378275],[39.89576,21.378568],[39.896977,21.380708],[39.897435,21.38149],[39.898243,21.382869],[39.899595,21.384952],[39.89996,21.38543],[39.900341,21.385945],[39.902134,21.388293],[39.903467,21.39016],[39.904777,21.391926],[39.906077,21.393658],[39.908527,21.39692],[39.90976,21.398562],[39.910401,21.399415],[39.910873,21.399891],[39.911066,21.400051],[39.911393,21.400286],[39.91186,21.40052],[39.912342,21.400695],[39.913266,21.4011],[39.913528,21.401256],[39.913853,21.401385]]}",Admin,16b3f3f8-737c-485b-aad6-159aa16c8ac8,الرفادة,مركز ضيافة الرفادة 22,2026-05-12 14:01:12,2026-05-12 14:01:12
019e1c7d-e348-706c-a9db-848021b92132,1,20:00,23:59,فترة اولى,15,1742,8b2033c0-197e-43d7-935a-c37e5ac86561,تروية,48a174b1-0445-44d5-8d15-f6b484620b5d,ترددي,c8fab1e4-386b-41c7-8e60-d7588f96ccde,مدخل الترددي 3 - منى,61197be8-044f-457e-8265-394552d3d816,263,شارع 647,bus_warehouse,3066fa1f-05fa-40a1-9bd2-b134cd6c9234,ترددي 3,bus_warehouse,3066fa1f-05fa-40a1-9bd2-b134cd6c9234,ترددي 3,,,residence,شركة إكليل الضيافة لتشغيل الفنادق,camp,22/647,"{""type"":""LineString"",""coordinates"":[[39.811976,21.441525],[39.812016,21.441353],[39.8119,21.44147],[39.811717,21.441591],[39.811253,21.44175],[39.810801,21.441815],[39.810605,21.441808],[39.810512,21.441805],[39.809719,21.441683],[39.809552,21.441658],[39.809595,21.441463],[39.809696,21.440949],[39.809935,21.439627],[39.809947,21.439562],[39.809995,21.439405],[39.810593,21.436177],[39.810568,21.43597],[39.810509,21.435796],[39.810453,21.435461],[39.810447,21.435126],[39.810502,21.434565],[39.810531,21.43368],[39.810514,21.433491],[39.810327,21.433119],[39.810122,21.432967],[39.809777,21.432794],[39.809467,21.432597],[39.809124,21.432401],[39.808879,21.432296],[39.808556,21.432155],[39.808394,21.432131],[39.807906,21.432099],[39.807181,21.432109],[39.80684,21.432158],[39.806614,21.432206],[39.806481,21.432262],[39.80651,21.43211],[39.806543,21.431778],[39.806587,21.431381],[39.80664,21.430825],[39.806675,21.430387],[39.806743,21.428954],[39.806754,21.428722],[39.806762,21.42835],[39.806767,21.428082],[39.806781,21.427419],[39.80678,21.426874],[39.806778,21.426117],[39.806753,21.424478],[39.806715,21.42358],[39.806709,21.423445],[39.806701,21.423258],[39.806683,21.422982],[39.80667,21.422961],[39.806856,21.422998],[39.807543,21.423128],[39.808284,21.423318],[39.809005,21.423496],[39.810004,21.423673],[39.812704,21.424079],[39.81389,21.424253],[39.81416,21.424288],[39.814583,21.424301],[39.8149,21.424294],[39.816324,21.424159],[39.817715,21.424025],[39.817839,21.424015],[39.818018,21.424003],[39.818758,21.423956],[39.819167,21.423893],[39.819468,21.423825],[39.819616,21.423779],[39.819737,21.423712],[39.82102,21.422308],[39.821255,21.422148],[39.821521,21.422043],[39.8218,21.42196],[39.822147,21.421864],[39.822382,21.421761],[39.822573,21.421647],[39.822791,21.421489],[39.823573,21.420862],[39.823754,21.420759],[39.824375,21.420476],[39.824726,21.420372],[39.825105,21.420284],[39.825955,21.420176],[39.826362,21.420149],[39.826554,21.420136],[39.826763,21.420141],[39.827464,21.420235],[39.828747,21.420466],[39.829051,21.420521],[39.829896,21.420637],[39.830672,21.420741],[39.830929,21.420773],[39.831535,21.420838],[39.83191,21.420945],[39.832039,21.421015],[39.832183,21.421174],[39.832273,21.421282],[39.833266,21.422326],[39.83351,21.422555],[39.833692,21.42261],[39.833898,21.422641],[39.834238,21.422617],[39.834413,21.422597],[39.834643,21.422554],[39.842963,21.421445],[39.843901,21.421349],[39.844575,21.421303],[39.845233,21.42127],[39.846332,21.421259],[39.847368,21.421227],[39.847802,21.421211],[39.848334,21.421188],[39.849191,21.421167],[39.850454,21.421049],[39.851183,21.420947],[39.851521,21.420819],[39.851827,21.42067],[39.852143,21.420443],[39.852385,21.420171],[39.853182,21.4192],[39.853454,21.418683],[39.853662,21.418375],[39.854049,21.41786],[39.854388,21.417419],[39.854815,21.416871],[39.854832,21.41685],[39.855039,21.416754],[39.856199,21.415212],[39.856915,21.414028],[39.857548,21.412983],[39.859613,21.409567],[39.860347,21.408343],[39.861218,21.406891],[39.861848,21.405711],[39.862293,21.404805],[39.862648,21.403944],[39.863146,21.402736],[39.864457,21.399575],[39.864667,21.399101],[39.865353,21.397787],[39.865604,21.397353],[39.865839,21.397027],[39.866002,21.396835],[39.866639,21.39624],[39.867089,21.395886],[39.869109,21.394312],[39.87078,21.393016],[39.871413,21.392421],[39.871914,21.39181],[39.87245,21.39099],[39.872511,21.39085],[39.872815,21.390147],[39.873089,21.389359],[39.873632,21.387748],[39.873794,21.387223],[39.87407,21.386327],[39.874115,21.385744],[39.874141,21.385156],[39.874177,21.384349],[39.87425,21.384097],[39.874324,21.383912],[39.874375,21.383782],[39.875494,21.384124],[39.875621,21.384163],[39.877628,21.384792],[39.877799,21.384845],[39.881188,21.385907],[39.881609,21.386039],[39.883944,21.386745],[39.885585,21.38727],[39.886236,21.387469],[39.888263,21.388099],[39.889419,21.388485],[39.889529,21.388522],[39.890503,21.388827],[39.892548,21.38947],[39.892976,21.389646],[39.893288,21.389775],[39.893949,21.389932],[39.894388,21.390017],[39.894603,21.390012],[39.895011,21.390022],[39.896599,21.389807],[39.897783,21.38963],[39.898315,21.389587],[39.898723,21.389502],[39.898959,21.389404],[39.899363,21.389162],[39.899572,21.388916],[39.899647,21.388823],[39.899738,21.388711],[39.900204,21.388081],[39.90045,21.387688],[39.901347,21.386056],[39.901491,21.385591],[39.901518,21.385428],[39.901502,21.385248],[39.901443,21.385013],[39.901303,21.384842],[39.901105,21.384753],[39.900836,21.384717],[39.900558,21.384773],[39.900375,21.384898],[39.900247,21.385043],[39.900188,21.385198],[39.900166,21.385406],[39.900203,21.385591],[39.900341,21.385945],[39.902134,21.388293],[39.903467,21.39016],[39.904777,21.391926],[39.906077,21.393658],[39.908527,21.39692],[39.90976,21.398562],[39.910401,21.399415],[39.910873,21.399891],[39.911066,21.400051],[39.911393,21.400286],[39.91186,21.40052],[39.912342,21.400695],[39.913266,21.4011],[39.913528,21.401256],[39.913853,21.401385]]}",Admin,16b3f3f8-737c-485b-aad6-159aa16c8ac8,الرفادة,مركز ضيافة الرفادة 30,2026-05-12 14:01:12,2026-05-12 14:01:12
019e1c7d-e0a0-70bf-941e-0e164abeb72f,2,00:00,03:59,فترة ثانية,15,1811,8b2033c0-197e-43d7-935a-c37e5ac86561,تروية,48a174b1-0445-44d5-8d15-f6b484620b5d,ترددي,c8fab1e4-386b-41c7-8e60-d7588f96ccde,مدخل الترددي 3 - منى,ad9588fc-82f9-4d0c-9584-8e38bb432f13,264,شارع 647,bus_warehouse,3066fa1f-05fa-40a1-9bd2-b134cd6c9234,ترددي 3,bus_warehouse,3066fa1f-05fa-40a1-9bd2-b134cd6c9234,ترددي 3,,,residence,شركة إكليل الضيافة لتشغيل الفنادق,camp,20/647,"{""type"":""LineString"",""coordinates"":[[39.811976,21.441525],[39.812016,21.441353],[39.8119,21.44147],[39.811717,21.441591],[39.811253,21.44175],[39.810801,21.441815],[39.810605,21.441808],[39.810512,21.441805],[39.809719,21.441683],[39.809552,21.441658],[39.809595,21.441463],[39.809696,21.440949],[39.809935,21.439627],[39.809947,21.439562],[39.809995,21.439405],[39.810593,21.436177],[39.810568,21.43597],[39.810509,21.435796],[39.810453,21.435461],[39.810447,21.435126],[39.810502,21.434565],[39.810531,21.43368],[39.810514,21.433491],[39.810327,21.433119],[39.810122,21.432967],[39.809777,21.432794],[39.809467,21.432597],[39.809124,21.432401],[39.808879,21.432296],[39.808556,21.432155],[39.808394,21.432131],[39.807906,21.432099],[39.807181,21.432109],[39.80684,21.432158],[39.806614,21.432206],[39.806481,21.432262],[39.80651,21.43211],[39.806543,21.431778],[39.806587,21.431381],[39.80664,21.430825],[39.806675,21.430387],[39.806743,21.428954],[39.806754,21.428722],[39.806762,21.42835],[39.806767,21.428082],[39.806781,21.427419],[39.80678,21.426874],[39.806778,21.426117],[39.806753,21.424478],[39.806715,21.42358],[39.806709,21.423445],[39.806701,21.423258],[39.806683,21.422982],[39.80667,21.422961],[39.806856,21.422998],[39.807543,21.423128],[39.808284,21.423318],[39.809005,21.423496],[39.810004,21.423673],[39.812704,21.424079],[39.81389,21.424253],[39.81416,21.424288],[39.814583,21.424301],[39.8149,21.424294],[39.816324,21.424159],[39.817715,21.424025],[39.817839,21.424015],[39.818018,21.424003],[39.818758,21.423956],[39.819167,21.423893],[39.819468,21.423825],[39.819616,21.423779],[39.819737,21.423712],[39.82102,21.422308],[39.821255,21.422148],[39.821521,21.422043],[39.8218,21.42196],[39.822147,21.421864],[39.822382,21.421761],[39.822573,21.421647],[39.822791,21.421489],[39.823573,21.420862],[39.823754,21.420759],[39.824375,21.420476],[39.824726,21.420372],[39.825105,21.420284],[39.825955,21.420176],[39.826362,21.420149],[39.826554,21.420136],[39.826763,21.420141],[39.827464,21.420235],[39.828747,21.420466],[39.829051,21.420521],[39.829896,21.420637],[39.830672,21.420741],[39.830929,21.420773],[39.831535,21.420838],[39.83191,21.420945],[39.832039,21.421015],[39.832183,21.421174],[39.832273,21.421282],[39.833266,21.422326],[39.83351,21.422555],[39.833692,21.42261],[39.833898,21.422641],[39.834238,21.422617],[39.834413,21.422597],[39.834643,21.422554],[39.842963,21.421445],[39.843901,21.421349],[39.844575,21.421303],[39.845233,21.42127],[39.846332,21.421259],[39.847368,21.421227],[39.847802,21.421211],[39.848334,21.421188],[39.849191,21.421167],[39.850454,21.421049],[39.851183,21.420947],[39.851521,21.420819],[39.851827,21.42067],[39.852143,21.420443],[39.852385,21.420171],[39.853182,21.4192],[39.853454,21.418683],[39.853662,21.418375],[39.854049,21.41786],[39.854388,21.417419],[39.854815,21.416871],[39.854832,21.41685],[39.855039,21.416754],[39.856199,21.415212],[39.856915,21.414028],[39.857548,21.412983],[39.859613,21.409567],[39.860347,21.408343],[39.861218,21.406891],[39.861848,21.405711],[39.862293,21.404805],[39.862648,21.403944],[39.863146,21.402736],[39.864457,21.399575],[39.864667,21.399101],[39.865353,21.397787],[39.865604,21.397353],[39.865839,21.397027],[39.866002,21.396835],[39.866639,21.39624],[39.867089,21.395886],[39.869109,21.394312],[39.87078,21.393016],[39.871413,21.392421],[39.871914,21.39181],[39.87245,21.39099],[39.872511,21.39085],[39.872815,21.390147],[39.873089,21.389359],[39.873632,21.387748],[39.873794,21.387223],[39.87407,21.386327],[39.874115,21.385744],[39.874141,21.385156],[39.874177,21.384349],[39.87425,21.384097],[39.874324,21.383912],[39.874375,21.383782],[39.875494,21.384124],[39.875621,21.384163],[39.877628,21.384792],[39.877799,21.384845],[39.881188,21.385907],[39.881609,21.386039],[39.883944,21.386745],[39.885585,21.38727],[39.886236,21.387469],[39.888263,21.388099],[39.889419,21.388485],[39.889529,21.388522],[39.890503,21.388827],[39.892548,21.38947],[39.892976,21.389646],[39.893288,21.389775],[39.893949,21.389932],[39.894388,21.390017],[39.894603,21.390012],[39.895011,21.390022],[39.896599,21.389807],[39.897783,21.38963],[39.898315,21.389587],[39.898723,21.389502],[39.898959,21.389404],[39.899363,21.389162],[39.899572,21.388916],[39.899647,21.388823],[39.899738,21.388711],[39.900204,21.388081],[39.90045,21.387688],[39.901347,21.386056],[39.901491,21.385591],[39.901518,21.385428],[39.901502,21.385248],[39.901443,21.385013],[39.901303,21.384842],[39.901105,21.384753],[39.900836,21.384717],[39.900558,21.384773],[39.900375,21.384898],[39.900247,21.385043],[39.900188,21.385198],[39.900166,21.385406],[39.900203,21.385591],[39.900341,21.385945],[39.902134,21.388293],[39.903467,21.39016],[39.904777,21.391926],[39.906077,21.393658],[39.908527,21.39692],[39.90976,21.398562],[39.910401,21.399415],[39.910873,21.399891],[39.911066,21.400051],[39.911393,21.400286],[39.91186,21.40052],[39.912342,21.400695],[39.913266,21.4011],[39.913528,21.401256],[39.913853,21.401385]]}",Admin,16b3f3f8-737c-485b-aad6-159aa16c8ac8,الرفادة,مركز ضيافة الرفادة 29,2026-05-12 14:01:12,2026-05-12 14:01:12
019e1c7d-dc8b-71c1-b4d2-87fcd7bd411f,3,04:00,08:00,فترة ثالثة,20,2050,8b2033c0-197e-43d7-935a-c37e5ac86561,تروية,48a174b1-0445-44d5-8d15-f6b484620b5d,ترددي,c8fab1e4-386b-41c7-8e60-d7588f96ccde,مدخل الترددي 3 - منى,b0833d06-99b5-4055-9b6e-968ff8f31b0c,242,شارع 88,bus_warehouse,3066fa1f-05fa-40a1-9bd2-b134cd6c9234,ترددي 3,bus_warehouse,3066fa1f-05fa-40a1-9bd2-b134cd6c9234,ترددي 3,,,residence,اوبين الفندقية,camp,11/88,"{""type"":""LineString"",""coordinates"":[[39.79502,21.436318],[39.795128,21.436454],[39.796372,21.435667],[39.796658,21.435439],[39.797592,21.434701],[39.798656,21.433727],[39.79915,21.433281],[39.799606,21.432876],[39.799874,21.432707],[39.80018,21.432593],[39.800374,21.432549],[39.80078,21.432496],[39.802933,21.43225],[39.803158,21.432125],[39.803657,21.432058],[39.80373,21.432049],[39.804191,21.43199],[39.805828,21.431841],[39.806543,21.431778],[39.806587,21.431381],[39.80664,21.430825],[39.806675,21.430387],[39.806743,21.428954],[39.806754,21.428722],[39.806762,21.42835],[39.806767,21.428082],[39.806781,21.427419],[39.80678,21.426874],[39.806778,21.426117],[39.806753,21.424478],[39.806715,21.42358],[39.806709,21.423445],[39.806701,21.423258],[39.806683,21.422982],[39.80667,21.422961],[39.806856,21.422998],[39.807543,21.423128],[39.808284,21.423318],[39.809005,21.423496],[39.810004,21.423673],[39.812704,21.424079],[39.81389,21.424253],[39.81416,21.424288],[39.814583,21.424301],[39.8149,21.424294],[39.816324,21.424159],[39.817715,21.424025],[39.817839,21.424015],[39.818018,21.424003],[39.818758,21.423956],[39.819167,21.423893],[39.819468,21.423825],[39.819616,21.423779],[39.819737,21.423712],[39.82102,21.422308],[39.821255,21.422148],[39.821521,21.422043],[39.8218,21.42196],[39.822147,21.421864],[39.822382,21.421761],[39.822573,21.421647],[39.822791,21.421489],[39.823573,21.420862],[39.823754,21.420759],[39.824375,21.420476],[39.824726,21.420372],[39.825105,21.420284],[39.825955,21.420176],[39.826362,21.420149],[39.826554,21.420136],[39.826763,21.420141],[39.827464,21.420235],[39.828747,21.420466],[39.829051,21.420521],[39.829896,21.420637],[39.830672,21.420741],[39.830929,21.420773],[39.831535,21.420838],[39.83191,21.420945],[39.832039,21.421015],[39.832183,21.421174],[39.832273,21.421282],[39.833266,21.422326],[39.83351,21.422555],[39.833692,21.42261],[39.833898,21.422641],[39.834238,21.422617],[39.834413,21.422597],[39.834643,21.422554],[39.842963,21.421445],[39.843901,21.421349],[39.844575,21.421303],[39.845233,21.42127],[39.846332,21.421259],[39.847368,21.421227],[39.847802,21.421211],[39.848334,21.421188],[39.849191,21.421167],[39.850454,21.421049],[39.851183,21.420947],[39.851521,21.420819],[39.851827,21.42067],[39.852143,21.420443],[39.852385,21.420171],[39.853182,21.4192],[39.853454,21.418683],[39.853662,21.418375],[39.854049,21.41786],[39.854388,21.417419],[39.854815,21.416871],[39.854832,21.41685],[39.855039,21.416754],[39.856199,21.415212],[39.856915,21.414028],[39.857548,21.412983],[39.859613,21.409567],[39.860347,21.408343],[39.861218,21.406891],[39.861848,21.405711],[39.862293,21.404805],[39.862648,21.403944],[39.863146,21.402736],[39.864457,21.399575],[39.864667,21.399101],[39.865353,21.397787],[39.865604,21.397353],[39.865839,21.397027],[39.866002,21.396835],[39.866639,21.39624],[39.867089,21.395886],[39.869109,21.394312],[39.87078,21.393016],[39.871413,21.392421],[39.871914,21.39181],[39.87245,21.39099],[39.872511,21.39085],[39.872815,21.390147],[39.873089,21.389359],[39.873632,21.387748],[39.873794,21.387223],[39.87407,21.386327],[39.874115,21.385744],[39.874141,21.385156],[39.874177,21.384349],[39.87425,21.384097],[39.874324,21.383912],[39.874375,21.383782],[39.875494,21.384124],[39.875621,21.384163],[39.877628,21.384792],[39.877799,21.384845],[39.881188,21.385907],[39.881609,21.386039],[39.883944,21.386745],[39.885585,21.38727],[39.886236,21.387469],[39.888263,21.388099],[39.889419,21.388485],[39.889529,21.388522],[39.890503,21.388827],[39.892548,21.38947],[39.892976,21.389646],[39.893288,21.389775],[39.893949,21.389932],[39.894388,21.390017],[39.894603,21.390012],[39.895011,21.390022],[39.896599,21.389807],[39.897783,21.38963],[39.898315,21.389587],[39.898723,21.389502],[39.898959,21.389404],[39.899363,21.389162],[39.899572,21.388916],[39.899647,21.388823],[39.899738,21.388711],[39.900204,21.388081],[39.90045,21.387688],[39.901347,21.386056],[39.901491,21.385591],[39.901518,21.385428],[39.901502,21.385248],[39.901443,21.385013],[39.901303,21.384842],[39.901105,21.384753],[39.900836,21.384717],[39.900558,21.384773],[39.900375,21.384898],[39.900247,21.385043],[39.900188,21.385198],[39.900166,21.385406],[39.900203,21.385591],[39.900341,21.385945],[39.902134,21.388293],[39.903467,21.39016],[39.904777,21.391926],[39.906077,21.393658],[39.908527,21.39692],[39.90976,21.398562],[39.910401,21.399415],[39.910873,21.399891],[39.911066,21.400051],[39.911393,21.400286],[39.91186,21.40052],[39.912342,21.400695],[39.913266,21.4011],[39.913528,21.401256],[39.913853,21.401385]]}",Admin,16b3f3f8-737c-485b-aad6-159aa16c8ac8,الرفادة,مركز ضيافة الرفادة 16,2026-05-12 14:01:11,2026-05-12 14:01:11
019e1c7d-df25-71cc-ae25-3b737f3dc1fd,1,20:00,23:59,فترة اولى,15,1762,8b2033c0-197e-43d7-935a-c37e5ac86561,تروية,48a174b1-0445-44d5-8d15-f6b484620b5d,ترددي,c8fab1e4-386b-41c7-8e60-d7588f96ccde,مدخل الترددي 3 - منى,2510015f-2c6f-4108-8381-c64a5ba8561f,222,شارع 649,bus_warehouse,3066fa1f-05fa-40a1-9bd2-b134cd6c9234,ترددي 3,bus_warehouse,3066fa1f-05fa-40a1-9bd2-b134cd6c9234,ترددي 3,,,residence,شركة إكليل الضيافة لتشغيل الفنادق,camp,19/649,"{""type"":""LineString"",""coordinates"":[[39.811976,21.441525],[39.812016,21.441353],[39.8119,21.44147],[39.811717,21.441591],[39.811253,21.44175],[39.810801,21.441815],[39.810605,21.441808],[39.810512,21.441805],[39.809719,21.441683],[39.809552,21.441658],[39.809595,21.441463],[39.809696,21.440949],[39.809935,21.439627],[39.809947,21.439562],[39.809995,21.439405],[39.810593,21.436177],[39.810568,21.43597],[39.810509,21.435796],[39.810453,21.435461],[39.810447,21.435126],[39.810502,21.434565],[39.810531,21.43368],[39.810514,21.433491],[39.810327,21.433119],[39.810122,21.432967],[39.809777,21.432794],[39.809467,21.432597],[39.809124,21.432401],[39.808879,21.432296],[39.808556,21.432155],[39.808394,21.432131],[39.807906,21.432099],[39.807181,21.432109],[39.80684,21.432158],[39.806614,21.432206],[39.806481,21.432262],[39.80651,21.43211],[39.806543,21.431778],[39.806587,21.431381],[39.80664,21.430825],[39.806675,21.430387],[39.806743,21.428954],[39.806754,21.428722],[39.806762,21.42835],[39.806767,21.428082],[39.806781,21.427419],[39.80678,21.426874],[39.806778,21.426117],[39.806753,21.424478],[39.806715,21.42358],[39.806709,21.423445],[39.806701,21.423258],[39.806683,21.422982],[39.80667,21.422961],[39.806856,21.422998],[39.807543,21.423128],[39.808284,21.423318],[39.809005,21.423496],[39.810004,21.423673],[39.812704,21.424079],[39.81389,21.424253],[39.81416,21.424288],[39.814583,21.424301],[39.8149,21.424294],[39.816324,21.424159],[39.817715,21.424025],[39.817839,21.424015],[39.818018,21.424003],[39.818758,21.423956],[39.819167,21.423893],[39.819468,21.423825],[39.819616,21.423779],[39.819737,21.423712],[39.82102,21.422308],[39.821255,21.422148],[39.821521,21.422043],[39.8218,21.42196],[39.822147,21.421864],[39.822382,21.421761],[39.822573,21.421647],[39.822791,21.421489],[39.823573,21.420862],[39.823754,21.420759],[39.824375,21.420476],[39.824726,21.420372],[39.825105,21.420284],[39.825955,21.420176],[39.826362,21.420149],[39.826554,21.420136],[39.826763,21.420141],[39.827464,21.420235],[39.828747,21.420466],[39.829051,21.420521],[39.829896,21.420637],[39.830672,21.420741],[39.830929,21.420773],[39.831535,21.420838],[39.83191,21.420945],[39.832039,21.421015],[39.832183,21.421174],[39.832273,21.421282],[39.833266,21.422326],[39.83351,21.422555],[39.833692,21.42261],[39.833898,21.422641],[39.834238,21.422617],[39.834413,21.422597],[39.834643,21.422554],[39.842963,21.421445],[39.843901,21.421349],[39.844575,21.421303],[39.845233,21.42127],[39.846332,21.421259],[39.847368,21.421227],[39.847802,21.421211],[39.848334,21.421188],[39.849191,21.421167],[39.850454,21.421049],[39.851183,21.420947],[39.851521,21.420819],[39.851827,21.42067],[39.852143,21.420443],[39.852385,21.420171],[39.853182,21.4192],[39.853454,21.418683],[39.853662,21.418375],[39.854049,21.41786],[39.854388,21.417419],[39.854815,21.416871],[39.854832,21.41685],[39.855039,21.416754],[39.856199,21.415212],[39.856915,21.414028],[39.857548,21.412983],[39.859613,21.409567],[39.860347,21.408343],[39.861218,21.406891],[39.861848,21.405711],[39.862293,21.404805],[39.862648,21.403944],[39.863146,21.402736],[39.864457,21.399575],[39.864667,21.399101],[39.865353,21.397787],[39.865604,21.397353],[39.865839,21.397027],[39.866002,21.396835],[39.866639,21.39624],[39.867089,21.395886],[39.869109,21.394312],[39.87078,21.393016],[39.871413,21.392421],[39.871914,21.39181],[39.87245,21.39099],[39.872511,21.39085],[39.872815,21.390147],[39.873089,21.389359],[39.873632,21.387748],[39.873794,21.387223],[39.87407,21.386327],[39.874115,21.385744],[39.874141,21.385156],[39.874177,21.384349],[39.87425,21.384097],[39.874324,21.383912],[39.874375,21.383782],[39.875494,21.384124],[39.875621,21.384163],[39.877628,21.384792],[39.877799,21.384845],[39.881188,21.385907],[39.881609,21.386039],[39.883944,21.386745],[39.885585,21.38727],[39.886236,21.387469],[39.888263,21.388099],[39.889419,21.388485],[39.889529,21.388522],[39.890503,21.388827],[39.892548,21.38947],[39.892976,21.389646],[39.893288,21.389775],[39.893949,21.389932],[39.894388,21.390017],[39.894603,21.390012],[39.895011,21.390022],[39.896599,21.389807],[39.897783,21.38963],[39.898315,21.389587],[39.898723,21.389502],[39.898959,21.389404],[39.899363,21.389162],[39.899572,21.388916],[39.899647,21.388823],[39.899738,21.388711],[39.900204,21.388081],[39.90045,21.387688],[39.901347,21.386056],[39.901491,21.385591],[39.901518,21.385428],[39.901502,21.385248],[39.901443,21.385013],[39.901303,21.384842],[39.901105,21.384753],[39.900836,21.384717],[39.900558,21.384773],[39.900375,21.384898],[39.900247,21.385043],[39.900188,21.385198],[39.900166,21.385406],[39.900203,21.385591],[39.900341,21.385945],[39.902134,21.388293],[39.903467,21.39016],[39.904777,21.391926],[39.906077,21.393658],[39.908527,21.39692],[39.90976,21.398562],[39.910401,21.399415],[39.910873,21.399891],[39.911066,21.400051],[39.911393,21.400286],[39.91186,21.40052],[39.912342,21.400695],[39.913266,21.4011],[39.913528,21.401256],[39.913853,21.401385]]}",Admin,16b3f3f8-737c-485b-aad6-159aa16c8ac8,الرفادة,مركز ضيافة الرفادة 28,2026-05-12 14:01:11,2026-05-12 14:01:11
019e1c7d-dd8d-73d8-b5c3-6129ed4b249e,3,04:00,08:00,فترة ثالثة,15,3245,8b2033c0-197e-43d7-935a-c37e5ac86561,تروية,48a174b1-0445-44d5-8d15-f6b484620b5d,ترددي,c8fab1e4-386b-41c7-8e60-d7588f96ccde,مدخل الترددي 3 - منى,5a56bf72-08f6-4cf4-a620-aecaf703339c,271,شارع 651,bus_warehouse,3066fa1f-05fa-40a1-9bd2-b134cd6c9234,ترددي 3,bus_warehouse,3066fa1f-05fa-40a1-9bd2-b134cd6c9234,ترددي 3,,,residence,شركة ابراج دانيه الفندقية,camp,14/651,"{""type"":""LineString"",""coordinates"":[[39.839441,21.369379],[39.838848,21.370187],[39.838786,21.370271],[39.838223,21.371032],[39.837619,21.37185],[39.837547,21.371948],[39.836091,21.373931],[39.835895,21.373987],[39.833844,21.3768],[39.831637,21.379826],[39.83034,21.381632],[39.829518,21.382776],[39.829244,21.383137],[39.829189,21.383211],[39.828715,21.383626],[39.828431,21.383911],[39.827708,21.384644],[39.828992,21.384535],[39.829244,21.384519],[39.829855,21.38437],[39.831122,21.383987],[39.831785,21.383827],[39.832342,21.383768],[39.832689,21.383765],[39.833425,21.383788],[39.834009,21.38386],[39.834378,21.383974],[39.834634,21.384054],[39.835276,21.384458],[39.835525,21.384616],[39.835729,21.384746],[39.835976,21.384932],[39.836262,21.385178],[39.838411,21.38745],[39.838733,21.387759],[39.839259,21.388169],[39.839699,21.388429],[39.840246,21.388658],[39.840634,21.388749],[39.841231,21.388838],[39.842264,21.388921],[39.843922,21.389083],[39.845957,21.389246],[39.846384,21.389345],[39.847035,21.389539],[39.847266,21.389645],[39.84768,21.389836],[39.848252,21.390213],[39.848953,21.390805],[39.849588,21.39154],[39.850018,21.392085],[39.850446,21.392585],[39.851391,21.393633],[39.851581,21.393812],[39.851774,21.393938],[39.852046,21.394056],[39.852337,21.394122],[39.85254,21.394143],[39.852726,21.394133],[39.852959,21.394071],[39.853614,21.393779],[39.85405,21.393471],[39.854566,21.393024],[39.855648,21.391708],[39.855996,21.391461],[39.856181,21.391287],[39.856525,21.391018],[39.85717,21.390408],[39.857709,21.389855],[39.858217,21.389318],[39.85912,21.388568],[39.862032,21.385524],[39.863018,21.384644],[39.863957,21.384037],[39.86448,21.383738],[39.865047,21.383474],[39.865891,21.383149],[39.866999,21.382837],[39.867992,21.382698],[39.868715,21.382637],[39.869226,21.382632],[39.870011,21.382663],[39.870534,21.38271],[39.871031,21.382805],[39.872226,21.383094],[39.872622,21.383189],[39.87341,21.383495],[39.874256,21.383747],[39.874375,21.383782],[39.875494,21.384124],[39.875621,21.384163],[39.877628,21.384792],[39.877799,21.384845],[39.881188,21.385907],[39.881609,21.386039],[39.883944,21.386745],[39.885585,21.38727],[39.886236,21.387469],[39.888263,21.388099],[39.889419,21.388485],[39.889529,21.388522],[39.890503,21.388827],[39.892548,21.38947],[39.892976,21.389646],[39.893288,21.389775],[39.893949,21.389932],[39.894388,21.390017],[39.894603,21.390012],[39.895011,21.390022],[39.896599,21.389807],[39.897783,21.38963],[39.898315,21.389587],[39.898723,21.389502],[39.898959,21.389404],[39.899363,21.389162],[39.899572,21.388916],[39.899647,21.388823],[39.899738,21.388711],[39.900204,21.388081],[39.90045,21.387688],[39.901347,21.386056],[39.901491,21.385591],[39.901518,21.385428],[39.901502,21.385248],[39.901443,21.385013],[39.901303,21.384842],[39.901105,21.384753],[39.900836,21.384717],[39.900558,21.384773],[39.900375,21.384898],[39.900247,21.385043],[39.900188,21.385198],[39.900166,21.385406],[39.900203,21.385591],[39.900341,21.385945],[39.902134,21.388293],[39.903467,21.39016],[39.904777,21.391926],[39.906077,21.393658],[39.908527,21.39692],[39.90976,21.398562],[39.910401,21.399415],[39.910873,21.399891],[39.911066,21.400051],[39.911393,21.400286],[39.91186,21.40052],[39.912342,21.400695],[39.913266,21.4011],[39.913528,21.401256],[39.913853,21.401385]]}",Admin,16b3f3f8-737c-485b-aad6-159aa16c8ac8,الرفادة,مركز ضيافة الرفادة 25,2026-05-12 14:01:11,2026-05-12 14:01:11
019e1c7d-db04-7257-88eb-633f631319b6,3,04:00,08:00,فترة ثالثة,15,3547,8b2033c0-197e-43d7-935a-c37e5ac86561,تروية,48a174b1-0445-44d5-8d15-f6b484620b5d,ترددي,c8fab1e4-386b-41c7-8e60-d7588f96ccde,مدخل الترددي 3 - منى,8008ef1a-e08a-42a2-a7d4-e00cc91d09b8,272,شارع 651,bus_warehouse,3066fa1f-05fa-40a1-9bd2-b134cd6c9234,ترددي 3,bus_warehouse,3066fa1f-05fa-40a1-9bd2-b134cd6c9234,ترددي 3,,,residence,شركة ابراج دانيه الفندقية,camp,10/651,"{""type"":""LineString"",""coordinates"":[[39.839441,21.369379],[39.838848,21.370187],[39.838786,21.370271],[39.838223,21.371032],[39.837619,21.37185],[39.837547,21.371948],[39.836091,21.373931],[39.835895,21.373987],[39.833844,21.3768],[39.831637,21.379826],[39.83034,21.381632],[39.829518,21.382776],[39.829244,21.383137],[39.829189,21.383211],[39.828715,21.383626],[39.828431,21.383911],[39.827708,21.384644],[39.828992,21.384535],[39.829244,21.384519],[39.829855,21.38437],[39.831122,21.383987],[39.831785,21.383827],[39.832342,21.383768],[39.832689,21.383765],[39.833425,21.383788],[39.834009,21.38386],[39.834378,21.383974],[39.834634,21.384054],[39.835276,21.384458],[39.835525,21.384616],[39.835729,21.384746],[39.835976,21.384932],[39.836262,21.385178],[39.838411,21.38745],[39.838733,21.387759],[39.839259,21.388169],[39.839699,21.388429],[39.840246,21.388658],[39.840634,21.388749],[39.841231,21.388838],[39.842264,21.388921],[39.843922,21.389083],[39.845957,21.389246],[39.846384,21.389345],[39.847035,21.389539],[39.847266,21.389645],[39.84768,21.389836],[39.848252,21.390213],[39.848953,21.390805],[39.849588,21.39154],[39.850018,21.392085],[39.850446,21.392585],[39.851391,21.393633],[39.851581,21.393812],[39.851774,21.393938],[39.852046,21.394056],[39.852337,21.394122],[39.85254,21.394143],[39.852726,21.394133],[39.852959,21.394071],[39.853614,21.393779],[39.85405,21.393471],[39.854566,21.393024],[39.855648,21.391708],[39.855996,21.391461],[39.856181,21.391287],[39.856525,21.391018],[39.85717,21.390408],[39.857709,21.389855],[39.858217,21.389318],[39.85912,21.388568],[39.862032,21.385524],[39.863018,21.384644],[39.863957,21.384037],[39.86448,21.383738],[39.865047,21.383474],[39.865891,21.383149],[39.866999,21.382837],[39.867992,21.382698],[39.868715,21.382637],[39.869226,21.382632],[39.870011,21.382663],[39.870534,21.38271],[39.871031,21.382805],[39.872226,21.383094],[39.872622,21.383189],[39.87341,21.383495],[39.874256,21.383747],[39.874375,21.383782],[39.875494,21.384124],[39.875621,21.384163],[39.877628,21.384792],[39.877799,21.384845],[39.881188,21.385907],[39.881609,21.386039],[39.883944,21.386745],[39.885585,21.38727],[39.886236,21.387469],[39.888263,21.388099],[39.889419,21.388485],[39.889529,21.388522],[39.890503,21.388827],[39.892548,21.38947],[39.892976,21.389646],[39.893288,21.389775],[39.893949,21.389932],[39.894388,21.390017],[39.894603,21.390012],[39.895011,21.390022],[39.896599,21.389807],[39.897783,21.38963],[39.898315,21.389587],[39.898723,21.389502],[39.898959,21.389404],[39.899363,21.389162],[39.899572,21.388916],[39.899647,21.388823],[39.899738,21.388711],[39.900204,21.388081],[39.90045,21.387688],[39.901347,21.386056],[39.901491,21.385591],[39.901518,21.385428],[39.901502,21.385248],[39.901443,21.385013],[39.901303,21.384842],[39.901105,21.384753],[39.900836,21.384717],[39.900558,21.384773],[39.900375,21.384898],[39.900247,21.385043],[39.900188,21.385198],[39.900166,21.385406],[39.900203,21.385591],[39.900341,21.385945],[39.902134,21.388293],[39.903467,21.39016],[39.904777,21.391926],[39.906077,21.393658],[39.908527,21.39692],[39.90976,21.398562],[39.910401,21.399415],[39.910873,21.399891],[39.911066,21.400051],[39.911393,21.400286],[39.91186,21.40052],[39.912342,21.400695],[39.913266,21.4011],[39.913528,21.401256],[39.913853,21.401385]]}",Admin,16b3f3f8-737c-485b-aad6-159aa16c8ac8,الرفادة,مركز ضيافة الرفادة 24,2026-05-12 14:01:10,2026-05-12 14:01:10
019e1c7d-da0b-72b5-819a-84ef73eb0b09,1,20:00,23:59,فترة اولى,15,1805,8b2033c0-197e-43d7-935a-c37e5ac86561,تروية,48a174b1-0445-44d5-8d15-f6b484620b5d,ترددي,c8fab1e4-386b-41c7-8e60-d7588f96ccde,مدخل الترددي 3 - منى,fde5e746-1762-4e16-90cf-82adde80fcdb,248,شارع 655,bus_warehouse,3066fa1f-05fa-40a1-9bd2-b134cd6c9234,ترددي 3,bus_warehouse,3066fa1f-05fa-40a1-9bd2-b134cd6c9234,ترددي 3,,,residence,شركة المميزة الاولى الفندقية,camp,1/655,"{""type"":""LineString"",""coordinates"":[[39.848324,21.420232],[39.847955,21.420217],[39.847573,21.420241],[39.847498,21.420318],[39.847489,21.420558],[39.847514,21.420936],[39.847346,21.420938],[39.847368,21.421227],[39.847802,21.421211],[39.848334,21.421188],[39.849191,21.421167],[39.850454,21.421049],[39.851183,21.420947],[39.851521,21.420819],[39.851827,21.42067],[39.852143,21.420443],[39.852385,21.420171],[39.853182,21.4192],[39.853454,21.418683],[39.853662,21.418375],[39.854049,21.41786],[39.854388,21.417419],[39.854815,21.416871],[39.854832,21.41685],[39.855039,21.416754],[39.856199,21.415212],[39.856915,21.414028],[39.857548,21.412983],[39.859613,21.409567],[39.860347,21.408343],[39.861218,21.406891],[39.861848,21.405711],[39.862293,21.404805],[39.862648,21.403944],[39.863146,21.402736],[39.864457,21.399575],[39.864667,21.399101],[39.865353,21.397787],[39.865604,21.397353],[39.865839,21.397027],[39.866002,21.396835],[39.866639,21.39624],[39.867089,21.395886],[39.869109,21.394312],[39.87078,21.393016],[39.871413,21.392421],[39.871914,21.39181],[39.87245,21.39099],[39.872511,21.39085],[39.872815,21.390147],[39.873089,21.389359],[39.873632,21.387748],[39.873794,21.387223],[39.87407,21.386327],[39.874115,21.385744],[39.874141,21.385156],[39.874177,21.384349],[39.87425,21.384097],[39.874324,21.383912],[39.874375,21.383782],[39.875494,21.384124],[39.875621,21.384163],[39.877628,21.384792],[39.877799,21.384845],[39.881188,21.385907],[39.881609,21.386039],[39.883944,21.386745],[39.885585,21.38727],[39.886236,21.387469],[39.888263,21.388099],[39.889419,21.388485],[39.889529,21.388522],[39.890503,21.388827],[39.892548,21.38947],[39.892976,21.389646],[39.893288,21.389775],[39.893949,21.389932],[39.894388,21.390017],[39.894603,21.390012],[39.895011,21.390022],[39.896599,21.389807],[39.897783,21.38963],[39.898315,21.389587],[39.898723,21.389502],[39.898959,21.389404],[39.899363,21.389162],[39.899572,21.388916],[39.899647,21.388823],[39.899738,21.388711],[39.900204,21.388081],[39.90045,21.387688],[39.901347,21.386056],[39.901491,21.385591],[39.901518,21.385428],[39.901502,21.385248],[39.901443,21.385013],[39.901303,21.384842],[39.901105,21.384753],[39.900836,21.384717],[39.900558,21.384773],[39.900375,21.384898],[39.900247,21.385043],[39.900188,21.385198],[39.900166,21.385406],[39.900203,21.385591],[39.900341,21.385945],[39.902134,21.388293],[39.903467,21.39016],[39.904777,21.391926],[39.906077,21.393658],[39.908527,21.39692],[39.90976,21.398562],[39.910401,21.399415],[39.910873,21.399891],[39.911066,21.400051],[39.911393,21.400286],[39.91186,21.40052],[39.912342,21.400695],[39.913266,21.4011],[39.913528,21.401256],[39.913853,21.401385]]}",Admin,16b3f3f8-737c-485b-aad6-159aa16c8ac8,الرفادة,مركز ضيافة الرفادة 23,2026-05-12 14:01:10,2026-05-12 14:01:10
019e1c7d-d72b-70a5-aa84-6e1d6926354e,3,04:00,08:00,فترة ثالثة,20,4799,8b2033c0-197e-43d7-935a-c37e5ac86561,تروية,9fc47c58-d9e9-45e0-9d66-6da9f5c4fc85,قطار,ede61c28-c746-4cfa-a67b-19eb13385d55,مدخل طريق سوق العرب - الدائري الرابع,e6d955fc-b31e-45cf-9d25-61de5ed25b46,378,شارع 521,parking,4b152c54-b526-49fb-86d9-409334589cfb,الاسناد القطار,parking,4b152c54-b526-49fb-86d9-409334589cfb,الاسناد القطار,,,residence,شركة البرج العالمية لادارة الفنادق فندق ساعة مكة فيرمونت,camp,8/521,"{""type"":""LineString"",""coordinates"":[[39.825491,21.417547],[39.825184,21.417559],[39.824712,21.417677],[39.824252,21.417919],[39.823772,21.41833],[39.823528,21.418509],[39.823221,21.418639],[39.822601,21.418721],[39.820049,21.419168],[39.819719,21.419234],[39.819454,21.419286],[39.818712,21.419458],[39.818235,21.419644],[39.817971,21.419795],[39.817705,21.420003],[39.817512,21.420198],[39.8173,21.420479],[39.81702,21.421057],[39.816943,21.421348],[39.816883,21.421671],[39.816872,21.421817],[39.816848,21.422236],[39.816857,21.422544],[39.816918,21.422881],[39.817028,21.42323],[39.81718,21.423613],[39.817446,21.424194],[39.817768,21.424951],[39.818013,21.425398],[39.818773,21.426295],[39.819143,21.426635],[39.819449,21.426867],[39.819925,21.427143],[39.820211,21.427254],[39.820308,21.427292],[39.821109,21.427502],[39.821755,21.427626],[39.82194,21.427667],[39.823144,21.427898],[39.825377,21.428173],[39.826502,21.428168],[39.827094,21.428112],[39.827734,21.427987],[39.82828,21.427817],[39.828425,21.427758],[39.829059,21.427452],[39.829362,21.427269],[39.829849,21.426937],[39.830432,21.426457],[39.831018,21.425964],[39.831483,21.425463],[39.83168,21.425154],[39.831926,21.42471],[39.832105,21.424267],[39.832678,21.422668],[39.832908,21.422197],[39.832979,21.421954],[39.832995,21.421726],[39.832968,21.421278],[39.832927,21.421034],[39.83283,21.420727],[39.832731,21.420605],[39.832651,21.420538],[39.832563,21.420499],[39.832476,21.4205],[39.832374,21.420535],[39.832201,21.420861],[39.832172,21.420967],[39.832168,21.421079],[39.832183,21.421174],[39.832273,21.421282],[39.833266,21.422326],[39.83351,21.422555],[39.833692,21.42261],[39.833898,21.422641],[39.834238,21.422617],[39.834413,21.422597],[39.834643,21.422554],[39.842963,21.421445],[39.843901,21.421349],[39.844575,21.421303],[39.845233,21.42127],[39.846332,21.421259],[39.847368,21.421227],[39.847802,21.421211],[39.848334,21.421188],[39.849191,21.421167],[39.850454,21.421049],[39.851183,21.420947],[39.851521,21.420819],[39.851827,21.42067],[39.852143,21.420443],[39.852385,21.420171],[39.853182,21.4192],[39.853454,21.418683],[39.853662,21.418375],[39.854049,21.41786],[39.854388,21.417419],[39.854815,21.416871],[39.854832,21.41685],[39.855039,21.416754],[39.856199,21.415212],[39.856915,21.414028],[39.857548,21.412983],[39.859613,21.409567],[39.860347,21.408343],[39.861218,21.406891],[39.861848,21.405711],[39.862293,21.404805],[39.862648,21.403944],[39.863146,21.402736],[39.864457,21.399575],[39.864667,21.399101],[39.865353,21.397787],[39.865604,21.397353],[39.865839,21.397027],[39.866002,21.396835],[39.866639,21.39624],[39.867089,21.395886],[39.869109,21.394312],[39.87078,21.393016],[39.871413,21.392421],[39.871914,21.39181],[39.87245,21.39099],[39.872511,21.39085],[39.872815,21.390147],[39.873089,21.389359],[39.873632,21.387748],[39.873794,21.387223],[39.87407,21.386327],[39.874115,21.385744],[39.874141,21.385156],[39.874177,21.384349],[39.87425,21.384097],[39.874324,21.383912],[39.874375,21.383782],[39.875494,21.384124],[39.875621,21.384163],[39.877628,21.384792],[39.877799,21.384845],[39.881188,21.385907],[39.881609,21.386039],[39.883944,21.386745],[39.885585,21.38727],[39.886236,21.387469],[39.888263,21.388099],[39.889419,21.388485],[39.889529,21.388522],[39.890503,21.388827],[39.892548,21.38947],[39.892976,21.389646],[39.893288,21.389775],[39.893949,21.389932],[39.894388,21.390017],[39.894603,21.390012],[39.895011,21.390022],[39.896599,21.389807],[39.897783,21.38963],[39.898315,21.389587],[39.898723,21.389502],[39.898959,21.389404],[39.899363,21.389162],[39.899572,21.388916],[39.899647,21.388823],[39.899738,21.388711],[39.900204,21.388081],[39.90045,21.387688],[39.901347,21.386056],[39.901491,21.385591],[39.901518,21.385428],[39.901502,21.385248],[39.901443,21.385013],[39.901303,21.384842],[39.901105,21.384753],[39.900836,21.384717],[39.900558,21.384773],[39.900375,21.384898],[39.900247,21.385043],[39.900188,21.385198],[39.900166,21.385406],[39.900203,21.385591],[39.900341,21.385945],[39.902134,21.388293],[39.903467,21.39016],[39.904777,21.391926],[39.906077,21.393658],[39.908527,21.39692],[39.90976,21.398562],[39.910401,21.399415],[39.910873,21.399891],[39.911066,21.400051],[39.911393,21.400286],[39.91186,21.40052],[39.912342,21.400695],[39.913266,21.4011],[39.913528,21.401256],[39.913652,21.40133],[39.914215,21.401769],[39.914778,21.402318],[39.915143,21.402768],[39.915394,21.403191],[39.915556,21.403522],[39.915706,21.403927],[39.915776,21.404331],[39.915798,21.404596],[39.915776,21.404921],[39.915739,21.40512],[39.915605,21.405525],[39.915444,21.40578],[39.915294,21.405941],[39.91495,21.406279],[39.914693,21.406429],[39.914186,21.406633],[39.9135,21.406632],[39.913094,21.406579],[39.912692,21.406449],[39.91236,21.406242],[39.912191,21.406137],[39.911826,21.405797],[39.911656,21.40556],[39.91149,21.405255],[39.911392,21.404933],[39.911351,21.404636],[39.91134,21.404156],[39.911284,21.403673],[39.911302,21.403357],[39.911257,21.402681],[39.91114,21.402043],[39.910943,21.40119],[39.91068,21.400436],[39.910315,21.39978],[39.909522,21.398673],[39.909249,21.398437]]}",Admin,53e04c90-dfba-4e08-9332-7597ce1ed527,الراجحي,142,2026-05-12 14:01:09,2026-05-12 14:01:09
019e1c7d-d60e-70d2-95fe-a3a768968676,2,00:00,03:59,فترة ثانية,20,4392,8b2033c0-197e-43d7-935a-c37e5ac86561,تروية,9fc47c58-d9e9-45e0-9d66-6da9f5c4fc85,قطار,ede61c28-c746-4cfa-a67b-19eb13385d55,مدخل طريق سوق العرب - الدائري الرابع,be39e88c-aa7b-41ea-916d-f3920861e481,387,شارع 62,parking,4b152c54-b526-49fb-86d9-409334589cfb,الاسناد القطار,parking,4b152c54-b526-49fb-86d9-409334589cfb,الاسناد القطار,,,residence,شركة عناية هوتيل مانجمينت المحدودة,camp,59/62,"{""type"":""LineString"",""coordinates"":[[39.869508,21.387569],[39.869488,21.387731],[39.870183,21.387817],[39.870219,21.387822],[39.871504,21.387981],[39.872152,21.388061],[39.872257,21.388078],[39.872772,21.388138],[39.873366,21.388213],[39.8735,21.387723],[39.873794,21.387223],[39.87407,21.386327],[39.874115,21.385744],[39.874141,21.385156],[39.874177,21.384349],[39.87425,21.384097],[39.874324,21.383912],[39.874375,21.383782],[39.875494,21.384124],[39.875621,21.384163],[39.877628,21.384792],[39.877799,21.384845],[39.881188,21.385907],[39.881609,21.386039],[39.883944,21.386745],[39.885585,21.38727],[39.886236,21.387469],[39.888263,21.388099],[39.889419,21.388485],[39.889529,21.388522],[39.890503,21.388827],[39.892548,21.38947],[39.892976,21.389646],[39.893288,21.389775],[39.893949,21.389932],[39.894388,21.390017],[39.894603,21.390012],[39.895011,21.390022],[39.896599,21.389807],[39.897783,21.38963],[39.898315,21.389587],[39.898723,21.389502],[39.898959,21.389404],[39.899363,21.389162],[39.899572,21.388916],[39.899647,21.388823],[39.899738,21.388711],[39.900204,21.388081],[39.90045,21.387688],[39.901347,21.386056],[39.901491,21.385591],[39.901518,21.385428],[39.901502,21.385248],[39.901443,21.385013],[39.901303,21.384842],[39.901105,21.384753],[39.900836,21.384717],[39.900558,21.384773],[39.900375,21.384898],[39.900247,21.385043],[39.900188,21.385198],[39.900166,21.385406],[39.900203,21.385591],[39.900341,21.385945],[39.902134,21.388293],[39.903467,21.39016],[39.904777,21.391926],[39.906077,21.393658],[39.908527,21.39692],[39.90976,21.398562],[39.910401,21.399415],[39.910873,21.399891],[39.911066,21.400051],[39.911393,21.400286],[39.91186,21.40052],[39.912342,21.400695],[39.913266,21.4011],[39.913528,21.401256],[39.913652,21.40133],[39.914215,21.401769],[39.914778,21.402318],[39.915143,21.402768],[39.915394,21.403191],[39.915556,21.403522],[39.915706,21.403927],[39.915776,21.404331],[39.915798,21.404596],[39.915776,21.404921],[39.915739,21.40512],[39.915605,21.405525],[39.915444,21.40578],[39.915294,21.405941],[39.91495,21.406279],[39.914693,21.406429],[39.914186,21.406633],[39.9135,21.406632],[39.913094,21.406579],[39.912692,21.406449],[39.91236,21.406242],[39.912191,21.406137],[39.911826,21.405797],[39.911656,21.40556],[39.91149,21.405255],[39.911392,21.404933],[39.911351,21.404636],[39.91134,21.404156],[39.911284,21.403673],[39.911302,21.403357],[39.911257,21.402681],[39.91114,21.402043],[39.910943,21.40119],[39.91068,21.400436],[39.910315,21.39978],[39.909522,21.398673],[39.909249,21.398437]]}",Admin,53e04c90-dfba-4e08-9332-7597ce1ed527,الراجحي,137,2026-05-12 14:01:09,2026-05-12 14:01:09
019e1c7d-d3cb-7006-855b-91c3aaeb69a4,1,20:00,23:59,فترة اولى,15,3379,8b2033c0-197e-43d7-935a-c37e5ac86561,تروية,a0bc4dde-a22d-4d68-bf95-75f45d362d66,تقليدي رد,ede61c28-c746-4cfa-a67b-19eb13385d55,مدخل طريق سوق العرب - الدائري الرابع,c56e3c3c-d917-4482-8dd2-e74e749faf08,553,شارع 533,parking,6a81cfb3-9019-4ac5-9f85-353cab5b9895,الاتصالات الجديد,parking,6a81cfb3-9019-4ac5-9f85-353cab5b9895,الاتصالات الجديد,,,residence,شركة القمة الفندقية المحدودة,camp,35/533,"{""type"":""LineString"",""coordinates"":[[39.876486,21.3873],[39.876609,21.386795],[39.876768,21.386144],[39.876923,21.385507],[39.877093,21.384887],[39.876127,21.384469],[39.875577,21.384286],[39.875508,21.384231],[39.875526,21.384175],[39.875621,21.384163],[39.877628,21.384792],[39.877799,21.384845],[39.881188,21.385907],[39.881609,21.386039],[39.883944,21.386745],[39.885585,21.38727],[39.886236,21.387469],[39.888263,21.388099],[39.889419,21.388485],[39.889529,21.388522],[39.890503,21.388827],[39.892548,21.38947],[39.892976,21.389646],[39.893288,21.389775],[39.893949,21.389932],[39.894388,21.390017],[39.894603,21.390012],[39.895011,21.390022],[39.896599,21.389807],[39.897783,21.38963],[39.898315,21.389587],[39.898723,21.389502],[39.898959,21.389404],[39.899363,21.389162],[39.899572,21.388916],[39.899647,21.388823],[39.899738,21.388711],[39.900204,21.388081],[39.90045,21.387688],[39.901347,21.386056],[39.901491,21.385591],[39.901518,21.385428],[39.901502,21.385248],[39.901443,21.385013],[39.901303,21.384842],[39.901105,21.384753],[39.900836,21.384717],[39.900558,21.384773],[39.900375,21.384898],[39.900247,21.385043],[39.900188,21.385198],[39.900166,21.385406],[39.900203,21.385591],[39.900341,21.385945],[39.902134,21.388293],[39.903467,21.39016],[39.904777,21.391926],[39.906077,21.393658],[39.908527,21.39692],[39.90976,21.398562],[39.910401,21.399415],[39.910873,21.399891],[39.911066,21.400051],[39.911393,21.400286],[39.91186,21.40052],[39.912342,21.400695],[39.913266,21.4011],[39.913528,21.401256],[39.913652,21.40133],[39.914215,21.401769],[39.914778,21.402318],[39.915143,21.402768],[39.915394,21.403191],[39.915556,21.403522],[39.915706,21.403927],[39.915776,21.404331],[39.915798,21.404596],[39.915776,21.404921],[39.915739,21.40512],[39.915605,21.405525],[39.915444,21.40578],[39.915294,21.405941],[39.91495,21.406279],[39.914693,21.406429],[39.914186,21.406633],[39.9135,21.406632],[39.913094,21.406579],[39.912692,21.406449],[39.91236,21.406242],[39.912191,21.406137],[39.911826,21.405797],[39.911656,21.40556],[39.91149,21.405255],[39.911392,21.404933],[39.911351,21.404636],[39.91134,21.404156],[39.911284,21.403673],[39.911302,21.403357],[39.911257,21.402681],[39.91114,21.402043],[39.910943,21.40119],[39.91068,21.400436],[39.910315,21.39978],[39.909522,21.398673],[39.909249,21.398437]]}",Admin,53e04c90-dfba-4e08-9332-7597ce1ed527,الراجحي,145,2026-05-12 14:01:08,2026-05-12 14:01:08
019e1c7d-d1bd-72d5-a396-1da1a1acdd45,3,04:00,08:00,فترة ثالثة,20,2817,8b2033c0-197e-43d7-935a-c37e5ac86561,تروية,a0bc4dde-a22d-4d68-bf95-75f45d362d66,تقليدي رد,c9b6a08b-9db3-4cc8-bfba-162d2ee1544f,مدخل طريق الملك عبدالله - العزيزية,e33c25c2-19c2-459c-a210-1f9ef02ab32e,545,شارع 643,parking,6a81cfb3-9019-4ac5-9f85-353cab5b9895,الاتصالات الجديد,parking,6a81cfb3-9019-4ac5-9f85-353cab5b9895,الاتصالات الجديد,,,residence,تموينات عبدالله بن حامد بن امبارك الجابري للمواد الغذائية,camp,2/643,"{""type"":""LineString"",""coordinates"":[[39.80092,21.42421],[39.800929,21.423918],[39.800049,21.423913],[39.799545,21.423936],[39.79949,21.423574],[39.799472,21.423457],[39.79793,21.424008],[39.796928,21.424356],[39.79667,21.424413],[39.796477,21.424438],[39.794789,21.424643],[39.793851,21.424735],[39.793139,21.424782],[39.792768,21.424805],[39.792346,21.424839],[39.792287,21.424768],[39.792287,21.424678],[39.792356,21.424599],[39.793628,21.424621],[39.793799,21.424623],[39.794299,21.424595],[39.795987,21.424392],[39.796652,21.424307],[39.796911,21.424251],[39.797347,21.424098],[39.797873,21.423911],[39.798012,21.423863],[39.798564,21.423674],[39.798991,21.423526],[39.801781,21.422521],[39.802388,21.422375],[39.802672,21.422327],[39.80289,21.422308],[39.803555,21.422291],[39.804068,21.42237],[39.804903,21.422555],[39.805273,21.422687],[39.806698,21.4231],[39.808503,21.423408],[39.809005,21.423496],[39.810004,21.423673],[39.812704,21.424079],[39.81389,21.424253],[39.81416,21.424288],[39.814583,21.424301],[39.8149,21.424294],[39.816324,21.424159],[39.817715,21.424025],[39.817839,21.424015],[39.818018,21.424003],[39.818758,21.423956],[39.819167,21.423893],[39.819468,21.423825],[39.819616,21.423779],[39.819737,21.423712],[39.82102,21.422308],[39.821255,21.422148],[39.821521,21.422043],[39.8218,21.42196],[39.822147,21.421864],[39.822382,21.421761],[39.822573,21.421647],[39.822791,21.421489],[39.823573,21.420862],[39.823754,21.420759],[39.824375,21.420476],[39.824726,21.420372],[39.825105,21.420284],[39.825955,21.420176],[39.826362,21.420149],[39.826554,21.420136],[39.826763,21.420141],[39.827464,21.420235],[39.828747,21.420466],[39.829051,21.420521],[39.829896,21.420637],[39.830672,21.420741],[39.830929,21.420773],[39.831535,21.420838],[39.83191,21.420945],[39.832039,21.421015],[39.832183,21.421174],[39.832273,21.421282],[39.833266,21.422326],[39.83351,21.422555],[39.833692,21.42261],[39.833898,21.422641],[39.834238,21.422617],[39.834413,21.422597],[39.834643,21.422554],[39.842963,21.421445],[39.843901,21.421349],[39.844575,21.421303],[39.845233,21.42127],[39.846332,21.421259],[39.847368,21.421227],[39.847802,21.421211],[39.848334,21.421188],[39.849191,21.421167],[39.850454,21.421049],[39.851183,21.420947],[39.851521,21.420819],[39.851827,21.42067],[39.852143,21.420443],[39.852385,21.420171],[39.853182,21.4192],[39.853454,21.418683],[39.853662,21.418375],[39.854049,21.41786],[39.854388,21.417419],[39.854815,21.416871],[39.854832,21.41685],[39.855039,21.416754],[39.856199,21.415212],[39.856915,21.414028],[39.857548,21.412983],[39.859613,21.409567],[39.860347,21.408343],[39.861218,21.406891],[39.861848,21.405711],[39.862293,21.404805],[39.862648,21.403944],[39.863146,21.402736],[39.864457,21.399575],[39.864667,21.399101],[39.865353,21.397787],[39.865604,21.397353],[39.865839,21.397027],[39.866002,21.396835],[39.866639,21.39624],[39.867089,21.395886],[39.869109,21.394312],[39.87078,21.393016],[39.871413,21.392421],[39.871914,21.39181],[39.87245,21.39099],[39.872511,21.39085],[39.872815,21.390147],[39.873089,21.389359],[39.873632,21.387748],[39.873794,21.387223],[39.87407,21.386327],[39.874115,21.385744],[39.874141,21.385156],[39.87435,21.384466],[39.874406,21.384327],[39.874475,21.384217],[39.874577,21.384167],[39.874671,21.384162],[39.874872,21.38419],[39.875036,21.384267],[39.875103,21.384342],[39.875149,21.384429],[39.875162,21.384517],[39.875135,21.384632],[39.874937,21.385255],[39.874524,21.385901],[39.87417,21.386626],[39.873912,21.387434],[39.873864,21.387944],[39.873808,21.388107],[39.873629,21.388677],[39.873994,21.388795],[39.876326,21.389517],[39.877948,21.390034],[39.878779,21.390299],[39.878926,21.390339],[39.879114,21.390389],[39.879558,21.390607],[39.880854,21.391498],[39.881567,21.392007],[39.882011,21.392538],[39.882065,21.39262],[39.882396,21.393125],[39.882444,21.393197],[39.882514,21.393265],[39.882609,21.393289],[39.882868,21.393262],[39.883076,21.393244],[39.88309,21.39336],[39.883151,21.393861],[39.883281,21.394359],[39.883387,21.394766],[39.883451,21.394994],[39.883531,21.39521]]}",Admin,53e04c90-dfba-4e08-9332-7597ce1ed527,الراجحي,153,2026-05-12 14:01:08,2026-05-12 14:01:08
019e1c7d-cc2d-7076-bec3-47026092c33c,1,20:00,23:59,فترة اولى,15,1991,8b2033c0-197e-43d7-935a-c37e5ac86561,تروية,48a174b1-0445-44d5-8d15-f6b484620b5d,ترددي,c8fab1e4-386b-41c7-8e60-d7588f96ccde,مدخل الترددي 3 - منى,82426858-cfee-4349-9acb-7a5b899782a7,562,شارع 649,bus_warehouse,3066fa1f-05fa-40a1-9bd2-b134cd6c9234,ترددي 3,bus_warehouse,3066fa1f-05fa-40a1-9bd2-b134cd6c9234,ترددي 3,,,residence,شركة برج الخير لادارة الأملاك,camp,2/649,"{""type"":""LineString"",""coordinates"":[[39.879118,21.397309],[39.879319,21.397205],[39.879851,21.398106],[39.880753,21.397635],[39.88134,21.398556],[39.88187,21.399552],[39.883292,21.398897],[39.883366,21.399037],[39.884426,21.398552],[39.885932,21.397834],[39.887662,21.397056],[39.89015,21.395924],[39.892381,21.394909],[39.893021,21.394575],[39.893456,21.394283],[39.893609,21.394158],[39.893721,21.394066],[39.894165,21.393702],[39.894773,21.393204],[39.896259,21.391933],[39.897172,21.391133],[39.899133,21.389417],[39.899363,21.389162],[39.899572,21.388916],[39.899647,21.388823],[39.899738,21.388711],[39.900204,21.388081],[39.90045,21.387688],[39.901347,21.386056],[39.901491,21.385591],[39.901518,21.385428],[39.901502,21.385248],[39.901443,21.385013],[39.901303,21.384842],[39.901105,21.384753],[39.900836,21.384717],[39.900558,21.384773],[39.900375,21.384898],[39.900247,21.385043],[39.900188,21.385198],[39.900166,21.385406],[39.900203,21.385591],[39.900341,21.385945],[39.902134,21.388293],[39.903467,21.39016],[39.904777,21.391926],[39.906077,21.393658],[39.908527,21.39692],[39.90976,21.398562],[39.910401,21.399415],[39.910873,21.399891],[39.911066,21.400051],[39.911393,21.400286],[39.91186,21.40052],[39.912342,21.400695],[39.913266,21.4011],[39.913528,21.401256],[39.913853,21.401385]]}",Admin,53e04c90-dfba-4e08-9332-7597ce1ed527,الراجحي,126,2026-05-12 14:01:06,2026-05-12 14:01:06
019e1c7d-cb2b-72be-a62e-1126a756e0db,3,04:00,08:00,فترة ثالثة,20,4608,8b2033c0-197e-43d7-935a-c37e5ac86561,تروية,a0bc4dde-a22d-4d68-bf95-75f45d362d66,تقليدي رد,ede61c28-c746-4cfa-a67b-19eb13385d55,مدخل طريق سوق العرب - الدائري الرابع,3faa076c-6c0b-4793-8d71-199f34d433e3,359,شارع 518,parking,6a81cfb3-9019-4ac5-9f85-353cab5b9895,الاتصالات الجديد,parking,6a81cfb3-9019-4ac5-9f85-353cab5b9895,الاتصالات الجديد,,,residence,شركة المحيط المميزة التجارية,camp,12/518,"{""type"":""LineString"",""coordinates"":[[39.8717,21.386792],[39.872357,21.386883],[39.872257,21.387454],[39.872152,21.388061],[39.872257,21.388078],[39.872772,21.388138],[39.873366,21.388213],[39.8735,21.387723],[39.873794,21.387223],[39.87407,21.386327],[39.874115,21.385744],[39.874141,21.385156],[39.874177,21.384349],[39.87425,21.384097],[39.874324,21.383912],[39.874375,21.383782],[39.875494,21.384124],[39.875621,21.384163],[39.877628,21.384792],[39.877799,21.384845],[39.881188,21.385907],[39.881609,21.386039],[39.883944,21.386745],[39.885585,21.38727],[39.886236,21.387469],[39.888263,21.388099],[39.889419,21.388485],[39.889529,21.388522],[39.890503,21.388827],[39.892548,21.38947],[39.892976,21.389646],[39.893288,21.389775],[39.893949,21.389932],[39.894388,21.390017],[39.894603,21.390012],[39.895011,21.390022],[39.896599,21.389807],[39.897783,21.38963],[39.898315,21.389587],[39.898723,21.389502],[39.898959,21.389404],[39.899363,21.389162],[39.899572,21.388916],[39.899647,21.388823],[39.899738,21.388711],[39.900204,21.388081],[39.90045,21.387688],[39.901347,21.386056],[39.901491,21.385591],[39.901518,21.385428],[39.901502,21.385248],[39.901443,21.385013],[39.901303,21.384842],[39.901105,21.384753],[39.900836,21.384717],[39.900558,21.384773],[39.900375,21.384898],[39.900247,21.385043],[39.900188,21.385198],[39.900166,21.385406],[39.900203,21.385591],[39.900341,21.385945],[39.902134,21.388293],[39.903467,21.39016],[39.904777,21.391926],[39.906077,21.393658],[39.908527,21.39692],[39.90976,21.398562],[39.910401,21.399415],[39.910873,21.399891],[39.911066,21.400051],[39.911393,21.400286],[39.91186,21.40052],[39.912342,21.400695],[39.913266,21.4011],[39.913528,21.401256],[39.913652,21.40133],[39.914215,21.401769],[39.914778,21.402318],[39.915143,21.402768],[39.915394,21.403191],[39.915556,21.403522],[39.915706,21.403927],[39.915776,21.404331],[39.915798,21.404596],[39.915776,21.404921],[39.915739,21.40512],[39.915605,21.405525],[39.915444,21.40578],[39.915294,21.405941],[39.91495,21.406279],[39.914693,21.406429],[39.914186,21.406633],[39.9135,21.406632],[39.913094,21.406579],[39.912692,21.406449],[39.91236,21.406242],[39.912191,21.406137],[39.911826,21.405797],[39.911656,21.40556],[39.91149,21.405255],[39.911392,21.404933],[39.911351,21.404636],[39.91134,21.404156],[39.911284,21.403673],[39.911302,21.403357],[39.911257,21.402681],[39.91114,21.402043],[39.910943,21.40119],[39.91068,21.400436],[39.910315,21.39978],[39.909522,21.398673],[39.909249,21.398437]]}",Admin,53e04c90-dfba-4e08-9332-7597ce1ed527,الراجحي,139,2026-05-12 14:01:06,2026-05-12 14:01:06
019e1c7d-c8fa-7377-9972-4819f9bb107f,2,00:00,03:59,فترة ثانية,10,5116,8b2033c0-197e-43d7-935a-c37e5ac86561,تروية,48a174b1-0445-44d5-8d15-f6b484620b5d,ترددي,c8fab1e4-386b-41c7-8e60-d7588f96ccde,مدخل الترددي 3 - منى,000d45a0-f218-4c7a-99d0-4e009871a7a1,254,شارع 649,bus_warehouse,3066fa1f-05fa-40a1-9bd2-b134cd6c9234,ترددي 3,bus_warehouse,3066fa1f-05fa-40a1-9bd2-b134cd6c9234,ترددي 3,,,residence,شركة القمة الذهبية العالمية المحدودة,camp,14/649,"{""type"":""LineString"",""coordinates"":[[39.857626,21.421989],[39.858015,21.4213],[39.858291,21.420896],[39.858749,21.420479],[39.858983,21.420237],[39.858974,21.420141],[39.858875,21.419956],[39.858524,21.419683],[39.858425,21.419606],[39.858297,21.419511],[39.858366,21.419438],[39.858916,21.418816],[39.859453,21.418242],[39.860483,21.417098],[39.861377,21.416104],[39.862745,21.414626],[39.862825,21.414546],[39.86331,21.414048],[39.86555,21.411751],[39.866513,21.410762],[39.868553,21.408657],[39.869613,21.407562],[39.869889,21.407322],[39.870641,21.406779],[39.873129,21.404971],[39.873921,21.404413],[39.874476,21.404014],[39.874835,21.403755],[39.875046,21.403601],[39.87569,21.40313],[39.876679,21.402412],[39.87737,21.401909],[39.878002,21.401518],[39.878144,21.401442],[39.878392,21.401307],[39.879401,21.400847],[39.883366,21.399037],[39.884426,21.398552],[39.885932,21.397834],[39.887662,21.397056],[39.89015,21.395924],[39.892381,21.394909],[39.893021,21.394575],[39.893456,21.394283],[39.893609,21.394158],[39.893721,21.394066],[39.894165,21.393702],[39.894773,21.393204],[39.896259,21.391933],[39.897172,21.391133],[39.899133,21.389417],[39.899363,21.389162],[39.899572,21.388916],[39.899647,21.388823],[39.899738,21.388711],[39.900204,21.388081],[39.90045,21.387688],[39.901347,21.386056],[39.901491,21.385591],[39.901518,21.385428],[39.901502,21.385248],[39.901443,21.385013],[39.901303,21.384842],[39.901105,21.384753],[39.900836,21.384717],[39.900558,21.384773],[39.900375,21.384898],[39.900247,21.385043],[39.900188,21.385198],[39.900166,21.385406],[39.900203,21.385591],[39.900341,21.385945],[39.902134,21.388293],[39.903467,21.39016],[39.904777,21.391926],[39.906077,21.393658],[39.908527,21.39692],[39.90976,21.398562],[39.910401,21.399415],[39.910873,21.399891],[39.911066,21.400051],[39.911393,21.400286],[39.91186,21.40052],[39.912342,21.400695],[39.913266,21.4011],[39.913528,21.401256],[39.913853,21.401385]]}",Admin,53e04c90-dfba-4e08-9332-7597ce1ed527,الراجحي,107,2026-05-12 14:01:06,2026-05-12 14:01:06
019e1c7d-c7f6-722e-bc54-2b5b3c6640ca,1,20:00,23:59,فترة اولى,15,3537,8b2033c0-197e-43d7-935a-c37e5ac86561,تروية,48a174b1-0445-44d5-8d15-f6b484620b5d,ترددي,2214b63a-70fc-4e0d-a01e-a4e7cf4e7673,مدخل الترددي 2 - منى,4a18e459-e525-43a3-9ef0-ab2b7d73a6ab,528,شارع 649,bus_warehouse,646b18f1-18fc-4ce2-b471-ce297eaaa9e4,ترددي 2,bus_warehouse,646b18f1-18fc-4ce2-b471-ce297eaaa9e4,ترددي 2,,,residence,شركة كنت المتحدة العقارية,camp,13/649,"{""type"":""LineString"",""coordinates"":[[39.837693,21.388001],[39.838289,21.388548],[39.838713,21.388839],[39.839206,21.389003],[39.840684,21.389415],[39.84201,21.389732],[39.842006,21.38938],[39.841376,21.38934],[39.840887,21.389276],[39.840297,21.389151],[39.839644,21.388892],[39.839062,21.388598],[39.838578,21.388249],[39.838146,21.387881],[39.83633,21.385921],[39.836246,21.385831],[39.835921,21.385484],[39.835491,21.385124],[39.835056,21.38482],[39.834469,21.384534],[39.833987,21.384377],[39.833228,21.384241],[39.832704,21.384236],[39.832242,21.38423],[39.831779,21.384271],[39.831043,21.384492],[39.830482,21.384678],[39.829193,21.385105],[39.828887,21.385206],[39.827984,21.385604],[39.827658,21.38558],[39.827451,21.385482],[39.827378,21.385342],[39.827357,21.385126],[39.827385,21.38498],[39.827396,21.384783],[39.827497,21.38467],[39.827708,21.384644],[39.828992,21.384535],[39.829244,21.384519],[39.829855,21.38437],[39.831122,21.383987],[39.831785,21.383827],[39.832342,21.383768],[39.832689,21.383765],[39.833425,21.383788],[39.834009,21.38386],[39.834378,21.383974],[39.834634,21.384054],[39.835276,21.384458],[39.835525,21.384616],[39.835729,21.384746],[39.835976,21.384932],[39.836262,21.385178],[39.838411,21.38745],[39.838733,21.387759],[39.839259,21.388169],[39.839699,21.388429],[39.840246,21.388658],[39.840634,21.388749],[39.841231,21.388838],[39.842264,21.388921],[39.843922,21.389083],[39.845957,21.389246],[39.846384,21.389345],[39.847035,21.389539],[39.847266,21.389645],[39.84768,21.389836],[39.848252,21.390213],[39.848953,21.390805],[39.849588,21.39154],[39.850018,21.392085],[39.850446,21.392585],[39.851391,21.393633],[39.851581,21.393812],[39.851774,21.393938],[39.852046,21.394056],[39.852337,21.394122],[39.85254,21.394143],[39.852726,21.394133],[39.852959,21.394071],[39.853614,21.393779],[39.85405,21.393471],[39.854566,21.393024],[39.855648,21.391708],[39.855996,21.391461],[39.856181,21.391287],[39.856525,21.391018],[39.85717,21.390408],[39.857709,21.389855],[39.858217,21.389318],[39.85912,21.388568],[39.862032,21.385524],[39.863018,21.384644],[39.863957,21.384037],[39.86448,21.383738],[39.865047,21.383474],[39.865891,21.383149],[39.866999,21.382837],[39.867992,21.382698],[39.868715,21.382637],[39.869226,21.382632],[39.870011,21.382663],[39.870534,21.38271],[39.871031,21.382805],[39.872226,21.383094],[39.872622,21.383189],[39.87341,21.383495],[39.874256,21.383747],[39.874375,21.383782],[39.875494,21.384124],[39.875621,21.384163],[39.877628,21.384792],[39.877799,21.384845],[39.881188,21.385907],[39.881609,21.386039],[39.883944,21.386745],[39.885585,21.38727],[39.886236,21.387469],[39.888263,21.388099],[39.889419,21.388485],[39.889529,21.388522],[39.890503,21.388827],[39.892548,21.38947],[39.892976,21.389646],[39.893288,21.389775],[39.893949,21.389932],[39.894388,21.390017],[39.894603,21.390012],[39.895011,21.390022],[39.896599,21.389807],[39.897783,21.38963],[39.898315,21.389587],[39.898723,21.389502],[39.898959,21.389404],[39.899363,21.389162],[39.899572,21.388916],[39.899647,21.388823],[39.899738,21.388711],[39.900204,21.388081],[39.90045,21.387688],[39.901347,21.386056],[39.901491,21.385591],[39.901518,21.385428],[39.901502,21.385248],[39.901443,21.385013],[39.901303,21.384842],[39.901105,21.384753],[39.900836,21.384717],[39.900558,21.384773],[39.900375,21.384898],[39.900247,21.385043],[39.900188,21.385198],[39.900166,21.385406],[39.900203,21.385591],[39.900341,21.385945],[39.902134,21.388293],[39.903467,21.39016],[39.904777,21.391926],[39.906077,21.393658],[39.908527,21.39692],[39.90976,21.398562],[39.910401,21.399415],[39.910873,21.399891],[39.911066,21.400051],[39.911393,21.400286],[39.91186,21.40052],[39.912342,21.400695],[39.913266,21.4011],[39.913528,21.401256],[39.913853,21.401385]]}",Admin,53e04c90-dfba-4e08-9332-7597ce1ed527,الراجحي,120,2026-05-12 14:01:05,2026-05-12 14:01:05
019e1c7d-c602-718b-885b-124384ccbed9,2,00:00,03:59,فترة ثانية,20,4799,8b2033c0-197e-43d7-935a-c37e5ac86561,تروية,9fc47c58-d9e9-45e0-9d66-6da9f5c4fc85,قطار,ede61c28-c746-4cfa-a67b-19eb13385d55,مدخل طريق سوق العرب - الدائري الرابع,7c9896d6-3f34-4c03-a059-35c3379d55ec,380,شارع 521,parking,4b152c54-b526-49fb-86d9-409334589cfb,الاسناد القطار,parking,4b152c54-b526-49fb-86d9-409334589cfb,الاسناد القطار,,,residence,شركة البرج العالمية لادارة الفنادق فندق ساعة مكة فيرمونت,camp,1/521,"{""type"":""LineString"",""coordinates"":[[39.825491,21.417547],[39.825184,21.417559],[39.824712,21.417677],[39.824252,21.417919],[39.823772,21.41833],[39.823528,21.418509],[39.823221,21.418639],[39.822601,21.418721],[39.820049,21.419168],[39.819719,21.419234],[39.819454,21.419286],[39.818712,21.419458],[39.818235,21.419644],[39.817971,21.419795],[39.817705,21.420003],[39.817512,21.420198],[39.8173,21.420479],[39.81702,21.421057],[39.816943,21.421348],[39.816883,21.421671],[39.816872,21.421817],[39.816848,21.422236],[39.816857,21.422544],[39.816918,21.422881],[39.817028,21.42323],[39.81718,21.423613],[39.817446,21.424194],[39.817768,21.424951],[39.818013,21.425398],[39.818773,21.426295],[39.819143,21.426635],[39.819449,21.426867],[39.819925,21.427143],[39.820211,21.427254],[39.820308,21.427292],[39.821109,21.427502],[39.821755,21.427626],[39.82194,21.427667],[39.823144,21.427898],[39.825377,21.428173],[39.826502,21.428168],[39.827094,21.428112],[39.827734,21.427987],[39.82828,21.427817],[39.828425,21.427758],[39.829059,21.427452],[39.829362,21.427269],[39.829849,21.426937],[39.830432,21.426457],[39.831018,21.425964],[39.831483,21.425463],[39.83168,21.425154],[39.831926,21.42471],[39.832105,21.424267],[39.832678,21.422668],[39.832908,21.422197],[39.832979,21.421954],[39.832995,21.421726],[39.832968,21.421278],[39.832927,21.421034],[39.83283,21.420727],[39.832731,21.420605],[39.832651,21.420538],[39.832563,21.420499],[39.832476,21.4205],[39.832374,21.420535],[39.832201,21.420861],[39.832172,21.420967],[39.832168,21.421079],[39.832183,21.421174],[39.832273,21.421282],[39.833266,21.422326],[39.83351,21.422555],[39.833692,21.42261],[39.833898,21.422641],[39.834238,21.422617],[39.834413,21.422597],[39.834643,21.422554],[39.842963,21.421445],[39.843901,21.421349],[39.844575,21.421303],[39.845233,21.42127],[39.846332,21.421259],[39.847368,21.421227],[39.847802,21.421211],[39.848334,21.421188],[39.849191,21.421167],[39.850454,21.421049],[39.851183,21.420947],[39.851521,21.420819],[39.851827,21.42067],[39.852143,21.420443],[39.852385,21.420171],[39.853182,21.4192],[39.853454,21.418683],[39.853662,21.418375],[39.854049,21.41786],[39.854388,21.417419],[39.854815,21.416871],[39.854832,21.41685],[39.855039,21.416754],[39.856199,21.415212],[39.856915,21.414028],[39.857548,21.412983],[39.859613,21.409567],[39.860347,21.408343],[39.861218,21.406891],[39.861848,21.405711],[39.862293,21.404805],[39.862648,21.403944],[39.863146,21.402736],[39.864457,21.399575],[39.864667,21.399101],[39.865353,21.397787],[39.865604,21.397353],[39.865839,21.397027],[39.866002,21.396835],[39.866639,21.39624],[39.867089,21.395886],[39.869109,21.394312],[39.87078,21.393016],[39.871413,21.392421],[39.871914,21.39181],[39.87245,21.39099],[39.872511,21.39085],[39.872815,21.390147],[39.873089,21.389359],[39.873632,21.387748],[39.873794,21.387223],[39.87407,21.386327],[39.874115,21.385744],[39.874141,21.385156],[39.874177,21.384349],[39.87425,21.384097],[39.874324,21.383912],[39.874375,21.383782],[39.875494,21.384124],[39.875621,21.384163],[39.877628,21.384792],[39.877799,21.384845],[39.881188,21.385907],[39.881609,21.386039],[39.883944,21.386745],[39.885585,21.38727],[39.886236,21.387469],[39.888263,21.388099],[39.889419,21.388485],[39.889529,21.388522],[39.890503,21.388827],[39.892548,21.38947],[39.892976,21.389646],[39.893288,21.389775],[39.893949,21.389932],[39.894388,21.390017],[39.894603,21.390012],[39.895011,21.390022],[39.896599,21.389807],[39.897783,21.38963],[39.898315,21.389587],[39.898723,21.389502],[39.898959,21.389404],[39.899363,21.389162],[39.899572,21.388916],[39.899647,21.388823],[39.899738,21.388711],[39.900204,21.388081],[39.90045,21.387688],[39.901347,21.386056],[39.901491,21.385591],[39.901518,21.385428],[39.901502,21.385248],[39.901443,21.385013],[39.901303,21.384842],[39.901105,21.384753],[39.900836,21.384717],[39.900558,21.384773],[39.900375,21.384898],[39.900247,21.385043],[39.900188,21.385198],[39.900166,21.385406],[39.900203,21.385591],[39.900341,21.385945],[39.902134,21.388293],[39.903467,21.39016],[39.904777,21.391926],[39.906077,21.393658],[39.908527,21.39692],[39.90976,21.398562],[39.910401,21.399415],[39.910873,21.399891],[39.911066,21.400051],[39.911393,21.400286],[39.91186,21.40052],[39.912342,21.400695],[39.913266,21.4011],[39.913528,21.401256],[39.913652,21.40133],[39.914215,21.401769],[39.914778,21.402318],[39.915143,21.402768],[39.915394,21.403191],[39.915556,21.403522],[39.915706,21.403927],[39.915776,21.404331],[39.915798,21.404596],[39.915776,21.404921],[39.915739,21.40512],[39.915605,21.405525],[39.915444,21.40578],[39.915294,21.405941],[39.91495,21.406279],[39.914693,21.406429],[39.914186,21.406633],[39.9135,21.406632],[39.913094,21.406579],[39.912692,21.406449],[39.91236,21.406242],[39.912191,21.406137],[39.911826,21.405797],[39.911656,21.40556],[39.91149,21.405255],[39.911392,21.404933],[39.911351,21.404636],[39.91134,21.404156],[39.911284,21.403673],[39.911302,21.403357],[39.911257,21.402681],[39.91114,21.402043],[39.910943,21.40119],[39.91068,21.400436],[39.910315,21.39978],[39.909522,21.398673],[39.909249,21.398437]]}",Admin,53e04c90-dfba-4e08-9332-7597ce1ed527,الراجحي,141,2026-05-12 14:01:05,2026-05-12 14:01:05
019e1c7d-b634-73ed-adf3-4b0a836185eb,2,00:00,03:59,فترة ثانية,15,2677,8b2033c0-197e-43d7-935a-c37e5ac86561,تروية,48a174b1-0445-44d5-8d15-f6b484620b5d,ترددي,4e968379-67ed-4221-903f-e7351145b578,مدخل الترددي 1 - منى,2a7de880-1c03-40b5-8e02-51f95cd482c8,594,شارع 421,bus_warehouse,78d92381-0800-44ed-ad7b-9ff92b62e4b6,ترددي 1,bus_warehouse,78d92381-0800-44ed-ad7b-9ff92b62e4b6,ترددي 1,,,residence,شركة برهان الهدى للايواء السياحي,camp,8/421,"{""type"":""LineString"",""coordinates"":[[39.848438,21.42268],[39.848429,21.42268],[39.848413,21.422232],[39.848432,21.422232],[39.849584,21.42224],[39.851821,21.422306],[39.853073,21.422363],[39.853911,21.422427],[39.855464,21.4227],[39.855572,21.421658],[39.855664,21.421465],[39.855726,21.421199],[39.855722,21.42109],[39.855666,21.420944],[39.855526,21.420785],[39.855253,21.42039],[39.854591,21.419346],[39.85444,21.419133],[39.85425,21.418837],[39.854149,21.418744],[39.85392,21.418589],[39.853838,21.41854],[39.853712,21.418472],[39.85381,21.418326],[39.854136,21.417924],[39.854526,21.41742],[39.855039,21.416754],[39.856199,21.415212],[39.856915,21.414028],[39.857548,21.412983],[39.859613,21.409567],[39.860347,21.408343],[39.861218,21.406891],[39.861848,21.405711],[39.862293,21.404805],[39.862648,21.403944],[39.863146,21.402736],[39.864457,21.399575],[39.864667,21.399101],[39.865353,21.397787],[39.865604,21.397353],[39.865839,21.397027],[39.866002,21.396835],[39.866639,21.39624],[39.867089,21.395886],[39.869109,21.394312],[39.87078,21.393016],[39.871413,21.392421],[39.871914,21.39181],[39.87245,21.39099],[39.872511,21.39085],[39.872815,21.390147],[39.873089,21.389359],[39.873632,21.387748],[39.873794,21.387223],[39.87407,21.386327],[39.874115,21.385744],[39.874141,21.385156],[39.874177,21.384349],[39.87425,21.384097],[39.874324,21.383912],[39.874375,21.383782],[39.875494,21.384124],[39.875621,21.384163],[39.877628,21.384792],[39.877799,21.384845],[39.881188,21.385907],[39.881609,21.386039],[39.883944,21.386745],[39.885585,21.38727],[39.886236,21.387469],[39.888263,21.388099],[39.889419,21.388485],[39.889529,21.388522],[39.890503,21.388827],[39.892548,21.38947],[39.892976,21.389646],[39.893288,21.389775],[39.893949,21.389932],[39.894388,21.390017],[39.894603,21.390012],[39.895011,21.390022],[39.896599,21.389807],[39.897783,21.38963],[39.898315,21.389587],[39.898723,21.389502],[39.898959,21.389404],[39.899363,21.389162],[39.899572,21.388916],[39.899647,21.388823],[39.899738,21.388711],[39.900204,21.388081],[39.90045,21.387688],[39.901347,21.386056],[39.901491,21.385591],[39.901518,21.385428],[39.901502,21.385248],[39.901443,21.385013],[39.901303,21.384842],[39.901105,21.384753],[39.900836,21.384717],[39.900558,21.384773],[39.900375,21.384898],[39.900247,21.385043],[39.900188,21.385198],[39.900166,21.385406],[39.900203,21.385591],[39.900341,21.385945],[39.902134,21.388293],[39.903467,21.39016],[39.904777,21.391926],[39.906077,21.393658],[39.908527,21.39692],[39.90976,21.398562],[39.910401,21.399415],[39.911031,21.400316],[39.911549,21.401261],[39.911872,21.402078],[39.912199,21.403295],[39.912263,21.404103],[39.912291,21.404463],[39.912243,21.40527],[39.912039,21.406224],[39.911342,21.40799],[39.91131,21.408071],[39.911269,21.408174],[39.910998,21.408861],[39.910953,21.408975]]}",Admin,7ef8e119-d4ed-42a5-9110-d77db1a7e856,ابراج شركة مكه,10,2026-05-12 14:01:01,2026-05-12 14:01:01
019e1c7d-b91c-7238-832c-871928b2f8fb,2,00:00,03:59,فترة ثانية,25,3489,8b2033c0-197e-43d7-935a-c37e5ac86561,تروية,9fc47c58-d9e9-45e0-9d66-6da9f5c4fc85,قطار,7e7e21be-788f-4408-bc11-279c05bf480a,مدخل انفاق الجمرات الجوهرة - شارح الحج,aa8cb475-68f4-4815-8735-5495d3580155,138,شارع 56,parking,4b152c54-b526-49fb-86d9-409334589cfb,الاسناد القطار,parking,4b152c54-b526-49fb-86d9-409334589cfb,الاسناد القطار,,,residence,شركة إنفيكتوس كونستراكشن,camp,25/56,"{""type"":""LineString"",""coordinates"":[[39.820137,21.435028],[39.819815,21.43524],[39.819218,21.435493],[39.818847,21.435578],[39.818562,21.435615],[39.818292,21.43563],[39.818307,21.435317],[39.8186,21.435303],[39.818895,21.435258],[39.81904,21.435208],[39.819532,21.435013],[39.819902,21.434806],[39.820131,21.434607],[39.820286,21.434421],[39.820338,21.434359],[39.820624,21.434102],[39.820933,21.433905],[39.821109,21.433744],[39.82204,21.432987],[39.822531,21.432619],[39.823084,21.432293],[39.823847,21.431891],[39.824194,21.431761],[39.824612,21.43165],[39.825042,21.431576],[39.825724,21.431535],[39.826204,21.431503],[39.826654,21.431502],[39.828038,21.431431],[39.828385,21.431389],[39.829491,21.431189],[39.829943,21.431064],[39.830761,21.430768],[39.831147,21.430473],[39.831442,21.43028],[39.832009,21.429897],[39.832606,21.42945],[39.832778,21.429315],[39.833046,21.429076],[39.833088,21.428984],[39.833126,21.428947],[39.833186,21.428915],[39.833254,21.428902],[39.833324,21.428909],[39.833387,21.428935],[39.833439,21.428979],[39.834276,21.429063],[39.839238,21.429498],[39.840112,21.429579],[39.842782,21.429811],[39.84341,21.42991],[39.843926,21.430004],[39.844347,21.430084],[39.845486,21.430359],[39.846236,21.430555],[39.847035,21.430847],[39.847521,21.431051],[39.848236,21.431382],[39.848826,21.431678],[39.849363,21.431853],[39.850032,21.431985],[39.850223,21.432009],[39.850786,21.43208],[39.851505,21.432194],[39.853807,21.432516],[39.854342,21.432602],[39.854528,21.432385],[39.854751,21.432015],[39.855032,21.431585],[39.855441,21.430914],[39.855464,21.430877],[39.855825,21.430302],[39.856465,21.429408],[39.857694,21.428018],[39.857803,21.427942],[39.858208,21.42766],[39.858477,21.42751],[39.858578,21.427456],[39.858688,21.427398],[39.859321,21.427186],[39.860025,21.426955],[39.860749,21.426769],[39.861713,21.426532],[39.862247,21.426366],[39.862485,21.426326],[39.862678,21.426294],[39.862756,21.426283]]}",Admin,91a7aeb8-caf0-42b0-b9b7-90982be51219,اثراء الخير,2,2026-05-12 14:01:01,2026-05-12 14:01:01
019e1c7d-b2b4-7203-9e80-bb54585dede9,1,20:00,23:59,فترة اولى,20,3300,8b2033c0-197e-43d7-935a-c37e5ac86561,تروية,9fc47c58-d9e9-45e0-9d66-6da9f5c4fc85,قطار,a1fa21f9-4549-4d73-8947-f888bd5d7586,مدخل طريق الملك عبد العزيز - دقم الوبر,161ffec1-39dd-4e79-983a-fe02254e28ac,424,شارع 44,parking,4b152c54-b526-49fb-86d9-409334589cfb,الاسناد القطار,parking,4b152c54-b526-49fb-86d9-409334589cfb,الاسناد القطار,,,residence,شركة البرج العالمية لادارة الفنادق فندق ساعة مكة فيرمونت,camp,10/44,"{""type"":""LineString"",""coordinates"":[[39.825491,21.417547],[39.825184,21.417559],[39.824712,21.417677],[39.824252,21.417919],[39.823772,21.41833],[39.823528,21.418509],[39.823221,21.418639],[39.822601,21.418721],[39.820049,21.419168],[39.819719,21.419234],[39.819454,21.419286],[39.818712,21.419458],[39.818235,21.419644],[39.817971,21.419795],[39.817705,21.420003],[39.817512,21.420198],[39.8173,21.420479],[39.81702,21.421057],[39.816943,21.421348],[39.816883,21.421671],[39.816872,21.421817],[39.816848,21.422236],[39.816857,21.422544],[39.816918,21.422881],[39.817028,21.42323],[39.81718,21.423613],[39.817446,21.424194],[39.817768,21.424951],[39.818013,21.425398],[39.818773,21.426295],[39.819143,21.426635],[39.819449,21.426867],[39.819925,21.427143],[39.820211,21.427254],[39.820308,21.427292],[39.821109,21.427502],[39.821755,21.427626],[39.82194,21.427667],[39.823144,21.427898],[39.825377,21.428173],[39.826502,21.428168],[39.827094,21.428112],[39.827734,21.427987],[39.82828,21.427817],[39.828425,21.427758],[39.829059,21.427452],[39.829362,21.427269],[39.829849,21.426937],[39.830432,21.426457],[39.831018,21.425964],[39.831483,21.425463],[39.83168,21.425154],[39.831926,21.42471],[39.832105,21.424267],[39.832678,21.422668],[39.832908,21.422197],[39.832979,21.421954],[39.832995,21.421726],[39.832968,21.421278],[39.832927,21.421034],[39.83283,21.420727],[39.832731,21.420605],[39.832651,21.420538],[39.832563,21.420499],[39.832476,21.4205],[39.832374,21.420535],[39.832201,21.420861],[39.832172,21.420967],[39.832168,21.421079],[39.832183,21.421174],[39.832273,21.421282],[39.833266,21.422326],[39.83351,21.422555],[39.833692,21.42261],[39.833898,21.422641],[39.834238,21.422617],[39.834413,21.422597],[39.834643,21.422554],[39.842963,21.421445],[39.843901,21.421349],[39.844575,21.421303],[39.845233,21.42127],[39.846332,21.421259],[39.847368,21.421227],[39.847802,21.421211],[39.848334,21.421188],[39.849191,21.421167],[39.850454,21.421049],[39.851183,21.420947],[39.851521,21.420819],[39.851827,21.42067],[39.852143,21.420443],[39.852385,21.420171],[39.853182,21.4192],[39.853454,21.418683],[39.853662,21.418375],[39.854049,21.41786],[39.854388,21.417419],[39.854815,21.416871],[39.854832,21.41685],[39.855039,21.416754],[39.856199,21.415212],[39.856915,21.414028],[39.857548,21.412983],[39.859613,21.409567],[39.860347,21.408343],[39.861218,21.406891],[39.861848,21.405711],[39.862293,21.404805],[39.862648,21.403944],[39.863146,21.402736],[39.864457,21.399575],[39.864667,21.399101],[39.865353,21.397787],[39.865604,21.397353],[39.865839,21.397027],[39.866002,21.396835],[39.866639,21.39624],[39.867089,21.395886],[39.869109,21.394312],[39.87078,21.393016],[39.871413,21.392421],[39.871914,21.39181],[39.87245,21.39099],[39.872511,21.39085],[39.872815,21.390147],[39.873089,21.389359],[39.873632,21.387748],[39.873794,21.387223],[39.87407,21.386327],[39.874115,21.385744],[39.874141,21.385156],[39.874177,21.384349],[39.87425,21.384097],[39.874324,21.383912],[39.874375,21.383782],[39.875494,21.384124],[39.875621,21.384163],[39.877628,21.384792],[39.877799,21.384845],[39.881188,21.385907],[39.881609,21.386039],[39.883944,21.386745],[39.885585,21.38727],[39.886236,21.387469],[39.888263,21.388099],[39.889419,21.388485],[39.889529,21.388522],[39.890503,21.388827],[39.892548,21.38947],[39.892976,21.389646],[39.893288,21.389775],[39.89364,21.389919]]}",Admin,7ef8e119-d4ed-42a5-9110-d77db1a7e856,ابراج شركة مكه,6,2026-05-12 14:01:00,2026-05-12 14:01:00
019e1c7d-b1a5-71f7-a6f6-d99d0ddee7e4,1,20:00,23:59,فترة اولى,25,5353,8b2033c0-197e-43d7-935a-c37e5ac86561,تروية,48a174b1-0445-44d5-8d15-f6b484620b5d,ترددي,2214b63a-70fc-4e0d-a01e-a4e7cf4e7673,مدخل الترددي 2 - منى,7f4e0a4a-e0d5-4156-a852-066971a98664,308,شارع 608,bus_warehouse,646b18f1-18fc-4ce2-b471-ce297eaaa9e4,ترددي 2,bus_warehouse,646b18f1-18fc-4ce2-b471-ce297eaaa9e4,ترددي 2,,,residence,شركة فندق ابراج الكسوة الفندقية,camp,1/608,"{""type"":""LineString"",""coordinates"":[[39.813252,21.429236],[39.813337,21.429237],[39.814102,21.429366],[39.814608,21.429377],[39.815364,21.429323],[39.815756,21.429319],[39.816731,21.429223],[39.817332,21.429189],[39.817543,21.429056],[39.817746,21.428918],[39.817901,21.428782],[39.81819,21.4284],[39.818399,21.427942],[39.818749,21.42726],[39.819285,21.426512],[39.819372,21.426378],[39.819606,21.426021],[39.819838,21.425482],[39.820027,21.424948],[39.820096,21.424676],[39.820093,21.424556],[39.820058,21.424428],[39.819915,21.424157],[39.819837,21.424095],[39.819732,21.424045],[39.81951,21.424005],[39.819349,21.424009],[39.818696,21.424095],[39.818506,21.424106],[39.818339,21.42409],[39.818091,21.424109],[39.816302,21.424249],[39.814901,21.424394],[39.814513,21.424411],[39.814207,21.424402],[39.814037,21.424379],[39.81389,21.424253],[39.81416,21.424288],[39.814583,21.424301],[39.8149,21.424294],[39.816324,21.424159],[39.817715,21.424025],[39.817839,21.424015],[39.818018,21.424003],[39.818758,21.423956],[39.819167,21.423893],[39.819468,21.423825],[39.819616,21.423779],[39.819737,21.423712],[39.82102,21.422308],[39.821255,21.422148],[39.821521,21.422043],[39.8218,21.42196],[39.822147,21.421864],[39.822382,21.421761],[39.822573,21.421647],[39.822791,21.421489],[39.823573,21.420862],[39.823754,21.420759],[39.824375,21.420476],[39.824726,21.420372],[39.825105,21.420284],[39.825955,21.420176],[39.826362,21.420149],[39.826554,21.420136],[39.826763,21.420141],[39.827464,21.420235],[39.828747,21.420466],[39.829051,21.420521],[39.829896,21.420637],[39.830672,21.420741],[39.830929,21.420773],[39.831535,21.420838],[39.83191,21.420945],[39.832039,21.421015],[39.832183,21.421174],[39.832273,21.421282],[39.833266,21.422326],[39.83351,21.422555],[39.833692,21.42261],[39.833898,21.422641],[39.834238,21.422617],[39.834413,21.422597],[39.834643,21.422554],[39.842963,21.421445],[39.843901,21.421349],[39.844575,21.421303],[39.845233,21.42127],[39.846332,21.421259],[39.847368,21.421227],[39.847802,21.421211],[39.848334,21.421188],[39.849191,21.421167],[39.850454,21.421049],[39.851183,21.420947],[39.851521,21.420819],[39.851827,21.42067],[39.852143,21.420443],[39.852385,21.420171],[39.853182,21.4192],[39.853454,21.418683],[39.853662,21.418375],[39.854049,21.41786],[39.854388,21.417419],[39.854815,21.416871],[39.854832,21.41685],[39.855039,21.416754],[39.856199,21.415212],[39.856915,21.414028],[39.857548,21.412983],[39.859613,21.409567],[39.860347,21.408343],[39.861218,21.406891],[39.861848,21.405711],[39.862293,21.404805],[39.862648,21.403944],[39.863146,21.402736],[39.864457,21.399575],[39.864667,21.399101],[39.865353,21.397787],[39.865604,21.397353],[39.865839,21.397027],[39.866002,21.396835],[39.866639,21.39624],[39.867089,21.395886],[39.869109,21.394312],[39.87078,21.393016],[39.871413,21.392421],[39.871914,21.39181],[39.87245,21.39099],[39.872511,21.39085],[39.872815,21.390147],[39.873089,21.389359],[39.873632,21.387748],[39.873794,21.387223],[39.87407,21.386327],[39.874115,21.385744],[39.874141,21.385156],[39.874177,21.384349],[39.87425,21.384097],[39.874324,21.383912],[39.874375,21.383782],[39.875494,21.384124],[39.875621,21.384163],[39.877628,21.384792],[39.877799,21.384845],[39.881188,21.385907],[39.881609,21.386039],[39.883944,21.386745],[39.885585,21.38727],[39.886236,21.387469],[39.888263,21.388099],[39.889419,21.388485],[39.889529,21.388522],[39.890503,21.388827],[39.892548,21.38947],[39.892976,21.389646],[39.893288,21.389775],[39.893949,21.389932],[39.894388,21.390017],[39.894603,21.390012],[39.895011,21.390022],[39.896599,21.389807],[39.897783,21.38963],[39.898315,21.389587],[39.898723,21.389502],[39.898959,21.389404],[39.899363,21.389162],[39.899572,21.388916],[39.899647,21.388823],[39.899738,21.388711],[39.900204,21.388081],[39.90045,21.387688],[39.901347,21.386056],[39.901491,21.385591],[39.901518,21.385428],[39.901502,21.385248],[39.901443,21.385013],[39.901303,21.384842],[39.901105,21.384753],[39.900836,21.384717],[39.900558,21.384773],[39.900375,21.384898],[39.900247,21.385043],[39.900188,21.385198],[39.900166,21.385406],[39.900203,21.385591],[39.900341,21.385945],[39.902134,21.388293],[39.903467,21.39016],[39.904777,21.391926],[39.906077,21.393658],[39.908527,21.39692],[39.90976,21.398562],[39.910401,21.399415],[39.910873,21.399891],[39.911066,21.400051],[39.911393,21.400286],[39.91186,21.40052],[39.912342,21.400695],[39.913266,21.4011],[39.913528,21.401256],[39.913853,21.401385]]}",Admin,7ef8e119-d4ed-42a5-9110-d77db1a7e856,ابراج شركة مكه,11,2026-05-12 14:01:00,2026-05-12 14:01:00
019e1c7d-b534-70a2-ae02-6c595831011a,2,00:00,03:59,فترة ثانية,15,3177,8b2033c0-197e-43d7-935a-c37e5ac86561,تروية,48a174b1-0445-44d5-8d15-f6b484620b5d,ترددي,4e968379-67ed-4221-903f-e7351145b578,مدخل الترددي 1 - منى,03d2e841-f7a9-478d-82bf-b96382c54f41,592,شارع 408,bus_warehouse,78d92381-0800-44ed-ad7b-9ff92b62e4b6,ترددي 1,bus_warehouse,78d92381-0800-44ed-ad7b-9ff92b62e4b6,ترددي 1,,,residence,شركة اصيل الهيبة لتشغيل الفنادق,camp,13/408,"{""type"":""LineString"",""coordinates"":[[39.827967,21.416659],[39.828007,21.41679],[39.828076,21.417017],[39.8285,21.416933],[39.828573,21.416917],[39.828798,21.416844],[39.829045,21.416713],[39.829337,21.416677],[39.829786,21.416694],[39.830732,21.416554],[39.831377,21.416384],[39.831718,21.416278],[39.832033,21.416152],[39.838227,21.412896],[39.838921,21.412402],[39.83955,21.411899],[39.840154,21.41138],[39.841104,21.4104],[39.841448,21.41001],[39.842328,21.408941],[39.842812,21.408322],[39.84304,21.40803],[39.846588,21.403952],[39.84699,21.403319],[39.847287,21.402708],[39.847522,21.401979],[39.847675,21.400866],[39.847757,21.400379],[39.847936,21.398697],[39.848087,21.398091],[39.848194,21.397813],[39.848526,21.397184],[39.848715,21.396921],[39.848992,21.396578],[39.849437,21.396111],[39.849685,21.395914],[39.849987,21.395705],[39.850241,21.39555],[39.850696,21.395318],[39.851103,21.395121],[39.852866,21.39428],[39.85336,21.394031],[39.853855,21.39375],[39.854267,21.393467],[39.85464,21.393184],[39.854897,21.39296],[39.855798,21.391964],[39.856536,21.391178],[39.85912,21.388568],[39.862032,21.385524],[39.863018,21.384644],[39.863957,21.384037],[39.86448,21.383738],[39.865047,21.383474],[39.865891,21.383149],[39.866999,21.382837],[39.867992,21.382698],[39.868715,21.382637],[39.869226,21.382632],[39.870011,21.382663],[39.870534,21.38271],[39.871031,21.382805],[39.872226,21.383094],[39.872622,21.383189],[39.87341,21.383495],[39.874256,21.383747],[39.874375,21.383782],[39.875494,21.384124],[39.875621,21.384163],[39.877628,21.384792],[39.877799,21.384845],[39.881188,21.385907],[39.881609,21.386039],[39.883944,21.386745],[39.885585,21.38727],[39.886236,21.387469],[39.888263,21.388099],[39.889419,21.388485],[39.889529,21.388522],[39.890503,21.388827],[39.892548,21.38947],[39.892976,21.389646],[39.893288,21.389775],[39.893949,21.389932],[39.894388,21.390017],[39.894603,21.390012],[39.895011,21.390022],[39.896599,21.389807],[39.897783,21.38963],[39.898315,21.389587],[39.898723,21.389502],[39.898959,21.389404],[39.899363,21.389162],[39.899572,21.388916],[39.899647,21.388823],[39.899738,21.388711],[39.900204,21.388081],[39.90045,21.387688],[39.901347,21.386056],[39.901491,21.385591],[39.901518,21.385428],[39.901502,21.385248],[39.901443,21.385013],[39.901303,21.384842],[39.901105,21.384753],[39.900836,21.384717],[39.900558,21.384773],[39.900375,21.384898],[39.900247,21.385043],[39.900188,21.385198],[39.900166,21.385406],[39.900203,21.385591],[39.900341,21.385945],[39.902134,21.388293],[39.903467,21.39016],[39.904777,21.391926],[39.906077,21.393658],[39.908527,21.39692],[39.90976,21.398562],[39.910401,21.399415],[39.911031,21.400316],[39.911549,21.401261],[39.911872,21.402078],[39.912199,21.403295],[39.912263,21.404103],[39.912291,21.404463],[39.912243,21.40527],[39.912039,21.406224],[39.911342,21.40799],[39.91131,21.408071],[39.911269,21.408174],[39.910998,21.408861],[39.910953,21.408975]]}",Admin,7ef8e119-d4ed-42a5-9110-d77db1a7e856,ابراج شركة مكه,9,2026-05-12 14:01:00,2026-05-12 14:01:00
019e1c7d-ae3a-714e-86bd-f17ca30672fb,2,00:00,03:59,فترة ثانية,20,3114,8b2033c0-197e-43d7-935a-c37e5ac86561,تروية,9fc47c58-d9e9-45e0-9d66-6da9f5c4fc85,قطار,a1fa21f9-4549-4d73-8947-f888bd5d7586,مدخل طريق الملك عبد العزيز - دقم الوبر,b8fcd537-4a79-4a6e-860e-89f9cb003584,550,شارع 44,parking,4b152c54-b526-49fb-86d9-409334589cfb,الاسناد القطار,parking,4b152c54-b526-49fb-86d9-409334589cfb,الاسناد القطار,,,residence,شركة فيلفيت إن,camp,14/44,"{""type"":""LineString"",""coordinates"":[[39.88226,21.392918],[39.882396,21.393125],[39.882444,21.393197],[39.882514,21.393265],[39.882609,21.393289],[39.882868,21.393262],[39.882823,21.392781],[39.882777,21.391996],[39.882831,21.391233],[39.882842,21.391173],[39.882932,21.390687],[39.883005,21.390295],[39.883139,21.389695],[39.883341,21.388771],[39.883504,21.387608],[39.883559,21.387354],[39.883847,21.386888],[39.883944,21.386745],[39.885585,21.38727],[39.886236,21.387469],[39.888263,21.388099],[39.889419,21.388485],[39.889529,21.388522],[39.890503,21.388827],[39.892548,21.38947],[39.892976,21.389646],[39.893288,21.389775],[39.89364,21.389919]]}",Admin,7ef8e119-d4ed-42a5-9110-d77db1a7e856,ابراج شركة مكه,15,2026-05-12 14:00:59,2026-05-12 14:00:59
019e1c7d-af93-724e-bc98-f60955cfd75e,1,20:00,23:59,فترة اولى,10,717,8b2033c0-197e-43d7-935a-c37e5ac86561,تروية,48a174b1-0445-44d5-8d15-f6b484620b5d,ترددي,c8fab1e4-386b-41c7-8e60-d7588f96ccde,مدخل الترددي 3 - منى,2a0c7b85-af4c-40b3-ac60-9f42b6491ba0,524,شارع 563,bus_warehouse,3066fa1f-05fa-40a1-9bd2-b134cd6c9234,ترددي 3,bus_warehouse,3066fa1f-05fa-40a1-9bd2-b134cd6c9234,ترددي 3,,,residence,شركة برج هاجر العقارية المحدودة,camp,5/563,"{""type"":""LineString"",""coordinates"":[[39.826841,21.417817],[39.826763,21.417768],[39.826241,21.417593],[39.825747,21.417536],[39.825184,21.417559],[39.824712,21.417677],[39.824252,21.417919],[39.823772,21.41833],[39.823528,21.418509],[39.823221,21.418639],[39.822601,21.418721],[39.820049,21.419168],[39.819719,21.419234],[39.819454,21.419286],[39.818712,21.419458],[39.818235,21.419644],[39.817971,21.419795],[39.817705,21.420003],[39.817512,21.420198],[39.8173,21.420479],[39.81702,21.421057],[39.816943,21.421348],[39.816883,21.421671],[39.816872,21.421817],[39.816848,21.422236],[39.816857,21.422544],[39.816918,21.422881],[39.817028,21.42323],[39.81718,21.423613],[39.817446,21.424194],[39.817768,21.424951],[39.818013,21.425398],[39.818773,21.426295],[39.819143,21.426635],[39.819449,21.426867],[39.819925,21.427143],[39.820211,21.427254],[39.820308,21.427292],[39.821109,21.427502],[39.821755,21.427626],[39.82194,21.427667],[39.823144,21.427898],[39.825377,21.428173],[39.826502,21.428168],[39.827094,21.428112],[39.827734,21.427987],[39.82828,21.427817],[39.828425,21.427758],[39.829059,21.427452],[39.829362,21.427269],[39.829849,21.426937],[39.830432,21.426457],[39.831018,21.425964],[39.831483,21.425463],[39.83168,21.425154],[39.831926,21.42471],[39.832105,21.424267],[39.832678,21.422668],[39.832908,21.422197],[39.832979,21.421954],[39.832995,21.421726],[39.832968,21.421278],[39.832927,21.421034],[39.83283,21.420727],[39.832731,21.420605],[39.832651,21.420538],[39.832563,21.420499],[39.832476,21.4205],[39.832374,21.420535],[39.832201,21.420861],[39.832172,21.420967],[39.832168,21.421079],[39.832183,21.421174],[39.832273,21.421282],[39.833266,21.422326],[39.83351,21.422555],[39.833692,21.42261],[39.833898,21.422641],[39.834238,21.422617],[39.834413,21.422597],[39.834643,21.422554],[39.842963,21.421445],[39.843901,21.421349],[39.844575,21.421303],[39.845233,21.42127],[39.846332,21.421259],[39.847368,21.421227],[39.847802,21.421211],[39.848334,21.421188],[39.849191,21.421167],[39.850454,21.421049],[39.851183,21.420947],[39.851521,21.420819],[39.851827,21.42067],[39.852143,21.420443],[39.852385,21.420171],[39.853182,21.4192],[39.853454,21.418683],[39.853662,21.418375],[39.854049,21.41786],[39.854388,21.417419],[39.854815,21.416871],[39.854832,21.41685],[39.855039,21.416754],[39.856199,21.415212],[39.856915,21.414028],[39.857548,21.412983],[39.859613,21.409567],[39.860347,21.408343],[39.861218,21.406891],[39.861848,21.405711],[39.862293,21.404805],[39.862648,21.403944],[39.863146,21.402736],[39.864457,21.399575],[39.864667,21.399101],[39.865353,21.397787],[39.865604,21.397353],[39.865839,21.397027],[39.866002,21.396835],[39.866639,21.39624],[39.867089,21.395886],[39.869109,21.394312],[39.87078,21.393016],[39.871413,21.392421],[39.871914,21.39181],[39.87245,21.39099],[39.872511,21.39085],[39.872815,21.390147],[39.873089,21.389359],[39.873632,21.387748],[39.873794,21.387223],[39.87407,21.386327],[39.874115,21.385744],[39.874141,21.385156],[39.874177,21.384349],[39.87425,21.384097],[39.874324,21.383912],[39.874375,21.383782],[39.875494,21.384124],[39.875621,21.384163],[39.877628,21.384792],[39.877799,21.384845],[39.881188,21.385907],[39.881609,21.386039],[39.883944,21.386745],[39.885585,21.38727],[39.886236,21.387469],[39.888263,21.388099],[39.889419,21.388485],[39.889529,21.388522],[39.890503,21.388827],[39.892548,21.38947],[39.892976,21.389646],[39.893288,21.389775],[39.893949,21.389932],[39.894388,21.390017],[39.894603,21.390012],[39.895011,21.390022],[39.896599,21.389807],[39.897783,21.38963],[39.898315,21.389587],[39.898723,21.389502],[39.898959,21.389404],[39.899363,21.389162],[39.899572,21.388916],[39.899647,21.388823],[39.899738,21.388711],[39.900204,21.388081],[39.90045,21.387688],[39.901347,21.386056],[39.901491,21.385591],[39.901518,21.385428],[39.901502,21.385248],[39.901443,21.385013],[39.901303,21.384842],[39.901105,21.384753],[39.900836,21.384717],[39.900558,21.384773],[39.900375,21.384898],[39.900247,21.385043],[39.900188,21.385198],[39.900166,21.385406],[39.900203,21.385591],[39.900341,21.385945],[39.902134,21.388293],[39.903467,21.39016],[39.904777,21.391926],[39.906077,21.393658],[39.908527,21.39692],[39.90976,21.398562],[39.910401,21.399415],[39.910873,21.399891],[39.911066,21.400051],[39.911393,21.400286],[39.91186,21.40052],[39.912342,21.400695],[39.913266,21.4011],[39.913528,21.401256],[39.913853,21.401385]]}",Admin,7ef8e119-d4ed-42a5-9110-d77db1a7e856,ابراج شركة مكه,1,2026-05-12 14:00:59,2026-05-12 14:00:59
